scenario,family,policy,seed,repeat,execution_position,initial_n,elapsed_seconds,completed,timed_out,panicked,error,batch_calls,gillespie_calls,mode_switches
dimerization_r05,dimerization,timing,1601,0,0,6294230,0.200662,True,False,False,,4200,1578,7
dimerization_r05,dimerization,timing_ovr1,1601,0,1,6294230,0.1825921,True,False,False,,403,2111,5
dimerization_r05,dimerization,timing_ovr2,1601,0,2,6294230,0.2036974,True,False,False,,6321,1199,10
dimerization_r05,dimerization,timing_ovr1_eager,1601,0,3,6294230,0.1752714,True,False,False,,902,2046,25
dimerization_r05,dimerization,T=100,1601,0,4,6294230,0.2521002,True,False,False,,14355,0,0
dimerization_r05,dimerization,T=250,1601,0,5,6294230,0.1657708,True,False,False,,14355,0,0
dimerization_r05,dimerization,T=400,1601,0,6,6294230,0.1925015,True,False,False,,1,2172,1
dimerization_r05,dimerization,cost_model_cold,1601,0,7,6294230,0.2211497,True,False,False,,14355,0,0
dimerization_r05,dimerization,cost_model_warm,1601,0,8,6294230,0.1729471,True,False,False,,1,2172,1
dimerization_r05,dimerization,timing_ovr1,1601,1,0,6294230,0.1543616,True,False,False,,280,2133,7
dimerization_r05,dimerization,timing_ovr2,1601,1,1,6294230,0.1639508,True,False,False,,2799,1783,7
dimerization_r05,dimerization,timing_ovr1_eager,1601,1,2,6294230,0.160122,True,False,False,,165,2149,15
dimerization_r05,dimerization,T=100,1601,1,3,6294230,0.2011974,True,False,False,,14355,0,0
dimerization_r05,dimerization,T=250,1601,1,4,6294230,0.1796931,True,False,False,,14355,0,0
dimerization_r05,dimerization,T=400,1601,1,5,6294230,0.1952923,True,False,False,,1,2172,1
dimerization_r05,dimerization,cost_model_cold,1601,1,6,6294230,0.2849069,True,False,False,,14355,0,0
dimerization_r05,dimerization,cost_model_warm,1601,1,7,6294230,0.2212169,True,False,False,,1,2172,1
dimerization_r05,dimerization,timing,1601,1,8,6294230,0.2086859,True,False,False,,12741,223,7
dimerization_r05,dimerization,timing_ovr2,1602,0,0,6294230,0.1918259,True,False,False,,4892,1489,3
dimerization_r05,dimerization,timing_ovr1_eager,1602,0,1,6294230,0.1957203,True,False,False,,572,2082,17
dimerization_r05,dimerization,T=100,1602,0,2,6294230,0.2565175,True,False,False,,14377,0,0
dimerization_r05,dimerization,T=250,1602,0,3,6294230,0.2615752,True,False,False,,14377,0,0
dimerization_r05,dimerization,T=400,1602,0,4,6294230,0.2117365,True,False,False,,1,2172,1
dimerization_r05,dimerization,cost_model_cold,1602,0,5,6294230,0.2352356,True,False,False,,14377,0,0
dimerization_r05,dimerization,cost_model_warm,1602,0,6,6294230,0.2097973,True,False,False,,1,2172,1
dimerization_r05,dimerization,timing,1602,0,7,6294230,0.2180116,True,False,False,,3871,1641,3
dimerization_r05,dimerization,timing_ovr1,1602,0,8,6294230,0.2311101,True,False,False,,258,2136,3
dimerization_r05,dimerization,timing_ovr1_eager,1602,1,0,6294230,0.2183451,True,False,False,,596,2087,23
dimerization_r05,dimerization,T=100,1602,1,1,6294230,0.2526177,True,False,False,,14377,0,0
dimerization_r05,dimerization,T=250,1602,1,2,6294230,0.2263824,True,False,False,,14377,0,0
dimerization_r05,dimerization,T=400,1602,1,3,6294230,0.1737014,True,False,False,,1,2172,1
dimerization_r05,dimerization,cost_model_cold,1602,1,4,6294230,0.2948359,True,False,False,,14377,0,0
dimerization_r05,dimerization,cost_model_warm,1602,1,5,6294230,0.2234482,True,False,False,,1,2172,1
dimerization_r05,dimerization,timing,1602,1,6,6294230,0.2705932,True,False,False,,1126,2019,3
dimerization_r05,dimerization,timing_ovr1,1602,1,7,6294230,0.1888254,True,False,False,,11232,446,6
dimerization_r05,dimerization,timing_ovr2,1602,1,8,6294230,0.2011919,True,False,False,,1158,2015,3
dimerization_r05,dimerization,T=100,1603,0,0,6294230,0.3116488,True,False,False,,14344,0,0
dimerization_r05,dimerization,T=250,1603,0,1,6294230,0.2638391,True,False,False,,14344,0,0
dimerization_r05,dimerization,T=400,1603,0,2,6294230,0.2270517,True,False,False,,1,2172,1
dimerization_r05,dimerization,cost_model_cold,1603,0,3,6294230,0.284966,True,False,False,,14344,0,0
dimerization_r05,dimerization,cost_model_warm,1603,0,4,6294230,0.2605917,True,False,False,,1,2172,1
dimerization_r05,dimerization,timing,1603,0,5,6294230,0.2268434,True,False,False,,4149,1591,3
dimerization_r05,dimerization,timing_ovr1,1603,0,6,6294230,0.1870788,True,False,False,,265,2135,3
dimerization_r05,dimerization,timing_ovr2,1603,0,7,6294230,0.1889404,True,False,False,,3430,1675,6
dimerization_r05,dimerization,timing_ovr1_eager,1603,0,8,6294230,0.2289916,True,False,False,,530,2087,21
dimerization_r05,dimerization,T=250,1603,1,0,6294230,0.2043037,True,False,False,,14344,0,0
dimerization_r05,dimerization,T=400,1603,1,1,6294230,0.2238404,True,False,False,,1,2172,1
dimerization_r05,dimerization,cost_model_cold,1603,1,2,6294230,0.250186,True,False,False,,14344,0,0
dimerization_r05,dimerization,cost_model_warm,1603,1,3,6294230,0.182952,True,False,False,,1,2172,1
dimerization_r05,dimerization,timing,1603,1,4,6294230,0.2422324,True,False,False,,7070,1132,5
dimerization_r05,dimerization,timing_ovr1,1603,1,5,6294230,0.2242323,True,False,False,,280,2133,3
dimerization_r05,dimerization,timing_ovr2,1603,1,6,6294230,0.1840385,True,False,False,,460,2108,3
dimerization_r05,dimerization,timing_ovr1_eager,1603,1,7,6294230,0.1882534,True,False,False,,93,2160,15
dimerization_r05,dimerization,T=100,1603,1,8,6294230,0.2506841,True,False,False,,14344,0,0
dimerization_r05,dimerization,T=400,1604,0,0,6294230,0.1828692,True,False,False,,1,2172,1
dimerization_r05,dimerization,cost_model_cold,1604,0,1,6294230,0.2296091,True,False,False,,14230,0,0
dimerization_r05,dimerization,cost_model_warm,1604,0,2,6294230,0.1851084,True,False,False,,1,2172,1
dimerization_r05,dimerization,timing,1604,0,3,6294230,0.2177252,True,False,False,,13619,100,7
dimerization_r05,dimerization,timing_ovr1,1604,0,4,6294230,0.1820571,True,False,False,,260,2137,5
dimerization_r05,dimerization,timing_ovr2,1604,0,5,6294230,0.2332234,True,False,False,,1057,2028,3
dimerization_r05,dimerization,timing_ovr1_eager,1604,0,6,6294230,0.2176671,True,False,False,,115,2157,17
dimerization_r05,dimerization,T=100,1604,0,7,6294230,0.2389074,True,False,False,,14230,0,0
dimerization_r05,dimerization,T=250,1604,0,8,6294230,0.2708629,True,False,False,,14230,0,0
dimerization_r05,dimerization,cost_model_cold,1604,1,0,6294230,0.2791072,True,False,False,,14230,0,0
dimerization_r05,dimerization,cost_model_warm,1604,1,1,6294230,0.1904987,True,False,False,,1,2172,1
dimerization_r05,dimerization,timing,1604,1,2,6294230,0.2178154,True,False,False,,301,2132,3
dimerization_r05,dimerization,timing_ovr1,1604,1,3,6294230,0.2153604,True,False,False,,295,2131,9
dimerization_r05,dimerization,timing_ovr2,1604,1,4,6294230,0.2038544,True,False,False,,6721,1155,13
dimerization_r05,dimerization,timing_ovr1_eager,1604,1,5,6294230,0.2063398,True,False,False,,97,2159,13
dimerization_r05,dimerization,T=100,1604,1,6,6294230,0.2946813,True,False,False,,14230,0,0
dimerization_r05,dimerization,T=250,1604,1,7,6294230,0.2872968,True,False,False,,14230,0,0
dimerization_r05,dimerization,T=400,1604,1,8,6294230,0.1671771,True,False,False,,1,2172,1
dimerization_r05,dimerization,cost_model_warm,1605,0,0,6294230,0.2427563,True,False,False,,1,2172,1
dimerization_r05,dimerization,timing,1605,0,1,6294230,0.2499996,True,False,False,,14311,4,4
dimerization_r05,dimerization,timing_ovr1,1605,0,2,6294230,0.1739603,True,False,False,,809,2062,9
dimerization_r05,dimerization,timing_ovr2,1605,0,3,6294230,0.1540189,True,False,False,,865,2054,3
dimerization_r05,dimerization,timing_ovr1_eager,1605,0,4,6294230,0.1873929,True,False,False,,1710,1910,25
dimerization_r05,dimerization,T=100,1605,0,5,6294230,0.2915913,True,False,False,,14342,0,0
dimerization_r05,dimerization,T=250,1605,0,6,6294230,0.2726749,True,False,False,,14342,0,0
dimerization_r05,dimerization,T=400,1605,0,7,6294230,0.216751,True,False,False,,1,2172,1
dimerization_r05,dimerization,cost_model_cold,1605,0,8,6294230,0.2799812,True,False,False,,14342,0,0
dimerization_r05,dimerization,timing,1605,1,0,6294230,0.1867673,True,False,False,,2155,1876,3
dimerization_r05,dimerization,timing_ovr1,1605,1,1,6294230,0.2176162,True,False,False,,268,2134,7
dimerization_r05,dimerization,timing_ovr2,1605,1,2,6294230,0.2264215,True,False,False,,657,2082,3
dimerization_r05,dimerization,timing_ovr1_eager,1605,1,3,6294230,0.2153803,True,False,False,,622,2080,23
dimerization_r05,dimerization,T=100,1605,1,4,6294230,0.2497473,True,False,False,,14342,0,0
dimerization_r05,dimerization,T=250,1605,1,5,6294230,0.2388032,True,False,False,,14342,0,0
dimerization_r05,dimerization,T=400,1605,1,6,6294230,0.1903926,True,False,False,,1,2172,1
dimerization_r05,dimerization,cost_model_cold,1605,1,7,6294230,0.2438761,True,False,False,,14342,0,0
dimerization_r05,dimerization,cost_model_warm,1605,1,8,6294230,0.1915153,True,False,False,,1,2172,1
dimerization_r05,dimerization,timing_ovr1,1606,0,0,6294230,0.2165363,True,False,False,,275,2135,3
dimerization_r05,dimerization,timing_ovr2,1606,0,1,6294230,0.1903388,True,False,False,,780,2067,7
dimerization_r05,dimerization,timing_ovr1_eager,1606,0,2,6294230,0.1911987,True,False,False,,171,2147,33
dimerization_r05,dimerization,T=100,1606,0,3,6294230,0.2819155,True,False,False,,14378,0,0
dimerization_r05,dimerization,T=250,1606,0,4,6294230,0.2685952,True,False,False,,14378,0,0
dimerization_r05,dimerization,T=400,1606,0,5,6294230,0.1846744,True,False,False,,1,2172,1
dimerization_r05,dimerization,cost_model_cold,1606,0,6,6294230,0.18121,True,False,False,,14378,0,0
dimerization_r05,dimerization,cost_model_warm,1606,0,7,6294230,0.2148489,True,False,False,,1,2172,1
dimerization_r05,dimerization,timing,1606,0,8,6294230,0.1981612,True,False,False,,7128,1141,3
dimerization_r05,dimerization,timing_ovr2,1606,1,0,6294230,0.215598,True,False,False,,997,2028,5
dimerization_r05,dimerization,timing_ovr1_eager,1606,1,1,6294230,0.2237368,True,False,False,,183,2146,15
dimerization_r05,dimerization,T=100,1606,1,2,6294230,0.2223635,True,False,False,,14378,0,0
dimerization_r05,dimerization,T=250,1606,1,3,6294230,0.2798728,True,False,False,,14378,0,0
dimerization_r05,dimerization,T=400,1606,1,4,6294230,0.1972552,True,False,False,,1,2172,1
dimerization_r05,dimerization,cost_model_cold,1606,1,5,6294230,0.2134296,True,False,False,,14378,0,0
dimerization_r05,dimerization,cost_model_warm,1606,1,6,6294230,0.1498909,True,False,False,,1,2172,1
dimerization_r05,dimerization,timing,1606,1,7,6294230,0.2418253,True,False,False,,3481,1687,5
dimerization_r05,dimerization,timing_ovr1,1606,1,8,6294230,0.2360748,True,False,False,,588,2092,5
dimerization_r05,dimerization,timing_ovr1_eager,1607,0,0,6294230,0.2625853,True,False,False,,90,2160,15
dimerization_r05,dimerization,T=100,1607,0,1,6294230,0.2763862,True,False,False,,14304,0,0
dimerization_r05,dimerization,T=250,1607,0,2,6294230,0.2303627,True,False,False,,14304,0,0
dimerization_r05,dimerization,T=400,1607,0,3,6294230,0.2008181,True,False,False,,1,2172,1
dimerization_r05,dimerization,cost_model_cold,1607,0,4,6294230,0.1989053,True,False,False,,14304,0,0
dimerization_r05,dimerization,cost_model_warm,1607,0,5,6294230,0.1945831,True,False,False,,1,2172,1
dimerization_r05,dimerization,timing,1607,0,6,6294230,0.2130217,True,False,False,,856,2051,3
dimerization_r05,dimerization,timing_ovr1,1607,0,7,6294230,0.2619058,True,False,False,,542,2089,5
dimerization_r05,dimerization,timing_ovr2,1607,0,8,6294230,0.2032595,True,False,False,,708,2071,3
dimerization_r05,dimerization,T=100,1607,1,0,6294230,0.3103989,True,False,False,,14304,0,0
dimerization_r05,dimerization,T=250,1607,1,1,6294230,0.2515493,True,False,False,,14304,0,0
dimerization_r05,dimerization,T=400,1607,1,2,6294230,0.2029172,True,False,False,,1,2172,1
dimerization_r05,dimerization,cost_model_cold,1607,1,3,6294230,0.291696,True,False,False,,14304,0,0
dimerization_r05,dimerization,cost_model_warm,1607,1,4,6294230,0.2232314,True,False,False,,1,2172,1
dimerization_r05,dimerization,timing,1607,1,5,6294230,0.2813677,True,False,False,,9883,698,5
dimerization_r05,dimerization,timing_ovr1,1607,1,6,6294230,0.1878191,True,False,False,,263,2134,5
dimerization_r05,dimerization,timing_ovr2,1607,1,7,6294230,0.1880648,True,False,False,,5427,1358,5
dimerization_r05,dimerization,timing_ovr1_eager,1607,1,8,6294230,0.1980047,True,False,False,,1501,1963,27
dimerization_r05,dimerization,T=250,1608,0,0,6294230,0.2577982,True,False,False,,14443,0,0
dimerization_r05,dimerization,T=400,1608,0,1,6294230,0.2549442,True,False,False,,1,2172,1
dimerization_r05,dimerization,cost_model_cold,1608,0,2,6294230,0.2845781,True,False,False,,14443,0,0
dimerization_r05,dimerization,cost_model_warm,1608,0,3,6294230,0.2414951,True,False,False,,1,2172,1
dimerization_r05,dimerization,timing,1608,0,4,6294230,0.2257966,True,False,False,,1203,2007,3
dimerization_r05,dimerization,timing_ovr1,1608,0,5,6294230,0.218891,True,False,False,,277,2134,3
dimerization_r05,dimerization,timing_ovr2,1608,0,6,6294230,0.2045061,True,False,False,,3012,1752,7
dimerization_r05,dimerization,timing_ovr1_eager,1608,0,7,6294230,0.2371185,True,False,False,,130,2153,21
dimerization_r05,dimerization,T=100,1608,0,8,6294230,0.3267196,True,False,False,,14443,0,0
dimerization_r05,dimerization,T=400,1608,1,0,6294230,0.2329266,True,False,False,,1,2172,1
dimerization_r05,dimerization,cost_model_cold,1608,1,1,6294230,0.2373226,True,False,False,,14443,0,0
dimerization_r05,dimerization,cost_model_warm,1608,1,2,6294230,0.2412876,True,False,False,,1,2172,1
dimerization_r05,dimerization,timing,1608,1,3,6294230,0.1790836,True,False,False,,411,2116,3
dimerization_r05,dimerization,timing_ovr1,1608,1,4,6294230,0.1747653,True,False,False,,999,2025,5
dimerization_r05,dimerization,timing_ovr2,1608,1,5,6294230,0.181823,True,False,False,,523,2101,3
dimerization_r05,dimerization,timing_ovr1_eager,1608,1,6,6294230,0.2118559,True,False,False,,1339,1958,30
dimerization_r05,dimerization,T=100,1608,1,7,6294230,0.3100609,True,False,False,,14443,0,0
dimerization_r05,dimerization,T=250,1608,1,8,6294230,0.2675816,True,False,False,,14443,0,0
dimerization_r1,dimerization,cost_model_cold,1601,0,0,25176923,0.4573928,True,False,False,,28586,0,0
dimerization_r1,dimerization,cost_model_warm,1601,0,1,25176923,0.5881876,True,False,False,,28586,0,0
dimerization_r1,dimerization,timing,1601,0,2,25176923,0.5147881,True,False,False,,28565,8,8
dimerization_r1,dimerization,timing_ovr1,1601,0,3,25176923,0.7872412,True,False,False,,357,4293,7
dimerization_r1,dimerization,timing_ovr2,1601,0,4,25176923,0.8235668,True,False,False,,331,4296,3
dimerization_r1,dimerization,timing_ovr1_eager,1601,0,5,25176923,0.7134783,True,False,False,,786,4231,25
dimerization_r1,dimerization,T=100,1601,0,6,25176923,0.5329658,True,False,False,,28586,0,0
dimerization_r1,dimerization,T=250,1601,0,7,25176923,0.5283871,True,False,False,,28586,0,0
dimerization_r1,dimerization,T=400,1601,0,8,25176923,0.6232436,True,False,False,,28586,0,0
dimerization_r1,dimerization,cost_model_warm,1601,1,0,25176923,0.5145347,True,False,False,,28586,0,0
dimerization_r1,dimerization,timing,1601,1,1,25176923,0.4968492,True,False,False,,20480,1165,12
dimerization_r1,dimerization,timing_ovr1,1601,1,2,25176923,0.9155356,True,False,False,,404,4287,7
dimerization_r1,dimerization,timing_ovr2,1601,1,3,25176923,0.865615,True,False,False,,1276,4169,5
dimerization_r1,dimerization,timing_ovr1_eager,1601,1,4,25176923,0.8374174,True,False,False,,1573,4108,35
dimerization_r1,dimerization,T=100,1601,1,5,25176923,0.56882,True,False,False,,28586,0,0
dimerization_r1,dimerization,T=250,1601,1,6,25176923,0.5503067,True,False,False,,28586,0,0
dimerization_r1,dimerization,T=400,1601,1,7,25176923,0.5897539,True,False,False,,28586,0,0
dimerization_r1,dimerization,cost_model_cold,1601,1,8,25176923,0.5570025,True,False,False,,28586,0,0
dimerization_r1,dimerization,timing,1602,0,0,25176923,0.4957671,True,False,False,,28418,8,8
dimerization_r1,dimerization,timing_ovr1,1602,0,1,25176923,0.7733936,True,False,False,,2695,3969,9
dimerization_r1,dimerization,timing_ovr2,1602,0,2,25176923,0.5765019,True,False,False,,16690,1858,13
dimerization_r1,dimerization,timing_ovr1_eager,1602,0,3,25176923,0.8727562,True,False,False,,1559,4102,39
dimerization_r1,dimerization,T=100,1602,0,4,25176923,0.6322044,True,False,False,,28563,0,0
dimerization_r1,dimerization,T=250,1602,0,5,25176923,0.5569892,True,False,False,,28563,0,0
dimerization_r1,dimerization,T=400,1602,0,6,25176923,0.5149039,True,False,False,,28563,0,0
dimerization_r1,dimerization,cost_model_cold,1602,0,7,25176923,0.6442053,True,False,False,,28563,0,0
dimerization_r1,dimerization,cost_model_warm,1602,0,8,25176923,0.5336698,True,False,False,,28563,0,0
dimerization_r1,dimerization,timing_ovr1,1602,1,0,25176923,0.9434121,True,False,False,,1097,4180,5
dimerization_r1,dimerization,timing_ovr2,1602,1,1,25176923,0.7507807,True,False,False,,2565,3989,5
dimerization_r1,dimerization,timing_ovr1_eager,1602,1,2,25176923,0.7229056,True,False,False,,2774,3919,41
dimerization_r1,dimerization,T=100,1602,1,3,25176923,0.4719234,True,False,False,,28563,0,0
dimerization_r1,dimerization,T=250,1602,1,4,25176923,0.5654045,True,False,False,,28563,0,0
dimerization_r1,dimerization,T=400,1602,1,5,25176923,0.5977332,True,False,False,,28563,0,0
dimerization_r1,dimerization,cost_model_cold,1602,1,6,25176923,0.4478223,True,False,False,,28563,0,0
dimerization_r1,dimerization,cost_model_warm,1602,1,7,25176923,0.4536787,True,False,False,,28563,0,0
dimerization_r1,dimerization,timing,1602,1,8,25176923,0.5702405,True,False,False,,28418,8,8
dimerization_r1,dimerization,timing_ovr2,1603,0,0,25176923,0.8419938,True,False,False,,4648,3690,5
dimerization_r1,dimerization,timing_ovr1_eager,1603,0,1,25176923,0.8306623,True,False,False,,1054,4184,23
dimerization_r1,dimerization,T=100,1603,0,2,25176923,0.5953186,True,False,False,,28566,0,0
dimerization_r1,dimerization,T=250,1603,0,3,25176923,0.5550184,True,False,False,,28566,0,0
dimerization_r1,dimerization,T=400,1603,0,4,25176923,0.6168159,True,False,False,,28566,0,0
dimerization_r1,dimerization,cost_model_cold,1603,0,5,25176923,0.5701083,True,False,False,,28566,0,0
dimerization_r1,dimerization,cost_model_warm,1603,0,6,25176923,0.5932085,True,False,False,,28566,0,0
dimerization_r1,dimerization,timing,1603,0,7,25176923,0.9043631,True,False,False,,2854,3943,5
dimerization_r1,dimerization,timing_ovr1,1603,0,8,25176923,1.0174611,True,False,False,,358,4291,3
dimerization_r1,dimerization,timing_ovr1_eager,1603,1,0,25176923,0.8853616,True,False,False,,2921,3941,41
dimerization_r1,dimerization,T=100,1603,1,1,25176923,0.6313812,True,False,False,,28566,0,0
dimerization_r1,dimerization,T=250,1603,1,2,25176923,0.5472405,True,False,False,,28566,0,0
dimerization_r1,dimerization,T=400,1603,1,3,25176923,0.556988,True,False,False,,28566,0,0
dimerization_r1,dimerization,cost_model_cold,1603,1,4,25176923,0.512314,True,False,False,,28566,0,0
dimerization_r1,dimerization,cost_model_warm,1603,1,5,25176923,0.5559382,True,False,False,,28566,0,0
dimerization_r1,dimerization,timing,1603,1,6,25176923,0.4741121,True,False,False,,28084,72,12
dimerization_r1,dimerization,timing_ovr1,1603,1,7,25176923,0.8508587,True,False,False,,359,4291,3
dimerization_r1,dimerization,timing_ovr2,1603,1,8,25176923,0.7403128,True,False,False,,2558,3983,7
dimerization_r1,dimerization,T=100,1604,0,0,25176923,0.5596643,True,False,False,,28600,0,0
dimerization_r1,dimerization,T=250,1604,0,1,25176923,0.4172261,True,False,False,,28600,0,0
dimerization_r1,dimerization,T=400,1604,0,2,25176923,0.4291377,True,False,False,,28600,0,0
dimerization_r1,dimerization,cost_model_cold,1604,0,3,25176923,0.5114408,True,False,False,,28600,0,0
dimerization_r1,dimerization,cost_model_warm,1604,0,4,25176923,0.5374079,True,False,False,,28600,0,0
dimerization_r1,dimerization,timing,1604,0,5,25176923,0.5547973,True,False,False,,28574,8,8
dimerization_r1,dimerization,timing_ovr1,1604,0,6,25176923,0.7400543,True,False,False,,593,4261,9
dimerization_r1,dimerization,timing_ovr2,1604,0,7,25176923,0.7205324,True,False,False,,4150,3775,9
dimerization_r1,dimerization,timing_ovr1_eager,1604,0,8,25176923,0.7257399,True,False,False,,3984,3791,61
dimerization_r1,dimerization,T=250,1604,1,0,25176923,0.5778441,True,False,False,,28600,0,0
dimerization_r1,dimerization,T=400,1604,1,1,25176923,0.4967601,True,False,False,,28600,0,0
dimerization_r1,dimerization,cost_model_cold,1604,1,2,25176923,0.5100604,True,False,False,,28600,0,0
dimerization_r1,dimerization,cost_model_warm,1604,1,3,25176923,0.5282152,True,False,False,,28600,0,0
dimerization_r1,dimerization,timing,1604,1,4,25176923,0.4529328,True,False,False,,28574,8,8
dimerization_r1,dimerization,timing_ovr1,1604,1,5,25176923,0.7811445,True,False,False,,369,4292,3
dimerization_r1,dimerization,timing_ovr2,1604,1,6,25176923,0.6729242,True,False,False,,12089,2595,5
dimerization_r1,dimerization,timing_ovr1_eager,1604,1,7,25176923,0.8075579,True,False,False,,3604,3819,49
dimerization_r1,dimerization,T=100,1604,1,8,25176923,0.582934,True,False,False,,28600,0,0
dimerization_r1,dimerization,T=400,1605,0,0,25176923,0.5307375,True,False,False,,28874,0,0
dimerization_r1,dimerization,cost_model_cold,1605,0,1,25176923,0.5181991,True,False,False,,28874,0,0
dimerization_r1,dimerization,cost_model_warm,1605,0,2,25176923,0.6229412,True,False,False,,28874,0,0
dimerization_r1,dimerization,timing,1605,0,3,25176923,0.577998,True,False,False,,28699,8,8
dimerization_r1,dimerization,timing_ovr1,1605,0,4,25176923,0.852024,True,False,False,,623,4257,3
dimerization_r1,dimerization,timing_ovr2,1605,0,5,25176923,0.6885717,True,False,False,,9724,2924,7
dimerization_r1,dimerization,timing_ovr1_eager,1605,0,6,25176923,0.678353,True,False,False,,244,4309,23
dimerization_r1,dimerization,T=100,1605,0,7,25176923,0.4020643,True,False,False,,28874,0,0
dimerization_r1,dimerization,T=250,1605,0,8,25176923,0.4637684,True,False,False,,28874,0,0
dimerization_r1,dimerization,cost_model_cold,1605,1,0,25176923,0.4516732,True,False,False,,28874,0,0
dimerization_r1,dimerization,cost_model_warm,1605,1,1,25176923,0.4303399,True,False,False,,28874,0,0
dimerization_r1,dimerization,timing,1605,1,2,25176923,0.4973429,True,False,False,,15561,1944,10
dimerization_r1,dimerization,timing_ovr1,1605,1,3,25176923,0.666242,True,False,False,,3761,3822,11
dimerization_r1,dimerization,timing_ovr2,1605,1,4,25176923,0.4726275,True,False,False,,18050,1612,9
dimerization_r1,dimerization,timing_ovr1_eager,1605,1,5,25176923,0.6482395,True,False,False,,4823,3643,53
dimerization_r1,dimerization,T=100,1605,1,6,25176923,0.4272244,True,False,False,,28874,0,0
dimerization_r1,dimerization,T=250,1605,1,7,25176923,0.4585736,True,False,False,,28874,0,0
dimerization_r1,dimerization,T=400,1605,1,8,25176923,0.4307806,True,False,False,,28874,0,0
dimerization_r1,dimerization,cost_model_warm,1606,0,0,25176923,0.415265,True,False,False,,28584,0,0
dimerization_r1,dimerization,timing,1606,0,1,25176923,0.4595522,True,False,False,,12480,2539,7
dimerization_r1,dimerization,timing_ovr1,1606,0,2,25176923,0.7903925,True,False,False,,614,4253,3
dimerization_r1,dimerization,timing_ovr2,1606,0,3,25176923,0.6434459,True,False,False,,11477,2688,7
dimerization_r1,dimerization,timing_ovr1_eager,1606,0,4,25176923,0.8120932,True,False,False,,1431,4134,27
dimerization_r1,dimerization,T=100,1606,0,5,25176923,0.5330253,True,False,False,,28584,0,0
dimerization_r1,dimerization,T=250,1606,0,6,25176923,0.5026908,True,False,False,,28584,0,0
dimerization_r1,dimerization,T=400,1606,0,7,25176923,0.4910514,True,False,False,,28584,0,0
dimerization_r1,dimerization,cost_model_cold,1606,0,8,25176923,0.4947961,True,False,False,,28584,0,0
dimerization_r1,dimerization,timing,1606,1,0,25176923,0.5803276,True,False,False,,28313,32,12
dimerization_r1,dimerization,timing_ovr1,1606,1,1,25176923,0.8730398,True,False,False,,851,4219,5
dimerization_r1,dimerization,timing_ovr2,1606,1,2,25176923,0.6639151,True,False,False,,16734,1833,8
dimerization_r1,dimerization,timing_ovr1_eager,1606,1,3,25176923,0.917353,True,False,False,,1597,4103,41
dimerization_r1,dimerization,T=100,1606,1,4,25176923,0.5296113,True,False,False,,28584,0,0
dimerization_r1,dimerization,T=250,1606,1,5,25176923,0.6064094,True,False,False,,28584,0,0
dimerization_r1,dimerization,T=400,1606,1,6,25176923,0.5254014,True,False,False,,28584,0,0
dimerization_r1,dimerization,cost_model_cold,1606,1,7,25176923,0.4846953,True,False,False,,28584,0,0
dimerization_r1,dimerization,cost_model_warm,1606,1,8,25176923,0.5899854,True,False,False,,28584,0,0
dimerization_r1,dimerization,timing_ovr1,1607,0,0,25176923,0.8464825,True,False,False,,1756,4102,3
dimerization_r1,dimerization,timing_ovr2,1607,0,1,25176923,0.7232231,True,False,False,,12694,2495,5
dimerization_r1,dimerization,timing_ovr1_eager,1607,0,2,25176923,0.9711635,True,False,False,,773,4236,33
dimerization_r1,dimerization,T=100,1607,0,3,25176923,0.5576033,True,False,False,,28537,0,0
dimerization_r1,dimerization,T=250,1607,0,4,25176923,0.5826626,True,False,False,,28537,0,0
dimerization_r1,dimerization,T=400,1607,0,5,25176923,0.5068989,True,False,False,,28537,0,0
dimerization_r1,dimerization,cost_model_cold,1607,0,6,25176923,0.3420692,True,False,False,,28537,0,0
dimerization_r1,dimerization,cost_model_warm,1607,0,7,25176923,0.4492792,True,False,False,,28537,0,0
dimerization_r1,dimerization,timing,1607,0,8,25176923,0.5957079,True,False,False,,28081,86,15
dimerization_r1,dimerization,timing_ovr2,1607,1,0,25176923,0.6391583,True,False,False,,4194,3767,3
dimerization_r1,dimerization,timing_ovr1_eager,1607,1,1,25176923,0.757508,True,False,False,,3103,3885,51
dimerization_r1,dimerization,T=100,1607,1,2,25176923,0.6138035,True,False,False,,28537,0,0
dimerization_r1,dimerization,T=250,1607,1,3,25176923,0.502591,True,False,False,,28537,0,0
dimerization_r1,dimerization,T=400,1607,1,4,25176923,0.4533432,True,False,False,,28537,0,0
dimerization_r1,dimerization,cost_model_cold,1607,1,5,25176923,0.4558608,True,False,False,,28537,0,0
dimerization_r1,dimerization,cost_model_warm,1607,1,6,25176923,0.4280411,True,False,False,,28537,0,0
dimerization_r1,dimerization,timing,1607,1,7,25176923,0.5380807,True,False,False,,28129,66,10
dimerization_r1,dimerization,timing_ovr1,1607,1,8,25176923,0.7644927,True,False,False,,3413,3859,13
dimerization_r1,dimerization,timing_ovr1_eager,1608,0,0,25176923,0.8075703,True,False,False,,3519,3817,51
dimerization_r1,dimerization,T=100,1608,0,1,25176923,0.4707362,True,False,False,,28787,0,0
dimerization_r1,dimerization,T=250,1608,0,2,25176923,0.5297026,True,False,False,,28787,0,0
dimerization_r1,dimerization,T=400,1608,0,3,25176923,0.4950832,True,False,False,,28787,0,0
dimerization_r1,dimerization,cost_model_cold,1608,0,4,25176923,0.4519933,True,False,False,,28787,0,0
dimerization_r1,dimerization,cost_model_warm,1608,0,5,25176923,0.4794644,True,False,False,,28787,0,0
dimerization_r1,dimerization,timing,1608,0,6,25176923,0.6251138,True,False,False,,10152,2890,5
dimerization_r1,dimerization,timing_ovr1,1608,0,7,25176923,0.9056403,True,False,False,,615,4258,3
dimerization_r1,dimerization,timing_ovr2,1608,0,8,25176923,0.651986,True,False,False,,17645,1743,7
dimerization_r1,dimerization,T=100,1608,1,0,25176923,0.5288825,True,False,False,,28787,0,0
dimerization_r1,dimerization,T=250,1608,1,1,25176923,0.5533182,True,False,False,,28787,0,0
dimerization_r1,dimerization,T=400,1608,1,2,25176923,0.4959765,True,False,False,,28787,0,0
dimerization_r1,dimerization,cost_model_cold,1608,1,3,25176923,0.554033,True,False,False,,28787,0,0
dimerization_r1,dimerization,cost_model_warm,1608,1,4,25176923,0.5367849,True,False,False,,28787,0,0
dimerization_r1,dimerization,timing,1608,1,5,25176923,0.6710026,True,False,False,,14109,2284,5
dimerization_r1,dimerization,timing_ovr1,1608,1,6,25176923,0.7528641,True,False,False,,6771,3347,11
dimerization_r1,dimerization,timing_ovr2,1608,1,7,25176923,0.6973199,True,False,False,,12527,2488,11
dimerization_r1,dimerization,timing_ovr1_eager,1608,1,8,25176923,0.7477729,True,False,False,,4026,3773,43
dimerization_r2,dimerization,T=250,1601,0,0,100707694,1.0979268,True,False,False,,57205,0,0
dimerization_r2,dimerization,T=400,1601,0,1,100707694,1.038508,True,False,False,,57205,0,0
dimerization_r2,dimerization,cost_model_cold,1601,0,2,100707694,1.3077426,True,False,False,,57205,0,0
dimerization_r2,dimerization,cost_model_warm,1601,0,3,100707694,1.1359992,True,False,False,,57205,0,0
dimerization_r2,dimerization,timing,1601,0,4,100707694,2.2713802,True,False,False,,20859,5700,9
dimerization_r2,dimerization,timing_ovr1,1601,0,5,100707694,2.2898475,True,False,False,,28249,4477,15
dimerization_r2,dimerization,timing_ovr2,1601,0,6,100707694,1.9853128,True,False,False,,35117,3449,14
dimerization_r2,dimerization,timing_ovr1_eager,1601,0,7,100707694,2.6946909,True,False,False,,19239,5812,122
dimerization_r2,dimerization,T=100,1601,0,8,100707694,1.2460759,True,False,False,,57205,0,0
dimerization_r2,dimerization,T=400,1601,1,0,100707694,1.1319305,True,False,False,,57205,0,0
dimerization_r2,dimerization,cost_model_cold,1601,1,1,100707694,1.2772632,True,False,False,,57205,0,0
dimerization_r2,dimerization,cost_model_warm,1601,1,2,100707694,1.1924814,True,False,False,,57205,0,0
dimerization_r2,dimerization,timing,1601,1,3,100707694,1.1962204,True,False,False,,56593,91,16
dimerization_r2,dimerization,timing_ovr1,1601,1,4,100707694,2.839127,True,False,False,,14710,6623,13
dimerization_r2,dimerization,timing_ovr2,1601,1,5,100707694,1.4405714,True,False,False,,52475,689,20
dimerization_r2,dimerization,timing_ovr1_eager,1601,1,6,100707694,2.0912817,True,False,False,,21143,5466,133
dimerization_r2,dimerization,T=100,1601,1,7,100707694,1.185738,True,False,False,,57205,0,0
dimerization_r2,dimerization,T=250,1601,1,8,100707694,1.2187237,True,False,False,,57205,0,0
dimerization_r2,dimerization,cost_model_cold,1602,0,0,100707694,1.239601,True,False,False,,57176,0,0
dimerization_r2,dimerization,cost_model_warm,1602,0,1,100707694,0.9852218,True,False,False,,57176,0,0
dimerization_r2,dimerization,timing,1602,0,2,100707694,1.3704891,True,False,False,,51397,917,17
dimerization_r2,dimerization,timing_ovr1,1602,0,3,100707694,3.4526253,True,False,False,,1297,8509,5
dimerization_r2,dimerization,timing_ovr2,1602,0,4,100707694,1.4417742,True,False,False,,52592,649,22
dimerization_r2,dimerization,timing_ovr1_eager,1602,0,5,100707694,2.5363606,True,False,False,,22238,5444,130
dimerization_r2,dimerization,T=100,1602,0,6,100707694,1.2016676,True,False,False,,57176,0,0
dimerization_r2,dimerization,T=250,1602,0,7,100707694,1.178267,True,False,False,,57176,0,0
dimerization_r2,dimerization,T=400,1602,0,8,100707694,1.1474468,True,False,False,,57176,0,0
dimerization_r2,dimerization,cost_model_warm,1602,1,0,100707694,1.0841102,True,False,False,,57176,0,0
dimerization_r2,dimerization,timing,1602,1,1,100707694,0.983796,True,False,False,,57066,14,14
dimerization_r2,dimerization,timing_ovr1,1602,1,2,100707694,3.0220625,True,False,False,,13793,6543,11
dimerization_r2,dimerization,timing_ovr2,1602,1,3,100707694,1.1993362,True,False,False,,53316,614,16
dimerization_r2,dimerization,timing_ovr1_eager,1602,1,4,100707694,2.1982464,True,False,False,,15755,6304,109
dimerization_r2,dimerization,T=100,1602,1,5,100707694,0.9495829,True,False,False,,57176,0,0
dimerization_r2,dimerization,T=250,1602,1,6,100707694,0.8240535,True,False,False,,57176,0,0
dimerization_r2,dimerization,T=400,1602,1,7,100707694,0.8316267,True,False,False,,57176,0,0
dimerization_r2,dimerization,cost_model_cold,1602,1,8,100707694,0.8279423,True,False,False,,57176,0,0
dimerization_r2,dimerization,timing,1603,0,0,100707694,1.1049057,True,False,False,,39070,2804,15
dimerization_r2,dimerization,timing_ovr1,1603,0,1,100707694,2.0890221,True,False,False,,25540,4664,12
dimerization_r2,dimerization,timing_ovr2,1603,0,2,100707694,1.2696891,True,False,False,,52848,679,18
dimerization_r2,dimerization,timing_ovr1_eager,1603,0,3,100707694,2.2895912,True,False,False,,24732,4969,139
dimerization_r2,dimerization,T=100,1603,0,4,100707694,1.1698075,True,False,False,,57123,0,0
dimerization_r2,dimerization,T=250,1603,0,5,100707694,1.1664215,True,False,False,,57123,0,0
dimerization_r2,dimerization,T=400,1603,0,6,100707694,1.2235134,True,False,False,,57123,0,0
dimerization_r2,dimerization,cost_model_cold,1603,0,7,100707694,1.0067776,True,False,False,,57123,0,0
dimerization_r2,dimerization,cost_model_warm,1603,0,8,100707694,1.1389618,True,False,False,,57123,0,0
dimerization_r2,dimerization,timing_ovr1,1603,1,0,100707694,2.5526555,True,False,False,,18941,5959,13
dimerization_r2,dimerization,timing_ovr2,1603,1,1,100707694,1.3331569,True,False,False,,50901,974,16
dimerization_r2,dimerization,timing_ovr1_eager,1603,1,2,100707694,2.6760851,True,False,False,,17144,6166,112
dimerization_r2,dimerization,T=100,1603,1,3,100707694,1.198179,True,False,False,,57123,0,0
dimerization_r2,dimerization,T=250,1603,1,4,100707694,1.0399906,True,False,False,,57123,0,0
dimerization_r2,dimerization,T=400,1603,1,5,100707694,1.083361,True,False,False,,57123,0,0
dimerization_r2,dimerization,cost_model_cold,1603,1,6,100707694,1.0583233,True,False,False,,57123,0,0
dimerization_r2,dimerization,cost_model_warm,1603,1,7,100707694,1.211615,True,False,False,,57123,0,0
dimerization_r2,dimerization,timing,1603,1,8,100707694,1.1794769,True,False,False,,57058,14,14
dimerization_r2,dimerization,timing_ovr2,1604,0,0,100707694,1.7165359,True,False,False,,42831,2236,19
dimerization_r2,dimerization,timing_ovr1_eager,1604,0,1,100707694,2.5718047,True,False,False,,21552,5373,138
dimerization_r2,dimerization,T=100,1604,0,2,100707694,1.1890088,True,False,False,,57139,0,0
dimerization_r2,dimerization,T=250,1604,0,3,100707694,1.0754372,True,False,False,,57139,0,0
dimerization_r2,dimerization,T=400,1604,0,4,100707694,1.1100465,True,False,False,,57139,0,0
dimerization_r2,dimerization,cost_model_cold,1604,0,5,100707694,1.151368,True,False,False,,57139,0,0
dimerization_r2,dimerization,cost_model_warm,1604,0,6,100707694,1.2672648,True,False,False,,57139,0,0
dimerization_r2,dimerization,timing,1604,0,7,100707694,1.3510583,True,False,False,,53616,562,17
dimerization_r2,dimerization,timing_ovr1,1604,0,8,100707694,3.4844283,True,False,False,,1726,8449,7
dimerization_r2,dimerization,timing_ovr1_eager,1604,1,0,100707694,2.776076,True,False,False,,18305,5957,123
dimerization_r2,dimerization,T=100,1604,1,1,100707694,1.2873546,True,False,False,,57139,0,0
dimerization_r2,dimerization,T=250,1604,1,2,100707694,1.2683971,True,False,False,,57139,0,0
dimerization_r2,dimerization,T=400,1604,1,3,100707694,1.1671126,True,False,False,,57139,0,0
dimerization_r2,dimerization,cost_model_cold,1604,1,4,100707694,1.1721816,True,False,False,,57139,0,0
dimerization_r2,dimerization,cost_model_warm,1604,1,5,100707694,1.0907661,True,False,False,,57139,0,0
dimerization_r2,dimerization,timing,1604,1,6,100707694,1.15965,True,False,False,,57071,14,14
dimerization_r2,dimerization,timing_ovr1,1604,1,7,100707694,2.7158034,True,False,False,,23432,5052,10
dimerization_r2,dimerization,timing_ovr2,1604,1,8,100707694,1.2683296,True,False,False,,54081,486,18
dimerization_r2,dimerization,T=100,1605,0,0,100707694,1.2191411,True,False,False,,57155,0,0
dimerization_r2,dimerization,T=250,1605,0,1,100707694,1.162352,True,False,False,,57155,0,0
dimerization_r2,dimerization,T=400,1605,0,2,100707694,1.0211347,True,False,False,,57155,0,0
dimerization_r2,dimerization,cost_model_cold,1605,0,3,100707694,1.2415324,True,False,False,,57155,0,0
dimerization_r2,dimerization,cost_model_warm,1605,0,4,100707694,1.2115871,True,False,False,,57155,0,0
dimerization_r2,dimerization,timing,1605,0,5,100707694,1.2357882,True,False,False,,57051,14,14
dimerization_r2,dimerization,timing_ovr1,1605,0,6,100707694,2.7764376,True,False,False,,15911,6438,9
dimerization_r2,dimerization,timing_ovr2,1605,0,7,100707694,2.6391775,True,False,False,,18176,6106,9
dimerization_r2,dimerization,timing_ovr1_eager,1605,0,8,100707694,2.1023417,True,False,False,,33179,3671,191
dimerization_r2,dimerization,T=250,1605,1,0,100707694,1.0593928,True,False,False,,57155,0,0
dimerization_r2,dimerization,T=400,1605,1,1,100707694,1.078643,True,False,False,,57155,0,0
dimerization_r2,dimerization,cost_model_cold,1605,1,2,100707694,1.146165,True,False,False,,57155,0,0
dimerization_r2,dimerization,cost_model_warm,1605,1,3,100707694,1.0507099,True,False,False,,57155,0,0
dimerization_r2,dimerization,timing,1605,1,4,100707694,1.0171521,True,False,False,,57051,14,14
dimerization_r2,dimerization,timing_ovr1,1605,1,5,100707694,2.2478562,True,False,False,,23279,5157,19
dimerization_r2,dimerization,timing_ovr2,1605,1,6,100707694,1.0862785,True,False,False,,55560,224,20
dimerization_r2,dimerization,timing_ovr1_eager,1605,1,7,100707694,2.8317403,True,False,False,,10285,7115,77
dimerization_r2,dimerization,T=100,1605,1,8,100707694,0.917051,True,False,False,,57155,0,0
dimerization_r2,dimerization,T=400,1606,0,0,100707694,0.9111777,True,False,False,,57247,0,0
dimerization_r2,dimerization,cost_model_cold,1606,0,1,100707694,0.9676578,True,False,False,,57247,0,0
dimerization_r2,dimerization,cost_model_warm,1606,0,2,100707694,1.0398483,True,False,False,,57247,0,0
dimerization_r2,dimerization,timing,1606,0,3,100707694,0.9422686,True,False,False,,56886,59,16
dimerization_r2,dimerization,timing_ovr1,1606,0,4,100707694,1.5499055,True,False,False,,25702,4922,17
dimerization_r2,dimerization,timing_ovr2,1606,0,5,100707694,1.8640063,True,False,False,,16034,6285,9
dimerization_r2,dimerization,timing_ovr1_eager,1606,0,6,100707694,1.6271602,True,False,False,,23749,5051,138
dimerization_r2,dimerization,T=100,1606,0,7,100707694,0.8356801,True,False,False,,57247,0,0
dimerization_r2,dimerization,T=250,1606,0,8,100707694,0.910675,True,False,False,,57247,0,0
dimerization_r2,dimerization,cost_model_cold,1606,1,0,100707694,0.9931102,True,False,False,,57247,0,0
dimerization_r2,dimerization,cost_model_warm,1606,1,1,100707694,0.9270735,True,False,False,,57247,0,0
dimerization_r2,dimerization,timing,1606,1,2,100707694,1.0558695,True,False,False,,57162,14,14
dimerization_r2,dimerization,timing_ovr1,1606,1,3,100707694,2.6899297,True,False,False,,7314,7670,6
dimerization_r2,dimerization,timing_ovr2,1606,1,4,100707694,1.2335585,True,False,False,,55181,307,22
dimerization_r2,dimerization,timing_ovr1_eager,1606,1,5,100707694,1.8801152,True,False,False,,36785,3070,200
dimerization_r2,dimerization,T=100,1606,1,6,100707694,1.1884459,True,False,False,,57247,0,0
dimerization_r2,dimerization,T=250,1606,1,7,100707694,1.1382172,True,False,False,,57247,0,0
dimerization_r2,dimerization,T=400,1606,1,8,100707694,1.0095144,True,False,False,,57247,0,0
dimerization_r2,dimerization,cost_model_warm,1607,0,0,100707694,1.0045345,True,False,False,,57135,0,0
dimerization_r2,dimerization,timing,1607,0,1,100707694,0.9528357,True,False,False,,57047,14,14
dimerization_r2,dimerization,timing_ovr1,1607,0,2,100707694,2.9381489,True,False,False,,6168,7778,11
dimerization_r2,dimerization,timing_ovr2,1607,0,3,100707694,1.3328511,True,False,False,,46734,1639,21
dimerization_r2,dimerization,timing_ovr1_eager,1607,0,4,100707694,2.2214401,True,False,False,,29008,4329,167
dimerization_r2,dimerization,T=100,1607,0,5,100707694,0.986591,True,False,False,,57135,0,0
dimerization_r2,dimerization,T=250,1607,0,6,100707694,1.0019578,True,False,False,,57135,0,0
dimerization_r2,dimerization,T=400,1607,0,7,100707694,1.0253932,True,False,False,,57135,0,0
dimerization_r2,dimerization,cost_model_cold,1607,0,8,100707694,0.8262765,True,False,False,,57135,0,0
dimerization_r2,dimerization,timing,1607,1,0,100707694,0.9683182,True,False,False,,57047,14,14
dimerization_r2,dimerization,timing_ovr1,1607,1,1,100707694,2.9961332,True,False,False,,8555,7502,9
dimerization_r2,dimerization,timing_ovr2,1607,1,2,100707694,1.4923104,True,False,False,,42435,2318,14
dimerization_r2,dimerization,timing_ovr1_eager,1607,1,3,100707694,2.5919942,True,False,False,,25571,4740,141
dimerization_r2,dimerization,T=100,1607,1,4,100707694,1.0781728,True,False,False,,57135,0,0
dimerization_r2,dimerization,T=250,1607,1,5,100707694,1.0339231,True,False,False,,57135,0,0
dimerization_r2,dimerization,T=400,1607,1,6,100707694,1.1715347,True,False,False,,57135,0,0
dimerization_r2,dimerization,cost_model_cold,1607,1,7,100707694,1.151436,True,False,False,,57135,0,0
dimerization_r2,dimerization,cost_model_warm,1607,1,8,100707694,0.9510144,True,False,False,,57135,0,0
dimerization_r2,dimerization,timing_ovr1,1608,0,0,100707694,2.7842692,True,False,False,,10727,7185,13
dimerization_r2,dimerization,timing_ovr2,1608,0,1,100707694,1.0251599,True,False,False,,57010,55,16
dimerization_r2,dimerization,timing_ovr1_eager,1608,0,2,100707694,2.8677058,True,False,False,,18682,5879,123
dimerization_r2,dimerization,T=100,1608,0,3,100707694,1.0733105,True,False,False,,57453,0,0
dimerization_r2,dimerization,T=250,1608,0,4,100707694,1.1280483,True,False,False,,57453,0,0
dimerization_r2,dimerization,T=400,1608,0,5,100707694,0.9830341,True,False,False,,57453,0,0
dimerization_r2,dimerization,cost_model_cold,1608,0,6,100707694,1.1229338,True,False,False,,57453,0,0
dimerization_r2,dimerization,cost_model_warm,1608,0,7,100707694,1.1344589,True,False,False,,57453,0,0
dimerization_r2,dimerization,timing,1608,0,8,100707694,1.0673985,True,False,False,,57266,26,16
dimerization_r2,dimerization,timing_ovr2,1608,1,0,100707694,1.7732059,True,False,False,,39869,2765,13
dimerization_r2,dimerization,timing_ovr1_eager,1608,1,1,100707694,2.1249639,True,False,False,,29778,4226,173
dimerization_r2,dimerization,T=100,1608,1,2,100707694,1.1347319,True,False,False,,57453,0,0
dimerization_r2,dimerization,T=250,1608,1,3,100707694,1.0881731,True,False,False,,57453,0,0
dimerization_r2,dimerization,T=400,1608,1,4,100707694,1.357704,True,False,False,,57453,0,0
dimerization_r2,dimerization,cost_model_cold,1608,1,5,100707694,1.1099093,True,False,False,,57453,0,0
dimerization_r2,dimerization,cost_model_warm,1608,1,6,100707694,1.2811395,True,False,False,,57453,0,0
dimerization_r2,dimerization,timing,1608,1,7,100707694,1.1939967,True,False,False,,56556,135,16
dimerization_r2,dimerization,timing_ovr1,1608,1,8,100707694,2.1827861,True,False,False,,32932,3833,19
lotka_volterra_r05,lotka_volterra,timing_ovr1_eager,1601,0,0,549545,1.3210989,True,False,False,,7744,26848,197
lotka_volterra_r05,lotka_volterra,T=100,1601,0,1,549545,1.3908824,True,False,False,,77712,0,0
lotka_volterra_r05,lotka_volterra,T=250,1601,0,2,549545,1.2925801,True,False,False,,77712,0,0
lotka_volterra_r05,lotka_volterra,T=400,1601,0,3,549545,1.2377319,True,False,False,,45205,13374,7
lotka_volterra_r05,lotka_volterra,cost_model_cold,1601,0,4,549545,1.4104563,True,False,False,,77712,0,0
lotka_volterra_r05,lotka_volterra,cost_model_warm,1601,0,5,549545,1.3308584,True,False,False,,16109,23923,7
lotka_volterra_r05,lotka_volterra,timing,1601,0,6,549545,1.3936939,True,False,False,,13106,24918,17
lotka_volterra_r05,lotka_volterra,timing_ovr1,1601,0,7,549545,1.0848618,True,False,False,,4225,28268,23
lotka_volterra_r05,lotka_volterra,timing_ovr2,1601,0,8,549545,1.1139028,True,False,False,,16247,23497,32
lotka_volterra_r05,lotka_volterra,T=100,1601,1,0,549545,1.5000676,True,False,False,,77712,0,0
lotka_volterra_r05,lotka_volterra,T=250,1601,1,1,549545,1.5066694,True,False,False,,77712,0,0
lotka_volterra_r05,lotka_volterra,T=400,1601,1,2,549545,1.4648375,True,False,False,,45205,13374,7
lotka_volterra_r05,lotka_volterra,cost_model_cold,1601,1,3,549545,1.2308831,True,False,False,,77712,0,0
lotka_volterra_r05,lotka_volterra,cost_model_warm,1601,1,4,549545,1.1666297,True,False,False,,16109,23923,7
lotka_volterra_r05,lotka_volterra,timing,1601,1,5,549545,1.2162682,True,False,False,,60314,6823,38
lotka_volterra_r05,lotka_volterra,timing_ovr1,1601,1,6,549545,1.0071537,True,False,False,,1946,29161,17
lotka_volterra_r05,lotka_volterra,timing_ovr2,1601,1,7,549545,1.1278282,True,False,False,,32853,17389,42
lotka_volterra_r05,lotka_volterra,timing_ovr1_eager,1601,1,8,549545,1.146314,True,False,False,,6194,27469,201
lotka_volterra_r05,lotka_volterra,T=250,1602,0,0,549545,1.2947957,True,False,False,,77486,0,0
lotka_volterra_r05,lotka_volterra,T=400,1602,0,1,549545,1.0271116,True,False,False,,45164,13408,7
lotka_volterra_r05,lotka_volterra,cost_model_cold,1602,0,2,549545,1.3978153,True,False,False,,77486,0,0
lotka_volterra_r05,lotka_volterra,cost_model_warm,1602,0,3,549545,1.2401465,True,False,False,,16282,23830,7
lotka_volterra_r05,lotka_volterra,timing,1602,0,4,549545,1.3150495,True,False,False,,58025,7430,39
lotka_volterra_r05,lotka_volterra,timing_ovr1,1602,0,5,549545,1.4038781,True,False,False,,2098,29101,27
lotka_volterra_r05,lotka_volterra,timing_ovr2,1602,0,6,549545,1.4510933,True,False,False,,32891,17239,22
lotka_volterra_r05,lotka_volterra,timing_ovr1_eager,1602,0,7,549545,1.5597805,True,False,False,,5227,27926,197
lotka_volterra_r05,lotka_volterra,T=100,1602,0,8,549545,1.5962484,True,False,False,,77486,0,0
lotka_volterra_r05,lotka_volterra,T=400,1602,1,0,549545,1.4858367,True,False,False,,45164,13408,7
lotka_volterra_r05,lotka_volterra,cost_model_cold,1602,1,1,549545,1.5175323,True,False,False,,77486,0,0
lotka_volterra_r05,lotka_volterra,cost_model_warm,1602,1,2,549545,1.1809814,True,False,False,,16282,23830,7
lotka_volterra_r05,lotka_volterra,timing,1602,1,3,549545,1.6553626,True,False,False,,70774,2600,36
lotka_volterra_r05,lotka_volterra,timing_ovr1,1602,1,4,549545,1.2947872,True,False,False,,4904,28113,27
lotka_volterra_r05,lotka_volterra,timing_ovr2,1602,1,5,549545,1.1915697,True,False,False,,9033,26504,29
lotka_volterra_r05,lotka_volterra,timing_ovr1_eager,1602,1,6,549545,1.1822083,True,False,False,,5389,27860,165
lotka_volterra_r05,lotka_volterra,T=100,1602,1,7,549545,1.66166,True,False,False,,77486,0,0
lotka_volterra_r05,lotka_volterra,T=250,1602,1,8,549545,1.668845,True,False,False,,77486,0,0
lotka_volterra_r05,lotka_volterra,cost_model_cold,1603,0,0,549545,1.5636245,True,False,False,,77301,0,0
lotka_volterra_r05,lotka_volterra,cost_model_warm,1603,0,1,549545,1.0641706,True,False,False,,16129,23876,7
lotka_volterra_r05,lotka_volterra,timing,1603,0,2,549545,1.5862434,True,False,False,,61296,6631,40
lotka_volterra_r05,lotka_volterra,timing_ovr1,1603,0,3,549545,1.1256314,True,False,False,,783,29603,13
lotka_volterra_r05,lotka_volterra,timing_ovr2,1603,0,4,549545,1.4043889,True,False,False,,39396,14677,24
lotka_volterra_r05,lotka_volterra,timing_ovr1_eager,1603,0,5,549545,1.3929968,True,False,False,,3784,28456,189
lotka_volterra_r05,lotka_volterra,T=100,1603,0,6,549545,1.4587125,True,False,False,,77301,0,0
lotka_volterra_r05,lotka_volterra,T=250,1603,0,7,549545,1.7612357,True,False,False,,77301,0,0
lotka_volterra_r05,lotka_volterra,T=400,1603,0,8,549545,1.3405953,True,False,False,,45082,13419,7
lotka_volterra_r05,lotka_volterra,cost_model_warm,1603,1,0,549545,1.4010688,True,False,False,,16129,23876,7
lotka_volterra_r05,lotka_volterra,timing,1603,1,1,549545,1.5519178,True,False,False,,73276,1543,42
lotka_volterra_r05,lotka_volterra,timing_ovr1,1603,1,2,549545,1.3302969,True,False,False,,23271,20873,33
lotka_volterra_r05,lotka_volterra,timing_ovr2,1603,1,3,549545,1.5667902,True,False,False,,27207,19592,28
lotka_volterra_r05,lotka_volterra,timing_ovr1_eager,1603,1,4,549545,1.2154075,True,False,False,,6388,27450,183
lotka_volterra_r05,lotka_volterra,T=100,1603,1,5,549545,1.7530906,True,False,False,,77301,0,0
lotka_volterra_r05,lotka_volterra,T=250,1603,1,6,549545,1.5394597,True,False,False,,77301,0,0
lotka_volterra_r05,lotka_volterra,T=400,1603,1,7,549545,1.5264351,True,False,False,,45082,13419,7
lotka_volterra_r05,lotka_volterra,cost_model_cold,1603,1,8,549545,1.7285129,True,False,False,,77301,0,0
lotka_volterra_r05,lotka_volterra,timing,1604,0,0,549545,1.6690867,True,False,False,,57805,7747,28
lotka_volterra_r05,lotka_volterra,timing_ovr1,1604,0,1,549545,1.3205301,True,False,False,,1970,29150,19
lotka_volterra_r05,lotka_volterra,timing_ovr2,1604,0,2,549545,1.4299997,True,False,False,,57450,7976,36
lotka_volterra_r05,lotka_volterra,timing_ovr1_eager,1604,0,3,549545,1.2386346,True,False,False,,7426,27060,208
lotka_volterra_r05,lotka_volterra,T=100,1604,0,4,549545,1.5354785,True,False,False,,77540,0,0
lotka_volterra_r05,lotka_volterra,T=250,1604,0,5,549545,1.6076897,True,False,False,,77540,0,0
lotka_volterra_r05,lotka_volterra,T=400,1604,0,6,549545,1.4299096,True,False,False,,45175,13385,7
lotka_volterra_r05,lotka_volterra,cost_model_cold,1604,0,7,549545,1.4617554,True,False,False,,77540,0,0
lotka_volterra_r05,lotka_volterra,cost_model_warm,1604,0,8,549545,1.3885623,True,False,False,,16078,23872,7
lotka_volterra_r05,lotka_volterra,timing_ovr1,1604,1,0,549545,1.2508595,True,False,False,,26910,19490,25
lotka_volterra_r05,lotka_volterra,timing_ovr2,1604,1,1,549545,1.5042214,True,False,False,,46042,12286,34
lotka_volterra_r05,lotka_volterra,timing_ovr1_eager,1604,1,2,549545,1.5065527,True,False,False,,8662,26614,197
lotka_volterra_r05,lotka_volterra,T=100,1604,1,3,549545,1.6266307,True,False,False,,77540,0,0
lotka_volterra_r05,lotka_volterra,T=250,1604,1,4,549545,1.628619,True,False,False,,77540,0,0
lotka_volterra_r05,lotka_volterra,T=400,1604,1,5,549545,1.3942542,True,False,False,,45175,13385,7
lotka_volterra_r05,lotka_volterra,cost_model_cold,1604,1,6,549545,1.4977293,True,False,False,,77540,0,0
lotka_volterra_r05,lotka_volterra,cost_model_warm,1604,1,7,549545,1.0812036,True,False,False,,16078,23872,7
lotka_volterra_r05,lotka_volterra,timing,1604,1,8,549545,1.4765271,True,False,False,,75587,775,30
lotka_volterra_r05,lotka_volterra,timing_ovr2,1605,0,0,549545,1.3437771,True,False,False,,36400,15707,34
lotka_volterra_r05,lotka_volterra,timing_ovr1_eager,1605,0,1,549545,1.0953539,True,False,False,,7412,27124,181
lotka_volterra_r05,lotka_volterra,T=100,1605,0,2,549545,1.0963358,True,False,False,,77527,0,0
lotka_volterra_r05,lotka_volterra,T=250,1605,0,3,549545,1.0436722,True,False,False,,77527,0,0
lotka_volterra_r05,lotka_volterra,T=400,1605,0,4,549545,0.8633993,True,False,False,,45203,13424,7
lotka_volterra_r05,lotka_volterra,cost_model_cold,1605,0,5,549545,1.0532077,True,False,False,,77527,0,0
lotka_volterra_r05,lotka_volterra,cost_model_warm,1605,0,6,549545,0.8274356,True,False,False,,16154,23866,7
lotka_volterra_r05,lotka_volterra,timing,1605,0,7,549545,1.0561695,True,False,False,,53699,9371,32
lotka_volterra_r05,lotka_volterra,timing_ovr1,1605,0,8,549545,1.101718,True,False,False,,2583,28914,13
lotka_volterra_r05,lotka_volterra,timing_ovr1_eager,1605,1,0,549545,1.3094123,True,False,False,,10841,25742,205
lotka_volterra_r05,lotka_volterra,T=100,1605,1,1,549545,1.6093514,True,False,False,,77527,0,0
lotka_volterra_r05,lotka_volterra,T=250,1605,1,2,549545,1.472347,True,False,False,,77527,0,0
lotka_volterra_r05,lotka_volterra,T=400,1605,1,3,549545,1.4413853,True,False,False,,45203,13424,7
lotka_volterra_r05,lotka_volterra,cost_model_cold,1605,1,4,549545,1.5809488,True,False,False,,77527,0,0
lotka_volterra_r05,lotka_volterra,cost_model_warm,1605,1,5,549545,1.2202149,True,False,False,,16154,23866,7
lotka_volterra_r05,lotka_volterra,timing,1605,1,6,549545,1.5737057,True,False,False,,75565,721,34
lotka_volterra_r05,lotka_volterra,timing_ovr1,1605,1,7,549545,1.3808185,True,False,False,,42875,13684,27
lotka_volterra_r05,lotka_volterra,timing_ovr2,1605,1,8,549545,1.4594469,True,False,False,,15737,24036,23
lotka_volterra_r05,lotka_volterra,T=100,1606,0,0,549545,1.5974459,True,False,False,,77756,0,0
lotka_volterra_r05,lotka_volterra,T=250,1606,0,1,549545,1.6004957,True,False,False,,77756,0,0
lotka_volterra_r05,lotka_volterra,T=400,1606,0,2,549545,1.5043193,True,False,False,,45241,13410,7
lotka_volterra_r05,lotka_volterra,cost_model_cold,1606,0,3,549545,1.5025158,True,False,False,,77756,0,0
lotka_volterra_r05,lotka_volterra,cost_model_warm,1606,0,4,549545,1.4576589,True,False,False,,16134,23899,7
lotka_volterra_r05,lotka_volterra,timing,1606,0,5,549545,1.4297238,True,False,False,,43822,12736,25
lotka_volterra_r05,lotka_volterra,timing_ovr1,1606,0,6,549545,1.4100569,True,False,False,,3129,28592,17
lotka_volterra_r05,lotka_volterra,timing_ovr2,1606,0,7,549545,1.4542765,True,False,False,,23491,20913,40
lotka_volterra_r05,lotka_volterra,timing_ovr1_eager,1606,0,8,549545,1.3851861,True,False,False,,7904,26887,199
lotka_volterra_r05,lotka_volterra,T=250,1606,1,0,549545,1.6153144,True,False,False,,77756,0,0
lotka_volterra_r05,lotka_volterra,T=400,1606,1,1,549545,1.3964375,True,False,False,,45241,13410,7
lotka_volterra_r05,lotka_volterra,cost_model_cold,1606,1,2,549545,1.6360172,True,False,False,,77756,0,0
lotka_volterra_r05,lotka_volterra,cost_model_warm,1606,1,3,549545,1.4442203,True,False,False,,16134,23899,7
lotka_volterra_r05,lotka_volterra,timing,1606,1,4,549545,1.5182605,True,False,False,,70713,2532,40
lotka_volterra_r05,lotka_volterra,timing_ovr1,1606,1,5,549545,1.3767626,True,False,False,,4404,28265,17
lotka_volterra_r05,lotka_volterra,timing_ovr2,1606,1,6,549545,1.4720835,True,False,False,,31541,17809,35
lotka_volterra_r05,lotka_volterra,timing_ovr1_eager,1606,1,7,549545,1.2913173,True,False,False,,6355,27503,187
lotka_volterra_r05,lotka_volterra,T=100,1606,1,8,549545,1.6678394,True,False,False,,77756,0,0
lotka_volterra_r05,lotka_volterra,T=400,1607,0,0,549545,1.4635236,True,False,False,,45231,13366,7
lotka_volterra_r05,lotka_volterra,cost_model_cold,1607,0,1,549545,1.4714975,True,False,False,,77575,0,0
lotka_volterra_r05,lotka_volterra,cost_model_warm,1607,0,2,549545,1.2546238,True,False,False,,16049,23914,7
lotka_volterra_r05,lotka_volterra,timing,1607,0,3,549545,1.4812834,True,False,False,,48485,11232,34
lotka_volterra_r05,lotka_volterra,timing_ovr1,1607,0,4,549545,1.2181729,True,False,False,,2228,28952,15
lotka_volterra_r05,lotka_volterra,timing_ovr2,1607,0,5,549545,1.2589331,True,False,False,,2396,28857,19
lotka_volterra_r05,lotka_volterra,timing_ovr1_eager,1607,0,6,549545,1.1459228,True,False,False,,10136,25889,189
lotka_volterra_r05,lotka_volterra,T=100,1607,0,7,549545,1.4496308,True,False,False,,77575,0,0
lotka_volterra_r05,lotka_volterra,T=250,1607,0,8,549545,1.4649903,True,False,False,,77575,0,0
lotka_volterra_r05,lotka_volterra,cost_model_cold,1607,1,0,549545,1.4580936,True,False,False,,77575,0,0
lotka_volterra_r05,lotka_volterra,cost_model_warm,1607,1,1,549545,1.0564989,True,False,False,,16049,23914,7
lotka_volterra_r05,lotka_volterra,timing,1607,1,2,549545,1.07657,True,False,False,,70795,2694,37
lotka_volterra_r05,lotka_volterra,timing_ovr1,1607,1,3,549545,1.3457846,True,False,False,,11180,25591,28
lotka_volterra_r05,lotka_volterra,timing_ovr2,1607,1,4,549545,1.3936469,True,False,False,,28021,18964,31
lotka_volterra_r05,lotka_volterra,timing_ovr1_eager,1607,1,5,549545,1.0930306,True,False,False,,10175,25951,207
lotka_volterra_r05,lotka_volterra,T=100,1607,1,6,549545,1.3770879,True,False,False,,77575,0,0
lotka_volterra_r05,lotka_volterra,T=250,1607,1,7,549545,1.3881322,True,False,False,,77575,0,0
lotka_volterra_r05,lotka_volterra,T=400,1607,1,8,549545,1.3384768,True,False,False,,45231,13366,7
lotka_volterra_r05,lotka_volterra,cost_model_warm,1608,0,0,549545,1.3372056,True,False,False,,16069,23936,7
lotka_volterra_r05,lotka_volterra,timing,1608,0,1,549545,1.3142898,True,False,False,,68176,3589,34
lotka_volterra_r05,lotka_volterra,timing_ovr1,1608,0,2,549545,1.217051,True,False,False,,3042,28756,21
lotka_volterra_r05,lotka_volterra,timing_ovr2,1608,0,3,549545,1.3279455,True,False,False,,46952,11780,51
lotka_volterra_r05,lotka_volterra,timing_ovr1_eager,1608,0,4,549545,1.4258505,True,False,False,,6897,27286,191
lotka_volterra_r05,lotka_volterra,T=100,1608,0,5,549545,1.4881599,True,False,False,,77880,0,0
lotka_volterra_r05,lotka_volterra,T=250,1608,0,6,549545,1.3648323,True,False,False,,77880,0,0
lotka_volterra_r05,lotka_volterra,T=400,1608,0,7,549545,1.206133,True,False,False,,45265,13440,7
lotka_volterra_r05,lotka_volterra,cost_model_cold,1608,0,8,549545,1.3438578,True,False,False,,77880,0,0
lotka_volterra_r05,lotka_volterra,timing,1608,1,0,549545,1.2961355,True,False,False,,56792,8514,23
lotka_volterra_r05,lotka_volterra,timing_ovr1,1608,1,1,549545,1.2926543,True,False,False,,20596,21967,27
lotka_volterra_r05,lotka_volterra,timing_ovr2,1608,1,2,549545,1.1355568,True,False,False,,12502,25340,25
lotka_volterra_r05,lotka_volterra,timing_ovr1_eager,1608,1,3,549545,0.7727558,True,False,False,,8071,26732,181
lotka_volterra_r05,lotka_volterra,T=100,1608,1,4,549545,0.8030815,True,False,False,,77880,0,0
lotka_volterra_r05,lotka_volterra,T=250,1608,1,5,549545,0.872728,True,False,False,,77880,0,0
lotka_volterra_r05,lotka_volterra,T=400,1608,1,6,549545,0.8238424,True,False,False,,45265,13440,7
lotka_volterra_r05,lotka_volterra,cost_model_cold,1608,1,7,549545,1.0253521,True,False,False,,77880,0,0
lotka_volterra_r05,lotka_volterra,cost_model_warm,1608,1,8,549545,0.7975262,True,False,False,,16069,23936,7
lotka_volterra_r1,lotka_volterra,timing_ovr1,1601,0,0,2198183,3.7054902,True,False,False,,36986,45819,47
lotka_volterra_r1,lotka_volterra,timing_ovr2,1601,0,1,2198183,3.0537419,True,False,False,,97812,22255,58
lotka_volterra_r1,lotka_volterra,timing_ovr1_eager,1601,0,2,2198183,3.9217445,True,False,False,,35105,46382,466
lotka_volterra_r1,lotka_volterra,T=100,1601,0,3,2198183,2.6360765,True,False,False,,155628,0,0
lotka_volterra_r1,lotka_volterra,T=250,1601,0,4,2198183,2.9075016,True,False,False,,155628,0,0
lotka_volterra_r1,lotka_volterra,T=400,1601,0,5,2198183,2.7309301,True,False,False,,155628,0,0
lotka_volterra_r1,lotka_volterra,cost_model_cold,1601,0,6,2198183,2.7049209,True,False,False,,155628,0,0
lotka_volterra_r1,lotka_volterra,cost_model_warm,1601,0,7,2198183,3.1189684,True,False,False,,155628,0,0
lotka_volterra_r1,lotka_volterra,timing,1601,0,8,2198183,3.1530263,True,False,False,,148545,2567,58
lotka_volterra_r1,lotka_volterra,timing_ovr2,1601,1,0,2198183,4.1504477,True,False,False,,52333,40485,45
lotka_volterra_r1,lotka_volterra,timing_ovr1_eager,1601,1,1,2198183,4.2774858,True,False,False,,39600,44605,490
lotka_volterra_r1,lotka_volterra,T=100,1601,1,2,2198183,2.7963918,True,False,False,,155628,0,0
lotka_volterra_r1,lotka_volterra,T=250,1601,1,3,2198183,3.3735691,True,False,False,,155628,0,0
lotka_volterra_r1,lotka_volterra,T=400,1601,1,4,2198183,3.1227599,True,False,False,,155628,0,0
lotka_volterra_r1,lotka_volterra,cost_model_cold,1601,1,5,2198183,2.9174398,True,False,False,,155628,0,0
lotka_volterra_r1,lotka_volterra,cost_model_warm,1601,1,6,2198183,3.03079,True,False,False,,155628,0,0
lotka_volterra_r1,lotka_volterra,timing,1601,1,7,2198183,3.8279209,True,False,False,,79424,29763,38
lotka_volterra_r1,lotka_volterra,timing_ovr1,1601,1,8,2198183,4.7816673,True,False,False,,9630,55901,47
lotka_volterra_r1,lotka_volterra,timing_ovr1_eager,1602,0,0,2198183,4.4666883,True,False,False,,48066,41329,501
lotka_volterra_r1,lotka_volterra,T=100,1602,0,1,2198183,3.2655682,True,False,False,,155244,0,0
lotka_volterra_r1,lotka_volterra,T=250,1602,0,2,2198183,3.1305297,True,False,False,,155244,0,0
lotka_volterra_r1,lotka_volterra,T=400,1602,0,3,2198183,3.3851191,True,False,False,,155244,0,0
lotka_volterra_r1,lotka_volterra,cost_model_cold,1602,0,4,2198183,3.3136024,True,False,False,,155244,0,0
lotka_volterra_r1,lotka_volterra,cost_model_warm,1602,0,5,2198183,3.3097611,True,False,False,,155244,0,0
lotka_volterra_r1,lotka_volterra,timing,1602,0,6,2198183,3.6485742,True,False,False,,133871,8068,48
lotka_volterra_r1,lotka_volterra,timing_ovr1,1602,0,7,2198183,4.8992403,True,False,False,,18622,52818,29
lotka_volterra_r1,lotka_volterra,timing_ovr2,1602,0,8,2198183,3.1942661,True,False,False,,84985,26960,40
lotka_volterra_r1,lotka_volterra,T=100,1602,1,0,2198183,2.835642,True,False,False,,155244,0,0
lotka_volterra_r1,lotka_volterra,T=250,1602,1,1,2198183,2.2814976,True,False,False,,155244,0,0
lotka_volterra_r1,lotka_volterra,T=400,1602,1,2,2198183,2.849985,True,False,False,,155244,0,0
lotka_volterra_r1,lotka_volterra,cost_model_cold,1602,1,3,2198183,3.1060443,True,False,False,,155244,0,0
lotka_volterra_r1,lotka_volterra,cost_model_warm,1602,1,4,2198183,3.065394,True,False,False,,155244,0,0
lotka_volterra_r1,lotka_volterra,timing,1602,1,5,2198183,3.1814091,True,False,False,,154106,443,58
lotka_volterra_r1,lotka_volterra,timing_ovr1,1602,1,6,2198183,4.08707,True,False,False,,26416,49858,35
lotka_volterra_r1,lotka_volterra,timing_ovr2,1602,1,7,2198183,4.0903199,True,False,False,,37630,45238,42
lotka_volterra_r1,lotka_volterra,timing_ovr1_eager,1602,1,8,2198183,3.9998094,True,False,False,,51970,39755,544
lotka_volterra_r1,lotka_volterra,T=250,1603,0,0,2198183,2.9032714,True,False,False,,155445,0,0
lotka_volterra_r1,lotka_volterra,T=400,1603,0,1,2198183,2.8488715,True,False,False,,155445,0,0
lotka_volterra_r1,lotka_volterra,cost_model_cold,1603,0,2,2198183,3.1736263,True,False,False,,155445,0,0
lotka_volterra_r1,lotka_volterra,cost_model_warm,1603,0,3,2198183,3.0770668,True,False,False,,155445,0,0
lotka_volterra_r1,lotka_volterra,timing,1603,0,4,2198183,3.0853623,True,False,False,,151328,1573,60
lotka_volterra_r1,lotka_volterra,timing_ovr1,1603,0,5,2198183,4.8286817,True,False,False,,20323,52260,49
lotka_volterra_r1,lotka_volterra,timing_ovr2,1603,0,6,2198183,3.9248557,True,False,False,,72573,31738,49
lotka_volterra_r1,lotka_volterra,timing_ovr1_eager,1603,0,7,2198183,4.1616478,True,False,False,,45598,42018,495
lotka_volterra_r1,lotka_volterra,T=100,1603,0,8,2198183,3.0079583,True,False,False,,155445,0,0
lotka_volterra_r1,lotka_volterra,T=400,1603,1,0,2198183,2.9404943,True,False,False,,155445,0,0
lotka_volterra_r1,lotka_volterra,cost_model_cold,1603,1,1,2198183,3.2229615,True,False,False,,155445,0,0
lotka_volterra_r1,lotka_volterra,cost_model_warm,1603,1,2,2198183,3.123674,True,False,False,,155445,0,0
lotka_volterra_r1,lotka_volterra,timing,1603,1,3,2198183,3.0303887,True,False,False,,153469,668,60
lotka_volterra_r1,lotka_volterra,timing_ovr1,1603,1,4,2198183,3.9281124,True,False,False,,63340,35304,51
lotka_volterra_r1,lotka_volterra,timing_ovr2,1603,1,5,2198183,4.8053152,True,False,False,,34182,46889,39
lotka_volterra_r1,lotka_volterra,timing_ovr1_eager,1603,1,6,2198183,4.4072522,True,False,False,,48314,41441,500
lotka_volterra_r1,lotka_volterra,T=100,1603,1,7,2198183,3.2036493,True,False,False,,155445,0,0
lotka_volterra_r1,lotka_volterra,T=250,1603,1,8,2198183,3.2432012,True,False,False,,155445,0,0
lotka_volterra_r1,lotka_volterra,cost_model_cold,1604,0,0,2198183,3.1842529,True,False,False,,155527,0,0
lotka_volterra_r1,lotka_volterra,cost_model_warm,1604,0,1,2198183,3.0439711,True,False,False,,155527,0,0
lotka_volterra_r1,lotka_volterra,timing,1604,0,2,2198183,3.2871627,True,False,False,,148057,3015,61
lotka_volterra_r1,lotka_volterra,timing_ovr1,1604,0,3,2198183,4.7988625,True,False,False,,32992,47258,61
lotka_volterra_r1,lotka_volterra,timing_ovr2,1604,0,4,2198183,4.2238855,True,False,False,,53032,39937,53
lotka_volterra_r1,lotka_volterra,timing_ovr1_eager,1604,0,5,2198183,4.5588867,True,False,False,,45249,42128,515
lotka_volterra_r1,lotka_volterra,T=100,1604,0,6,2198183,3.167011,True,False,False,,155527,0,0
lotka_volterra_r1,lotka_volterra,T=250,1604,0,7,2198183,3.3328552,True,False,False,,155527,0,0
lotka_volterra_r1,lotka_volterra,T=400,1604,0,8,2198183,3.3201076,True,False,False,,155527,0,0
lotka_volterra_r1,lotka_volterra,cost_model_warm,1604,1,0,2198183,3.0475942,True,False,False,,155527,0,0
lotka_volterra_r1,lotka_volterra,timing,1604,1,1,2198183,3.1733812,True,False,False,,151204,1544,52
lotka_volterra_r1,lotka_volterra,timing_ovr1,1604,1,2,2198183,4.9308023,True,False,False,,35854,45596,37
lotka_volterra_r1,lotka_volterra,timing_ovr2,1604,1,3,2198183,3.3690651,True,False,False,,102152,21082,64
lotka_volterra_r1,lotka_volterra,timing_ovr1_eager,1604,1,4,2198183,4.2655916,True,False,False,,50929,40386,539
lotka_volterra_r1,lotka_volterra,T=100,1604,1,5,2198183,3.1129311,True,False,False,,155527,0,0
lotka_volterra_r1,lotka_volterra,T=250,1604,1,6,2198183,1.8884961,True,False,False,,155527,0,0
lotka_volterra_r1,lotka_volterra,T=400,1604,1,7,2198183,1.7334715,True,False,False,,155527,0,0
lotka_volterra_r1,lotka_volterra,cost_model_cold,1604,1,8,2198183,1.8371911,True,False,False,,155527,0,0
lotka_volterra_r1,lotka_volterra,timing,1605,0,0,2198183,2.449414,True,False,False,,152298,1114,62
lotka_volterra_r1,lotka_volterra,timing_ovr1,1605,0,1,2198183,4.5326924,True,False,False,,3579,58440,35
lotka_volterra_r1,lotka_volterra,timing_ovr2,1605,0,2,2198183,3.6220067,True,False,False,,95256,22923,46
lotka_volterra_r1,lotka_volterra,timing_ovr1_eager,1605,0,3,2198183,4.0011771,True,False,False,,55534,38628,531
lotka_volterra_r1,lotka_volterra,T=100,1605,0,4,2198183,2.975095,True,False,False,,155087,0,0
lotka_volterra_r1,lotka_volterra,T=250,1605,0,5,2198183,2.9774694,True,False,False,,155087,0,0
lotka_volterra_r1,lotka_volterra,T=400,1605,0,6,2198183,2.8935624,True,False,False,,155087,0,0
lotka_volterra_r1,lotka_volterra,cost_model_cold,1605,0,7,2198183,3.0564829,True,False,False,,155087,0,0
lotka_volterra_r1,lotka_volterra,cost_model_warm,1605,0,8,2198183,2.9310854,True,False,False,,155087,0,0
lotka_volterra_r1,lotka_volterra,timing_ovr1,1605,1,0,2198183,4.7262303,True,False,False,,14088,54503,37
lotka_volterra_r1,lotka_volterra,timing_ovr2,1605,1,1,2198183,3.0131104,True,False,False,,100675,20747,61
lotka_volterra_r1,lotka_volterra,timing_ovr1_eager,1605,1,2,2198183,4.0649486,True,False,False,,47581,41572,483
lotka_volterra_r1,lotka_volterra,T=100,1605,1,3,2198183,3.1064678,True,False,False,,155087,0,0
lotka_volterra_r1,lotka_volterra,T=250,1605,1,4,2198183,2.8105708,True,False,False,,155087,0,0
lotka_volterra_r1,lotka_volterra,T=400,1605,1,5,2198183,3.0950144,True,False,False,,155087,0,0
lotka_volterra_r1,lotka_volterra,cost_model_cold,1605,1,6,2198183,2.7036162,True,False,False,,155087,0,0
lotka_volterra_r1,lotka_volterra,cost_model_warm,1605,1,7,2198183,2.618877,True,False,False,,155087,0,0
lotka_volterra_r1,lotka_volterra,timing,1605,1,8,2198183,2.6739556,True,False,False,,152253,1025,56
lotka_volterra_r1,lotka_volterra,timing_ovr2,1606,0,0,2198183,3.6620961,True,False,False,,54914,39260,59
lotka_volterra_r1,lotka_volterra,timing_ovr1_eager,1606,0,1,2198183,4.1446181,True,False,False,,47125,41939,515
lotka_volterra_r1,lotka_volterra,T=100,1606,0,2,2198183,2.7905266,True,False,False,,155668,0,0
lotka_volterra_r1,lotka_volterra,T=250,1606,0,3,2198183,3.2440899,True,False,False,,155668,0,0
lotka_volterra_r1,lotka_volterra,T=400,1606,0,4,2198183,3.1145965,True,False,False,,155668,0,0
lotka_volterra_r1,lotka_volterra,cost_model_cold,1606,0,5,2198183,2.877761,True,False,False,,155668,0,0
lotka_volterra_r1,lotka_volterra,cost_model_warm,1606,0,6,2198183,3.0210303,True,False,False,,155668,0,0
lotka_volterra_r1,lotka_volterra,timing,1606,0,7,2198183,3.5865018,True,False,False,,99049,21172,49
lotka_volterra_r1,lotka_volterra,timing_ovr1,1606,0,8,2198183,3.6180161,True,False,False,,35012,46791,41
lotka_volterra_r1,lotka_volterra,timing_ovr1_eager,1606,1,0,2198183,3.9853795,True,False,False,,54919,38765,512
lotka_volterra_r1,lotka_volterra,T=100,1606,1,1,2198183,2.8777741,True,False,False,,155668,0,0
lotka_volterra_r1,lotka_volterra,T=250,1606,1,2,2198183,2.8748098,True,False,False,,155668,0,0
lotka_volterra_r1,lotka_volterra,T=400,1606,1,3,2198183,2.9191891,True,False,False,,155668,0,0
lotka_volterra_r1,lotka_volterra,cost_model_cold,1606,1,4,2198183,2.9228279,True,False,False,,155668,0,0
lotka_volterra_r1,lotka_volterra,cost_model_warm,1606,1,5,2198183,2.845711,True,False,False,,155668,0,0
lotka_volterra_r1,lotka_volterra,timing,1606,1,6,2198183,3.382697,True,False,False,,96277,22640,38
lotka_volterra_r1,lotka_volterra,timing_ovr1,1606,1,7,2198183,4.5697267,True,False,False,,40688,43804,39
lotka_volterra_r1,lotka_volterra,timing_ovr2,1606,1,8,2198183,3.9085671,True,False,False,,77722,30740,54
lotka_volterra_r1,lotka_volterra,T=100,1607,0,0,2198183,2.8879386,True,False,False,,155269,0,0
lotka_volterra_r1,lotka_volterra,T=250,1607,0,1,2198183,2.8166038,True,False,False,,155269,0,0
lotka_volterra_r1,lotka_volterra,T=400,1607,0,2,2198183,3.0238585,True,False,False,,155269,0,0
lotka_volterra_r1,lotka_volterra,cost_model_cold,1607,0,3,2198183,2.843787,True,False,False,,155269,0,0
lotka_volterra_r1,lotka_volterra,cost_model_warm,1607,0,4,2198183,3.1768289,True,False,False,,155269,0,0
lotka_volterra_r1,lotka_volterra,timing,1607,0,5,2198183,3.5078741,True,False,False,,148832,2418,60
lotka_volterra_r1,lotka_volterra,timing_ovr1,1607,0,6,2198183,5.1228231,True,False,False,,18532,52825,47
lotka_volterra_r1,lotka_volterra,timing_ovr2,1607,0,7,2198183,4.1968057,True,False,False,,71318,32193,46
lotka_volterra_r1,lotka_volterra,timing_ovr1_eager,1607,0,8,2198183,4.713024,True,False,False,,43396,42671,470
lotka_volterra_r1,lotka_volterra,T=250,1607,1,0,2198183,3.1567323,True,False,False,,155269,0,0
lotka_volterra_r1,lotka_volterra,T=400,1607,1,1,2198183,3.4369426,True,False,False,,155269,0,0
lotka_volterra_r1,lotka_volterra,cost_model_cold,1607,1,2,2198183,3.2891431,True,False,False,,155269,0,0
lotka_volterra_r1,lotka_volterra,cost_model_warm,1607,1,3,2198183,3.3837764,True,False,False,,155269,0,0
lotka_volterra_r1,lotka_volterra,timing,1607,1,4,2198183,3.2655954,True,False,False,,154764,182,64
lotka_volterra_r1,lotka_volterra,timing_ovr1,1607,1,5,2198183,5.1344388,True,False,False,,7525,56842,33
lotka_volterra_r1,lotka_volterra,timing_ovr2,1607,1,6,2198183,5.1255274,True,False,False,,21712,51364,31
lotka_volterra_r1,lotka_volterra,timing_ovr1_eager,1607,1,7,2198183,4.4044109,True,False,False,,38328,44849,461
lotka_volterra_r1,lotka_volterra,T=100,1607,1,8,2198183,2.4527028,True,False,False,,155269,0,0
lotka_volterra_r1,lotka_volterra,T=400,1608,0,0,2198183,2.3701552,True,False,False,,155531,0,0
lotka_volterra_r1,lotka_volterra,cost_model_cold,1608,0,1,2198183,2.034872,True,False,False,,155531,0,0
lotka_volterra_r1,lotka_volterra,cost_model_warm,1608,0,2,2198183,2.9652729,True,False,False,,155531,0,0
lotka_volterra_r1,lotka_volterra,timing,1608,0,3,2198183,3.4901534,True,False,False,,100939,21118,52
lotka_volterra_r1,lotka_volterra,timing_ovr1,1608,0,4,2198183,4.8025747,True,False,False,,18615,52843,33
lotka_volterra_r1,lotka_volterra,timing_ovr2,1608,0,5,2198183,4.1321286,True,False,False,,49974,40299,41
lotka_volterra_r1,lotka_volterra,timing_ovr1_eager,1608,0,6,2198183,4.3454178,True,False,False,,42193,43755,477
lotka_volterra_r1,lotka_volterra,T=100,1608,0,7,2198183,2.9613948,True,False,False,,155531,0,0
lotka_volterra_r1,lotka_volterra,T=250,1608,0,8,2198183,3.0531419,True,False,False,,155531,0,0
lotka_volterra_r1,lotka_volterra,cost_model_cold,1608,1,0,2198183,2.9925083,True,False,False,,155531,0,0
lotka_volterra_r1,lotka_volterra,cost_model_warm,1608,1,1,2198183,2.8393752,True,False,False,,155531,0,0
lotka_volterra_r1,lotka_volterra,timing,1608,1,2,2198183,2.9911836,True,False,False,,134009,8446,53
lotka_volterra_r1,lotka_volterra,timing_ovr1,1608,1,3,2198183,4.1738785,True,False,False,,8199,56726,25
lotka_volterra_r1,lotka_volterra,timing_ovr2,1608,1,4,2198183,2.8961153,True,False,False,,138675,6384,54
lotka_volterra_r1,lotka_volterra,timing_ovr1_eager,1608,1,5,2198183,4.1731721,True,False,False,,49260,40922,499
lotka_volterra_r1,lotka_volterra,T=100,1608,1,6,2198183,2.9117618,True,False,False,,155531,0,0
lotka_volterra_r1,lotka_volterra,T=250,1608,1,7,2198183,2.7289039,True,False,False,,155531,0,0
lotka_volterra_r1,lotka_volterra,T=400,1608,1,8,2198183,3.0118889,True,False,False,,155531,0,0
shrinking_r05,shrinking,cost_model_warm,1601,0,0,285902,0.0077856,True,False,False,,1,1077,1
shrinking_r05,shrinking,timing,1601,0,1,285902,0.0172481,True,False,False,,2221,2,2
shrinking_r05,shrinking,timing_ovr1,1601,0,2,285902,0.0208178,True,False,False,,1804,192,2
shrinking_r05,shrinking,timing_ovr2,1601,0,3,285902,0.0091623,True,False,False,,280,935,5
shrinking_r05,shrinking,timing_ovr1_eager,1601,0,4,285902,0.0127131,True,False,False,,71,1035,7
shrinking_r05,shrinking,T=100,1601,0,5,285902,0.0147159,True,False,False,,1379,414,1
shrinking_r05,shrinking,T=250,1601,0,6,285902,0.0138507,True,False,False,,75,1035,1
shrinking_r05,shrinking,T=400,1601,0,7,285902,0.010392,True,False,False,,1,1077,1
shrinking_r05,shrinking,cost_model_cold,1601,0,8,285902,0.010107,True,False,False,,576,799,1
shrinking_r05,shrinking,timing,1601,1,0,285902,0.0200664,True,False,False,,2221,2,2
shrinking_r05,shrinking,timing_ovr1,1601,1,1,285902,0.0236209,True,False,False,,1455,361,2
shrinking_r05,shrinking,timing_ovr2,1601,1,2,285902,0.0170097,True,False,False,,279,941,3
shrinking_r05,shrinking,timing_ovr1_eager,1601,1,3,285902,0.0211444,True,False,False,,1449,361,10
shrinking_r05,shrinking,T=100,1601,1,4,285902,0.0225867,True,False,False,,1379,414,1
shrinking_r05,shrinking,T=250,1601,1,5,285902,0.0171871,True,False,False,,75,1035,1
shrinking_r05,shrinking,T=400,1601,1,6,285902,0.0208458,True,False,False,,1,1077,1
shrinking_r05,shrinking,cost_model_cold,1601,1,7,285902,0.0136559,True,False,False,,576,799,1
shrinking_r05,shrinking,cost_model_warm,1601,1,8,285902,0.0080293,True,False,False,,1,1077,1
shrinking_r05,shrinking,timing_ovr1,1602,0,0,285902,0.0091465,True,False,False,,258,953,3
shrinking_r05,shrinking,timing_ovr2,1602,0,1,285902,0.0091352,True,False,False,,273,943,3
shrinking_r05,shrinking,timing_ovr1_eager,1602,0,2,285902,0.0086512,True,False,False,,68,1037,5
shrinking_r05,shrinking,T=100,1602,0,3,285902,0.0138335,True,False,False,,1370,412,1
shrinking_r05,shrinking,T=250,1602,0,4,285902,0.0109022,True,False,False,,72,1035,1
shrinking_r05,shrinking,T=400,1602,0,5,285902,0.0054122,True,False,False,,1,1067,1
shrinking_r05,shrinking,cost_model_cold,1602,0,6,285902,0.0102422,True,False,False,,551,801,1
shrinking_r05,shrinking,cost_model_warm,1602,0,7,285902,0.0086271,True,False,False,,1,1067,1
shrinking_r05,shrinking,timing,1602,0,8,285902,0.0166765,True,False,False,,2166,2,2
shrinking_r05,shrinking,timing_ovr2,1602,1,0,285902,0.0091904,True,False,False,,273,943,3
shrinking_r05,shrinking,timing_ovr1_eager,1602,1,1,285902,0.0071418,True,False,False,,68,1037,5
shrinking_r05,shrinking,T=100,1602,1,2,285902,0.013665,True,False,False,,1370,412,1
shrinking_r05,shrinking,T=250,1602,1,3,285902,0.0081903,True,False,False,,72,1035,1
shrinking_r05,shrinking,T=400,1602,1,4,285902,0.0076641,True,False,False,,1,1067,1
shrinking_r05,shrinking,cost_model_cold,1602,1,5,285902,0.0112006,True,False,False,,551,801,1
shrinking_r05,shrinking,cost_model_warm,1602,1,6,285902,0.0112946,True,False,False,,1,1067,1
shrinking_r05,shrinking,timing,1602,1,7,285902,0.0124777,True,False,False,,1054,557,3
shrinking_r05,shrinking,timing_ovr1,1602,1,8,285902,0.009044,True,False,False,,256,944,1
shrinking_r05,shrinking,timing_ovr1_eager,1603,0,0,285902,0.0172289,True,False,False,,2123,35,10
shrinking_r05,shrinking,T=100,1603,0,1,285902,0.0108304,True,False,False,,1305,414,1
shrinking_r05,shrinking,T=250,1603,0,2,285902,0.0070509,True,False,False,,68,1035,1
shrinking_r05,shrinking,T=400,1603,0,3,285902,0.008492,True,False,False,,1,1067,1
shrinking_r05,shrinking,cost_model_cold,1603,0,4,285902,0.0124844,True,False,False,,532,804,1
shrinking_r05,shrinking,cost_model_warm,1603,0,5,285902,0.0071653,True,False,False,,1,1067,1
shrinking_r05,shrinking,timing,1603,0,6,285902,0.0164195,True,False,False,,2174,2,2
shrinking_r05,shrinking,timing_ovr1,1603,0,7,285902,0.0155334,True,False,False,,1428,352,2
shrinking_r05,shrinking,timing_ovr2,1603,0,8,285902,0.0168459,True,False,False,,836,655,5
shrinking_r05,shrinking,T=100,1603,1,0,285902,0.0148291,True,False,False,,1305,414,1
shrinking_r05,shrinking,T=250,1603,1,1,285902,0.0096278,True,False,False,,68,1035,1
shrinking_r05,shrinking,T=400,1603,1,2,285902,0.0115106,True,False,False,,1,1067,1
shrinking_r05,shrinking,cost_model_cold,1603,1,3,285902,0.0160888,True,False,False,,532,804,1
shrinking_r05,shrinking,cost_model_warm,1603,1,4,285902,0.0159936,True,False,False,,1,1067,1
shrinking_r05,shrinking,timing,1603,1,5,285902,0.0258682,True,False,False,,2174,2,2
shrinking_r05,shrinking,timing_ovr1,1603,1,6,285902,0.0132894,True,False,False,,565,786,3
shrinking_r05,shrinking,timing_ovr2,1603,1,7,285902,0.0219282,True,False,False,,326,913,7
shrinking_r05,shrinking,timing_ovr1_eager,1603,1,8,285902,0.0164352,True,False,False,,192,980,7
shrinking_r05,shrinking,T=250,1604,0,0,285902,0.0145289,True,False,False,,74,1034,1
shrinking_r05,shrinking,T=400,1604,0,1,285902,0.0106417,True,False,False,,1,1071,1
shrinking_r05,shrinking,cost_model_cold,1604,0,2,285902,0.0116274,True,False,False,,559,803,1
shrinking_r05,shrinking,cost_model_warm,1604,0,3,285902,0.0066751,True,False,False,,1,1071,1
shrinking_r05,shrinking,timing,1604,0,4,285902,0.0148194,True,False,False,,1154,518,3
shrinking_r05,shrinking,timing_ovr1,1604,0,5,285902,0.0097409,True,False,False,,263,947,3
shrinking_r05,shrinking,timing_ovr2,1604,0,6,285902,0.0111214,True,False,False,,304,932,3
shrinking_r05,shrinking,timing_ovr1_eager,1604,0,7,285902,0.0075977,True,False,False,,70,1040,7
shrinking_r05,shrinking,T=100,1604,0,8,285902,0.013896,True,False,False,,1345,419,1
shrinking_r05,shrinking,T=400,1604,1,0,285902,0.0091612,True,False,False,,1,1071,1
shrinking_r05,shrinking,cost_model_cold,1604,1,1,285902,0.016571,True,False,False,,559,803,1
shrinking_r05,shrinking,cost_model_warm,1604,1,2,285902,0.0143169,True,False,False,,1,1071,1
shrinking_r05,shrinking,timing,1604,1,3,285902,0.0242348,True,False,False,,2212,2,2
shrinking_r05,shrinking,timing_ovr1,1604,1,4,285902,0.0094432,True,False,False,,263,947,7
shrinking_r05,shrinking,timing_ovr2,1604,1,5,285902,0.0079515,True,False,False,,267,947,3
shrinking_r05,shrinking,timing_ovr1_eager,1604,1,6,285902,0.0092023,True,False,False,,68,1041,5
shrinking_r05,shrinking,T=100,1604,1,7,285902,0.0171675,True,False,False,,1345,419,1
shrinking_r05,shrinking,T=250,1604,1,8,285902,0.0092246,True,False,False,,74,1034,1
shrinking_r05,shrinking,cost_model_cold,1605,0,0,285902,0.0109395,True,False,False,,557,802,1
shrinking_r05,shrinking,cost_model_warm,1605,0,1,285902,0.0093427,True,False,False,,1,1070,1
shrinking_r05,shrinking,timing,1605,0,2,285902,0.0187191,True,False,False,,2169,2,2
shrinking_r05,shrinking,timing_ovr1,1605,0,3,285902,0.0091851,True,False,False,,258,943,3
shrinking_r05,shrinking,timing_ovr2,1605,0,4,285902,0.0090476,True,False,False,,268,941,3
shrinking_r05,shrinking,timing_ovr1_eager,1605,0,5,285902,0.0066144,True,False,False,,72,1037,9
shrinking_r05,shrinking,T=100,1605,0,6,285902,0.0119071,True,False,False,,1353,414,1
shrinking_r05,shrinking,T=250,1605,0,7,285902,0.0086044,True,False,False,,67,1038,1
shrinking_r05,shrinking,T=400,1605,0,8,285902,0.0163565,True,False,False,,1,1070,1
shrinking_r05,shrinking,cost_model_warm,1605,1,0,285902,0.0158755,True,False,False,,1,1070,1
shrinking_r05,shrinking,timing,1605,1,1,285902,0.017989,True,False,False,,569,791,3
shrinking_r05,shrinking,timing_ovr1,1605,1,2,285902,0.0183723,True,False,False,,898,632,3
shrinking_r05,shrinking,timing_ovr2,1605,1,3,285902,0.0167793,True,False,False,,325,916,7
shrinking_r05,shrinking,timing_ovr1_eager,1605,1,4,285902,0.025605,True,False,False,,1038,556,8
shrinking_r05,shrinking,T=100,1605,1,5,285902,0.0216044,True,False,False,,1353,414,1
shrinking_r05,shrinking,T=250,1605,1,6,285902,0.0185584,True,False,False,,67,1038,1
shrinking_r05,shrinking,T=400,1605,1,7,285902,0.0159209,True,False,False,,1,1070,1
shrinking_r05,shrinking,cost_model_cold,1605,1,8,285902,0.0186217,True,False,False,,557,802,1
shrinking_r05,shrinking,timing,1606,0,0,285902,0.0187732,True,False,False,,745,693,3
shrinking_r05,shrinking,timing_ovr1,1606,0,1,285902,0.0274804,True,False,False,,1940,92,2
shrinking_r05,shrinking,timing_ovr2,1606,0,2,285902,0.0245336,True,False,False,,2160,2,2
shrinking_r05,shrinking,timing_ovr1_eager,1606,0,3,285902,0.0051594,True,False,False,,74,1033,7
shrinking_r05,shrinking,T=100,1606,0,4,285902,0.0096448,True,False,False,,1326,417,1
shrinking_r05,shrinking,T=250,1606,0,5,285902,0.0086475,True,False,False,,71,1034,1
shrinking_r05,shrinking,T=400,1606,0,6,285902,0.0086722,True,False,False,,1,1069,1
shrinking_r05,shrinking,cost_model_cold,1606,0,7,285902,0.0095702,True,False,False,,530,802,1
shrinking_r05,shrinking,cost_model_warm,1606,0,8,285902,0.0069429,True,False,False,,1,1069,1
shrinking_r05,shrinking,timing_ovr1,1606,1,0,285902,0.0091379,True,False,False,,256,941,1
shrinking_r05,shrinking,timing_ovr2,1606,1,1,285902,0.0145568,True,False,False,,1106,504,4
shrinking_r05,shrinking,timing_ovr1_eager,1606,1,2,285902,0.0086027,True,False,False,,68,1037,5
shrinking_r05,shrinking,T=100,1606,1,3,285902,0.0135059,True,False,False,,1326,417,1
shrinking_r05,shrinking,T=250,1606,1,4,285902,0.0088123,True,False,False,,71,1034,1
shrinking_r05,shrinking,T=400,1606,1,5,285902,0.0080351,True,False,False,,1,1069,1
shrinking_r05,shrinking,cost_model_cold,1606,1,6,285902,0.0093798,True,False,False,,530,802,1
shrinking_r05,shrinking,cost_model_warm,1606,1,7,285902,0.0076492,True,False,False,,1,1069,1
shrinking_r05,shrinking,timing,1606,1,8,285902,0.0301145,True,False,False,,2120,6,4
shrinking_r05,shrinking,timing_ovr2,1607,0,0,285902,0.0108257,True,False,False,,354,902,3
shrinking_r05,shrinking,timing_ovr1_eager,1607,0,1,285902,0.0160069,True,False,False,,68,1039,5
shrinking_r05,shrinking,T=100,1607,0,2,285902,0.0235902,True,False,False,,1345,412,1
shrinking_r05,shrinking,T=250,1607,0,3,285902,0.0160125,True,False,False,,73,1034,1
shrinking_r05,shrinking,T=400,1607,0,4,285902,0.0140632,True,False,False,,1,1073,1
shrinking_r05,shrinking,cost_model_cold,1607,0,5,285902,0.018271,True,False,False,,561,804,1
shrinking_r05,shrinking,cost_model_warm,1607,0,6,285902,0.0159288,True,False,False,,1,1073,1
shrinking_r05,shrinking,timing,1607,0,7,285902,0.0324286,True,False,False,,2194,2,2
shrinking_r05,shrinking,timing_ovr1,1607,0,8,285902,0.0165906,True,False,False,,256,947,1
shrinking_r05,shrinking,timing_ovr1_eager,1607,1,0,285902,0.0100632,True,False,False,,68,1039,5
shrinking_r05,shrinking,T=100,1607,1,1,285902,0.019618,True,False,False,,1345,412,1
shrinking_r05,shrinking,T=250,1607,1,2,285902,0.0141237,True,False,False,,73,1034,1
shrinking_r05,shrinking,T=400,1607,1,3,285902,0.0103735,True,False,False,,1,1073,1
shrinking_r05,shrinking,cost_model_cold,1607,1,4,285902,0.0084482,True,False,False,,561,804,1
shrinking_r05,shrinking,cost_model_warm,1607,1,5,285902,0.009778,True,False,False,,1,1073,1
shrinking_r05,shrinking,timing,1607,1,6,285902,0.0167203,True,False,False,,733,711,3
shrinking_r05,shrinking,timing_ovr1,1607,1,7,285902,0.0286091,True,False,False,,1806,190,2
shrinking_r05,shrinking,timing_ovr2,1607,1,8,285902,0.0106923,True,False,False,,363,898,9
shrinking_r05,shrinking,T=100,1608,0,0,285902,0.0196811,True,False,False,,1368,414,1
shrinking_r05,shrinking,T=250,1608,0,1,285902,0.014338,True,False,False,,79,1033,1
shrinking_r05,shrinking,T=400,1608,0,2,285902,0.01431,True,False,False,,1,1070,1
shrinking_r05,shrinking,cost_model_cold,1608,0,3,285902,0.018816,True,False,False,,578,802,1
shrinking_r05,shrinking,cost_model_warm,1608,0,4,285902,0.0142915,True,False,False,,1,1070,1
shrinking_r05,shrinking,timing,1608,0,5,285902,0.0212141,True,False,False,,2227,2,2
shrinking_r05,shrinking,timing_ovr1,1608,0,6,285902,0.0093805,True,False,False,,256,949,1
shrinking_r05,shrinking,timing_ovr2,1608,0,7,285902,0.0092208,True,False,False,,282,939,7
shrinking_r05,shrinking,timing_ovr1_eager,1608,0,8,285902,0.0087698,True,False,False,,70,1036,7
shrinking_r05,shrinking,T=250,1608,1,0,285902,0.0098772,True,False,False,,79,1033,1
shrinking_r05,shrinking,T=400,1608,1,1,285902,0.0115035,True,False,False,,1,1070,1
shrinking_r05,shrinking,cost_model_cold,1608,1,2,285902,0.0134617,True,False,False,,578,802,1
shrinking_r05,shrinking,cost_model_warm,1608,1,3,285902,0.0092742,True,False,False,,1,1070,1
shrinking_r05,shrinking,timing,1608,1,4,285902,0.0152282,True,False,False,,1739,239,3
shrinking_r05,shrinking,timing_ovr1,1608,1,5,285902,0.0066973,True,False,False,,256,949,1
shrinking_r05,shrinking,timing_ovr2,1608,1,6,285902,0.0215484,True,False,False,,1634,277,8
shrinking_r05,shrinking,timing_ovr1_eager,1608,1,7,285902,0.0121653,True,False,False,,70,1041,7
shrinking_r05,shrinking,T=100,1608,1,8,285902,0.0209418,True,False,False,,1368,414,1
shrinking_r1,shrinking,T=400,1601,0,0,1143610,0.0405536,True,False,False,,999,1650,1
shrinking_r1,shrinking,cost_model_cold,1601,0,1,1143610,0.0403426,True,False,False,,2782,793,1
shrinking_r1,shrinking,cost_model_warm,1601,0,2,1143610,0.0390231,True,False,False,,1795,1265,1
shrinking_r1,shrinking,timing,1601,0,3,1143610,0.0485256,True,False,False,,4381,2,2
shrinking_r1,shrinking,timing_ovr1,1601,0,4,1143610,0.039336,True,False,False,,4364,14,6
shrinking_r1,shrinking,timing_ovr2,1601,0,5,1143610,0.032193,True,False,False,,1109,1613,3
shrinking_r1,shrinking,timing_ovr1_eager,1601,0,6,1143610,0.0456127,True,False,False,,1815,1246,17
shrinking_r1,shrinking,T=100,1601,0,7,1143610,0.0359216,True,False,False,,3564,403,1
shrinking_r1,shrinking,T=250,1601,0,8,1143610,0.0254578,True,False,False,,2302,1023,1
shrinking_r1,shrinking,cost_model_cold,1601,1,0,1143610,0.0429171,True,False,False,,2782,793,1
shrinking_r1,shrinking,cost_model_warm,1601,1,1,1143610,0.0482614,True,False,False,,1795,1265,1
shrinking_r1,shrinking,timing,1601,1,2,1143610,0.0421728,True,False,False,,4381,2,2
shrinking_r1,shrinking,timing_ovr1,1601,1,3,1143610,0.0448007,True,False,False,,1404,1469,9
shrinking_r1,shrinking,timing_ovr2,1601,1,4,1143610,0.0368351,True,False,False,,1024,1649,3
shrinking_r1,shrinking,timing_ovr1_eager,1601,1,5,1143610,0.0520454,True,False,False,,1155,1581,15
shrinking_r1,shrinking,T=100,1601,1,6,1143610,0.0477515,True,False,False,,3564,403,1
shrinking_r1,shrinking,T=250,1601,1,7,1143610,0.0336394,True,False,False,,2302,1023,1
shrinking_r1,shrinking,T=400,1601,1,8,1143610,0.0269271,True,False,False,,999,1650,1
shrinking_r1,shrinking,cost_model_warm,1602,0,0,1143610,0.0396186,True,False,False,,1767,1267,1
shrinking_r1,shrinking,timing,1602,0,1,1143610,0.0635057,True,False,False,,4344,2,2
shrinking_r1,shrinking,timing_ovr1,1602,0,2,1143610,0.068397,True,False,False,,3911,242,10
shrinking_r1,shrinking,timing_ovr2,1602,0,3,1143610,0.0641102,True,False,False,,3519,422,4
shrinking_r1,shrinking,timing_ovr1_eager,1602,0,4,1143610,0.029837,True,False,False,,1843,1233,13
shrinking_r1,shrinking,T=100,1602,0,5,1143610,0.0347381,True,False,False,,3534,407,1
shrinking_r1,shrinking,T=250,1602,0,6,1143610,0.0498157,True,False,False,,2248,1032,1
shrinking_r1,shrinking,T=400,1602,0,7,1143610,0.0547441,True,False,False,,985,1652,1
shrinking_r1,shrinking,cost_model_cold,1602,0,8,1143610,0.0515418,True,False,False,,2719,796,1
shrinking_r1,shrinking,timing,1602,1,0,1143610,0.0477224,True,False,False,,659,1804,3
shrinking_r1,shrinking,timing_ovr1,1602,1,1,1143610,0.0485794,True,False,False,,4103,126,4
shrinking_r1,shrinking,timing_ovr2,1602,1,2,1143610,0.0396084,True,False,False,,4326,23,4
shrinking_r1,shrinking,timing_ovr1_eager,1602,1,3,1143610,0.0498896,True,False,False,,1428,1433,17
shrinking_r1,shrinking,T=100,1602,1,4,1143610,0.0390029,True,False,False,,3534,407,1
shrinking_r1,shrinking,T=250,1602,1,5,1143610,0.0481504,True,False,False,,2248,1032,1
shrinking_r1,shrinking,T=400,1602,1,6,1143610,0.0385166,True,False,False,,985,1652,1
shrinking_r1,shrinking,cost_model_cold,1602,1,7,1143610,0.028808,True,False,False,,2719,796,1
shrinking_r1,shrinking,cost_model_warm,1602,1,8,1143610,0.046932,True,False,False,,1767,1267,1
shrinking_r1,shrinking,timing_ovr1,1603,0,0,1143610,0.0591529,True,False,False,,3843,235,4
shrinking_r1,shrinking,timing_ovr2,1603,0,1,1143610,0.0393321,True,False,False,,272,1995,3
shrinking_r1,shrinking,timing_ovr1_eager,1603,0,2,1143610,0.0338661,True,False,False,,1234,1528,15
shrinking_r1,shrinking,T=100,1603,0,3,1143610,0.0461156,True,False,False,,3565,407,1
shrinking_r1,shrinking,T=250,1603,0,4,1143610,0.035921,True,False,False,,2248,1023,1
shrinking_r1,shrinking,T=400,1603,0,5,1143610,0.0287559,True,False,False,,972,1647,1
shrinking_r1,shrinking,cost_model_cold,1603,0,6,1143610,0.02687,True,False,False,,2747,791,1
shrinking_r1,shrinking,cost_model_warm,1603,0,7,1143610,0.0204778,True,False,False,,1754,1266,1
shrinking_r1,shrinking,timing,1603,0,8,1143610,0.0468084,True,False,False,,4383,2,2
shrinking_r1,shrinking,timing_ovr2,1603,1,0,1143610,0.0226166,True,False,False,,1558,1375,3
shrinking_r1,shrinking,timing_ovr1_eager,1603,1,1,1143610,0.0338299,True,False,False,,1438,1431,15
shrinking_r1,shrinking,T=100,1603,1,2,1143610,0.0359117,True,False,False,,3565,407,1
shrinking_r1,shrinking,T=250,1603,1,3,1143610,0.0299039,True,False,False,,2248,1023,1
shrinking_r1,shrinking,T=400,1603,1,4,1143610,0.0267727,True,False,False,,972,1647,1
shrinking_r1,shrinking,cost_model_cold,1603,1,5,1143610,0.0309876,True,False,False,,2747,791,1
shrinking_r1,shrinking,cost_model_warm,1603,1,6,1143610,0.0288637,True,False,False,,1754,1266,1
shrinking_r1,shrinking,timing,1603,1,7,1143610,0.0415234,True,False,False,,4383,2,2
shrinking_r1,shrinking,timing_ovr1,1603,1,8,1143610,0.0460118,True,False,False,,362,1959,3
shrinking_r1,shrinking,timing_ovr1_eager,1604,0,0,1143610,0.0577314,True,False,False,,3139,632,19
shrinking_r1,shrinking,T=100,1604,0,1,1143610,0.0582451,True,False,False,,3541,405,1
shrinking_r1,shrinking,T=250,1604,0,2,1143610,0.0403206,True,False,False,,2276,1029,1
shrinking_r1,shrinking,T=400,1604,0,3,1143610,0.0266955,True,False,False,,986,1653,1
shrinking_r1,shrinking,cost_model_cold,1604,0,4,1143610,0.0291534,True,False,False,,2758,792,1
shrinking_r1,shrinking,cost_model_warm,1604,0,5,1143610,0.0410745,True,False,False,,1786,1263,1
shrinking_r1,shrinking,timing,1604,0,6,1143610,0.0581917,True,False,False,,4398,2,2
shrinking_r1,shrinking,timing_ovr1,1604,0,7,1143610,0.0457422,True,False,False,,934,1683,7
shrinking_r1,shrinking,timing_ovr2,1604,0,8,1143610,0.0438488,True,False,False,,730,1778,3
shrinking_r1,shrinking,T=100,1604,1,0,1143610,0.0348941,True,False,False,,3541,405,1
shrinking_r1,shrinking,T=250,1604,1,1,1143610,0.0373563,True,False,False,,2276,1029,1
shrinking_r1,shrinking,T=400,1604,1,2,1143610,0.0295857,True,False,False,,986,1653,1
shrinking_r1,shrinking,cost_model_cold,1604,1,3,1143610,0.0319223,True,False,False,,2758,792,1
shrinking_r1,shrinking,cost_model_warm,1604,1,4,1143610,0.0317097,True,False,False,,1786,1263,1
shrinking_r1,shrinking,timing,1604,1,5,1143610,0.0400094,True,False,False,,4398,2,2
shrinking_r1,shrinking,timing_ovr1,1604,1,6,1143610,0.052835,True,False,False,,287,1999,11
shrinking_r1,shrinking,timing_ovr2,1604,1,7,1143610,0.0749168,True,False,False,,4345,23,4
shrinking_r1,shrinking,timing_ovr1_eager,1604,1,8,1143610,0.0316248,True,False,False,,1068,1616,13
shrinking_r1,shrinking,T=250,1605,0,0,1143610,0.0297595,True,False,False,,2243,1028,1
shrinking_r1,shrinking,T=400,1605,0,1,1143610,0.039349,True,False,False,,999,1655,1
shrinking_r1,shrinking,cost_model_cold,1605,0,2,1143610,0.0526229,True,False,False,,2743,793,1
shrinking_r1,shrinking,cost_model_warm,1605,0,3,1143610,0.0439483,True,False,False,,1774,1268,1
shrinking_r1,shrinking,timing,1605,0,4,1143610,0.0401784,True,False,False,,4378,4,4
shrinking_r1,shrinking,timing_ovr1,1605,0,5,1143610,0.0319218,True,False,False,,308,1982,5
shrinking_r1,shrinking,timing_ovr2,1605,0,6,1143610,0.0544999,True,False,False,,4038,141,6
shrinking_r1,shrinking,timing_ovr1_eager,1605,0,7,1143610,0.0446312,True,False,False,,185,2042,13
shrinking_r1,shrinking,T=100,1605,0,8,1143610,0.054027,True,False,False,,3526,408,1
shrinking_r1,shrinking,T=400,1605,1,0,1143610,0.0405348,True,False,False,,999,1655,1
shrinking_r1,shrinking,cost_model_cold,1605,1,1,1143610,0.0432608,True,False,False,,2743,793,1
shrinking_r1,shrinking,cost_model_warm,1605,1,2,1143610,0.0372005,True,False,False,,1774,1268,1
shrinking_r1,shrinking,timing,1605,1,3,1143610,0.0480373,True,False,False,,4379,2,2
shrinking_r1,shrinking,timing_ovr1,1605,1,4,1143610,0.0433431,True,False,False,,340,1970,5
shrinking_r1,shrinking,timing_ovr2,1605,1,5,1143610,0.0504876,True,False,False,,1888,1220,3
shrinking_r1,shrinking,timing_ovr1_eager,1605,1,6,1143610,0.0421524,True,False,False,,1761,1282,15
shrinking_r1,shrinking,T=100,1605,1,7,1143610,0.0481059,True,False,False,,3526,408,1
shrinking_r1,shrinking,T=250,1605,1,8,1143610,0.0393711,True,False,False,,2243,1028,1
shrinking_r1,shrinking,cost_model_cold,1606,0,0,1143610,0.0301621,True,False,False,,2769,790,1
shrinking_r1,shrinking,cost_model_warm,1606,0,1,1143610,0.0300237,True,False,False,,1781,1264,1
shrinking_r1,shrinking,timing,1606,0,2,1143610,0.0376273,True,False,False,,4407,2,2
shrinking_r1,shrinking,timing_ovr1,1606,0,3,1143610,0.0449304,True,False,False,,566,1857,5
shrinking_r1,shrinking,timing_ovr2,1606,0,4,1143610,0.0688503,True,False,False,,4369,17,4
shrinking_r1,shrinking,timing_ovr1_eager,1606,0,5,1143610,0.0467656,True,False,False,,799,1743,15
shrinking_r1,shrinking,T=100,1606,0,6,1143610,0.0318375,True,False,False,,3570,406,1
shrinking_r1,shrinking,T=250,1606,0,7,1143610,0.0293349,True,False,False,,2281,1027,1
shrinking_r1,shrinking,T=400,1606,0,8,1143610,0.031813,True,False,False,,973,1649,1
shrinking_r1,shrinking,cost_model_warm,1606,1,0,1143610,0.0259276,True,False,False,,1781,1264,1
shrinking_r1,shrinking,timing,1606,1,1,1143610,0.0347466,True,False,False,,2037,1144,3
shrinking_r1,shrinking,timing_ovr1,1606,1,2,1143610,0.0697689,True,False,False,,3980,189,4
shrinking_r1,shrinking,timing_ovr2,1606,1,3,1143610,0.0609009,True,False,False,,4407,2,2
shrinking_r1,shrinking,timing_ovr1_eager,1606,1,4,1143610,0.0369241,True,False,False,,2033,1141,17
shrinking_r1,shrinking,T=100,1606,1,5,1143610,0.0578612,True,False,False,,3570,406,1
shrinking_r1,shrinking,T=250,1606,1,6,1143610,0.0416693,True,False,False,,2281,1027,1
shrinking_r1,shrinking,T=400,1606,1,7,1143610,0.0458655,True,False,False,,973,1649,1
shrinking_r1,shrinking,cost_model_cold,1606,1,8,1143610,0.0487191,True,False,False,,2769,790,1
shrinking_r1,shrinking,timing,1607,0,0,1143610,0.0566796,True,False,False,,4306,2,2
shrinking_r1,shrinking,timing_ovr1,1607,0,1,1143610,0.0543185,True,False,False,,3605,356,4
shrinking_r1,shrinking,timing_ovr2,1607,0,2,1143610,0.0611116,True,False,False,,4306,2,2
shrinking_r1,shrinking,timing_ovr1_eager,1607,0,3,1143610,0.0571496,True,False,False,,174,2055,15
shrinking_r1,shrinking,T=100,1607,0,4,1143610,0.0522461,True,False,False,,3530,405,1
shrinking_r1,shrinking,T=250,1607,0,5,1143610,0.0426936,True,False,False,,2252,1030,1
shrinking_r1,shrinking,T=400,1607,0,6,1143610,0.0511308,True,False,False,,985,1650,1
shrinking_r1,shrinking,cost_model_cold,1607,0,7,1143610,0.0320931,True,False,False,,2740,797,1
shrinking_r1,shrinking,cost_model_warm,1607,0,8,1143610,0.0420148,True,False,False,,1772,1263,1
shrinking_r1,shrinking,timing_ovr1,1607,1,0,1143610,0.0542851,True,False,False,,462,1905,3
shrinking_r1,shrinking,timing_ovr2,1607,1,1,1143610,0.0706885,True,False,False,,3584,387,4
shrinking_r1,shrinking,timing_ovr1_eager,1607,1,2,1143610,0.0537313,True,False,False,,1615,1344,15
shrinking_r1,shrinking,T=100,1607,1,3,1143610,0.0586409,True,False,False,,3530,405,1
shrinking_r1,shrinking,T=250,1607,1,4,1143610,0.0488346,True,False,False,,2252,1030,1
shrinking_r1,shrinking,T=400,1607,1,5,1143610,0.0498382,True,False,False,,985,1650,1
shrinking_r1,shrinking,cost_model_cold,1607,1,6,1143610,0.0511641,True,False,False,,2740,797,1
shrinking_r1,shrinking,cost_model_warm,1607,1,7,1143610,0.0471249,True,False,False,,1772,1263,1
shrinking_r1,shrinking,timing,1607,1,8,1143610,0.0543854,True,False,False,,4306,2,2
shrinking_r1,shrinking,timing_ovr2,1608,0,0,1143610,0.0512913,True,False,False,,738,1783,3
shrinking_r1,shrinking,timing_ovr1_eager,1608,0,1,1143610,0.0569169,True,False,False,,474,1913,11
shrinking_r1,shrinking,T=100,1608,0,2,1143610,0.0569311,True,False,False,,3561,403,1
shrinking_r1,shrinking,T=250,1608,0,3,1143610,0.0384697,True,False,False,,2274,1029,1
shrinking_r1,shrinking,T=400,1608,0,4,1143610,0.0304454,True,False,False,,1015,1651,1
shrinking_r1,shrinking,cost_model_cold,1608,0,5,1143610,0.0287687,True,False,False,,2749,796,1
shrinking_r1,shrinking,cost_model_warm,1608,0,6,1143610,0.0394575,True,False,False,,1804,1264,1
shrinking_r1,shrinking,timing,1608,0,7,1143610,0.0459202,True,False,False,,860,1716,3
shrinking_r1,shrinking,timing_ovr1,1608,0,8,1143610,0.0603945,True,False,False,,3146,609,8
shrinking_r1,shrinking,timing_ovr1_eager,1608,1,0,1143610,0.0557068,True,False,False,,3492,449,20
shrinking_r1,shrinking,T=100,1608,1,1,1143610,0.0349331,True,False,False,,3561,403,1
shrinking_r1,shrinking,T=250,1608,1,2,1143610,0.0375455,True,False,False,,2274,1029,1
shrinking_r1,shrinking,T=400,1608,1,3,1143610,0.0449354,True,False,False,,1015,1651,1
shrinking_r1,shrinking,cost_model_cold,1608,1,4,1143610,0.0506977,True,False,False,,2749,796,1
shrinking_r1,shrinking,cost_model_warm,1608,1,5,1143610,0.039034,True,False,False,,1804,1264,1
shrinking_r1,shrinking,timing,1608,1,6,1143610,0.0344083,True,False,False,,487,1899,3
shrinking_r1,shrinking,timing_ovr1,1608,1,7,1143610,0.0358237,True,False,False,,1695,1312,7
shrinking_r1,shrinking,timing_ovr2,1608,1,8,1143610,0.0645752,True,False,False,,4393,2,2
shrinking_r2,shrinking,T=100,1601,0,0,4574440,0.1307583,True,False,False,,7935,392,1
shrinking_r2,shrinking,T=250,1601,0,1,4574440,0.1185013,True,False,False,,6661,1016,1
shrinking_r2,shrinking,T=400,1601,0,2,4574440,0.1090164,True,False,False,,5387,1633,1
shrinking_r2,shrinking,cost_model_cold,1601,0,3,4574440,0.0884368,True,False,False,,7140,780,1
shrinking_r2,shrinking,cost_model_warm,1601,0,4,4574440,0.09271,True,False,False,,6167,1252,1
shrinking_r2,shrinking,timing,1601,0,5,4574440,0.1367917,True,False,False,,8837,4,4
shrinking_r2,shrinking,timing_ovr1,1601,0,6,4574440,0.1550053,True,False,False,,1067,3752,5
shrinking_r2,shrinking,timing_ovr2,1601,0,7,4574440,0.0870197,True,False,False,,8837,4,4
shrinking_r2,shrinking,timing_ovr1_eager,1601,0,8,4574440,0.1140414,True,False,False,,2916,2839,27
shrinking_r2,shrinking,T=250,1601,1,0,4574440,0.0699788,True,False,False,,6661,1016,1
shrinking_r2,shrinking,T=400,1601,1,1,4574440,0.0739341,True,False,False,,5387,1633,1
shrinking_r2,shrinking,cost_model_cold,1601,1,2,4574440,0.1077678,True,False,False,,7140,780,1
shrinking_r2,shrinking,cost_model_warm,1601,1,3,4574440,0.0895743,True,False,False,,6167,1252,1
shrinking_r2,shrinking,timing,1601,1,4,4574440,0.0915239,True,False,False,,8754,6,6
shrinking_r2,shrinking,timing_ovr1,1601,1,5,4574440,0.0776483,True,False,False,,8837,4,4
shrinking_r2,shrinking,timing_ovr2,1601,1,6,4574440,0.1081864,True,False,False,,8773,6,6
shrinking_r2,shrinking,timing_ovr1_eager,1601,1,7,4574440,0.0915429,True,False,False,,4411,2146,29
shrinking_r2,shrinking,T=100,1601,1,8,4574440,0.1214421,True,False,False,,7935,392,1
shrinking_r2,shrinking,T=400,1602,0,0,4574440,0.0864003,True,False,False,,5435,1637,1
shrinking_r2,shrinking,cost_model_cold,1602,0,1,4574440,0.0820295,True,False,False,,7226,777,1
shrinking_r2,shrinking,cost_model_warm,1602,0,2,4574440,0.1036317,True,False,False,,6255,1251,1
shrinking_r2,shrinking,timing,1602,0,3,4574440,0.1181614,True,False,False,,8774,4,4
shrinking_r2,shrinking,timing_ovr1,1602,0,4,4574440,0.1311359,True,False,False,,692,3917,3
shrinking_r2,shrinking,timing_ovr2,1602,0,5,4574440,0.0823532,True,False,False,,8732,6,6
shrinking_r2,shrinking,timing_ovr1_eager,1602,0,6,4574440,0.0894765,True,False,False,,4535,2052,33
shrinking_r2,shrinking,T=100,1602,0,7,4574440,0.0499178,True,False,False,,8031,394,1
shrinking_r2,shrinking,T=250,1602,0,8,4574440,0.0562796,True,False,False,,6757,1014,1
shrinking_r2,shrinking,cost_model_cold,1602,1,0,4574440,0.0505801,True,False,False,,7226,777,1
shrinking_r2,shrinking,cost_model_warm,1602,1,1,4574440,0.0715918,True,False,False,,6255,1251,1
shrinking_r2,shrinking,timing,1602,1,2,4574440,0.1242634,True,False,False,,8774,4,4
shrinking_r2,shrinking,timing_ovr1,1602,1,3,4574440,0.0936534,True,False,False,,8774,4,4
shrinking_r2,shrinking,timing_ovr2,1602,1,4,4574440,0.0747036,True,False,False,,8774,4,4
shrinking_r2,shrinking,timing_ovr1_eager,1602,1,5,4574440,0.1314548,True,False,False,,2750,2927,25
shrinking_r2,shrinking,T=100,1602,1,6,4574440,0.061878,True,False,False,,8031,394,1
shrinking_r2,shrinking,T=250,1602,1,7,4574440,0.0703566,True,False,False,,6757,1014,1
shrinking_r2,shrinking,T=400,1602,1,8,4574440,0.0860734,True,False,False,,5435,1637,1
shrinking_r2,shrinking,cost_model_warm,1603,0,0,4574440,0.0797903,True,False,False,,6225,1250,1
shrinking_r2,shrinking,timing,1603,0,1,4574440,0.1198106,True,False,False,,8153,295,4
shrinking_r2,shrinking,timing_ovr1,1603,0,2,4574440,0.1597833,True,False,False,,1130,3705,3
shrinking_r2,shrinking,timing_ovr2,1603,0,3,4574440,0.1337486,True,False,False,,8726,4,4
shrinking_r2,shrinking,timing_ovr1_eager,1603,0,4,4574440,0.1154436,True,False,False,,5518,1578,31
shrinking_r2,shrinking,T=100,1603,0,5,4574440,0.1266325,True,False,False,,8029,391,1
shrinking_r2,shrinking,T=250,1603,0,6,4574440,0.1180213,True,False,False,,6721,1012,1
shrinking_r2,shrinking,T=400,1603,0,7,4574440,0.1068987,True,False,False,,5409,1636,1
shrinking_r2,shrinking,cost_model_cold,1603,0,8,4574440,0.0736526,True,False,False,,7227,779,1
shrinking_r2,shrinking,timing,1603,1,0,4574440,0.0853354,True,False,False,,8726,4,4
shrinking_r2,shrinking,timing_ovr1,1603,1,1,4574440,0.110913,True,False,False,,1519,3517,3
shrinking_r2,shrinking,timing_ovr2,1603,1,2,4574440,0.1099605,True,False,False,,8726,4,4
shrinking_r2,shrinking,timing_ovr1_eager,1603,1,3,4574440,0.0992763,True,False,False,,4190,2225,27
shrinking_r2,shrinking,T=100,1603,1,4,4574440,0.0751653,True,False,False,,8029,391,1
shrinking_r2,shrinking,T=250,1603,1,5,4574440,0.0981783,True,False,False,,6721,1012,1
shrinking_r2,shrinking,T=400,1603,1,6,4574440,0.0753593,True,False,False,,5409,1636,1
shrinking_r2,shrinking,cost_model_cold,1603,1,7,4574440,0.092603,True,False,False,,7227,779,1
shrinking_r2,shrinking,cost_model_warm,1603,1,8,4574440,0.0823861,True,False,False,,6225,1250,1
shrinking_r2,shrinking,timing_ovr1,1604,0,0,4574440,0.0957055,True,False,False,,8715,15,6
shrinking_r2,shrinking,timing_ovr2,1604,0,1,4574440,0.103461,True,False,False,,8726,4,4
shrinking_r2,shrinking,timing_ovr1_eager,1604,0,2,4574440,0.0868307,True,False,False,,4429,2132,27
shrinking_r2,shrinking,T=100,1604,0,3,4574440,0.0984312,True,False,False,,7889,391,1
shrinking_r2,shrinking,T=250,1604,0,4,4574440,0.0817695,True,False,False,,6624,1011,1
shrinking_r2,shrinking,T=400,1604,0,5,4574440,0.1252042,True,False,False,,5385,1635,1
shrinking_r2,shrinking,cost_model_cold,1604,0,6,4574440,0.1141806,True,False,False,,7100,778,1
shrinking_r2,shrinking,cost_model_warm,1604,0,7,4574440,0.107112,True,False,False,,6147,1249,1
shrinking_r2,shrinking,timing,1604,0,8,4574440,0.1359017,True,False,False,,8726,4,4
shrinking_r2,shrinking,timing_ovr2,1604,1,0,4574440,0.1269315,True,False,False,,8726,4,4
shrinking_r2,shrinking,timing_ovr1_eager,1604,1,1,4574440,0.1038907,True,False,False,,5097,1818,35
shrinking_r2,shrinking,T=100,1604,1,2,4574440,0.1111513,True,False,False,,7889,391,1
shrinking_r2,shrinking,T=250,1604,1,3,4574440,0.1097603,True,False,False,,6624,1011,1
shrinking_r2,shrinking,T=400,1604,1,4,4574440,0.0722053,True,False,False,,5385,1635,1
shrinking_r2,shrinking,cost_model_cold,1604,1,5,4574440,0.0840189,True,False,False,,7100,778,1
shrinking_r2,shrinking,cost_model_warm,1604,1,6,4574440,0.1104341,True,False,False,,6147,1249,1
shrinking_r2,shrinking,timing,1604,1,7,4574440,0.1010198,True,False,False,,8726,4,4
shrinking_r2,shrinking,timing_ovr1,1604,1,8,4574440,0.1377918,True,False,False,,7107,817,4
shrinking_r2,shrinking,timing_ovr1_eager,1605,0,0,4574440,0.1227825,True,False,False,,2482,3032,25
shrinking_r2,shrinking,T=100,1605,0,1,4574440,0.1050956,True,False,False,,7999,392,1
shrinking_r2,shrinking,T=250,1605,0,2,4574440,0.1246874,True,False,False,,6696,1011,1
shrinking_r2,shrinking,T=400,1605,0,3,4574440,0.1038465,True,False,False,,5396,1639,1
shrinking_r2,shrinking,cost_model_cold,1605,0,4,4574440,0.1200647,True,False,False,,7200,776,1
shrinking_r2,shrinking,cost_model_warm,1605,0,5,4574440,0.0848095,True,False,False,,6204,1250,1
shrinking_r2,shrinking,timing,1605,0,6,4574440,0.0795141,True,False,False,,8819,4,4
shrinking_r2,shrinking,timing_ovr1,1605,0,7,4574440,0.1177175,True,False,False,,8420,211,6
shrinking_r2,shrinking,timing_ovr2,1605,0,8,4574440,0.1817568,True,False,False,,558,3985,3
shrinking_r2,shrinking,T=100,1605,1,0,4574440,0.1206706,True,False,False,,7999,392,1
shrinking_r2,shrinking,T=250,1605,1,1,4574440,0.1157552,True,False,False,,6696,1011,1
shrinking_r2,shrinking,T=400,1605,1,2,4574440,0.1186529,True,False,False,,5396,1639,1
shrinking_r2,shrinking,cost_model_cold,1605,1,3,4574440,0.0946691,True,False,False,,7200,776,1
shrinking_r2,shrinking,cost_model_warm,1605,1,4,4574440,0.1212923,True,False,False,,6204,1250,1
shrinking_r2,shrinking,timing,1605,1,5,4574440,0.1217445,True,False,False,,8819,4,4
shrinking_r2,shrinking,timing_ovr1,1605,1,6,4574440,0.122466,True,False,False,,3671,2454,5
shrinking_r2,shrinking,timing_ovr2,1605,1,7,4574440,0.1091807,True,False,False,,8819,4,4
shrinking_r2,shrinking,timing_ovr1_eager,1605,1,8,4574440,0.108031,True,False,False,,3972,2317,31
shrinking_r2,shrinking,T=250,1606,0,0,4574440,0.0967276,True,False,False,,6702,1013,1
shrinking_r2,shrinking,T=400,1606,0,1,4574440,0.1069809,True,False,False,,5404,1632,1
shrinking_r2,shrinking,cost_model_cold,1606,0,2,4574440,0.0499025,True,False,False,,7185,778,1
shrinking_r2,shrinking,cost_model_warm,1606,0,3,4574440,0.0636133,True,False,False,,6213,1248,1
shrinking_r2,shrinking,timing,1606,0,4,4574440,0.0932993,True,False,False,,8758,4,4
shrinking_r2,shrinking,timing_ovr1,1606,0,5,4574440,0.1494695,True,False,False,,953,3799,5
shrinking_r2,shrinking,timing_ovr2,1606,0,6,4574440,0.1146669,True,False,False,,8758,4,4
shrinking_r2,shrinking,timing_ovr1_eager,1606,0,7,4574440,0.1447287,True,False,False,,2333,3119,27
shrinking_r2,shrinking,T=100,1606,0,8,4574440,0.1323085,True,False,False,,7986,390,1
shrinking_r2,shrinking,T=400,1606,1,0,4574440,0.1207701,True,False,False,,5404,1632,1
shrinking_r2,shrinking,cost_model_cold,1606,1,1,4574440,0.0821188,True,False,False,,7185,778,1
shrinking_r2,shrinking,cost_model_warm,1606,1,2,4574440,0.0698075,True,False,False,,6213,1248,1
shrinking_r2,shrinking,timing,1606,1,3,4574440,0.1001267,True,False,False,,8758,4,4
shrinking_r2,shrinking,timing_ovr1,1606,1,4,4574440,0.1195148,True,False,False,,8758,4,4
shrinking_r2,shrinking,timing_ovr2,1606,1,5,4574440,0.0864121,True,False,False,,8758,4,4
shrinking_r2,shrinking,timing_ovr1_eager,1606,1,6,4574440,0.0825231,True,False,False,,3122,2739,29
shrinking_r2,shrinking,T=100,1606,1,7,4574440,0.0720998,True,False,False,,7986,390,1
shrinking_r2,shrinking,T=250,1606,1,8,4574440,0.065002,True,False,False,,6702,1013,1
shrinking_r2,shrinking,cost_model_cold,1607,0,0,4574440,0.1108002,True,False,False,,7131,780,1
shrinking_r2,shrinking,cost_model_warm,1607,0,1,4574440,0.1172538,True,False,False,,6160,1250,1
shrinking_r2,shrinking,timing,1607,0,2,4574440,0.0888496,True,False,False,,8689,4,4
shrinking_r2,shrinking,timing_ovr1,1607,0,3,4574440,0.1446942,True,False,False,,8384,183,6
shrinking_r2,shrinking,timing_ovr2,1607,0,4,4574440,0.0992776,True,False,False,,8689,4,4
shrinking_r2,shrinking,timing_ovr1_eager,1607,0,5,4574440,0.1042241,True,False,False,,6302,1200,33
shrinking_r2,shrinking,T=100,1607,0,6,4574440,0.0801398,True,False,False,,7933,392,1
shrinking_r2,shrinking,T=250,1607,0,7,4574440,0.1158004,True,False,False,,6643,1009,1
shrinking_r2,shrinking,T=400,1607,0,8,4574440,0.0715664,True,False,False,,5346,1636,1
shrinking_r2,shrinking,cost_model_warm,1607,1,0,4574440,0.0997486,True,False,False,,6160,1250,1
shrinking_r2,shrinking,timing,1607,1,1,4574440,0.1342485,True,False,False,,8689,4,4
shrinking_r2,shrinking,timing_ovr1,1607,1,2,4574440,0.115795,True,False,False,,2089,3238,3
shrinking_r2,shrinking,timing_ovr2,1607,1,3,4574440,0.0881188,True,False,False,,8689,4,4
shrinking_r2,shrinking,timing_ovr1_eager,1607,1,4,4574440,0.078599,True,False,False,,5765,1477,31
shrinking_r2,shrinking,T=100,1607,1,5,4574440,0.1020547,True,False,False,,7933,392,1
shrinking_r2,shrinking,T=250,1607,1,6,4574440,0.0948523,True,False,False,,6643,1009,1
shrinking_r2,shrinking,T=400,1607,1,7,4574440,0.0913399,True,False,False,,5346,1636,1
shrinking_r2,shrinking,cost_model_cold,1607,1,8,4574440,0.0743574,True,False,False,,7131,780,1
shrinking_r2,shrinking,timing,1608,0,0,4574440,0.084599,True,False,False,,8809,4,4
shrinking_r2,shrinking,timing_ovr1,1608,0,1,4574440,0.1033049,True,False,False,,299,4123,3
shrinking_r2,shrinking,timing_ovr2,1608,0,2,4574440,0.1131899,True,False,False,,3909,2375,5
shrinking_r2,shrinking,timing_ovr1_eager,1608,0,3,4574440,0.1241513,True,False,False,,3043,2795,27
shrinking_r2,shrinking,T=100,1608,0,4,4574440,0.1229977,True,False,False,,8007,395,1
shrinking_r2,shrinking,T=250,1608,0,5,4574440,0.1086387,True,False,False,,6736,1013,1
shrinking_r2,shrinking,T=400,1608,0,6,4574440,0.1278222,True,False,False,,5472,1635,1
shrinking_r2,shrinking,cost_model_cold,1608,0,7,4574440,0.0978068,True,False,False,,7211,775,1
shrinking_r2,shrinking,cost_model_warm,1608,0,8,4574440,0.0832906,True,False,False,,6244,1246,1
shrinking_r2,shrinking,timing_ovr1,1608,1,0,4574440,0.1231905,True,False,False,,2428,3085,5
shrinking_r2,shrinking,timing_ovr2,1608,1,1,4574440,0.1474519,True,False,False,,2418,3089,3
shrinking_r2,shrinking,timing_ovr1_eager,1608,1,2,4574440,0.1253647,True,False,False,,2209,3191,23
shrinking_r2,shrinking,T=100,1608,1,3,4574440,0.1022377,True,False,False,,8007,395,1
shrinking_r2,shrinking,T=250,1608,1,4,4574440,0.085607,True,False,False,,6736,1013,1
shrinking_r2,shrinking,T=400,1608,1,5,4574440,0.1009177,True,False,False,,5472,1635,1
shrinking_r2,shrinking,cost_model_cold,1608,1,6,4574440,0.0758665,True,False,False,,7211,775,1
shrinking_r2,shrinking,cost_model_warm,1608,1,7,4574440,0.0992785,True,False,False,,6244,1246,1
shrinking_r2,shrinking,timing,1608,1,8,4574440,0.1170751,True,False,False,,8809,4,4
shrinking_no_b_decay_r05,shrinking,timing_ovr2,1601,0,0,862644,0.0309377,True,False,False,,2552,213,7
shrinking_no_b_decay_r05,shrinking,timing_ovr1_eager,1601,0,1,862644,0.012065,True,False,False,,72,662,7
shrinking_no_b_decay_r05,shrinking,T=100,1601,0,2,862644,0.0227684,True,False,False,,2133,228,1
shrinking_no_b_decay_r05,shrinking,T=250,1601,0,3,862644,0.0210131,True,False,False,,207,626,1
shrinking_no_b_decay_r05,shrinking,T=400,1601,0,4,862644,0.0138544,True,False,False,,1,684,1
shrinking_no_b_decay_r05,shrinking,cost_model_cold,1601,0,5,862644,0.0131261,True,False,False,,622,520,1
shrinking_no_b_decay_r05,shrinking,cost_model_warm,1601,0,6,862644,0.0097196,True,False,False,,1,684,1
shrinking_no_b_decay_r05,shrinking,timing,1601,0,7,862644,0.0300423,True,False,False,,1576,316,5
shrinking_no_b_decay_r05,shrinking,timing_ovr1,1601,0,8,862644,0.0223889,True,False,False,,279,605,3
shrinking_no_b_decay_r05,shrinking,timing_ovr1_eager,1601,1,0,862644,0.0194083,True,False,False,,66,664,3
shrinking_no_b_decay_r05,shrinking,T=100,1601,1,1,862644,0.0238177,True,False,False,,2133,228,1
shrinking_no_b_decay_r05,shrinking,T=250,1601,1,2,862644,0.0121947,True,False,False,,207,626,1
shrinking_no_b_decay_r05,shrinking,T=400,1601,1,3,862644,0.019091,True,False,False,,1,684,1
shrinking_no_b_decay_r05,shrinking,cost_model_cold,1601,1,4,862644,0.0255071,True,False,False,,622,520,1
shrinking_no_b_decay_r05,shrinking,cost_model_warm,1601,1,5,862644,0.0220195,True,False,False,,1,684,1
shrinking_no_b_decay_r05,shrinking,timing,1601,1,6,862644,0.0245397,True,False,False,,405,573,3
shrinking_no_b_decay_r05,shrinking,timing_ovr1,1601,1,7,862644,0.016552,True,False,False,,698,514,3
shrinking_no_b_decay_r05,shrinking,timing_ovr2,1601,1,8,862644,0.0146937,True,False,False,,277,606,3
shrinking_no_b_decay_r05,shrinking,T=100,1602,0,0,862644,0.0224386,True,False,False,,2087,229,1
shrinking_no_b_decay_r05,shrinking,T=250,1602,0,1,862644,0.015982,True,False,False,,205,626,1
shrinking_no_b_decay_r05,shrinking,T=400,1602,0,2,862644,0.0220496,True,False,False,,1,683,1
shrinking_no_b_decay_r05,shrinking,cost_model_cold,1602,0,3,862644,0.0247823,True,False,False,,596,520,1
shrinking_no_b_decay_r05,shrinking,cost_model_warm,1602,0,4,862644,0.0219498,True,False,False,,1,683,1
shrinking_no_b_decay_r05,shrinking,timing,1602,0,5,862644,0.0228174,True,False,False,,291,604,3
shrinking_no_b_decay_r05,shrinking,timing_ovr1,1602,0,6,862644,0.0222129,True,False,False,,256,613,1
shrinking_no_b_decay_r05,shrinking,timing_ovr2,1602,0,7,862644,0.0213209,True,False,False,,256,613,1
shrinking_no_b_decay_r05,shrinking,timing_ovr1_eager,1602,0,8,862644,0.0164603,True,False,False,,66,664,3
shrinking_no_b_decay_r05,shrinking,T=250,1602,1,0,862644,0.013068,True,False,False,,205,626,1
shrinking_no_b_decay_r05,shrinking,T=400,1602,1,1,862644,0.0124227,True,False,False,,1,683,1
shrinking_no_b_decay_r05,shrinking,cost_model_cold,1602,1,2,862644,0.0144926,True,False,False,,596,520,1
shrinking_no_b_decay_r05,shrinking,cost_model_warm,1602,1,3,862644,0.0124069,True,False,False,,1,683,1
shrinking_no_b_decay_r05,shrinking,timing,1602,1,4,862644,0.0202845,True,False,False,,1670,288,3
shrinking_no_b_decay_r05,shrinking,timing_ovr1,1602,1,5,862644,0.0133524,True,False,False,,256,613,1
shrinking_no_b_decay_r05,shrinking,timing_ovr2,1602,1,6,862644,0.0132364,True,False,False,,266,612,3
shrinking_no_b_decay_r05,shrinking,timing_ovr1_eager,1602,1,7,862644,0.0200476,True,False,False,,885,464,7
shrinking_no_b_decay_r05,shrinking,T=100,1602,1,8,862644,0.0215678,True,False,False,,2087,229,1
shrinking_no_b_decay_r05,shrinking,T=400,1603,0,0,862644,0.0124094,True,False,False,,1,683,1
shrinking_no_b_decay_r05,shrinking,cost_model_cold,1603,0,1,862644,0.0151408,True,False,False,,594,520,1
shrinking_no_b_decay_r05,shrinking,cost_model_warm,1603,0,2,862644,0.0102379,True,False,False,,1,683,1
shrinking_no_b_decay_r05,shrinking,timing,1603,0,3,862644,0.016616,True,False,False,,1559,312,3
shrinking_no_b_decay_r05,shrinking,timing_ovr1,1603,0,4,862644,0.014884,True,False,False,,259,610,3
shrinking_no_b_decay_r05,shrinking,timing_ovr2,1603,0,5,862644,0.0238295,True,False,False,,260,608,3
shrinking_no_b_decay_r05,shrinking,timing_ovr1_eager,1603,0,6,862644,0.0225191,True,False,False,,84,656,5
shrinking_no_b_decay_r05,shrinking,T=100,1603,0,7,862644,0.0252775,True,False,False,,2057,229,1
shrinking_no_b_decay_r05,shrinking,T=250,1603,0,8,862644,0.012943,True,False,False,,190,627,1
shrinking_no_b_decay_r05,shrinking,cost_model_cold,1603,1,0,862644,0.0171998,True,False,False,,594,520,1
shrinking_no_b_decay_r05,shrinking,cost_model_warm,1603,1,1,862644,0.0211338,True,False,False,,1,683,1
shrinking_no_b_decay_r05,shrinking,timing,1603,1,2,862644,0.0193115,True,False,False,,958,430,3
shrinking_no_b_decay_r05,shrinking,timing_ovr1,1603,1,3,862644,0.0133452,True,False,False,,256,610,1
shrinking_no_b_decay_r05,shrinking,timing_ovr2,1603,1,4,862644,0.0381747,True,False,False,,4149,223,5
shrinking_no_b_decay_r05,shrinking,timing_ovr1_eager,1603,1,5,862644,0.010902,True,False,False,,66,661,3
shrinking_no_b_decay_r05,shrinking,T=100,1603,1,6,862644,0.0197798,True,False,False,,2057,229,1
shrinking_no_b_decay_r05,shrinking,T=250,1603,1,7,862644,0.0129847,True,False,False,,190,627,1
shrinking_no_b_decay_r05,shrinking,T=400,1603,1,8,862644,0.0111408,True,False,False,,1,683,1
shrinking_no_b_decay_r05,shrinking,cost_model_warm,1604,0,0,862644,0.0122882,True,False,False,,1,683,1
shrinking_no_b_decay_r05,shrinking,timing,1604,0,1,862644,0.039282,True,False,False,,2429,182,5
shrinking_no_b_decay_r05,shrinking,timing_ovr1,1604,0,2,862644,0.0233573,True,False,False,,266,612,3
shrinking_no_b_decay_r05,shrinking,timing_ovr2,1604,0,3,862644,0.0334717,True,False,False,,1343,453,5
shrinking_no_b_decay_r05,shrinking,timing_ovr1_eager,1604,0,4,862644,0.0174994,True,False,False,,66,666,3
shrinking_no_b_decay_r05,shrinking,T=100,1604,0,5,862644,0.0385715,True,False,False,,2094,229,1
shrinking_no_b_decay_r05,shrinking,T=250,1604,0,6,862644,0.0216072,True,False,False,,207,626,1
shrinking_no_b_decay_r05,shrinking,T=400,1604,0,7,862644,0.0203807,True,False,False,,1,683,1
shrinking_no_b_decay_r05,shrinking,cost_model_cold,1604,0,8,862644,0.025511,True,False,False,,613,520,1
shrinking_no_b_decay_r05,shrinking,timing,1604,1,0,862644,0.0399026,True,False,False,,2195,215,3
shrinking_no_b_decay_r05,shrinking,timing_ovr1,1604,1,1,862644,0.0148686,True,False,False,,266,611,11
shrinking_no_b_decay_r05,shrinking,timing_ovr2,1604,1,2,862644,0.0133837,True,False,False,,304,600,3
shrinking_no_b_decay_r05,shrinking,timing_ovr1_eager,1604,1,3,862644,0.012867,True,False,False,,66,666,3
shrinking_no_b_decay_r05,shrinking,T=100,1604,1,4,862644,0.0255391,True,False,False,,2094,229,1
shrinking_no_b_decay_r05,shrinking,T=250,1604,1,5,862644,0.022044,True,False,False,,207,626,1
shrinking_no_b_decay_r05,shrinking,T=400,1604,1,6,862644,0.0219952,True,False,False,,1,683,1
shrinking_no_b_decay_r05,shrinking,cost_model_cold,1604,1,7,862644,0.0158674,True,False,False,,613,520,1
shrinking_no_b_decay_r05,shrinking,cost_model_warm,1604,1,8,862644,0.0201891,True,False,False,,1,683,1
shrinking_no_b_decay_r05,shrinking,timing_ovr1,1605,0,0,862644,0.0236386,True,False,False,,333,592,3
shrinking_no_b_decay_r05,shrinking,timing_ovr2,1605,0,1,862644,0.0232705,True,False,False,,332,590,3
shrinking_no_b_decay_r05,shrinking,timing_ovr1_eager,1605,0,2,862644,0.0227635,True,False,False,,337,597,5
shrinking_no_b_decay_r05,shrinking,T=100,1605,0,3,862644,0.0317201,True,False,False,,2053,230,1
shrinking_no_b_decay_r05,shrinking,T=250,1605,0,4,862644,0.0127265,True,False,False,,201,626,1
shrinking_no_b_decay_r05,shrinking,T=400,1605,0,5,862644,0.0123853,True,False,False,,1,683,1
shrinking_no_b_decay_r05,shrinking,cost_model_cold,1605,0,6,862644,0.0145653,True,False,False,,600,520,1
shrinking_no_b_decay_r05,shrinking,cost_model_warm,1605,0,7,862644,0.0106636,True,False,False,,1,683,1
shrinking_no_b_decay_r05,shrinking,timing,1605,0,8,862644,0.0352021,True,False,False,,4124,57,3
shrinking_no_b_decay_r05,shrinking,timing_ovr2,1605,1,0,862644,0.0167508,True,False,False,,332,590,3
shrinking_no_b_decay_r05,shrinking,timing_ovr1_eager,1605,1,1,862644,0.022798,True,False,False,,79,660,5
shrinking_no_b_decay_r05,shrinking,T=100,1605,1,2,862644,0.0382298,True,False,False,,2053,230,1
shrinking_no_b_decay_r05,shrinking,T=250,1605,1,3,862644,0.0229653,True,False,False,,201,626,1
shrinking_no_b_decay_r05,shrinking,T=400,1605,1,4,862644,0.0163946,True,False,False,,1,683,1
shrinking_no_b_decay_r05,shrinking,cost_model_cold,1605,1,5,862644,0.025315,True,False,False,,600,520,1
shrinking_no_b_decay_r05,shrinking,cost_model_warm,1605,1,6,862644,0.0221201,True,False,False,,1,683,1
shrinking_no_b_decay_r05,shrinking,timing,1605,1,7,862644,0.0246488,True,False,False,,495,550,3
shrinking_no_b_decay_r05,shrinking,timing_ovr1,1605,1,8,862644,0.0187421,True,False,False,,259,611,3
shrinking_no_b_decay_r05,shrinking,timing_ovr1_eager,1606,0,0,862644,0.0126973,True,False,False,,66,664,3
shrinking_no_b_decay_r05,shrinking,T=100,1606,0,1,862644,0.0197152,True,False,False,,2086,228,1
shrinking_no_b_decay_r05,shrinking,T=250,1606,0,2,862644,0.0164096,True,False,False,,190,625,1
shrinking_no_b_decay_r05,shrinking,T=400,1606,0,3,862644,0.0203587,True,False,False,,1,683,1
shrinking_no_b_decay_r05,shrinking,cost_model_cold,1606,0,4,862644,0.0107901,True,False,False,,596,520,1
shrinking_no_b_decay_r05,shrinking,cost_model_warm,1606,0,5,862644,0.0108365,True,False,False,,1,683,1
shrinking_no_b_decay_r05,shrinking,timing,1606,0,6,862644,0.0242951,True,False,False,,2597,162,3
shrinking_no_b_decay_r05,shrinking,timing_ovr1,1606,0,7,862644,0.0189613,True,False,False,,256,608,1
shrinking_no_b_decay_r05,shrinking,timing_ovr2,1606,0,8,862644,0.0154022,True,False,False,,436,558,3
shrinking_no_b_decay_r05,shrinking,T=100,1606,1,0,862644,0.0195764,True,False,False,,2086,228,1
shrinking_no_b_decay_r05,shrinking,T=250,1606,1,1,862644,0.0116674,True,False,False,,190,625,1
shrinking_no_b_decay_r05,shrinking,T=400,1606,1,2,862644,0.0108189,True,False,False,,1,683,1
shrinking_no_b_decay_r05,shrinking,cost_model_cold,1606,1,3,862644,0.0108828,True,False,False,,596,520,1
shrinking_no_b_decay_r05,shrinking,cost_model_warm,1606,1,4,862644,0.0082877,True,False,False,,1,683,1
shrinking_no_b_decay_r05,shrinking,timing,1606,1,5,862644,0.0252546,True,False,False,,1299,366,5
shrinking_no_b_decay_r05,shrinking,timing_ovr1,1606,1,6,862644,0.0140563,True,False,False,,258,608,3
shrinking_no_b_decay_r05,shrinking,timing_ovr2,1606,1,7,862644,0.0104613,True,False,False,,342,583,7
shrinking_no_b_decay_r05,shrinking,timing_ovr1_eager,1606,1,8,862644,0.0084439,True,False,False,,81,659,7
shrinking_no_b_decay_r05,shrinking,T=250,1607,0,0,862644,0.019314,True,False,False,,202,626,1
shrinking_no_b_decay_r05,shrinking,T=400,1607,0,1,862644,0.0145477,True,False,False,,1,682,1
shrinking_no_b_decay_r05,shrinking,cost_model_cold,1607,0,2,862644,0.0247304,True,False,False,,620,521,1
shrinking_no_b_decay_r05,shrinking,cost_model_warm,1607,0,3,862644,0.0194609,True,False,False,,1,682,1
shrinking_no_b_decay_r05,shrinking,timing,1607,0,4,862644,0.0146419,True,False,False,,459,556,3
shrinking_no_b_decay_r05,shrinking,timing_ovr1,1607,0,5,862644,0.0104963,True,False,False,,435,564,3
shrinking_no_b_decay_r05,shrinking,timing_ovr2,1607,0,6,862644,0.0084153,True,False,False,,258,612,3
shrinking_no_b_decay_r05,shrinking,timing_ovr1_eager,1607,0,7,862644,0.0096169,True,False,False,,79,664,5
shrinking_no_b_decay_r05,shrinking,T=100,1607,0,8,862644,0.0211473,True,False,False,,2086,228,1
shrinking_no_b_decay_r05,shrinking,T=400,1607,1,0,862644,0.0219921,True,False,False,,1,682,1
shrinking_no_b_decay_r05,shrinking,cost_model_cold,1607,1,1,862644,0.0254455,True,False,False,,620,521,1
shrinking_no_b_decay_r05,shrinking,cost_model_warm,1607,1,2,862644,0.0222666,True,False,False,,1,682,1
shrinking_no_b_decay_r05,shrinking,timing,1607,1,3,862644,0.0233291,True,False,False,,703,494,3
shrinking_no_b_decay_r05,shrinking,timing_ovr1,1607,1,4,862644,0.023143,True,False,False,,256,611,1
shrinking_no_b_decay_r05,shrinking,timing_ovr2,1607,1,5,862644,0.0433576,True,False,False,,2549,212,5
shrinking_no_b_decay_r05,shrinking,timing_ovr1_eager,1607,1,6,862644,0.0220894,True,False,False,,66,666,3
shrinking_no_b_decay_r05,shrinking,T=100,1607,1,7,862644,0.0364915,True,False,False,,2086,228,1
shrinking_no_b_decay_r05,shrinking,T=250,1607,1,8,862644,0.0193434,True,False,False,,202,626,1
shrinking_no_b_decay_r05,shrinking,cost_model_cold,1608,0,0,862644,0.0239914,True,False,False,,630,520,1
shrinking_no_b_decay_r05,shrinking,cost_model_warm,1608,0,1,862644,0.0201779,True,False,False,,1,682,1
shrinking_no_b_decay_r05,shrinking,timing,1608,0,2,862644,0.0187277,True,False,False,,294,604,3
shrinking_no_b_decay_r05,shrinking,timing_ovr1,1608,0,3,862644,0.0206819,True,False,False,,256,613,1
shrinking_no_b_decay_r05,shrinking,timing_ovr2,1608,0,4,862644,0.0140736,True,False,False,,402,584,5
shrinking_no_b_decay_r05,shrinking,timing_ovr1_eager,1608,0,5,862644,0.0128284,True,False,False,,111,654,7
shrinking_no_b_decay_r05,shrinking,T=100,1608,0,6,862644,0.019789,True,False,False,,2094,228,1
shrinking_no_b_decay_r05,shrinking,T=250,1608,0,7,862644,0.0182674,True,False,False,,204,627,1
shrinking_no_b_decay_r05,shrinking,T=400,1608,0,8,862644,0.0184399,True,False,False,,1,682,1
shrinking_no_b_decay_r05,shrinking,cost_model_warm,1608,1,0,862644,0.0093076,True,False,False,,1,682,1
shrinking_no_b_decay_r05,shrinking,timing,1608,1,1,862644,0.0171168,True,False,False,,1560,318,5
shrinking_no_b_decay_r05,shrinking,timing_ovr1,1608,1,2,862644,0.0127527,True,False,False,,256,613,1
shrinking_no_b_decay_r05,shrinking,timing_ovr2,1608,1,3,862644,0.0245229,True,False,False,,265,610,3
shrinking_no_b_decay_r05,shrinking,timing_ovr1_eager,1608,1,4,862644,0.0131079,True,False,False,,163,639,7
shrinking_no_b_decay_r05,shrinking,T=100,1608,1,5,862644,0.0270352,True,False,False,,2094,228,1
shrinking_no_b_decay_r05,shrinking,T=250,1608,1,6,862644,0.015757,True,False,False,,204,627,1
shrinking_no_b_decay_r05,shrinking,T=400,1608,1,7,862644,0.0130036,True,False,False,,1,682,1
shrinking_no_b_decay_r05,shrinking,cost_model_cold,1608,1,8,862644,0.0129004,True,False,False,,630,520,1
shrinking_no_b_decay_r1,shrinking,timing,1601,0,0,3450577,0.0690405,True,False,False,,2130,823,3
shrinking_no_b_decay_r1,shrinking,timing_ovr1,1601,0,1,3450577,0.0520029,True,False,False,,351,1264,5
shrinking_no_b_decay_r1,shrinking,timing_ovr2,1601,0,2,3450577,0.0475241,True,False,False,,1470,972,3
shrinking_no_b_decay_r1,shrinking,timing_ovr1_eager,1601,0,3,3450577,0.0532849,True,False,False,,175,1314,11
shrinking_no_b_decay_r1,shrinking,T=100,1601,0,4,3450577,0.0739216,True,False,False,,6285,219,1
shrinking_no_b_decay_r1,shrinking,T=250,1601,0,5,3450577,0.065383,True,False,False,,3366,577,1
shrinking_no_b_decay_r1,shrinking,T=400,1601,0,6,3450577,0.0481807,True,False,False,,1496,969,1
shrinking_no_b_decay_r1,shrinking,cost_model_cold,1601,0,7,3450577,0.0462179,True,False,False,,3868,492,1
shrinking_no_b_decay_r1,shrinking,cost_model_warm,1601,0,8,3450577,0.0401665,True,False,False,,2173,810,1
shrinking_no_b_decay_r1,shrinking,timing_ovr1,1601,1,0,3450577,0.0661154,True,False,False,,650,1180,3
shrinking_no_b_decay_r1,shrinking,timing_ovr2,1601,1,1,3450577,0.1626532,True,False,False,,14343,25,9
shrinking_no_b_decay_r1,shrinking,timing_ovr1_eager,1601,1,2,3450577,0.0608012,True,False,False,,124,1325,9
shrinking_no_b_decay_r1,shrinking,T=100,1601,1,3,3450577,0.0832962,True,False,False,,6285,219,1
shrinking_no_b_decay_r1,shrinking,T=250,1601,1,4,3450577,0.0524327,True,False,False,,3366,577,1
shrinking_no_b_decay_r1,shrinking,T=400,1601,1,5,3450577,0.0548758,True,False,False,,1496,969,1
shrinking_no_b_decay_r1,shrinking,cost_model_cold,1601,1,6,3450577,0.0629328,True,False,False,,3868,492,1
shrinking_no_b_decay_r1,shrinking,cost_model_warm,1601,1,7,3450577,0.0374237,True,False,False,,2173,810,1
shrinking_no_b_decay_r1,shrinking,timing,1601,1,8,3450577,0.1057959,True,False,False,,9612,67,5
shrinking_no_b_decay_r1,shrinking,timing_ovr2,1602,0,0,3450577,0.0926935,True,False,False,,8485,106,9
shrinking_no_b_decay_r1,shrinking,timing_ovr1_eager,1602,0,1,3450577,0.0531369,True,False,False,,76,1343,9
shrinking_no_b_decay_r1,shrinking,T=100,1602,0,2,3450577,0.0691354,True,False,False,,6298,220,1
shrinking_no_b_decay_r1,shrinking,T=250,1602,0,3,3450577,0.0535208,True,False,False,,3332,576,1
shrinking_no_b_decay_r1,shrinking,T=400,1602,0,4,3450577,0.0684424,True,False,False,,1458,969,1
shrinking_no_b_decay_r1,shrinking,cost_model_cold,1602,0,5,3450577,0.0759831,True,False,False,,3854,493,1
shrinking_no_b_decay_r1,shrinking,cost_model_warm,1602,0,6,3450577,0.0508973,True,False,False,,2133,811,1
shrinking_no_b_decay_r1,shrinking,timing,1602,0,7,3450577,0.1040735,True,False,False,,8969,89,9
shrinking_no_b_decay_r1,shrinking,timing_ovr1,1602,0,8,3450577,0.0500489,True,False,False,,266,1286,5
shrinking_no_b_decay_r1,shrinking,timing_ovr1_eager,1602,1,0,3450577,0.0477702,True,False,False,,418,1253,9
shrinking_no_b_decay_r1,shrinking,T=100,1602,1,1,3450577,0.0644004,True,False,False,,6298,220,1
shrinking_no_b_decay_r1,shrinking,T=250,1602,1,2,3450577,0.060634,True,False,False,,3332,576,1
shrinking_no_b_decay_r1,shrinking,T=400,1602,1,3,3450577,0.0619114,True,False,False,,1458,969,1
shrinking_no_b_decay_r1,shrinking,cost_model_cold,1602,1,4,3450577,0.0493901,True,False,False,,3854,493,1
shrinking_no_b_decay_r1,shrinking,cost_model_warm,1602,1,5,3450577,0.0524613,True,False,False,,2133,811,1
shrinking_no_b_decay_r1,shrinking,timing,1602,1,6,3450577,0.0421043,True,False,False,,1119,1057,3
shrinking_no_b_decay_r1,shrinking,timing_ovr1,1602,1,7,3450577,0.1082491,True,False,False,,7843,740,9
shrinking_no_b_decay_r1,shrinking,timing_ovr2,1602,1,8,3450577,0.0929871,True,False,False,,780,1143,5
shrinking_no_b_decay_r1,shrinking,T=100,1603,0,0,3450577,0.0928662,True,False,False,,6342,219,1
shrinking_no_b_decay_r1,shrinking,T=250,1603,0,1,3450577,0.0797387,True,False,False,,3390,577,1
shrinking_no_b_decay_r1,shrinking,T=400,1603,0,2,3450577,0.0619143,True,False,False,,1471,971,1
shrinking_no_b_decay_r1,shrinking,cost_model_cold,1603,0,3,3450577,0.0685502,True,False,False,,3897,492,1
shrinking_no_b_decay_r1,shrinking,cost_model_warm,1603,0,4,3450577,0.0558237,True,False,False,,2156,812,1
shrinking_no_b_decay_r1,shrinking,timing,1603,0,5,3450577,0.0700272,True,False,False,,7044,169,3
shrinking_no_b_decay_r1,shrinking,timing_ovr1,1603,0,6,3450577,0.0553505,True,False,False,,4262,491,5
shrinking_no_b_decay_r1,shrinking,timing_ovr2,1603,0,7,3450577,0.0425002,True,False,False,,2000,840,3
shrinking_no_b_decay_r1,shrinking,timing_ovr1_eager,1603,0,8,3450577,0.0600525,True,False,False,,298,1277,11
shrinking_no_b_decay_r1,shrinking,T=250,1603,1,0,3450577,0.0868619,True,False,False,,3390,577,1
shrinking_no_b_decay_r1,shrinking,T=400,1603,1,1,3450577,0.0813875,True,False,False,,1471,971,1
shrinking_no_b_decay_r1,shrinking,cost_model_cold,1603,1,2,3450577,0.0651551,True,False,False,,3897,492,1
shrinking_no_b_decay_r1,shrinking,cost_model_warm,1603,1,3,3450577,0.0608368,True,False,False,,2156,812,1
shrinking_no_b_decay_r1,shrinking,timing,1603,1,4,3450577,0.0935364,True,False,False,,9126,81,5
shrinking_no_b_decay_r1,shrinking,timing_ovr1,1603,1,5,3450577,0.0670161,True,False,False,,803,1147,11
shrinking_no_b_decay_r1,shrinking,timing_ovr2,1603,1,6,3450577,0.0523056,True,False,False,,1817,883,3
shrinking_no_b_decay_r1,shrinking,timing_ovr1_eager,1603,1,7,3450577,0.0471507,True,False,False,,70,1338,7
shrinking_no_b_decay_r1,shrinking,T=100,1603,1,8,3450577,0.0692301,True,False,False,,6342,219,1
shrinking_no_b_decay_r1,shrinking,T=400,1604,0,0,3450577,0.0532669,True,False,False,,1443,969,1
shrinking_no_b_decay_r1,shrinking,cost_model_cold,1604,0,1,3450577,0.0543604,True,False,False,,3878,493,1
shrinking_no_b_decay_r1,shrinking,cost_model_warm,1604,0,2,3450577,0.0495566,True,False,False,,2134,812,1
shrinking_no_b_decay_r1,shrinking,timing,1604,0,3,3450577,0.049612,True,False,False,,3268,591,3
shrinking_no_b_decay_r1,shrinking,timing_ovr1,1604,0,4,3450577,0.0548746,True,False,False,,447,1242,5
shrinking_no_b_decay_r1,shrinking,timing_ovr2,1604,0,5,3450577,0.0405859,True,False,False,,1980,859,5
shrinking_no_b_decay_r1,shrinking,timing_ovr1_eager,1604,0,6,3450577,0.0657906,True,False,False,,117,1332,9
shrinking_no_b_decay_r1,shrinking,T=100,1604,0,7,3450577,0.0736353,True,False,False,,6295,220,1
shrinking_no_b_decay_r1,shrinking,T=250,1604,0,8,3450577,0.05358,True,False,False,,3348,576,1
shrinking_no_b_decay_r1,shrinking,cost_model_cold,1604,1,0,3450577,0.0741024,True,False,False,,3878,493,1
shrinking_no_b_decay_r1,shrinking,cost_model_warm,1604,1,1,3450577,0.0716573,True,False,False,,2134,812,1
shrinking_no_b_decay_r1,shrinking,timing,1604,1,2,3450577,0.1229397,True,False,False,,10549,49,5
shrinking_no_b_decay_r1,shrinking,timing_ovr1,1604,1,3,3450577,0.0574085,True,False,False,,1170,1061,7
shrinking_no_b_decay_r1,shrinking,timing_ovr2,1604,1,4,3450577,0.0640225,True,False,False,,2042,843,7
shrinking_no_b_decay_r1,shrinking,timing_ovr1_eager,1604,1,5,3450577,0.0598858,True,False,False,,91,1340,11
shrinking_no_b_decay_r1,shrinking,T=100,1604,1,6,3450577,0.0644007,True,False,False,,6295,220,1
shrinking_no_b_decay_r1,shrinking,T=250,1604,1,7,3450577,0.0462351,True,False,False,,3348,576,1
shrinking_no_b_decay_r1,shrinking,T=400,1604,1,8,3450577,0.0555597,True,False,False,,1443,969,1
shrinking_no_b_decay_r1,shrinking,cost_model_warm,1605,0,0,3450577,0.0497622,True,False,False,,2133,811,1
shrinking_no_b_decay_r1,shrinking,timing,1605,0,1,3450577,0.0484484,True,False,False,,5436,298,3
shrinking_no_b_decay_r1,shrinking,timing_ovr1,1605,0,2,3450577,0.0487175,True,False,False,,335,1264,5
shrinking_no_b_decay_r1,shrinking,timing_ovr2,1605,0,3,3450577,0.046382,True,False,False,,384,1252,5
shrinking_no_b_decay_r1,shrinking,timing_ovr1_eager,1605,0,4,3450577,0.0510472,True,False,False,,99,1332,11
shrinking_no_b_decay_r1,shrinking,T=100,1605,0,5,3450577,0.0820593,True,False,False,,6337,220,1
shrinking_no_b_decay_r1,shrinking,T=250,1605,0,6,3450577,0.0575288,True,False,False,,3344,577,1
shrinking_no_b_decay_r1,shrinking,T=400,1605,0,7,3450577,0.0483087,True,False,False,,1452,970,1
shrinking_no_b_decay_r1,shrinking,cost_model_cold,1605,0,8,3450577,0.061233,True,False,False,,3848,493,1
shrinking_no_b_decay_r1,shrinking,timing,1605,1,0,3450577,0.0900115,True,False,False,,9732,65,7
shrinking_no_b_decay_r1,shrinking,timing_ovr1,1605,1,1,3450577,0.0482959,True,False,False,,267,1283,5
shrinking_no_b_decay_r1,shrinking,timing_ovr2,1605,1,2,3450577,0.0497767,True,False,False,,2976,644,3
shrinking_no_b_decay_r1,shrinking,timing_ovr1_eager,1605,1,3,3450577,0.0442718,True,False,False,,617,1198,11
shrinking_no_b_decay_r1,shrinking,T=100,1605,1,4,3450577,0.0686037,True,False,False,,6337,220,1
shrinking_no_b_decay_r1,shrinking,T=250,1605,1,5,3450577,0.0878223,True,False,False,,3344,577,1
shrinking_no_b_decay_r1,shrinking,T=400,1605,1,6,3450577,0.0660537,True,False,False,,1452,970,1
shrinking_no_b_decay_r1,shrinking,cost_model_cold,1605,1,7,3450577,0.0864416,True,False,False,,3848,493,1
shrinking_no_b_decay_r1,shrinking,cost_model_warm,1605,1,8,3450577,0.0798354,True,False,False,,2133,811,1
shrinking_no_b_decay_r1,shrinking,timing_ovr1,1606,0,0,3450577,0.0581464,True,False,False,,296,1282,3
shrinking_no_b_decay_r1,shrinking,timing_ovr2,1606,0,1,3450577,0.0721165,True,False,False,,8450,105,5
shrinking_no_b_decay_r1,shrinking,timing_ovr1_eager,1606,0,2,3450577,0.0445615,True,False,False,,94,1338,7
shrinking_no_b_decay_r1,shrinking,T=100,1606,0,3,3450577,0.0579066,True,False,False,,6309,220,1
shrinking_no_b_decay_r1,shrinking,T=250,1606,0,4,3450577,0.0447414,True,False,False,,3391,576,1
shrinking_no_b_decay_r1,shrinking,T=400,1606,0,5,3450577,0.0424568,True,False,False,,1494,969,1
shrinking_no_b_decay_r1,shrinking,cost_model_cold,1606,0,6,3450577,0.0473893,True,False,False,,3890,492,1
shrinking_no_b_decay_r1,shrinking,cost_model_warm,1606,0,7,3450577,0.0792418,True,False,False,,2196,812,1
shrinking_no_b_decay_r1,shrinking,timing,1606,0,8,3450577,0.0553195,True,False,False,,1520,963,3
shrinking_no_b_decay_r1,shrinking,timing_ovr2,1606,1,0,3450577,0.0510652,True,False,False,,1024,1084,5
shrinking_no_b_decay_r1,shrinking,timing_ovr1_eager,1606,1,1,3450577,0.0442269,True,False,False,,1353,1025,17
shrinking_no_b_decay_r1,shrinking,T=100,1606,1,2,3450577,0.0622253,True,False,False,,6309,220,1
shrinking_no_b_decay_r1,shrinking,T=250,1606,1,3,3450577,0.0418012,True,False,False,,3391,576,1
shrinking_no_b_decay_r1,shrinking,T=400,1606,1,4,3450577,0.0432941,True,False,False,,1494,969,1
shrinking_no_b_decay_r1,shrinking,cost_model_cold,1606,1,5,3450577,0.0392152,True,False,False,,3890,492,1
shrinking_no_b_decay_r1,shrinking,cost_model_warm,1606,1,6,3450577,0.0321372,True,False,False,,2196,812,1
shrinking_no_b_decay_r1,shrinking,timing,1606,1,7,3450577,0.0859184,True,False,False,,7948,129,7
shrinking_no_b_decay_r1,shrinking,timing_ovr1,1606,1,8,3450577,0.0456595,True,False,False,,368,1259,5
shrinking_no_b_decay_r1,shrinking,timing_ovr1_eager,1607,0,0,3450577,0.0528636,True,False,False,,180,1316,9
shrinking_no_b_decay_r1,shrinking,T=100,1607,0,1,3450577,0.0769988,True,False,False,,6285,220,1
shrinking_no_b_decay_r1,shrinking,T=250,1607,0,2,3450577,0.0574452,True,False,False,,3376,577,1
shrinking_no_b_decay_r1,shrinking,T=400,1607,0,3,3450577,0.0523639,True,False,False,,1478,971,1
shrinking_no_b_decay_r1,shrinking,cost_model_cold,1607,0,4,3450577,0.0584438,True,False,False,,3893,492,1
shrinking_no_b_decay_r1,shrinking,cost_model_warm,1607,0,5,3450577,0.0516009,True,False,False,,2163,812,1
shrinking_no_b_decay_r1,shrinking,timing,1607,0,6,3450577,0.0440955,True,False,False,,1285,1013,3
shrinking_no_b_decay_r1,shrinking,timing_ovr1,1607,0,7,3450577,0.0607165,True,False,False,,306,1279,5
shrinking_no_b_decay_r1,shrinking,timing_ovr2,1607,0,8,3450577,0.0517187,True,False,False,,3173,608,3
shrinking_no_b_decay_r1,shrinking,T=100,1607,1,0,3450577,0.0884565,True,False,False,,6285,220,1
shrinking_no_b_decay_r1,shrinking,T=250,1607,1,1,3450577,0.0522915,True,False,False,,3376,577,1
shrinking_no_b_decay_r1,shrinking,T=400,1607,1,2,3450577,0.0591855,True,False,False,,1478,971,1
shrinking_no_b_decay_r1,shrinking,cost_model_cold,1607,1,3,3450577,0.0554954,True,False,False,,3893,492,1
shrinking_no_b_decay_r1,shrinking,cost_model_warm,1607,1,4,3450577,0.0661634,True,False,False,,2163,812,1
shrinking_no_b_decay_r1,shrinking,timing,1607,1,5,3450577,0.049859,True,False,False,,2184,801,3
shrinking_no_b_decay_r1,shrinking,timing_ovr1,1607,1,6,3450577,0.0587728,True,False,False,,301,1281,7
shrinking_no_b_decay_r1,shrinking,timing_ovr2,1607,1,7,3450577,0.0443559,True,False,False,,653,1184,3
shrinking_no_b_decay_r1,shrinking,timing_ovr1_eager,1607,1,8,3450577,0.0494218,True,False,False,,85,1341,7
shrinking_no_b_decay_r1,shrinking,T=250,1608,0,0,3450577,0.0546558,True,False,False,,3347,577,1
shrinking_no_b_decay_r1,shrinking,T=400,1608,0,1,3450577,0.0435894,True,False,False,,1455,969,1
shrinking_no_b_decay_r1,shrinking,cost_model_cold,1608,0,2,3450577,0.0540404,True,False,False,,3895,492,1
shrinking_no_b_decay_r1,shrinking,cost_model_warm,1608,0,3,3450577,0.041367,True,False,False,,2140,811,1
shrinking_no_b_decay_r1,shrinking,timing,1608,0,4,3450577,0.0621554,True,False,False,,5376,305,3
shrinking_no_b_decay_r1,shrinking,timing_ovr1,1608,0,5,3450577,0.0437826,True,False,False,,318,1271,5
shrinking_no_b_decay_r1,shrinking,timing_ovr2,1608,0,6,3450577,0.0457583,True,False,False,,1549,949,5
shrinking_no_b_decay_r1,shrinking,timing_ovr1_eager,1608,0,7,3450577,0.0487034,True,False,False,,119,1332,11
shrinking_no_b_decay_r1,shrinking,T=100,1608,0,8,3450577,0.0760188,True,False,False,,6347,220,1
shrinking_no_b_decay_r1,shrinking,T=400,1608,1,0,3450577,0.0519939,True,False,False,,1455,969,1
shrinking_no_b_decay_r1,shrinking,cost_model_cold,1608,1,1,3450577,0.0512673,True,False,False,,3895,492,1
shrinking_no_b_decay_r1,shrinking,cost_model_warm,1608,1,2,3450577,0.0445398,True,False,False,,2140,811,1
shrinking_no_b_decay_r1,shrinking,timing,1608,1,3,3450577,0.0499386,True,False,False,,2825,671,3
shrinking_no_b_decay_r1,shrinking,timing_ovr1,1608,1,4,3450577,0.0445282,True,False,False,,2256,822,7
shrinking_no_b_decay_r1,shrinking,timing_ovr2,1608,1,5,3450577,0.1421295,True,False,False,,8226,321,7
shrinking_no_b_decay_r1,shrinking,timing_ovr1_eager,1608,1,6,3450577,0.0427709,True,False,False,,884,1142,21
shrinking_no_b_decay_r1,shrinking,T=100,1608,1,7,3450577,0.0946914,True,False,False,,6347,220,1
shrinking_no_b_decay_r1,shrinking,T=250,1608,1,8,3450577,0.0773783,True,False,False,,3347,577,1
shrinking_no_b_decay_r2,shrinking,cost_model_cold,1601,0,0,13802309,0.2426645,True,False,False,,12117,481,1
shrinking_no_b_decay_r2,shrinking,cost_model_warm,1601,0,1,13802309,0.1673071,True,False,False,,9291,780,1
shrinking_no_b_decay_r2,shrinking,timing,1601,0,2,13802309,0.2344548,True,False,False,,19119,141,11
shrinking_no_b_decay_r2,shrinking,timing_ovr1,1601,0,3,13802309,0.2052526,True,False,False,,2280,2096,5
shrinking_no_b_decay_r2,shrinking,timing_ovr2,1601,0,4,13802309,0.1745509,True,False,False,,16651,209,7
shrinking_no_b_decay_r2,shrinking,timing_ovr1_eager,1601,0,5,13802309,0.2311357,True,False,False,,3377,1870,25
shrinking_no_b_decay_r2,shrinking,T=100,1601,0,6,13802309,0.2686687,True,False,False,,16506,215,1
shrinking_no_b_decay_r2,shrinking,T=250,1601,0,7,13802309,0.2323544,True,False,False,,11355,550,1
shrinking_no_b_decay_r2,shrinking,T=400,1601,0,8,13802309,0.165096,True,False,False,,8316,903,1
shrinking_no_b_decay_r2,shrinking,cost_model_warm,1601,1,0,13802309,0.1302273,True,False,False,,9291,780,1
shrinking_no_b_decay_r2,shrinking,timing,1601,1,1,13802309,0.1550705,True,False,False,,12251,467,5
shrinking_no_b_decay_r2,shrinking,timing_ovr1,1601,1,2,13802309,0.2450896,True,False,False,,1860,2192,9
shrinking_no_b_decay_r2,shrinking,timing_ovr2,1601,1,3,13802309,0.2229971,True,False,False,,16983,224,15
shrinking_no_b_decay_r2,shrinking,timing_ovr1_eager,1601,1,4,13802309,0.1952039,True,False,False,,1288,2352,15
shrinking_no_b_decay_r2,shrinking,T=100,1601,1,5,13802309,0.2160506,True,False,False,,16506,215,1
shrinking_no_b_decay_r2,shrinking,T=250,1601,1,6,13802309,0.191778,True,False,False,,11355,550,1
shrinking_no_b_decay_r2,shrinking,T=400,1601,1,7,13802309,0.1714666,True,False,False,,8316,903,1
shrinking_no_b_decay_r2,shrinking,cost_model_cold,1601,1,8,13802309,0.1750012,True,False,False,,12117,481,1
shrinking_no_b_decay_r2,shrinking,timing,1602,0,0,13802309,0.2048153,True,False,False,,12562,441,5
shrinking_no_b_decay_r2,shrinking,timing_ovr1,1602,0,1,13802309,0.188303,True,False,False,,8631,870,7
shrinking_no_b_decay_r2,shrinking,timing_ovr2,1602,0,2,13802309,0.3073564,True,False,False,,423,2601,3
shrinking_no_b_decay_r2,shrinking,timing_ovr1_eager,1602,0,3,13802309,0.2249592,True,False,False,,356,2622,13
shrinking_no_b_decay_r2,shrinking,T=100,1602,0,4,13802309,0.2477033,True,False,False,,16452,215,1
shrinking_no_b_decay_r2,shrinking,T=250,1602,0,5,13802309,0.1573506,True,False,False,,11352,550,1
shrinking_no_b_decay_r2,shrinking,T=400,1602,0,6,13802309,0.1970282,True,False,False,,8358,904,1
shrinking_no_b_decay_r2,shrinking,cost_model_cold,1602,0,7,13802309,0.1913005,True,False,False,,12103,481,1
shrinking_no_b_decay_r2,shrinking,cost_model_warm,1602,0,8,13802309,0.1761244,True,False,False,,9306,778,1
shrinking_no_b_decay_r2,shrinking,timing_ovr1,1602,1,0,13802309,0.1419873,True,False,False,,6008,1276,3
shrinking_no_b_decay_r2,shrinking,timing_ovr2,1602,1,1,13802309,0.2371105,True,False,False,,2007,2169,3
shrinking_no_b_decay_r2,shrinking,timing_ovr1_eager,1602,1,2,13802309,0.2186268,True,False,False,,431,2598,13
shrinking_no_b_decay_r2,shrinking,T=100,1602,1,3,13802309,0.2110808,True,False,False,,16452,215,1
shrinking_no_b_decay_r2,shrinking,T=250,1602,1,4,13802309,0.1590188,True,False,False,,11352,550,1
shrinking_no_b_decay_r2,shrinking,T=400,1602,1,5,13802309,0.1356573,True,False,False,,8358,904,1
shrinking_no_b_decay_r2,shrinking,cost_model_cold,1602,1,6,13802309,0.239706,True,False,False,,12103,481,1
shrinking_no_b_decay_r2,shrinking,cost_model_warm,1602,1,7,13802309,0.2059469,True,False,False,,9306,778,1
shrinking_no_b_decay_r2,shrinking,timing,1602,1,8,13802309,0.2672507,True,False,False,,19977,113,7
shrinking_no_b_decay_r2,shrinking,timing_ovr2,1603,0,0,13802309,0.1853046,True,False,False,,8837,937,9
shrinking_no_b_decay_r2,shrinking,timing_ovr1_eager,1603,0,1,13802309,0.2359142,True,False,False,,2533,2051,25
shrinking_no_b_decay_r2,shrinking,T=100,1603,0,2,13802309,0.194231,True,False,False,,16472,215,1
shrinking_no_b_decay_r2,shrinking,T=250,1603,0,3,13802309,0.1822134,True,False,False,,11352,550,1
shrinking_no_b_decay_r2,shrinking,T=400,1603,0,4,13802309,0.1932278,True,False,False,,8314,903,1
shrinking_no_b_decay_r2,shrinking,cost_model_cold,1603,0,5,13802309,0.1617283,True,False,False,,12115,480,1
shrinking_no_b_decay_r2,shrinking,cost_model_warm,1603,0,6,13802309,0.1938132,True,False,False,,9257,779,1
shrinking_no_b_decay_r2,shrinking,timing,1603,0,7,13802309,0.2332363,True,False,False,,17313,553,9
shrinking_no_b_decay_r2,shrinking,timing_ovr1,1603,0,8,13802309,0.1648666,True,False,False,,4577,1560,3
shrinking_no_b_decay_r2,shrinking,timing_ovr1_eager,1603,1,0,13802309,0.1892381,True,False,False,,925,2452,15
shrinking_no_b_decay_r2,shrinking,T=100,1603,1,1,13802309,0.2162744,True,False,False,,16472,215,1
shrinking_no_b_decay_r2,shrinking,T=250,1603,1,2,13802309,0.1731535,True,False,False,,11352,550,1
shrinking_no_b_decay_r2,shrinking,T=400,1603,1,3,13802309,0.1694147,True,False,False,,8314,903,1
shrinking_no_b_decay_r2,shrinking,cost_model_cold,1603,1,4,13802309,0.2113285,True,False,False,,12115,480,1
shrinking_no_b_decay_r2,shrinking,cost_model_warm,1603,1,5,13802309,0.1700493,True,False,False,,9257,779,1
shrinking_no_b_decay_r2,shrinking,timing,1603,1,6,13802309,0.2019329,True,False,False,,12288,464,5
shrinking_no_b_decay_r2,shrinking,timing_ovr1,1603,1,7,13802309,0.1643302,True,False,False,,3379,1833,3
shrinking_no_b_decay_r2,shrinking,timing_ovr2,1603,1,8,13802309,0.2286466,True,False,False,,9358,762,5
shrinking_no_b_decay_r2,shrinking,T=100,1604,0,0,13802309,0.2459394,True,False,False,,16321,215,1
shrinking_no_b_decay_r2,shrinking,T=250,1604,0,1,13802309,0.2143375,True,False,False,,11223,550,1
shrinking_no_b_decay_r2,shrinking,T=400,1604,0,2,13802309,0.1666568,True,False,False,,8233,904,1
shrinking_no_b_decay_r2,shrinking,cost_model_cold,1604,0,3,13802309,0.1355891,True,False,False,,11964,482,1
shrinking_no_b_decay_r2,shrinking,cost_model_warm,1604,0,4,13802309,0.1841568,True,False,False,,9159,778,1
shrinking_no_b_decay_r2,shrinking,timing,1604,0,5,13802309,0.2045921,True,False,False,,3081,1903,3
shrinking_no_b_decay_r2,shrinking,timing_ovr1,1604,0,6,13802309,0.2103303,True,False,False,,1960,2183,3
shrinking_no_b_decay_r2,shrinking,timing_ovr2,1604,0,7,13802309,0.1481652,True,False,False,,7237,1063,5
shrinking_no_b_decay_r2,shrinking,timing_ovr1_eager,1604,0,8,13802309,0.1892815,True,False,False,,4629,1996,35
shrinking_no_b_decay_r2,shrinking,T=250,1604,1,0,13802309,0.1415807,True,False,False,,11223,550,1
shrinking_no_b_decay_r2,shrinking,T=400,1604,1,1,13802309,0.1475214,True,False,False,,8233,904,1
shrinking_no_b_decay_r2,shrinking,cost_model_cold,1604,1,2,13802309,0.1867222,True,False,False,,11964,482,1
shrinking_no_b_decay_r2,shrinking,cost_model_warm,1604,1,3,13802309,0.192236,True,False,False,,9159,778,1
shrinking_no_b_decay_r2,shrinking,timing,1604,1,4,13802309,0.1638712,True,False,False,,8157,920,5
shrinking_no_b_decay_r2,shrinking,timing_ovr1,1604,1,5,13802309,0.194207,True,False,False,,1578,2289,11
shrinking_no_b_decay_r2,shrinking,timing_ovr2,1604,1,6,13802309,0.176465,True,False,False,,8525,868,5
shrinking_no_b_decay_r2,shrinking,timing_ovr1_eager,1604,1,7,13802309,0.2381937,True,False,False,,6405,1358,35
shrinking_no_b_decay_r2,shrinking,T=100,1604,1,8,13802309,0.2193501,True,False,False,,16321,215,1
shrinking_no_b_decay_r2,shrinking,T=400,1605,0,0,13802309,0.2164119,True,False,False,,8285,904,1
shrinking_no_b_decay_r2,shrinking,cost_model_cold,1605,0,1,13802309,0.2300639,True,False,False,,12058,482,1
shrinking_no_b_decay_r2,shrinking,cost_model_warm,1605,0,2,13802309,0.1758661,True,False,False,,9228,777,1
shrinking_no_b_decay_r2,shrinking,timing,1605,0,3,13802309,0.2047475,True,False,False,,8556,879,5
shrinking_no_b_decay_r2,shrinking,timing_ovr1,1605,0,4,13802309,0.1978198,True,False,False,,1736,2241,5
shrinking_no_b_decay_r2,shrinking,timing_ovr2,1605,0,5,13802309,0.1812688,True,False,False,,3296,1854,3
shrinking_no_b_decay_r2,shrinking,timing_ovr1_eager,1605,0,6,13802309,0.2129894,True,False,False,,822,2486,21
shrinking_no_b_decay_r2,shrinking,T=100,1605,0,7,13802309,0.1989738,True,False,False,,16444,215,1
shrinking_no_b_decay_r2,shrinking,T=250,1605,0,8,13802309,0.1534078,True,False,False,,11301,550,1
shrinking_no_b_decay_r2,shrinking,cost_model_cold,1605,1,0,13802309,0.2050813,True,False,False,,12058,482,1
shrinking_no_b_decay_r2,shrinking,cost_model_warm,1605,1,1,13802309,0.1838795,True,False,False,,9228,777,1
shrinking_no_b_decay_r2,shrinking,timing,1605,1,2,13802309,0.2633209,True,False,False,,18977,149,9
shrinking_no_b_decay_r2,shrinking,timing_ovr1,1605,1,3,13802309,0.2711697,True,False,False,,889,2468,3
shrinking_no_b_decay_r2,shrinking,timing_ovr2,1605,1,4,13802309,0.180204,True,False,False,,4054,1682,3
shrinking_no_b_decay_r2,shrinking,timing_ovr1_eager,1605,1,5,13802309,0.1861848,True,False,False,,5679,1362,33
shrinking_no_b_decay_r2,shrinking,T=100,1605,1,6,13802309,0.2024763,True,False,False,,16444,215,1
shrinking_no_b_decay_r2,shrinking,T=250,1605,1,7,13802309,0.214321,True,False,False,,11301,550,1
shrinking_no_b_decay_r2,shrinking,T=400,1605,1,8,13802309,0.1815193,True,False,False,,8285,904,1
shrinking_no_b_decay_r2,shrinking,cost_model_warm,1606,0,0,13802309,0.2017168,True,False,False,,9256,778,1
shrinking_no_b_decay_r2,shrinking,timing,1606,0,1,13802309,0.2381897,True,False,False,,18283,156,7
shrinking_no_b_decay_r2,shrinking,timing_ovr1,1606,0,2,13802309,0.1969647,True,False,False,,3685,1777,5
shrinking_no_b_decay_r2,shrinking,timing_ovr2,1606,0,3,13802309,0.2034773,True,False,False,,12204,482,7
shrinking_no_b_decay_r2,shrinking,timing_ovr1_eager,1606,0,4,13802309,0.2749723,True,False,False,,1121,2409,17
shrinking_no_b_decay_r2,shrinking,T=100,1606,0,5,13802309,0.1717729,True,False,False,,16435,215,1
shrinking_no_b_decay_r2,shrinking,T=250,1606,0,6,13802309,0.1666369,True,False,False,,11334,550,1
shrinking_no_b_decay_r2,shrinking,T=400,1606,0,7,13802309,0.1858245,True,False,False,,8334,903,1
shrinking_no_b_decay_r2,shrinking,cost_model_cold,1606,0,8,13802309,0.1747081,True,False,False,,12088,482,1
shrinking_no_b_decay_r2,shrinking,timing,1606,1,0,13802309,0.212915,True,False,False,,17932,167,7
shrinking_no_b_decay_r2,shrinking,timing_ovr1,1606,1,1,13802309,0.2193386,True,False,False,,438,2590,3
shrinking_no_b_decay_r2,shrinking,timing_ovr2,1606,1,2,13802309,0.1352218,True,False,False,,2241,2108,3
shrinking_no_b_decay_r2,shrinking,timing_ovr1_eager,1606,1,3,13802309,0.1913875,True,False,False,,3946,1708,33
shrinking_no_b_decay_r2,shrinking,T=100,1606,1,4,13802309,0.1829188,True,False,False,,16435,215,1
shrinking_no_b_decay_r2,shrinking,T=250,1606,1,5,13802309,0.1604875,True,False,False,,11334,550,1
shrinking_no_b_decay_r2,shrinking,T=400,1606,1,6,13802309,0.1906307,True,False,False,,8334,903,1
shrinking_no_b_decay_r2,shrinking,cost_model_cold,1606,1,7,13802309,0.1262697,True,False,False,,12088,482,1
shrinking_no_b_decay_r2,shrinking,cost_model_warm,1606,1,8,13802309,0.1233857,True,False,False,,9256,778,1
shrinking_no_b_decay_r2,shrinking,timing_ovr1,1607,0,0,13802309,0.1627609,True,False,False,,5325,1413,7
shrinking_no_b_decay_r2,shrinking,timing_ovr2,1607,0,1,13802309,0.1700713,True,False,False,,8902,816,5
shrinking_no_b_decay_r2,shrinking,timing_ovr1_eager,1607,0,2,13802309,0.2242801,True,False,False,,385,2613,13
shrinking_no_b_decay_r2,shrinking,T=100,1607,0,3,13802309,0.2046345,True,False,False,,16429,215,1
shrinking_no_b_decay_r2,shrinking,T=250,1607,0,4,13802309,0.1560998,True,False,False,,11308,550,1
shrinking_no_b_decay_r2,shrinking,T=400,1607,0,5,13802309,0.1814644,True,False,False,,8244,905,1
shrinking_no_b_decay_r2,shrinking,cost_model_cold,1607,0,6,13802309,0.193753,True,False,False,,12047,482,1
shrinking_no_b_decay_r2,shrinking,cost_model_warm,1607,0,7,13802309,0.1960863,True,False,False,,9206,778,1
shrinking_no_b_decay_r2,shrinking,timing,1607,0,8,13802309,0.224088,True,False,False,,16944,197,7
shrinking_no_b_decay_r2,shrinking,timing_ovr2,1607,1,0,13802309,0.2578528,True,False,False,,18543,245,9
shrinking_no_b_decay_r2,shrinking,timing_ovr1_eager,1607,1,1,13802309,0.2438499,True,False,False,,2497,2229,25
shrinking_no_b_decay_r2,shrinking,T=100,1607,1,2,13802309,0.1803556,True,False,False,,16429,215,1
shrinking_no_b_decay_r2,shrinking,T=250,1607,1,3,13802309,0.1275616,True,False,False,,11308,550,1
shrinking_no_b_decay_r2,shrinking,T=400,1607,1,4,13802309,0.1995931,True,False,False,,8244,905,1
shrinking_no_b_decay_r2,shrinking,cost_model_cold,1607,1,5,13802309,0.1733079,True,False,False,,12047,482,1
shrinking_no_b_decay_r2,shrinking,cost_model_warm,1607,1,6,13802309,0.2222367,True,False,False,,9206,778,1
shrinking_no_b_decay_r2,shrinking,timing,1607,1,7,13802309,0.1716742,True,False,False,,9607,727,5
shrinking_no_b_decay_r2,shrinking,timing_ovr1,1607,1,8,13802309,0.2332915,True,False,False,,1982,2196,5
shrinking_no_b_decay_r2,shrinking,timing_ovr1_eager,1608,0,0,13802309,0.2096892,True,False,False,,634,2544,15
shrinking_no_b_decay_r2,shrinking,T=100,1608,0,1,13802309,0.2332872,True,False,False,,16587,215,1
shrinking_no_b_decay_r2,shrinking,T=250,1608,0,2,13802309,0.1875399,True,False,False,,11400,549,1
shrinking_no_b_decay_r2,shrinking,T=400,1608,0,3,13802309,0.159491,True,False,False,,8376,903,1
shrinking_no_b_decay_r2,shrinking,cost_model_cold,1608,0,4,13802309,0.1477981,True,False,False,,12165,482,1
shrinking_no_b_decay_r2,shrinking,cost_model_warm,1608,0,5,13802309,0.1009499,True,False,False,,9327,779,1
shrinking_no_b_decay_r2,shrinking,timing,1608,0,6,13802309,0.2406283,True,False,False,,18233,264,9
shrinking_no_b_decay_r2,shrinking,timing_ovr1,1608,0,7,13802309,0.2177361,True,False,False,,7411,1134,7
shrinking_no_b_decay_r2,shrinking,timing_ovr2,1608,0,8,13802309,0.2536427,True,False,False,,1393,2337,3
shrinking_no_b_decay_r2,shrinking,T=100,1608,1,0,13802309,0.1803931,True,False,False,,16587,215,1
shrinking_no_b_decay_r2,shrinking,T=250,1608,1,1,13802309,0.1415617,True,False,False,,11400,549,1
shrinking_no_b_decay_r2,shrinking,T=400,1608,1,2,13802309,0.2203756,True,False,False,,8376,903,1
shrinking_no_b_decay_r2,shrinking,cost_model_cold,1608,1,3,13802309,0.2039787,True,False,False,,12165,482,1
shrinking_no_b_decay_r2,shrinking,cost_model_warm,1608,1,4,13802309,0.2024867,True,False,False,,9327,779,1
shrinking_no_b_decay_r2,shrinking,timing,1608,1,5,13802309,0.2453619,True,False,False,,18045,169,7
shrinking_no_b_decay_r2,shrinking,timing_ovr1,1608,1,6,13802309,0.2614239,True,False,False,,1101,2418,3
shrinking_no_b_decay_r2,shrinking,timing_ovr2,1608,1,7,13802309,0.211527,True,False,False,,1809,2235,3
shrinking_no_b_decay_r2,shrinking,timing_ovr1_eager,1608,1,8,13802309,0.2358713,True,False,False,,394,2613,13
shrinking_split_b_decay_r05,shrinking,T=250,1601,0,0,218809,0.0104863,True,False,False,,1,937,1
shrinking_split_b_decay_r05,shrinking,T=400,1601,0,1,218809,0.0065961,True,False,False,,1,937,1
shrinking_split_b_decay_r05,shrinking,cost_model_cold,1601,0,2,218809,0.0091101,True,False,False,,362,752,1
shrinking_split_b_decay_r05,shrinking,cost_model_warm,1601,0,3,218809,0.0083839,True,False,False,,1,937,1
shrinking_split_b_decay_r05,shrinking,timing,1601,0,4,218809,0.0072515,True,False,False,,301,789,3
shrinking_split_b_decay_r05,shrinking,timing_ovr1,1601,0,5,218809,0.008677,True,False,False,,256,812,1
shrinking_split_b_decay_r05,shrinking,timing_ovr2,1601,0,6,218809,0.0110302,True,False,False,,258,810,3
shrinking_split_b_decay_r05,shrinking,timing_ovr1_eager,1601,0,7,218809,0.0190824,True,False,False,,1458,239,11
shrinking_split_b_decay_r05,shrinking,T=100,1601,0,8,218809,0.0222448,True,False,False,,1063,418,1
shrinking_split_b_decay_r05,shrinking,T=400,1601,1,0,218809,0.0119396,True,False,False,,1,937,1
shrinking_split_b_decay_r05,shrinking,cost_model_cold,1601,1,1,218809,0.0117816,True,False,False,,362,752,1
shrinking_split_b_decay_r05,shrinking,cost_model_warm,1601,1,2,218809,0.0092839,True,False,False,,1,937,1
shrinking_split_b_decay_r05,shrinking,timing,1601,1,3,218809,0.0162702,True,False,False,,1870,2,2
shrinking_split_b_decay_r05,shrinking,timing_ovr1,1601,1,4,218809,0.0087424,True,False,False,,256,812,1
shrinking_split_b_decay_r05,shrinking,timing_ovr2,1601,1,5,218809,0.008754,True,False,False,,258,810,3
shrinking_split_b_decay_r05,shrinking,timing_ovr1_eager,1601,1,6,218809,0.0079345,True,False,False,,105,894,5
shrinking_split_b_decay_r05,shrinking,T=100,1601,1,7,218809,0.011526,True,False,False,,1063,418,1
shrinking_split_b_decay_r05,shrinking,T=250,1601,1,8,218809,0.0083384,True,False,False,,1,937,1
shrinking_split_b_decay_r05,shrinking,cost_model_cold,1602,0,0,218809,0.0077117,True,False,False,,375,756,1
shrinking_split_b_decay_r05,shrinking,cost_model_warm,1602,0,1,218809,0.0083872,True,False,False,,1,938,1
shrinking_split_b_decay_r05,shrinking,timing,1602,0,2,218809,0.0152457,True,False,False,,1879,2,2
shrinking_split_b_decay_r05,shrinking,timing_ovr1,1602,0,3,218809,0.0088027,True,False,False,,256,810,1
shrinking_split_b_decay_r05,shrinking,timing_ovr2,1602,0,4,218809,0.013061,True,False,False,,1286,301,4
shrinking_split_b_decay_r05,shrinking,timing_ovr1_eager,1602,0,5,218809,0.0085717,True,False,False,,70,903,5
shrinking_split_b_decay_r05,shrinking,T=100,1602,0,6,218809,0.012076,True,False,False,,1081,415,1
shrinking_split_b_decay_r05,shrinking,T=250,1602,0,7,218809,0.0104412,True,False,False,,1,938,1
shrinking_split_b_decay_r05,shrinking,T=400,1602,0,8,218809,0.0131228,True,False,False,,1,938,1
shrinking_split_b_decay_r05,shrinking,cost_model_warm,1602,1,0,218809,0.0141348,True,False,False,,1,938,1
shrinking_split_b_decay_r05,shrinking,timing,1602,1,1,218809,0.0198868,True,False,False,,1229,349,5
shrinking_split_b_decay_r05,shrinking,timing_ovr1,1602,1,2,218809,0.0143362,True,False,False,,256,810,1
shrinking_split_b_decay_r05,shrinking,timing_ovr2,1602,1,3,218809,0.0254387,True,False,False,,1331,292,6
shrinking_split_b_decay_r05,shrinking,timing_ovr1_eager,1602,1,4,218809,0.0135601,True,False,False,,66,904,3
shrinking_split_b_decay_r05,shrinking,T=100,1602,1,5,218809,0.0199568,True,False,False,,1081,415,1
shrinking_split_b_decay_r05,shrinking,T=250,1602,1,6,218809,0.0135966,True,False,False,,1,938,1
shrinking_split_b_decay_r05,shrinking,T=400,1602,1,7,218809,0.0152708,True,False,False,,1,938,1
shrinking_split_b_decay_r05,shrinking,cost_model_cold,1602,1,8,218809,0.0213628,True,False,False,,375,756,1
shrinking_split_b_decay_r05,shrinking,timing,1603,0,0,218809,0.0152639,True,False,False,,1921,2,2
shrinking_split_b_decay_r05,shrinking,timing_ovr1,1603,0,1,218809,0.0082717,True,False,False,,256,811,1
shrinking_split_b_decay_r05,shrinking,timing_ovr2,1603,0,2,218809,0.0088138,True,False,False,,263,805,3
shrinking_split_b_decay_r05,shrinking,timing_ovr1_eager,1603,0,3,218809,0.0086711,True,False,False,,68,905,5
shrinking_split_b_decay_r05,shrinking,T=100,1603,0,4,218809,0.0128101,True,False,False,,1076,413,1
shrinking_split_b_decay_r05,shrinking,T=250,1603,0,5,218809,0.0064607,True,False,False,,1,937,1
shrinking_split_b_decay_r05,shrinking,T=400,1603,0,6,218809,0.0098678,True,False,False,,1,937,1
shrinking_split_b_decay_r05,shrinking,cost_model_cold,1603,0,7,218809,0.0153136,True,False,False,,373,756,1
shrinking_split_b_decay_r05,shrinking,cost_model_warm,1603,0,8,218809,0.0115647,True,False,False,,1,937,1
shrinking_split_b_decay_r05,shrinking,timing_ovr1,1603,1,0,218809,0.0111304,True,False,False,,256,811,1
shrinking_split_b_decay_r05,shrinking,timing_ovr2,1603,1,1,218809,0.010004,True,False,False,,386,751,3
shrinking_split_b_decay_r05,shrinking,timing_ovr1_eager,1603,1,2,218809,0.0084044,True,False,False,,80,895,7
shrinking_split_b_decay_r05,shrinking,T=100,1603,1,3,218809,0.0128788,True,False,False,,1076,413,1
shrinking_split_b_decay_r05,shrinking,T=250,1603,1,4,218809,0.0103873,True,False,False,,1,937,1
shrinking_split_b_decay_r05,shrinking,T=400,1603,1,5,218809,0.0087063,True,False,False,,1,937,1
shrinking_split_b_decay_r05,shrinking,cost_model_cold,1603,1,6,218809,0.0140508,True,False,False,,373,756,1
shrinking_split_b_decay_r05,shrinking,cost_model_warm,1603,1,7,218809,0.0083769,True,False,False,,1,937,1
shrinking_split_b_decay_r05,shrinking,timing,1603,1,8,218809,0.0139212,True,False,False,,650,624,3
shrinking_split_b_decay_r05,shrinking,timing_ovr2,1604,0,0,218809,0.0144719,True,False,False,,282,797,3
shrinking_split_b_decay_r05,shrinking,timing_ovr1_eager,1604,0,1,218809,0.0140866,True,False,False,,119,879,7
shrinking_split_b_decay_r05,shrinking,T=100,1604,0,2,218809,0.0197826,True,False,False,,1062,419,1
shrinking_split_b_decay_r05,shrinking,T=250,1604,0,3,218809,0.0135101,True,False,False,,1,934,1
shrinking_split_b_decay_r05,shrinking,T=400,1604,0,4,218809,0.0135029,True,False,False,,1,934,1
shrinking_split_b_decay_r05,shrinking,cost_model_cold,1604,0,5,218809,0.0153336,True,False,False,,362,759,1
shrinking_split_b_decay_r05,shrinking,cost_model_warm,1604,0,6,218809,0.0102599,True,False,False,,1,934,1
shrinking_split_b_decay_r05,shrinking,timing,1604,0,7,218809,0.0206742,True,False,False,,1057,426,3
shrinking_split_b_decay_r05,shrinking,timing_ovr1,1604,0,8,218809,0.0212178,True,False,False,,1351,280,2
shrinking_split_b_decay_r05,shrinking,timing_ovr1_eager,1604,1,0,218809,0.0206974,True,False,False,,1756,65,12
shrinking_split_b_decay_r05,shrinking,T=100,1604,1,1,218809,0.0144029,True,False,False,,1062,419,1
shrinking_split_b_decay_r05,shrinking,T=250,1604,1,2,218809,0.0083302,True,False,False,,1,934,1
shrinking_split_b_decay_r05,shrinking,T=400,1604,1,3,218809,0.0130918,True,False,False,,1,934,1
shrinking_split_b_decay_r05,shrinking,cost_model_cold,1604,1,4,218809,0.0153264,True,False,False,,362,759,1
shrinking_split_b_decay_r05,shrinking,cost_model_warm,1604,1,5,218809,0.0136142,True,False,False,,1,934,1
shrinking_split_b_decay_r05,shrinking,timing,1604,1,6,218809,0.0220775,True,False,False,,1897,2,2
shrinking_split_b_decay_r05,shrinking,timing_ovr1,1604,1,7,218809,0.0154237,True,False,False,,1522,196,2
shrinking_split_b_decay_r05,shrinking,timing_ovr2,1604,1,8,218809,0.0076364,True,False,False,,306,787,5
shrinking_split_b_decay_r05,shrinking,T=100,1605,0,0,218809,0.0122333,True,False,False,,1080,411,1
shrinking_split_b_decay_r05,shrinking,T=250,1605,0,1,218809,0.0067422,True,False,False,,1,941,1
shrinking_split_b_decay_r05,shrinking,T=400,1605,0,2,218809,0.0100883,True,False,False,,1,941,1
shrinking_split_b_decay_r05,shrinking,cost_model_cold,1605,0,3,218809,0.013446,True,False,False,,373,758,1
shrinking_split_b_decay_r05,shrinking,cost_model_warm,1605,0,4,218809,0.008395,True,False,False,,1,941,1
shrinking_split_b_decay_r05,shrinking,timing,1605,0,5,218809,0.0136603,True,False,False,,1886,2,2
shrinking_split_b_decay_r05,shrinking,timing_ovr1,1605,0,6,218809,0.0072131,True,False,False,,256,813,1
shrinking_split_b_decay_r05,shrinking,timing_ovr2,1605,0,7,218809,0.0076099,True,False,False,,271,808,3
shrinking_split_b_decay_r05,shrinking,timing_ovr1_eager,1605,0,8,218809,0.005393,True,False,False,,66,905,3
shrinking_split_b_decay_r05,shrinking,T=250,1605,1,0,218809,0.0055886,True,False,False,,1,941,1
shrinking_split_b_decay_r05,shrinking,T=400,1605,1,1,218809,0.0055032,True,False,False,,1,941,1
shrinking_split_b_decay_r05,shrinking,cost_model_cold,1605,1,2,218809,0.0058052,True,False,False,,373,758,1
shrinking_split_b_decay_r05,shrinking,cost_model_warm,1605,1,3,218809,0.0076618,True,False,False,,1,941,1
shrinking_split_b_decay_r05,shrinking,timing,1605,1,4,218809,0.0158349,True,False,False,,854,533,3
shrinking_split_b_decay_r05,shrinking,timing_ovr1,1605,1,5,218809,0.0088755,True,False,False,,256,813,1
shrinking_split_b_decay_r05,shrinking,timing_ovr2,1605,1,6,218809,0.008878,True,False,False,,271,808,3
shrinking_split_b_decay_r05,shrinking,timing_ovr1_eager,1605,1,7,218809,0.0084624,True,False,False,,66,905,3
shrinking_split_b_decay_r05,shrinking,T=100,1605,1,8,218809,0.0120111,True,False,False,,1080,411,1
shrinking_split_b_decay_r05,shrinking,T=400,1606,0,0,218809,0.0083488,True,False,False,,1,939,1
shrinking_split_b_decay_r05,shrinking,cost_model_cold,1606,0,1,218809,0.0092554,True,False,False,,369,755,1
shrinking_split_b_decay_r05,shrinking,cost_model_warm,1606,0,2,218809,0.0087417,True,False,False,,1,939,1
shrinking_split_b_decay_r05,shrinking,timing,1606,0,3,218809,0.0118618,True,False,False,,1239,311,3
shrinking_split_b_decay_r05,shrinking,timing_ovr1,1606,0,4,218809,0.0100644,True,False,False,,700,586,2
shrinking_split_b_decay_r05,shrinking,timing_ovr2,1606,0,5,218809,0.0099892,True,False,False,,1709,111,4
shrinking_split_b_decay_r05,shrinking,timing_ovr1_eager,1606,0,6,218809,0.0056186,True,False,False,,76,898,5
shrinking_split_b_decay_r05,shrinking,T=100,1606,0,7,218809,0.0187849,True,False,False,,1077,421,1
shrinking_split_b_decay_r05,shrinking,T=250,1606,0,8,218809,0.0136818,True,False,False,,1,939,1
shrinking_split_b_decay_r05,shrinking,cost_model_cold,1606,1,0,218809,0.0153464,True,False,False,,369,755,1
shrinking_split_b_decay_r05,shrinking,cost_model_warm,1606,1,1,218809,0.0123269,True,False,False,,1,939,1
shrinking_split_b_decay_r05,shrinking,timing,1606,1,2,218809,0.0137784,True,False,False,,1292,291,3
shrinking_split_b_decay_r05,shrinking,timing_ovr1,1606,1,3,218809,0.01075,True,False,False,,256,811,1
shrinking_split_b_decay_r05,shrinking,timing_ovr2,1606,1,4,218809,0.0188693,True,False,False,,1898,5,4
shrinking_split_b_decay_r05,shrinking,timing_ovr1_eager,1606,1,5,218809,0.0084159,True,False,False,,76,898,5
shrinking_split_b_decay_r05,shrinking,T=100,1606,1,6,218809,0.0119441,True,False,False,,1077,421,1
shrinking_split_b_decay_r05,shrinking,T=250,1606,1,7,218809,0.0117374,True,False,False,,1,939,1
shrinking_split_b_decay_r05,shrinking,T=400,1606,1,8,218809,0.0104132,True,False,False,,1,939,1
shrinking_split_b_decay_r05,shrinking,cost_model_warm,1607,0,0,218809,0.0084579,True,False,False,,1,937,1
shrinking_split_b_decay_r05,shrinking,timing,1607,0,1,218809,0.0185839,True,False,False,,891,508,3
shrinking_split_b_decay_r05,shrinking,timing_ovr1,1607,0,2,218809,0.0121759,True,False,False,,311,788,3
shrinking_split_b_decay_r05,shrinking,timing_ovr2,1607,0,3,218809,0.0115346,True,False,False,,256,815,1
shrinking_split_b_decay_r05,shrinking,timing_ovr1_eager,1607,0,4,218809,0.0137245,True,False,False,,66,904,3
shrinking_split_b_decay_r05,shrinking,T=100,1607,0,5,218809,0.020275,True,False,False,,1076,415,1
shrinking_split_b_decay_r05,shrinking,T=250,1607,0,6,218809,0.0137934,True,False,False,,1,937,1
shrinking_split_b_decay_r05,shrinking,T=400,1607,0,7,218809,0.0109739,True,False,False,,1,937,1
shrinking_split_b_decay_r05,shrinking,cost_model_cold,1607,0,8,218809,0.0155026,True,False,False,,380,755,1
shrinking_split_b_decay_r05,shrinking,timing,1607,1,0,218809,0.0189417,True,False,False,,1906,2,2
shrinking_split_b_decay_r05,shrinking,timing_ovr1,1607,1,1,218809,0.0078398,True,False,False,,256,815,1
shrinking_split_b_decay_r05,shrinking,timing_ovr2,1607,1,2,218809,0.009129,True,False,False,,256,815,1
shrinking_split_b_decay_r05,shrinking,timing_ovr1_eager,1607,1,3,218809,0.0104888,True,False,False,,66,904,3
shrinking_split_b_decay_r05,shrinking,T=100,1607,1,4,218809,0.0202108,True,False,False,,1076,415,1
shrinking_split_b_decay_r05,shrinking,T=250,1607,1,5,218809,0.0126925,True,False,False,,1,937,1
shrinking_split_b_decay_r05,shrinking,T=400,1607,1,6,218809,0.0108462,True,False,False,,1,937,1
shrinking_split_b_decay_r05,shrinking,cost_model_cold,1607,1,7,218809,0.0078361,True,False,False,,380,755,1
shrinking_split_b_decay_r05,shrinking,cost_model_warm,1607,1,8,218809,0.0072235,True,False,False,,1,937,1
shrinking_split_b_decay_r05,shrinking,timing_ovr1,1608,0,0,218809,0.008745,True,False,False,,256,816,1
shrinking_split_b_decay_r05,shrinking,timing_ovr2,1608,0,1,218809,0.01115,True,False,False,,1281,324,3
shrinking_split_b_decay_r05,shrinking,timing_ovr1_eager,1608,0,2,218809,0.0067729,True,False,False,,66,902,3
shrinking_split_b_decay_r05,shrinking,T=100,1608,0,3,218809,0.0069977,True,False,False,,1083,409,1
shrinking_split_b_decay_r05,shrinking,T=250,1608,0,4,218809,0.0053141,True,False,False,,1,935,1
shrinking_split_b_decay_r05,shrinking,T=400,1608,0,5,218809,0.0053022,True,False,False,,1,935,1
shrinking_split_b_decay_r05,shrinking,cost_model_cold,1608,0,6,218809,0.0059777,True,False,False,,380,756,1
shrinking_split_b_decay_r05,shrinking,cost_model_warm,1608,0,7,218809,0.0122587,True,False,False,,1,935,1
shrinking_split_b_decay_r05,shrinking,timing,1608,0,8,218809,0.0114807,True,False,False,,1917,2,2
shrinking_split_b_decay_r05,shrinking,timing_ovr2,1608,1,0,218809,0.0073905,True,False,False,,571,646,4
shrinking_split_b_decay_r05,shrinking,timing_ovr1_eager,1608,1,1,218809,0.0055955,True,False,False,,78,896,5
shrinking_split_b_decay_r05,shrinking,T=100,1608,1,2,218809,0.0081079,True,False,False,,1083,409,1
shrinking_split_b_decay_r05,shrinking,T=250,1608,1,3,218809,0.0055356,True,False,False,,1,935,1
shrinking_split_b_decay_r05,shrinking,T=400,1608,1,4,218809,0.0056946,True,False,False,,1,935,1
shrinking_split_b_decay_r05,shrinking,cost_model_cold,1608,1,5,218809,0.0061883,True,False,False,,380,756,1
shrinking_split_b_decay_r05,shrinking,cost_model_warm,1608,1,6,218809,0.0057261,True,False,False,,1,935,1
shrinking_split_b_decay_r05,shrinking,timing,1608,1,7,218809,0.0185401,True,False,False,,1485,202,5
shrinking_split_b_decay_r05,shrinking,timing_ovr1,1608,1,8,218809,0.0144451,True,False,False,,256,816,1
shrinking_split_b_decay_r1,shrinking,timing_ovr1_eager,1601,0,0,875236,0.0406335,True,False,False,,1046,1366,13
shrinking_split_b_decay_r1,shrinking,T=100,1601,0,1,875236,0.0292098,True,False,False,,2968,408,1
shrinking_split_b_decay_r1,shrinking,T=250,1601,0,2,875236,0.0431832,True,False,False,,1736,1032,1
shrinking_split_b_decay_r1,shrinking,T=400,1601,0,3,875236,0.0473114,True,False,False,,461,1654,1
shrinking_split_b_decay_r1,shrinking,cost_model_cold,1601,0,4,875236,0.0397193,True,False,False,,2293,747,1
shrinking_split_b_decay_r1,shrinking,cost_model_warm,1601,0,5,875236,0.0396038,True,False,False,,1418,1189,1
shrinking_split_b_decay_r1,shrinking,timing,1601,0,6,875236,0.0548346,True,False,False,,3828,2,2
shrinking_split_b_decay_r1,shrinking,timing_ovr1,1601,0,7,875236,0.028381,True,False,False,,387,1688,9
shrinking_split_b_decay_r1,shrinking,timing_ovr2,1601,0,8,875236,0.0273018,True,False,False,,2132,833,3
shrinking_split_b_decay_r1,shrinking,T=100,1601,1,0,875236,0.0303927,True,False,False,,2968,408,1
shrinking_split_b_decay_r1,shrinking,T=250,1601,1,1,875236,0.0383827,True,False,False,,1736,1032,1
shrinking_split_b_decay_r1,shrinking,T=400,1601,1,2,875236,0.0400465,True,False,False,,461,1654,1
shrinking_split_b_decay_r1,shrinking,cost_model_cold,1601,1,3,875236,0.0285517,True,False,False,,2293,747,1
shrinking_split_b_decay_r1,shrinking,cost_model_warm,1601,1,4,875236,0.0286147,True,False,False,,1418,1189,1
shrinking_split_b_decay_r1,shrinking,timing,1601,1,5,875236,0.0328961,True,False,False,,3828,2,2
shrinking_split_b_decay_r1,shrinking,timing_ovr1,1601,1,6,875236,0.0287896,True,False,False,,1405,1182,3
shrinking_split_b_decay_r1,shrinking,timing_ovr2,1601,1,7,875236,0.0330947,True,False,False,,3828,2,2
shrinking_split_b_decay_r1,shrinking,timing_ovr1_eager,1601,1,8,875236,0.0369078,True,False,False,,477,1640,12
shrinking_split_b_decay_r1,shrinking,T=250,1602,0,0,875236,0.0377247,True,False,False,,1734,1026,1
shrinking_split_b_decay_r1,shrinking,T=400,1602,0,1,875236,0.0353588,True,False,False,,455,1646,1
shrinking_split_b_decay_r1,shrinking,cost_model_cold,1602,0,2,875236,0.0284314,True,False,False,,2325,753,1
shrinking_split_b_decay_r1,shrinking,cost_model_warm,1602,0,3,875236,0.0446066,True,False,False,,1399,1189,1
shrinking_split_b_decay_r1,shrinking,timing,1602,0,4,875236,0.059262,True,False,False,,3790,2,2
shrinking_split_b_decay_r1,shrinking,timing_ovr1,1602,0,5,875236,0.0334176,True,False,False,,271,1738,5
shrinking_split_b_decay_r1,shrinking,timing_ovr2,1602,0,6,875236,0.0295812,True,False,False,,690,1541,3
shrinking_split_b_decay_r1,shrinking,timing_ovr1_eager,1602,0,7,875236,0.0381278,True,False,False,,740,1516,11
shrinking_split_b_decay_r1,shrinking,T=100,1602,0,8,875236,0.029153,True,False,False,,3040,406,1
shrinking_split_b_decay_r1,shrinking,T=400,1602,1,0,875236,0.047158,True,False,False,,455,1646,1
shrinking_split_b_decay_r1,shrinking,cost_model_cold,1602,1,1,875236,0.0475926,True,False,False,,2325,753,1
shrinking_split_b_decay_r1,shrinking,cost_model_warm,1602,1,2,875236,0.0315504,True,False,False,,1399,1189,1
shrinking_split_b_decay_r1,shrinking,timing,1602,1,3,875236,0.0423452,True,False,False,,3784,47,4
shrinking_split_b_decay_r1,shrinking,timing_ovr1,1602,1,4,875236,0.0302579,True,False,False,,259,1743,3
shrinking_split_b_decay_r1,shrinking,timing_ovr2,1602,1,5,875236,0.0355961,True,False,False,,1273,1250,3
shrinking_split_b_decay_r1,shrinking,timing_ovr1_eager,1602,1,6,875236,0.0554069,True,False,False,,3108,372,17
shrinking_split_b_decay_r1,shrinking,T=100,1602,1,7,875236,0.0523153,True,False,False,,3040,406,1
shrinking_split_b_decay_r1,shrinking,T=250,1602,1,8,875236,0.0392273,True,False,False,,1734,1026,1
shrinking_split_b_decay_r1,shrinking,cost_model_cold,1603,0,0,875236,0.0442089,True,False,False,,2323,749,1
shrinking_split_b_decay_r1,shrinking,cost_model_warm,1603,0,1,875236,0.0449778,True,False,False,,1412,1190,1
shrinking_split_b_decay_r1,shrinking,timing,1603,0,2,875236,0.058436,True,False,False,,3841,2,2
shrinking_split_b_decay_r1,shrinking,timing_ovr1,1603,0,3,875236,0.0467046,True,False,False,,299,1727,5
shrinking_split_b_decay_r1,shrinking,timing_ovr2,1603,0,4,875236,0.0447861,True,False,False,,1745,1031,3
shrinking_split_b_decay_r1,shrinking,timing_ovr1_eager,1603,0,5,875236,0.0328397,True,False,False,,90,1827,11
shrinking_split_b_decay_r1,shrinking,T=100,1603,0,6,875236,0.0332591,True,False,False,,3019,406,1
shrinking_split_b_decay_r1,shrinking,T=250,1603,0,7,875236,0.0460777,True,False,False,,1744,1028,1
shrinking_split_b_decay_r1,shrinking,T=400,1603,0,8,875236,0.0476814,True,False,False,,449,1654,1
shrinking_split_b_decay_r1,shrinking,cost_model_warm,1603,1,0,875236,0.0411377,True,False,False,,1412,1190,1
shrinking_split_b_decay_r1,shrinking,timing,1603,1,1,875236,0.0624381,True,False,False,,3028,376,4
shrinking_split_b_decay_r1,shrinking,timing_ovr1,1603,1,2,875236,0.0431386,True,False,False,,475,1643,5
shrinking_split_b_decay_r1,shrinking,timing_ovr2,1603,1,3,875236,0.0599595,True,False,False,,3841,2,2
shrinking_split_b_decay_r1,shrinking,timing_ovr1_eager,1603,1,4,875236,0.044376,True,False,False,,98,1827,11
shrinking_split_b_decay_r1,shrinking,T=100,1603,1,5,875236,0.0348157,True,False,False,,3019,406,1
shrinking_split_b_decay_r1,shrinking,T=250,1603,1,6,875236,0.0237867,True,False,False,,1744,1028,1
shrinking_split_b_decay_r1,shrinking,T=400,1603,1,7,875236,0.0335251,True,False,False,,449,1654,1
shrinking_split_b_decay_r1,shrinking,cost_model_cold,1603,1,8,875236,0.0276481,True,False,False,,2323,749,1
shrinking_split_b_decay_r1,shrinking,timing,1604,0,0,875236,0.0353106,True,False,False,,3850,2,2
shrinking_split_b_decay_r1,shrinking,timing_ovr1,1604,0,1,875236,0.0427363,True,False,False,,3048,375,4
shrinking_split_b_decay_r1,shrinking,timing_ovr2,1604,0,2,875236,0.0351118,True,False,False,,890,1445,3
shrinking_split_b_decay_r1,shrinking,timing_ovr1_eager,1604,0,3,875236,0.0306422,True,False,False,,81,1830,11
shrinking_split_b_decay_r1,shrinking,T=100,1604,0,4,875236,0.0436107,True,False,False,,3029,411,1
shrinking_split_b_decay_r1,shrinking,T=250,1604,0,5,875236,0.0455668,True,False,False,,1771,1032,1
shrinking_split_b_decay_r1,shrinking,T=400,1604,0,6,875236,0.0449818,True,False,False,,471,1653,1
shrinking_split_b_decay_r1,shrinking,cost_model_cold,1604,0,7,875236,0.0483836,True,False,False,,2338,747,1
shrinking_split_b_decay_r1,shrinking,cost_model_warm,1604,0,8,875236,0.0450657,True,False,False,,1432,1186,1
shrinking_split_b_decay_r1,shrinking,timing_ovr1,1604,1,0,875236,0.0315719,True,False,False,,279,1737,5
shrinking_split_b_decay_r1,shrinking,timing_ovr2,1604,1,1,875236,0.0268203,True,False,False,,704,1536,3
shrinking_split_b_decay_r1,shrinking,timing_ovr1_eager,1604,1,2,875236,0.0298289,True,False,False,,2729,545,15
shrinking_split_b_decay_r1,shrinking,T=100,1604,1,3,875236,0.039035,True,False,False,,3029,411,1
shrinking_split_b_decay_r1,shrinking,T=250,1604,1,4,875236,0.0389971,True,False,False,,1771,1032,1
shrinking_split_b_decay_r1,shrinking,T=400,1604,1,5,875236,0.0479989,True,False,False,,471,1653,1
shrinking_split_b_decay_r1,shrinking,cost_model_cold,1604,1,6,875236,0.0375897,True,False,False,,2338,747,1
shrinking_split_b_decay_r1,shrinking,cost_model_warm,1604,1,7,875236,0.0453212,True,False,False,,1432,1186,1
shrinking_split_b_decay_r1,shrinking,timing,1604,1,8,875236,0.0598844,True,False,False,,3850,2,2
shrinking_split_b_decay_r1,shrinking,timing_ovr2,1605,0,0,875236,0.0389044,True,False,False,,632,1566,3
shrinking_split_b_decay_r1,shrinking,timing_ovr1_eager,1605,0,1,875236,0.0442744,True,False,False,,1248,1264,13
shrinking_split_b_decay_r1,shrinking,T=100,1605,0,2,875236,0.0526348,True,False,False,,3026,410,1
shrinking_split_b_decay_r1,shrinking,T=250,1605,0,3,875236,0.0396101,True,False,False,,1748,1033,1
shrinking_split_b_decay_r1,shrinking,T=400,1605,0,4,875236,0.0306306,True,False,False,,450,1650,1
shrinking_split_b_decay_r1,shrinking,cost_model_cold,1605,0,5,875236,0.0421713,True,False,False,,2318,750,1
shrinking_split_b_decay_r1,shrinking,cost_model_warm,1605,0,6,875236,0.0450774,True,False,False,,1417,1189,1
shrinking_split_b_decay_r1,shrinking,timing,1605,0,7,875236,0.0443989,True,False,False,,3856,2,2
shrinking_split_b_decay_r1,shrinking,timing_ovr1,1605,0,8,875236,0.0352454,True,False,False,,2396,693,8
shrinking_split_b_decay_r1,shrinking,timing_ovr1_eager,1605,1,0,875236,0.0300935,True,False,False,,2045,884,15
shrinking_split_b_decay_r1,shrinking,T=100,1605,1,1,875236,0.0323344,True,False,False,,3026,410,1
shrinking_split_b_decay_r1,shrinking,T=250,1605,1,2,875236,0.0247456,True,False,False,,1748,1033,1
shrinking_split_b_decay_r1,shrinking,T=400,1605,1,3,875236,0.0201991,True,False,False,,450,1650,1
shrinking_split_b_decay_r1,shrinking,cost_model_cold,1605,1,4,875236,0.0177826,True,False,False,,2318,750,1
shrinking_split_b_decay_r1,shrinking,cost_model_warm,1605,1,5,875236,0.019672,True,False,False,,1417,1189,1
shrinking_split_b_decay_r1,shrinking,timing,1605,1,6,875236,0.0272148,True,False,False,,3856,2,2
shrinking_split_b_decay_r1,shrinking,timing_ovr1,1605,1,7,875236,0.0395977,True,False,False,,519,1615,11
shrinking_split_b_decay_r1,shrinking,timing_ovr2,1605,1,8,875236,0.0355586,True,False,False,,1643,1079,3
shrinking_split_b_decay_r1,shrinking,T=100,1606,0,0,875236,0.048328,True,False,False,,3055,408,1
shrinking_split_b_decay_r1,shrinking,T=250,1606,0,1,875236,0.0406638,True,False,False,,1763,1029,1
shrinking_split_b_decay_r1,shrinking,T=400,1606,0,2,875236,0.0306419,True,False,False,,445,1649,1
shrinking_split_b_decay_r1,shrinking,cost_model_cold,1606,0,3,875236,0.0290528,True,False,False,,2345,746,1
shrinking_split_b_decay_r1,shrinking,cost_model_warm,1606,0,4,875236,0.0268819,True,False,False,,1437,1188,1
shrinking_split_b_decay_r1,shrinking,timing,1606,0,5,875236,0.0439945,True,False,False,,3809,2,2
shrinking_split_b_decay_r1,shrinking,timing_ovr1,1606,0,6,875236,0.0243561,True,False,False,,305,1724,5
shrinking_split_b_decay_r1,shrinking,timing_ovr2,1606,0,7,875236,0.0554371,True,False,False,,3779,14,4
shrinking_split_b_decay_r1,shrinking,timing_ovr1_eager,1606,0,8,875236,0.0506681,True,False,False,,1054,1374,17
shrinking_split_b_decay_r1,shrinking,T=250,1606,1,0,875236,0.0287941,True,False,False,,1763,1029,1
shrinking_split_b_decay_r1,shrinking,T=400,1606,1,1,875236,0.0255395,True,False,False,,445,1649,1
shrinking_split_b_decay_r1,shrinking,cost_model_cold,1606,1,2,875236,0.0426424,True,False,False,,2345,746,1
shrinking_split_b_decay_r1,shrinking,cost_model_warm,1606,1,3,875236,0.0446801,True,False,False,,1437,1188,1
shrinking_split_b_decay_r1,shrinking,timing,1606,1,4,875236,0.0448102,True,False,False,,3809,2,2
shrinking_split_b_decay_r1,shrinking,timing_ovr1,1606,1,5,875236,0.0247601,True,False,False,,1262,1264,3
shrinking_split_b_decay_r1,shrinking,timing_ovr2,1606,1,6,875236,0.0311078,True,False,False,,3809,2,2
shrinking_split_b_decay_r1,shrinking,timing_ovr1_eager,1606,1,7,875236,0.0349687,True,False,False,,163,1787,11
shrinking_split_b_decay_r1,shrinking,T=100,1606,1,8,875236,0.0418602,True,False,False,,3055,408,1
shrinking_split_b_decay_r1,shrinking,T=400,1607,0,0,875236,0.0234848,True,False,False,,434,1650,1
shrinking_split_b_decay_r1,shrinking,cost_model_cold,1607,0,1,875236,0.0192053,True,False,False,,2297,750,1
shrinking_split_b_decay_r1,shrinking,cost_model_warm,1607,0,2,875236,0.0280018,True,False,False,,1389,1187,1
shrinking_split_b_decay_r1,shrinking,timing,1607,0,3,875236,0.0546448,True,False,False,,3759,12,4
shrinking_split_b_decay_r1,shrinking,timing_ovr1,1607,0,4,875236,0.0430769,True,False,False,,1825,984,9
shrinking_split_b_decay_r1,shrinking,timing_ovr2,1607,0,5,875236,0.0369206,True,False,False,,379,1677,3
shrinking_split_b_decay_r1,shrinking,timing_ovr1_eager,1607,0,6,875236,0.0259915,True,False,False,,1184,1291,13
shrinking_split_b_decay_r1,shrinking,T=100,1607,0,7,875236,0.0429891,True,False,False,,3012,407,1
shrinking_split_b_decay_r1,shrinking,T=250,1607,0,8,875236,0.0268531,True,False,False,,1714,1029,1
shrinking_split_b_decay_r1,shrinking,cost_model_cold,1607,1,0,875236,0.0411081,True,False,False,,2297,750,1
shrinking_split_b_decay_r1,shrinking,cost_model_warm,1607,1,1,875236,0.0419467,True,False,False,,1389,1187,1
shrinking_split_b_decay_r1,shrinking,timing,1607,1,2,875236,0.0563824,True,False,False,,3847,2,2
shrinking_split_b_decay_r1,shrinking,timing_ovr1,1607,1,3,875236,0.061918,True,False,False,,3379,210,4
shrinking_split_b_decay_r1,shrinking,timing_ovr2,1607,1,4,875236,0.0594964,True,False,False,,3847,2,2
shrinking_split_b_decay_r1,shrinking,timing_ovr1_eager,1607,1,5,875236,0.040643,True,False,False,,1095,1330,13
shrinking_split_b_decay_r1,shrinking,T=100,1607,1,6,875236,0.0432117,True,False,False,,3012,407,1
shrinking_split_b_decay_r1,shrinking,T=250,1607,1,7,875236,0.0274623,True,False,False,,1714,1029,1
shrinking_split_b_decay_r1,shrinking,T=400,1607,1,8,875236,0.0277034,True,False,False,,434,1650,1
shrinking_split_b_decay_r1,shrinking,cost_model_warm,1608,0,0,875236,0.0268858,True,False,False,,1411,1186,1
shrinking_split_b_decay_r1,shrinking,timing,1608,0,1,875236,0.035162,True,False,False,,352,1700,3
shrinking_split_b_decay_r1,shrinking,timing_ovr1,1608,0,2,875236,0.0445202,True,False,False,,1274,1243,5
shrinking_split_b_decay_r1,shrinking,timing_ovr2,1608,0,3,875236,0.0500412,True,False,False,,3879,2,2
shrinking_split_b_decay_r1,shrinking,timing_ovr1_eager,1608,0,4,875236,0.0366635,True,False,False,,1517,1139,17
shrinking_split_b_decay_r1,shrinking,T=100,1608,0,5,875236,0.0297508,True,False,False,,3053,406,1
shrinking_split_b_decay_r1,shrinking,T=250,1608,0,6,875236,0.0287766,True,False,False,,1748,1032,1
shrinking_split_b_decay_r1,shrinking,T=400,1608,0,7,875236,0.0304025,True,False,False,,450,1652,1
shrinking_split_b_decay_r1,shrinking,cost_model_cold,1608,0,8,875236,0.0273131,True,False,False,,2349,750,1
shrinking_split_b_decay_r1,shrinking,timing,1608,1,0,875236,0.0250257,True,False,False,,3879,2,2
shrinking_split_b_decay_r1,shrinking,timing_ovr1,1608,1,1,875236,0.0237632,True,False,False,,3377,235,4
shrinking_split_b_decay_r1,shrinking,timing_ovr2,1608,1,2,875236,0.0287775,True,False,False,,3848,21,4
shrinking_split_b_decay_r1,shrinking,timing_ovr1_eager,1608,1,3,875236,0.0265979,True,False,False,,434,1651,13
shrinking_split_b_decay_r1,shrinking,T=100,1608,1,4,875236,0.0521298,True,False,False,,3053,406,1
shrinking_split_b_decay_r1,shrinking,T=250,1608,1,5,875236,0.027923,True,False,False,,1748,1032,1
shrinking_split_b_decay_r1,shrinking,T=400,1608,1,6,875236,0.0275486,True,False,False,,450,1652,1
shrinking_split_b_decay_r1,shrinking,cost_model_cold,1608,1,7,875236,0.0432368,True,False,False,,2349,750,1
shrinking_split_b_decay_r1,shrinking,cost_model_warm,1608,1,8,875236,0.0406074,True,False,False,,1411,1186,1
shrinking_split_b_decay_r2,shrinking,timing_ovr1,1601,0,0,3500947,0.1131763,True,False,False,,7725,2,2
shrinking_split_b_decay_r2,shrinking,timing_ovr2,1601,0,1,3500947,0.0950843,True,False,False,,7725,2,2
shrinking_split_b_decay_r2,shrinking,timing_ovr1_eager,1601,0,2,3500947,0.1311416,True,False,False,,600,3448,19
shrinking_split_b_decay_r2,shrinking,T=100,1601,0,3,3500947,0.1033212,True,False,False,,6893,393,1
shrinking_split_b_decay_r2,shrinking,T=250,1601,0,4,3500947,0.0741779,True,False,False,,5634,1015,1
shrinking_split_b_decay_r2,shrinking,T=400,1601,0,5,3500947,0.0962963,True,False,False,,4317,1639,1
shrinking_split_b_decay_r2,shrinking,cost_model_cold,1601,0,6,3500947,0.0961313,True,False,False,,6207,736,1
shrinking_split_b_decay_r2,shrinking,cost_model_warm,1601,0,7,3500947,0.0644411,True,False,False,,5310,1173,1
shrinking_split_b_decay_r2,shrinking,timing,1601,0,8,3500947,0.0978715,True,False,False,,7725,2,2
shrinking_split_b_decay_r2,shrinking,timing_ovr2,1601,1,0,3500947,0.1345178,True,False,False,,7574,71,4
shrinking_split_b_decay_r2,shrinking,timing_ovr1_eager,1601,1,1,3500947,0.1438477,True,False,False,,2006,2754,25
shrinking_split_b_decay_r2,shrinking,T=100,1601,1,2,3500947,0.056142,True,False,False,,6893,393,1
shrinking_split_b_decay_r2,shrinking,T=250,1601,1,3,3500947,0.0636898,True,False,False,,5634,1015,1
shrinking_split_b_decay_r2,shrinking,T=400,1601,1,4,3500947,0.1062162,True,False,False,,4317,1639,1
shrinking_split_b_decay_r2,shrinking,cost_model_cold,1601,1,5,3500947,0.0935144,True,False,False,,6207,736,1
shrinking_split_b_decay_r2,shrinking,cost_model_warm,1601,1,6,3500947,0.0824298,True,False,False,,5310,1173,1
shrinking_split_b_decay_r2,shrinking,timing,1601,1,7,3500947,0.0799012,True,False,False,,7709,6,4
shrinking_split_b_decay_r2,shrinking,timing_ovr1,1601,1,8,3500947,0.1490665,True,False,False,,876,3314,3
shrinking_split_b_decay_r2,shrinking,timing_ovr1_eager,1602,0,0,3500947,0.1451781,True,False,False,,987,3253,23
shrinking_split_b_decay_r2,shrinking,T=100,1602,0,1,3500947,0.0907248,True,False,False,,6833,398,1
shrinking_split_b_decay_r2,shrinking,T=250,1602,0,2,3500947,0.0620306,True,False,False,,5563,1019,1
shrinking_split_b_decay_r2,shrinking,T=400,1602,0,3,3500947,0.0999395,True,False,False,,4277,1641,1
shrinking_split_b_decay_r2,shrinking,cost_model_cold,1602,0,4,3500947,0.1035615,True,False,False,,6134,734,1
shrinking_split_b_decay_r2,shrinking,cost_model_warm,1602,0,5,3500947,0.0780471,True,False,False,,5232,1171,1
shrinking_split_b_decay_r2,shrinking,timing,1602,0,6,3500947,0.0727931,True,False,False,,7657,2,2
shrinking_split_b_decay_r2,shrinking,timing_ovr1,1602,0,7,3500947,0.0825148,True,False,False,,1409,3035,3
shrinking_split_b_decay_r2,shrinking,timing_ovr2,1602,0,8,3500947,0.1031099,True,False,False,,6832,412,6
shrinking_split_b_decay_r2,shrinking,T=100,1602,1,0,3500947,0.0851032,True,False,False,,6833,398,1
shrinking_split_b_decay_r2,shrinking,T=250,1602,1,1,3500947,0.0837964,True,False,False,,5563,1019,1
shrinking_split_b_decay_r2,shrinking,T=400,1602,1,2,3500947,0.0892356,True,False,False,,4277,1641,1
shrinking_split_b_decay_r2,shrinking,cost_model_cold,1602,1,3,3500947,0.065909,True,False,False,,6134,734,1
shrinking_split_b_decay_r2,shrinking,cost_model_warm,1602,1,4,3500947,0.077487,True,False,False,,5232,1171,1
shrinking_split_b_decay_r2,shrinking,timing,1602,1,5,3500947,0.1153867,True,False,False,,7657,2,2
shrinking_split_b_decay_r2,shrinking,timing_ovr1,1602,1,6,3500947,0.1202122,True,False,False,,1582,2947,3
shrinking_split_b_decay_r2,shrinking,timing_ovr2,1602,1,7,3500947,0.1190455,True,False,False,,7657,2,2
shrinking_split_b_decay_r2,shrinking,timing_ovr1_eager,1602,1,8,3500947,0.107245,True,False,False,,4501,1569,25
shrinking_split_b_decay_r2,shrinking,T=250,1603,0,0,3500947,0.1013583,True,False,False,,5583,1019,1
shrinking_split_b_decay_r2,shrinking,T=400,1603,0,1,3500947,0.0753167,True,False,False,,4309,1641,1
shrinking_split_b_decay_r2,shrinking,cost_model_cold,1603,0,2,3500947,0.0670111,True,False,False,,6169,737,1
shrinking_split_b_decay_r2,shrinking,cost_model_warm,1603,0,3,3500947,0.0989082,True,False,False,,5250,1173,1
shrinking_split_b_decay_r2,shrinking,timing,1603,0,4,3500947,0.1117366,True,False,False,,7660,2,2
shrinking_split_b_decay_r2,shrinking,timing_ovr1,1603,0,5,3500947,0.1489349,True,False,False,,387,3529,3
shrinking_split_b_decay_r2,shrinking,timing_ovr2,1603,0,6,3500947,0.1123347,True,False,False,,3372,2078,3
shrinking_split_b_decay_r2,shrinking,timing_ovr1_eager,1603,0,7,3500947,0.1105193,True,False,False,,2333,2603,23
shrinking_split_b_decay_r2,shrinking,T=100,1603,0,8,3500947,0.0642685,True,False,False,,6905,395,1
shrinking_split_b_decay_r2,shrinking,T=400,1603,1,0,3500947,0.0921969,True,False,False,,4309,1641,1
shrinking_split_b_decay_r2,shrinking,cost_model_cold,1603,1,1,3500947,0.0846697,True,False,False,,6169,737,1
shrinking_split_b_decay_r2,shrinking,cost_model_warm,1603,1,2,3500947,0.0849397,True,False,False,,5250,1173,1
shrinking_split_b_decay_r2,shrinking,timing,1603,1,3,3500947,0.1247938,True,False,False,,7660,2,2
shrinking_split_b_decay_r2,shrinking,timing_ovr1,1603,1,4,3500947,0.0748297,True,False,False,,7660,2,2
shrinking_split_b_decay_r2,shrinking,timing_ovr2,1603,1,5,3500947,0.1388395,True,False,False,,258,3597,3
shrinking_split_b_decay_r2,shrinking,timing_ovr1_eager,1603,1,6,3500947,0.0978267,True,False,False,,1042,3222,21
shrinking_split_b_decay_r2,shrinking,T=100,1603,1,7,3500947,0.1101113,True,False,False,,6905,395,1
shrinking_split_b_decay_r2,shrinking,T=250,1603,1,8,3500947,0.0706088,True,False,False,,5583,1019,1
shrinking_split_b_decay_r2,shrinking,cost_model_cold,1604,0,0,3500947,0.0747091,True,False,False,,6191,733,1
shrinking_split_b_decay_r2,shrinking,cost_model_warm,1604,0,1,3500947,0.0700615,True,False,False,,5278,1174,1
shrinking_split_b_decay_r2,shrinking,timing,1604,0,2,3500947,0.0527396,True,False,False,,7650,2,2
shrinking_split_b_decay_r2,shrinking,timing_ovr1,1604,0,3,3500947,0.0476581,True,False,False,,7650,2,2
shrinking_split_b_decay_r2,shrinking,timing_ovr2,1604,0,4,3500947,0.1156796,True,False,False,,7171,261,4
shrinking_split_b_decay_r2,shrinking,timing_ovr1_eager,1604,0,5,3500947,0.1469289,True,False,False,,1733,2892,19
shrinking_split_b_decay_r2,shrinking,T=100,1604,0,6,3500947,0.1199355,True,False,False,,6873,392,1
shrinking_split_b_decay_r2,shrinking,T=250,1604,0,7,3500947,0.1041888,True,False,False,,5605,1017,1
shrinking_split_b_decay_r2,shrinking,T=400,1604,0,8,3500947,0.0875771,True,False,False,,4322,1639,1
shrinking_split_b_decay_r2,shrinking,cost_model_warm,1604,1,0,3500947,0.1087375,True,False,False,,5278,1174,1
shrinking_split_b_decay_r2,shrinking,timing,1604,1,1,3500947,0.0988667,True,False,False,,7650,2,2
shrinking_split_b_decay_r2,shrinking,timing_ovr1,1604,1,2,3500947,0.1083099,True,False,False,,1765,2871,3
shrinking_split_b_decay_r2,shrinking,timing_ovr2,1604,1,3,3500947,0.0559512,True,False,False,,7650,2,2
shrinking_split_b_decay_r2,shrinking,timing_ovr1_eager,1604,1,4,3500947,0.1151346,True,False,False,,2193,2692,21
shrinking_split_b_decay_r2,shrinking,T=100,1604,1,5,3500947,0.1010901,True,False,False,,6873,392,1
shrinking_split_b_decay_r2,shrinking,T=250,1604,1,6,3500947,0.1078389,True,False,False,,5605,1017,1
shrinking_split_b_decay_r2,shrinking,T=400,1604,1,7,3500947,0.0687876,True,False,False,,4322,1639,1
shrinking_split_b_decay_r2,shrinking,cost_model_cold,1604,1,8,3500947,0.0619048,True,False,False,,6191,733,1
shrinking_split_b_decay_r2,shrinking,timing,1605,0,0,3500947,0.0866404,True,False,False,,7738,2,2
shrinking_split_b_decay_r2,shrinking,timing_ovr1,1605,0,1,3500947,0.1258164,True,False,False,,7738,2,2
shrinking_split_b_decay_r2,shrinking,timing_ovr2,1605,0,2,3500947,0.1207165,True,False,False,,7634,6,4
shrinking_split_b_decay_r2,shrinking,timing_ovr1_eager,1605,0,3,3500947,0.1480502,True,False,False,,1503,2994,19
shrinking_split_b_decay_r2,shrinking,T=100,1605,0,4,3500947,0.0901437,True,False,False,,6912,393,1
shrinking_split_b_decay_r2,shrinking,T=250,1605,0,5,3500947,0.1052212,True,False,False,,5604,1017,1
shrinking_split_b_decay_r2,shrinking,T=400,1605,0,6,3500947,0.0737974,True,False,False,,4330,1637,1
shrinking_split_b_decay_r2,shrinking,cost_model_cold,1605,0,7,3500947,0.0810523,True,False,False,,6201,738,1
shrinking_split_b_decay_r2,shrinking,cost_model_warm,1605,0,8,3500947,0.0649085,True,False,False,,5275,1175,1
shrinking_split_b_decay_r2,shrinking,timing_ovr1,1605,1,0,3500947,0.1392158,True,False,False,,1255,3140,3
shrinking_split_b_decay_r2,shrinking,timing_ovr2,1605,1,1,3500947,0.0997963,True,False,False,,7714,5,4
shrinking_split_b_decay_r2,shrinking,timing_ovr1_eager,1605,1,2,3500947,0.174811,True,False,False,,173,3650,17
shrinking_split_b_decay_r2,shrinking,T=100,1605,1,3,3500947,0.0852388,True,False,False,,6912,393,1
shrinking_split_b_decay_r2,shrinking,T=250,1605,1,4,3500947,0.0787183,True,False,False,,5604,1017,1
shrinking_split_b_decay_r2,shrinking,T=400,1605,1,5,3500947,0.0805836,True,False,False,,4330,1637,1
shrinking_split_b_decay_r2,shrinking,cost_model_cold,1605,1,6,3500947,0.0745348,True,False,False,,6201,738,1
shrinking_split_b_decay_r2,shrinking,cost_model_warm,1605,1,7,3500947,0.0450286,True,False,False,,5275,1175,1
shrinking_split_b_decay_r2,shrinking,timing,1605,1,8,3500947,0.0479696,True,False,False,,7738,2,2
shrinking_split_b_decay_r2,shrinking,timing_ovr2,1606,0,0,3500947,0.0777289,True,False,False,,7268,222,4
shrinking_split_b_decay_r2,shrinking,timing_ovr1_eager,1606,0,1,3500947,0.1405959,True,False,False,,3663,1946,25
shrinking_split_b_decay_r2,shrinking,T=100,1606,0,2,3500947,0.0607207,True,False,False,,6869,392,1
shrinking_split_b_decay_r2,shrinking,T=250,1606,0,3,3500947,0.0688552,True,False,False,,5605,1020,1
shrinking_split_b_decay_r2,shrinking,T=400,1606,0,4,3500947,0.0842377,True,False,False,,4311,1641,1
shrinking_split_b_decay_r2,shrinking,cost_model_cold,1606,0,5,3500947,0.1132267,True,False,False,,6172,739,1
shrinking_split_b_decay_r2,shrinking,cost_model_warm,1606,0,6,3500947,0.0966697,True,False,False,,5273,1175,1
shrinking_split_b_decay_r2,shrinking,timing,1606,0,7,3500947,0.106402,True,False,False,,7699,2,2
shrinking_split_b_decay_r2,shrinking,timing_ovr1,1606,0,8,3500947,0.127036,True,False,False,,260,3598,3
shrinking_split_b_decay_r2,shrinking,timing_ovr1_eager,1606,1,0,3500947,0.1387939,True,False,False,,81,3688,17
shrinking_split_b_decay_r2,shrinking,T=100,1606,1,1,3500947,0.069075,True,False,False,,6869,392,1
shrinking_split_b_decay_r2,shrinking,T=250,1606,1,2,3500947,0.055331,True,False,False,,5605,1020,1
shrinking_split_b_decay_r2,shrinking,T=400,1606,1,3,3500947,0.0449129,True,False,False,,4311,1641,1
shrinking_split_b_decay_r2,shrinking,cost_model_cold,1606,1,4,3500947,0.0862028,True,False,False,,6172,739,1
shrinking_split_b_decay_r2,shrinking,cost_model_warm,1606,1,5,3500947,0.0818606,True,False,False,,5273,1175,1
shrinking_split_b_decay_r2,shrinking,timing,1606,1,6,3500947,0.0879162,True,False,False,,7699,2,2
shrinking_split_b_decay_r2,shrinking,timing_ovr1,1606,1,7,3500947,0.0988003,True,False,False,,7245,181,4
shrinking_split_b_decay_r2,shrinking,timing_ovr2,1606,1,8,3500947,0.0998652,True,False,False,,7699,2,2
shrinking_split_b_decay_r2,shrinking,T=100,1607,0,0,3500947,0.0948529,True,False,False,,6871,394,1
shrinking_split_b_decay_r2,shrinking,T=250,1607,0,1,3500947,0.0798425,True,False,False,,5602,1021,1
shrinking_split_b_decay_r2,shrinking,T=400,1607,0,2,3500947,0.0884328,True,False,False,,4313,1637,1
shrinking_split_b_decay_r2,shrinking,cost_model_cold,1607,0,3,3500947,0.1114875,True,False,False,,6178,736,1
shrinking_split_b_decay_r2,shrinking,cost_model_warm,1607,0,4,3500947,0.0898812,True,False,False,,5273,1173,1
shrinking_split_b_decay_r2,shrinking,timing,1607,0,5,3500947,0.0872301,True,False,False,,7714,2,2
shrinking_split_b_decay_r2,shrinking,timing_ovr1,1607,0,6,3500947,0.1046543,True,False,False,,6843,405,4
shrinking_split_b_decay_r2,shrinking,timing_ovr2,1607,0,7,3500947,0.0991597,True,False,False,,1349,3067,3
shrinking_split_b_decay_r2,shrinking,timing_ovr1_eager,1607,0,8,3500947,0.1181984,True,False,False,,5492,1097,29
shrinking_split_b_decay_r2,shrinking,T=250,1607,1,0,3500947,0.1060856,True,False,False,,5602,1021,1
shrinking_split_b_decay_r2,shrinking,T=400,1607,1,1,3500947,0.0951139,True,False,False,,4313,1637,1
shrinking_split_b_decay_r2,shrinking,cost_model_cold,1607,1,2,3500947,0.1094332,True,False,False,,6178,736,1
shrinking_split_b_decay_r2,shrinking,cost_model_warm,1607,1,3,3500947,0.0843273,True,False,False,,5273,1173,1
shrinking_split_b_decay_r2,shrinking,timing,1607,1,4,3500947,0.0988037,True,False,False,,7714,2,2
shrinking_split_b_decay_r2,shrinking,timing_ovr1,1607,1,5,3500947,0.1377905,True,False,False,,877,3296,3
shrinking_split_b_decay_r2,shrinking,timing_ovr2,1607,1,6,3500947,0.0874938,True,False,False,,7714,2,2
shrinking_split_b_decay_r2,shrinking,timing_ovr1_eager,1607,1,7,3500947,0.1293019,True,False,False,,4345,1620,28
shrinking_split_b_decay_r2,shrinking,T=100,1607,1,8,3500947,0.1017878,True,False,False,,6871,394,1
shrinking_split_b_decay_r2,shrinking,T=400,1608,0,0,3500947,0.1039298,True,False,False,,4295,1639,1
shrinking_split_b_decay_r2,shrinking,cost_model_cold,1608,0,1,3500947,0.0967859,True,False,False,,6150,734,1
shrinking_split_b_decay_r2,shrinking,cost_model_warm,1608,0,2,3500947,0.0975876,True,False,False,,5260,1175,1
shrinking_split_b_decay_r2,shrinking,timing,1608,0,3,3500947,0.1263671,True,False,False,,7767,2,2
shrinking_split_b_decay_r2,shrinking,timing_ovr1,1608,0,4,3500947,0.0977756,True,False,False,,7767,2,2
shrinking_split_b_decay_r2,shrinking,timing_ovr2,1608,0,5,3500947,0.1073387,True,False,False,,7767,2,2
shrinking_split_b_decay_r2,shrinking,timing_ovr1_eager,1608,0,6,3500947,0.1173507,True,False,False,,1734,2887,19
shrinking_split_b_decay_r2,shrinking,T=100,1608,0,7,3500947,0.1009426,True,False,False,,6857,394,1
shrinking_split_b_decay_r2,shrinking,T=250,1608,0,8,3500947,0.0674706,True,False,False,,5587,1015,1
shrinking_split_b_decay_r2,shrinking,cost_model_cold,1608,1,0,3500947,0.0791836,True,False,False,,6150,734,1
shrinking_split_b_decay_r2,shrinking,cost_model_warm,1608,1,1,3500947,0.0938321,True,False,False,,5260,1175,1
shrinking_split_b_decay_r2,shrinking,timing,1608,1,2,3500947,0.1173613,True,False,False,,7767,2,2
shrinking_split_b_decay_r2,shrinking,timing_ovr1,1608,1,3,3500947,0.0968133,True,False,False,,7081,295,4
shrinking_split_b_decay_r2,shrinking,timing_ovr2,1608,1,4,3500947,0.098874,True,False,False,,812,3334,3
shrinking_split_b_decay_r2,shrinking,timing_ovr1_eager,1608,1,5,3500947,0.0885332,True,False,False,,5255,1201,29
shrinking_split_b_decay_r2,shrinking,T=100,1608,1,6,3500947,0.0763176,True,False,False,,6857,394,1
shrinking_split_b_decay_r2,shrinking,T=250,1608,1,7,3500947,0.0986091,True,False,False,,5587,1015,1
shrinking_split_b_decay_r2,shrinking,T=400,1608,1,8,3500947,0.0853128,True,False,False,,4295,1639,1
shrinking_b_decay_channels_1_r05,branch_count,cost_model_warm,1601,0,0,306520,0.0170013,True,False,False,,1,1107,1
shrinking_b_decay_channels_1_r05,branch_count,timing,1601,0,1,306520,0.0316921,True,False,False,,2297,2,2
shrinking_b_decay_channels_1_r05,branch_count,timing_ovr1,1601,0,2,306520,0.012443,True,False,False,,273,981,5
shrinking_b_decay_channels_1_r05,branch_count,timing_ovr2,1601,0,3,306520,0.0166766,True,False,False,,760,738,5
shrinking_b_decay_channels_1_r05,branch_count,timing_ovr1_eager,1601,0,4,306520,0.0169217,True,False,False,,73,1068,9
shrinking_b_decay_channels_1_r05,branch_count,T=100,1601,0,5,306520,0.0229171,True,False,False,,1437,416,1
shrinking_b_decay_channels_1_r05,branch_count,T=250,1601,0,6,306520,0.0164264,True,False,False,,159,1038,1
shrinking_b_decay_channels_1_r05,branch_count,T=400,1601,0,7,306520,0.0131949,True,False,False,,1,1107,1
shrinking_b_decay_channels_1_r05,branch_count,cost_model_cold,1601,0,8,306520,0.0163315,True,False,False,,644,803,1
shrinking_b_decay_channels_1_r05,branch_count,timing,1601,1,0,306520,0.0183714,True,False,False,,437,905,3
shrinking_b_decay_channels_1_r05,branch_count,timing_ovr1,1601,1,1,306520,0.0176306,True,False,False,,258,991,3
shrinking_b_decay_channels_1_r05,branch_count,timing_ovr2,1601,1,2,306520,0.0304738,True,False,False,,1565,342,4
shrinking_b_decay_channels_1_r05,branch_count,timing_ovr1_eager,1601,1,3,306520,0.0224924,True,False,False,,1047,597,8
shrinking_b_decay_channels_1_r05,branch_count,T=100,1601,1,4,306520,0.0238318,True,False,False,,1437,416,1
shrinking_b_decay_channels_1_r05,branch_count,T=250,1601,1,5,306520,0.015904,True,False,False,,159,1038,1
shrinking_b_decay_channels_1_r05,branch_count,T=400,1601,1,6,306520,0.0150745,True,False,False,,1,1107,1
shrinking_b_decay_channels_1_r05,branch_count,cost_model_cold,1601,1,7,306520,0.0195769,True,False,False,,644,803,1
shrinking_b_decay_channels_1_r05,branch_count,cost_model_warm,1601,1,8,306520,0.0102069,True,False,False,,1,1107,1
shrinking_b_decay_channels_1_r05,branch_count,timing_ovr1,1602,0,0,306520,0.0156471,True,False,False,,261,978,5
shrinking_b_decay_channels_1_r05,branch_count,timing_ovr2,1602,0,1,306520,0.0227532,True,False,False,,1467,371,8
shrinking_b_decay_channels_1_r05,branch_count,timing_ovr1_eager,1602,0,2,306520,0.0127569,True,False,False,,68,1075,5
shrinking_b_decay_channels_1_r05,branch_count,T=100,1602,0,3,306520,0.0180071,True,False,False,,1426,406,1
shrinking_b_decay_channels_1_r05,branch_count,T=250,1602,0,4,306520,0.0172768,True,False,False,,146,1037,1
shrinking_b_decay_channels_1_r05,branch_count,T=400,1602,0,5,306520,0.0151951,True,False,False,,1,1108,1
shrinking_b_decay_channels_1_r05,branch_count,cost_model_cold,1602,0,6,306520,0.0108523,True,False,False,,619,800,1
shrinking_b_decay_channels_1_r05,branch_count,cost_model_warm,1602,0,7,306520,0.0146266,True,False,False,,1,1108,1
shrinking_b_decay_channels_1_r05,branch_count,timing,1602,0,8,306520,0.0249627,True,False,False,,2234,7,4
shrinking_b_decay_channels_1_r05,branch_count,timing_ovr2,1602,1,0,306520,0.0114597,True,False,False,,440,890,9
shrinking_b_decay_channels_1_r05,branch_count,timing_ovr1_eager,1602,1,1,306520,0.0084431,True,False,False,,68,1075,5
shrinking_b_decay_channels_1_r05,branch_count,T=100,1602,1,2,306520,0.0235104,True,False,False,,1426,406,1
shrinking_b_decay_channels_1_r05,branch_count,T=250,1602,1,3,306520,0.0185537,True,False,False,,146,1037,1
shrinking_b_decay_channels_1_r05,branch_count,T=400,1602,1,4,306520,0.0171701,True,False,False,,1,1108,1
shrinking_b_decay_channels_1_r05,branch_count,cost_model_cold,1602,1,5,306520,0.0191153,True,False,False,,619,800,1
shrinking_b_decay_channels_1_r05,branch_count,cost_model_warm,1602,1,6,306520,0.0141766,True,False,False,,1,1108,1
shrinking_b_decay_channels_1_r05,branch_count,timing,1602,1,7,306520,0.0134868,True,False,False,,941,659,3
shrinking_b_decay_channels_1_r05,branch_count,timing_ovr1,1602,1,8,306520,0.0095913,True,False,False,,256,983,1
shrinking_b_decay_channels_1_r05,branch_count,timing_ovr1_eager,1603,0,0,306520,0.0117485,True,False,False,,454,886,7
shrinking_b_decay_channels_1_r05,branch_count,T=100,1603,0,1,306520,0.0118374,True,False,False,,1425,416,1
shrinking_b_decay_channels_1_r05,branch_count,T=250,1603,0,2,306520,0.0125787,True,False,False,,144,1033,1
shrinking_b_decay_channels_1_r05,branch_count,T=400,1603,0,3,306520,0.0168936,True,False,False,,1,1109,1
shrinking_b_decay_channels_1_r05,branch_count,cost_model_cold,1603,0,4,306520,0.0193092,True,False,False,,627,799,1
shrinking_b_decay_channels_1_r05,branch_count,cost_model_warm,1603,0,5,306520,0.0169371,True,False,False,,1,1109,1
shrinking_b_decay_channels_1_r05,branch_count,timing,1603,0,6,306520,0.033479,True,False,False,,2262,2,2
shrinking_b_decay_channels_1_r05,branch_count,timing_ovr1,1603,0,7,306520,0.0227386,True,False,False,,1902,160,4
shrinking_b_decay_channels_1_r05,branch_count,timing_ovr2,1603,0,8,306520,0.0205531,True,False,False,,857,688,3
shrinking_b_decay_channels_1_r05,branch_count,T=100,1603,1,0,306520,0.024612,True,False,False,,1425,416,1
shrinking_b_decay_channels_1_r05,branch_count,T=250,1603,1,1,306520,0.0140384,True,False,False,,144,1033,1
shrinking_b_decay_channels_1_r05,branch_count,T=400,1603,1,2,306520,0.0117739,True,False,False,,1,1109,1
shrinking_b_decay_channels_1_r05,branch_count,cost_model_cold,1603,1,3,306520,0.0094959,True,False,False,,627,799,1
shrinking_b_decay_channels_1_r05,branch_count,cost_model_warm,1603,1,4,306520,0.0129707,True,False,False,,1,1109,1
shrinking_b_decay_channels_1_r05,branch_count,timing,1603,1,5,306520,0.0125144,True,False,False,,375,925,3
shrinking_b_decay_channels_1_r05,branch_count,timing_ovr1,1603,1,6,306520,0.0251832,True,False,False,,1586,321,4
shrinking_b_decay_channels_1_r05,branch_count,timing_ovr2,1603,1,7,306520,0.0182099,True,False,False,,496,861,3
shrinking_b_decay_channels_1_r05,branch_count,timing_ovr1_eager,1603,1,8,306520,0.021881,True,False,False,,492,864,9
shrinking_b_decay_channels_1_r05,branch_count,T=250,1604,0,0,306520,0.017071,True,False,False,,166,1036,1
shrinking_b_decay_channels_1_r05,branch_count,T=400,1604,0,1,306520,0.0171314,True,False,False,,1,1110,1
shrinking_b_decay_channels_1_r05,branch_count,cost_model_cold,1604,0,2,306520,0.0195533,True,False,False,,649,796,1
shrinking_b_decay_channels_1_r05,branch_count,cost_model_warm,1604,0,3,306520,0.0169763,True,False,False,,1,1110,1
shrinking_b_decay_channels_1_r05,branch_count,timing,1604,0,4,306520,0.0271078,True,False,False,,1614,327,3
shrinking_b_decay_channels_1_r05,branch_count,timing_ovr1,1604,0,5,306520,0.0192474,True,False,False,,256,988,1
shrinking_b_decay_channels_1_r05,branch_count,timing_ovr2,1604,0,6,306520,0.0291014,True,False,False,,1695,267,4
shrinking_b_decay_channels_1_r05,branch_count,timing_ovr1_eager,1604,0,7,306520,0.0110564,True,False,False,,68,1079,5
shrinking_b_decay_channels_1_r05,branch_count,T=100,1604,0,8,306520,0.0252298,True,False,False,,1451,414,1
shrinking_b_decay_channels_1_r05,branch_count,T=400,1604,1,0,306520,0.0095776,True,False,False,,1,1110,1
shrinking_b_decay_channels_1_r05,branch_count,cost_model_cold,1604,1,1,306520,0.0169448,True,False,False,,649,796,1
shrinking_b_decay_channels_1_r05,branch_count,cost_model_warm,1604,1,2,306520,0.0170549,True,False,False,,1,1110,1
shrinking_b_decay_channels_1_r05,branch_count,timing,1604,1,3,306520,0.031085,True,False,False,,2132,47,4
shrinking_b_decay_channels_1_r05,branch_count,timing_ovr1,1604,1,4,306520,0.0089392,True,False,False,,267,982,5
shrinking_b_decay_channels_1_r05,branch_count,timing_ovr2,1604,1,5,306520,0.0200855,True,False,False,,2126,61,4
shrinking_b_decay_channels_1_r05,branch_count,timing_ovr1_eager,1604,1,6,306520,0.0236346,True,False,False,,68,1079,5
shrinking_b_decay_channels_1_r05,branch_count,T=100,1604,1,7,306520,0.0280349,True,False,False,,1451,414,1
shrinking_b_decay_channels_1_r05,branch_count,T=250,1604,1,8,306520,0.0167794,True,False,False,,166,1036,1
shrinking_b_decay_channels_1_r05,branch_count,cost_model_cold,1605,0,0,306520,0.0194719,True,False,False,,650,803,1
shrinking_b_decay_channels_1_r05,branch_count,cost_model_warm,1605,0,1,306520,0.0110736,True,False,False,,1,1107,1
shrinking_b_decay_channels_1_r05,branch_count,timing,1605,0,2,306520,0.0333124,True,False,False,,2262,2,2
shrinking_b_decay_channels_1_r05,branch_count,timing_ovr1,1605,0,3,306520,0.0125581,True,False,False,,256,987,1
shrinking_b_decay_channels_1_r05,branch_count,timing_ovr2,1605,0,4,306520,0.0293062,True,False,False,,1480,388,4
shrinking_b_decay_channels_1_r05,branch_count,timing_ovr1_eager,1605,0,5,306520,0.0179988,True,False,False,,70,1080,7
shrinking_b_decay_channels_1_r05,branch_count,T=100,1605,0,6,306520,0.0210708,True,False,False,,1451,418,1
shrinking_b_decay_channels_1_r05,branch_count,T=250,1605,0,7,306520,0.017463,True,False,False,,153,1035,1
shrinking_b_decay_channels_1_r05,branch_count,T=400,1605,0,8,306520,0.0116048,True,False,False,,1,1107,1
shrinking_b_decay_channels_1_r05,branch_count,cost_model_warm,1605,1,0,306520,0.0160974,True,False,False,,1,1107,1
shrinking_b_decay_channels_1_r05,branch_count,timing,1605,1,1,306520,0.0163639,True,False,False,,1662,305,3
shrinking_b_decay_channels_1_r05,branch_count,timing_ovr1,1605,1,2,306520,0.0294551,True,False,False,,1504,366,2
shrinking_b_decay_channels_1_r05,branch_count,timing_ovr2,1605,1,3,306520,0.0311181,True,False,False,,1725,257,6
shrinking_b_decay_channels_1_r05,branch_count,timing_ovr1_eager,1605,1,4,306520,0.0152345,True,False,False,,73,1076,9
shrinking_b_decay_channels_1_r05,branch_count,T=100,1605,1,5,306520,0.018634,True,False,False,,1451,418,1
shrinking_b_decay_channels_1_r05,branch_count,T=250,1605,1,6,306520,0.0118627,True,False,False,,153,1035,1
shrinking_b_decay_channels_1_r05,branch_count,T=400,1605,1,7,306520,0.0090288,True,False,False,,1,1107,1
shrinking_b_decay_channels_1_r05,branch_count,cost_model_cold,1605,1,8,306520,0.0096933,True,False,False,,650,803,1
shrinking_b_decay_channels_1_r05,branch_count,timing,1606,0,0,306520,0.0074901,True,False,False,,286,972,3
shrinking_b_decay_channels_1_r05,branch_count,timing_ovr1,1606,0,1,306520,0.0095689,True,False,False,,256,983,1
shrinking_b_decay_channels_1_r05,branch_count,timing_ovr2,1606,0,2,306520,0.0096917,True,False,False,,285,973,3
shrinking_b_decay_channels_1_r05,branch_count,timing_ovr1_eager,1606,0,3,306520,0.0073693,True,False,False,,72,1077,7
shrinking_b_decay_channels_1_r05,branch_count,T=100,1606,0,4,306520,0.0149304,True,False,False,,1427,410,1
shrinking_b_decay_channels_1_r05,branch_count,T=250,1606,0,5,306520,0.008444,True,False,False,,148,1033,1
shrinking_b_decay_channels_1_r05,branch_count,T=400,1606,0,6,306520,0.0085292,True,False,False,,1,1104,1
shrinking_b_decay_channels_1_r05,branch_count,cost_model_cold,1606,0,7,306520,0.0159752,True,False,False,,630,803,1
shrinking_b_decay_channels_1_r05,branch_count,cost_model_warm,1606,0,8,306520,0.016903,True,False,False,,1,1104,1
shrinking_b_decay_channels_1_r05,branch_count,timing_ovr1,1606,1,0,306520,0.0174193,True,False,False,,256,983,1
shrinking_b_decay_channels_1_r05,branch_count,timing_ovr2,1606,1,1,306520,0.0152276,True,False,False,,287,968,3
shrinking_b_decay_channels_1_r05,branch_count,timing_ovr1_eager,1606,1,2,306520,0.0168439,True,False,False,,482,857,6
shrinking_b_decay_channels_1_r05,branch_count,T=100,1606,1,3,306520,0.0248393,True,False,False,,1427,410,1
shrinking_b_decay_channels_1_r05,branch_count,T=250,1606,1,4,306520,0.0156349,True,False,False,,148,1033,1
shrinking_b_decay_channels_1_r05,branch_count,T=400,1606,1,5,306520,0.0110786,True,False,False,,1,1104,1
shrinking_b_decay_channels_1_r05,branch_count,cost_model_cold,1606,1,6,306520,0.0125861,True,False,False,,630,803,1
shrinking_b_decay_channels_1_r05,branch_count,cost_model_warm,1606,1,7,306520,0.0077685,True,False,False,,1,1104,1
shrinking_b_decay_channels_1_r05,branch_count,timing,1606,1,8,306520,0.0271328,True,False,False,,2282,2,2
shrinking_b_decay_channels_1_r05,branch_count,timing_ovr2,1607,0,0,306520,0.0167379,True,False,False,,758,741,3
shrinking_b_decay_channels_1_r05,branch_count,timing_ovr1_eager,1607,0,1,306520,0.0189753,True,False,False,,241,997,7
shrinking_b_decay_channels_1_r05,branch_count,T=100,1607,0,2,306520,0.0248411,True,False,False,,1432,410,1
shrinking_b_decay_channels_1_r05,branch_count,T=250,1607,0,3,306520,0.0171706,True,False,False,,151,1038,1
shrinking_b_decay_channels_1_r05,branch_count,T=400,1607,0,4,306520,0.0168207,True,False,False,,1,1108,1
shrinking_b_decay_channels_1_r05,branch_count,cost_model_cold,1607,0,5,306520,0.0209003,True,False,False,,613,801,1
shrinking_b_decay_channels_1_r05,branch_count,cost_model_warm,1607,0,6,306520,0.0170243,True,False,False,,1,1108,1
shrinking_b_decay_channels_1_r05,branch_count,timing,1607,0,7,306520,0.0347627,True,False,False,,2260,2,2
shrinking_b_decay_channels_1_r05,branch_count,timing_ovr1,1607,0,8,306520,0.017489,True,False,False,,260,979,3
shrinking_b_decay_channels_1_r05,branch_count,timing_ovr1_eager,1607,1,0,306520,0.0171924,True,False,False,,68,1077,5
shrinking_b_decay_channels_1_r05,branch_count,T=100,1607,1,1,306520,0.0250838,True,False,False,,1432,410,1
shrinking_b_decay_channels_1_r05,branch_count,T=250,1607,1,2,306520,0.016472,True,False,False,,151,1038,1
shrinking_b_decay_channels_1_r05,branch_count,T=400,1607,1,3,306520,0.0162046,True,False,False,,1,1108,1
shrinking_b_decay_channels_1_r05,branch_count,cost_model_cold,1607,1,4,306520,0.01339,True,False,False,,613,801,1
shrinking_b_decay_channels_1_r05,branch_count,cost_model_warm,1607,1,5,306520,0.0092385,True,False,False,,1,1108,1
shrinking_b_decay_channels_1_r05,branch_count,timing,1607,1,6,306520,0.0326321,True,False,False,,2260,2,2
shrinking_b_decay_channels_1_r05,branch_count,timing_ovr1,1607,1,7,306520,0.0119046,True,False,False,,258,980,3
shrinking_b_decay_channels_1_r05,branch_count,timing_ovr2,1607,1,8,306520,0.0177409,True,False,False,,389,915,3
shrinking_b_decay_channels_1_r05,branch_count,T=100,1608,0,0,306520,0.0228552,True,False,False,,1444,410,1
shrinking_b_decay_channels_1_r05,branch_count,T=250,1608,0,1,306520,0.0155744,True,False,False,,159,1037,1
shrinking_b_decay_channels_1_r05,branch_count,T=400,1608,0,2,306520,0.0097181,True,False,False,,1,1108,1
shrinking_b_decay_channels_1_r05,branch_count,cost_model_cold,1608,0,3,306520,0.0108829,True,False,False,,648,803,1
shrinking_b_decay_channels_1_r05,branch_count,cost_model_warm,1608,0,4,306520,0.0090901,True,False,False,,1,1108,1
shrinking_b_decay_channels_1_r05,branch_count,timing,1608,0,5,306520,0.0327758,True,False,False,,2292,2,2
shrinking_b_decay_channels_1_r05,branch_count,timing_ovr1,1608,0,6,306520,0.0103592,True,False,False,,256,990,1
shrinking_b_decay_channels_1_r05,branch_count,timing_ovr2,1608,0,7,306520,0.018318,True,False,False,,301,974,5
shrinking_b_decay_channels_1_r05,branch_count,timing_ovr1_eager,1608,0,8,306520,0.0159346,True,False,False,,77,1075,11
shrinking_b_decay_channels_1_r05,branch_count,T=250,1608,1,0,306520,0.0147751,True,False,False,,159,1037,1
shrinking_b_decay_channels_1_r05,branch_count,T=400,1608,1,1,306520,0.01106,True,False,False,,1,1108,1
shrinking_b_decay_channels_1_r05,branch_count,cost_model_cold,1608,1,2,306520,0.0132387,True,False,False,,648,803,1
shrinking_b_decay_channels_1_r05,branch_count,cost_model_warm,1608,1,3,306520,0.0091407,True,False,False,,1,1108,1
shrinking_b_decay_channels_1_r05,branch_count,timing,1608,1,4,306520,0.0245128,True,False,False,,2292,2,2
shrinking_b_decay_channels_1_r05,branch_count,timing_ovr1,1608,1,5,306520,0.0084435,True,False,False,,278,982,3
shrinking_b_decay_channels_1_r05,branch_count,timing_ovr2,1608,1,6,306520,0.009931,True,False,False,,349,947,5
shrinking_b_decay_channels_1_r05,branch_count,timing_ovr1_eager,1608,1,7,306520,0.0164184,True,False,False,,76,1074,9
shrinking_b_decay_channels_1_r05,branch_count,T=100,1608,1,8,306520,0.0161418,True,False,False,,1444,410,1
shrinking_b_decay_channels_1_r1,branch_count,T=400,1601,0,0,1226081,0.0547205,True,False,False,,1176,1649,1
shrinking_b_decay_channels_1_r1,branch_count,cost_model_cold,1601,0,1,1226081,0.0569812,True,False,False,,2956,795,1
shrinking_b_decay_channels_1_r1,branch_count,cost_model_warm,1601,0,2,1226081,0.05431,True,False,False,,1980,1263,1
shrinking_b_decay_channels_1_r1,branch_count,timing,1601,0,3,1226081,0.0689705,True,False,False,,4504,2,2
shrinking_b_decay_channels_1_r1,branch_count,timing_ovr1,1601,0,4,1226081,0.0541494,True,False,False,,1261,1595,3
shrinking_b_decay_channels_1_r1,branch_count,timing_ovr2,1601,0,5,1226081,0.0622529,True,False,False,,4504,2,2
shrinking_b_decay_channels_1_r1,branch_count,timing_ovr1_eager,1601,0,6,1226081,0.0509361,True,False,False,,186,2123,15
shrinking_b_decay_channels_1_r1,branch_count,T=100,1601,0,7,1226081,0.0629863,True,False,False,,3717,407,1
shrinking_b_decay_channels_1_r1,branch_count,T=250,1601,0,8,1226081,0.0542861,True,False,False,,2465,1025,1
shrinking_b_decay_channels_1_r1,branch_count,cost_model_cold,1601,1,0,1226081,0.0551729,True,False,False,,2956,795,1
shrinking_b_decay_channels_1_r1,branch_count,cost_model_warm,1601,1,1,1226081,0.0422153,True,False,False,,1980,1263,1
shrinking_b_decay_channels_1_r1,branch_count,timing,1601,1,2,1226081,0.0604774,True,False,False,,4504,2,2
shrinking_b_decay_channels_1_r1,branch_count,timing_ovr1,1601,1,3,1226081,0.067128,True,False,False,,2876,835,6
shrinking_b_decay_channels_1_r1,branch_count,timing_ovr2,1601,1,4,1226081,0.0609648,True,False,False,,3083,717,4
shrinking_b_decay_channels_1_r1,branch_count,timing_ovr1_eager,1601,1,5,1226081,0.0394358,True,False,False,,1146,1651,15
shrinking_b_decay_channels_1_r1,branch_count,T=100,1601,1,6,1226081,0.0561687,True,False,False,,3717,407,1
shrinking_b_decay_channels_1_r1,branch_count,T=250,1601,1,7,1226081,0.037539,True,False,False,,2465,1025,1
shrinking_b_decay_channels_1_r1,branch_count,T=400,1601,1,8,1226081,0.0338594,True,False,False,,1176,1649,1
shrinking_b_decay_channels_1_r1,branch_count,cost_model_warm,1602,0,0,1226081,0.0303262,True,False,False,,1929,1267,1
shrinking_b_decay_channels_1_r1,branch_count,timing,1602,0,1,1226081,0.0490038,True,False,False,,3506,488,4
shrinking_b_decay_channels_1_r1,branch_count,timing_ovr1,1602,0,2,1226081,0.0551634,True,False,False,,459,1976,7
shrinking_b_decay_channels_1_r1,branch_count,timing_ovr2,1602,0,3,1226081,0.0482191,True,False,False,,977,1735,3
shrinking_b_decay_channels_1_r1,branch_count,timing_ovr1_eager,1602,0,4,1226081,0.0577442,True,False,False,,81,2164,11
shrinking_b_decay_channels_1_r1,branch_count,T=100,1602,0,5,1226081,0.0474186,True,False,False,,3714,401,1
shrinking_b_decay_channels_1_r1,branch_count,T=250,1602,0,6,1226081,0.0293363,True,False,False,,2439,1027,1
shrinking_b_decay_channels_1_r1,branch_count,T=400,1602,0,7,1226081,0.0334188,True,False,False,,1144,1649,1
shrinking_b_decay_channels_1_r1,branch_count,cost_model_cold,1602,0,8,1226081,0.0480572,True,False,False,,2912,792,1
shrinking_b_decay_channels_1_r1,branch_count,timing,1602,1,0,1226081,0.0515927,True,False,False,,4555,2,2
shrinking_b_decay_channels_1_r1,branch_count,timing_ovr1,1602,1,1,1226081,0.0422162,True,False,False,,373,2020,9
shrinking_b_decay_channels_1_r1,branch_count,timing_ovr2,1602,1,2,1226081,0.0678486,True,False,False,,4555,2,2
shrinking_b_decay_channels_1_r1,branch_count,timing_ovr1_eager,1602,1,3,1226081,0.0472112,True,False,False,,1125,1660,21
shrinking_b_decay_channels_1_r1,branch_count,T=100,1602,1,4,1226081,0.048005,True,False,False,,3714,401,1
shrinking_b_decay_channels_1_r1,branch_count,T=250,1602,1,5,1226081,0.0285387,True,False,False,,2439,1027,1
shrinking_b_decay_channels_1_r1,branch_count,T=400,1602,1,6,1226081,0.0448777,True,False,False,,1144,1649,1
shrinking_b_decay_channels_1_r1,branch_count,cost_model_cold,1602,1,7,1226081,0.0558682,True,False,False,,2912,792,1
shrinking_b_decay_channels_1_r1,branch_count,cost_model_warm,1602,1,8,1226081,0.0494365,True,False,False,,1929,1267,1
shrinking_b_decay_channels_1_r1,branch_count,timing_ovr1,1603,0,0,1226081,0.0576134,True,False,False,,495,1971,5
shrinking_b_decay_channels_1_r1,branch_count,timing_ovr2,1603,0,1,1226081,0.0526389,True,False,False,,4484,2,2
shrinking_b_decay_channels_1_r1,branch_count,timing_ovr1_eager,1603,0,2,1226081,0.0469203,True,False,False,,1235,1594,21
shrinking_b_decay_channels_1_r1,branch_count,T=100,1603,0,3,1226081,0.0517202,True,False,False,,3711,402,1
shrinking_b_decay_channels_1_r1,branch_count,T=250,1603,0,4,1226081,0.0503789,True,False,False,,2420,1024,1
shrinking_b_decay_channels_1_r1,branch_count,T=400,1603,0,5,1226081,0.0552821,True,False,False,,1143,1653,1
shrinking_b_decay_channels_1_r1,branch_count,cost_model_cold,1603,0,6,1226081,0.0565275,True,False,False,,2909,794,1
shrinking_b_decay_channels_1_r1,branch_count,cost_model_warm,1603,0,7,1226081,0.0409087,True,False,False,,1920,1261,1
shrinking_b_decay_channels_1_r1,branch_count,timing,1603,0,8,1226081,0.0387663,True,False,False,,4484,2,2
shrinking_b_decay_channels_1_r1,branch_count,timing_ovr2,1603,1,0,1226081,0.0377536,True,False,False,,339,2042,3
shrinking_b_decay_channels_1_r1,branch_count,timing_ovr1_eager,1603,1,1,1226081,0.050199,True,False,False,,213,2096,21
shrinking_b_decay_channels_1_r1,branch_count,T=100,1603,1,2,1226081,0.0496098,True,False,False,,3711,402,1
shrinking_b_decay_channels_1_r1,branch_count,T=250,1603,1,3,1226081,0.0453287,True,False,False,,2420,1024,1
shrinking_b_decay_channels_1_r1,branch_count,T=400,1603,1,4,1226081,0.053956,True,False,False,,1143,1653,1
shrinking_b_decay_channels_1_r1,branch_count,cost_model_cold,1603,1,5,1226081,0.0361912,True,False,False,,2909,794,1
shrinking_b_decay_channels_1_r1,branch_count,cost_model_warm,1603,1,6,1226081,0.0373861,True,False,False,,1920,1261,1
shrinking_b_decay_channels_1_r1,branch_count,timing,1603,1,7,1226081,0.0616253,True,False,False,,4484,2,2
shrinking_b_decay_channels_1_r1,branch_count,timing_ovr1,1603,1,8,1226081,0.0453737,True,False,False,,303,2057,7
shrinking_b_decay_channels_1_r1,branch_count,timing_ovr1_eager,1604,0,0,1226081,0.0509916,True,False,False,,2191,1155,27
shrinking_b_decay_channels_1_r1,branch_count,T=100,1604,0,1,1226081,0.0382253,True,False,False,,3702,406,1
shrinking_b_decay_channels_1_r1,branch_count,T=250,1604,0,2,1226081,0.0408565,True,False,False,,2435,1026,1
shrinking_b_decay_channels_1_r1,branch_count,T=400,1604,0,3,1226081,0.0445342,True,False,False,,1181,1649,1
shrinking_b_decay_channels_1_r1,branch_count,cost_model_cold,1604,0,4,1226081,0.0410699,True,False,False,,2899,793,1
shrinking_b_decay_channels_1_r1,branch_count,cost_model_warm,1604,0,5,1226081,0.0511123,True,False,False,,1951,1262,1
shrinking_b_decay_channels_1_r1,branch_count,timing,1604,0,6,1226081,0.0562845,True,False,False,,4571,2,2
shrinking_b_decay_channels_1_r1,branch_count,timing_ovr1,1604,0,7,1226081,0.0523177,True,False,False,,331,2052,7
shrinking_b_decay_channels_1_r1,branch_count,timing_ovr2,1604,0,8,1226081,0.0586363,True,False,False,,4500,36,4
shrinking_b_decay_channels_1_r1,branch_count,T=100,1604,1,0,1226081,0.047412,True,False,False,,3702,406,1
shrinking_b_decay_channels_1_r1,branch_count,T=250,1604,1,1,1226081,0.0456444,True,False,False,,2435,1026,1
shrinking_b_decay_channels_1_r1,branch_count,T=400,1604,1,2,1226081,0.0566371,True,False,False,,1181,1649,1
shrinking_b_decay_channels_1_r1,branch_count,cost_model_cold,1604,1,3,1226081,0.0661443,True,False,False,,2899,793,1
shrinking_b_decay_channels_1_r1,branch_count,cost_model_warm,1604,1,4,1226081,0.04715,True,False,False,,1951,1262,1
shrinking_b_decay_channels_1_r1,branch_count,timing,1604,1,5,1226081,0.0460715,True,False,False,,4571,2,2
shrinking_b_decay_channels_1_r1,branch_count,timing_ovr1,1604,1,6,1226081,0.0453948,True,False,False,,330,2065,5
shrinking_b_decay_channels_1_r1,branch_count,timing_ovr2,1604,1,7,1226081,0.0629648,True,False,False,,4571,2,2
shrinking_b_decay_channels_1_r1,branch_count,timing_ovr1_eager,1604,1,8,1226081,0.0418704,True,False,False,,1749,1361,13
shrinking_b_decay_channels_1_r1,branch_count,T=250,1605,0,0,1226081,0.0531618,True,False,False,,2437,1029,1
shrinking_b_decay_channels_1_r1,branch_count,T=400,1605,0,1,1226081,0.054754,True,False,False,,1161,1650,1
shrinking_b_decay_channels_1_r1,branch_count,cost_model_cold,1605,0,2,1226081,0.0432918,True,False,False,,2927,789,1
shrinking_b_decay_channels_1_r1,branch_count,cost_model_warm,1605,0,3,1226081,0.0392301,True,False,False,,1950,1262,1
shrinking_b_decay_channels_1_r1,branch_count,timing,1605,0,4,1226081,0.0613123,True,False,False,,4523,2,2
shrinking_b_decay_channels_1_r1,branch_count,timing_ovr1,1605,0,5,1226081,0.0564291,True,False,False,,442,2002,5
shrinking_b_decay_channels_1_r1,branch_count,timing_ovr2,1605,0,6,1226081,0.0567888,True,False,False,,707,1877,3
shrinking_b_decay_channels_1_r1,branch_count,timing_ovr1_eager,1605,0,7,1226081,0.0508738,True,False,False,,1400,1523,13
shrinking_b_decay_channels_1_r1,branch_count,T=100,1605,0,8,1226081,0.0461283,True,False,False,,3719,406,1
shrinking_b_decay_channels_1_r1,branch_count,T=400,1605,1,0,1226081,0.0285487,True,False,False,,1161,1650,1
shrinking_b_decay_channels_1_r1,branch_count,cost_model_cold,1605,1,1,1226081,0.0574985,True,False,False,,2927,789,1
shrinking_b_decay_channels_1_r1,branch_count,cost_model_warm,1605,1,2,1226081,0.0534845,True,False,False,,1950,1262,1
shrinking_b_decay_channels_1_r1,branch_count,timing,1605,1,3,1226081,0.0441881,True,False,False,,1723,1372,3
shrinking_b_decay_channels_1_r1,branch_count,timing_ovr1,1605,1,4,1226081,0.0308748,True,False,False,,2299,1083,9
shrinking_b_decay_channels_1_r1,branch_count,timing_ovr2,1605,1,5,1226081,0.0527695,True,False,False,,2863,818,4
shrinking_b_decay_channels_1_r1,branch_count,timing_ovr1_eager,1605,1,6,1226081,0.0439326,True,False,False,,1302,1572,13
shrinking_b_decay_channels_1_r1,branch_count,T=100,1605,1,7,1226081,0.0432127,True,False,False,,3719,406,1
shrinking_b_decay_channels_1_r1,branch_count,T=250,1605,1,8,1226081,0.0470763,True,False,False,,2437,1029,1
shrinking_b_decay_channels_1_r1,branch_count,cost_model_cold,1606,0,0,1226081,0.0495286,True,False,False,,2958,790,1
shrinking_b_decay_channels_1_r1,branch_count,cost_model_warm,1606,0,1,1226081,0.0494898,True,False,False,,1962,1262,1
shrinking_b_decay_channels_1_r1,branch_count,timing,1606,0,2,1226081,0.0704012,True,False,False,,4534,2,2
shrinking_b_decay_channels_1_r1,branch_count,timing_ovr1,1606,0,3,1226081,0.0755727,True,False,False,,3275,603,4
shrinking_b_decay_channels_1_r1,branch_count,timing_ovr2,1606,0,4,1226081,0.0366085,True,False,False,,1278,1588,3
shrinking_b_decay_channels_1_r1,branch_count,timing_ovr1_eager,1606,0,5,1226081,0.042904,True,False,False,,2082,1199,19
shrinking_b_decay_channels_1_r1,branch_count,T=100,1606,0,6,1226081,0.0535317,True,False,False,,3729,406,1
shrinking_b_decay_channels_1_r1,branch_count,T=250,1606,0,7,1226081,0.0540911,True,False,False,,2447,1027,1
shrinking_b_decay_channels_1_r1,branch_count,T=400,1606,0,8,1226081,0.0508286,True,False,False,,1141,1646,1
shrinking_b_decay_channels_1_r1,branch_count,cost_model_warm,1606,1,0,1226081,0.0358768,True,False,False,,1962,1262,1
shrinking_b_decay_channels_1_r1,branch_count,timing,1606,1,1,1226081,0.0666395,True,False,False,,4534,2,2
shrinking_b_decay_channels_1_r1,branch_count,timing_ovr1,1606,1,2,1226081,0.05749,True,False,False,,287,2070,5
shrinking_b_decay_channels_1_r1,branch_count,timing_ovr2,1606,1,3,1226081,0.0697117,True,False,False,,4534,2,2
shrinking_b_decay_channels_1_r1,branch_count,timing_ovr1_eager,1606,1,4,1226081,0.0461825,True,False,False,,2454,1034,17
shrinking_b_decay_channels_1_r1,branch_count,T=100,1606,1,5,1226081,0.042009,True,False,False,,3729,406,1
shrinking_b_decay_channels_1_r1,branch_count,T=250,1606,1,6,1226081,0.0389582,True,False,False,,2447,1027,1
shrinking_b_decay_channels_1_r1,branch_count,T=400,1606,1,7,1226081,0.0389852,True,False,False,,1141,1646,1
shrinking_b_decay_channels_1_r1,branch_count,cost_model_cold,1606,1,8,1226081,0.0541863,True,False,False,,2958,790,1
shrinking_b_decay_channels_1_r1,branch_count,timing,1607,0,0,1226081,0.0474251,True,False,False,,4509,2,2
shrinking_b_decay_channels_1_r1,branch_count,timing_ovr1,1607,0,1,1226081,0.0532306,True,False,False,,3777,369,6
shrinking_b_decay_channels_1_r1,branch_count,timing_ovr2,1607,0,2,1226081,0.0483977,True,False,False,,1158,1655,3
shrinking_b_decay_channels_1_r1,branch_count,timing_ovr1_eager,1607,0,3,1226081,0.0729952,True,False,False,,2134,1167,16
shrinking_b_decay_channels_1_r1,branch_count,T=100,1607,0,4,1226081,0.0417946,True,False,False,,3690,403,1
shrinking_b_decay_channels_1_r1,branch_count,T=250,1607,0,5,1226081,0.0533935,True,False,False,,2407,1029,1
shrinking_b_decay_channels_1_r1,branch_count,T=400,1607,0,6,1226081,0.0389491,True,False,False,,1149,1649,1
shrinking_b_decay_channels_1_r1,branch_count,cost_model_cold,1607,0,7,1226081,0.0285923,True,False,False,,2893,790,1
shrinking_b_decay_channels_1_r1,branch_count,cost_model_warm,1607,0,8,1226081,0.0421514,True,False,False,,1932,1265,1
shrinking_b_decay_channels_1_r1,branch_count,timing_ovr1,1607,1,0,1226081,0.0618328,True,False,False,,4353,79,4
shrinking_b_decay_channels_1_r1,branch_count,timing_ovr2,1607,1,1,1226081,0.0652711,True,False,False,,4522,4,4
shrinking_b_decay_channels_1_r1,branch_count,timing_ovr1_eager,1607,1,2,1226081,0.0314607,True,False,False,,1931,1263,17
shrinking_b_decay_channels_1_r1,branch_count,T=100,1607,1,3,1226081,0.0461033,True,False,False,,3690,403,1
shrinking_b_decay_channels_1_r1,branch_count,T=250,1607,1,4,1226081,0.0534528,True,False,False,,2407,1029,1
shrinking_b_decay_channels_1_r1,branch_count,T=400,1607,1,5,1226081,0.0551231,True,False,False,,1149,1649,1
shrinking_b_decay_channels_1_r1,branch_count,cost_model_cold,1607,1,6,1226081,0.0568004,True,False,False,,2893,790,1
shrinking_b_decay_channels_1_r1,branch_count,cost_model_warm,1607,1,7,1226081,0.0526101,True,False,False,,1932,1265,1
shrinking_b_decay_channels_1_r1,branch_count,timing,1607,1,8,1226081,0.043705,True,False,False,,325,2047,5
shrinking_b_decay_channels_1_r1,branch_count,timing_ovr2,1608,0,0,1226081,0.0674309,True,False,False,,4271,155,4
shrinking_b_decay_channels_1_r1,branch_count,timing_ovr1_eager,1608,0,1,1226081,0.0687173,True,False,False,,2435,1026,16
shrinking_b_decay_channels_1_r1,branch_count,T=100,1608,0,2,1226081,0.0348719,True,False,False,,3703,407,1
shrinking_b_decay_channels_1_r1,branch_count,T=250,1608,0,3,1226081,0.0427252,True,False,False,,2396,1027,1
shrinking_b_decay_channels_1_r1,branch_count,T=400,1608,0,4,1226081,0.0540377,True,False,False,,1144,1646,1
shrinking_b_decay_channels_1_r1,branch_count,cost_model_cold,1608,0,5,1226081,0.0467784,True,False,False,,2899,796,1
shrinking_b_decay_channels_1_r1,branch_count,cost_model_warm,1608,0,6,1226081,0.0493687,True,False,False,,1926,1265,1
shrinking_b_decay_channels_1_r1,branch_count,timing,1608,0,7,1226081,0.0587898,True,False,False,,4568,2,2
shrinking_b_decay_channels_1_r1,branch_count,timing_ovr1,1608,0,8,1226081,0.0283892,True,False,False,,2118,1189,7
shrinking_b_decay_channels_1_r1,branch_count,timing_ovr1_eager,1608,1,0,1226081,0.0547168,True,False,False,,237,2098,21
shrinking_b_decay_channels_1_r1,branch_count,T=100,1608,1,1,1226081,0.0621491,True,False,False,,3703,407,1
shrinking_b_decay_channels_1_r1,branch_count,T=250,1608,1,2,1226081,0.0535659,True,False,False,,2396,1027,1
shrinking_b_decay_channels_1_r1,branch_count,T=400,1608,1,3,1226081,0.0528044,True,False,False,,1144,1646,1
shrinking_b_decay_channels_1_r1,branch_count,cost_model_cold,1608,1,4,1226081,0.0464277,True,False,False,,2899,796,1
shrinking_b_decay_channels_1_r1,branch_count,cost_model_warm,1608,1,5,1226081,0.0532853,True,False,False,,1926,1265,1
shrinking_b_decay_channels_1_r1,branch_count,timing,1608,1,6,1226081,0.0704432,True,False,False,,4568,2,2
shrinking_b_decay_channels_1_r1,branch_count,timing_ovr1,1608,1,7,1226081,0.0701338,True,False,False,,4328,106,4
shrinking_b_decay_channels_1_r1,branch_count,timing_ovr2,1608,1,8,1226081,0.0548484,True,False,False,,1013,1720,3
shrinking_b_decay_channels_1_r2,branch_count,T=100,1601,0,0,4904325,0.1357868,True,False,False,,8365,388,1
shrinking_b_decay_channels_1_r2,branch_count,T=250,1601,0,1,4904325,0.0776683,True,False,False,,7058,1011,1
shrinking_b_decay_channels_1_r2,branch_count,T=400,1601,0,2,4904325,0.079714,True,False,False,,5750,1630,1
shrinking_b_decay_channels_1_r2,branch_count,cost_model_cold,1601,0,3,4904325,0.1281755,True,False,False,,7539,778,1
shrinking_b_decay_channels_1_r2,branch_count,cost_model_warm,1601,0,4,4904325,0.1196632,True,False,False,,6551,1251,1
shrinking_b_decay_channels_1_r2,branch_count,timing,1601,0,5,4904325,0.0851174,True,False,False,,9090,4,4
shrinking_b_decay_channels_1_r2,branch_count,timing_ovr1,1601,0,6,4904325,0.1395188,True,False,False,,306,4268,3
shrinking_b_decay_channels_1_r2,branch_count,timing_ovr2,1601,0,7,4904325,0.0959154,True,False,False,,9090,4,4
shrinking_b_decay_channels_1_r2,branch_count,timing_ovr1_eager,1601,0,8,4904325,0.1160673,True,False,False,,935,3952,21
shrinking_b_decay_channels_1_r2,branch_count,T=250,1601,1,0,4904325,0.0891293,True,False,False,,7058,1011,1
shrinking_b_decay_channels_1_r2,branch_count,T=400,1601,1,1,4904325,0.0760208,True,False,False,,5750,1630,1
shrinking_b_decay_channels_1_r2,branch_count,cost_model_cold,1601,1,2,4904325,0.1028967,True,False,False,,7539,778,1
shrinking_b_decay_channels_1_r2,branch_count,cost_model_warm,1601,1,3,4904325,0.0922105,True,False,False,,6551,1251,1
shrinking_b_decay_channels_1_r2,branch_count,timing,1601,1,4,4904325,0.0915654,True,False,False,,9090,4,4
shrinking_b_decay_channels_1_r2,branch_count,timing_ovr1,1601,1,5,4904325,0.0934354,True,False,False,,8382,364,6
shrinking_b_decay_channels_1_r2,branch_count,timing_ovr2,1601,1,6,4904325,0.1099745,True,False,False,,8483,290,6
shrinking_b_decay_channels_1_r2,branch_count,timing_ovr1_eager,1601,1,7,4904325,0.1189728,True,False,False,,2239,3323,27
shrinking_b_decay_channels_1_r2,branch_count,T=100,1601,1,8,4904325,0.076827,True,False,False,,8365,388,1
shrinking_b_decay_channels_1_r2,branch_count,T=400,1602,0,0,4904325,0.0506452,True,False,False,,5728,1633,1
shrinking_b_decay_channels_1_r2,branch_count,cost_model_cold,1602,0,1,4904325,0.0652436,True,False,False,,7530,776,1
shrinking_b_decay_channels_1_r2,branch_count,cost_model_warm,1602,0,2,4904325,0.064313,True,False,False,,6535,1248,1
shrinking_b_decay_channels_1_r2,branch_count,timing,1602,0,3,4904325,0.1369009,True,False,False,,9082,4,4
shrinking_b_decay_channels_1_r2,branch_count,timing_ovr1,1602,0,4,4904325,0.1475264,True,False,False,,9082,4,4
shrinking_b_decay_channels_1_r2,branch_count,timing_ovr2,1602,0,5,4904325,0.1398217,True,False,False,,9082,4,4
shrinking_b_decay_channels_1_r2,branch_count,timing_ovr1_eager,1602,0,6,4904325,0.1685488,True,False,False,,2917,2992,29
shrinking_b_decay_channels_1_r2,branch_count,T=100,1602,0,7,4904325,0.1090783,True,False,False,,8356,386,1
shrinking_b_decay_channels_1_r2,branch_count,T=250,1602,0,8,4904325,0.0752937,True,False,False,,7039,1012,1
shrinking_b_decay_channels_1_r2,branch_count,cost_model_cold,1602,1,0,4904325,0.1253507,True,False,False,,7530,776,1
shrinking_b_decay_channels_1_r2,branch_count,cost_model_warm,1602,1,1,4904325,0.1243646,True,False,False,,6535,1248,1
shrinking_b_decay_channels_1_r2,branch_count,timing,1602,1,2,4904325,0.1119044,True,False,False,,9082,4,4
shrinking_b_decay_channels_1_r2,branch_count,timing_ovr1,1602,1,3,4904325,0.1258308,True,False,False,,8802,150,6
shrinking_b_decay_channels_1_r2,branch_count,timing_ovr2,1602,1,4,4904325,0.1549697,True,False,False,,1870,3508,3
shrinking_b_decay_channels_1_r2,branch_count,timing_ovr1_eager,1602,1,5,4904325,0.1229406,True,False,False,,4269,2344,33
shrinking_b_decay_channels_1_r2,branch_count,T=100,1602,1,6,4904325,0.1239903,True,False,False,,8356,386,1
shrinking_b_decay_channels_1_r2,branch_count,T=250,1602,1,7,4904325,0.1071846,True,False,False,,7039,1012,1
shrinking_b_decay_channels_1_r2,branch_count,T=400,1602,1,8,4904325,0.1016509,True,False,False,,5728,1633,1
shrinking_b_decay_channels_1_r2,branch_count,cost_model_warm,1603,0,0,4904325,0.1058836,True,False,False,,6496,1252,1
shrinking_b_decay_channels_1_r2,branch_count,timing,1603,0,1,4904325,0.129784,True,False,False,,9048,4,4
shrinking_b_decay_channels_1_r2,branch_count,timing_ovr1,1603,0,2,4904325,0.1951724,True,False,False,,538,4146,3
shrinking_b_decay_channels_1_r2,branch_count,timing_ovr2,1603,0,3,4904325,0.1278368,True,False,False,,8870,97,6
shrinking_b_decay_channels_1_r2,branch_count,timing_ovr1_eager,1603,0,4,4904325,0.1845369,True,False,False,,2042,3400,25
shrinking_b_decay_channels_1_r2,branch_count,T=100,1603,0,5,4904325,0.1077339,True,False,False,,8252,391,1
shrinking_b_decay_channels_1_r2,branch_count,T=250,1603,0,6,4904325,0.0877319,True,False,False,,6968,1016,1
shrinking_b_decay_channels_1_r2,branch_count,T=400,1603,0,7,4904325,0.1204883,True,False,False,,5672,1633,1
shrinking_b_decay_channels_1_r2,branch_count,cost_model_cold,1603,0,8,4904325,0.0744689,True,False,False,,7470,778,1
shrinking_b_decay_channels_1_r2,branch_count,timing,1603,1,0,4904325,0.1093459,True,False,False,,9048,4,4
shrinking_b_decay_channels_1_r2,branch_count,timing_ovr1,1603,1,1,4904325,0.1892722,True,False,False,,691,4064,3
shrinking_b_decay_channels_1_r2,branch_count,timing_ovr2,1603,1,2,4904325,0.1166499,True,False,False,,9048,4,4
shrinking_b_decay_channels_1_r2,branch_count,timing_ovr1_eager,1603,1,3,4904325,0.1424915,True,False,False,,3822,2535,29
shrinking_b_decay_channels_1_r2,branch_count,T=100,1603,1,4,4904325,0.1073322,True,False,False,,8252,391,1
shrinking_b_decay_channels_1_r2,branch_count,T=250,1603,1,5,4904325,0.0848794,True,False,False,,6968,1016,1
shrinking_b_decay_channels_1_r2,branch_count,T=400,1603,1,6,4904325,0.098,True,False,False,,5672,1633,1
shrinking_b_decay_channels_1_r2,branch_count,cost_model_cold,1603,1,7,4904325,0.0966679,True,False,False,,7470,778,1
shrinking_b_decay_channels_1_r2,branch_count,cost_model_warm,1603,1,8,4904325,0.1201026,True,False,False,,6496,1252,1
shrinking_b_decay_channels_1_r2,branch_count,timing_ovr1,1604,0,0,4904325,0.113153,True,False,False,,1168,3839,3
shrinking_b_decay_channels_1_r2,branch_count,timing_ovr2,1604,0,1,4904325,0.1443946,True,False,False,,9018,4,4
shrinking_b_decay_channels_1_r2,branch_count,timing_ovr1_eager,1604,0,2,4904325,0.107228,True,False,False,,5310,1814,33
shrinking_b_decay_channels_1_r2,branch_count,T=100,1604,0,3,4904325,0.0993735,True,False,False,,8273,387,1
shrinking_b_decay_channels_1_r2,branch_count,T=250,1604,0,4,4904325,0.0774091,True,False,False,,7002,1009,1
shrinking_b_decay_channels_1_r2,branch_count,T=400,1604,0,5,4904325,0.0973607,True,False,False,,5711,1633,1
shrinking_b_decay_channels_1_r2,branch_count,cost_model_cold,1604,0,6,4904325,0.0652952,True,False,False,,7475,779,1
shrinking_b_decay_channels_1_r2,branch_count,cost_model_warm,1604,0,7,4904325,0.097631,True,False,False,,6519,1246,1
shrinking_b_decay_channels_1_r2,branch_count,timing,1604,0,8,4904325,0.0866337,True,False,False,,9018,4,4
shrinking_b_decay_channels_1_r2,branch_count,timing_ovr2,1604,1,0,4904325,0.1316911,True,False,False,,2430,3238,5
shrinking_b_decay_channels_1_r2,branch_count,timing_ovr1_eager,1604,1,1,4904325,0.1499922,True,False,False,,647,4093,23
shrinking_b_decay_channels_1_r2,branch_count,T=100,1604,1,2,4904325,0.0751104,True,False,False,,8273,387,1
shrinking_b_decay_channels_1_r2,branch_count,T=250,1604,1,3,4904325,0.1003813,True,False,False,,7002,1009,1
shrinking_b_decay_channels_1_r2,branch_count,T=400,1604,1,4,4904325,0.1230212,True,False,False,,5711,1633,1
shrinking_b_decay_channels_1_r2,branch_count,cost_model_cold,1604,1,5,4904325,0.0852379,True,False,False,,7475,779,1
shrinking_b_decay_channels_1_r2,branch_count,cost_model_warm,1604,1,6,4904325,0.0898155,True,False,False,,6519,1246,1
shrinking_b_decay_channels_1_r2,branch_count,timing,1604,1,7,4904325,0.1013066,True,False,False,,9018,4,4
shrinking_b_decay_channels_1_r2,branch_count,timing_ovr1,1604,1,8,4904325,0.121463,True,False,False,,3215,2858,3
shrinking_b_decay_channels_1_r2,branch_count,timing_ovr1_eager,1605,0,0,4904325,0.1036814,True,False,False,,6417,1296,35
shrinking_b_decay_channels_1_r2,branch_count,T=100,1605,0,1,4904325,0.1382776,True,False,False,,8283,389,1
shrinking_b_decay_channels_1_r2,branch_count,T=250,1605,0,2,4904325,0.1230761,True,False,False,,7036,1013,1
shrinking_b_decay_channels_1_r2,branch_count,T=400,1605,0,3,4904325,0.0976969,True,False,False,,5736,1634,1
shrinking_b_decay_channels_1_r2,branch_count,cost_model_cold,1605,0,4,4904325,0.0932964,True,False,False,,7495,778,1
shrinking_b_decay_channels_1_r2,branch_count,cost_model_warm,1605,0,5,4904325,0.101313,True,False,False,,6549,1252,1
shrinking_b_decay_channels_1_r2,branch_count,timing,1605,0,6,4904325,0.0782914,True,False,False,,9025,4,4
shrinking_b_decay_channels_1_r2,branch_count,timing_ovr1,1605,0,7,4904325,0.1386098,True,False,False,,1570,3634,3
shrinking_b_decay_channels_1_r2,branch_count,timing_ovr2,1605,0,8,4904325,0.1132102,True,False,False,,8825,116,6
shrinking_b_decay_channels_1_r2,branch_count,T=100,1605,1,0,4904325,0.0842285,True,False,False,,8283,389,1
shrinking_b_decay_channels_1_r2,branch_count,T=250,1605,1,1,4904325,0.0903848,True,False,False,,7036,1013,1
shrinking_b_decay_channels_1_r2,branch_count,T=400,1605,1,2,4904325,0.11663,True,False,False,,5736,1634,1
shrinking_b_decay_channels_1_r2,branch_count,cost_model_cold,1605,1,3,4904325,0.1148437,True,False,False,,7495,778,1
shrinking_b_decay_channels_1_r2,branch_count,cost_model_warm,1605,1,4,4904325,0.0750787,True,False,False,,6549,1252,1
shrinking_b_decay_channels_1_r2,branch_count,timing,1605,1,5,4904325,0.1165569,True,False,False,,9025,4,4
shrinking_b_decay_channels_1_r2,branch_count,timing_ovr1,1605,1,6,4904325,0.1060952,True,False,False,,9065,8,6
shrinking_b_decay_channels_1_r2,branch_count,timing_ovr2,1605,1,7,4904325,0.117395,True,False,False,,9025,4,4
shrinking_b_decay_channels_1_r2,branch_count,timing_ovr1_eager,1605,1,8,4904325,0.1028491,True,False,False,,4118,2420,31
shrinking_b_decay_channels_1_r2,branch_count,T=250,1606,0,0,4904325,0.080412,True,False,False,,7029,1011,1
shrinking_b_decay_channels_1_r2,branch_count,T=400,1606,0,1,4904325,0.1211713,True,False,False,,5703,1636,1
shrinking_b_decay_channels_1_r2,branch_count,cost_model_cold,1606,0,2,4904325,0.1002861,True,False,False,,7524,777,1
shrinking_b_decay_channels_1_r2,branch_count,cost_model_warm,1606,0,3,4904325,0.1303559,True,False,False,,6533,1251,1
shrinking_b_decay_channels_1_r2,branch_count,timing,1606,0,4,4904325,0.0861659,True,False,False,,9077,4,4
shrinking_b_decay_channels_1_r2,branch_count,timing_ovr1,1606,0,5,4904325,0.1260091,True,False,False,,3073,2920,5
shrinking_b_decay_channels_1_r2,branch_count,timing_ovr2,1606,0,6,4904325,0.0877219,True,False,False,,9077,4,4
shrinking_b_decay_channels_1_r2,branch_count,timing_ovr1_eager,1606,0,7,4904325,0.1642716,True,False,False,,178,4328,19
shrinking_b_decay_channels_1_r2,branch_count,T=100,1606,0,8,4904325,0.1010836,True,False,False,,8329,389,1
shrinking_b_decay_channels_1_r2,branch_count,T=400,1606,1,0,4904325,0.0652739,True,False,False,,5703,1636,1
shrinking_b_decay_channels_1_r2,branch_count,cost_model_cold,1606,1,1,4904325,0.1096942,True,False,False,,7524,777,1
shrinking_b_decay_channels_1_r2,branch_count,cost_model_warm,1606,1,2,4904325,0.0953706,True,False,False,,6533,1251,1
shrinking_b_decay_channels_1_r2,branch_count,timing,1606,1,3,4904325,0.1348663,True,False,False,,9077,4,4
shrinking_b_decay_channels_1_r2,branch_count,timing_ovr1,1606,1,4,4904325,0.1391002,True,False,False,,1820,3536,3
shrinking_b_decay_channels_1_r2,branch_count,timing_ovr2,1606,1,5,4904325,0.1035759,True,False,False,,9077,4,4
shrinking_b_decay_channels_1_r2,branch_count,timing_ovr1_eager,1606,1,6,4904325,0.1328987,True,False,False,,2636,3156,27
shrinking_b_decay_channels_1_r2,branch_count,T=100,1606,1,7,4904325,0.0903695,True,False,False,,8329,389,1
shrinking_b_decay_channels_1_r2,branch_count,T=250,1606,1,8,4904325,0.1143688,True,False,False,,7029,1011,1
shrinking_b_decay_channels_1_r2,branch_count,cost_model_cold,1607,0,0,4904325,0.1090434,True,False,False,,7429,777,1
shrinking_b_decay_channels_1_r2,branch_count,cost_model_warm,1607,0,1,4904325,0.0932952,True,False,False,,6460,1249,1
shrinking_b_decay_channels_1_r2,branch_count,timing,1607,0,2,4904325,0.118655,True,False,False,,9044,4,4
shrinking_b_decay_channels_1_r2,branch_count,timing_ovr1,1607,0,3,4904325,0.1483344,True,False,False,,2216,3324,5
shrinking_b_decay_channels_1_r2,branch_count,timing_ovr2,1607,0,4,4904325,0.1394976,True,False,False,,9025,6,6
shrinking_b_decay_channels_1_r2,branch_count,timing_ovr1_eager,1607,0,5,4904325,0.0835483,True,False,False,,4891,2022,37
shrinking_b_decay_channels_1_r2,branch_count,T=100,1607,0,6,4904325,0.1255355,True,False,False,,8243,388,1
shrinking_b_decay_channels_1_r2,branch_count,T=250,1607,0,7,4904325,0.0869501,True,False,False,,6965,1014,1
shrinking_b_decay_channels_1_r2,branch_count,T=400,1607,0,8,4904325,0.1047707,True,False,False,,5684,1635,1
shrinking_b_decay_channels_1_r2,branch_count,cost_model_warm,1607,1,0,4904325,0.0801245,True,False,False,,6460,1249,1
shrinking_b_decay_channels_1_r2,branch_count,timing,1607,1,1,4904325,0.0827064,True,False,False,,9044,4,4
shrinking_b_decay_channels_1_r2,branch_count,timing_ovr1,1607,1,2,4904325,0.0870022,True,False,False,,9044,4,4
shrinking_b_decay_channels_1_r2,branch_count,timing_ovr2,1607,1,3,4904325,0.1146882,True,False,False,,9044,4,4
shrinking_b_decay_channels_1_r2,branch_count,timing_ovr1_eager,1607,1,4,4904325,0.1579941,True,False,False,,2238,3341,25
shrinking_b_decay_channels_1_r2,branch_count,T=100,1607,1,5,4904325,0.0839465,True,False,False,,8243,388,1
shrinking_b_decay_channels_1_r2,branch_count,T=250,1607,1,6,4904325,0.1130945,True,False,False,,6965,1014,1
shrinking_b_decay_channels_1_r2,branch_count,T=400,1607,1,7,4904325,0.0911401,True,False,False,,5684,1635,1
shrinking_b_decay_channels_1_r2,branch_count,cost_model_cold,1607,1,8,4904325,0.0641313,True,False,False,,7429,777,1
shrinking_b_decay_channels_1_r2,branch_count,timing,1608,0,0,4904325,0.0753419,True,False,False,,9093,4,4
shrinking_b_decay_channels_1_r2,branch_count,timing_ovr1,1608,0,1,4904325,0.1657019,True,False,False,,732,4062,3
shrinking_b_decay_channels_1_r2,branch_count,timing_ovr2,1608,0,2,4904325,0.1519372,True,False,False,,1538,3665,3
shrinking_b_decay_channels_1_r2,branch_count,timing_ovr1_eager,1608,0,3,4904325,0.1652581,True,False,False,,1973,3454,25
shrinking_b_decay_channels_1_r2,branch_count,T=100,1608,0,4,4904325,0.1116133,True,False,False,,8406,389,1
shrinking_b_decay_channels_1_r2,branch_count,T=250,1608,0,5,4904325,0.0822008,True,False,False,,7083,1012,1
shrinking_b_decay_channels_1_r2,branch_count,T=400,1608,0,6,4904325,0.1051773,True,False,False,,5778,1634,1
shrinking_b_decay_channels_1_r2,branch_count,cost_model_cold,1608,0,7,4904325,0.1036538,True,False,False,,7577,777,1
shrinking_b_decay_channels_1_r2,branch_count,cost_model_warm,1608,0,8,4904325,0.0828348,True,False,False,,6588,1248,1
shrinking_b_decay_channels_1_r2,branch_count,timing_ovr1,1608,1,0,4904325,0.1226877,True,False,False,,2110,3394,3
shrinking_b_decay_channels_1_r2,branch_count,timing_ovr2,1608,1,1,4904325,0.1413177,True,False,False,,9067,6,6
shrinking_b_decay_channels_1_r2,branch_count,timing_ovr1_eager,1608,1,2,4904325,0.1170598,True,False,False,,1540,3681,25
shrinking_b_decay_channels_1_r2,branch_count,T=100,1608,1,3,4904325,0.1054431,True,False,False,,8406,389,1
shrinking_b_decay_channels_1_r2,branch_count,T=250,1608,1,4,4904325,0.0624042,True,False,False,,7083,1012,1
shrinking_b_decay_channels_1_r2,branch_count,T=400,1608,1,5,4904325,0.0600347,True,False,False,,5778,1634,1
shrinking_b_decay_channels_1_r2,branch_count,cost_model_cold,1608,1,6,4904325,0.0909987,True,False,False,,7577,777,1
shrinking_b_decay_channels_1_r2,branch_count,cost_model_warm,1608,1,7,4904325,0.1067943,True,False,False,,6588,1248,1
shrinking_b_decay_channels_1_r2,branch_count,timing,1608,1,8,4904325,0.1042109,True,False,False,,9093,4,4
shrinking_b_decay_channels_2_r05,branch_count,timing_ovr2,1601,0,0,309083,0.0162806,True,False,False,,1445,398,4
shrinking_b_decay_channels_2_r05,branch_count,timing_ovr1_eager,1601,0,1,309083,0.0169808,True,False,False,,1499,371,10
shrinking_b_decay_channels_2_r05,branch_count,T=100,1601,0,2,309083,0.0152096,True,False,False,,1399,411,1
shrinking_b_decay_channels_2_r05,branch_count,T=250,1601,0,3,309083,0.0172282,True,False,False,,152,1036,1
shrinking_b_decay_channels_2_r05,branch_count,T=400,1601,0,4,309083,0.0170103,True,False,False,,1,1110,1
shrinking_b_decay_channels_2_r05,branch_count,cost_model_cold,1601,0,5,309083,0.0160436,True,False,False,,719,758,1
shrinking_b_decay_channels_2_r05,branch_count,cost_model_warm,1601,0,6,309083,0.0188279,True,False,False,,1,1110,1
shrinking_b_decay_channels_2_r05,branch_count,timing,1601,0,7,309083,0.0286139,True,False,False,,2269,2,2
shrinking_b_decay_channels_2_r05,branch_count,timing_ovr1,1601,0,8,309083,0.0110614,True,False,False,,275,973,5
shrinking_b_decay_channels_2_r05,branch_count,timing_ovr1_eager,1601,1,0,309083,0.0163961,True,False,False,,1288,464,10
shrinking_b_decay_channels_2_r05,branch_count,T=100,1601,1,1,309083,0.0125501,True,False,False,,1399,411,1
shrinking_b_decay_channels_2_r05,branch_count,T=250,1601,1,2,309083,0.0090148,True,False,False,,152,1036,1
shrinking_b_decay_channels_2_r05,branch_count,T=400,1601,1,3,309083,0.018439,True,False,False,,1,1110,1
shrinking_b_decay_channels_2_r05,branch_count,cost_model_cold,1601,1,4,309083,0.0208232,True,False,False,,719,758,1
shrinking_b_decay_channels_2_r05,branch_count,cost_model_warm,1601,1,5,309083,0.018259,True,False,False,,1,1110,1
shrinking_b_decay_channels_2_r05,branch_count,timing,1601,1,6,309083,0.0205548,True,False,False,,2252,6,6
shrinking_b_decay_channels_2_r05,branch_count,timing_ovr1,1601,1,7,309083,0.0115907,True,False,False,,262,984,3
shrinking_b_decay_channels_2_r05,branch_count,timing_ovr2,1601,1,8,309083,0.023219,True,False,False,,1829,216,4
shrinking_b_decay_channels_2_r05,branch_count,T=100,1602,0,0,309083,0.0326602,True,False,False,,1455,414,1
shrinking_b_decay_channels_2_r05,branch_count,T=250,1602,0,1,309083,0.0204417,True,False,False,,157,1036,1
shrinking_b_decay_channels_2_r05,branch_count,T=400,1602,0,2,309083,0.0243035,True,False,False,,1,1109,1
shrinking_b_decay_channels_2_r05,branch_count,cost_model_cold,1602,0,3,309083,0.0210102,True,False,False,,744,752,1
shrinking_b_decay_channels_2_r05,branch_count,cost_model_warm,1602,0,4,309083,0.013555,True,False,False,,1,1109,1
shrinking_b_decay_channels_2_r05,branch_count,timing,1602,0,5,309083,0.0138874,True,False,False,,277,977,3
shrinking_b_decay_channels_2_r05,branch_count,timing_ovr1,1602,0,6,309083,0.0125365,True,False,False,,256,987,1
shrinking_b_decay_channels_2_r05,branch_count,timing_ovr2,1602,0,7,309083,0.013865,True,False,False,,296,964,3
shrinking_b_decay_channels_2_r05,branch_count,timing_ovr1_eager,1602,0,8,309083,0.0194242,True,False,False,,85,1075,9
shrinking_b_decay_channels_2_r05,branch_count,T=250,1602,1,0,309083,0.0173701,True,False,False,,157,1036,1
shrinking_b_decay_channels_2_r05,branch_count,T=400,1602,1,1,309083,0.0174767,True,False,False,,1,1109,1
shrinking_b_decay_channels_2_r05,branch_count,cost_model_cold,1602,1,2,309083,0.0185646,True,False,False,,744,752,1
shrinking_b_decay_channels_2_r05,branch_count,cost_model_warm,1602,1,3,309083,0.0117177,True,False,False,,1,1109,1
shrinking_b_decay_channels_2_r05,branch_count,timing,1602,1,4,309083,0.0276122,True,False,False,,2295,2,2
shrinking_b_decay_channels_2_r05,branch_count,timing_ovr1,1602,1,5,309083,0.0111886,True,False,False,,256,987,1
shrinking_b_decay_channels_2_r05,branch_count,timing_ovr2,1602,1,6,309083,0.0094749,True,False,False,,327,951,5
shrinking_b_decay_channels_2_r05,branch_count,timing_ovr1_eager,1602,1,7,309083,0.0114981,True,False,False,,84,1071,9
shrinking_b_decay_channels_2_r05,branch_count,T=100,1602,1,8,309083,0.0127936,True,False,False,,1455,414,1
shrinking_b_decay_channels_2_r05,branch_count,T=400,1603,0,0,309083,0.0117273,True,False,False,,1,1115,1
shrinking_b_decay_channels_2_r05,branch_count,cost_model_cold,1603,0,1,309083,0.0141932,True,False,False,,730,752,1
shrinking_b_decay_channels_2_r05,branch_count,cost_model_warm,1603,0,2,309083,0.009462,True,False,False,,1,1115,1
shrinking_b_decay_channels_2_r05,branch_count,timing,1603,0,3,309083,0.0121572,True,False,False,,2235,2,2
shrinking_b_decay_channels_2_r05,branch_count,timing_ovr1,1603,0,4,309083,0.0080437,True,False,False,,256,992,1
shrinking_b_decay_channels_2_r05,branch_count,timing_ovr2,1603,0,5,309083,0.0082545,True,False,False,,553,844,3
shrinking_b_decay_channels_2_r05,branch_count,timing_ovr1_eager,1603,0,6,309083,0.0162063,True,False,False,,70,1082,7
shrinking_b_decay_channels_2_r05,branch_count,T=100,1603,0,7,309083,0.0108081,True,False,False,,1434,411,1
shrinking_b_decay_channels_2_r05,branch_count,T=250,1603,0,8,309083,0.0116088,True,False,False,,156,1038,1
shrinking_b_decay_channels_2_r05,branch_count,cost_model_cold,1603,1,0,309083,0.0092198,True,False,False,,730,752,1
shrinking_b_decay_channels_2_r05,branch_count,cost_model_warm,1603,1,1,309083,0.0077262,True,False,False,,1,1115,1
shrinking_b_decay_channels_2_r05,branch_count,timing,1603,1,2,309083,0.0130408,True,False,False,,2235,2,2
shrinking_b_decay_channels_2_r05,branch_count,timing_ovr1,1603,1,3,309083,0.008387,True,False,False,,263,985,3
shrinking_b_decay_channels_2_r05,branch_count,timing_ovr2,1603,1,4,309083,0.016032,True,False,False,,1405,420,4
shrinking_b_decay_channels_2_r05,branch_count,timing_ovr1_eager,1603,1,5,309083,0.0140959,True,False,False,,70,1078,7
shrinking_b_decay_channels_2_r05,branch_count,T=100,1603,1,6,309083,0.0131959,True,False,False,,1434,411,1
shrinking_b_decay_channels_2_r05,branch_count,T=250,1603,1,7,309083,0.0097412,True,False,False,,156,1038,1
shrinking_b_decay_channels_2_r05,branch_count,T=400,1603,1,8,309083,0.012268,True,False,False,,1,1115,1
shrinking_b_decay_channels_2_r05,branch_count,cost_model_warm,1604,0,0,309083,0.0111554,True,False,False,,1,1112,1
shrinking_b_decay_channels_2_r05,branch_count,timing,1604,0,1,309083,0.0178844,True,False,False,,2312,2,2
shrinking_b_decay_channels_2_r05,branch_count,timing_ovr1,1604,0,2,309083,0.0116128,True,False,False,,258,990,3
shrinking_b_decay_channels_2_r05,branch_count,timing_ovr2,1604,0,3,309083,0.0185471,True,False,False,,1330,475,3
shrinking_b_decay_channels_2_r05,branch_count,timing_ovr1_eager,1604,0,4,309083,0.0205274,True,False,False,,2259,10,10
shrinking_b_decay_channels_2_r05,branch_count,T=100,1604,0,5,309083,0.0236452,True,False,False,,1439,416,1
shrinking_b_decay_channels_2_r05,branch_count,T=250,1604,0,6,309083,0.0189213,True,False,False,,163,1031,1
shrinking_b_decay_channels_2_r05,branch_count,T=400,1604,0,7,309083,0.0187772,True,False,False,,1,1112,1
shrinking_b_decay_channels_2_r05,branch_count,cost_model_cold,1604,0,8,309083,0.0178784,True,False,False,,739,753,1
shrinking_b_decay_channels_2_r05,branch_count,timing,1604,1,0,309083,0.0315781,True,False,False,,2312,2,2
shrinking_b_decay_channels_2_r05,branch_count,timing_ovr1,1604,1,1,309083,0.0087731,True,False,False,,258,990,3
shrinking_b_decay_channels_2_r05,branch_count,timing_ovr2,1604,1,2,309083,0.0234095,True,False,False,,1575,340,4
shrinking_b_decay_channels_2_r05,branch_count,timing_ovr1_eager,1604,1,3,309083,0.0195727,True,False,False,,70,1084,7
shrinking_b_decay_channels_2_r05,branch_count,T=100,1604,1,4,309083,0.0263341,True,False,False,,1439,416,1
shrinking_b_decay_channels_2_r05,branch_count,T=250,1604,1,5,309083,0.019255,True,False,False,,163,1031,1
shrinking_b_decay_channels_2_r05,branch_count,T=400,1604,1,6,309083,0.0205927,True,False,False,,1,1112,1
shrinking_b_decay_channels_2_r05,branch_count,cost_model_cold,1604,1,7,309083,0.0227352,True,False,False,,739,753,1
shrinking_b_decay_channels_2_r05,branch_count,cost_model_warm,1604,1,8,309083,0.0200188,True,False,False,,1,1112,1
shrinking_b_decay_channels_2_r05,branch_count,timing_ovr1,1605,0,0,309083,0.0211061,True,False,False,,547,849,5
shrinking_b_decay_channels_2_r05,branch_count,timing_ovr2,1605,0,1,309083,0.0224312,True,False,False,,2287,2,2
shrinking_b_decay_channels_2_r05,branch_count,timing_ovr1_eager,1605,0,2,309083,0.0186379,True,False,False,,70,1073,7
shrinking_b_decay_channels_2_r05,branch_count,T=100,1605,0,3,309083,0.025634,True,False,False,,1436,412,1
shrinking_b_decay_channels_2_r05,branch_count,T=250,1605,0,4,309083,0.0167825,True,False,False,,152,1038,1
shrinking_b_decay_channels_2_r05,branch_count,T=400,1605,0,5,309083,0.0111613,True,False,False,,1,1114,1
shrinking_b_decay_channels_2_r05,branch_count,cost_model_cold,1605,0,6,309083,0.0118952,True,False,False,,734,757,1
shrinking_b_decay_channels_2_r05,branch_count,cost_model_warm,1605,0,7,309083,0.0115132,True,False,False,,1,1114,1
shrinking_b_decay_channels_2_r05,branch_count,timing,1605,0,8,309083,0.0204646,True,False,False,,2287,2,2
shrinking_b_decay_channels_2_r05,branch_count,timing_ovr2,1605,1,0,309083,0.0118198,True,False,False,,280,976,3
shrinking_b_decay_channels_2_r05,branch_count,timing_ovr1_eager,1605,1,1,309083,0.0210669,True,False,False,,876,681,10
shrinking_b_decay_channels_2_r05,branch_count,T=100,1605,1,2,309083,0.0259814,True,False,False,,1436,412,1
shrinking_b_decay_channels_2_r05,branch_count,T=250,1605,1,3,309083,0.0170924,True,False,False,,152,1038,1
shrinking_b_decay_channels_2_r05,branch_count,T=400,1605,1,4,309083,0.014908,True,False,False,,1,1114,1
shrinking_b_decay_channels_2_r05,branch_count,cost_model_cold,1605,1,5,309083,0.0209268,True,False,False,,734,757,1
shrinking_b_decay_channels_2_r05,branch_count,cost_model_warm,1605,1,6,309083,0.0187107,True,False,False,,1,1114,1
shrinking_b_decay_channels_2_r05,branch_count,timing,1605,1,7,309083,0.0153141,True,False,False,,302,963,3
shrinking_b_decay_channels_2_r05,branch_count,timing_ovr1,1605,1,8,309083,0.0178497,True,False,False,,267,983,11
shrinking_b_decay_channels_2_r05,branch_count,timing_ovr1_eager,1606,0,0,309083,0.0168947,True,False,False,,68,1084,5
shrinking_b_decay_channels_2_r05,branch_count,T=100,1606,0,1,309083,0.0227428,True,False,False,,1410,413,1
shrinking_b_decay_channels_2_r05,branch_count,T=250,1606,0,2,309083,0.0173563,True,False,False,,164,1029,1
shrinking_b_decay_channels_2_r05,branch_count,T=400,1606,0,3,309083,0.017028,True,False,False,,1,1112,1
shrinking_b_decay_channels_2_r05,branch_count,cost_model_cold,1606,0,4,309083,0.0153709,True,False,False,,731,750,1
shrinking_b_decay_channels_2_r05,branch_count,cost_model_warm,1606,0,5,309083,0.0146562,True,False,False,,1,1112,1
shrinking_b_decay_channels_2_r05,branch_count,timing,1606,0,6,309083,0.0122925,True,False,False,,688,768,3
shrinking_b_decay_channels_2_r05,branch_count,timing_ovr1,1606,0,7,309083,0.0131525,True,False,False,,256,987,1
shrinking_b_decay_channels_2_r05,branch_count,timing_ovr2,1606,0,8,309083,0.0176193,True,False,False,,637,793,3
shrinking_b_decay_channels_2_r05,branch_count,T=100,1606,1,0,309083,0.0139655,True,False,False,,1410,413,1
shrinking_b_decay_channels_2_r05,branch_count,T=250,1606,1,1,309083,0.0153361,True,False,False,,164,1029,1
shrinking_b_decay_channels_2_r05,branch_count,T=400,1606,1,2,309083,0.0115834,True,False,False,,1,1112,1
shrinking_b_decay_channels_2_r05,branch_count,cost_model_cold,1606,1,3,309083,0.0127963,True,False,False,,731,750,1
shrinking_b_decay_channels_2_r05,branch_count,cost_model_warm,1606,1,4,309083,0.011427,True,False,False,,1,1112,1
shrinking_b_decay_channels_2_r05,branch_count,timing,1606,1,5,309083,0.0194286,True,False,False,,2266,2,2
shrinking_b_decay_channels_2_r05,branch_count,timing_ovr1,1606,1,6,309083,0.0184177,True,False,False,,1514,365,2
shrinking_b_decay_channels_2_r05,branch_count,timing_ovr2,1606,1,7,309083,0.0315244,True,False,False,,2163,50,6
shrinking_b_decay_channels_2_r05,branch_count,timing_ovr1_eager,1606,1,8,309083,0.0181406,True,False,False,,68,1084,5
shrinking_b_decay_channels_2_r05,branch_count,T=250,1607,0,0,309083,0.0129574,True,False,False,,160,1036,1
shrinking_b_decay_channels_2_r05,branch_count,T=400,1607,0,1,309083,0.0114462,True,False,False,,1,1110,1
shrinking_b_decay_channels_2_r05,branch_count,cost_model_cold,1607,0,2,309083,0.0212553,True,False,False,,746,755,1
shrinking_b_decay_channels_2_r05,branch_count,cost_model_warm,1607,0,3,309083,0.0166145,True,False,False,,1,1110,1
shrinking_b_decay_channels_2_r05,branch_count,timing,1607,0,4,309083,0.0188659,True,False,False,,370,936,3
shrinking_b_decay_channels_2_r05,branch_count,timing_ovr1,1607,0,5,309083,0.0151891,True,False,False,,267,987,3
shrinking_b_decay_channels_2_r05,branch_count,timing_ovr2,1607,0,6,309083,0.0204493,True,False,False,,329,952,3
shrinking_b_decay_channels_2_r05,branch_count,timing_ovr1_eager,1607,0,7,309083,0.0161591,True,False,False,,68,1084,5
shrinking_b_decay_channels_2_r05,branch_count,T=100,1607,0,8,309083,0.0119711,True,False,False,,1452,413,1
shrinking_b_decay_channels_2_r05,branch_count,T=400,1607,1,0,309083,0.0080442,True,False,False,,1,1110,1
shrinking_b_decay_channels_2_r05,branch_count,cost_model_cold,1607,1,1,309083,0.0079868,True,False,False,,746,755,1
shrinking_b_decay_channels_2_r05,branch_count,cost_model_warm,1607,1,2,309083,0.0074508,True,False,False,,1,1110,1
shrinking_b_decay_channels_2_r05,branch_count,timing,1607,1,3,309083,0.0133283,True,False,False,,2285,2,2
shrinking_b_decay_channels_2_r05,branch_count,timing_ovr1,1607,1,4,309083,0.013716,True,False,False,,550,845,5
shrinking_b_decay_channels_2_r05,branch_count,timing_ovr2,1607,1,5,309083,0.0190866,True,False,False,,838,702,3
shrinking_b_decay_channels_2_r05,branch_count,timing_ovr1_eager,1607,1,6,309083,0.0129086,True,False,False,,68,1084,5
shrinking_b_decay_channels_2_r05,branch_count,T=100,1607,1,7,309083,0.0125098,True,False,False,,1452,413,1
shrinking_b_decay_channels_2_r05,branch_count,T=250,1607,1,8,309083,0.0077808,True,False,False,,160,1036,1
shrinking_b_decay_channels_2_r05,branch_count,cost_model_cold,1608,0,0,309083,0.0114571,True,False,False,,746,753,1
shrinking_b_decay_channels_2_r05,branch_count,cost_model_warm,1608,0,1,309083,0.0110074,True,False,False,,1,1115,1
shrinking_b_decay_channels_2_r05,branch_count,timing,1608,0,2,309083,0.0156281,True,False,False,,2312,2,2
shrinking_b_decay_channels_2_r05,branch_count,timing_ovr1,1608,0,3,309083,0.0090882,True,False,False,,264,992,5
shrinking_b_decay_channels_2_r05,branch_count,timing_ovr2,1608,0,4,309083,0.0167293,True,False,False,,356,945,3
shrinking_b_decay_channels_2_r05,branch_count,timing_ovr1_eager,1608,0,5,309083,0.0130613,True,False,False,,68,1082,5
shrinking_b_decay_channels_2_r05,branch_count,T=100,1608,0,6,309083,0.0097323,True,False,False,,1458,414,1
shrinking_b_decay_channels_2_r05,branch_count,T=250,1608,0,7,309083,0.0187824,True,False,False,,173,1034,1
shrinking_b_decay_channels_2_r05,branch_count,T=400,1608,0,8,309083,0.0147884,True,False,False,,1,1115,1
shrinking_b_decay_channels_2_r05,branch_count,cost_model_warm,1608,1,0,309083,0.0096874,True,False,False,,1,1115,1
shrinking_b_decay_channels_2_r05,branch_count,timing,1608,1,1,309083,0.0196778,True,False,False,,942,660,3
shrinking_b_decay_channels_2_r05,branch_count,timing_ovr1,1608,1,2,309083,0.0133484,True,False,False,,286,979,5
shrinking_b_decay_channels_2_r05,branch_count,timing_ovr2,1608,1,3,309083,0.0140991,True,False,False,,598,830,3
shrinking_b_decay_channels_2_r05,branch_count,timing_ovr1_eager,1608,1,4,309083,0.0111261,True,False,False,,68,1082,5
shrinking_b_decay_channels_2_r05,branch_count,T=100,1608,1,5,309083,0.0112126,True,False,False,,1458,414,1
shrinking_b_decay_channels_2_r05,branch_count,T=250,1608,1,6,309083,0.0076358,True,False,False,,173,1034,1
shrinking_b_decay_channels_2_r05,branch_count,T=400,1608,1,7,309083,0.0075523,True,False,False,,1,1115,1
shrinking_b_decay_channels_2_r05,branch_count,cost_model_cold,1608,1,8,309083,0.0176337,True,False,False,,746,753,1
shrinking_b_decay_channels_2_r1,branch_count,timing,1601,0,0,1236332,0.0270413,True,False,False,,4566,2,2
shrinking_b_decay_channels_2_r1,branch_count,timing_ovr1,1601,0,1,1236332,0.0343669,True,False,False,,2582,972,4
shrinking_b_decay_channels_2_r1,branch_count,timing_ovr2,1601,0,2,1236332,0.029477,True,False,False,,4566,2,2
shrinking_b_decay_channels_2_r1,branch_count,timing_ovr1_eager,1601,0,3,1236332,0.0327437,True,False,False,,1998,1248,17
shrinking_b_decay_channels_2_r1,branch_count,T=100,1601,0,4,1236332,0.0258378,True,False,False,,3763,405,1
shrinking_b_decay_channels_2_r1,branch_count,T=250,1601,0,5,1236332,0.0567227,True,False,False,,2489,1031,1
shrinking_b_decay_channels_2_r1,branch_count,T=400,1601,0,6,1236332,0.0307286,True,False,False,,1194,1647,1
shrinking_b_decay_channels_2_r1,branch_count,cost_model_cold,1601,0,7,1236332,0.0539685,True,False,False,,3051,745,1
shrinking_b_decay_channels_2_r1,branch_count,cost_model_warm,1601,0,8,1236332,0.0314859,True,False,False,,2169,1186,1
shrinking_b_decay_channels_2_r1,branch_count,timing_ovr1,1601,1,0,1236332,0.028747,True,False,False,,3093,717,5
shrinking_b_decay_channels_2_r1,branch_count,timing_ovr2,1601,1,1,1236332,0.0598203,True,False,False,,3348,587,4
shrinking_b_decay_channels_2_r1,branch_count,timing_ovr1_eager,1601,1,2,1236332,0.0449429,True,False,False,,2505,993,16
shrinking_b_decay_channels_2_r1,branch_count,T=100,1601,1,3,1236332,0.0599129,True,False,False,,3763,405,1
shrinking_b_decay_channels_2_r1,branch_count,T=250,1601,1,4,1236332,0.0537515,True,False,False,,2489,1031,1
shrinking_b_decay_channels_2_r1,branch_count,T=400,1601,1,5,1236332,0.041495,True,False,False,,1194,1647,1
shrinking_b_decay_channels_2_r1,branch_count,cost_model_cold,1601,1,6,1236332,0.0351869,True,False,False,,3051,745,1
shrinking_b_decay_channels_2_r1,branch_count,cost_model_warm,1601,1,7,1236332,0.0541635,True,False,False,,2169,1186,1
shrinking_b_decay_channels_2_r1,branch_count,timing,1601,1,8,1236332,0.0410852,True,False,False,,4566,2,2
shrinking_b_decay_channels_2_r1,branch_count,timing_ovr2,1602,0,0,1236332,0.0454077,True,False,False,,1718,1382,3
shrinking_b_decay_channels_2_r1,branch_count,timing_ovr1_eager,1602,0,1,1236332,0.0409211,True,False,False,,281,2085,17
shrinking_b_decay_channels_2_r1,branch_count,T=100,1602,0,2,1236332,0.0368177,True,False,False,,3739,401,1
shrinking_b_decay_channels_2_r1,branch_count,T=250,1602,0,3,1236332,0.0390301,True,False,False,,2472,1024,1
shrinking_b_decay_channels_2_r1,branch_count,T=400,1602,0,4,1236332,0.0526433,True,False,False,,1196,1650,1
shrinking_b_decay_channels_2_r1,branch_count,cost_model_cold,1602,0,5,1236332,0.0462089,True,False,False,,3037,746,1
shrinking_b_decay_channels_2_r1,branch_count,cost_model_warm,1602,0,6,1236332,0.0461586,True,False,False,,2154,1187,1
shrinking_b_decay_channels_2_r1,branch_count,timing,1602,0,7,1236332,0.0722984,True,False,False,,4518,2,2
shrinking_b_decay_channels_2_r1,branch_count,timing_ovr1,1602,0,8,1236332,0.0554843,True,False,False,,944,1766,5
shrinking_b_decay_channels_2_r1,branch_count,timing_ovr1_eager,1602,1,0,1236332,0.0571766,True,False,False,,4064,242,20
shrinking_b_decay_channels_2_r1,branch_count,T=100,1602,1,1,1236332,0.0636867,True,False,False,,3739,401,1
shrinking_b_decay_channels_2_r1,branch_count,T=250,1602,1,2,1236332,0.0569994,True,False,False,,2472,1024,1
shrinking_b_decay_channels_2_r1,branch_count,T=400,1602,1,3,1236332,0.0483411,True,False,False,,1196,1650,1
shrinking_b_decay_channels_2_r1,branch_count,cost_model_cold,1602,1,4,1236332,0.0350441,True,False,False,,3037,746,1
shrinking_b_decay_channels_2_r1,branch_count,cost_model_warm,1602,1,5,1236332,0.0386854,True,False,False,,2154,1187,1
shrinking_b_decay_channels_2_r1,branch_count,timing,1602,1,6,1236332,0.0637444,True,False,False,,4518,2,2
shrinking_b_decay_channels_2_r1,branch_count,timing_ovr1,1602,1,7,1236332,0.0607651,True,False,False,,414,2018,5
shrinking_b_decay_channels_2_r1,branch_count,timing_ovr2,1602,1,8,1236332,0.0574146,True,False,False,,4488,16,4
shrinking_b_decay_channels_2_r1,branch_count,T=100,1603,0,0,1236332,0.0585433,True,False,False,,3746,404,1
shrinking_b_decay_channels_2_r1,branch_count,T=250,1603,0,1,1236332,0.0522851,True,False,False,,2456,1027,1
shrinking_b_decay_channels_2_r1,branch_count,T=400,1603,0,2,1236332,0.0508313,True,False,False,,1164,1652,1
shrinking_b_decay_channels_2_r1,branch_count,cost_model_cold,1603,0,3,1236332,0.0432859,True,False,False,,3026,747,1
shrinking_b_decay_channels_2_r1,branch_count,cost_model_warm,1603,0,4,1236332,0.0573711,True,False,False,,2122,1187,1
shrinking_b_decay_channels_2_r1,branch_count,timing,1603,0,5,1236332,0.0677859,True,False,False,,4522,2,2
shrinking_b_decay_channels_2_r1,branch_count,timing_ovr1,1603,0,6,1236332,0.0498269,True,False,False,,321,2062,3
shrinking_b_decay_channels_2_r1,branch_count,timing_ovr2,1603,0,7,1236332,0.0649744,True,False,False,,4403,84,4
shrinking_b_decay_channels_2_r1,branch_count,timing_ovr1_eager,1603,0,8,1236332,0.0477653,True,False,False,,2967,782,19
shrinking_b_decay_channels_2_r1,branch_count,T=250,1603,1,0,1236332,0.0487039,True,False,False,,2456,1027,1
shrinking_b_decay_channels_2_r1,branch_count,T=400,1603,1,1,1236332,0.0515872,True,False,False,,1164,1652,1
shrinking_b_decay_channels_2_r1,branch_count,cost_model_cold,1603,1,2,1236332,0.0360394,True,False,False,,3026,747,1
shrinking_b_decay_channels_2_r1,branch_count,cost_model_warm,1603,1,3,1236332,0.053666,True,False,False,,2122,1187,1
shrinking_b_decay_channels_2_r1,branch_count,timing,1603,1,4,1236332,0.0548236,True,False,False,,2713,891,3
shrinking_b_decay_channels_2_r1,branch_count,timing_ovr1,1603,1,5,1236332,0.074671,True,False,False,,4522,2,2
shrinking_b_decay_channels_2_r1,branch_count,timing_ovr2,1603,1,6,1236332,0.0689787,True,False,False,,3899,327,4
shrinking_b_decay_channels_2_r1,branch_count,timing_ovr1_eager,1603,1,7,1236332,0.0501204,True,False,False,,871,1792,13
shrinking_b_decay_channels_2_r1,branch_count,T=100,1603,1,8,1236332,0.0541799,True,False,False,,3746,404,1
shrinking_b_decay_channels_2_r1,branch_count,T=400,1604,0,0,1236332,0.0575892,True,False,False,,1184,1649,1
shrinking_b_decay_channels_2_r1,branch_count,cost_model_cold,1604,0,1,1236332,0.0528023,True,False,False,,3061,746,1
shrinking_b_decay_channels_2_r1,branch_count,cost_model_warm,1604,0,2,1236332,0.0434582,True,False,False,,2140,1186,1
shrinking_b_decay_channels_2_r1,branch_count,timing,1604,0,3,1236332,0.0620116,True,False,False,,3589,454,4
shrinking_b_decay_channels_2_r1,branch_count,timing_ovr1,1604,0,4,1236332,0.0654746,True,False,False,,2602,933,7
shrinking_b_decay_channels_2_r1,branch_count,timing_ovr2,1604,0,5,1236332,0.0639612,True,False,False,,3925,303,4
shrinking_b_decay_channels_2_r1,branch_count,timing_ovr1_eager,1604,0,6,1236332,0.0407028,True,False,False,,3727,424,21
shrinking_b_decay_channels_2_r1,branch_count,T=100,1604,0,7,1236332,0.0509857,True,False,False,,3773,405,1
shrinking_b_decay_channels_2_r1,branch_count,T=250,1604,0,8,1236332,0.0584522,True,False,False,,2472,1029,1
shrinking_b_decay_channels_2_r1,branch_count,cost_model_cold,1604,1,0,1236332,0.0604743,True,False,False,,3061,746,1
shrinking_b_decay_channels_2_r1,branch_count,cost_model_warm,1604,1,1,1236332,0.0517429,True,False,False,,2140,1186,1
shrinking_b_decay_channels_2_r1,branch_count,timing,1604,1,2,1236332,0.0724802,True,False,False,,4603,2,2
shrinking_b_decay_channels_2_r1,branch_count,timing_ovr1,1604,1,3,1236332,0.0660725,True,False,False,,295,2078,3
shrinking_b_decay_channels_2_r1,branch_count,timing_ovr2,1604,1,4,1236332,0.0514191,True,False,False,,2176,1172,5
shrinking_b_decay_channels_2_r1,branch_count,timing_ovr1_eager,1604,1,5,1236332,0.0595311,True,False,False,,647,1899,13
shrinking_b_decay_channels_2_r1,branch_count,T=100,1604,1,6,1236332,0.0575178,True,False,False,,3773,405,1
shrinking_b_decay_channels_2_r1,branch_count,T=250,1604,1,7,1236332,0.0568823,True,False,False,,2472,1029,1
shrinking_b_decay_channels_2_r1,branch_count,T=400,1604,1,8,1236332,0.058401,True,False,False,,1184,1649,1
shrinking_b_decay_channels_2_r1,branch_count,cost_model_warm,1605,0,0,1236332,0.0435755,True,False,False,,2143,1185,1
shrinking_b_decay_channels_2_r1,branch_count,timing,1605,0,1,1236332,0.05682,True,False,False,,4592,4,4
shrinking_b_decay_channels_2_r1,branch_count,timing_ovr1,1605,0,2,1236332,0.0703183,True,False,False,,4247,163,4
shrinking_b_decay_channels_2_r1,branch_count,timing_ovr2,1605,0,3,1236332,0.0527662,True,False,False,,622,1925,3
shrinking_b_decay_channels_2_r1,branch_count,timing_ovr1_eager,1605,0,4,1236332,0.0372284,True,False,False,,1796,1371,17
shrinking_b_decay_channels_2_r1,branch_count,T=100,1605,0,5,1236332,0.0627096,True,False,False,,3745,406,1
shrinking_b_decay_channels_2_r1,branch_count,T=250,1605,0,6,1236332,0.0521048,True,False,False,,2469,1030,1
shrinking_b_decay_channels_2_r1,branch_count,T=400,1605,0,7,1236332,0.0427538,True,False,False,,1180,1648,1
shrinking_b_decay_channels_2_r1,branch_count,cost_model_cold,1605,0,8,1236332,0.0454376,True,False,False,,3050,748,1
shrinking_b_decay_channels_2_r1,branch_count,timing,1605,1,0,1236332,0.0661971,True,False,False,,4546,2,2
shrinking_b_decay_channels_2_r1,branch_count,timing_ovr1,1605,1,1,1236332,0.0580488,True,False,False,,1982,1250,7
shrinking_b_decay_channels_2_r1,branch_count,timing_ovr2,1605,1,2,1236332,0.0618666,True,False,False,,599,1938,3
shrinking_b_decay_channels_2_r1,branch_count,timing_ovr1_eager,1605,1,3,1236332,0.0570297,True,False,False,,2178,1165,17
shrinking_b_decay_channels_2_r1,branch_count,T=100,1605,1,4,1236332,0.0621117,True,False,False,,3745,406,1
shrinking_b_decay_channels_2_r1,branch_count,T=250,1605,1,5,1236332,0.0560835,True,False,False,,2469,1030,1
shrinking_b_decay_channels_2_r1,branch_count,T=400,1605,1,6,1236332,0.0484307,True,False,False,,1180,1648,1
shrinking_b_decay_channels_2_r1,branch_count,cost_model_cold,1605,1,7,1236332,0.0404563,True,False,False,,3050,748,1
shrinking_b_decay_channels_2_r1,branch_count,cost_model_warm,1605,1,8,1236332,0.0407423,True,False,False,,2143,1185,1
shrinking_b_decay_channels_2_r1,branch_count,timing_ovr1,1606,0,0,1236332,0.0573647,True,False,False,,4482,55,4
shrinking_b_decay_channels_2_r1,branch_count,timing_ovr2,1606,0,1,1236332,0.0632306,True,False,False,,592,1929,3
shrinking_b_decay_channels_2_r1,branch_count,timing_ovr1_eager,1606,0,2,1236332,0.0608709,True,False,False,,323,2060,11
shrinking_b_decay_channels_2_r1,branch_count,T=100,1606,0,3,1236332,0.0487517,True,False,False,,3774,408,1
shrinking_b_decay_channels_2_r1,branch_count,T=250,1606,0,4,1236332,0.0351554,True,False,False,,2446,1028,1
shrinking_b_decay_channels_2_r1,branch_count,T=400,1606,0,5,1236332,0.0543212,True,False,False,,1168,1649,1
shrinking_b_decay_channels_2_r1,branch_count,cost_model_cold,1606,0,6,1236332,0.0558479,True,False,False,,3042,748,1
shrinking_b_decay_channels_2_r1,branch_count,cost_model_warm,1606,0,7,1236332,0.0389192,True,False,False,,2114,1182,1
shrinking_b_decay_channels_2_r1,branch_count,timing,1606,0,8,1236332,0.0626858,True,False,False,,4578,2,2
shrinking_b_decay_channels_2_r1,branch_count,timing_ovr2,1606,1,0,1236332,0.0466676,True,False,False,,597,1927,3
shrinking_b_decay_channels_2_r1,branch_count,timing_ovr1_eager,1606,1,1,1236332,0.0396782,True,False,False,,735,1867,13
shrinking_b_decay_channels_2_r1,branch_count,T=100,1606,1,2,1236332,0.0338119,True,False,False,,3774,408,1
shrinking_b_decay_channels_2_r1,branch_count,T=250,1606,1,3,1236332,0.0566659,True,False,False,,2446,1028,1
shrinking_b_decay_channels_2_r1,branch_count,T=400,1606,1,4,1236332,0.0594059,True,False,False,,1168,1649,1
shrinking_b_decay_channels_2_r1,branch_count,cost_model_cold,1606,1,5,1236332,0.0460546,True,False,False,,3042,748,1
shrinking_b_decay_channels_2_r1,branch_count,cost_model_warm,1606,1,6,1236332,0.056807,True,False,False,,2114,1182,1
shrinking_b_decay_channels_2_r1,branch_count,timing,1606,1,7,1236332,0.0697932,True,False,False,,4578,2,2
shrinking_b_decay_channels_2_r1,branch_count,timing_ovr1,1606,1,8,1236332,0.0721437,True,False,False,,2928,792,4
shrinking_b_decay_channels_2_r1,branch_count,timing_ovr1_eager,1607,0,0,1236332,0.0441421,True,False,False,,1167,1643,15
shrinking_b_decay_channels_2_r1,branch_count,T=100,1607,0,1,1236332,0.0444897,True,False,False,,3740,407,1
shrinking_b_decay_channels_2_r1,branch_count,T=250,1607,0,2,1236332,0.052324,True,False,False,,2443,1026,1
shrinking_b_decay_channels_2_r1,branch_count,T=400,1607,0,3,1236332,0.0406701,True,False,False,,1166,1649,1
shrinking_b_decay_channels_2_r1,branch_count,cost_model_cold,1607,0,4,1236332,0.0358908,True,False,False,,3021,743,1
shrinking_b_decay_channels_2_r1,branch_count,cost_model_warm,1607,0,5,1236332,0.0541529,True,False,False,,2126,1185,1
shrinking_b_decay_channels_2_r1,branch_count,timing,1607,0,6,1236332,0.0433193,True,False,False,,4641,2,2
shrinking_b_decay_channels_2_r1,branch_count,timing_ovr1,1607,0,7,1236332,0.0526488,True,False,False,,3775,402,4
shrinking_b_decay_channels_2_r1,branch_count,timing_ovr2,1607,0,8,1236332,0.0420693,True,False,False,,4641,2,2
shrinking_b_decay_channels_2_r1,branch_count,T=100,1607,1,0,1236332,0.0517326,True,False,False,,3740,407,1
shrinking_b_decay_channels_2_r1,branch_count,T=250,1607,1,1,1236332,0.0573391,True,False,False,,2443,1026,1
shrinking_b_decay_channels_2_r1,branch_count,T=400,1607,1,2,1236332,0.0514352,True,False,False,,1166,1649,1
shrinking_b_decay_channels_2_r1,branch_count,cost_model_cold,1607,1,3,1236332,0.038023,True,False,False,,3021,743,1
shrinking_b_decay_channels_2_r1,branch_count,cost_model_warm,1607,1,4,1236332,0.0381916,True,False,False,,2126,1185,1
shrinking_b_decay_channels_2_r1,branch_count,timing,1607,1,5,1236332,0.0441695,True,False,False,,1534,1485,3
shrinking_b_decay_channels_2_r1,branch_count,timing_ovr1,1607,1,6,1236332,0.0380173,True,False,False,,2108,1206,5
shrinking_b_decay_channels_2_r1,branch_count,timing_ovr2,1607,1,7,1236332,0.0607485,True,False,False,,776,1850,5
shrinking_b_decay_channels_2_r1,branch_count,timing_ovr1_eager,1607,1,8,1236332,0.0538005,True,False,False,,924,1773,15
shrinking_b_decay_channels_2_r1,branch_count,T=250,1608,0,0,1236332,0.0525045,True,False,False,,2485,1025,1
shrinking_b_decay_channels_2_r1,branch_count,T=400,1608,0,1,1236332,0.0591495,True,False,False,,1196,1647,1
shrinking_b_decay_channels_2_r1,branch_count,cost_model_cold,1608,0,2,1236332,0.0472739,True,False,False,,3079,746,1
shrinking_b_decay_channels_2_r1,branch_count,cost_model_warm,1608,0,3,1236332,0.038326,True,False,False,,2148,1185,1
shrinking_b_decay_channels_2_r1,branch_count,timing,1608,0,4,1236332,0.0548957,True,False,False,,4621,2,2
shrinking_b_decay_channels_2_r1,branch_count,timing_ovr1,1608,0,5,1236332,0.0751362,True,False,False,,3714,424,4
shrinking_b_decay_channels_2_r1,branch_count,timing_ovr2,1608,0,6,1236332,0.0741757,True,False,False,,4621,2,2
shrinking_b_decay_channels_2_r1,branch_count,timing_ovr1_eager,1608,0,7,1236332,0.0606721,True,False,False,,1108,1667,15
shrinking_b_decay_channels_2_r1,branch_count,T=100,1608,0,8,1236332,0.0600986,True,False,False,,3768,407,1
shrinking_b_decay_channels_2_r1,branch_count,T=400,1608,1,0,1236332,0.0592446,True,False,False,,1196,1647,1
shrinking_b_decay_channels_2_r1,branch_count,cost_model_cold,1608,1,1,1236332,0.0542893,True,False,False,,3079,746,1
shrinking_b_decay_channels_2_r1,branch_count,cost_model_warm,1608,1,2,1236332,0.0367013,True,False,False,,2148,1185,1
shrinking_b_decay_channels_2_r1,branch_count,timing,1608,1,3,1236332,0.0679244,True,False,False,,4621,2,2
shrinking_b_decay_channels_2_r1,branch_count,timing_ovr1,1608,1,4,1236332,0.0415825,True,False,False,,1627,1442,5
shrinking_b_decay_channels_2_r1,branch_count,timing_ovr2,1608,1,5,1236332,0.0433866,True,False,False,,4621,2,2
shrinking_b_decay_channels_2_r1,branch_count,timing_ovr1_eager,1608,1,6,1236332,0.064692,True,False,False,,2471,1032,19
shrinking_b_decay_channels_2_r1,branch_count,T=100,1608,1,7,1236332,0.066911,True,False,False,,3768,407,1
shrinking_b_decay_channels_2_r1,branch_count,T=250,1608,1,8,1236332,0.0406612,True,False,False,,2485,1025,1
shrinking_b_decay_channels_2_r2,branch_count,cost_model_cold,1601,0,0,4945329,0.1069364,True,False,False,,7692,730,1
shrinking_b_decay_channels_2_r2,branch_count,cost_model_warm,1601,0,1,4945329,0.1354957,True,False,False,,6796,1172,1
shrinking_b_decay_channels_2_r2,branch_count,timing,1601,0,2,4945329,0.1438845,True,False,False,,9111,4,4
shrinking_b_decay_channels_2_r2,branch_count,timing_ovr1,1601,0,3,4945329,0.1725963,True,False,False,,2987,3003,5
shrinking_b_decay_channels_2_r2,branch_count,timing_ovr2,1601,0,4,4945329,0.1509985,True,False,False,,4095,2469,5
shrinking_b_decay_channels_2_r2,branch_count,timing_ovr1_eager,1601,0,5,4945329,0.1092991,True,False,False,,5547,1759,33
shrinking_b_decay_channels_2_r2,branch_count,T=100,1601,0,6,4945329,0.1285206,True,False,False,,8399,389,1
shrinking_b_decay_channels_2_r2,branch_count,T=250,1601,0,7,4945329,0.1360827,True,False,False,,7123,1011,1
shrinking_b_decay_channels_2_r2,branch_count,T=400,1601,0,8,4945329,0.1124676,True,False,False,,5853,1631,1
shrinking_b_decay_channels_2_r2,branch_count,cost_model_warm,1601,1,0,4945329,0.1350925,True,False,False,,6796,1172,1
shrinking_b_decay_channels_2_r2,branch_count,timing,1601,1,1,4945329,0.1441403,True,False,False,,9111,4,4
shrinking_b_decay_channels_2_r2,branch_count,timing_ovr1,1601,1,2,4945329,0.1334187,True,False,False,,4100,2443,3
shrinking_b_decay_channels_2_r2,branch_count,timing_ovr2,1601,1,3,4945329,0.1302089,True,False,False,,3600,2686,3
shrinking_b_decay_channels_2_r2,branch_count,timing_ovr1_eager,1601,1,4,4945329,0.1190329,True,False,False,,4497,2243,31
shrinking_b_decay_channels_2_r2,branch_count,T=100,1601,1,5,4945329,0.116195,True,False,False,,8399,389,1
shrinking_b_decay_channels_2_r2,branch_count,T=250,1601,1,6,4945329,0.1112741,True,False,False,,7123,1011,1
shrinking_b_decay_channels_2_r2,branch_count,T=400,1601,1,7,4945329,0.0928034,True,False,False,,5853,1631,1
shrinking_b_decay_channels_2_r2,branch_count,cost_model_cold,1601,1,8,4945329,0.1031057,True,False,False,,7692,730,1
shrinking_b_decay_channels_2_r2,branch_count,timing,1602,0,0,4945329,0.0840515,True,False,False,,9088,4,4
shrinking_b_decay_channels_2_r2,branch_count,timing_ovr1,1602,0,1,4945329,0.0974779,True,False,False,,9088,4,4
shrinking_b_decay_channels_2_r2,branch_count,timing_ovr2,1602,0,2,4945329,0.1006906,True,False,False,,8604,223,6
shrinking_b_decay_channels_2_r2,branch_count,timing_ovr1_eager,1602,0,3,4945329,0.1880648,True,False,False,,2284,3326,23
shrinking_b_decay_channels_2_r2,branch_count,T=100,1602,0,4,4945329,0.1171928,True,False,False,,8298,388,1
shrinking_b_decay_channels_2_r2,branch_count,T=250,1602,0,5,4945329,0.1301676,True,False,False,,7042,1013,1
shrinking_b_decay_channels_2_r2,branch_count,T=400,1602,0,6,4945329,0.0932067,True,False,False,,5724,1632,1
shrinking_b_decay_channels_2_r2,branch_count,cost_model_cold,1602,0,7,4945329,0.0979743,True,False,False,,7602,732,1
shrinking_b_decay_channels_2_r2,branch_count,cost_model_warm,1602,0,8,4945329,0.0913745,True,False,False,,6707,1167,1
shrinking_b_decay_channels_2_r2,branch_count,timing_ovr1,1602,1,0,4945329,0.1734637,True,False,False,,2465,3227,5
shrinking_b_decay_channels_2_r2,branch_count,timing_ovr2,1602,1,1,4945329,0.1058829,True,False,False,,9088,4,4
shrinking_b_decay_channels_2_r2,branch_count,timing_ovr1_eager,1602,1,2,4945329,0.13273,True,False,False,,2978,2985,27
shrinking_b_decay_channels_2_r2,branch_count,T=100,1602,1,3,4945329,0.0918419,True,False,False,,8298,388,1
shrinking_b_decay_channels_2_r2,branch_count,T=250,1602,1,4,4945329,0.105948,True,False,False,,7042,1013,1
shrinking_b_decay_channels_2_r2,branch_count,T=400,1602,1,5,4945329,0.1258528,True,False,False,,5724,1632,1
shrinking_b_decay_channels_2_r2,branch_count,cost_model_cold,1602,1,6,4945329,0.0927337,True,False,False,,7602,732,1
shrinking_b_decay_channels_2_r2,branch_count,cost_model_warm,1602,1,7,4945329,0.1343849,True,False,False,,6707,1167,1
shrinking_b_decay_channels_2_r2,branch_count,timing,1602,1,8,4945329,0.1239208,True,False,False,,9088,4,4
shrinking_b_decay_channels_2_r2,branch_count,timing_ovr2,1603,0,0,4945329,0.1073682,True,False,False,,9160,4,4
shrinking_b_decay_channels_2_r2,branch_count,timing_ovr1_eager,1603,0,1,4945329,0.1767174,True,False,False,,5216,1888,34
shrinking_b_decay_channels_2_r2,branch_count,T=100,1603,0,2,4945329,0.1087879,True,False,False,,8335,389,1
shrinking_b_decay_channels_2_r2,branch_count,T=250,1603,0,3,4945329,0.093972,True,False,False,,7046,1012,1
shrinking_b_decay_channels_2_r2,branch_count,T=400,1603,0,4,4945329,0.0997273,True,False,False,,5754,1635,1
shrinking_b_decay_channels_2_r2,branch_count,cost_model_cold,1603,0,5,4945329,0.0898754,True,False,False,,7615,732,1
shrinking_b_decay_channels_2_r2,branch_count,cost_model_warm,1603,0,6,4945329,0.1033886,True,False,False,,6725,1167,1
shrinking_b_decay_channels_2_r2,branch_count,timing,1603,0,7,4945329,0.1265859,True,False,False,,4471,2290,3
shrinking_b_decay_channels_2_r2,branch_count,timing_ovr1,1603,0,8,4945329,0.0836885,True,False,False,,6134,1471,3
shrinking_b_decay_channels_2_r2,branch_count,timing_ovr1_eager,1603,1,0,4945329,0.1301624,True,False,False,,1844,3530,23
shrinking_b_decay_channels_2_r2,branch_count,T=100,1603,1,1,4945329,0.0810989,True,False,False,,8335,389,1
shrinking_b_decay_channels_2_r2,branch_count,T=250,1603,1,2,4945329,0.1176775,True,False,False,,7046,1012,1
shrinking_b_decay_channels_2_r2,branch_count,T=400,1603,1,3,4945329,0.1226446,True,False,False,,5754,1635,1
shrinking_b_decay_channels_2_r2,branch_count,cost_model_cold,1603,1,4,4945329,0.1092419,True,False,False,,7615,732,1
shrinking_b_decay_channels_2_r2,branch_count,cost_model_warm,1603,1,5,4945329,0.1031988,True,False,False,,6725,1167,1
shrinking_b_decay_channels_2_r2,branch_count,timing,1603,1,6,4945329,0.1198932,True,False,False,,9160,4,4
shrinking_b_decay_channels_2_r2,branch_count,timing_ovr1,1603,1,7,4945329,0.1340878,True,False,False,,1860,3533,7
shrinking_b_decay_channels_2_r2,branch_count,timing_ovr2,1603,1,8,4945329,0.1043923,True,False,False,,9160,4,4
shrinking_b_decay_channels_2_r2,branch_count,T=100,1604,0,0,4945329,0.0889429,True,False,False,,8314,388,1
shrinking_b_decay_channels_2_r2,branch_count,T=250,1604,0,1,4945329,0.095853,True,False,False,,7018,1008,1
shrinking_b_decay_channels_2_r2,branch_count,T=400,1604,0,2,4945329,0.1026236,True,False,False,,5751,1633,1
shrinking_b_decay_channels_2_r2,branch_count,cost_model_cold,1604,0,3,4945329,0.0824908,True,False,False,,7612,731,1
shrinking_b_decay_channels_2_r2,branch_count,cost_model_warm,1604,0,4,4945329,0.1271604,True,False,False,,6688,1171,1
shrinking_b_decay_channels_2_r2,branch_count,timing,1604,0,5,4945329,0.0987537,True,False,False,,9051,4,4
shrinking_b_decay_channels_2_r2,branch_count,timing_ovr1,1604,0,6,4945329,0.1811862,True,False,False,,5249,1894,4
shrinking_b_decay_channels_2_r2,branch_count,timing_ovr2,1604,0,7,4945329,0.1003083,True,False,False,,9051,4,4
shrinking_b_decay_channels_2_r2,branch_count,timing_ovr1_eager,1604,0,8,4945329,0.1162039,True,False,False,,4342,2322,29
shrinking_b_decay_channels_2_r2,branch_count,T=250,1604,1,0,4945329,0.0862056,True,False,False,,7018,1008,1
shrinking_b_decay_channels_2_r2,branch_count,T=400,1604,1,1,4945329,0.1172291,True,False,False,,5751,1633,1
shrinking_b_decay_channels_2_r2,branch_count,cost_model_cold,1604,1,2,4945329,0.1133945,True,False,False,,7612,731,1
shrinking_b_decay_channels_2_r2,branch_count,cost_model_warm,1604,1,3,4945329,0.0778337,True,False,False,,6688,1171,1
shrinking_b_decay_channels_2_r2,branch_count,timing,1604,1,4,4945329,0.119954,True,False,False,,3405,2774,3
shrinking_b_decay_channels_2_r2,branch_count,timing_ovr1,1604,1,5,4945329,0.1429992,True,False,False,,2038,3441,5
shrinking_b_decay_channels_2_r2,branch_count,timing_ovr2,1604,1,6,4945329,0.1238134,True,False,False,,9051,4,4
shrinking_b_decay_channels_2_r2,branch_count,timing_ovr1_eager,1604,1,7,4945329,0.1568699,True,False,False,,6707,1178,36
shrinking_b_decay_channels_2_r2,branch_count,T=100,1604,1,8,4945329,0.1245016,True,False,False,,8314,388,1
shrinking_b_decay_channels_2_r2,branch_count,T=400,1605,0,0,4945329,0.0992192,True,False,False,,5806,1631,1
shrinking_b_decay_channels_2_r2,branch_count,cost_model_cold,1605,0,1,4945329,0.108416,True,False,False,,7654,733,1
shrinking_b_decay_channels_2_r2,branch_count,cost_model_warm,1605,0,2,4945329,0.0836911,True,False,False,,6756,1170,1
shrinking_b_decay_channels_2_r2,branch_count,timing,1605,0,3,4945329,0.1159547,True,False,False,,9222,4,4
shrinking_b_decay_channels_2_r2,branch_count,timing_ovr1,1605,0,4,4945329,0.1007086,True,False,False,,8737,199,6
shrinking_b_decay_channels_2_r2,branch_count,timing_ovr2,1605,0,5,4945329,0.0802348,True,False,False,,9222,4,4
shrinking_b_decay_channels_2_r2,branch_count,timing_ovr1_eager,1605,0,6,4945329,0.1167079,True,False,False,,4631,2193,31
shrinking_b_decay_channels_2_r2,branch_count,T=100,1605,0,7,4945329,0.0942023,True,False,False,,8368,388,1
shrinking_b_decay_channels_2_r2,branch_count,T=250,1605,0,8,4945329,0.093045,True,False,False,,7075,1010,1
shrinking_b_decay_channels_2_r2,branch_count,cost_model_cold,1605,1,0,4945329,0.1400118,True,False,False,,7654,733,1
shrinking_b_decay_channels_2_r2,branch_count,cost_model_warm,1605,1,1,4945329,0.1077683,True,False,False,,6756,1170,1
shrinking_b_decay_channels_2_r2,branch_count,timing,1605,1,2,4945329,0.1487299,True,False,False,,9222,4,4
shrinking_b_decay_channels_2_r2,branch_count,timing_ovr1,1605,1,3,4945329,0.1155147,True,False,False,,8638,216,6
shrinking_b_decay_channels_2_r2,branch_count,timing_ovr2,1605,1,4,4945329,0.1420851,True,False,False,,3742,2638,5
shrinking_b_decay_channels_2_r2,branch_count,timing_ovr1_eager,1605,1,5,4945329,0.0922076,True,False,False,,8039,538,39
shrinking_b_decay_channels_2_r2,branch_count,T=100,1605,1,6,4945329,0.1087362,True,False,False,,8368,388,1
shrinking_b_decay_channels_2_r2,branch_count,T=250,1605,1,7,4945329,0.0856755,True,False,False,,7075,1010,1
shrinking_b_decay_channels_2_r2,branch_count,T=400,1605,1,8,4945329,0.110814,True,False,False,,5806,1631,1
shrinking_b_decay_channels_2_r2,branch_count,cost_model_warm,1606,0,0,4945329,0.0900448,True,False,False,,6775,1170,1
shrinking_b_decay_channels_2_r2,branch_count,timing,1606,0,1,4945329,0.0818513,True,False,False,,9138,4,4
shrinking_b_decay_channels_2_r2,branch_count,timing_ovr1,1606,0,2,4945329,0.1126564,True,False,False,,3361,2801,3
shrinking_b_decay_channels_2_r2,branch_count,timing_ovr2,1606,0,3,4945329,0.1560773,True,False,False,,1003,3925,3
shrinking_b_decay_channels_2_r2,branch_count,timing_ovr1_eager,1606,0,4,4945329,0.1258739,True,False,False,,2552,3193,27
shrinking_b_decay_channels_2_r2,branch_count,T=100,1606,0,5,4945329,0.1506007,True,False,False,,8378,388,1
shrinking_b_decay_channels_2_r2,branch_count,T=250,1606,0,6,4945329,0.1159905,True,False,False,,7104,1010,1
shrinking_b_decay_channels_2_r2,branch_count,T=400,1606,0,7,4945329,0.1251961,True,False,False,,5845,1636,1
shrinking_b_decay_channels_2_r2,branch_count,cost_model_cold,1606,0,8,4945329,0.089199,True,False,False,,7678,730,1
shrinking_b_decay_channels_2_r2,branch_count,timing,1606,1,0,4945329,0.0906709,True,False,False,,9138,4,4
shrinking_b_decay_channels_2_r2,branch_count,timing_ovr1,1606,1,1,4945329,0.1597394,True,False,False,,546,4164,3
shrinking_b_decay_channels_2_r2,branch_count,timing_ovr2,1606,1,2,4945329,0.0847614,True,False,False,,6354,1358,3
shrinking_b_decay_channels_2_r2,branch_count,timing_ovr1_eager,1606,1,3,4945329,0.1257207,True,False,False,,4480,2288,31
shrinking_b_decay_channels_2_r2,branch_count,T=100,1606,1,4,4945329,0.1281003,True,False,False,,8378,388,1
shrinking_b_decay_channels_2_r2,branch_count,T=250,1606,1,5,4945329,0.1001164,True,False,False,,7104,1010,1
shrinking_b_decay_channels_2_r2,branch_count,T=400,1606,1,6,4945329,0.0880523,True,False,False,,5845,1636,1
shrinking_b_decay_channels_2_r2,branch_count,cost_model_cold,1606,1,7,4945329,0.0842681,True,False,False,,7678,730,1
shrinking_b_decay_channels_2_r2,branch_count,cost_model_warm,1606,1,8,4945329,0.1258162,True,False,False,,6775,1170,1
shrinking_b_decay_channels_2_r2,branch_count,timing_ovr1,1607,0,0,4945329,0.2262831,True,False,False,,685,4100,5
shrinking_b_decay_channels_2_r2,branch_count,timing_ovr2,1607,0,1,4945329,0.1555296,True,False,False,,7820,643,6
shrinking_b_decay_channels_2_r2,branch_count,timing_ovr1_eager,1607,0,2,4945329,0.1092961,True,False,False,,6754,1171,35
shrinking_b_decay_channels_2_r2,branch_count,T=100,1607,0,3,4945329,0.1400812,True,False,False,,8324,389,1
shrinking_b_decay_channels_2_r2,branch_count,T=250,1607,0,4,4945329,0.1232637,True,False,False,,7060,1012,1
shrinking_b_decay_channels_2_r2,branch_count,T=400,1607,0,5,4945329,0.1383662,True,False,False,,5748,1636,1
shrinking_b_decay_channels_2_r2,branch_count,cost_model_cold,1607,0,6,4945329,0.1122809,True,False,False,,7619,730,1
shrinking_b_decay_channels_2_r2,branch_count,cost_model_warm,1607,0,7,4945329,0.1027378,True,False,False,,6719,1170,1
shrinking_b_decay_channels_2_r2,branch_count,timing,1607,0,8,4945329,0.1089253,True,False,False,,9081,4,4
shrinking_b_decay_channels_2_r2,branch_count,timing_ovr2,1607,1,0,4945329,0.1394586,True,False,False,,8746,181,6
shrinking_b_decay_channels_2_r2,branch_count,timing_ovr1_eager,1607,1,1,4945329,0.1830788,True,False,False,,4814,2124,35
shrinking_b_decay_channels_2_r2,branch_count,T=100,1607,1,2,4945329,0.0919385,True,False,False,,8324,389,1
shrinking_b_decay_channels_2_r2,branch_count,T=250,1607,1,3,4945329,0.1200487,True,False,False,,7060,1012,1
shrinking_b_decay_channels_2_r2,branch_count,T=400,1607,1,4,4945329,0.1312342,True,False,False,,5748,1636,1
shrinking_b_decay_channels_2_r2,branch_count,cost_model_cold,1607,1,5,4945329,0.1331224,True,False,False,,7619,730,1
shrinking_b_decay_channels_2_r2,branch_count,cost_model_warm,1607,1,6,4945329,0.1091516,True,False,False,,6719,1170,1
shrinking_b_decay_channels_2_r2,branch_count,timing,1607,1,7,4945329,0.1404696,True,False,False,,9081,4,4
shrinking_b_decay_channels_2_r2,branch_count,timing_ovr1,1607,1,8,4945329,0.1596318,True,False,False,,8819,147,6
shrinking_b_decay_channels_2_r2,branch_count,timing_ovr1_eager,1608,0,0,4945329,0.2248283,True,False,False,,3677,2653,28
shrinking_b_decay_channels_2_r2,branch_count,T=100,1608,0,1,4945329,0.1241566,True,False,False,,8407,391,1
shrinking_b_decay_channels_2_r2,branch_count,T=250,1608,0,2,4945329,0.1335884,True,False,False,,7098,1011,1
shrinking_b_decay_channels_2_r2,branch_count,T=400,1608,0,3,4945329,0.1339719,True,False,False,,5795,1633,1
shrinking_b_decay_channels_2_r2,branch_count,cost_model_cold,1608,0,4,4945329,0.1062587,True,False,False,,7698,732,1
shrinking_b_decay_channels_2_r2,branch_count,cost_model_warm,1608,0,5,4945329,0.134149,True,False,False,,6775,1168,1
shrinking_b_decay_channels_2_r2,branch_count,timing,1608,0,6,4945329,0.1104978,True,False,False,,9170,4,4
shrinking_b_decay_channels_2_r2,branch_count,timing_ovr1,1608,0,7,4945329,0.1357351,True,False,False,,3044,2962,7
shrinking_b_decay_channels_2_r2,branch_count,timing_ovr2,1608,0,8,4945329,0.1362654,True,False,False,,7865,608,6
shrinking_b_decay_channels_2_r2,branch_count,T=100,1608,1,0,4945329,0.0932245,True,False,False,,8407,391,1
shrinking_b_decay_channels_2_r2,branch_count,T=250,1608,1,1,4945329,0.077934,True,False,False,,7098,1011,1
shrinking_b_decay_channels_2_r2,branch_count,T=400,1608,1,2,4945329,0.119211,True,False,False,,5795,1633,1
shrinking_b_decay_channels_2_r2,branch_count,cost_model_cold,1608,1,3,4945329,0.1260244,True,False,False,,7698,732,1
shrinking_b_decay_channels_2_r2,branch_count,cost_model_warm,1608,1,4,4945329,0.127923,True,False,False,,6775,1168,1
shrinking_b_decay_channels_2_r2,branch_count,timing,1608,1,5,4945329,0.176414,True,False,False,,3215,2892,5
shrinking_b_decay_channels_2_r2,branch_count,timing_ovr1,1608,1,6,4945329,0.2299737,True,False,False,,769,4059,3
shrinking_b_decay_channels_2_r2,branch_count,timing_ovr2,1608,1,7,4945329,0.1458682,True,False,False,,4130,2448,3
shrinking_b_decay_channels_2_r2,branch_count,timing_ovr1_eager,1608,1,8,4945329,0.2059701,True,False,False,,5473,1798,37
shrinking_b_decay_channels_4_r05,branch_count,T=250,1601,0,0,228524,0.0173023,True,False,False,,1,957,1
shrinking_b_decay_channels_4_r05,branch_count,T=400,1601,0,1,228524,0.0174781,True,False,False,,1,957,1
shrinking_b_decay_channels_4_r05,branch_count,cost_model_cold,1601,0,2,228524,0.0193871,True,False,False,,556,684,1
shrinking_b_decay_channels_4_r05,branch_count,cost_model_warm,1601,0,3,228524,0.0166189,True,False,False,,1,957,1
shrinking_b_decay_channels_4_r05,branch_count,timing,1601,0,4,228524,0.0160244,True,False,False,,507,705,3
shrinking_b_decay_channels_4_r05,branch_count,timing_ovr1,1601,0,5,228524,0.0180508,True,False,False,,263,832,3
shrinking_b_decay_channels_4_r05,branch_count,timing_ovr2,1601,0,6,228524,0.016025,True,False,False,,492,710,9
shrinking_b_decay_channels_4_r05,branch_count,timing_ovr1_eager,1601,0,7,228524,0.0171132,True,False,False,,74,921,5
shrinking_b_decay_channels_4_r05,branch_count,T=100,1601,0,8,228524,0.0161299,True,False,False,,1122,414,1
shrinking_b_decay_channels_4_r05,branch_count,T=400,1601,1,0,228524,0.0174313,True,False,False,,1,957,1
shrinking_b_decay_channels_4_r05,branch_count,cost_model_cold,1601,1,1,228524,0.0142446,True,False,False,,556,684,1
shrinking_b_decay_channels_4_r05,branch_count,cost_model_warm,1601,1,2,228524,0.0086146,True,False,False,,1,957,1
shrinking_b_decay_channels_4_r05,branch_count,timing,1601,1,3,228524,0.0115875,True,False,False,,791,575,3
shrinking_b_decay_channels_4_r05,branch_count,timing_ovr1,1601,1,4,228524,0.0095785,True,False,False,,256,835,1
shrinking_b_decay_channels_4_r05,branch_count,timing_ovr2,1601,1,5,228524,0.0153442,True,False,False,,1593,153,10
shrinking_b_decay_channels_4_r05,branch_count,timing_ovr1_eager,1601,1,6,228524,0.0170718,True,False,False,,70,927,5
shrinking_b_decay_channels_4_r05,branch_count,T=100,1601,1,7,228524,0.0225161,True,False,False,,1122,414,1
shrinking_b_decay_channels_4_r05,branch_count,T=250,1601,1,8,228524,0.0177053,True,False,False,,1,957,1
shrinking_b_decay_channels_4_r05,branch_count,cost_model_cold,1602,0,0,228524,0.017627,True,False,False,,554,688,1
shrinking_b_decay_channels_4_r05,branch_count,cost_model_warm,1602,0,1,228524,0.0178822,True,False,False,,1,958,1
shrinking_b_decay_channels_4_r05,branch_count,timing,1602,0,2,228524,0.0307881,True,False,False,,1961,2,2
shrinking_b_decay_channels_4_r05,branch_count,timing_ovr1,1602,0,3,228524,0.0188605,True,False,False,,307,809,5
shrinking_b_decay_channels_4_r05,branch_count,timing_ovr2,1602,0,4,228524,0.0304899,True,False,False,,1844,53,4
shrinking_b_decay_channels_4_r05,branch_count,timing_ovr1_eager,1602,0,5,228524,0.0206545,True,False,False,,613,670,9
shrinking_b_decay_channels_4_r05,branch_count,T=100,1602,0,6,228524,0.016127,True,False,False,,1110,418,1
shrinking_b_decay_channels_4_r05,branch_count,T=250,1602,0,7,228524,0.0112786,True,False,False,,1,958,1
shrinking_b_decay_channels_4_r05,branch_count,T=400,1602,0,8,228524,0.0075148,True,False,False,,1,958,1
shrinking_b_decay_channels_4_r05,branch_count,cost_model_warm,1602,1,0,228524,0.0095896,True,False,False,,1,958,1
shrinking_b_decay_channels_4_r05,branch_count,timing,1602,1,1,228524,0.013484,True,False,False,,1114,419,3
shrinking_b_decay_channels_4_r05,branch_count,timing_ovr1,1602,1,2,228524,0.0096933,True,False,False,,258,833,3
shrinking_b_decay_channels_4_r05,branch_count,timing_ovr2,1602,1,3,228524,0.021169,True,False,False,,970,491,3
shrinking_b_decay_channels_4_r05,branch_count,timing_ovr1_eager,1602,1,4,228524,0.0171268,True,False,False,,69,920,5
shrinking_b_decay_channels_4_r05,branch_count,T=100,1602,1,5,228524,0.0223594,True,False,False,,1110,418,1
shrinking_b_decay_channels_4_r05,branch_count,T=250,1602,1,6,228524,0.01754,True,False,False,,1,958,1
shrinking_b_decay_channels_4_r05,branch_count,T=400,1602,1,7,228524,0.0176666,True,False,False,,1,958,1
shrinking_b_decay_channels_4_r05,branch_count,cost_model_cold,1602,1,8,228524,0.0192689,True,False,False,,554,688,1
shrinking_b_decay_channels_4_r05,branch_count,timing,1603,0,0,228524,0.0193081,True,False,False,,675,641,3
shrinking_b_decay_channels_4_r05,branch_count,timing_ovr1,1603,0,1,228524,0.0308852,True,False,False,,1898,22,2
shrinking_b_decay_channels_4_r05,branch_count,timing_ovr2,1603,0,2,228524,0.023459,True,False,False,,1147,415,3
shrinking_b_decay_channels_4_r05,branch_count,timing_ovr1_eager,1603,0,3,228524,0.0253614,True,False,False,,1040,462,7
shrinking_b_decay_channels_4_r05,branch_count,T=100,1603,0,4,228524,0.0222399,True,False,False,,1131,412,1
shrinking_b_decay_channels_4_r05,branch_count,T=250,1603,0,5,228524,0.0170185,True,False,False,,1,956,1
shrinking_b_decay_channels_4_r05,branch_count,T=400,1603,0,6,228524,0.0163244,True,False,False,,1,956,1
shrinking_b_decay_channels_4_r05,branch_count,cost_model_cold,1603,0,7,228524,0.0143219,True,False,False,,571,684,1
shrinking_b_decay_channels_4_r05,branch_count,cost_model_warm,1603,0,8,228524,0.0173019,True,False,False,,1,956,1
shrinking_b_decay_channels_4_r05,branch_count,timing_ovr1,1603,1,0,228524,0.0173544,True,False,False,,256,834,1
shrinking_b_decay_channels_4_r05,branch_count,timing_ovr2,1603,1,1,228524,0.017093,True,False,False,,444,745,13
shrinking_b_decay_channels_4_r05,branch_count,timing_ovr1_eager,1603,1,2,228524,0.0183107,True,False,False,,70,925,5
shrinking_b_decay_channels_4_r05,branch_count,T=100,1603,1,3,228524,0.0225202,True,False,False,,1131,412,1
shrinking_b_decay_channels_4_r05,branch_count,T=250,1603,1,4,228524,0.0177882,True,False,False,,1,956,1
shrinking_b_decay_channels_4_r05,branch_count,T=400,1603,1,5,228524,0.0171687,True,False,False,,1,956,1
shrinking_b_decay_channels_4_r05,branch_count,cost_model_cold,1603,1,6,228524,0.0192587,True,False,False,,571,684,1
shrinking_b_decay_channels_4_r05,branch_count,cost_model_warm,1603,1,7,228524,0.0160027,True,False,False,,1,956,1
shrinking_b_decay_channels_4_r05,branch_count,timing,1603,1,8,228524,0.0310102,True,False,False,,1907,29,4
shrinking_b_decay_channels_4_r05,branch_count,timing_ovr2,1604,0,0,228524,0.0211074,True,False,False,,877,545,5
shrinking_b_decay_channels_4_r05,branch_count,timing_ovr1_eager,1604,0,1,228524,0.0154969,True,False,False,,66,927,3
shrinking_b_decay_channels_4_r05,branch_count,T=100,1604,0,2,228524,0.0221224,True,False,False,,1117,413,1
shrinking_b_decay_channels_4_r05,branch_count,T=250,1604,0,3,228524,0.0175166,True,False,False,,1,959,1
shrinking_b_decay_channels_4_r05,branch_count,T=400,1604,0,4,228524,0.0103359,True,False,False,,1,959,1
shrinking_b_decay_channels_4_r05,branch_count,cost_model_cold,1604,0,5,228524,0.0159815,True,False,False,,578,685,1
shrinking_b_decay_channels_4_r05,branch_count,cost_model_warm,1604,0,6,228524,0.0176735,True,False,False,,1,959,1
shrinking_b_decay_channels_4_r05,branch_count,timing,1604,0,7,228524,0.0314862,True,False,False,,2011,2,2
shrinking_b_decay_channels_4_r05,branch_count,timing_ovr1,1604,0,8,228524,0.0174734,True,False,False,,256,839,1
shrinking_b_decay_channels_4_r05,branch_count,timing_ovr1_eager,1604,1,0,228524,0.0156992,True,False,False,,81,922,5
shrinking_b_decay_channels_4_r05,branch_count,T=100,1604,1,1,228524,0.0214924,True,False,False,,1117,413,1
shrinking_b_decay_channels_4_r05,branch_count,T=250,1604,1,2,228524,0.0171229,True,False,False,,1,959,1
shrinking_b_decay_channels_4_r05,branch_count,T=400,1604,1,3,228524,0.0171561,True,False,False,,1,959,1
shrinking_b_decay_channels_4_r05,branch_count,cost_model_cold,1604,1,4,228524,0.0190185,True,False,False,,578,685,1
shrinking_b_decay_channels_4_r05,branch_count,cost_model_warm,1604,1,5,228524,0.014709,True,False,False,,1,959,1
shrinking_b_decay_channels_4_r05,branch_count,timing,1604,1,6,228524,0.0289143,True,False,False,,2011,2,2
shrinking_b_decay_channels_4_r05,branch_count,timing_ovr1,1604,1,7,228524,0.0175514,True,False,False,,259,837,3
shrinking_b_decay_channels_4_r05,branch_count,timing_ovr2,1604,1,8,228524,0.0313741,True,False,False,,1903,50,4
shrinking_b_decay_channels_4_r05,branch_count,T=100,1605,0,0,228524,0.0226631,True,False,False,,1122,411,1
shrinking_b_decay_channels_4_r05,branch_count,T=250,1605,0,1,228524,0.0162975,True,False,False,,1,955,1
shrinking_b_decay_channels_4_r05,branch_count,T=400,1605,0,2,228524,0.0172608,True,False,False,,1,955,1
shrinking_b_decay_channels_4_r05,branch_count,cost_model_cold,1605,0,3,228524,0.0189139,True,False,False,,561,683,1
shrinking_b_decay_channels_4_r05,branch_count,cost_model_warm,1605,0,4,228524,0.0115759,True,False,False,,1,955,1
shrinking_b_decay_channels_4_r05,branch_count,timing,1605,0,5,228524,0.0304335,True,False,False,,1949,2,2
shrinking_b_decay_channels_4_r05,branch_count,timing_ovr1,1605,0,6,228524,0.0152626,True,False,False,,256,826,1
shrinking_b_decay_channels_4_r05,branch_count,timing_ovr2,1605,0,7,228524,0.0173639,True,False,False,,256,826,1
shrinking_b_decay_channels_4_r05,branch_count,timing_ovr1_eager,1605,0,8,228524,0.0215427,True,False,False,,425,757,7
shrinking_b_decay_channels_4_r05,branch_count,T=250,1605,1,0,228524,0.0172741,True,False,False,,1,955,1
shrinking_b_decay_channels_4_r05,branch_count,T=400,1605,1,1,228524,0.0172608,True,False,False,,1,955,1
shrinking_b_decay_channels_4_r05,branch_count,cost_model_cold,1605,1,2,228524,0.0168439,True,False,False,,561,683,1
shrinking_b_decay_channels_4_r05,branch_count,cost_model_warm,1605,1,3,228524,0.0174099,True,False,False,,1,955,1
shrinking_b_decay_channels_4_r05,branch_count,timing,1605,1,4,228524,0.0190568,True,False,False,,357,780,3
shrinking_b_decay_channels_4_r05,branch_count,timing_ovr1,1605,1,5,228524,0.0173131,True,False,False,,256,826,1
shrinking_b_decay_channels_4_r05,branch_count,timing_ovr2,1605,1,6,228524,0.03173,True,False,False,,1982,6,4
shrinking_b_decay_channels_4_r05,branch_count,timing_ovr1_eager,1605,1,7,228524,0.0287392,True,False,False,,1904,31,8
shrinking_b_decay_channels_4_r05,branch_count,T=100,1605,1,8,228524,0.0223793,True,False,False,,1122,411,1
shrinking_b_decay_channels_4_r05,branch_count,T=400,1606,0,0,228524,0.0146046,True,False,False,,1,959,1
shrinking_b_decay_channels_4_r05,branch_count,cost_model_cold,1606,0,1,228524,0.0135351,True,False,False,,559,683,1
shrinking_b_decay_channels_4_r05,branch_count,cost_model_warm,1606,0,2,228524,0.0094107,True,False,False,,1,959,1
shrinking_b_decay_channels_4_r05,branch_count,timing,1606,0,3,228524,0.0221906,True,False,False,,1964,2,2
shrinking_b_decay_channels_4_r05,branch_count,timing_ovr1,1606,0,4,228524,0.0174751,True,False,False,,264,826,5
shrinking_b_decay_channels_4_r05,branch_count,timing_ovr2,1606,0,5,228524,0.0260225,True,False,False,,1040,449,4
shrinking_b_decay_channels_4_r05,branch_count,timing_ovr1_eager,1606,0,6,228524,0.0170231,True,False,False,,546,701,7
shrinking_b_decay_channels_4_r05,branch_count,T=100,1606,0,7,228524,0.0231895,True,False,False,,1131,414,1
shrinking_b_decay_channels_4_r05,branch_count,T=250,1606,0,8,228524,0.0176831,True,False,False,,1,959,1
shrinking_b_decay_channels_4_r05,branch_count,cost_model_cold,1606,1,0,228524,0.0189201,True,False,False,,559,683,1
shrinking_b_decay_channels_4_r05,branch_count,cost_model_warm,1606,1,1,228524,0.0177006,True,False,False,,1,959,1
shrinking_b_decay_channels_4_r05,branch_count,timing,1606,1,2,228524,0.0153183,True,False,False,,725,604,3
shrinking_b_decay_channels_4_r05,branch_count,timing_ovr1,1606,1,3,228524,0.0128442,True,False,False,,258,825,3
shrinking_b_decay_channels_4_r05,branch_count,timing_ovr2,1606,1,4,228524,0.0222716,True,False,False,,1140,410,3
shrinking_b_decay_channels_4_r05,branch_count,timing_ovr1_eager,1606,1,5,228524,0.0288381,True,False,False,,1341,297,10
shrinking_b_decay_channels_4_r05,branch_count,T=100,1606,1,6,228524,0.0222701,True,False,False,,1131,414,1
shrinking_b_decay_channels_4_r05,branch_count,T=250,1606,1,7,228524,0.0154847,True,False,False,,1,959,1
shrinking_b_decay_channels_4_r05,branch_count,T=400,1606,1,8,228524,0.0121856,True,False,False,,1,959,1
shrinking_b_decay_channels_4_r05,branch_count,cost_model_warm,1607,0,0,228524,0.0147563,True,False,False,,1,953,1
shrinking_b_decay_channels_4_r05,branch_count,timing,1607,0,1,228524,0.0200897,True,False,False,,770,602,3
shrinking_b_decay_channels_4_r05,branch_count,timing_ovr1,1607,0,2,228524,0.0308958,True,False,False,,1882,48,2
shrinking_b_decay_channels_4_r05,branch_count,timing_ovr2,1607,0,3,228524,0.0296043,True,False,False,,1989,2,2
shrinking_b_decay_channels_4_r05,branch_count,timing_ovr1_eager,1607,0,4,228524,0.0119892,True,False,False,,66,928,3
shrinking_b_decay_channels_4_r05,branch_count,T=100,1607,0,5,228524,0.0203614,True,False,False,,1151,412,1
shrinking_b_decay_channels_4_r05,branch_count,T=250,1607,0,6,228524,0.0171971,True,False,False,,1,953,1
shrinking_b_decay_channels_4_r05,branch_count,T=400,1607,0,7,228524,0.0124571,True,False,False,,1,953,1
shrinking_b_decay_channels_4_r05,branch_count,cost_model_cold,1607,0,8,228524,0.0171297,True,False,False,,575,686,1
shrinking_b_decay_channels_4_r05,branch_count,timing,1607,1,0,228524,0.0263783,True,False,False,,1671,148,4
shrinking_b_decay_channels_4_r05,branch_count,timing_ovr1,1607,1,1,228524,0.0297184,True,False,False,,1521,223,2
shrinking_b_decay_channels_4_r05,branch_count,timing_ovr2,1607,1,2,228524,0.0188181,True,False,False,,536,715,3
shrinking_b_decay_channels_4_r05,branch_count,timing_ovr1_eager,1607,1,3,228524,0.0173077,True,False,False,,78,921,5
shrinking_b_decay_channels_4_r05,branch_count,T=100,1607,1,4,228524,0.0228394,True,False,False,,1151,412,1
shrinking_b_decay_channels_4_r05,branch_count,T=250,1607,1,5,228524,0.0182693,True,False,False,,1,953,1
shrinking_b_decay_channels_4_r05,branch_count,T=400,1607,1,6,228524,0.0167368,True,False,False,,1,953,1
shrinking_b_decay_channels_4_r05,branch_count,cost_model_cold,1607,1,7,228524,0.0170437,True,False,False,,575,686,1
shrinking_b_decay_channels_4_r05,branch_count,cost_model_warm,1607,1,8,228524,0.0115994,True,False,False,,1,953,1
shrinking_b_decay_channels_4_r05,branch_count,timing_ovr1,1608,0,0,228524,0.0102368,True,False,False,,258,831,3
shrinking_b_decay_channels_4_r05,branch_count,timing_ovr2,1608,0,1,228524,0.0313539,True,False,False,,1947,7,4
shrinking_b_decay_channels_4_r05,branch_count,timing_ovr1_eager,1608,0,2,228524,0.0280766,True,False,False,,1142,406,6
shrinking_b_decay_channels_4_r05,branch_count,T=100,1608,0,3,228524,0.0196773,True,False,False,,1135,413,1
shrinking_b_decay_channels_4_r05,branch_count,T=250,1608,0,4,228524,0.0141606,True,False,False,,1,952,1
shrinking_b_decay_channels_4_r05,branch_count,T=400,1608,0,5,228524,0.0170533,True,False,False,,1,952,1
shrinking_b_decay_channels_4_r05,branch_count,cost_model_cold,1608,0,6,228524,0.0191661,True,False,False,,561,687,1
shrinking_b_decay_channels_4_r05,branch_count,cost_model_warm,1608,0,7,228524,0.0152519,True,False,False,,1,952,1
shrinking_b_decay_channels_4_r05,branch_count,timing,1608,0,8,228524,0.0316294,True,False,False,,1896,30,4
shrinking_b_decay_channels_4_r05,branch_count,timing_ovr2,1608,1,0,228524,0.0154087,True,False,False,,342,790,3
shrinking_b_decay_channels_4_r05,branch_count,timing_ovr1_eager,1608,1,1,228524,0.021745,True,False,False,,1034,466,7
shrinking_b_decay_channels_4_r05,branch_count,T=100,1608,1,2,228524,0.0186946,True,False,False,,1135,413,1
shrinking_b_decay_channels_4_r05,branch_count,T=250,1608,1,3,228524,0.0176241,True,False,False,,1,952,1
shrinking_b_decay_channels_4_r05,branch_count,T=400,1608,1,4,228524,0.0177821,True,False,False,,1,952,1
shrinking_b_decay_channels_4_r05,branch_count,cost_model_cold,1608,1,5,228524,0.0182962,True,False,False,,561,687,1
shrinking_b_decay_channels_4_r05,branch_count,cost_model_warm,1608,1,6,228524,0.0171613,True,False,False,,1,952,1
shrinking_b_decay_channels_4_r05,branch_count,timing,1608,1,7,228524,0.0286087,True,False,False,,1828,59,4
shrinking_b_decay_channels_4_r05,branch_count,timing_ovr1,1608,1,8,228524,0.0173776,True,False,False,,265,822,5
shrinking_b_decay_channels_4_r1,branch_count,timing_ovr1_eager,1601,0,0,914097,0.0451583,True,False,False,,1331,1272,11
shrinking_b_decay_channels_4_r1,branch_count,T=100,1601,0,1,914097,0.057224,True,False,False,,3115,407,1
shrinking_b_decay_channels_4_r1,branch_count,T=250,1601,0,2,914097,0.0472817,True,False,False,,1830,1031,1
shrinking_b_decay_channels_4_r1,branch_count,T=400,1601,0,3,914097,0.0655928,True,False,False,,540,1654,1
shrinking_b_decay_channels_4_r1,branch_count,cost_model_cold,1601,0,4,914097,0.0500987,True,False,False,,2560,679,1
shrinking_b_decay_channels_4_r1,branch_count,cost_model_warm,1601,0,5,914097,0.0493552,True,False,False,,1747,1071,1
shrinking_b_decay_channels_4_r1,branch_count,timing,1601,0,6,914097,0.0407662,True,False,False,,3923,2,2
shrinking_b_decay_channels_4_r1,branch_count,timing_ovr1,1601,0,7,914097,0.0525164,True,False,False,,347,1741,5
shrinking_b_decay_channels_4_r1,branch_count,timing_ovr2,1601,0,8,914097,0.0512813,True,False,False,,997,1443,3
shrinking_b_decay_channels_4_r1,branch_count,T=100,1601,1,0,914097,0.0572008,True,False,False,,3115,407,1
shrinking_b_decay_channels_4_r1,branch_count,T=250,1601,1,1,914097,0.0503267,True,False,False,,1830,1031,1
shrinking_b_decay_channels_4_r1,branch_count,T=400,1601,1,2,914097,0.0295199,True,False,False,,540,1654,1
shrinking_b_decay_channels_4_r1,branch_count,cost_model_cold,1601,1,3,914097,0.0345192,True,False,False,,2560,679,1
shrinking_b_decay_channels_4_r1,branch_count,cost_model_warm,1601,1,4,914097,0.0319086,True,False,False,,1747,1071,1
shrinking_b_decay_channels_4_r1,branch_count,timing,1601,1,5,914097,0.0385785,True,False,False,,2192,862,5
shrinking_b_decay_channels_4_r1,branch_count,timing_ovr1,1601,1,6,914097,0.0506828,True,False,False,,291,1779,3
shrinking_b_decay_channels_4_r1,branch_count,timing_ovr2,1601,1,7,914097,0.0552424,True,False,False,,608,1626,3
shrinking_b_decay_channels_4_r1,branch_count,timing_ovr1_eager,1601,1,8,914097,0.0566049,True,False,False,,632,1608,17
shrinking_b_decay_channels_4_r1,branch_count,T=250,1602,0,0,914097,0.0513714,True,False,False,,1831,1033,1
shrinking_b_decay_channels_4_r1,branch_count,T=400,1602,0,1,914097,0.0470479,True,False,False,,545,1649,1
shrinking_b_decay_channels_4_r1,branch_count,cost_model_cold,1602,0,2,914097,0.0493186,True,False,False,,2535,680,1
shrinking_b_decay_channels_4_r1,branch_count,cost_model_warm,1602,0,3,914097,0.0495715,True,False,False,,1754,1072,1
shrinking_b_decay_channels_4_r1,branch_count,timing,1602,0,4,914097,0.0410288,True,False,False,,3903,2,2
shrinking_b_decay_channels_4_r1,branch_count,timing_ovr1,1602,0,5,914097,0.0441293,True,False,False,,3762,66,4
shrinking_b_decay_channels_4_r1,branch_count,timing_ovr2,1602,0,6,914097,0.0608184,True,False,False,,3846,4,4
shrinking_b_decay_channels_4_r1,branch_count,timing_ovr1_eager,1602,0,7,914097,0.0591745,True,False,False,,940,1452,13
shrinking_b_decay_channels_4_r1,branch_count,T=100,1602,0,8,914097,0.0528609,True,False,False,,3121,408,1
shrinking_b_decay_channels_4_r1,branch_count,T=400,1602,1,0,914097,0.0517349,True,False,False,,545,1649,1
shrinking_b_decay_channels_4_r1,branch_count,cost_model_cold,1602,1,1,914097,0.0497398,True,False,False,,2535,680,1
shrinking_b_decay_channels_4_r1,branch_count,cost_model_warm,1602,1,2,914097,0.0437582,True,False,False,,1754,1072,1
shrinking_b_decay_channels_4_r1,branch_count,timing,1602,1,3,914097,0.0650427,True,False,False,,3903,2,2
shrinking_b_decay_channels_4_r1,branch_count,timing_ovr1,1602,1,4,914097,0.0669066,True,False,False,,3704,136,6
shrinking_b_decay_channels_4_r1,branch_count,timing_ovr2,1602,1,5,914097,0.0654441,True,False,False,,3361,289,4
shrinking_b_decay_channels_4_r1,branch_count,timing_ovr1_eager,1602,1,6,914097,0.0590977,True,False,False,,1124,1360,11
shrinking_b_decay_channels_4_r1,branch_count,T=100,1602,1,7,914097,0.0589805,True,False,False,,3121,408,1
shrinking_b_decay_channels_4_r1,branch_count,T=250,1602,1,8,914097,0.0502623,True,False,False,,1831,1033,1
shrinking_b_decay_channels_4_r1,branch_count,cost_model_cold,1603,0,0,914097,0.04419,True,False,False,,2525,677,1
shrinking_b_decay_channels_4_r1,branch_count,cost_model_warm,1603,0,1,914097,0.0446746,True,False,False,,1714,1070,1
shrinking_b_decay_channels_4_r1,branch_count,timing,1603,0,2,914097,0.0311017,True,False,False,,3695,75,4
shrinking_b_decay_channels_4_r1,branch_count,timing_ovr1,1603,0,3,914097,0.0544823,True,False,False,,671,1579,3
shrinking_b_decay_channels_4_r1,branch_count,timing_ovr2,1603,0,4,914097,0.034834,True,False,False,,1399,1221,3
shrinking_b_decay_channels_4_r1,branch_count,timing_ovr1_eager,1603,0,5,914097,0.0375393,True,False,False,,1980,952,17
shrinking_b_decay_channels_4_r1,branch_count,T=100,1603,0,6,914097,0.0266597,True,False,False,,3086,408,1
shrinking_b_decay_channels_4_r1,branch_count,T=250,1603,0,7,914097,0.0414836,True,False,False,,1795,1030,1
shrinking_b_decay_channels_4_r1,branch_count,T=400,1603,0,8,914097,0.0543526,True,False,False,,531,1648,1
shrinking_b_decay_channels_4_r1,branch_count,cost_model_warm,1603,1,0,914097,0.050059,True,False,False,,1714,1070,1
shrinking_b_decay_channels_4_r1,branch_count,timing,1603,1,1,914097,0.0558656,True,False,False,,513,1657,3
shrinking_b_decay_channels_4_r1,branch_count,timing_ovr1,1603,1,2,914097,0.0595743,True,False,False,,396,1722,5
shrinking_b_decay_channels_4_r1,branch_count,timing_ovr2,1603,1,3,914097,0.0519874,True,False,False,,653,1586,3
shrinking_b_decay_channels_4_r1,branch_count,timing_ovr1_eager,1603,1,4,914097,0.0604853,True,False,False,,234,1795,9
shrinking_b_decay_channels_4_r1,branch_count,T=100,1603,1,5,914097,0.0479474,True,False,False,,3086,408,1
shrinking_b_decay_channels_4_r1,branch_count,T=250,1603,1,6,914097,0.0536592,True,False,False,,1795,1030,1
shrinking_b_decay_channels_4_r1,branch_count,T=400,1603,1,7,914097,0.0474418,True,False,False,,531,1648,1
shrinking_b_decay_channels_4_r1,branch_count,cost_model_cold,1603,1,8,914097,0.0470947,True,False,False,,2525,677,1
shrinking_b_decay_channels_4_r1,branch_count,timing,1604,0,0,914097,0.0437693,True,False,False,,3937,5,4
shrinking_b_decay_channels_4_r1,branch_count,timing_ovr1,1604,0,1,914097,0.0508354,True,False,False,,1206,1334,5
shrinking_b_decay_channels_4_r1,branch_count,timing_ovr2,1604,0,2,914097,0.065413,True,False,False,,3898,2,2
shrinking_b_decay_channels_4_r1,branch_count,timing_ovr1_eager,1604,0,3,914097,0.0541442,True,False,False,,1247,1298,15
shrinking_b_decay_channels_4_r1,branch_count,T=100,1604,0,4,914097,0.0567799,True,False,False,,3076,409,1
shrinking_b_decay_channels_4_r1,branch_count,T=250,1604,0,5,914097,0.0504229,True,False,False,,1794,1030,1
shrinking_b_decay_channels_4_r1,branch_count,T=400,1604,0,6,914097,0.0579691,True,False,False,,538,1653,1
shrinking_b_decay_channels_4_r1,branch_count,cost_model_cold,1604,0,7,914097,0.0411829,True,False,False,,2529,681,1
shrinking_b_decay_channels_4_r1,branch_count,cost_model_warm,1604,0,8,914097,0.035958,True,False,False,,1711,1074,1
shrinking_b_decay_channels_4_r1,branch_count,timing_ovr1,1604,1,0,914097,0.058322,True,False,False,,345,1743,9
shrinking_b_decay_channels_4_r1,branch_count,timing_ovr2,1604,1,1,914097,0.0654421,True,False,False,,3898,2,2
shrinking_b_decay_channels_4_r1,branch_count,timing_ovr1_eager,1604,1,2,914097,0.0494003,True,False,False,,3531,186,22
shrinking_b_decay_channels_4_r1,branch_count,T=100,1604,1,3,914097,0.0466756,True,False,False,,3076,409,1
shrinking_b_decay_channels_4_r1,branch_count,T=250,1604,1,4,914097,0.0513238,True,False,False,,1794,1030,1
shrinking_b_decay_channels_4_r1,branch_count,T=400,1604,1,5,914097,0.0540239,True,False,False,,538,1653,1
shrinking_b_decay_channels_4_r1,branch_count,cost_model_cold,1604,1,6,914097,0.0543842,True,False,False,,2529,681,1
shrinking_b_decay_channels_4_r1,branch_count,cost_model_warm,1604,1,7,914097,0.0515693,True,False,False,,1711,1074,1
shrinking_b_decay_channels_4_r1,branch_count,timing,1604,1,8,914097,0.0560369,True,False,False,,3898,2,2
shrinking_b_decay_channels_4_r1,branch_count,timing_ovr2,1605,0,0,914097,0.0599248,True,False,False,,748,1557,5
shrinking_b_decay_channels_4_r1,branch_count,timing_ovr1_eager,1605,0,1,914097,0.0584855,True,False,False,,175,1823,15
shrinking_b_decay_channels_4_r1,branch_count,T=100,1605,0,2,914097,0.0550634,True,False,False,,3135,408,1
shrinking_b_decay_channels_4_r1,branch_count,T=250,1605,0,3,914097,0.0507433,True,False,False,,1831,1026,1
shrinking_b_decay_channels_4_r1,branch_count,T=400,1605,0,4,914097,0.0558162,True,False,False,,529,1647,1
shrinking_b_decay_channels_4_r1,branch_count,cost_model_cold,1605,0,5,914097,0.057222,True,False,False,,2573,682,1
shrinking_b_decay_channels_4_r1,branch_count,cost_model_warm,1605,0,6,914097,0.0475607,True,False,False,,1744,1078,1
shrinking_b_decay_channels_4_r1,branch_count,timing,1605,0,7,914097,0.0615595,True,False,False,,3937,2,2
shrinking_b_decay_channels_4_r1,branch_count,timing_ovr1,1605,0,8,914097,0.0593802,True,False,False,,260,1786,3
shrinking_b_decay_channels_4_r1,branch_count,timing_ovr1_eager,1605,1,0,914097,0.0618225,True,False,False,,258,1784,13
shrinking_b_decay_channels_4_r1,branch_count,T=100,1605,1,1,914097,0.0548126,True,False,False,,3135,408,1
shrinking_b_decay_channels_4_r1,branch_count,T=250,1605,1,2,914097,0.0509668,True,False,False,,1831,1026,1
shrinking_b_decay_channels_4_r1,branch_count,T=400,1605,1,3,914097,0.058016,True,False,False,,529,1647,1
shrinking_b_decay_channels_4_r1,branch_count,cost_model_cold,1605,1,4,914097,0.0589577,True,False,False,,2573,682,1
shrinking_b_decay_channels_4_r1,branch_count,cost_model_warm,1605,1,5,914097,0.0480532,True,False,False,,1744,1078,1
shrinking_b_decay_channels_4_r1,branch_count,timing,1605,1,6,914097,0.0504111,True,False,False,,3937,2,2
shrinking_b_decay_channels_4_r1,branch_count,timing_ovr1,1605,1,7,914097,0.0595677,True,False,False,,263,1782,5
shrinking_b_decay_channels_4_r1,branch_count,timing_ovr2,1605,1,8,914097,0.0372781,True,False,False,,441,1699,3
shrinking_b_decay_channels_4_r1,branch_count,T=100,1606,0,0,914097,0.0380959,True,False,False,,3112,404,1
shrinking_b_decay_channels_4_r1,branch_count,T=250,1606,0,1,914097,0.0429583,True,False,False,,1829,1031,1
shrinking_b_decay_channels_4_r1,branch_count,T=400,1606,0,2,914097,0.0365412,True,False,False,,533,1659,1
shrinking_b_decay_channels_4_r1,branch_count,cost_model_cold,1606,0,3,914097,0.0538355,True,False,False,,2554,679,1
shrinking_b_decay_channels_4_r1,branch_count,cost_model_warm,1606,0,4,914097,0.0506292,True,False,False,,1746,1074,1
shrinking_b_decay_channels_4_r1,branch_count,timing,1606,0,5,914097,0.058944,True,False,False,,3833,39,4
shrinking_b_decay_channels_4_r1,branch_count,timing_ovr1,1606,0,6,914097,0.0731274,True,False,False,,3869,44,10
shrinking_b_decay_channels_4_r1,branch_count,timing_ovr2,1606,0,7,914097,0.058421,True,False,False,,2432,734,5
shrinking_b_decay_channels_4_r1,branch_count,timing_ovr1_eager,1606,0,8,914097,0.0617063,True,False,False,,241,1792,11
shrinking_b_decay_channels_4_r1,branch_count,T=250,1606,1,0,914097,0.0523558,True,False,False,,1829,1031,1
shrinking_b_decay_channels_4_r1,branch_count,T=400,1606,1,1,914097,0.0583056,True,False,False,,533,1659,1
shrinking_b_decay_channels_4_r1,branch_count,cost_model_cold,1606,1,2,914097,0.035757,True,False,False,,2554,679,1
shrinking_b_decay_channels_4_r1,branch_count,cost_model_warm,1606,1,3,914097,0.0356626,True,False,False,,1746,1074,1
shrinking_b_decay_channels_4_r1,branch_count,timing,1606,1,4,914097,0.0463282,True,False,False,,3922,2,2
shrinking_b_decay_channels_4_r1,branch_count,timing_ovr1,1606,1,5,914097,0.0405149,True,False,False,,3303,287,4
shrinking_b_decay_channels_4_r1,branch_count,timing_ovr2,1606,1,6,914097,0.0495432,True,False,False,,1238,1294,3
shrinking_b_decay_channels_4_r1,branch_count,timing_ovr1_eager,1606,1,7,914097,0.0360167,True,False,False,,1793,1052,19
shrinking_b_decay_channels_4_r1,branch_count,T=100,1606,1,8,914097,0.0353355,True,False,False,,3112,404,1
shrinking_b_decay_channels_4_r1,branch_count,T=400,1607,0,0,914097,0.0312284,True,False,False,,509,1652,1
shrinking_b_decay_channels_4_r1,branch_count,cost_model_cold,1607,0,1,914097,0.048129,True,False,False,,2511,680,1
shrinking_b_decay_channels_4_r1,branch_count,cost_model_warm,1607,0,2,914097,0.0502991,True,False,False,,1694,1074,1
shrinking_b_decay_channels_4_r1,branch_count,timing,1607,0,3,914097,0.043106,True,False,False,,3959,2,2
shrinking_b_decay_channels_4_r1,branch_count,timing_ovr1,1607,0,4,914097,0.0522056,True,False,False,,571,1616,9
shrinking_b_decay_channels_4_r1,branch_count,timing_ovr2,1607,0,5,914097,0.0650014,True,False,False,,3959,2,2
shrinking_b_decay_channels_4_r1,branch_count,timing_ovr1_eager,1607,0,6,914097,0.0595303,True,False,False,,1128,1352,13
shrinking_b_decay_channels_4_r1,branch_count,T=100,1607,0,7,914097,0.0547495,True,False,False,,3080,407,1
shrinking_b_decay_channels_4_r1,branch_count,T=250,1607,0,8,914097,0.0485706,True,False,False,,1785,1030,1
shrinking_b_decay_channels_4_r1,branch_count,cost_model_cold,1607,1,0,914097,0.049484,True,False,False,,2511,680,1
shrinking_b_decay_channels_4_r1,branch_count,cost_model_warm,1607,1,1,914097,0.0363519,True,False,False,,1694,1074,1
shrinking_b_decay_channels_4_r1,branch_count,timing,1607,1,2,914097,0.0325202,True,False,False,,1782,1044,3
shrinking_b_decay_channels_4_r1,branch_count,timing_ovr1,1607,1,3,914097,0.0538368,True,False,False,,2168,845,4
shrinking_b_decay_channels_4_r1,branch_count,timing_ovr2,1607,1,4,914097,0.046165,True,False,False,,895,1477,3
shrinking_b_decay_channels_4_r1,branch_count,timing_ovr1_eager,1607,1,5,914097,0.0475023,True,False,False,,2638,614,27
shrinking_b_decay_channels_4_r1,branch_count,T=100,1607,1,6,914097,0.0417241,True,False,False,,3080,407,1
shrinking_b_decay_channels_4_r1,branch_count,T=250,1607,1,7,914097,0.0514574,True,False,False,,1785,1030,1
shrinking_b_decay_channels_4_r1,branch_count,T=400,1607,1,8,914097,0.051489,True,False,False,,509,1652,1
shrinking_b_decay_channels_4_r1,branch_count,cost_model_warm,1608,0,0,914097,0.05031,True,False,False,,1729,1070,1
shrinking_b_decay_channels_4_r1,branch_count,timing,1608,0,1,914097,0.0502154,True,False,False,,473,1684,3
shrinking_b_decay_channels_4_r1,branch_count,timing_ovr1,1608,0,2,914097,0.0396917,True,False,False,,3895,38,4
shrinking_b_decay_channels_4_r1,branch_count,timing_ovr2,1608,0,3,914097,0.0525987,True,False,False,,3783,58,4
shrinking_b_decay_channels_4_r1,branch_count,timing_ovr1_eager,1608,0,4,914097,0.0490712,True,False,False,,1008,1416,13
shrinking_b_decay_channels_4_r1,branch_count,T=100,1608,0,5,914097,0.0391801,True,False,False,,3122,405,1
shrinking_b_decay_channels_4_r1,branch_count,T=250,1608,0,6,914097,0.0467004,True,False,False,,1819,1030,1
shrinking_b_decay_channels_4_r1,branch_count,T=400,1608,0,7,914097,0.0555781,True,False,False,,521,1646,1
shrinking_b_decay_channels_4_r1,branch_count,cost_model_cold,1608,0,8,914097,0.0466949,True,False,False,,2555,677,1
shrinking_b_decay_channels_4_r1,branch_count,timing,1608,1,0,914097,0.0338676,True,False,False,,2679,630,3
shrinking_b_decay_channels_4_r1,branch_count,timing_ovr1,1608,1,1,914097,0.0562053,True,False,False,,283,1771,3
shrinking_b_decay_channels_4_r1,branch_count,timing_ovr2,1608,1,2,914097,0.0476543,True,False,False,,3910,5,4
shrinking_b_decay_channels_4_r1,branch_count,timing_ovr1_eager,1608,1,3,914097,0.0489083,True,False,False,,1493,1174,21
shrinking_b_decay_channels_4_r1,branch_count,T=100,1608,1,4,914097,0.0345347,True,False,False,,3122,405,1
shrinking_b_decay_channels_4_r1,branch_count,T=250,1608,1,5,914097,0.0329264,True,False,False,,1819,1030,1
shrinking_b_decay_channels_4_r1,branch_count,T=400,1608,1,6,914097,0.0334604,True,False,False,,521,1646,1
shrinking_b_decay_channels_4_r1,branch_count,cost_model_cold,1608,1,7,914097,0.0515835,True,False,False,,2555,677,1
shrinking_b_decay_channels_4_r1,branch_count,cost_model_warm,1608,1,8,914097,0.0475195,True,False,False,,1729,1070,1
shrinking_b_decay_channels_4_r2,branch_count,timing_ovr1,1601,0,0,3656389,0.1086339,True,False,False,,3955,1875,3
shrinking_b_decay_channels_4_r2,branch_count,timing_ovr2,1601,0,1,3656389,0.1495547,True,False,False,,2825,2430,3
shrinking_b_decay_channels_4_r2,branch_count,timing_ovr1_eager,1601,0,2,3656389,0.1369393,True,False,False,,2276,2700,23
shrinking_b_decay_channels_4_r2,branch_count,T=100,1601,0,3,3656389,0.1350323,True,False,False,,7120,398,1
shrinking_b_decay_channels_4_r2,branch_count,T=250,1601,0,4,3656389,0.0822752,True,False,False,,5773,1017,1
shrinking_b_decay_channels_4_r2,branch_count,T=400,1601,0,5,3656389,0.1249815,True,False,False,,4454,1640,1
shrinking_b_decay_channels_4_r2,branch_count,cost_model_cold,1601,0,6,3656389,0.1198989,True,False,False,,6539,670,1
shrinking_b_decay_channels_4_r2,branch_count,cost_model_warm,1601,0,7,3656389,0.0906855,True,False,False,,5686,1062,1
shrinking_b_decay_channels_4_r2,branch_count,timing,1601,0,8,3656389,0.1195164,True,False,False,,7883,2,2
shrinking_b_decay_channels_4_r2,branch_count,timing_ovr2,1601,1,0,3656389,0.1252425,True,False,False,,7883,2,2
shrinking_b_decay_channels_4_r2,branch_count,timing_ovr1_eager,1601,1,1,3656389,0.1270133,True,False,False,,4271,1747,27
shrinking_b_decay_channels_4_r2,branch_count,T=100,1601,1,2,3656389,0.1161776,True,False,False,,7120,398,1
shrinking_b_decay_channels_4_r2,branch_count,T=250,1601,1,3,3656389,0.1091742,True,False,False,,5773,1017,1
shrinking_b_decay_channels_4_r2,branch_count,T=400,1601,1,4,3656389,0.0995977,True,False,False,,4454,1640,1
shrinking_b_decay_channels_4_r2,branch_count,cost_model_cold,1601,1,5,3656389,0.1159617,True,False,False,,6539,670,1
shrinking_b_decay_channels_4_r2,branch_count,cost_model_warm,1601,1,6,3656389,0.0775558,True,False,False,,5686,1062,1
shrinking_b_decay_channels_4_r2,branch_count,timing,1601,1,7,3656389,0.1154219,True,False,False,,7883,2,2
shrinking_b_decay_channels_4_r2,branch_count,timing_ovr1,1601,1,8,3656389,0.131314,True,False,False,,7374,164,8
shrinking_b_decay_channels_4_r2,branch_count,timing_ovr1_eager,1602,0,0,3656389,0.0848282,True,False,False,,5502,1113,33
shrinking_b_decay_channels_4_r2,branch_count,T=100,1602,0,1,3656389,0.1139891,True,False,False,,7131,393,1
shrinking_b_decay_channels_4_r2,branch_count,T=250,1602,0,2,3656389,0.1100429,True,False,False,,5850,1018,1
shrinking_b_decay_channels_4_r2,branch_count,T=400,1602,0,3,3656389,0.1199471,True,False,False,,4543,1639,1
shrinking_b_decay_channels_4_r2,branch_count,cost_model_cold,1602,0,4,3656389,0.0776916,True,False,False,,6565,665,1
shrinking_b_decay_channels_4_r2,branch_count,cost_model_warm,1602,0,5,3656389,0.089708,True,False,False,,5761,1056,1
shrinking_b_decay_channels_4_r2,branch_count,timing,1602,0,6,3656389,0.1280118,True,False,False,,7866,2,2
shrinking_b_decay_channels_4_r2,branch_count,timing_ovr1,1602,0,7,3656389,0.1272156,True,False,False,,1235,3216,3
shrinking_b_decay_channels_4_r2,branch_count,timing_ovr2,1602,0,8,3656389,0.1373052,True,False,False,,3846,1955,3
shrinking_b_decay_channels_4_r2,branch_count,T=100,1602,1,0,3656389,0.1321763,True,False,False,,7131,393,1
shrinking_b_decay_channels_4_r2,branch_count,T=250,1602,1,1,3656389,0.1134504,True,False,False,,5850,1018,1
shrinking_b_decay_channels_4_r2,branch_count,T=400,1602,1,2,3656389,0.1006048,True,False,False,,4543,1639,1
shrinking_b_decay_channels_4_r2,branch_count,cost_model_cold,1602,1,3,3656389,0.104278,True,False,False,,6565,665,1
shrinking_b_decay_channels_4_r2,branch_count,cost_model_warm,1602,1,4,3656389,0.0896222,True,False,False,,5761,1056,1
shrinking_b_decay_channels_4_r2,branch_count,timing,1602,1,5,3656389,0.1203772,True,False,False,,7866,2,2
shrinking_b_decay_channels_4_r2,branch_count,timing_ovr1,1602,1,6,3656389,0.1842056,True,False,False,,1326,3185,5
shrinking_b_decay_channels_4_r2,branch_count,timing_ovr2,1602,1,7,3656389,0.1287353,True,False,False,,4594,1594,3
shrinking_b_decay_channels_4_r2,branch_count,timing_ovr1_eager,1602,1,8,3656389,0.1695905,True,False,False,,1445,3123,23
shrinking_b_decay_channels_4_r2,branch_count,T=250,1603,0,0,3656389,0.1211478,True,False,False,,5764,1014,1
shrinking_b_decay_channels_4_r2,branch_count,T=400,1603,0,1,3656389,0.11339,True,False,False,,4463,1638,1
shrinking_b_decay_channels_4_r2,branch_count,cost_model_cold,1603,0,2,3656389,0.1156505,True,False,False,,6481,666,1
shrinking_b_decay_channels_4_r2,branch_count,cost_model_warm,1603,0,3,3656389,0.1155696,True,False,False,,5681,1058,1
shrinking_b_decay_channels_4_r2,branch_count,timing,1603,0,4,3656389,0.0917715,True,False,False,,7848,2,2
shrinking_b_decay_channels_4_r2,branch_count,timing_ovr1,1603,0,5,3656389,0.1141509,True,False,False,,3570,2069,7
shrinking_b_decay_channels_4_r2,branch_count,timing_ovr2,1603,0,6,3656389,0.0839964,True,False,False,,7848,2,2
shrinking_b_decay_channels_4_r2,branch_count,timing_ovr1_eager,1603,0,7,3656389,0.1192767,True,False,False,,2333,2671,21
shrinking_b_decay_channels_4_r2,branch_count,T=100,1603,0,8,3656389,0.0909296,True,False,False,,7051,394,1
shrinking_b_decay_channels_4_r2,branch_count,T=400,1603,1,0,3656389,0.119527,True,False,False,,4463,1638,1
shrinking_b_decay_channels_4_r2,branch_count,cost_model_cold,1603,1,1,3656389,0.1157604,True,False,False,,6481,666,1
shrinking_b_decay_channels_4_r2,branch_count,cost_model_warm,1603,1,2,3656389,0.1142626,True,False,False,,5681,1058,1
shrinking_b_decay_channels_4_r2,branch_count,timing,1603,1,3,3656389,0.1203098,True,False,False,,7848,2,2
shrinking_b_decay_channels_4_r2,branch_count,timing_ovr1,1603,1,4,3656389,0.1227374,True,False,False,,7848,2,2
shrinking_b_decay_channels_4_r2,branch_count,timing_ovr2,1603,1,5,3656389,0.1274564,True,False,False,,7848,2,2
shrinking_b_decay_channels_4_r2,branch_count,timing_ovr1_eager,1603,1,6,3656389,0.1064695,True,False,False,,2963,2382,25
shrinking_b_decay_channels_4_r2,branch_count,T=100,1603,1,7,3656389,0.1038454,True,False,False,,7051,394,1
shrinking_b_decay_channels_4_r2,branch_count,T=250,1603,1,8,3656389,0.1201861,True,False,False,,5764,1014,1
shrinking_b_decay_channels_4_r2,branch_count,cost_model_cold,1604,0,0,3656389,0.1092019,True,False,False,,6451,665,1
shrinking_b_decay_channels_4_r2,branch_count,cost_model_warm,1604,0,1,3656389,0.101946,True,False,False,,5634,1056,1
shrinking_b_decay_channels_4_r2,branch_count,timing,1604,0,2,3656389,0.1091714,True,False,False,,7862,2,2
shrinking_b_decay_channels_4_r2,branch_count,timing_ovr1,1604,0,3,3656389,0.1889756,True,False,False,,680,3483,3
shrinking_b_decay_channels_4_r2,branch_count,timing_ovr2,1604,0,4,3656389,0.1319665,True,False,False,,7862,2,2
shrinking_b_decay_channels_4_r2,branch_count,timing_ovr1_eager,1604,0,5,3656389,0.1693787,True,False,False,,1171,3256,21
shrinking_b_decay_channels_4_r2,branch_count,T=100,1604,0,6,3656389,0.0706492,True,False,False,,7021,395,1
shrinking_b_decay_channels_4_r2,branch_count,T=250,1604,0,7,3656389,0.0966027,True,False,False,,5711,1015,1
shrinking_b_decay_channels_4_r2,branch_count,T=400,1604,0,8,3656389,0.1210526,True,False,False,,4435,1639,1
shrinking_b_decay_channels_4_r2,branch_count,cost_model_warm,1604,1,0,3656389,0.11335,True,False,False,,5634,1056,1
shrinking_b_decay_channels_4_r2,branch_count,timing,1604,1,1,3656389,0.1228197,True,False,False,,7862,2,2
shrinking_b_decay_channels_4_r2,branch_count,timing_ovr1,1604,1,2,3656389,0.214893,True,False,False,,4651,1547,10
shrinking_b_decay_channels_4_r2,branch_count,timing_ovr2,1604,1,3,3656389,0.1574215,True,False,False,,2234,2730,3
shrinking_b_decay_channels_4_r2,branch_count,timing_ovr1_eager,1604,1,4,3656389,0.2255384,True,False,False,,497,3579,19
shrinking_b_decay_channels_4_r2,branch_count,T=100,1604,1,5,3656389,0.1242244,True,False,False,,7021,395,1
shrinking_b_decay_channels_4_r2,branch_count,T=250,1604,1,6,3656389,0.0969372,True,False,False,,5711,1015,1
shrinking_b_decay_channels_4_r2,branch_count,T=400,1604,1,7,3656389,0.0945348,True,False,False,,4435,1639,1
shrinking_b_decay_channels_4_r2,branch_count,cost_model_cold,1604,1,8,3656389,0.120758,True,False,False,,6451,665,1
shrinking_b_decay_channels_4_r2,branch_count,timing,1605,0,0,3656389,0.1315668,True,False,False,,7867,2,2
shrinking_b_decay_channels_4_r2,branch_count,timing_ovr1,1605,0,1,3656389,0.1992918,True,False,False,,262,3676,3
shrinking_b_decay_channels_4_r2,branch_count,timing_ovr2,1605,0,2,3656389,0.105672,True,False,False,,7867,2,2
shrinking_b_decay_channels_4_r2,branch_count,timing_ovr1_eager,1605,0,3,3656389,0.1928552,True,False,False,,1562,3078,21
shrinking_b_decay_channels_4_r2,branch_count,T=100,1605,0,4,3656389,0.1205257,True,False,False,,7089,394,1
shrinking_b_decay_channels_4_r2,branch_count,T=250,1605,0,5,3656389,0.1139962,True,False,False,,5771,1016,1
shrinking_b_decay_channels_4_r2,branch_count,T=400,1605,0,6,3656389,0.1211825,True,False,False,,4452,1639,1
shrinking_b_decay_channels_4_r2,branch_count,cost_model_cold,1605,0,7,3656389,0.1223518,True,False,False,,6534,669,1
shrinking_b_decay_channels_4_r2,branch_count,cost_model_warm,1605,0,8,3656389,0.0908061,True,False,False,,5669,1057,1
shrinking_b_decay_channels_4_r2,branch_count,timing_ovr1,1605,1,0,3656389,0.1441109,True,False,False,,1572,3053,3
shrinking_b_decay_channels_4_r2,branch_count,timing_ovr2,1605,1,1,3656389,0.0917183,True,False,False,,7867,2,2
shrinking_b_decay_channels_4_r2,branch_count,timing_ovr1_eager,1605,1,2,3656389,0.2265394,True,False,False,,3257,2265,26
shrinking_b_decay_channels_4_r2,branch_count,T=100,1605,1,3,3656389,0.1115714,True,False,False,,7089,394,1
shrinking_b_decay_channels_4_r2,branch_count,T=250,1605,1,4,3656389,0.0862646,True,False,False,,5771,1016,1
shrinking_b_decay_channels_4_r2,branch_count,T=400,1605,1,5,3656389,0.0943768,True,False,False,,4452,1639,1
shrinking_b_decay_channels_4_r2,branch_count,cost_model_cold,1605,1,6,3656389,0.1173536,True,False,False,,6534,669,1
shrinking_b_decay_channels_4_r2,branch_count,cost_model_warm,1605,1,7,3656389,0.1243389,True,False,False,,5669,1057,1
shrinking_b_decay_channels_4_r2,branch_count,timing,1605,1,8,3656389,0.1350281,True,False,False,,7867,2,2
shrinking_b_decay_channels_4_r2,branch_count,timing_ovr2,1606,0,0,3656389,0.1039426,True,False,False,,7925,2,2
shrinking_b_decay_channels_4_r2,branch_count,timing_ovr1_eager,1606,0,1,3656389,0.1442521,True,False,False,,5049,1356,31
shrinking_b_decay_channels_4_r2,branch_count,T=100,1606,0,2,3656389,0.1216573,True,False,False,,7107,393,1
shrinking_b_decay_channels_4_r2,branch_count,T=250,1606,0,3,3656389,0.0776388,True,False,False,,5821,1015,1
shrinking_b_decay_channels_4_r2,branch_count,T=400,1606,0,4,3656389,0.0818701,True,False,False,,4498,1643,1
shrinking_b_decay_channels_4_r2,branch_count,cost_model_cold,1606,0,5,3656389,0.0851946,True,False,False,,6551,665,1
shrinking_b_decay_channels_4_r2,branch_count,cost_model_warm,1606,0,6,3656389,0.0988147,True,False,False,,5732,1058,1
shrinking_b_decay_channels_4_r2,branch_count,timing,1606,0,7,3656389,0.0922845,True,False,False,,7925,2,2
shrinking_b_decay_channels_4_r2,branch_count,timing_ovr1,1606,0,8,3656389,0.1371792,True,False,False,,7925,2,2
shrinking_b_decay_channels_4_r2,branch_count,timing_ovr1_eager,1606,1,0,3656389,0.2144625,True,False,False,,1319,3182,23
shrinking_b_decay_channels_4_r2,branch_count,T=100,1606,1,1,3656389,0.1022143,True,False,False,,7107,393,1
shrinking_b_decay_channels_4_r2,branch_count,T=250,1606,1,2,3656389,0.1062344,True,False,False,,5821,1015,1
shrinking_b_decay_channels_4_r2,branch_count,T=400,1606,1,3,3656389,0.1235299,True,False,False,,4498,1643,1
shrinking_b_decay_channels_4_r2,branch_count,cost_model_cold,1606,1,4,3656389,0.1206082,True,False,False,,6551,665,1
shrinking_b_decay_channels_4_r2,branch_count,cost_model_warm,1606,1,5,3656389,0.0832531,True,False,False,,5732,1058,1
shrinking_b_decay_channels_4_r2,branch_count,timing,1606,1,6,3656389,0.134693,True,False,False,,7925,2,2
shrinking_b_decay_channels_4_r2,branch_count,timing_ovr1,1606,1,7,3656389,0.1849969,True,False,False,,1802,2947,5
shrinking_b_decay_channels_4_r2,branch_count,timing_ovr2,1606,1,8,3656389,0.1150754,True,False,False,,7900,5,4
shrinking_b_decay_channels_4_r2,branch_count,T=100,1607,0,0,3656389,0.1354498,True,False,False,,7094,393,1
shrinking_b_decay_channels_4_r2,branch_count,T=250,1607,0,1,3656389,0.077697,True,False,False,,5798,1018,1
shrinking_b_decay_channels_4_r2,branch_count,T=400,1607,0,2,3656389,0.0861875,True,False,False,,4512,1642,1
shrinking_b_decay_channels_4_r2,branch_count,cost_model_cold,1607,0,3,3656389,0.1214104,True,False,False,,6547,667,1
shrinking_b_decay_channels_4_r2,branch_count,cost_model_warm,1607,0,4,3656389,0.0978652,True,False,False,,5723,1057,1
shrinking_b_decay_channels_4_r2,branch_count,timing,1607,0,5,3656389,0.090697,True,False,False,,7907,30,4
shrinking_b_decay_channels_4_r2,branch_count,timing_ovr1,1607,0,6,3656389,0.0970843,True,False,False,,7449,207,4
shrinking_b_decay_channels_4_r2,branch_count,timing_ovr2,1607,0,7,3656389,0.0912791,True,False,False,,7899,2,2
shrinking_b_decay_channels_4_r2,branch_count,timing_ovr1_eager,1607,0,8,3656389,0.1553624,True,False,False,,3080,2332,25
shrinking_b_decay_channels_4_r2,branch_count,T=250,1607,1,0,3656389,0.1186253,True,False,False,,5798,1018,1
shrinking_b_decay_channels_4_r2,branch_count,T=400,1607,1,1,3656389,0.1114758,True,False,False,,4512,1642,1
shrinking_b_decay_channels_4_r2,branch_count,cost_model_cold,1607,1,2,3656389,0.0995078,True,False,False,,6547,667,1
shrinking_b_decay_channels_4_r2,branch_count,cost_model_warm,1607,1,3,3656389,0.1004835,True,False,False,,5723,1057,1
shrinking_b_decay_channels_4_r2,branch_count,timing,1607,1,4,3656389,0.1122411,True,False,False,,7899,2,2
shrinking_b_decay_channels_4_r2,branch_count,timing_ovr1,1607,1,5,3656389,0.1227343,True,False,False,,7864,9,4
shrinking_b_decay_channels_4_r2,branch_count,timing_ovr2,1607,1,6,3656389,0.0863806,True,False,False,,7899,2,2
shrinking_b_decay_channels_4_r2,branch_count,timing_ovr1_eager,1607,1,7,3656389,0.1193851,True,False,False,,3182,2287,25
shrinking_b_decay_channels_4_r2,branch_count,T=100,1607,1,8,3656389,0.1219572,True,False,False,,7094,393,1
shrinking_b_decay_channels_4_r2,branch_count,T=400,1608,0,0,3656389,0.1125957,True,False,False,,4482,1640,1
shrinking_b_decay_channels_4_r2,branch_count,cost_model_cold,1608,0,1,3656389,0.1121322,True,False,False,,6520,664,1
shrinking_b_decay_channels_4_r2,branch_count,cost_model_warm,1608,0,2,3656389,0.0845389,True,False,False,,5713,1059,1
shrinking_b_decay_channels_4_r2,branch_count,timing,1608,0,3,3656389,0.1074802,True,False,False,,7874,2,2
shrinking_b_decay_channels_4_r2,branch_count,timing_ovr1,1608,0,4,3656389,0.1447464,True,False,False,,3272,2230,3
shrinking_b_decay_channels_4_r2,branch_count,timing_ovr2,1608,0,5,3656389,0.1092813,True,False,False,,7874,2,2
shrinking_b_decay_channels_4_r2,branch_count,timing_ovr1_eager,1608,0,6,3656389,0.1490927,True,False,False,,3520,2101,26
shrinking_b_decay_channels_4_r2,branch_count,T=100,1608,0,7,3656389,0.0981564,True,False,False,,7090,392,1
shrinking_b_decay_channels_4_r2,branch_count,T=250,1608,0,8,3656389,0.1078501,True,False,False,,5804,1013,1
shrinking_b_decay_channels_4_r2,branch_count,cost_model_cold,1608,1,0,3656389,0.1167507,True,False,False,,6520,664,1
shrinking_b_decay_channels_4_r2,branch_count,cost_model_warm,1608,1,1,3656389,0.1274125,True,False,False,,5713,1059,1
shrinking_b_decay_channels_4_r2,branch_count,timing,1608,1,2,3656389,0.1207037,True,False,False,,7874,2,2
shrinking_b_decay_channels_4_r2,branch_count,timing_ovr1,1608,1,3,3656389,0.1008484,True,False,False,,7874,2,2
shrinking_b_decay_channels_4_r2,branch_count,timing_ovr2,1608,1,4,3656389,0.1296731,True,False,False,,7874,2,2
shrinking_b_decay_channels_4_r2,branch_count,timing_ovr1_eager,1608,1,5,3656389,0.1307818,True,False,False,,2718,2501,25
shrinking_b_decay_channels_4_r2,branch_count,T=100,1608,1,6,3656389,0.1016739,True,False,False,,7090,392,1
shrinking_b_decay_channels_4_r2,branch_count,T=250,1608,1,7,3656389,0.1185237,True,False,False,,5804,1013,1
shrinking_b_decay_channels_4_r2,branch_count,T=400,1608,1,8,3656389,0.1054979,True,False,False,,4482,1640,1
shrinking_b_decay_channels_8_r05,branch_count,cost_model_warm,1601,0,0,121988,0.0126712,True,False,False,,1,700,1
shrinking_b_decay_channels_8_r05,branch_count,timing,1601,0,1,121988,0.0246521,True,False,False,,1419,2,2
shrinking_b_decay_channels_8_r05,branch_count,timing_ovr1,1601,0,2,121988,0.014134,True,False,False,,303,553,3
shrinking_b_decay_channels_8_r05,branch_count,timing_ovr2,1601,0,3,121988,0.013851,True,False,False,,316,552,3
shrinking_b_decay_channels_8_r05,branch_count,timing_ovr1_eager,1601,0,4,121988,0.0108223,True,False,False,,74,672,5
shrinking_b_decay_channels_8_r05,branch_count,T=100,1601,0,5,121988,0.0158173,True,False,False,,601,416,1
shrinking_b_decay_channels_8_r05,branch_count,T=250,1601,0,6,121988,0.0124001,True,False,False,,1,700,1
shrinking_b_decay_channels_8_r05,branch_count,T=400,1601,0,7,121988,0.0139801,True,False,False,,1,700,1
shrinking_b_decay_channels_8_r05,branch_count,cost_model_cold,1601,0,8,121988,0.0134424,True,False,False,,220,599,1
shrinking_b_decay_channels_8_r05,branch_count,timing,1601,1,0,121988,0.0230848,True,False,False,,1419,2,2
shrinking_b_decay_channels_8_r05,branch_count,timing_ovr1,1601,1,1,121988,0.0198748,True,False,False,,1092,170,2
shrinking_b_decay_channels_8_r05,branch_count,timing_ovr2,1601,1,2,121988,0.0143647,True,False,False,,1419,2,2
shrinking_b_decay_channels_8_r05,branch_count,timing_ovr1_eager,1601,1,3,121988,0.006188,True,False,False,,83,662,5
shrinking_b_decay_channels_8_r05,branch_count,T=100,1601,1,4,121988,0.0095278,True,False,False,,601,416,1
shrinking_b_decay_channels_8_r05,branch_count,T=250,1601,1,5,121988,0.0088672,True,False,False,,1,700,1
shrinking_b_decay_channels_8_r05,branch_count,T=400,1601,1,6,121988,0.007661,True,False,False,,1,700,1
shrinking_b_decay_channels_8_r05,branch_count,cost_model_cold,1601,1,7,121988,0.0118515,True,False,False,,220,599,1
shrinking_b_decay_channels_8_r05,branch_count,cost_model_warm,1601,1,8,121988,0.0127853,True,False,False,,1,700,1
shrinking_b_decay_channels_8_r05,branch_count,timing_ovr1,1602,0,0,121988,0.0144496,True,False,False,,261,581,5
shrinking_b_decay_channels_8_r05,branch_count,timing_ovr2,1602,0,1,121988,0.013561,True,False,False,,268,578,3
shrinking_b_decay_channels_8_r05,branch_count,timing_ovr1_eager,1602,0,2,121988,0.0126204,True,False,False,,66,673,3
shrinking_b_decay_channels_8_r05,branch_count,T=100,1602,0,3,121988,0.0138348,True,False,False,,607,418,1
shrinking_b_decay_channels_8_r05,branch_count,T=250,1602,0,4,121988,0.0101422,True,False,False,,1,700,1
shrinking_b_decay_channels_8_r05,branch_count,T=400,1602,0,5,121988,0.0117349,True,False,False,,1,700,1
shrinking_b_decay_channels_8_r05,branch_count,cost_model_cold,1602,0,6,121988,0.0095823,True,False,False,,217,602,1
shrinking_b_decay_channels_8_r05,branch_count,cost_model_warm,1602,0,7,121988,0.0114114,True,False,False,,1,700,1
shrinking_b_decay_channels_8_r05,branch_count,timing,1602,0,8,121988,0.0247124,True,False,False,,1446,2,2
shrinking_b_decay_channels_8_r05,branch_count,timing_ovr2,1602,1,0,121988,0.0139445,True,False,False,,405,511,3
shrinking_b_decay_channels_8_r05,branch_count,timing_ovr1_eager,1602,1,1,121988,0.0126609,True,False,False,,66,673,3
shrinking_b_decay_channels_8_r05,branch_count,T=100,1602,1,2,121988,0.0153344,True,False,False,,607,418,1
shrinking_b_decay_channels_8_r05,branch_count,T=250,1602,1,3,121988,0.0119428,True,False,False,,1,700,1
shrinking_b_decay_channels_8_r05,branch_count,T=400,1602,1,4,121988,0.0114853,True,False,False,,1,700,1
shrinking_b_decay_channels_8_r05,branch_count,cost_model_cold,1602,1,5,121988,0.013185,True,False,False,,217,602,1
shrinking_b_decay_channels_8_r05,branch_count,cost_model_warm,1602,1,6,121988,0.0127396,True,False,False,,1,700,1
shrinking_b_decay_channels_8_r05,branch_count,timing,1602,1,7,121988,0.0245339,True,False,False,,1446,2,2
shrinking_b_decay_channels_8_r05,branch_count,timing_ovr1,1602,1,8,121988,0.0131933,True,False,False,,256,583,1
shrinking_b_decay_channels_8_r05,branch_count,timing_ovr1_eager,1603,0,0,121988,0.0126425,True,False,False,,66,669,3
shrinking_b_decay_channels_8_r05,branch_count,T=100,1603,0,1,121988,0.0155407,True,False,False,,614,420,1
shrinking_b_decay_channels_8_r05,branch_count,T=250,1603,0,2,121988,0.0124365,True,False,False,,1,705,1
shrinking_b_decay_channels_8_r05,branch_count,T=400,1603,0,3,121988,0.0124969,True,False,False,,1,705,1
shrinking_b_decay_channels_8_r05,branch_count,cost_model_cold,1603,0,4,121988,0.0157416,True,False,False,,216,600,1
shrinking_b_decay_channels_8_r05,branch_count,cost_model_warm,1603,0,5,121988,0.012707,True,False,False,,1,705,1
shrinking_b_decay_channels_8_r05,branch_count,timing,1603,0,6,121988,0.0251703,True,False,False,,1416,2,2
shrinking_b_decay_channels_8_r05,branch_count,timing_ovr1,1603,0,7,121988,0.0188609,True,False,False,,840,302,3
shrinking_b_decay_channels_8_r05,branch_count,timing_ovr2,1603,0,8,121988,0.0118495,True,False,False,,317,557,7
shrinking_b_decay_channels_8_r05,branch_count,T=100,1603,1,0,121988,0.0154025,True,False,False,,614,420,1
shrinking_b_decay_channels_8_r05,branch_count,T=250,1603,1,1,121988,0.0111383,True,False,False,,1,705,1
shrinking_b_decay_channels_8_r05,branch_count,T=400,1603,1,2,121988,0.0102171,True,False,False,,1,705,1
shrinking_b_decay_channels_8_r05,branch_count,cost_model_cold,1603,1,3,121988,0.0123886,True,False,False,,216,600,1
shrinking_b_decay_channels_8_r05,branch_count,cost_model_warm,1603,1,4,121988,0.0112028,True,False,False,,1,705,1
shrinking_b_decay_channels_8_r05,branch_count,timing,1603,1,5,121988,0.0076093,True,False,False,,411,512,3
shrinking_b_decay_channels_8_r05,branch_count,timing_ovr1,1603,1,6,121988,0.0084222,True,False,False,,259,579,3
shrinking_b_decay_channels_8_r05,branch_count,timing_ovr2,1603,1,7,121988,0.0141784,True,False,False,,1416,2,2
shrinking_b_decay_channels_8_r05,branch_count,timing_ovr1_eager,1603,1,8,121988,0.0081645,True,False,False,,66,669,3
shrinking_b_decay_channels_8_r05,branch_count,T=250,1604,0,0,121988,0.0074771,True,False,False,,1,702,1
shrinking_b_decay_channels_8_r05,branch_count,T=400,1604,0,1,121988,0.0078056,True,False,False,,1,702,1
shrinking_b_decay_channels_8_r05,branch_count,cost_model_cold,1604,0,2,121988,0.0083606,True,False,False,,212,596,1
shrinking_b_decay_channels_8_r05,branch_count,cost_model_warm,1604,0,3,121988,0.0088744,True,False,False,,1,702,1
shrinking_b_decay_channels_8_r05,branch_count,timing,1604,0,4,121988,0.0143135,True,False,False,,1426,2,2
shrinking_b_decay_channels_8_r05,branch_count,timing_ovr1,1604,0,5,121988,0.0090527,True,False,False,,256,586,1
shrinking_b_decay_channels_8_r05,branch_count,timing_ovr2,1604,0,6,121988,0.0126283,True,False,False,,1426,2,2
shrinking_b_decay_channels_8_r05,branch_count,timing_ovr1_eager,1604,0,7,121988,0.0081914,True,False,False,,75,664,7
shrinking_b_decay_channels_8_r05,branch_count,T=100,1604,0,8,121988,0.0101555,True,False,False,,592,411,1
shrinking_b_decay_channels_8_r05,branch_count,T=400,1604,1,0,121988,0.0088635,True,False,False,,1,702,1
shrinking_b_decay_channels_8_r05,branch_count,cost_model_cold,1604,1,1,121988,0.0133116,True,False,False,,212,596,1
shrinking_b_decay_channels_8_r05,branch_count,cost_model_warm,1604,1,2,121988,0.0170688,True,False,False,,1,702,1
shrinking_b_decay_channels_8_r05,branch_count,timing,1604,1,3,121988,0.0181423,True,False,False,,1426,2,2
shrinking_b_decay_channels_8_r05,branch_count,timing_ovr1,1604,1,4,121988,0.0117703,True,False,False,,309,554,3
shrinking_b_decay_channels_8_r05,branch_count,timing_ovr2,1604,1,5,121988,0.0138144,True,False,False,,358,530,3
shrinking_b_decay_channels_8_r05,branch_count,timing_ovr1_eager,1604,1,6,121988,0.0126229,True,False,False,,68,664,5
shrinking_b_decay_channels_8_r05,branch_count,T=100,1604,1,7,121988,0.0133017,True,False,False,,592,411,1
shrinking_b_decay_channels_8_r05,branch_count,T=250,1604,1,8,121988,0.0124671,True,False,False,,1,702,1
shrinking_b_decay_channels_8_r05,branch_count,cost_model_cold,1605,0,0,121988,0.0135623,True,False,False,,213,598,1
shrinking_b_decay_channels_8_r05,branch_count,cost_model_warm,1605,0,1,121988,0.0127423,True,False,False,,1,699,1
shrinking_b_decay_channels_8_r05,branch_count,timing,1605,0,2,121988,0.0222584,True,False,False,,1423,2,2
shrinking_b_decay_channels_8_r05,branch_count,timing_ovr1,1605,0,3,121988,0.0099028,True,False,False,,698,368,7
shrinking_b_decay_channels_8_r05,branch_count,timing_ovr2,1605,0,4,121988,0.0272088,True,False,False,,281,567,3
shrinking_b_decay_channels_8_r05,branch_count,timing_ovr1_eager,1605,0,5,121988,0.0141797,True,False,False,,100,650,7
shrinking_b_decay_channels_8_r05,branch_count,T=100,1605,0,6,121988,0.01534,True,False,False,,604,416,1
shrinking_b_decay_channels_8_r05,branch_count,T=250,1605,0,7,121988,0.012652,True,False,False,,1,699,1
shrinking_b_decay_channels_8_r05,branch_count,T=400,1605,0,8,121988,0.0102631,True,False,False,,1,699,1
shrinking_b_decay_channels_8_r05,branch_count,cost_model_warm,1605,1,0,121988,0.009039,True,False,False,,1,699,1
shrinking_b_decay_channels_8_r05,branch_count,timing,1605,1,1,121988,0.0235679,True,False,False,,1423,2,2
shrinking_b_decay_channels_8_r05,branch_count,timing_ovr1,1605,1,2,121988,0.0236373,True,False,False,,1336,44,4
shrinking_b_decay_channels_8_r05,branch_count,timing_ovr2,1605,1,3,121988,0.0195695,True,False,False,,999,216,4
shrinking_b_decay_channels_8_r05,branch_count,timing_ovr1_eager,1605,1,4,121988,0.0216638,True,False,False,,996,210,6
shrinking_b_decay_channels_8_r05,branch_count,T=100,1605,1,5,121988,0.0069527,True,False,False,,604,416,1
shrinking_b_decay_channels_8_r05,branch_count,T=250,1605,1,6,121988,0.0091042,True,False,False,,1,699,1
shrinking_b_decay_channels_8_r05,branch_count,T=400,1605,1,7,121988,0.0082613,True,False,False,,1,699,1
shrinking_b_decay_channels_8_r05,branch_count,cost_model_cold,1605,1,8,121988,0.007911,True,False,False,,213,598,1
shrinking_b_decay_channels_8_r05,branch_count,timing,1606,0,0,121988,0.0141849,True,False,False,,1409,2,2
shrinking_b_decay_channels_8_r05,branch_count,timing_ovr1,1606,0,1,121988,0.0124609,True,False,False,,256,574,1
shrinking_b_decay_channels_8_r05,branch_count,timing_ovr2,1606,0,2,121988,0.0140194,True,False,False,,390,514,3
shrinking_b_decay_channels_8_r05,branch_count,timing_ovr1_eager,1606,0,3,121988,0.012538,True,False,False,,76,664,7
shrinking_b_decay_channels_8_r05,branch_count,T=100,1606,0,4,121988,0.014688,True,False,False,,579,416,1
shrinking_b_decay_channels_8_r05,branch_count,T=250,1606,0,5,121988,0.0123967,True,False,False,,1,699,1
shrinking_b_decay_channels_8_r05,branch_count,T=400,1606,0,6,121988,0.0109913,True,False,False,,1,699,1
shrinking_b_decay_channels_8_r05,branch_count,cost_model_cold,1606,0,7,121988,0.0136135,True,False,False,,213,601,1
shrinking_b_decay_channels_8_r05,branch_count,cost_model_warm,1606,0,8,121988,0.0110868,True,False,False,,1,699,1
shrinking_b_decay_channels_8_r05,branch_count,timing_ovr1,1606,1,0,121988,0.0132844,True,False,False,,256,574,1
shrinking_b_decay_channels_8_r05,branch_count,timing_ovr2,1606,1,1,121988,0.0137029,True,False,False,,390,514,3
shrinking_b_decay_channels_8_r05,branch_count,timing_ovr1_eager,1606,1,2,121988,0.0125049,True,False,False,,74,671,5
shrinking_b_decay_channels_8_r05,branch_count,T=100,1606,1,3,121988,0.0150798,True,False,False,,579,416,1
shrinking_b_decay_channels_8_r05,branch_count,T=250,1606,1,4,121988,0.0112539,True,False,False,,1,699,1
shrinking_b_decay_channels_8_r05,branch_count,T=400,1606,1,5,121988,0.0130531,True,False,False,,1,699,1
shrinking_b_decay_channels_8_r05,branch_count,cost_model_cold,1606,1,6,121988,0.0135753,True,False,False,,213,601,1
shrinking_b_decay_channels_8_r05,branch_count,cost_model_warm,1606,1,7,121988,0.0111927,True,False,False,,1,699,1
shrinking_b_decay_channels_8_r05,branch_count,timing,1606,1,8,121988,0.0158853,True,False,False,,669,384,3
shrinking_b_decay_channels_8_r05,branch_count,timing_ovr2,1607,0,0,121988,0.0224372,True,False,False,,1190,111,4
shrinking_b_decay_channels_8_r05,branch_count,timing_ovr1_eager,1607,0,1,121988,0.012596,True,False,False,,66,673,3
shrinking_b_decay_channels_8_r05,branch_count,T=100,1607,0,2,121988,0.0148723,True,False,False,,583,414,1
shrinking_b_decay_channels_8_r05,branch_count,T=250,1607,0,3,121988,0.0114876,True,False,False,,1,703,1
shrinking_b_decay_channels_8_r05,branch_count,T=400,1607,0,4,121988,0.0124014,True,False,False,,1,703,1
shrinking_b_decay_channels_8_r05,branch_count,cost_model_cold,1607,0,5,121988,0.0130158,True,False,False,,209,598,1
shrinking_b_decay_channels_8_r05,branch_count,cost_model_warm,1607,0,6,121988,0.0124945,True,False,False,,1,703,1
shrinking_b_decay_channels_8_r05,branch_count,timing,1607,0,7,121988,0.0240859,True,False,False,,1427,2,2
shrinking_b_decay_channels_8_r05,branch_count,timing_ovr1,1607,0,8,121988,0.01309,True,False,False,,256,576,1
shrinking_b_decay_channels_8_r05,branch_count,timing_ovr1_eager,1607,1,0,121988,0.0131797,True,False,False,,741,352,7
shrinking_b_decay_channels_8_r05,branch_count,T=100,1607,1,1,121988,0.0155826,True,False,False,,583,414,1
shrinking_b_decay_channels_8_r05,branch_count,T=250,1607,1,2,121988,0.0105534,True,False,False,,1,703,1
shrinking_b_decay_channels_8_r05,branch_count,T=400,1607,1,3,121988,0.0125079,True,False,False,,1,703,1
shrinking_b_decay_channels_8_r05,branch_count,cost_model_cold,1607,1,4,121988,0.0109557,True,False,False,,209,598,1
shrinking_b_decay_channels_8_r05,branch_count,cost_model_warm,1607,1,5,121988,0.0132089,True,False,False,,1,703,1
shrinking_b_decay_channels_8_r05,branch_count,timing,1607,1,6,121988,0.0225994,True,False,False,,1427,2,2
shrinking_b_decay_channels_8_r05,branch_count,timing_ovr1,1607,1,7,121988,0.0165964,True,False,False,,1005,202,4
shrinking_b_decay_channels_8_r05,branch_count,timing_ovr2,1607,1,8,121988,0.011,True,False,False,,418,501,3
shrinking_b_decay_channels_8_r05,branch_count,T=100,1608,0,0,121988,0.010076,True,False,False,,589,418,1
shrinking_b_decay_channels_8_r05,branch_count,T=250,1608,0,1,121988,0.0104164,True,False,False,,1,700,1
shrinking_b_decay_channels_8_r05,branch_count,T=400,1608,0,2,121988,0.0125972,True,False,False,,1,700,1
shrinking_b_decay_channels_8_r05,branch_count,cost_model_cold,1608,0,3,121988,0.013224,True,False,False,,206,602,1
shrinking_b_decay_channels_8_r05,branch_count,cost_model_warm,1608,0,4,121988,0.0126363,True,False,False,,1,700,1
shrinking_b_decay_channels_8_r05,branch_count,timing,1608,0,5,121988,0.0143808,True,False,False,,644,395,3
shrinking_b_decay_channels_8_r05,branch_count,timing_ovr1,1608,0,6,121988,0.012003,True,False,False,,256,572,1
shrinking_b_decay_channels_8_r05,branch_count,timing_ovr2,1608,0,7,121988,0.0197152,True,False,False,,850,279,4
shrinking_b_decay_channels_8_r05,branch_count,timing_ovr1_eager,1608,0,8,121988,0.0134664,True,False,False,,237,587,7
shrinking_b_decay_channels_8_r05,branch_count,T=250,1608,1,0,121988,0.0126032,True,False,False,,1,700,1
shrinking_b_decay_channels_8_r05,branch_count,T=400,1608,1,1,121988,0.012659,True,False,False,,1,700,1
shrinking_b_decay_channels_8_r05,branch_count,cost_model_cold,1608,1,2,121988,0.0134207,True,False,False,,206,602,1
shrinking_b_decay_channels_8_r05,branch_count,cost_model_warm,1608,1,3,121988,0.0127228,True,False,False,,1,700,1
shrinking_b_decay_channels_8_r05,branch_count,timing,1608,1,4,121988,0.0242044,True,False,False,,1423,2,2
shrinking_b_decay_channels_8_r05,branch_count,timing_ovr1,1608,1,5,121988,0.0233005,True,False,False,,1251,77,2
shrinking_b_decay_channels_8_r05,branch_count,timing_ovr2,1608,1,6,121988,0.0112399,True,False,False,,365,526,3
shrinking_b_decay_channels_8_r05,branch_count,timing_ovr1_eager,1608,1,7,121988,0.0076028,True,False,False,,76,667,9
shrinking_b_decay_channels_8_r05,branch_count,T=100,1608,1,8,121988,0.0076317,True,False,False,,589,418,1
shrinking_b_decay_channels_8_r1,branch_count,T=400,1601,0,0,487952,0.0376184,True,False,False,,1,1396,1
shrinking_b_decay_channels_8_r1,branch_count,cost_model_cold,1601,0,1,487952,0.0239849,True,False,False,,1635,595,1
shrinking_b_decay_channels_8_r1,branch_count,cost_model_warm,1601,0,2,487952,0.0242999,True,False,False,,950,930,1
shrinking_b_decay_channels_8_r1,branch_count,timing,1601,0,3,487952,0.0373502,True,False,False,,2888,2,2
shrinking_b_decay_channels_8_r1,branch_count,timing_ovr1,1601,0,4,487952,0.0533201,True,False,False,,2683,114,4
shrinking_b_decay_channels_8_r1,branch_count,timing_ovr2,1601,0,5,487952,0.0416499,True,False,False,,518,1154,3
shrinking_b_decay_channels_8_r1,branch_count,timing_ovr1_eager,1601,0,6,487952,0.0433228,True,False,False,,111,1347,9
shrinking_b_decay_channels_8_r1,branch_count,T=100,1601,0,7,487952,0.0420855,True,False,False,,2009,411,1
shrinking_b_decay_channels_8_r1,branch_count,T=250,1601,0,8,487952,0.0398002,True,False,False,,732,1037,1
shrinking_b_decay_channels_8_r1,branch_count,cost_model_cold,1601,1,0,487952,0.0404381,True,False,False,,1635,595,1
shrinking_b_decay_channels_8_r1,branch_count,cost_model_warm,1601,1,1,487952,0.0360668,True,False,False,,950,930,1
shrinking_b_decay_channels_8_r1,branch_count,timing,1601,1,2,487952,0.0522966,True,False,False,,2888,2,2
shrinking_b_decay_channels_8_r1,branch_count,timing_ovr1,1601,1,3,487952,0.0338383,True,False,False,,526,1146,3
shrinking_b_decay_channels_8_r1,branch_count,timing_ovr2,1601,1,4,487952,0.0243478,True,False,False,,288,1263,3
shrinking_b_decay_channels_8_r1,branch_count,timing_ovr1_eager,1601,1,5,487952,0.039451,True,False,False,,671,1078,15
shrinking_b_decay_channels_8_r1,branch_count,T=100,1601,1,6,487952,0.0373685,True,False,False,,2009,411,1
shrinking_b_decay_channels_8_r1,branch_count,T=250,1601,1,7,487952,0.0217319,True,False,False,,732,1037,1
shrinking_b_decay_channels_8_r1,branch_count,T=400,1601,1,8,487952,0.0323065,True,False,False,,1,1396,1
shrinking_b_decay_channels_8_r1,branch_count,cost_model_warm,1602,0,0,487952,0.0302566,True,False,False,,940,929,1
shrinking_b_decay_channels_8_r1,branch_count,timing,1602,0,1,487952,0.0501612,True,False,False,,2852,2,2
shrinking_b_decay_channels_8_r1,branch_count,timing_ovr1,1602,0,2,487952,0.0409066,True,False,False,,309,1244,3
shrinking_b_decay_channels_8_r1,branch_count,timing_ovr2,1602,0,3,487952,0.0383678,True,False,False,,428,1195,3
shrinking_b_decay_channels_8_r1,branch_count,timing_ovr1_eager,1602,0,4,487952,0.0423139,True,False,False,,2790,33,14
shrinking_b_decay_channels_8_r1,branch_count,T=100,1602,0,5,487952,0.034423,True,False,False,,2061,408,1
shrinking_b_decay_channels_8_r1,branch_count,T=250,1602,0,6,487952,0.0322718,True,False,False,,721,1039,1
shrinking_b_decay_channels_8_r1,branch_count,T=400,1602,0,7,487952,0.0433411,True,False,False,,1,1395,1
shrinking_b_decay_channels_8_r1,branch_count,cost_model_cold,1602,0,8,487952,0.0384869,True,False,False,,1672,597,1
shrinking_b_decay_channels_8_r1,branch_count,timing,1602,1,0,487952,0.0508765,True,False,False,,2829,8,4
shrinking_b_decay_channels_8_r1,branch_count,timing_ovr1,1602,1,1,487952,0.0497877,True,False,False,,2778,19,4
shrinking_b_decay_channels_8_r1,branch_count,timing_ovr2,1602,1,2,487952,0.0368084,True,False,False,,744,1036,3
shrinking_b_decay_channels_8_r1,branch_count,timing_ovr1_eager,1602,1,3,487952,0.0298122,True,False,False,,924,943,9
shrinking_b_decay_channels_8_r1,branch_count,T=100,1602,1,4,487952,0.0253605,True,False,False,,2061,408,1
shrinking_b_decay_channels_8_r1,branch_count,T=250,1602,1,5,487952,0.0284254,True,False,False,,721,1039,1
shrinking_b_decay_channels_8_r1,branch_count,T=400,1602,1,6,487952,0.0448505,True,False,False,,1,1395,1
shrinking_b_decay_channels_8_r1,branch_count,cost_model_cold,1602,1,7,487952,0.0246209,True,False,False,,1672,597,1
shrinking_b_decay_channels_8_r1,branch_count,cost_model_warm,1602,1,8,487952,0.0375764,True,False,False,,940,929,1
shrinking_b_decay_channels_8_r1,branch_count,timing_ovr1,1603,0,0,487952,0.0426239,True,False,False,,302,1254,3
shrinking_b_decay_channels_8_r1,branch_count,timing_ovr2,1603,0,1,487952,0.0391281,True,False,False,,602,1104,3
shrinking_b_decay_channels_8_r1,branch_count,timing_ovr1_eager,1603,0,2,487952,0.0361917,True,False,False,,1309,761,11
shrinking_b_decay_channels_8_r1,branch_count,T=100,1603,0,3,487952,0.0230897,True,False,False,,2038,407,1
shrinking_b_decay_channels_8_r1,branch_count,T=250,1603,0,4,487952,0.0264573,True,False,False,,753,1032,1
shrinking_b_decay_channels_8_r1,branch_count,T=400,1603,0,5,487952,0.0445856,True,False,False,,1,1392,1
shrinking_b_decay_channels_8_r1,branch_count,cost_model_cold,1603,0,6,487952,0.0361777,True,False,False,,1660,595,1
shrinking_b_decay_channels_8_r1,branch_count,cost_model_warm,1603,0,7,487952,0.0383082,True,False,False,,978,928,1
shrinking_b_decay_channels_8_r1,branch_count,timing,1603,0,8,487952,0.0480005,True,False,False,,2876,2,2
shrinking_b_decay_channels_8_r1,branch_count,timing_ovr2,1603,1,0,487952,0.0414399,True,False,False,,356,1236,7
shrinking_b_decay_channels_8_r1,branch_count,timing_ovr1_eager,1603,1,1,487952,0.0418129,True,False,False,,79,1357,7
shrinking_b_decay_channels_8_r1,branch_count,T=100,1603,1,2,487952,0.0427483,True,False,False,,2038,407,1
shrinking_b_decay_channels_8_r1,branch_count,T=250,1603,1,3,487952,0.0393467,True,False,False,,753,1032,1
shrinking_b_decay_channels_8_r1,branch_count,T=400,1603,1,4,487952,0.0452069,True,False,False,,1,1392,1
shrinking_b_decay_channels_8_r1,branch_count,cost_model_cold,1603,1,5,487952,0.033399,True,False,False,,1660,595,1
shrinking_b_decay_channels_8_r1,branch_count,cost_model_warm,1603,1,6,487952,0.0246912,True,False,False,,978,928,1
shrinking_b_decay_channels_8_r1,branch_count,timing,1603,1,7,487952,0.0300034,True,False,False,,2876,2,2
shrinking_b_decay_channels_8_r1,branch_count,timing_ovr1,1603,1,8,487952,0.0372682,True,False,False,,411,1205,5
shrinking_b_decay_channels_8_r1,branch_count,timing_ovr1_eager,1604,0,0,487952,0.0420595,True,False,False,,984,925,11
shrinking_b_decay_channels_8_r1,branch_count,T=100,1604,0,1,487952,0.0393876,True,False,False,,2051,411,1
shrinking_b_decay_channels_8_r1,branch_count,T=250,1604,0,2,487952,0.0403518,True,False,False,,758,1031,1
shrinking_b_decay_channels_8_r1,branch_count,T=400,1604,0,3,487952,0.0351874,True,False,False,,1,1399,1
shrinking_b_decay_channels_8_r1,branch_count,cost_model_cold,1604,0,4,487952,0.0298953,True,False,False,,1683,599,1
shrinking_b_decay_channels_8_r1,branch_count,cost_model_warm,1604,0,5,487952,0.0296841,True,False,False,,976,927,1
shrinking_b_decay_channels_8_r1,branch_count,timing,1604,0,6,487952,0.039234,True,False,False,,406,1197,3
shrinking_b_decay_channels_8_r1,branch_count,timing_ovr1,1604,0,7,487952,0.0412458,True,False,False,,525,1138,3
shrinking_b_decay_channels_8_r1,branch_count,timing_ovr2,1604,0,8,487952,0.037017,True,False,False,,700,1054,3
shrinking_b_decay_channels_8_r1,branch_count,T=100,1604,1,0,487952,0.039843,True,False,False,,2051,411,1
shrinking_b_decay_channels_8_r1,branch_count,T=250,1604,1,1,487952,0.038632,True,False,False,,758,1031,1
shrinking_b_decay_channels_8_r1,branch_count,T=400,1604,1,2,487952,0.047409,True,False,False,,1,1399,1
shrinking_b_decay_channels_8_r1,branch_count,cost_model_cold,1604,1,3,487952,0.0383227,True,False,False,,1683,599,1
shrinking_b_decay_channels_8_r1,branch_count,cost_model_warm,1604,1,4,487952,0.0397369,True,False,False,,976,927,1
shrinking_b_decay_channels_8_r1,branch_count,timing,1604,1,5,487952,0.0428215,True,False,False,,372,1211,3
shrinking_b_decay_channels_8_r1,branch_count,timing_ovr1,1604,1,6,487952,0.0386281,True,False,False,,1340,751,5
shrinking_b_decay_channels_8_r1,branch_count,timing_ovr2,1604,1,7,487952,0.047469,True,False,False,,2852,8,4
shrinking_b_decay_channels_8_r1,branch_count,timing_ovr1_eager,1604,1,8,487952,0.0393445,True,False,False,,1209,803,11
shrinking_b_decay_channels_8_r1,branch_count,T=250,1605,0,0,487952,0.0400123,True,False,False,,718,1034,1
shrinking_b_decay_channels_8_r1,branch_count,T=400,1605,0,1,487952,0.0474275,True,False,False,,1,1394,1
shrinking_b_decay_channels_8_r1,branch_count,cost_model_cold,1605,0,2,487952,0.039688,True,False,False,,1616,593,1
shrinking_b_decay_channels_8_r1,branch_count,cost_model_warm,1605,0,3,487952,0.0392629,True,False,False,,935,936,1
shrinking_b_decay_channels_8_r1,branch_count,timing,1605,0,4,487952,0.0497124,True,False,False,,2844,2,2
shrinking_b_decay_channels_8_r1,branch_count,timing_ovr1,1605,0,5,487952,0.042312,True,False,False,,362,1219,5
shrinking_b_decay_channels_8_r1,branch_count,timing_ovr2,1605,0,6,487952,0.0362752,True,False,False,,486,1165,3
shrinking_b_decay_channels_8_r1,branch_count,timing_ovr1_eager,1605,0,7,487952,0.0339899,True,False,False,,1908,498,16
shrinking_b_decay_channels_8_r1,branch_count,T=100,1605,0,8,487952,0.0272037,True,False,False,,2004,411,1
shrinking_b_decay_channels_8_r1,branch_count,T=400,1605,1,0,487952,0.03471,True,False,False,,1,1394,1
shrinking_b_decay_channels_8_r1,branch_count,cost_model_cold,1605,1,1,487952,0.0319992,True,False,False,,1616,593,1
shrinking_b_decay_channels_8_r1,branch_count,cost_model_warm,1605,1,2,487952,0.0395848,True,False,False,,935,936,1
shrinking_b_decay_channels_8_r1,branch_count,timing,1605,1,3,487952,0.0450092,True,False,False,,2844,2,2
shrinking_b_decay_channels_8_r1,branch_count,timing_ovr1,1605,1,4,487952,0.0258189,True,False,False,,893,963,7
shrinking_b_decay_channels_8_r1,branch_count,timing_ovr2,1605,1,5,487952,0.0371315,True,False,False,,2844,2,2
shrinking_b_decay_channels_8_r1,branch_count,timing_ovr1_eager,1605,1,6,487952,0.0346629,True,False,False,,1774,545,13
shrinking_b_decay_channels_8_r1,branch_count,T=100,1605,1,7,487952,0.0284998,True,False,False,,2004,411,1
shrinking_b_decay_channels_8_r1,branch_count,T=250,1605,1,8,487952,0.0376289,True,False,False,,718,1034,1
shrinking_b_decay_channels_8_r1,branch_count,cost_model_cold,1606,0,0,487952,0.0402594,True,False,False,,1641,595,1
shrinking_b_decay_channels_8_r1,branch_count,cost_model_warm,1606,0,1,487952,0.0376736,True,False,False,,969,929,1
shrinking_b_decay_channels_8_r1,branch_count,timing,1606,0,2,487952,0.051867,True,False,False,,2886,2,2
shrinking_b_decay_channels_8_r1,branch_count,timing_ovr1,1606,0,3,487952,0.0426586,True,False,False,,1925,474,3
shrinking_b_decay_channels_8_r1,branch_count,timing_ovr2,1606,0,4,487952,0.057641,True,False,False,,2886,2,2
shrinking_b_decay_channels_8_r1,branch_count,timing_ovr1_eager,1606,0,5,487952,0.035163,True,False,False,,259,1267,9
shrinking_b_decay_channels_8_r1,branch_count,T=100,1606,0,6,487952,0.0323877,True,False,False,,2019,411,1
shrinking_b_decay_channels_8_r1,branch_count,T=250,1606,0,7,487952,0.0356537,True,False,False,,739,1031,1
shrinking_b_decay_channels_8_r1,branch_count,T=400,1606,0,8,487952,0.043956,True,False,False,,1,1398,1
shrinking_b_decay_channels_8_r1,branch_count,cost_model_warm,1606,1,0,487952,0.0363544,True,False,False,,969,929,1
shrinking_b_decay_channels_8_r1,branch_count,timing,1606,1,1,487952,0.042747,True,False,False,,2886,2,2
shrinking_b_decay_channels_8_r1,branch_count,timing_ovr1,1606,1,2,487952,0.0233649,True,False,False,,1149,846,3
shrinking_b_decay_channels_8_r1,branch_count,timing_ovr2,1606,1,3,487952,0.0320741,True,False,False,,363,1218,3
shrinking_b_decay_channels_8_r1,branch_count,timing_ovr1_eager,1606,1,4,487952,0.0259691,True,False,False,,1243,805,11
shrinking_b_decay_channels_8_r1,branch_count,T=100,1606,1,5,487952,0.0234875,True,False,False,,2019,411,1
shrinking_b_decay_channels_8_r1,branch_count,T=250,1606,1,6,487952,0.0254078,True,False,False,,739,1031,1
shrinking_b_decay_channels_8_r1,branch_count,T=400,1606,1,7,487952,0.0442646,True,False,False,,1,1398,1
shrinking_b_decay_channels_8_r1,branch_count,cost_model_cold,1606,1,8,487952,0.0395496,True,False,False,,1641,595,1
shrinking_b_decay_channels_8_r1,branch_count,timing,1607,0,0,487952,0.0508147,True,False,False,,2887,2,2
shrinking_b_decay_channels_8_r1,branch_count,timing_ovr1,1607,0,1,487952,0.0408253,True,False,False,,2437,182,4
shrinking_b_decay_channels_8_r1,branch_count,timing_ovr2,1607,0,2,487952,0.0357124,True,False,False,,2881,4,4
shrinking_b_decay_channels_8_r1,branch_count,timing_ovr1_eager,1607,0,3,487952,0.0410257,True,False,False,,106,1350,7
shrinking_b_decay_channels_8_r1,branch_count,T=100,1607,0,4,487952,0.0362324,True,False,False,,2033,412,1
shrinking_b_decay_channels_8_r1,branch_count,T=250,1607,0,5,487952,0.034817,True,False,False,,770,1030,1
shrinking_b_decay_channels_8_r1,branch_count,T=400,1607,0,6,487952,0.0308422,True,False,False,,1,1389,1
shrinking_b_decay_channels_8_r1,branch_count,cost_model_cold,1607,0,7,487952,0.0209145,True,False,False,,1651,597,1
shrinking_b_decay_channels_8_r1,branch_count,cost_model_warm,1607,0,8,487952,0.0198631,True,False,False,,990,928,1
shrinking_b_decay_channels_8_r1,branch_count,timing_ovr1,1607,1,0,487952,0.028656,True,False,False,,356,1236,5
shrinking_b_decay_channels_8_r1,branch_count,timing_ovr2,1607,1,1,487952,0.0293523,True,False,False,,2881,4,4
shrinking_b_decay_channels_8_r1,branch_count,timing_ovr1_eager,1607,1,2,487952,0.0320954,True,False,False,,913,968,9
shrinking_b_decay_channels_8_r1,branch_count,T=100,1607,1,3,487952,0.0413428,True,False,False,,2033,412,1
shrinking_b_decay_channels_8_r1,branch_count,T=250,1607,1,4,487952,0.0390973,True,False,False,,770,1030,1
shrinking_b_decay_channels_8_r1,branch_count,T=400,1607,1,5,487952,0.0468183,True,False,False,,1,1389,1
shrinking_b_decay_channels_8_r1,branch_count,cost_model_cold,1607,1,6,487952,0.0332541,True,False,False,,1651,597,1
shrinking_b_decay_channels_8_r1,branch_count,cost_model_warm,1607,1,7,487952,0.040449,True,False,False,,990,928,1
shrinking_b_decay_channels_8_r1,branch_count,timing,1607,1,8,487952,0.0509849,True,False,False,,2887,2,2
shrinking_b_decay_channels_8_r1,branch_count,timing_ovr2,1608,0,0,487952,0.040583,True,False,False,,657,1077,3
shrinking_b_decay_channels_8_r1,branch_count,timing_ovr1_eager,1608,0,1,487952,0.0494668,True,False,False,,1908,467,13
shrinking_b_decay_channels_8_r1,branch_count,T=100,1608,0,2,487952,0.0419263,True,False,False,,2056,410,1
shrinking_b_decay_channels_8_r1,branch_count,T=250,1608,0,3,487952,0.040051,True,False,False,,771,1032,1
shrinking_b_decay_channels_8_r1,branch_count,T=400,1608,0,4,487952,0.0419801,True,False,False,,1,1394,1
shrinking_b_decay_channels_8_r1,branch_count,cost_model_cold,1608,0,5,487952,0.040085,True,False,False,,1688,595,1
shrinking_b_decay_channels_8_r1,branch_count,cost_model_warm,1608,0,6,487952,0.0401578,True,False,False,,979,925,1
shrinking_b_decay_channels_8_r1,branch_count,timing,1608,0,7,487952,0.0504343,True,False,False,,2859,2,2
shrinking_b_decay_channels_8_r1,branch_count,timing_ovr1,1608,0,8,487952,0.0312289,True,False,False,,505,1142,3
shrinking_b_decay_channels_8_r1,branch_count,timing_ovr1_eager,1608,1,0,487952,0.0347721,True,False,False,,112,1339,9
shrinking_b_decay_channels_8_r1,branch_count,T=100,1608,1,1,487952,0.0249073,True,False,False,,2056,410,1
shrinking_b_decay_channels_8_r1,branch_count,T=250,1608,1,2,487952,0.0293988,True,False,False,,771,1032,1
shrinking_b_decay_channels_8_r1,branch_count,T=400,1608,1,3,487952,0.0314997,True,False,False,,1,1394,1
shrinking_b_decay_channels_8_r1,branch_count,cost_model_cold,1608,1,4,487952,0.0282478,True,False,False,,1688,595,1
shrinking_b_decay_channels_8_r1,branch_count,cost_model_warm,1608,1,5,487952,0.0402492,True,False,False,,979,925,1
shrinking_b_decay_channels_8_r1,branch_count,timing,1608,1,6,487952,0.0354402,True,False,False,,288,1244,3
shrinking_b_decay_channels_8_r1,branch_count,timing_ovr1,1608,1,7,487952,0.0241253,True,False,False,,609,1094,3
shrinking_b_decay_channels_8_r1,branch_count,timing_ovr2,1608,1,8,487952,0.0318126,True,False,False,,2859,2,2
shrinking_b_decay_channels_8_r2,branch_count,T=100,1601,0,0,1951811,0.0953774,True,False,False,,4970,400,1
shrinking_b_decay_channels_8_r2,branch_count,T=250,1601,0,1,1951811,0.0730051,True,False,False,,3665,1026,1
shrinking_b_decay_channels_8_r2,branch_count,T=400,1601,0,2,1951811,0.1049826,True,False,False,,2365,1644,1
shrinking_b_decay_channels_8_r2,branch_count,cost_model_cold,1601,0,3,1951811,0.0977474,True,False,False,,4591,580,1
shrinking_b_decay_channels_8_r2,branch_count,cost_model_warm,1601,0,4,1951811,0.0924071,True,False,False,,3878,924,1
shrinking_b_decay_channels_8_r2,branch_count,timing,1601,0,5,1951811,0.0949973,True,False,False,,5672,2,2
shrinking_b_decay_channels_8_r2,branch_count,timing_ovr1,1601,0,6,1951811,0.1038282,True,False,False,,5672,2,2
shrinking_b_decay_channels_8_r2,branch_count,timing_ovr2,1601,0,7,1951811,0.1008,True,False,False,,5672,2,2
shrinking_b_decay_channels_8_r2,branch_count,timing_ovr1_eager,1601,0,8,1951811,0.1648668,True,False,False,,149,2716,13
shrinking_b_decay_channels_8_r2,branch_count,T=250,1601,1,0,1951811,0.0943697,True,False,False,,3665,1026,1
shrinking_b_decay_channels_8_r2,branch_count,T=400,1601,1,1,1951811,0.1047619,True,False,False,,2365,1644,1
shrinking_b_decay_channels_8_r2,branch_count,cost_model_cold,1601,1,2,1951811,0.0618901,True,False,False,,4591,580,1
shrinking_b_decay_channels_8_r2,branch_count,cost_model_warm,1601,1,3,1951811,0.0821925,True,False,False,,3878,924,1
shrinking_b_decay_channels_8_r2,branch_count,timing,1601,1,4,1951811,0.0869817,True,False,False,,5672,2,2
shrinking_b_decay_channels_8_r2,branch_count,timing_ovr1,1601,1,5,1951811,0.1551468,True,False,False,,510,2546,3
shrinking_b_decay_channels_8_r2,branch_count,timing_ovr2,1601,1,6,1951811,0.1042636,True,False,False,,5585,104,4
shrinking_b_decay_channels_8_r2,branch_count,timing_ovr1_eager,1601,1,7,1951811,0.0974746,True,False,False,,3655,994,21
shrinking_b_decay_channels_8_r2,branch_count,T=100,1601,1,8,1951811,0.0851274,True,False,False,,4970,400,1
shrinking_b_decay_channels_8_r2,branch_count,T=400,1602,0,0,1951811,0.107553,True,False,False,,2347,1648,1
shrinking_b_decay_channels_8_r2,branch_count,cost_model_cold,1602,0,1,1951811,0.0967226,True,False,False,,4541,583,1
shrinking_b_decay_channels_8_r2,branch_count,cost_model_warm,1602,0,2,1951811,0.09381,True,False,False,,3832,927,1
shrinking_b_decay_channels_8_r2,branch_count,timing,1602,0,3,1951811,0.106916,True,False,False,,5742,2,2
shrinking_b_decay_channels_8_r2,branch_count,timing_ovr1,1602,0,4,1951811,0.0686679,True,False,False,,5742,2,2
shrinking_b_decay_channels_8_r2,branch_count,timing_ovr2,1602,0,5,1951811,0.0891115,True,False,False,,5742,2,2
shrinking_b_decay_channels_8_r2,branch_count,timing_ovr1_eager,1602,0,6,1951811,0.0934148,True,False,False,,2778,1438,21
shrinking_b_decay_channels_8_r2,branch_count,T=100,1602,0,7,1951811,0.100922,True,False,False,,4938,402,1
shrinking_b_decay_channels_8_r2,branch_count,T=250,1602,0,8,1951811,0.0960629,True,False,False,,3615,1023,1
shrinking_b_decay_channels_8_r2,branch_count,cost_model_cold,1602,1,0,1951811,0.1025322,True,False,False,,4541,583,1
shrinking_b_decay_channels_8_r2,branch_count,cost_model_warm,1602,1,1,1951811,0.0916779,True,False,False,,3832,927,1
shrinking_b_decay_channels_8_r2,branch_count,timing,1602,1,2,1951811,0.0987304,True,False,False,,3134,1268,3
shrinking_b_decay_channels_8_r2,branch_count,timing_ovr1,1602,1,3,1951811,0.1112603,True,False,False,,1449,2075,3
shrinking_b_decay_channels_8_r2,branch_count,timing_ovr2,1602,1,4,1951811,0.1031847,True,False,False,,5742,2,2
shrinking_b_decay_channels_8_r2,branch_count,timing_ovr1_eager,1602,1,5,1951811,0.1175158,True,False,False,,549,2525,13
shrinking_b_decay_channels_8_r2,branch_count,T=100,1602,1,6,1951811,0.0588909,True,False,False,,4938,402,1
shrinking_b_decay_channels_8_r2,branch_count,T=250,1602,1,7,1951811,0.0814084,True,False,False,,3615,1023,1
shrinking_b_decay_channels_8_r2,branch_count,T=400,1602,1,8,1951811,0.1010061,True,False,False,,2347,1648,1
shrinking_b_decay_channels_8_r2,branch_count,cost_model_warm,1603,0,0,1951811,0.0729869,True,False,False,,3839,923,1
shrinking_b_decay_channels_8_r2,branch_count,timing,1603,0,1,1951811,0.0778176,True,False,False,,5761,2,2
shrinking_b_decay_channels_8_r2,branch_count,timing_ovr1,1603,0,2,1951811,0.1075825,True,False,False,,5784,9,4
shrinking_b_decay_channels_8_r2,branch_count,timing_ovr2,1603,0,3,1951811,0.0995237,True,False,False,,5761,2,2
shrinking_b_decay_channels_8_r2,branch_count,timing_ovr1_eager,1603,0,4,1951811,0.0773946,True,False,False,,5456,138,24
shrinking_b_decay_channels_8_r2,branch_count,T=100,1603,0,5,1951811,0.0905392,True,False,False,,4940,399,1
shrinking_b_decay_channels_8_r2,branch_count,T=250,1603,0,6,1951811,0.0701333,True,False,False,,3618,1023,1
shrinking_b_decay_channels_8_r2,branch_count,T=400,1603,0,7,1951811,0.1089857,True,False,False,,2330,1644,1
shrinking_b_decay_channels_8_r2,branch_count,cost_model_cold,1603,0,8,1951811,0.0935427,True,False,False,,4563,582,1
shrinking_b_decay_channels_8_r2,branch_count,timing,1603,1,0,1951811,0.0992275,True,False,False,,5761,2,2
shrinking_b_decay_channels_8_r2,branch_count,timing_ovr1,1603,1,1,1951811,0.103869,True,False,False,,986,2307,3
shrinking_b_decay_channels_8_r2,branch_count,timing_ovr2,1603,1,2,1951811,0.1224849,True,False,False,,1428,2093,3
shrinking_b_decay_channels_8_r2,branch_count,timing_ovr1_eager,1603,1,3,1951811,0.1090215,True,False,False,,1054,2276,15
shrinking_b_decay_channels_8_r2,branch_count,T=100,1603,1,4,1951811,0.0936848,True,False,False,,4940,399,1
shrinking_b_decay_channels_8_r2,branch_count,T=250,1603,1,5,1951811,0.0943875,True,False,False,,3618,1023,1
shrinking_b_decay_channels_8_r2,branch_count,T=400,1603,1,6,1951811,0.1007026,True,False,False,,2330,1644,1
shrinking_b_decay_channels_8_r2,branch_count,cost_model_cold,1603,1,7,1951811,0.0790293,True,False,False,,4563,582,1
shrinking_b_decay_channels_8_r2,branch_count,cost_model_warm,1603,1,8,1951811,0.0742481,True,False,False,,3839,923,1
shrinking_b_decay_channels_8_r2,branch_count,timing_ovr1,1604,0,0,1951811,0.1282067,True,False,False,,922,2348,3
shrinking_b_decay_channels_8_r2,branch_count,timing_ovr2,1604,0,1,1951811,0.1342462,True,False,False,,866,2374,3
shrinking_b_decay_channels_8_r2,branch_count,timing_ovr1_eager,1604,0,2,1951811,0.161546,True,False,False,,257,2663,13
shrinking_b_decay_channels_8_r2,branch_count,T=100,1604,0,3,1951811,0.0939133,True,False,False,,4961,399,1
shrinking_b_decay_channels_8_r2,branch_count,T=250,1604,0,4,1951811,0.0938795,True,False,False,,3679,1019,1
shrinking_b_decay_channels_8_r2,branch_count,T=400,1604,0,5,1951811,0.1043913,True,False,False,,2388,1645,1
shrinking_b_decay_channels_8_r2,branch_count,cost_model_cold,1604,0,6,1951811,0.0735453,True,False,False,,4604,584,1
shrinking_b_decay_channels_8_r2,branch_count,cost_model_warm,1604,0,7,1951811,0.0705339,True,False,False,,3897,916,1
shrinking_b_decay_channels_8_r2,branch_count,timing,1604,0,8,1951811,0.0609981,True,False,False,,5736,2,2
shrinking_b_decay_channels_8_r2,branch_count,timing_ovr2,1604,1,0,1951811,0.0778636,True,False,False,,5383,210,6
shrinking_b_decay_channels_8_r2,branch_count,timing_ovr1_eager,1604,1,1,1951811,0.1539248,True,False,False,,289,2654,15
shrinking_b_decay_channels_8_r2,branch_count,T=100,1604,1,2,1951811,0.0898922,True,False,False,,4961,399,1
shrinking_b_decay_channels_8_r2,branch_count,T=250,1604,1,3,1951811,0.0933512,True,False,False,,3679,1019,1
shrinking_b_decay_channels_8_r2,branch_count,T=400,1604,1,4,1951811,0.1043616,True,False,False,,2388,1645,1
shrinking_b_decay_channels_8_r2,branch_count,cost_model_cold,1604,1,5,1951811,0.0704356,True,False,False,,4604,584,1
shrinking_b_decay_channels_8_r2,branch_count,cost_model_warm,1604,1,6,1951811,0.0831563,True,False,False,,3897,916,1
shrinking_b_decay_channels_8_r2,branch_count,timing,1604,1,7,1951811,0.1045617,True,False,False,,5736,2,2
shrinking_b_decay_channels_8_r2,branch_count,timing_ovr1,1604,1,8,1951811,0.1282231,True,False,False,,1287,2171,5
shrinking_b_decay_channels_8_r2,branch_count,timing_ovr1_eager,1605,0,0,1951811,0.143187,True,False,False,,1271,2180,17
shrinking_b_decay_channels_8_r2,branch_count,T=100,1605,0,1,1951811,0.0977357,True,False,False,,4984,400,1
shrinking_b_decay_channels_8_r2,branch_count,T=250,1605,0,2,1951811,0.0936965,True,False,False,,3690,1023,1
shrinking_b_decay_channels_8_r2,branch_count,T=400,1605,0,3,1951811,0.1098477,True,False,False,,2401,1644,1
shrinking_b_decay_channels_8_r2,branch_count,cost_model_cold,1605,0,4,1951811,0.0889125,True,False,False,,4616,583,1
shrinking_b_decay_channels_8_r2,branch_count,cost_model_warm,1605,0,5,1951811,0.0625611,True,False,False,,3909,920,1
shrinking_b_decay_channels_8_r2,branch_count,timing,1605,0,6,1951811,0.0986338,True,False,False,,5751,2,2
shrinking_b_decay_channels_8_r2,branch_count,timing_ovr1,1605,0,7,1951811,0.1221687,True,False,False,,896,2356,3
shrinking_b_decay_channels_8_r2,branch_count,timing_ovr2,1605,0,8,1951811,0.0928005,True,False,False,,5639,39,4
shrinking_b_decay_channels_8_r2,branch_count,T=100,1605,1,0,1951811,0.0685406,True,False,False,,4984,400,1
shrinking_b_decay_channels_8_r2,branch_count,T=250,1605,1,1,1951811,0.0728731,True,False,False,,3690,1023,1
shrinking_b_decay_channels_8_r2,branch_count,T=400,1605,1,2,1951811,0.0685738,True,False,False,,2401,1644,1
shrinking_b_decay_channels_8_r2,branch_count,cost_model_cold,1605,1,3,1951811,0.0657465,True,False,False,,4616,583,1
shrinking_b_decay_channels_8_r2,branch_count,cost_model_warm,1605,1,4,1951811,0.0613333,True,False,False,,3909,920,1
shrinking_b_decay_channels_8_r2,branch_count,timing,1605,1,5,1951811,0.1047462,True,False,False,,5751,2,2
shrinking_b_decay_channels_8_r2,branch_count,timing_ovr1,1605,1,6,1951811,0.1124561,True,False,False,,1046,2278,5
shrinking_b_decay_channels_8_r2,branch_count,timing_ovr2,1605,1,7,1951811,0.0801561,True,False,False,,5751,2,2
shrinking_b_decay_channels_8_r2,branch_count,timing_ovr1_eager,1605,1,8,1951811,0.0549342,True,False,False,,3826,938,21
shrinking_b_decay_channels_8_r2,branch_count,T=250,1606,0,0,1951811,0.0670813,True,False,False,,3606,1023,1
shrinking_b_decay_channels_8_r2,branch_count,T=400,1606,0,1,1951811,0.0780619,True,False,False,,2342,1646,1
shrinking_b_decay_channels_8_r2,branch_count,cost_model_cold,1606,0,2,1951811,0.0901361,True,False,False,,4534,582,1
shrinking_b_decay_channels_8_r2,branch_count,cost_model_warm,1606,0,3,1951811,0.0912382,True,False,False,,3833,920,1
shrinking_b_decay_channels_8_r2,branch_count,timing,1606,0,4,1951811,0.0870318,True,False,False,,5701,2,2
shrinking_b_decay_channels_8_r2,branch_count,timing_ovr1,1606,0,5,1951811,0.0688267,True,False,False,,5701,2,2
shrinking_b_decay_channels_8_r2,branch_count,timing_ovr2,1606,0,6,1951811,0.0688677,True,False,False,,5701,2,2
shrinking_b_decay_channels_8_r2,branch_count,timing_ovr1_eager,1606,0,7,1951811,0.1146774,True,False,False,,1883,1881,19
shrinking_b_decay_channels_8_r2,branch_count,T=100,1606,0,8,1951811,0.084357,True,False,False,,4899,402,1
shrinking_b_decay_channels_8_r2,branch_count,T=400,1606,1,0,1951811,0.1004288,True,False,False,,2342,1646,1
shrinking_b_decay_channels_8_r2,branch_count,cost_model_cold,1606,1,1,1951811,0.0835203,True,False,False,,4534,582,1
shrinking_b_decay_channels_8_r2,branch_count,cost_model_warm,1606,1,2,1951811,0.0717092,True,False,False,,3833,920,1
shrinking_b_decay_channels_8_r2,branch_count,timing,1606,1,3,1951811,0.0875735,True,False,False,,5701,2,2
shrinking_b_decay_channels_8_r2,branch_count,timing_ovr1,1606,1,4,1951811,0.0672308,True,False,False,,5701,2,2
shrinking_b_decay_channels_8_r2,branch_count,timing_ovr2,1606,1,5,1951811,0.0809976,True,False,False,,5701,2,2
shrinking_b_decay_channels_8_r2,branch_count,timing_ovr1_eager,1606,1,6,1951811,0.0821061,True,False,False,,5560,63,24
shrinking_b_decay_channels_8_r2,branch_count,T=100,1606,1,7,1951811,0.0560916,True,False,False,,4899,402,1
shrinking_b_decay_channels_8_r2,branch_count,T=250,1606,1,8,1951811,0.0609145,True,False,False,,3606,1023,1
shrinking_b_decay_channels_8_r2,branch_count,cost_model_cold,1607,0,0,1951811,0.0632556,True,False,False,,4570,581,1
shrinking_b_decay_channels_8_r2,branch_count,cost_model_warm,1607,0,1,1951811,0.0722773,True,False,False,,3860,923,1
shrinking_b_decay_channels_8_r2,branch_count,timing,1607,0,2,1951811,0.106794,True,False,False,,5714,2,2
shrinking_b_decay_channels_8_r2,branch_count,timing_ovr1,1607,0,3,1951811,0.153779,True,False,False,,539,2518,3
shrinking_b_decay_channels_8_r2,branch_count,timing_ovr2,1607,0,4,1951811,0.067985,True,False,False,,5714,2,2
shrinking_b_decay_channels_8_r2,branch_count,timing_ovr1_eager,1607,0,5,1951811,0.0893047,True,False,False,,4449,633,22
shrinking_b_decay_channels_8_r2,branch_count,T=100,1607,0,6,1951811,0.0852119,True,False,False,,4958,398,1
shrinking_b_decay_channels_8_r2,branch_count,T=250,1607,0,7,1951811,0.0870288,True,False,False,,3644,1026,1
shrinking_b_decay_channels_8_r2,branch_count,T=400,1607,0,8,1951811,0.0985039,True,False,False,,2380,1645,1
shrinking_b_decay_channels_8_r2,branch_count,cost_model_warm,1607,1,0,1951811,0.0748183,True,False,False,,3860,923,1
shrinking_b_decay_channels_8_r2,branch_count,timing,1607,1,1,1951811,0.0620897,True,False,False,,5714,2,2
shrinking_b_decay_channels_8_r2,branch_count,timing_ovr1,1607,1,2,1951811,0.119634,True,False,False,,1541,2027,3
shrinking_b_decay_channels_8_r2,branch_count,timing_ovr2,1607,1,3,1951811,0.0966122,True,False,False,,5714,2,2
shrinking_b_decay_channels_8_r2,branch_count,timing_ovr1_eager,1607,1,4,1951811,0.0818191,True,False,False,,5437,176,28
shrinking_b_decay_channels_8_r2,branch_count,T=100,1607,1,5,1951811,0.0547724,True,False,False,,4958,398,1
shrinking_b_decay_channels_8_r2,branch_count,T=250,1607,1,6,1951811,0.0821038,True,False,False,,3644,1026,1
shrinking_b_decay_channels_8_r2,branch_count,T=400,1607,1,7,1951811,0.0884274,True,False,False,,2380,1645,1
shrinking_b_decay_channels_8_r2,branch_count,cost_model_cold,1607,1,8,1951811,0.0450716,True,False,False,,4570,581,1
shrinking_b_decay_channels_8_r2,branch_count,timing,1608,0,0,1951811,0.0653354,True,False,False,,5792,2,2
shrinking_b_decay_channels_8_r2,branch_count,timing_ovr1,1608,0,1,1951811,0.0759477,True,False,False,,2531,1565,5
shrinking_b_decay_channels_8_r2,branch_count,timing_ovr2,1608,0,2,1951811,0.078544,True,False,False,,5792,2,2
shrinking_b_decay_channels_8_r2,branch_count,timing_ovr1_eager,1608,0,3,1951811,0.1165756,True,False,False,,1084,2256,15
shrinking_b_decay_channels_8_r2,branch_count,T=100,1608,0,4,1951811,0.0657032,True,False,False,,4986,401,1
shrinking_b_decay_channels_8_r2,branch_count,T=250,1608,0,5,1951811,0.0954428,True,False,False,,3688,1025,1
shrinking_b_decay_channels_8_r2,branch_count,T=400,1608,0,6,1951811,0.1048374,True,False,False,,2406,1646,1
shrinking_b_decay_channels_8_r2,branch_count,cost_model_cold,1608,0,7,1951811,0.0794953,True,False,False,,4611,583,1
shrinking_b_decay_channels_8_r2,branch_count,cost_model_warm,1608,0,8,1951811,0.0668501,True,False,False,,3901,919,1
shrinking_b_decay_channels_8_r2,branch_count,timing_ovr1,1608,1,0,1951811,0.0937155,True,False,False,,1717,1951,5
shrinking_b_decay_channels_8_r2,branch_count,timing_ovr2,1608,1,1,1951811,0.0593557,True,False,False,,5741,5,4
shrinking_b_decay_channels_8_r2,branch_count,timing_ovr1_eager,1608,1,2,1951811,0.0908653,True,False,False,,4219,752,25
shrinking_b_decay_channels_8_r2,branch_count,T=100,1608,1,3,1951811,0.0866897,True,False,False,,4986,401,1
shrinking_b_decay_channels_8_r2,branch_count,T=250,1608,1,4,1951811,0.0826042,True,False,False,,3688,1025,1
shrinking_b_decay_channels_8_r2,branch_count,T=400,1608,1,5,1951811,0.0928306,True,False,False,,2406,1646,1
shrinking_b_decay_channels_8_r2,branch_count,cost_model_cold,1608,1,6,1951811,0.0797005,True,False,False,,4611,583,1
shrinking_b_decay_channels_8_r2,branch_count,cost_model_warm,1608,1,7,1951811,0.0580107,True,False,False,,3901,919,1
shrinking_b_decay_channels_8_r2,branch_count,timing,1608,1,8,1951811,0.0645681,True,False,False,,5792,2,2
dense_support_q4_r05,dense_support,timing_ovr2,1601,0,0,21464587,0.134508,True,False,False,,916,722,3
dense_support_q4_r05,dense_support,timing_ovr1_eager,1601,0,1,21464587,0.1468234,True,False,False,,478,746,9
dense_support_q4_r05,dense_support,T=100,1601,0,2,21464587,0.197232,True,False,False,,12908,308,1
dense_support_q4_r05,dense_support,T=250,1601,0,3,21464587,0.1714091,True,False,False,,1104,711,1
dense_support_q4_r05,dense_support,T=400,1601,0,4,21464587,0.1954314,True,False,False,,1,774,1
dense_support_q4_r05,dense_support,cost_model_cold,1601,0,5,21464587,0.194627,True,False,False,,1366,697,1
dense_support_q4_r05,dense_support,cost_model_warm,1601,0,6,21464587,0.2068034,True,False,False,,1,774,1
dense_support_q4_r05,dense_support,timing,1601,0,7,21464587,0.2116228,True,False,False,,4614,549,3
dense_support_q4_r05,dense_support,timing_ovr1,1601,0,8,21464587,0.1826887,True,False,False,,270,758,3
dense_support_q4_r05,dense_support,timing_ovr1_eager,1601,1,0,21464587,0.1714149,True,False,False,,71,770,7
dense_support_q4_r05,dense_support,T=100,1601,1,1,21464587,0.2528456,True,False,False,,12908,308,1
dense_support_q4_r05,dense_support,T=250,1601,1,2,21464587,0.1914033,True,False,False,,1104,711,1
dense_support_q4_r05,dense_support,T=400,1601,1,3,21464587,0.173006,True,False,False,,1,774,1
dense_support_q4_r05,dense_support,cost_model_cold,1601,1,4,21464587,0.1643785,True,False,False,,1366,697,1
dense_support_q4_r05,dense_support,cost_model_warm,1601,1,5,21464587,0.2273528,True,False,False,,1,774,1
dense_support_q4_r05,dense_support,timing,1601,1,6,21464587,0.1702827,True,False,False,,1102,711,3
dense_support_q4_r05,dense_support,timing_ovr1,1601,1,7,21464587,0.218841,True,False,False,,280,757,7
dense_support_q4_r05,dense_support,timing_ovr2,1601,1,8,21464587,0.1809125,True,False,False,,3035,617,3
dense_support_q4_r05,dense_support,T=100,1602,0,0,21464587,0.2514811,True,False,False,,12968,308,1
dense_support_q4_r05,dense_support,T=250,1602,0,1,21464587,0.2195805,True,False,False,,1107,711,1
dense_support_q4_r05,dense_support,T=400,1602,0,2,21464587,0.1666854,True,False,False,,1,774,1
dense_support_q4_r05,dense_support,cost_model_cold,1602,0,3,21464587,0.1471939,True,False,False,,1381,697,1
dense_support_q4_r05,dense_support,cost_model_warm,1602,0,4,21464587,0.1679281,True,False,False,,1,774,1
dense_support_q4_r05,dense_support,timing,1602,0,5,21464587,0.2081016,True,False,False,,1355,698,5
dense_support_q4_r05,dense_support,timing_ovr1,1602,0,6,21464587,0.1188234,True,False,False,,256,758,1
dense_support_q4_r05,dense_support,timing_ovr2,1602,0,7,21464587,0.1830158,True,False,False,,276,758,3
dense_support_q4_r05,dense_support,timing_ovr1_eager,1602,0,8,21464587,0.1955032,True,False,False,,165,766,7
dense_support_q4_r05,dense_support,T=250,1602,1,0,21464587,0.2050589,True,False,False,,1107,711,1
dense_support_q4_r05,dense_support,T=400,1602,1,1,21464587,0.189202,True,False,False,,1,774,1
dense_support_q4_r05,dense_support,cost_model_cold,1602,1,2,21464587,0.1628772,True,False,False,,1381,697,1
dense_support_q4_r05,dense_support,cost_model_warm,1602,1,3,21464587,0.2273381,True,False,False,,1,774,1
dense_support_q4_r05,dense_support,timing,1602,1,4,21464587,0.1999545,True,False,False,,3543,597,3
dense_support_q4_r05,dense_support,timing_ovr1,1602,1,5,21464587,0.1942759,True,False,False,,256,758,1
dense_support_q4_r05,dense_support,timing_ovr2,1602,1,6,21464587,0.1740224,True,False,False,,877,724,3
dense_support_q4_r05,dense_support,timing_ovr1_eager,1602,1,7,21464587,0.1663036,True,False,False,,128,766,15
dense_support_q4_r05,dense_support,T=100,1602,1,8,21464587,0.2323259,True,False,False,,12968,308,1
dense_support_q4_r05,dense_support,T=400,1603,0,0,21464587,0.1561702,True,False,False,,1,774,1
dense_support_q4_r05,dense_support,cost_model_cold,1603,0,1,21464587,0.2135133,True,False,False,,1352,697,1
dense_support_q4_r05,dense_support,cost_model_warm,1603,0,2,21464587,0.1385964,True,False,False,,1,774,1
dense_support_q4_r05,dense_support,timing,1603,0,3,21464587,0.1878718,True,False,False,,656,735,3
dense_support_q4_r05,dense_support,timing_ovr1,1603,0,4,21464587,0.2317606,True,False,False,,287,757,3
dense_support_q4_r05,dense_support,timing_ovr2,1603,0,5,21464587,0.1728655,True,False,False,,312,755,3
dense_support_q4_r05,dense_support,timing_ovr1_eager,1603,0,6,21464587,0.2241552,True,False,False,,94,769,7
dense_support_q4_r05,dense_support,T=100,1603,0,7,21464587,0.3027919,True,False,False,,12955,308,1
dense_support_q4_r05,dense_support,T=250,1603,0,8,21464587,0.1609636,True,False,False,,1083,711,1
dense_support_q4_r05,dense_support,cost_model_cold,1603,1,0,21464587,0.1817432,True,False,False,,1352,697,1
dense_support_q4_r05,dense_support,cost_model_warm,1603,1,1,21464587,0.1847131,True,False,False,,1,774,1
dense_support_q4_r05,dense_support,timing,1603,1,2,21464587,0.1597665,True,False,False,,8018,434,5
dense_support_q4_r05,dense_support,timing_ovr1,1603,1,3,21464587,0.1847381,True,False,False,,676,735,5
dense_support_q4_r05,dense_support,timing_ovr2,1603,1,4,21464587,0.2064554,True,False,False,,1259,703,3
dense_support_q4_r05,dense_support,timing_ovr1_eager,1603,1,5,21464587,0.1662995,True,False,False,,91,769,7
dense_support_q4_r05,dense_support,T=100,1603,1,6,21464587,0.1827107,True,False,False,,12955,308,1
dense_support_q4_r05,dense_support,T=250,1603,1,7,21464587,0.232183,True,False,False,,1083,711,1
dense_support_q4_r05,dense_support,T=400,1603,1,8,21464587,0.176415,True,False,False,,1,774,1
dense_support_q4_r05,dense_support,cost_model_warm,1604,0,0,21464587,0.2188167,True,False,False,,1,774,1
dense_support_q4_r05,dense_support,timing,1604,0,1,21464587,0.1855241,True,False,False,,394,752,3
dense_support_q4_r05,dense_support,timing_ovr1,1604,0,2,21464587,0.126833,True,False,False,,283,757,5
dense_support_q4_r05,dense_support,timing_ovr2,1604,0,3,21464587,0.1484841,True,False,False,,10773,370,11
dense_support_q4_r05,dense_support,timing_ovr1_eager,1604,0,4,21464587,0.1654245,True,False,False,,96,769,7
dense_support_q4_r05,dense_support,T=100,1604,0,5,21464587,0.2650799,True,False,False,,12817,308,1
dense_support_q4_r05,dense_support,T=250,1604,0,6,21464587,0.1582659,True,False,False,,1087,711,1
dense_support_q4_r05,dense_support,T=400,1604,0,7,21464587,0.1796183,True,False,False,,1,774,1
dense_support_q4_r05,dense_support,cost_model_cold,1604,0,8,21464587,0.1427724,True,False,False,,1360,697,1
dense_support_q4_r05,dense_support,timing,1604,1,0,21464587,0.1447204,True,False,False,,423,750,3
dense_support_q4_r05,dense_support,timing_ovr1,1604,1,1,21464587,0.1953575,True,False,False,,289,757,11
dense_support_q4_r05,dense_support,timing_ovr2,1604,1,2,21464587,0.1603263,True,False,False,,2864,624,5
dense_support_q4_r05,dense_support,timing_ovr1_eager,1604,1,3,21464587,0.161314,True,False,False,,89,769,5
dense_support_q4_r05,dense_support,T=100,1604,1,4,21464587,0.2171933,True,False,False,,12817,308,1
dense_support_q4_r05,dense_support,T=250,1604,1,5,21464587,0.1630438,True,False,False,,1087,711,1
dense_support_q4_r05,dense_support,T=400,1604,1,6,21464587,0.1933227,True,False,False,,1,774,1
dense_support_q4_r05,dense_support,cost_model_cold,1604,1,7,21464587,0.1568029,True,False,False,,1360,697,1
dense_support_q4_r05,dense_support,cost_model_warm,1604,1,8,21464587,0.1825286,True,False,False,,1,774,1
dense_support_q4_r05,dense_support,timing_ovr1,1605,0,0,21464587,0.1790205,True,False,False,,278,758,9
dense_support_q4_r05,dense_support,timing_ovr2,1605,0,1,21464587,0.1939151,True,False,False,,746,731,3
dense_support_q4_r05,dense_support,timing_ovr1_eager,1605,0,2,21464587,0.1561952,True,False,False,,591,741,9
dense_support_q4_r05,dense_support,T=100,1605,0,3,21464587,0.1835729,True,False,False,,12946,308,1
dense_support_q4_r05,dense_support,T=250,1605,0,4,21464587,0.1506043,True,False,False,,1097,711,1
dense_support_q4_r05,dense_support,T=400,1605,0,5,21464587,0.2010149,True,False,False,,1,774,1
dense_support_q4_r05,dense_support,cost_model_cold,1605,0,6,21464587,0.2174802,True,False,False,,1364,698,1
dense_support_q4_r05,dense_support,cost_model_warm,1605,0,7,21464587,0.1961846,True,False,False,,1,774,1
dense_support_q4_r05,dense_support,timing,1605,0,8,21464587,0.1455359,True,False,False,,3978,575,5
dense_support_q4_r05,dense_support,timing_ovr2,1605,1,0,21464587,0.1529723,True,False,False,,520,743,3
dense_support_q4_r05,dense_support,timing_ovr1_eager,1605,1,1,21464587,0.1564431,True,False,False,,87,770,9
dense_support_q4_r05,dense_support,T=100,1605,1,2,21464587,0.2044368,True,False,False,,12946,308,1
dense_support_q4_r05,dense_support,T=250,1605,1,3,21464587,0.1698051,True,False,False,,1097,711,1
dense_support_q4_r05,dense_support,T=400,1605,1,4,21464587,0.1796699,True,False,False,,1,774,1
dense_support_q4_r05,dense_support,cost_model_cold,1605,1,5,21464587,0.1521143,True,False,False,,1364,698,1
dense_support_q4_r05,dense_support,cost_model_warm,1605,1,6,21464587,0.1935639,True,False,False,,1,774,1
dense_support_q4_r05,dense_support,timing,1605,1,7,21464587,0.1845803,True,False,False,,1699,692,5
dense_support_q4_r05,dense_support,timing_ovr1,1605,1,8,21464587,0.207503,True,False,False,,256,759,1
dense_support_q4_r05,dense_support,timing_ovr1_eager,1606,0,0,21464587,0.1472778,True,False,False,,110,767,7
dense_support_q4_r05,dense_support,T=100,1606,0,1,21464587,0.1891653,True,False,False,,12979,308,1
dense_support_q4_r05,dense_support,T=250,1606,0,2,21464587,0.1839753,True,False,False,,1108,711,1
dense_support_q4_r05,dense_support,T=400,1606,0,3,21464587,0.2074011,True,False,False,,1,774,1
dense_support_q4_r05,dense_support,cost_model_cold,1606,0,4,21464587,0.1511801,True,False,False,,1369,697,1
dense_support_q4_r05,dense_support,cost_model_warm,1606,0,5,21464587,0.163723,True,False,False,,1,774,1
dense_support_q4_r05,dense_support,timing,1606,0,6,21464587,0.1443947,True,False,False,,8520,421,5
dense_support_q4_r05,dense_support,timing_ovr1,1606,0,7,21464587,0.1577993,True,False,False,,277,758,5
dense_support_q4_r05,dense_support,timing_ovr2,1606,0,8,21464587,0.2245353,True,False,False,,804,728,3
dense_support_q4_r05,dense_support,T=100,1606,1,0,21464587,0.2227157,True,False,False,,12979,308,1
dense_support_q4_r05,dense_support,T=250,1606,1,1,21464587,0.1972296,True,False,False,,1108,711,1
dense_support_q4_r05,dense_support,T=400,1606,1,2,21464587,0.2134742,True,False,False,,1,774,1
dense_support_q4_r05,dense_support,cost_model_cold,1606,1,3,21464587,0.1988147,True,False,False,,1369,697,1
dense_support_q4_r05,dense_support,cost_model_warm,1606,1,4,21464587,0.1993859,True,False,False,,1,774,1
dense_support_q4_r05,dense_support,timing,1606,1,5,21464587,0.1790153,True,False,False,,2193,657,5
dense_support_q4_r05,dense_support,timing_ovr1,1606,1,6,21464587,0.177771,True,False,False,,292,757,3
dense_support_q4_r05,dense_support,timing_ovr2,1606,1,7,21464587,0.161417,True,False,False,,1149,709,3
dense_support_q4_r05,dense_support,timing_ovr1_eager,1606,1,8,21464587,0.1568944,True,False,False,,112,767,9
dense_support_q4_r05,dense_support,T=250,1607,0,0,21464587,0.1874805,True,False,False,,1080,711,1
dense_support_q4_r05,dense_support,T=400,1607,0,1,21464587,0.1507956,True,False,False,,1,774,1
dense_support_q4_r05,dense_support,cost_model_cold,1607,0,2,21464587,0.1468057,True,False,False,,1352,698,1
dense_support_q4_r05,dense_support,cost_model_warm,1607,0,3,21464587,0.1873092,True,False,False,,1,774,1
dense_support_q4_r05,dense_support,timing,1607,0,4,21464587,0.1697127,True,False,False,,1700,679,3
dense_support_q4_r05,dense_support,timing_ovr1,1607,0,5,21464587,0.1630523,True,False,False,,272,757,7
dense_support_q4_r05,dense_support,timing_ovr2,1607,0,6,21464587,0.1541767,True,False,False,,1337,698,3
dense_support_q4_r05,dense_support,timing_ovr1_eager,1607,0,7,21464587,0.1780208,True,False,False,,82,769,7
dense_support_q4_r05,dense_support,T=100,1607,0,8,21464587,0.2216258,True,False,False,,12912,308,1
dense_support_q4_r05,dense_support,T=400,1607,1,0,21464587,0.1609551,True,False,False,,1,774,1
dense_support_q4_r05,dense_support,cost_model_cold,1607,1,1,21464587,0.2180477,True,False,False,,1352,698,1
dense_support_q4_r05,dense_support,cost_model_warm,1607,1,2,21464587,0.1850697,True,False,False,,1,774,1
dense_support_q4_r05,dense_support,timing,1607,1,3,21464587,0.1866166,True,False,False,,3619,590,3
dense_support_q4_r05,dense_support,timing_ovr1,1607,1,4,21464587,0.1333233,True,False,False,,267,757,11
dense_support_q4_r05,dense_support,timing_ovr2,1607,1,5,21464587,0.1261456,True,False,False,,1336,699,7
dense_support_q4_r05,dense_support,timing_ovr1_eager,1607,1,6,21464587,0.1205335,True,False,False,,85,769,11
dense_support_q4_r05,dense_support,T=100,1607,1,7,21464587,0.1288143,True,False,False,,12912,308,1
dense_support_q4_r05,dense_support,T=250,1607,1,8,21464587,0.191868,True,False,False,,1080,711,1
dense_support_q4_r05,dense_support,cost_model_cold,1608,0,0,21464587,0.1747538,True,False,False,,1354,697,1
dense_support_q4_r05,dense_support,cost_model_warm,1608,0,1,21464587,0.1504111,True,False,False,,1,774,1
dense_support_q4_r05,dense_support,timing,1608,0,2,21464587,0.2022588,True,False,False,,3540,617,5
dense_support_q4_r05,dense_support,timing_ovr1,1608,0,3,21464587,0.1657733,True,False,False,,307,756,7
dense_support_q4_r05,dense_support,timing_ovr2,1608,0,4,21464587,0.1512858,True,False,False,,1402,696,9
dense_support_q4_r05,dense_support,timing_ovr1_eager,1608,0,5,21464587,0.1435948,True,False,False,,108,767,5
dense_support_q4_r05,dense_support,T=100,1608,0,6,21464587,0.1501238,True,False,False,,13027,308,1
dense_support_q4_r05,dense_support,T=250,1608,0,7,21464587,0.1584535,True,False,False,,1099,711,1
dense_support_q4_r05,dense_support,T=400,1608,0,8,21464587,0.1734407,True,False,False,,1,774,1
dense_support_q4_r05,dense_support,cost_model_warm,1608,1,0,21464587,0.1757375,True,False,False,,1,774,1
dense_support_q4_r05,dense_support,timing,1608,1,1,21464587,0.184047,True,False,False,,2966,620,3
dense_support_q4_r05,dense_support,timing_ovr1,1608,1,2,21464587,0.1492461,True,False,False,,304,757,7
dense_support_q4_r05,dense_support,timing_ovr2,1608,1,3,21464587,0.1845138,True,False,False,,297,756,3
dense_support_q4_r05,dense_support,timing_ovr1_eager,1608,1,4,21464587,0.2005596,True,False,False,,91,768,5
dense_support_q4_r05,dense_support,T=100,1608,1,5,21464587,0.181209,True,False,False,,13027,308,1
dense_support_q4_r05,dense_support,T=250,1608,1,6,21464587,0.1651727,True,False,False,,1099,711,1
dense_support_q4_r05,dense_support,T=400,1608,1,7,21464587,0.1809456,True,False,False,,1,774,1
dense_support_q4_r05,dense_support,cost_model_cold,1608,1,8,21464587,0.1504828,True,False,False,,1354,697,1
dense_support_q4_r1,dense_support,timing,1601,0,0,85858348,0.4926013,True,False,False,,20239,748,7
dense_support_q4_r1,dense_support,timing_ovr1,1601,0,1,85858348,0.6467277,True,False,False,,3920,1340,9
dense_support_q4_r1,dense_support,timing_ovr2,1601,0,2,85858348,0.5368253,True,False,False,,3813,1337,3
dense_support_q4_r1,dense_support,timing_ovr1_eager,1601,0,3,85858348,0.6996926,True,False,False,,509,1517,15
dense_support_q4_r1,dense_support,T=100,1601,0,4,85858348,0.7164971,True,False,False,,52389,209,1
dense_support_q4_r1,dense_support,T=250,1601,0,5,85858348,0.6418585,True,False,False,,19008,779,1
dense_support_q4_r1,dense_support,T=400,1601,0,6,85858348,0.5144795,True,False,False,,6969,1189,1
dense_support_q4_r1,dense_support,cost_model_cold,1601,0,7,85858348,0.6227254,True,False,False,,19101,776,1
dense_support_q4_r1,dense_support,cost_model_warm,1601,0,8,85858348,0.6513146,True,False,False,,7171,1181,1
dense_support_q4_r1,dense_support,timing_ovr1,1601,1,0,85858348,0.7239599,True,False,False,,298,1528,3
dense_support_q4_r1,dense_support,timing_ovr2,1601,1,1,85858348,0.7599125,True,False,False,,1014,1487,3
dense_support_q4_r1,dense_support,timing_ovr1_eager,1601,1,2,85858348,0.6651584,True,False,False,,712,1506,21
dense_support_q4_r1,dense_support,T=100,1601,1,3,85858348,0.7713607,True,False,False,,52389,209,1
dense_support_q4_r1,dense_support,T=250,1601,1,4,85858348,0.6237824,True,False,False,,19008,779,1
dense_support_q4_r1,dense_support,T=400,1601,1,5,85858348,0.6588059,True,False,False,,6969,1189,1
dense_support_q4_r1,dense_support,cost_model_cold,1601,1,6,85858348,0.5824455,True,False,False,,19101,776,1
dense_support_q4_r1,dense_support,cost_model_warm,1601,1,7,85858348,0.6231419,True,False,False,,7171,1181,1
dense_support_q4_r1,dense_support,timing,1601,1,8,85858348,0.6966042,True,False,False,,9311,1096,5
dense_support_q4_r1,dense_support,timing_ovr2,1602,0,0,85858348,0.7833562,True,False,False,,1761,1446,5
dense_support_q4_r1,dense_support,timing_ovr1_eager,1602,0,1,85858348,0.7037912,True,False,False,,1793,1446,19
dense_support_q4_r1,dense_support,T=100,1602,0,2,85858348,0.7637176,True,False,False,,52333,209,1
dense_support_q4_r1,dense_support,T=250,1602,0,3,85858348,0.5893076,True,False,False,,19083,779,1
dense_support_q4_r1,dense_support,T=400,1602,0,4,85858348,0.7411973,True,False,False,,7103,1189,1
dense_support_q4_r1,dense_support,cost_model_cold,1602,0,5,85858348,0.6518574,True,False,False,,19174,776,1
dense_support_q4_r1,dense_support,cost_model_warm,1602,0,6,85858348,0.5570349,True,False,False,,7294,1181,1
dense_support_q4_r1,dense_support,timing,1602,0,7,85858348,0.6112851,True,False,False,,10227,1064,5
dense_support_q4_r1,dense_support,timing_ovr1,1602,0,8,85858348,0.715419,True,False,False,,758,1503,7
dense_support_q4_r1,dense_support,timing_ovr1_eager,1602,1,0,85858348,0.6507341,True,False,False,,369,1525,11
dense_support_q4_r1,dense_support,T=100,1602,1,1,85858348,0.8441186,True,False,False,,52333,209,1
dense_support_q4_r1,dense_support,T=250,1602,1,2,85858348,0.5609923,True,False,False,,19083,779,1
dense_support_q4_r1,dense_support,T=400,1602,1,3,85858348,0.5505696,True,False,False,,7103,1189,1
dense_support_q4_r1,dense_support,cost_model_cold,1602,1,4,85858348,0.5983799,True,False,False,,19174,776,1
dense_support_q4_r1,dense_support,cost_model_warm,1602,1,5,85858348,0.5420593,True,False,False,,7294,1181,1
dense_support_q4_r1,dense_support,timing,1602,1,6,85858348,0.5001268,True,False,False,,16710,847,9
dense_support_q4_r1,dense_support,timing_ovr1,1602,1,7,85858348,0.7752877,True,False,False,,576,1512,3
dense_support_q4_r1,dense_support,timing_ovr2,1602,1,8,85858348,0.7419743,True,False,False,,2584,1407,7
dense_support_q4_r1,dense_support,T=100,1603,0,0,85858348,0.6460847,True,False,False,,52282,209,1
dense_support_q4_r1,dense_support,T=250,1603,0,1,85858348,0.6285242,True,False,False,,19047,779,1
dense_support_q4_r1,dense_support,T=400,1603,0,2,85858348,0.6825317,True,False,False,,7018,1189,1
dense_support_q4_r1,dense_support,cost_model_cold,1603,0,3,85858348,0.6699946,True,False,False,,19149,776,1
dense_support_q4_r1,dense_support,cost_model_warm,1603,0,4,85858348,0.6778783,True,False,False,,7225,1181,1
dense_support_q4_r1,dense_support,timing,1603,0,5,85858348,0.654133,True,False,False,,19298,774,9
dense_support_q4_r1,dense_support,timing_ovr1,1603,0,6,85858348,0.7112107,True,False,False,,569,1512,5
dense_support_q4_r1,dense_support,timing_ovr2,1603,0,7,85858348,0.7441411,True,False,False,,1144,1481,5
dense_support_q4_r1,dense_support,timing_ovr1_eager,1603,0,8,85858348,0.6785157,True,False,False,,253,1533,11
dense_support_q4_r1,dense_support,T=250,1603,1,0,85858348,0.5698669,True,False,False,,19047,779,1
dense_support_q4_r1,dense_support,T=400,1603,1,1,85858348,0.7378579,True,False,False,,7018,1189,1
dense_support_q4_r1,dense_support,cost_model_cold,1603,1,2,85858348,0.5695851,True,False,False,,19149,776,1
dense_support_q4_r1,dense_support,cost_model_warm,1603,1,3,85858348,0.6653475,True,False,False,,7225,1181,1
dense_support_q4_r1,dense_support,timing,1603,1,4,85858348,0.7162132,True,False,False,,4203,1319,3
dense_support_q4_r1,dense_support,timing_ovr1,1603,1,5,85858348,0.7041175,True,False,False,,1049,1486,15
dense_support_q4_r1,dense_support,timing_ovr2,1603,1,6,85858348,0.688553,True,False,False,,2415,1409,3
dense_support_q4_r1,dense_support,timing_ovr1_eager,1603,1,7,85858348,0.6913099,True,False,False,,1469,1470,21
dense_support_q4_r1,dense_support,T=100,1603,1,8,85858348,0.7907356,True,False,False,,52282,209,1
dense_support_q4_r1,dense_support,T=400,1604,0,0,85858348,0.730629,True,False,False,,6960,1189,1
dense_support_q4_r1,dense_support,cost_model_cold,1604,0,1,85858348,0.6531778,True,False,False,,19034,776,1
dense_support_q4_r1,dense_support,cost_model_warm,1604,0,2,85858348,0.6830677,True,False,False,,7152,1181,1
dense_support_q4_r1,dense_support,timing,1604,0,3,85858348,0.5510198,True,False,False,,17401,864,9
dense_support_q4_r1,dense_support,timing_ovr1,1604,0,4,85858348,0.6655662,True,False,False,,950,1490,11
dense_support_q4_r1,dense_support,timing_ovr2,1604,0,5,85858348,0.7407809,True,False,False,,284,1530,3
dense_support_q4_r1,dense_support,timing_ovr1_eager,1604,0,6,85858348,0.7215309,True,False,False,,1533,1471,23
dense_support_q4_r1,dense_support,T=100,1604,0,7,85858348,0.7269533,True,False,False,,52324,209,1
dense_support_q4_r1,dense_support,T=250,1604,0,8,85858348,0.6568338,True,False,False,,18938,779,1
dense_support_q4_r1,dense_support,cost_model_cold,1604,1,0,85858348,0.6682871,True,False,False,,19034,776,1
dense_support_q4_r1,dense_support,cost_model_warm,1604,1,1,85858348,0.6278204,True,False,False,,7152,1181,1
dense_support_q4_r1,dense_support,timing,1604,1,2,85858348,0.7382299,True,False,False,,26728,599,9
dense_support_q4_r1,dense_support,timing_ovr1,1604,1,3,85858348,0.7670237,True,False,False,,1950,1454,5
dense_support_q4_r1,dense_support,timing_ovr2,1604,1,4,85858348,0.6413607,True,False,False,,3792,1338,3
dense_support_q4_r1,dense_support,timing_ovr1_eager,1604,1,5,85858348,0.7028299,True,False,False,,299,1530,15
dense_support_q4_r1,dense_support,T=100,1604,1,6,85858348,0.7577687,True,False,False,,52324,209,1
dense_support_q4_r1,dense_support,T=250,1604,1,7,85858348,0.5788612,True,False,False,,18938,779,1
dense_support_q4_r1,dense_support,T=400,1604,1,8,85858348,0.6937804,True,False,False,,6960,1189,1
dense_support_q4_r1,dense_support,cost_model_warm,1605,0,0,85858348,0.6301194,True,False,False,,7218,1181,1
dense_support_q4_r1,dense_support,timing,1605,0,1,85858348,0.6214252,True,False,False,,6014,1234,3
dense_support_q4_r1,dense_support,timing_ovr1,1605,0,2,85858348,0.8368741,True,False,False,,826,1503,7
dense_support_q4_r1,dense_support,timing_ovr2,1605,0,3,85858348,0.7850473,True,False,False,,2703,1394,3
dense_support_q4_r1,dense_support,timing_ovr1_eager,1605,0,4,85858348,0.7826632,True,False,False,,688,1506,17
dense_support_q4_r1,dense_support,T=100,1605,0,5,85858348,0.8672069,True,False,False,,52342,208,1
dense_support_q4_r1,dense_support,T=250,1605,0,6,85858348,0.670373,True,False,False,,18987,779,1
dense_support_q4_r1,dense_support,T=400,1605,0,7,85858348,0.6740882,True,False,False,,7010,1189,1
dense_support_q4_r1,dense_support,cost_model_cold,1605,0,8,85858348,0.6787582,True,False,False,,19085,776,1
dense_support_q4_r1,dense_support,timing,1605,1,0,85858348,0.7022653,True,False,False,,11448,1016,5
dense_support_q4_r1,dense_support,timing_ovr1,1605,1,1,85858348,0.8594546,True,False,False,,630,1510,13
dense_support_q4_r1,dense_support,timing_ovr2,1605,1,2,85858348,0.7818677,True,False,False,,2519,1404,3
dense_support_q4_r1,dense_support,timing_ovr1_eager,1605,1,3,85858348,0.8318927,True,False,False,,546,1514,15
dense_support_q4_r1,dense_support,T=100,1605,1,4,85858348,0.7921496,True,False,False,,52342,208,1
dense_support_q4_r1,dense_support,T=250,1605,1,5,85858348,0.7192299,True,False,False,,18987,779,1
dense_support_q4_r1,dense_support,T=400,1605,1,6,85858348,0.6447962,True,False,False,,7010,1189,1
dense_support_q4_r1,dense_support,cost_model_cold,1605,1,7,85858348,0.6214609,True,False,False,,19085,776,1
dense_support_q4_r1,dense_support,cost_model_warm,1605,1,8,85858348,0.5422172,True,False,False,,7218,1181,1
dense_support_q4_r1,dense_support,timing_ovr1,1606,0,0,85858348,0.7223001,True,False,False,,1407,1467,5
dense_support_q4_r1,dense_support,timing_ovr2,1606,0,1,85858348,0.6852636,True,False,False,,7043,1191,5
dense_support_q4_r1,dense_support,timing_ovr1_eager,1606,0,2,85858348,0.74813,True,False,False,,174,1539,11
dense_support_q4_r1,dense_support,T=100,1606,0,3,85858348,0.8065267,True,False,False,,52395,209,1
dense_support_q4_r1,dense_support,T=250,1606,0,4,85858348,0.6777706,True,False,False,,19027,779,1
dense_support_q4_r1,dense_support,T=400,1606,0,5,85858348,0.635535,True,False,False,,7050,1190,1
dense_support_q4_r1,dense_support,cost_model_cold,1606,0,6,85858348,0.6065113,True,False,False,,19125,776,1
dense_support_q4_r1,dense_support,cost_model_warm,1606,0,7,85858348,0.578189,True,False,False,,7248,1181,1
dense_support_q4_r1,dense_support,timing,1606,0,8,85858348,0.6647687,True,False,False,,9571,1093,11
dense_support_q4_r1,dense_support,timing_ovr2,1606,1,0,85858348,0.7608481,True,False,False,,328,1527,3
dense_support_q4_r1,dense_support,timing_ovr1_eager,1606,1,1,85858348,0.803959,True,False,False,,176,1536,11
dense_support_q4_r1,dense_support,T=100,1606,1,2,85858348,0.7445116,True,False,False,,52395,209,1
dense_support_q4_r1,dense_support,T=250,1606,1,3,85858348,0.7041551,True,False,False,,19027,779,1
dense_support_q4_r1,dense_support,T=400,1606,1,4,85858348,0.6324132,True,False,False,,7050,1190,1
dense_support_q4_r1,dense_support,cost_model_cold,1606,1,5,85858348,0.5931168,True,False,False,,19125,776,1
dense_support_q4_r1,dense_support,cost_model_warm,1606,1,6,85858348,0.7306494,True,False,False,,7248,1181,1
dense_support_q4_r1,dense_support,timing,1606,1,7,85858348,0.6714049,True,False,False,,4520,1303,3
dense_support_q4_r1,dense_support,timing_ovr1,1606,1,8,85858348,0.7085755,True,False,False,,1266,1474,11
dense_support_q4_r1,dense_support,timing_ovr1_eager,1607,0,0,85858348,0.7501785,True,False,False,,1101,1480,11
dense_support_q4_r1,dense_support,T=100,1607,0,1,85858348,0.7548552,True,False,False,,52339,209,1
dense_support_q4_r1,dense_support,T=250,1607,0,2,85858348,0.6297045,True,False,False,,19005,778,1
dense_support_q4_r1,dense_support,T=400,1607,0,3,85858348,0.7052332,True,False,False,,6980,1189,1
dense_support_q4_r1,dense_support,cost_model_cold,1607,0,4,85858348,0.6328682,True,False,False,,19100,776,1
dense_support_q4_r1,dense_support,cost_model_warm,1607,0,5,85858348,0.6240843,True,False,False,,7166,1181,1
dense_support_q4_r1,dense_support,timing,1607,0,6,85858348,0.6247655,True,False,False,,12188,990,9
dense_support_q4_r1,dense_support,timing_ovr1,1607,0,7,85858348,0.6791457,True,False,False,,316,1526,3
dense_support_q4_r1,dense_support,timing_ovr2,1607,0,8,85858348,0.5975534,True,False,False,,3364,1370,5
dense_support_q4_r1,dense_support,T=100,1607,1,0,85858348,0.8159566,True,False,False,,52339,209,1
dense_support_q4_r1,dense_support,T=250,1607,1,1,85858348,0.6847647,True,False,False,,19005,778,1
dense_support_q4_r1,dense_support,T=400,1607,1,2,85858348,0.6612246,True,False,False,,6980,1189,1
dense_support_q4_r1,dense_support,cost_model_cold,1607,1,3,85858348,0.6583378,True,False,False,,19100,776,1
dense_support_q4_r1,dense_support,cost_model_warm,1607,1,4,85858348,0.7321927,True,False,False,,7166,1181,1
dense_support_q4_r1,dense_support,timing,1607,1,5,85858348,0.6757737,True,False,False,,15203,890,5
dense_support_q4_r1,dense_support,timing_ovr1,1607,1,6,85858348,0.751482,True,False,False,,256,1530,1
dense_support_q4_r1,dense_support,timing_ovr2,1607,1,7,85858348,0.674749,True,False,False,,3652,1344,5
dense_support_q4_r1,dense_support,timing_ovr1_eager,1607,1,8,85858348,0.8036279,True,False,False,,465,1521,19
dense_support_q4_r1,dense_support,T=250,1608,0,0,85858348,0.624752,True,False,False,,19105,779,1
dense_support_q4_r1,dense_support,T=400,1608,0,1,85858348,0.6717296,True,False,False,,7031,1189,1
dense_support_q4_r1,dense_support,cost_model_cold,1608,0,2,85858348,0.5560557,True,False,False,,19214,776,1
dense_support_q4_r1,dense_support,cost_model_warm,1608,0,3,85858348,0.7083466,True,False,False,,7235,1181,1
dense_support_q4_r1,dense_support,timing,1608,0,4,85858348,0.7265253,True,False,False,,1790,1443,3
dense_support_q4_r1,dense_support,timing_ovr1,1608,0,5,85858348,0.7786263,True,False,False,,472,1518,5
dense_support_q4_r1,dense_support,timing_ovr2,1608,0,6,85858348,0.6691183,True,False,False,,5312,1267,3
dense_support_q4_r1,dense_support,timing_ovr1_eager,1608,0,7,85858348,0.7318886,True,False,False,,136,1538,13
dense_support_q4_r1,dense_support,T=100,1608,0,8,85858348,0.8462029,True,False,False,,52602,208,1
dense_support_q4_r1,dense_support,T=400,1608,1,0,85858348,0.659936,True,False,False,,7031,1189,1
dense_support_q4_r1,dense_support,cost_model_cold,1608,1,1,85858348,0.6086994,True,False,False,,19214,776,1
dense_support_q4_r1,dense_support,cost_model_warm,1608,1,2,85858348,0.7063586,True,False,False,,7235,1181,1
dense_support_q4_r1,dense_support,timing,1608,1,3,85858348,0.7095108,True,False,False,,20693,739,7
dense_support_q4_r1,dense_support,timing_ovr1,1608,1,4,85858348,0.7770257,True,False,False,,386,1524,5
dense_support_q4_r1,dense_support,timing_ovr2,1608,1,5,85858348,0.790423,True,False,False,,380,1524,3
dense_support_q4_r1,dense_support,timing_ovr1_eager,1608,1,6,85858348,0.7389749,True,False,False,,479,1519,11
dense_support_q4_r1,dense_support,T=100,1608,1,7,85858348,0.7916462,True,False,False,,52602,208,1
dense_support_q4_r1,dense_support,T=250,1608,1,8,85858348,0.6953566,True,False,False,,19105,779,1
dense_support_q6_r05,dense_support,cost_model_cold,1601,0,0,12433434,0.2299402,True,False,False,,421,564,1
dense_support_q6_r05,dense_support,cost_model_warm,1601,0,1,12433434,0.1532168,True,False,False,,1,589,1
dense_support_q6_r05,dense_support,timing,1601,0,2,12433434,0.1865742,True,False,False,,4800,375,7
dense_support_q6_r05,dense_support,timing_ovr1,1601,0,3,12433434,0.1204626,True,False,False,,269,573,5
dense_support_q6_r05,dense_support,timing_ovr2,1601,0,4,12433434,0.1457241,True,False,False,,1360,516,7
dense_support_q6_r05,dense_support,timing_ovr1_eager,1601,0,5,12433434,0.1743027,True,False,False,,74,585,9
dense_support_q6_r05,dense_support,T=100,1601,0,6,12433434,0.2271427,True,False,False,,6674,312,1
dense_support_q6_r05,dense_support,T=250,1601,0,7,12433434,0.1685417,True,False,False,,1,589,1
dense_support_q6_r05,dense_support,T=400,1601,0,8,12433434,0.2024169,True,False,False,,1,589,1
dense_support_q6_r05,dense_support,cost_model_warm,1601,1,0,12433434,0.2128524,True,False,False,,1,589,1
dense_support_q6_r05,dense_support,timing,1601,1,1,12433434,0.2193386,True,False,False,,272,573,5
dense_support_q6_r05,dense_support,timing_ovr1,1601,1,2,12433434,0.1795228,True,False,False,,297,571,5
dense_support_q6_r05,dense_support,timing_ovr2,1601,1,3,12433434,0.2090016,True,False,False,,384,566,3
dense_support_q6_r05,dense_support,timing_ovr1_eager,1601,1,4,12433434,0.1992428,True,False,False,,72,586,5
dense_support_q6_r05,dense_support,T=100,1601,1,5,12433434,0.1444411,True,False,False,,6674,312,1
dense_support_q6_r05,dense_support,T=250,1601,1,6,12433434,0.1191381,True,False,False,,1,589,1
dense_support_q6_r05,dense_support,T=400,1601,1,7,12433434,0.1553224,True,False,False,,1,589,1
dense_support_q6_r05,dense_support,cost_model_cold,1601,1,8,12433434,0.175867,True,False,False,,421,564,1
dense_support_q6_r05,dense_support,timing,1602,0,0,12433434,0.2867791,True,False,False,,12730,181,5
dense_support_q6_r05,dense_support,timing_ovr1,1602,0,1,12433434,0.2009461,True,False,False,,256,574,1
dense_support_q6_r05,dense_support,timing_ovr2,1602,0,2,12433434,0.1299838,True,False,False,,2000,485,3
dense_support_q6_r05,dense_support,timing_ovr1_eager,1602,0,3,12433434,0.1187743,True,False,False,,102,583,11
dense_support_q6_r05,dense_support,T=100,1602,0,4,12433434,0.152555,True,False,False,,6820,312,1
dense_support_q6_r05,dense_support,T=250,1602,0,5,12433434,0.2245023,True,False,False,,1,589,1
dense_support_q6_r05,dense_support,T=400,1602,0,6,12433434,0.1658614,True,False,False,,1,589,1
dense_support_q6_r05,dense_support,cost_model_cold,1602,0,7,12433434,0.2052682,True,False,False,,433,564,1
dense_support_q6_r05,dense_support,cost_model_warm,1602,0,8,12433434,0.2056361,True,False,False,,1,589,1
dense_support_q6_r05,dense_support,timing_ovr1,1602,1,0,12433434,0.1479105,True,False,False,,256,574,1
dense_support_q6_r05,dense_support,timing_ovr2,1602,1,1,12433434,0.2097685,True,False,False,,1125,528,7
dense_support_q6_r05,dense_support,timing_ovr1_eager,1602,1,2,12433434,0.1336109,True,False,False,,130,581,7
dense_support_q6_r05,dense_support,T=100,1602,1,3,12433434,0.168629,True,False,False,,6820,312,1
dense_support_q6_r05,dense_support,T=250,1602,1,4,12433434,0.1889365,True,False,False,,1,589,1
dense_support_q6_r05,dense_support,T=400,1602,1,5,12433434,0.2044363,True,False,False,,1,589,1
dense_support_q6_r05,dense_support,cost_model_cold,1602,1,6,12433434,0.1374445,True,False,False,,433,564,1
dense_support_q6_r05,dense_support,cost_model_warm,1602,1,7,12433434,0.1883054,True,False,False,,1,589,1
dense_support_q6_r05,dense_support,timing,1602,1,8,12433434,0.1972014,True,False,False,,4390,389,3
dense_support_q6_r05,dense_support,timing_ovr2,1603,0,0,12433434,0.2144629,True,False,False,,1210,522,3
dense_support_q6_r05,dense_support,timing_ovr1_eager,1603,0,1,12433434,0.1858877,True,False,False,,94,584,9
dense_support_q6_r05,dense_support,T=100,1603,0,2,12433434,0.1734146,True,False,False,,6723,312,1
dense_support_q6_r05,dense_support,T=250,1603,0,3,12433434,0.1957021,True,False,False,,1,589,1
dense_support_q6_r05,dense_support,T=400,1603,0,4,12433434,0.1612966,True,False,False,,1,589,1
dense_support_q6_r05,dense_support,cost_model_cold,1603,0,5,12433434,0.1198312,True,False,False,,422,564,1
dense_support_q6_r05,dense_support,cost_model_warm,1603,0,6,12433434,0.2194214,True,False,False,,1,589,1
dense_support_q6_r05,dense_support,timing,1603,0,7,12433434,0.1998439,True,False,False,,2505,461,3
dense_support_q6_r05,dense_support,timing_ovr1,1603,0,8,12433434,0.2277626,True,False,False,,278,573,7
dense_support_q6_r05,dense_support,timing_ovr1_eager,1603,1,0,12433434,0.171442,True,False,False,,93,584,7
dense_support_q6_r05,dense_support,T=100,1603,1,1,12433434,0.1843856,True,False,False,,6723,312,1
dense_support_q6_r05,dense_support,T=250,1603,1,2,12433434,0.2074265,True,False,False,,1,589,1
dense_support_q6_r05,dense_support,T=400,1603,1,3,12433434,0.1889827,True,False,False,,1,589,1
dense_support_q6_r05,dense_support,cost_model_cold,1603,1,4,12433434,0.1479677,True,False,False,,422,564,1
dense_support_q6_r05,dense_support,cost_model_warm,1603,1,5,12433434,0.1438267,True,False,False,,1,589,1
dense_support_q6_r05,dense_support,timing,1603,1,6,12433434,0.1756447,True,False,False,,1819,493,3
dense_support_q6_r05,dense_support,timing_ovr1,1603,1,7,12433434,0.1851134,True,False,False,,260,574,5
dense_support_q6_r05,dense_support,timing_ovr2,1603,1,8,12433434,0.1279118,True,False,False,,1077,529,3
dense_support_q6_r05,dense_support,T=100,1604,0,0,12433434,0.1901957,True,False,False,,6686,312,1
dense_support_q6_r05,dense_support,T=250,1604,0,1,12433434,0.2054487,True,False,False,,1,589,1
dense_support_q6_r05,dense_support,T=400,1604,0,2,12433434,0.20127,True,False,False,,1,589,1
dense_support_q6_r05,dense_support,cost_model_cold,1604,0,3,12433434,0.1497297,True,False,False,,431,564,1
dense_support_q6_r05,dense_support,cost_model_warm,1604,0,4,12433434,0.2323406,True,False,False,,1,589,1
dense_support_q6_r05,dense_support,timing,1604,0,5,12433434,0.2210572,True,False,False,,4381,386,3
dense_support_q6_r05,dense_support,timing_ovr1,1604,0,6,12433434,0.2018155,True,False,False,,266,574,5
dense_support_q6_r05,dense_support,timing_ovr2,1604,0,7,12433434,0.201277,True,False,False,,987,534,3
dense_support_q6_r05,dense_support,timing_ovr1_eager,1604,0,8,12433434,0.1982655,True,False,False,,89,584,5
dense_support_q6_r05,dense_support,T=250,1604,1,0,12433434,0.221426,True,False,False,,1,589,1
dense_support_q6_r05,dense_support,T=400,1604,1,1,12433434,0.1648687,True,False,False,,1,589,1
dense_support_q6_r05,dense_support,cost_model_cold,1604,1,2,12433434,0.1316627,True,False,False,,431,564,1
dense_support_q6_r05,dense_support,cost_model_warm,1604,1,3,12433434,0.2347219,True,False,False,,1,589,1
dense_support_q6_r05,dense_support,timing,1604,1,4,12433434,0.1431371,True,False,False,,347,570,3
dense_support_q6_r05,dense_support,timing_ovr1,1604,1,5,12433434,0.1481318,True,False,False,,260,574,5
dense_support_q6_r05,dense_support,timing_ovr2,1604,1,6,12433434,0.2287123,True,False,False,,2241,472,3
dense_support_q6_r05,dense_support,timing_ovr1_eager,1604,1,7,12433434,0.1687635,True,False,False,,89,584,5
dense_support_q6_r05,dense_support,T=100,1604,1,8,12433434,0.1929675,True,False,False,,6686,312,1
dense_support_q6_r05,dense_support,T=400,1605,0,0,12433434,0.2003761,True,False,False,,1,590,1
dense_support_q6_r05,dense_support,cost_model_cold,1605,0,1,12433434,0.1445081,True,False,False,,438,564,1
dense_support_q6_r05,dense_support,cost_model_warm,1605,0,2,12433434,0.2295642,True,False,False,,1,590,1
dense_support_q6_r05,dense_support,timing,1605,0,3,12433434,0.177149,True,False,False,,1390,513,3
dense_support_q6_r05,dense_support,timing_ovr1,1605,0,4,12433434,0.2015181,True,False,False,,260,574,3
dense_support_q6_r05,dense_support,timing_ovr2,1605,0,5,12433434,0.2406397,True,False,False,,8949,268,7
dense_support_q6_r05,dense_support,timing_ovr1_eager,1605,0,6,12433434,0.1874118,True,False,False,,88,584,15
dense_support_q6_r05,dense_support,T=100,1605,0,7,12433434,0.1871093,True,False,False,,6725,312,1
dense_support_q6_r05,dense_support,T=250,1605,0,8,12433434,0.2023838,True,False,False,,1,590,1
dense_support_q6_r05,dense_support,cost_model_cold,1605,1,0,12433434,0.1872147,True,False,False,,438,564,1
dense_support_q6_r05,dense_support,cost_model_warm,1605,1,1,12433434,0.1861408,True,False,False,,1,590,1
dense_support_q6_r05,dense_support,timing,1605,1,2,12433434,0.1642079,True,False,False,,6622,316,3
dense_support_q6_r05,dense_support,timing_ovr1,1605,1,3,12433434,0.1764034,True,False,False,,265,573,5
dense_support_q6_r05,dense_support,timing_ovr2,1605,1,4,12433434,0.1411995,True,False,False,,1888,488,3
dense_support_q6_r05,dense_support,timing_ovr1_eager,1605,1,5,12433434,0.1154841,True,False,False,,80,585,7
dense_support_q6_r05,dense_support,T=100,1605,1,6,12433434,0.1971131,True,False,False,,6725,312,1
dense_support_q6_r05,dense_support,T=250,1605,1,7,12433434,0.2269497,True,False,False,,1,590,1
dense_support_q6_r05,dense_support,T=400,1605,1,8,12433434,0.1568756,True,False,False,,1,590,1
dense_support_q6_r05,dense_support,cost_model_warm,1606,0,0,12433434,0.1583866,True,False,False,,1,589,1
dense_support_q6_r05,dense_support,timing,1606,0,1,12433434,0.176555,True,False,False,,3007,441,5
dense_support_q6_r05,dense_support,timing_ovr1,1606,0,2,12433434,0.2026667,True,False,False,,283,573,11
dense_support_q6_r05,dense_support,timing_ovr2,1606,0,3,12433434,0.1790496,True,False,False,,1288,523,17
dense_support_q6_r05,dense_support,timing_ovr1_eager,1606,0,4,12433434,0.1382642,True,False,False,,76,585,5
dense_support_q6_r05,dense_support,T=100,1606,0,5,12433434,0.2456912,True,False,False,,6743,312,1
dense_support_q6_r05,dense_support,T=250,1606,0,6,12433434,0.160478,True,False,False,,1,589,1
dense_support_q6_r05,dense_support,T=400,1606,0,7,12433434,0.1775735,True,False,False,,1,589,1
dense_support_q6_r05,dense_support,cost_model_cold,1606,0,8,12433434,0.1951505,True,False,False,,453,564,1
dense_support_q6_r05,dense_support,timing,1606,1,0,12433434,0.2388596,True,False,False,,10405,225,5
dense_support_q6_r05,dense_support,timing_ovr1,1606,1,1,12433434,0.1719294,True,False,False,,277,573,5
dense_support_q6_r05,dense_support,timing_ovr2,1606,1,2,12433434,0.2169508,True,False,False,,365,568,3
dense_support_q6_r05,dense_support,timing_ovr1_eager,1606,1,3,12433434,0.2147716,True,False,False,,110,582,7
dense_support_q6_r05,dense_support,T=100,1606,1,4,12433434,0.1821061,True,False,False,,6743,312,1
dense_support_q6_r05,dense_support,T=250,1606,1,5,12433434,0.1962865,True,False,False,,1,589,1
dense_support_q6_r05,dense_support,T=400,1606,1,6,12433434,0.1950687,True,False,False,,1,589,1
dense_support_q6_r05,dense_support,cost_model_cold,1606,1,7,12433434,0.1279124,True,False,False,,453,564,1
dense_support_q6_r05,dense_support,cost_model_warm,1606,1,8,12433434,0.1126498,True,False,False,,1,589,1
dense_support_q6_r05,dense_support,timing_ovr1,1607,0,0,12433434,0.0872395,True,False,False,,258,573,3
dense_support_q6_r05,dense_support,timing_ovr2,1607,0,1,12433434,0.202322,True,False,False,,1899,489,13
dense_support_q6_r05,dense_support,timing_ovr1_eager,1607,0,2,12433434,0.1770105,True,False,False,,82,584,7
dense_support_q6_r05,dense_support,T=100,1607,0,3,12433434,0.1649089,True,False,False,,6693,312,1
dense_support_q6_r05,dense_support,T=250,1607,0,4,12433434,0.184187,True,False,False,,1,590,1
dense_support_q6_r05,dense_support,T=400,1607,0,5,12433434,0.2281518,True,False,False,,1,590,1
dense_support_q6_r05,dense_support,cost_model_cold,1607,0,6,12433434,0.1354379,True,False,False,,413,564,1
dense_support_q6_r05,dense_support,cost_model_warm,1607,0,7,12433434,0.1898768,True,False,False,,1,590,1
dense_support_q6_r05,dense_support,timing,1607,0,8,12433434,0.177727,True,False,False,,1089,528,3
dense_support_q6_r05,dense_support,timing_ovr2,1607,1,0,12433434,0.2014804,True,False,False,,2363,466,3
dense_support_q6_r05,dense_support,timing_ovr1_eager,1607,1,1,12433434,0.2038446,True,False,False,,78,584,5
dense_support_q6_r05,dense_support,T=100,1607,1,2,12433434,0.1692468,True,False,False,,6693,312,1
dense_support_q6_r05,dense_support,T=250,1607,1,3,12433434,0.2019071,True,False,False,,1,590,1
dense_support_q6_r05,dense_support,T=400,1607,1,4,12433434,0.1914493,True,False,False,,1,590,1
dense_support_q6_r05,dense_support,cost_model_cold,1607,1,5,12433434,0.192158,True,False,False,,413,564,1
dense_support_q6_r05,dense_support,cost_model_warm,1607,1,6,12433434,0.2134708,True,False,False,,1,590,1
dense_support_q6_r05,dense_support,timing,1607,1,7,12433434,0.2025995,True,False,False,,1288,517,3
dense_support_q6_r05,dense_support,timing_ovr1,1607,1,8,12433434,0.2272041,True,False,False,,258,573,3
dense_support_q6_r05,dense_support,timing_ovr1_eager,1608,0,0,12433434,0.2229252,True,False,False,,81,585,9
dense_support_q6_r05,dense_support,T=100,1608,0,1,12433434,0.1640364,True,False,False,,6743,312,1
dense_support_q6_r05,dense_support,T=250,1608,0,2,12433434,0.1656862,True,False,False,,1,589,1
dense_support_q6_r05,dense_support,T=400,1608,0,3,12433434,0.1996166,True,False,False,,1,589,1
dense_support_q6_r05,dense_support,cost_model_cold,1608,0,4,12433434,0.1858388,True,False,False,,448,564,1
dense_support_q6_r05,dense_support,cost_model_warm,1608,0,5,12433434,0.1630021,True,False,False,,1,589,1
dense_support_q6_r05,dense_support,timing,1608,0,6,12433434,0.2283289,True,False,False,,7061,304,3
dense_support_q6_r05,dense_support,timing_ovr1,1608,0,7,12433434,0.1942342,True,False,False,,277,573,3
dense_support_q6_r05,dense_support,timing_ovr2,1608,0,8,12433434,0.1280883,True,False,False,,551,558,3
dense_support_q6_r05,dense_support,T=100,1608,1,0,12433434,0.1277204,True,False,False,,6743,312,1
dense_support_q6_r05,dense_support,T=250,1608,1,1,12433434,0.1894177,True,False,False,,1,589,1
dense_support_q6_r05,dense_support,T=400,1608,1,2,12433434,0.2394747,True,False,False,,1,589,1
dense_support_q6_r05,dense_support,cost_model_cold,1608,1,3,12433434,0.1872673,True,False,False,,448,564,1
dense_support_q6_r05,dense_support,cost_model_warm,1608,1,4,12433434,0.2179346,True,False,False,,1,589,1
dense_support_q6_r05,dense_support,timing,1608,1,5,12433434,0.1855477,True,False,False,,2724,451,3
dense_support_q6_r05,dense_support,timing_ovr1,1608,1,6,12433434,0.1547568,True,False,False,,277,573,3
dense_support_q6_r05,dense_support,timing_ovr2,1608,1,7,12433434,0.206269,True,False,False,,1576,503,3
dense_support_q6_r05,dense_support,timing_ovr1_eager,1608,1,8,12433434,0.2149985,True,False,False,,80,584,7
dense_support_q6_r1,dense_support,T=250,1601,0,0,49733738,0.7021756,True,False,False,,8915,766,1
dense_support_q6_r1,dense_support,T=400,1601,0,1,49733738,0.7780498,True,False,False,,907,1124,1
dense_support_q6_r1,dense_support,cost_model_cold,1601,0,2,49733738,0.7581178,True,False,False,,12960,636,1
dense_support_q6_r1,dense_support,cost_model_warm,1601,0,3,49733738,0.7115924,True,False,False,,3695,978,1
dense_support_q6_r1,dense_support,timing,1601,0,4,49733738,0.6863277,True,False,False,,26956,333,9
dense_support_q6_r1,dense_support,timing_ovr1,1601,0,5,49733738,0.8219895,True,False,False,,538,1145,3
dense_support_q6_r1,dense_support,timing_ovr2,1601,0,6,49733738,0.7238088,True,False,False,,4957,920,3
dense_support_q6_r1,dense_support,timing_ovr1_eager,1601,0,7,49733738,0.7510433,True,False,False,,2971,1070,19
dense_support_q6_r1,dense_support,T=100,1601,0,8,49733738,0.7966796,True,False,False,,30977,268,1
dense_support_q6_r1,dense_support,T=400,1601,1,0,49733738,0.8168931,True,False,False,,907,1124,1
dense_support_q6_r1,dense_support,cost_model_cold,1601,1,1,49733738,0.7092322,True,False,False,,12960,636,1
dense_support_q6_r1,dense_support,cost_model_warm,1601,1,2,49733738,0.8698881,True,False,False,,3695,978,1
dense_support_q6_r1,dense_support,timing,1601,1,3,49733738,0.7048416,True,False,False,,17897,510,7
dense_support_q6_r1,dense_support,timing_ovr1,1601,1,4,49733738,0.7704787,True,False,False,,1014,1118,3
dense_support_q6_r1,dense_support,timing_ovr2,1601,1,5,49733738,0.8782419,True,False,False,,1475,1093,3
dense_support_q6_r1,dense_support,timing_ovr1_eager,1601,1,6,49733738,0.8650342,True,False,False,,3203,1011,25
dense_support_q6_r1,dense_support,T=100,1601,1,7,49733738,0.6645434,True,False,False,,30977,268,1
dense_support_q6_r1,dense_support,T=250,1601,1,8,49733738,0.7277742,True,False,False,,8915,766,1
dense_support_q6_r1,dense_support,cost_model_cold,1602,0,0,49733738,0.6809325,True,False,False,,13029,636,1
dense_support_q6_r1,dense_support,cost_model_warm,1602,0,1,49733738,0.8307759,True,False,False,,3790,979,1
dense_support_q6_r1,dense_support,timing,1602,0,2,49733738,0.6765684,True,False,False,,18813,490,7
dense_support_q6_r1,dense_support,timing_ovr1,1602,0,3,49733738,0.7405276,True,False,False,,571,1143,3
dense_support_q6_r1,dense_support,timing_ovr2,1602,0,4,49733738,0.69121,True,False,False,,5416,908,7
dense_support_q6_r1,dense_support,timing_ovr1_eager,1602,0,5,49733738,0.7961929,True,False,False,,920,1125,15
dense_support_q6_r1,dense_support,T=100,1602,0,6,49733738,0.7268631,True,False,False,,31020,268,1
dense_support_q6_r1,dense_support,T=250,1602,0,7,49733738,0.7436194,True,False,False,,9004,765,1
dense_support_q6_r1,dense_support,T=400,1602,0,8,49733738,0.7751224,True,False,False,,923,1124,1
dense_support_q6_r1,dense_support,cost_model_warm,1602,1,0,49733738,0.7384793,True,False,False,,3790,979,1
dense_support_q6_r1,dense_support,timing,1602,1,1,49733738,0.6781737,True,False,False,,19388,477,7
dense_support_q6_r1,dense_support,timing_ovr1,1602,1,2,49733738,0.9170248,True,False,False,,516,1146,3
dense_support_q6_r1,dense_support,timing_ovr2,1602,1,3,49733738,0.7149016,True,False,False,,20603,464,9
dense_support_q6_r1,dense_support,timing_ovr1_eager,1602,1,4,49733738,0.7717481,True,False,False,,1102,1114,13
dense_support_q6_r1,dense_support,T=100,1602,1,5,49733738,0.7044081,True,False,False,,31020,268,1
dense_support_q6_r1,dense_support,T=250,1602,1,6,49733738,0.7134149,True,False,False,,9004,765,1
dense_support_q6_r1,dense_support,T=400,1602,1,7,49733738,0.7482903,True,False,False,,923,1124,1
dense_support_q6_r1,dense_support,cost_model_cold,1602,1,8,49733738,0.5823346,True,False,False,,13029,636,1
dense_support_q6_r1,dense_support,timing,1603,0,0,49733738,0.6351118,True,False,False,,2471,1042,5
dense_support_q6_r1,dense_support,timing_ovr1,1603,0,1,49733738,0.7380897,True,False,False,,402,1153,3
dense_support_q6_r1,dense_support,timing_ovr2,1603,0,2,49733738,0.6729053,True,False,False,,3882,972,3
dense_support_q6_r1,dense_support,timing_ovr1_eager,1603,0,3,49733738,0.7994331,True,False,False,,1539,1099,15
dense_support_q6_r1,dense_support,T=100,1603,0,4,49733738,0.7770289,True,False,False,,30978,268,1
dense_support_q6_r1,dense_support,T=250,1603,0,5,49733738,0.6843191,True,False,False,,8928,766,1
dense_support_q6_r1,dense_support,T=400,1603,0,6,49733738,0.7441595,True,False,False,,893,1124,1
dense_support_q6_r1,dense_support,cost_model_cold,1603,0,7,49733738,0.6903414,True,False,False,,13016,636,1
dense_support_q6_r1,dense_support,cost_model_warm,1603,0,8,49733738,0.7878289,True,False,False,,3703,978,1
dense_support_q6_r1,dense_support,timing_ovr1,1603,1,0,49733738,0.7517618,True,False,False,,740,1133,7
dense_support_q6_r1,dense_support,timing_ovr2,1603,1,1,49733738,0.7892073,True,False,False,,1048,1116,3
dense_support_q6_r1,dense_support,timing_ovr1_eager,1603,1,2,49733738,0.6439215,True,False,False,,929,1134,17
dense_support_q6_r1,dense_support,T=100,1603,1,3,49733738,0.7403962,True,False,False,,30978,268,1
dense_support_q6_r1,dense_support,T=250,1603,1,4,49733738,0.7003869,True,False,False,,8928,766,1
dense_support_q6_r1,dense_support,T=400,1603,1,5,49733738,0.8183503,True,False,False,,893,1124,1
dense_support_q6_r1,dense_support,cost_model_cold,1603,1,6,49733738,0.6215041,True,False,False,,13016,636,1
dense_support_q6_r1,dense_support,cost_model_warm,1603,1,7,49733738,0.7255041,True,False,False,,3703,978,1
dense_support_q6_r1,dense_support,timing,1603,1,8,49733738,0.5771931,True,False,False,,9958,732,7
dense_support_q6_r1,dense_support,timing_ovr2,1604,0,0,49733738,0.7640877,True,False,False,,663,1138,3
dense_support_q6_r1,dense_support,timing_ovr1_eager,1604,0,1,49733738,0.8117244,True,False,False,,548,1145,11
dense_support_q6_r1,dense_support,T=100,1604,0,2,49733738,0.6404702,True,False,False,,31000,268,1
dense_support_q6_r1,dense_support,T=250,1604,0,3,49733738,0.6427889,True,False,False,,8834,766,1
dense_support_q6_r1,dense_support,T=400,1604,0,4,49733738,0.6337275,True,False,False,,901,1124,1
dense_support_q6_r1,dense_support,cost_model_cold,1604,0,5,49733738,0.629486,True,False,False,,12862,636,1
dense_support_q6_r1,dense_support,cost_model_warm,1604,0,6,49733738,0.599474,True,False,False,,3682,979,1
dense_support_q6_r1,dense_support,timing,1604,0,7,49733738,0.729941,True,False,False,,21066,439,7
dense_support_q6_r1,dense_support,timing_ovr1,1604,0,8,49733738,0.7876423,True,False,False,,507,1148,3
dense_support_q6_r1,dense_support,timing_ovr1_eager,1604,1,0,49733738,0.7225614,True,False,False,,2821,1032,19
dense_support_q6_r1,dense_support,T=100,1604,1,1,49733738,0.7755008,True,False,False,,31000,268,1
dense_support_q6_r1,dense_support,T=250,1604,1,2,49733738,0.5614396,True,False,False,,8834,766,1
dense_support_q6_r1,dense_support,T=400,1604,1,3,49733738,0.5855414,True,False,False,,901,1124,1
dense_support_q6_r1,dense_support,cost_model_cold,1604,1,4,49733738,0.5702778,True,False,False,,12862,636,1
dense_support_q6_r1,dense_support,cost_model_warm,1604,1,5,49733738,0.5634142,True,False,False,,3682,979,1
dense_support_q6_r1,dense_support,timing,1604,1,6,49733738,0.5165146,True,False,False,,10991,695,5
dense_support_q6_r1,dense_support,timing_ovr1,1604,1,7,49733738,0.6708487,True,False,False,,299,1160,3
dense_support_q6_r1,dense_support,timing_ovr2,1604,1,8,49733738,0.5351959,True,False,False,,4627,958,5
dense_support_q6_r1,dense_support,T=100,1605,0,0,49733738,0.6369253,True,False,False,,31046,268,1
dense_support_q6_r1,dense_support,T=250,1605,0,1,49733738,0.5640738,True,False,False,,8923,765,1
dense_support_q6_r1,dense_support,T=400,1605,0,2,49733738,0.5396307,True,False,False,,916,1124,1
dense_support_q6_r1,dense_support,cost_model_cold,1605,0,3,49733738,0.4863832,True,False,False,,12988,636,1
dense_support_q6_r1,dense_support,cost_model_warm,1605,0,4,49733738,0.5499077,True,False,False,,3695,978,1
dense_support_q6_r1,dense_support,timing,1605,0,5,49733738,0.5170195,True,False,False,,4779,929,3
dense_support_q6_r1,dense_support,timing_ovr1,1605,0,6,49733738,0.652483,True,False,False,,1073,1116,11
dense_support_q6_r1,dense_support,timing_ovr2,1605,0,7,49733738,0.5391801,True,False,False,,4697,957,5
dense_support_q6_r1,dense_support,timing_ovr1_eager,1605,0,8,49733738,0.6234084,True,False,False,,538,1146,9
dense_support_q6_r1,dense_support,T=250,1605,1,0,49733738,0.4772357,True,False,False,,8923,765,1
dense_support_q6_r1,dense_support,T=400,1605,1,1,49733738,0.5864657,True,False,False,,916,1124,1
dense_support_q6_r1,dense_support,cost_model_cold,1605,1,2,49733738,0.468422,True,False,False,,12988,636,1
dense_support_q6_r1,dense_support,cost_model_warm,1605,1,3,49733738,0.5079383,True,False,False,,3695,978,1
dense_support_q6_r1,dense_support,timing,1605,1,4,49733738,0.5257109,True,False,False,,8236,792,5
dense_support_q6_r1,dense_support,timing_ovr1,1605,1,5,49733738,0.7747139,True,False,False,,535,1147,19
dense_support_q6_r1,dense_support,timing_ovr2,1605,1,6,49733738,0.7971104,True,False,False,,921,1123,3
dense_support_q6_r1,dense_support,timing_ovr1_eager,1605,1,7,49733738,0.7947763,True,False,False,,417,1153,9
dense_support_q6_r1,dense_support,T=100,1605,1,8,49733738,0.6929604,True,False,False,,31046,268,1
dense_support_q6_r1,dense_support,T=400,1606,0,0,49733738,0.8204049,True,False,False,,926,1124,1
dense_support_q6_r1,dense_support,cost_model_cold,1606,0,1,49733738,0.5693195,True,False,False,,13038,636,1
dense_support_q6_r1,dense_support,cost_model_warm,1606,0,2,49733738,0.7408495,True,False,False,,3744,978,1
dense_support_q6_r1,dense_support,timing,1606,0,3,49733738,0.6833158,True,False,False,,25514,359,9
dense_support_q6_r1,dense_support,timing_ovr1,1606,0,4,49733738,0.761889,True,False,False,,1022,1119,5
dense_support_q6_r1,dense_support,timing_ovr2,1606,0,5,49733738,0.7210646,True,False,False,,1318,1102,3
dense_support_q6_r1,dense_support,timing_ovr1_eager,1606,0,6,49733738,0.7095982,True,False,False,,98,1171,7
dense_support_q6_r1,dense_support,T=100,1606,0,7,49733738,0.7643893,True,False,False,,31086,268,1
dense_support_q6_r1,dense_support,T=250,1606,0,8,49733738,0.568074,True,False,False,,8989,765,1
dense_support_q6_r1,dense_support,cost_model_cold,1606,1,0,49733738,0.6996981,True,False,False,,13038,636,1
dense_support_q6_r1,dense_support,cost_model_warm,1606,1,1,49733738,0.8049463,True,False,False,,3744,978,1
dense_support_q6_r1,dense_support,timing,1606,1,2,49733738,0.6956748,True,False,False,,5728,889,3
dense_support_q6_r1,dense_support,timing_ovr1,1606,1,3,49733738,0.8614821,True,False,False,,898,1126,5
dense_support_q6_r1,dense_support,timing_ovr2,1606,1,4,49733738,0.7231557,True,False,False,,919,1124,3
dense_support_q6_r1,dense_support,timing_ovr1_eager,1606,1,5,49733738,0.7657916,True,False,False,,457,1153,19
dense_support_q6_r1,dense_support,T=100,1606,1,6,49733738,0.670059,True,False,False,,31086,268,1
dense_support_q6_r1,dense_support,T=250,1606,1,7,49733738,0.7662358,True,False,False,,8989,765,1
dense_support_q6_r1,dense_support,T=400,1606,1,8,49733738,0.8215518,True,False,False,,926,1124,1
dense_support_q6_r1,dense_support,cost_model_warm,1607,0,0,49733738,0.7272322,True,False,False,,3705,978,1
dense_support_q6_r1,dense_support,timing,1607,0,1,49733738,0.7151436,True,False,False,,10645,714,7
dense_support_q6_r1,dense_support,timing_ovr1,1607,0,2,49733738,0.8654973,True,False,False,,463,1148,3
dense_support_q6_r1,dense_support,timing_ovr2,1607,0,3,49733738,0.7542618,True,False,False,,3142,1005,5
dense_support_q6_r1,dense_support,timing_ovr1_eager,1607,0,4,49733738,0.772118,True,False,False,,583,1143,11
dense_support_q6_r1,dense_support,T=100,1607,0,5,49733738,0.6930517,True,False,False,,31042,268,1
dense_support_q6_r1,dense_support,T=250,1607,0,6,49733738,0.68207,True,False,False,,8887,765,1
dense_support_q6_r1,dense_support,T=400,1607,0,7,49733738,0.8091474,True,False,False,,892,1124,1
dense_support_q6_r1,dense_support,cost_model_cold,1607,0,8,49733738,0.660069,True,False,False,,12971,635,1
dense_support_q6_r1,dense_support,timing,1607,1,0,49733738,0.5678845,True,False,False,,12969,638,7
dense_support_q6_r1,dense_support,timing_ovr1,1607,1,1,49733738,0.7527323,True,False,False,,463,1148,3
dense_support_q6_r1,dense_support,timing_ovr2,1607,1,2,49733738,0.6789769,True,False,False,,1154,1109,3
dense_support_q6_r1,dense_support,timing_ovr1_eager,1607,1,3,49733738,0.6989258,True,False,False,,561,1145,13
dense_support_q6_r1,dense_support,T=100,1607,1,4,49733738,0.6021473,True,False,False,,31042,268,1
dense_support_q6_r1,dense_support,T=250,1607,1,5,49733738,0.6294703,True,False,False,,8887,765,1
dense_support_q6_r1,dense_support,T=400,1607,1,6,49733738,0.726039,True,False,False,,892,1124,1
dense_support_q6_r1,dense_support,cost_model_cold,1607,1,7,49733738,0.6353327,True,False,False,,12971,635,1
dense_support_q6_r1,dense_support,cost_model_warm,1607,1,8,49733738,0.637128,True,False,False,,3705,978,1
dense_support_q6_r1,dense_support,timing_ovr1,1608,0,0,49733738,0.6780703,True,False,False,,356,1156,3
dense_support_q6_r1,dense_support,timing_ovr2,1608,0,1,49733738,0.6110286,True,False,False,,386,1154,3
dense_support_q6_r1,dense_support,timing_ovr1_eager,1608,0,2,49733738,0.6366832,True,False,False,,666,1141,15
dense_support_q6_r1,dense_support,T=100,1608,0,3,49733738,0.7239674,True,False,False,,31255,268,1
dense_support_q6_r1,dense_support,T=250,1608,0,4,49733738,0.67394,True,False,False,,8987,766,1
dense_support_q6_r1,dense_support,T=400,1608,0,5,49733738,0.6223752,True,False,False,,917,1124,1
dense_support_q6_r1,dense_support,cost_model_cold,1608,0,6,49733738,0.5991734,True,False,False,,13070,635,1
dense_support_q6_r1,dense_support,cost_model_warm,1608,0,7,49733738,0.5747397,True,False,False,,3740,979,1
dense_support_q6_r1,dense_support,timing,1608,0,8,49733738,0.6275018,True,False,False,,15409,600,9
dense_support_q6_r1,dense_support,timing_ovr2,1608,1,0,49733738,0.7094559,True,False,False,,2206,1053,3
dense_support_q6_r1,dense_support,timing_ovr1_eager,1608,1,1,49733738,0.6797237,True,False,False,,873,1127,17
dense_support_q6_r1,dense_support,T=100,1608,1,2,49733738,0.6957915,True,False,False,,31255,268,1
dense_support_q6_r1,dense_support,T=250,1608,1,3,49733738,0.6166007,True,False,False,,8987,766,1
dense_support_q6_r1,dense_support,T=400,1608,1,4,49733738,0.6852459,True,False,False,,917,1124,1
dense_support_q6_r1,dense_support,cost_model_cold,1608,1,5,49733738,0.6510608,True,False,False,,13070,635,1
dense_support_q6_r1,dense_support,cost_model_warm,1608,1,6,49733738,0.6471253,True,False,False,,3740,979,1
dense_support_q6_r1,dense_support,timing,1608,1,7,49733738,0.6158663,True,False,False,,15789,565,9
dense_support_q6_r1,dense_support,timing_ovr1,1608,1,8,49733738,0.6398617,True,False,False,,1073,1119,9
dense_support_q6_r2,dense_support,timing_ovr1_eager,1601,0,0,198934954,2.8705479,True,False,False,,2031,2243,21
dense_support_q6_r2,dense_support,T=100,1601,0,1,198934954,2.2817967,True,False,False,,112015,34,1
dense_support_q6_r2,dense_support,T=250,1601,0,2,198934954,1.9617102,True,False,False,,49379,737,1
dense_support_q6_r2,dense_support,T=400,1601,0,3,198934954,1.9956973,True,False,False,,26704,1244,1
dense_support_q6_r2,dense_support,cost_model_cold,1601,0,4,198934954,1.9149909,True,False,False,,59739,569,1
dense_support_q6_r2,dense_support,cost_model_warm,1601,0,5,198934954,1.9086488,True,False,False,,33769,1060,1
dense_support_q6_r2,dense_support,timing,1601,0,6,198934954,1.6226705,True,False,False,,61091,558,19
dense_support_q6_r2,dense_support,timing_ovr1,1601,0,7,198934954,2.3003167,True,False,False,,6408,2004,7
dense_support_q6_r2,dense_support,timing_ovr2,1601,0,8,198934954,2.2740191,True,False,False,,11460,1852,11
dense_support_q6_r2,dense_support,T=100,1601,1,0,198934954,2.2144193,True,False,False,,112015,34,1
dense_support_q6_r2,dense_support,T=250,1601,1,1,198934954,1.4981877,True,False,False,,49379,737,1
dense_support_q6_r2,dense_support,T=400,1601,1,2,198934954,1.8269436,True,False,False,,26704,1244,1
dense_support_q6_r2,dense_support,cost_model_cold,1601,1,3,198934954,1.7619761,True,False,False,,59739,569,1
dense_support_q6_r2,dense_support,cost_model_warm,1601,1,4,198934954,1.5725704,True,False,False,,33769,1060,1
dense_support_q6_r2,dense_support,timing,1601,1,5,198934954,1.7277453,True,False,False,,56531,628,21
dense_support_q6_r2,dense_support,timing_ovr1,1601,1,6,198934954,2.3433913,True,False,False,,1848,2245,3
dense_support_q6_r2,dense_support,timing_ovr2,1601,1,7,198934954,1.6890466,True,False,False,,19589,1469,11
dense_support_q6_r2,dense_support,timing_ovr1_eager,1601,1,8,198934954,2.7156158,True,False,False,,188,2342,11
dense_support_q6_r2,dense_support,T=250,1602,0,0,198934954,1.8281013,True,False,False,,49347,737,1
dense_support_q6_r2,dense_support,T=400,1602,0,1,198934954,1.7934752,True,False,False,,26803,1244,1
dense_support_q6_r2,dense_support,cost_model_cold,1602,0,2,198934954,1.5163936,True,False,False,,59705,569,1
dense_support_q6_r2,dense_support,cost_model_warm,1602,0,3,198934954,1.8247354,True,False,False,,33752,1059,1
dense_support_q6_r2,dense_support,timing,1602,0,4,198934954,1.8586845,True,False,False,,64307,512,19
dense_support_q6_r2,dense_support,timing_ovr1,1602,0,5,198934954,2.580469,True,False,False,,795,2306,3
dense_support_q6_r2,dense_support,timing_ovr2,1602,0,6,198934954,1.968693,True,False,False,,23722,1337,9
dense_support_q6_r2,dense_support,timing_ovr1_eager,1602,0,7,198934954,2.7178194,True,False,False,,2830,2191,21
dense_support_q6_r2,dense_support,T=100,1602,0,8,198934954,2.2548322,True,False,False,,111972,34,1
dense_support_q6_r2,dense_support,T=400,1602,1,0,198934954,1.9923259,True,False,False,,26803,1244,1
dense_support_q6_r2,dense_support,cost_model_cold,1602,1,1,198934954,1.8208616,True,False,False,,59705,569,1
dense_support_q6_r2,dense_support,cost_model_warm,1602,1,2,198934954,1.9259766,True,False,False,,33752,1059,1
dense_support_q6_r2,dense_support,timing,1602,1,3,198934954,1.8281716,True,False,False,,28194,1213,13
dense_support_q6_r2,dense_support,timing_ovr1,1602,1,4,198934954,2.55245,True,False,False,,827,2307,11
dense_support_q6_r2,dense_support,timing_ovr2,1602,1,5,198934954,2.2103752,True,False,False,,16100,1594,7
dense_support_q6_r2,dense_support,timing_ovr1_eager,1602,1,6,198934954,2.7330239,True,False,False,,5973,2075,39
dense_support_q6_r2,dense_support,T=100,1602,1,7,198934954,2.2585735,True,False,False,,111972,34,1
dense_support_q6_r2,dense_support,T=250,1602,1,8,198934954,1.7487998,True,False,False,,49347,737,1
dense_support_q6_r2,dense_support,cost_model_cold,1603,0,0,198934954,1.6728891,True,False,False,,59635,569,1
dense_support_q6_r2,dense_support,cost_model_warm,1603,0,1,198934954,1.7835821,True,False,False,,33754,1059,1
dense_support_q6_r2,dense_support,timing,1603,0,2,198934954,1.7334834,True,False,False,,36378,1002,11
dense_support_q6_r2,dense_support,timing_ovr1,1603,0,3,198934954,2.6778672,True,False,False,,1111,2286,3
dense_support_q6_r2,dense_support,timing_ovr2,1603,0,4,198934954,2.1782686,True,False,False,,22732,1375,11
dense_support_q6_r2,dense_support,timing_ovr1_eager,1603,0,5,198934954,2.5971934,True,False,False,,1332,2276,21
dense_support_q6_r2,dense_support,T=100,1603,0,6,198934954,2.3633749,True,False,False,,111695,34,1
dense_support_q6_r2,dense_support,T=250,1603,0,7,198934954,1.5329375,True,False,False,,49287,737,1
dense_support_q6_r2,dense_support,T=400,1603,0,8,198934954,2.1430167,True,False,False,,26786,1244,1
dense_support_q6_r2,dense_support,cost_model_warm,1603,1,0,198934954,2.0850048,True,False,False,,33754,1059,1
dense_support_q6_r2,dense_support,timing,1603,1,1,198934954,2.0262214,True,False,False,,49258,754,23
dense_support_q6_r2,dense_support,timing_ovr1,1603,1,2,198934954,2.6583901,True,False,False,,6073,2023,3
dense_support_q6_r2,dense_support,timing_ovr2,1603,1,3,198934954,2.5395738,True,False,False,,338,2332,3
dense_support_q6_r2,dense_support,timing_ovr1_eager,1603,1,4,198934954,2.7943025,True,False,False,,2434,2223,23
dense_support_q6_r2,dense_support,T=100,1603,1,5,198934954,2.1105083,True,False,False,,111695,34,1
dense_support_q6_r2,dense_support,T=250,1603,1,6,198934954,1.6290865,True,False,False,,49287,737,1
dense_support_q6_r2,dense_support,T=400,1603,1,7,198934954,2.1202288,True,False,False,,26786,1244,1
dense_support_q6_r2,dense_support,cost_model_cold,1603,1,8,198934954,1.7832996,True,False,False,,59635,569,1
dense_support_q6_r2,dense_support,timing,1604,0,0,198934954,2.1225267,True,False,False,,42059,880,13
dense_support_q6_r2,dense_support,timing_ovr1,1604,0,1,198934954,2.7491585,True,False,False,,3697,2143,3
dense_support_q6_r2,dense_support,timing_ovr2,1604,0,2,198934954,2.1850835,True,False,False,,22733,1365,7
dense_support_q6_r2,dense_support,timing_ovr1_eager,1604,0,3,198934954,2.745458,True,False,False,,4795,2108,39
dense_support_q6_r2,dense_support,T=100,1604,0,4,198934954,2.2726458,True,False,False,,111971,34,1
dense_support_q6_r2,dense_support,T=250,1604,0,5,198934954,1.9897879,True,False,False,,49305,737,1
dense_support_q6_r2,dense_support,T=400,1604,0,6,198934954,2.0908228,True,False,False,,26794,1244,1
dense_support_q6_r2,dense_support,cost_model_cold,1604,0,7,198934954,1.9703648,True,False,False,,59638,569,1
dense_support_q6_r2,dense_support,cost_model_warm,1604,0,8,198934954,2.0029596,True,False,False,,33766,1059,1
dense_support_q6_r2,dense_support,timing_ovr1,1604,1,0,198934954,2.9910394,True,False,False,,2785,2192,3
dense_support_q6_r2,dense_support,timing_ovr2,1604,1,1,198934954,3.1331807,True,False,False,,1114,2287,3
dense_support_q6_r2,dense_support,timing_ovr1_eager,1604,1,2,198934954,2.9911919,True,False,False,,2652,2200,23
dense_support_q6_r2,dense_support,T=100,1604,1,3,198934954,2.4406596,True,False,False,,111971,34,1
dense_support_q6_r2,dense_support,T=250,1604,1,4,198934954,1.9522346,True,False,False,,49305,737,1
dense_support_q6_r2,dense_support,T=400,1604,1,5,198934954,2.2309721,True,False,False,,26794,1244,1
dense_support_q6_r2,dense_support,cost_model_cold,1604,1,6,198934954,2.0252052,True,False,False,,59638,569,1
dense_support_q6_r2,dense_support,cost_model_warm,1604,1,7,198934954,2.0602882,True,False,False,,33766,1059,1
dense_support_q6_r2,dense_support,timing,1604,1,8,198934954,1.9539392,True,False,False,,41542,920,15
dense_support_q6_r2,dense_support,timing_ovr2,1605,0,0,198934954,2.6278839,True,False,False,,8112,1925,7
dense_support_q6_r2,dense_support,timing_ovr1_eager,1605,0,1,198934954,2.8239554,True,False,False,,4413,2106,31
dense_support_q6_r2,dense_support,T=100,1605,0,2,198934954,2.4898962,True,False,False,,111870,34,1
dense_support_q6_r2,dense_support,T=250,1605,0,3,198934954,1.7735019,True,False,False,,49342,737,1
dense_support_q6_r2,dense_support,T=400,1605,0,4,198934954,1.8655213,True,False,False,,26735,1244,1
dense_support_q6_r2,dense_support,cost_model_cold,1605,0,5,198934954,1.744556,True,False,False,,59696,569,1
dense_support_q6_r2,dense_support,cost_model_warm,1605,0,6,198934954,1.9063709,True,False,False,,33823,1060,1
dense_support_q6_r2,dense_support,timing,1605,0,7,198934954,2.1019845,True,False,False,,24881,1319,11
dense_support_q6_r2,dense_support,timing_ovr1,1605,0,8,198934954,2.3859747,True,False,False,,5540,2052,5
dense_support_q6_r2,dense_support,timing_ovr1_eager,1605,1,0,198934954,2.9056451,True,False,False,,6752,2006,37
dense_support_q6_r2,dense_support,T=100,1605,1,1,198934954,2.5719838,True,False,False,,111870,34,1
dense_support_q6_r2,dense_support,T=250,1605,1,2,198934954,1.969701,True,False,False,,49342,737,1
dense_support_q6_r2,dense_support,T=400,1605,1,3,198934954,2.2607926,True,False,False,,26735,1244,1
dense_support_q6_r2,dense_support,cost_model_cold,1605,1,4,198934954,1.8068635,True,False,False,,59696,569,1
dense_support_q6_r2,dense_support,cost_model_warm,1605,1,5,198934954,2.1369218,True,False,False,,33823,1060,1
dense_support_q6_r2,dense_support,timing,1605,1,6,198934954,1.8525247,True,False,False,,39346,938,11
dense_support_q6_r2,dense_support,timing_ovr1,1605,1,7,198934954,2.795209,True,False,False,,3563,2165,7
dense_support_q6_r2,dense_support,timing_ovr2,1605,1,8,198934954,2.2948979,True,False,False,,14709,1646,5
dense_support_q6_r2,dense_support,T=100,1606,0,0,198934954,2.3553667,True,False,False,,112122,34,1
dense_support_q6_r2,dense_support,T=250,1606,0,1,198934954,2.0379087,True,False,False,,49347,737,1
dense_support_q6_r2,dense_support,T=400,1606,0,2,198934954,2.150462,True,False,False,,26792,1244,1
dense_support_q6_r2,dense_support,cost_model_cold,1606,0,3,198934954,2.0238434,True,False,False,,59730,569,1
dense_support_q6_r2,dense_support,cost_model_warm,1606,0,4,198934954,1.9643255,True,False,False,,33868,1060,1
dense_support_q6_r2,dense_support,timing,1606,0,5,198934954,2.3720077,True,False,False,,37171,1104,13
dense_support_q6_r2,dense_support,timing_ovr1,1606,0,6,198934954,2.9150436,True,False,False,,3719,2144,9
dense_support_q6_r2,dense_support,timing_ovr2,1606,0,7,198934954,2.5006962,True,False,False,,11349,1788,7
dense_support_q6_r2,dense_support,timing_ovr1_eager,1606,0,8,198934954,2.876854,True,False,False,,3508,2155,23
dense_support_q6_r2,dense_support,T=250,1606,1,0,198934954,2.0626797,True,False,False,,49347,737,1
dense_support_q6_r2,dense_support,T=400,1606,1,1,198934954,2.0957979,True,False,False,,26792,1244,1
dense_support_q6_r2,dense_support,cost_model_cold,1606,1,2,198934954,1.941125,True,False,False,,59730,569,1
dense_support_q6_r2,dense_support,cost_model_warm,1606,1,3,198934954,1.7031606,True,False,False,,33868,1060,1
dense_support_q6_r2,dense_support,timing,1606,1,4,198934954,1.4990399,True,False,False,,33068,1084,15
dense_support_q6_r2,dense_support,timing_ovr1,1606,1,5,198934954,2.4586445,True,False,False,,1135,2286,3
dense_support_q6_r2,dense_support,timing_ovr2,1606,1,6,198934954,1.8049291,True,False,False,,25744,1277,9
dense_support_q6_r2,dense_support,timing_ovr1_eager,1606,1,7,198934954,2.3590556,True,False,False,,1274,2279,15
dense_support_q6_r2,dense_support,T=100,1606,1,8,198934954,1.9781498,True,False,False,,112122,34,1
dense_support_q6_r2,dense_support,T=400,1607,0,0,198934954,1.9668584,True,False,False,,26774,1244,1
dense_support_q6_r2,dense_support,cost_model_cold,1607,0,1,198934954,1.5056089,True,False,False,,59683,569,1
dense_support_q6_r2,dense_support,cost_model_warm,1607,0,2,198934954,1.7933369,True,False,False,,33764,1060,1
dense_support_q6_r2,dense_support,timing,1607,0,3,198934954,1.8558752,True,False,False,,35332,1026,15
dense_support_q6_r2,dense_support,timing_ovr1,1607,0,4,198934954,2.1673962,True,False,False,,1337,2273,3
dense_support_q6_r2,dense_support,timing_ovr2,1607,0,5,198934954,2.2281332,True,False,False,,18610,1502,7
dense_support_q6_r2,dense_support,timing_ovr1_eager,1607,0,6,198934954,2.765604,True,False,False,,1173,2282,17
dense_support_q6_r2,dense_support,T=100,1607,0,7,198934954,2.3319653,True,False,False,,111974,34,1
dense_support_q6_r2,dense_support,T=250,1607,0,8,198934954,1.5154481,True,False,False,,49279,737,1
dense_support_q6_r2,dense_support,cost_model_cold,1607,1,0,198934954,1.483232,True,False,False,,59683,569,1
dense_support_q6_r2,dense_support,cost_model_warm,1607,1,1,198934954,1.4707777,True,False,False,,33764,1060,1
dense_support_q6_r2,dense_support,timing,1607,1,2,198934954,1.4993671,True,False,False,,50418,830,17
dense_support_q6_r2,dense_support,timing_ovr1,1607,1,3,198934954,2.0214069,True,False,False,,4749,2101,9
dense_support_q6_r2,dense_support,timing_ovr2,1607,1,4,198934954,1.5520768,True,False,False,,39206,938,15
dense_support_q6_r2,dense_support,timing_ovr1_eager,1607,1,5,198934954,2.2510946,True,False,False,,3178,2171,23
dense_support_q6_r2,dense_support,T=100,1607,1,6,198934954,2.1236732,True,False,False,,111974,34,1
dense_support_q6_r2,dense_support,T=250,1607,1,7,198934954,1.6283815,True,False,False,,49279,737,1
dense_support_q6_r2,dense_support,T=400,1607,1,8,198934954,2.2246951,True,False,False,,26774,1244,1
dense_support_q6_r2,dense_support,cost_model_warm,1608,0,0,198934954,1.6478751,True,False,False,,34022,1060,1
dense_support_q6_r2,dense_support,timing,1608,0,1,198934954,1.8321675,True,False,False,,38623,957,11
dense_support_q6_r2,dense_support,timing_ovr1,1608,0,2,198934954,2.3740484,True,False,False,,2290,2223,5
dense_support_q6_r2,dense_support,timing_ovr2,1608,0,3,198934954,2.1317777,True,False,False,,10999,1798,9
dense_support_q6_r2,dense_support,timing_ovr1_eager,1608,0,4,198934954,2.4295335,True,False,False,,2532,2208,27
dense_support_q6_r2,dense_support,T=100,1608,0,5,198934954,1.9870716,True,False,False,,112360,34,1
dense_support_q6_r2,dense_support,T=250,1608,0,6,198934954,1.6205678,True,False,False,,49574,737,1
dense_support_q6_r2,dense_support,T=400,1608,0,7,198934954,1.8962831,True,False,False,,26961,1244,1
dense_support_q6_r2,dense_support,cost_model_cold,1608,0,8,198934954,1.677554,True,False,False,,59983,569,1
dense_support_q6_r2,dense_support,timing,1608,1,0,198934954,1.8144214,True,False,False,,43500,856,15
dense_support_q6_r2,dense_support,timing_ovr1,1608,1,1,198934954,2.4281591,True,False,False,,4769,2088,3
dense_support_q6_r2,dense_support,timing_ovr2,1608,1,2,198934954,2.0466527,True,False,False,,12234,1748,7
dense_support_q6_r2,dense_support,timing_ovr1_eager,1608,1,3,198934954,2.3285379,True,False,False,,882,2306,19
dense_support_q6_r2,dense_support,T=100,1608,1,4,198934954,2.1603791,True,False,False,,112360,34,1
dense_support_q6_r2,dense_support,T=250,1608,1,5,198934954,1.7478548,True,False,False,,49574,737,1
dense_support_q6_r2,dense_support,T=400,1608,1,6,198934954,1.8278171,True,False,False,,26961,1244,1
dense_support_q6_r2,dense_support,cost_model_cold,1608,1,7,198934954,1.9102956,True,False,False,,59983,569,1
dense_support_q6_r2,dense_support,cost_model_warm,1608,1,8,198934954,1.7716986,True,False,False,,34022,1060,1
dense_support_q8_r05,dense_support,timing_ovr1,1601,0,0,11952247,0.2680523,True,False,False,,261,562,3
dense_support_q8_r05,dense_support,timing_ovr2,1601,0,1,11952247,0.2588832,True,False,False,,1588,498,11
dense_support_q8_r05,dense_support,timing_ovr1_eager,1601,0,2,11952247,0.3026441,True,False,False,,114,572,7
dense_support_q8_r05,dense_support,T=100,1601,0,3,11952247,0.2698552,True,False,False,,6340,312,1
dense_support_q8_r05,dense_support,T=250,1601,0,4,11952247,0.2640293,True,False,False,,1,577,1
dense_support_q8_r05,dense_support,T=400,1601,0,5,11952247,0.3226154,True,False,False,,1,577,1
dense_support_q8_r05,dense_support,cost_model_cold,1601,0,6,11952247,0.3221085,True,False,False,,1858,479,1
dense_support_q8_r05,dense_support,cost_model_warm,1601,0,7,11952247,0.3113625,True,False,False,,1,577,1
dense_support_q8_r05,dense_support,timing,1601,0,8,11952247,0.2499059,True,False,False,,3289,417,3
dense_support_q8_r05,dense_support,timing_ovr2,1601,1,0,11952247,0.2802105,True,False,False,,1116,516,3
dense_support_q8_r05,dense_support,timing_ovr1_eager,1601,1,1,11952247,0.3368108,True,False,False,,136,570,5
dense_support_q8_r05,dense_support,T=100,1601,1,2,11952247,0.2592112,True,False,False,,6340,312,1
dense_support_q8_r05,dense_support,T=250,1601,1,3,11952247,0.3091732,True,False,False,,1,577,1
dense_support_q8_r05,dense_support,T=400,1601,1,4,11952247,0.2985401,True,False,False,,1,577,1
dense_support_q8_r05,dense_support,cost_model_cold,1601,1,5,11952247,0.213179,True,False,False,,1858,479,1
dense_support_q8_r05,dense_support,cost_model_warm,1601,1,6,11952247,0.311466,True,False,False,,1,577,1
dense_support_q8_r05,dense_support,timing,1601,1,7,11952247,0.3406812,True,False,False,,1362,504,5
dense_support_q8_r05,dense_support,timing_ovr1,1601,1,8,11952247,0.3468163,True,False,False,,707,537,5
dense_support_q8_r05,dense_support,timing_ovr1_eager,1602,0,0,11952247,0.3261223,True,False,False,,222,564,5
dense_support_q8_r05,dense_support,T=100,1602,0,1,11952247,0.2860096,True,False,False,,6466,311,1
dense_support_q8_r05,dense_support,T=250,1602,0,2,11952247,0.2831003,True,False,False,,1,578,1
dense_support_q8_r05,dense_support,T=400,1602,0,3,11952247,0.3052346,True,False,False,,1,578,1
dense_support_q8_r05,dense_support,cost_model_cold,1602,0,4,11952247,0.3012457,True,False,False,,1879,479,1
dense_support_q8_r05,dense_support,cost_model_warm,1602,0,5,11952247,0.2321001,True,False,False,,1,578,1
dense_support_q8_r05,dense_support,timing,1602,0,6,11952247,0.292644,True,False,False,,2323,459,3
dense_support_q8_r05,dense_support,timing_ovr1,1602,0,7,11952247,0.3245279,True,False,False,,294,561,3
dense_support_q8_r05,dense_support,timing_ovr2,1602,0,8,11952247,0.2462052,True,False,False,,1912,478,3
dense_support_q8_r05,dense_support,T=100,1602,1,0,11952247,0.2582419,True,False,False,,6466,311,1
dense_support_q8_r05,dense_support,T=250,1602,1,1,11952247,0.2745673,True,False,False,,1,578,1
dense_support_q8_r05,dense_support,T=400,1602,1,2,11952247,0.2129027,True,False,False,,1,578,1
dense_support_q8_r05,dense_support,cost_model_cold,1602,1,3,11952247,0.2077224,True,False,False,,1879,479,1
dense_support_q8_r05,dense_support,cost_model_warm,1602,1,4,11952247,0.2947674,True,False,False,,1,578,1
dense_support_q8_r05,dense_support,timing,1602,1,5,11952247,0.2686507,True,False,False,,12263,182,5
dense_support_q8_r05,dense_support,timing_ovr1,1602,1,6,11952247,0.3053575,True,False,False,,260,562,5
dense_support_q8_r05,dense_support,timing_ovr2,1602,1,7,11952247,0.3014194,True,False,False,,3302,419,3
dense_support_q8_r05,dense_support,timing_ovr1_eager,1602,1,8,11952247,0.3054451,True,False,False,,190,566,7
dense_support_q8_r05,dense_support,T=250,1603,0,0,11952247,0.2728833,True,False,False,,1,578,1
dense_support_q8_r05,dense_support,T=400,1603,0,1,11952247,0.3182296,True,False,False,,1,578,1
dense_support_q8_r05,dense_support,cost_model_cold,1603,0,2,11952247,0.2376919,True,False,False,,1854,479,1
dense_support_q8_r05,dense_support,cost_model_warm,1603,0,3,11952247,0.1964361,True,False,False,,1,578,1
dense_support_q8_r05,dense_support,timing,1603,0,4,11952247,0.3098478,True,False,False,,10985,205,5
dense_support_q8_r05,dense_support,timing_ovr1,1603,0,5,11952247,0.2197482,True,False,False,,426,554,17
dense_support_q8_r05,dense_support,timing_ovr2,1603,0,6,11952247,0.2482967,True,False,False,,1089,517,3
dense_support_q8_r05,dense_support,timing_ovr1_eager,1603,0,7,11952247,0.3341798,True,False,False,,113,572,5
dense_support_q8_r05,dense_support,T=100,1603,0,8,11952247,0.2629646,True,False,False,,6381,312,1
dense_support_q8_r05,dense_support,T=400,1603,1,0,11952247,0.2889121,True,False,False,,1,578,1
dense_support_q8_r05,dense_support,cost_model_cold,1603,1,1,11952247,0.2862851,True,False,False,,1854,479,1
dense_support_q8_r05,dense_support,cost_model_warm,1603,1,2,11952247,0.2706578,True,False,False,,1,578,1
dense_support_q8_r05,dense_support,timing,1603,1,3,11952247,0.2573146,True,False,False,,10316,218,5
dense_support_q8_r05,dense_support,timing_ovr1,1603,1,4,11952247,0.2687861,True,False,False,,292,561,3
dense_support_q8_r05,dense_support,timing_ovr2,1603,1,5,11952247,0.1956018,True,False,False,,1547,495,5
dense_support_q8_r05,dense_support,timing_ovr1_eager,1603,1,6,11952247,0.2828571,True,False,False,,113,572,5
dense_support_q8_r05,dense_support,T=100,1603,1,7,11952247,0.3367198,True,False,False,,6381,312,1
dense_support_q8_r05,dense_support,T=250,1603,1,8,11952247,0.2350968,True,False,False,,1,578,1
dense_support_q8_r05,dense_support,cost_model_cold,1604,0,0,11952247,0.2814093,True,False,False,,1834,479,1
dense_support_q8_r05,dense_support,cost_model_warm,1604,0,1,11952247,0.2748161,True,False,False,,1,578,1
dense_support_q8_r05,dense_support,timing,1604,0,2,11952247,0.2264501,True,False,False,,4268,384,5
dense_support_q8_r05,dense_support,timing_ovr1,1604,0,3,11952247,0.2668447,True,False,False,,287,561,3
dense_support_q8_r05,dense_support,timing_ovr2,1604,0,4,11952247,0.2719006,True,False,False,,500,551,5
dense_support_q8_r05,dense_support,timing_ovr1_eager,1604,0,5,11952247,0.2678773,True,False,False,,91,573,7
dense_support_q8_r05,dense_support,T=100,1604,0,6,11952247,0.2460545,True,False,False,,6350,312,1
dense_support_q8_r05,dense_support,T=250,1604,0,7,11952247,0.3260938,True,False,False,,1,578,1
dense_support_q8_r05,dense_support,T=400,1604,0,8,11952247,0.3284509,True,False,False,,1,578,1
dense_support_q8_r05,dense_support,cost_model_warm,1604,1,0,11952247,0.2953811,True,False,False,,1,578,1
dense_support_q8_r05,dense_support,timing,1604,1,1,11952247,0.1930767,True,False,False,,1184,512,3
dense_support_q8_r05,dense_support,timing_ovr1,1604,1,2,11952247,0.1993219,True,False,False,,306,561,17
dense_support_q8_r05,dense_support,timing_ovr2,1604,1,3,11952247,0.2303156,True,False,False,,10350,221,9
dense_support_q8_r05,dense_support,timing_ovr1_eager,1604,1,4,11952247,0.3380451,True,False,False,,195,567,13
dense_support_q8_r05,dense_support,T=100,1604,1,5,11952247,0.2563258,True,False,False,,6350,312,1
dense_support_q8_r05,dense_support,T=250,1604,1,6,11952247,0.2454444,True,False,False,,1,578,1
dense_support_q8_r05,dense_support,T=400,1604,1,7,11952247,0.2804588,True,False,False,,1,578,1
dense_support_q8_r05,dense_support,cost_model_cold,1604,1,8,11952247,0.2666201,True,False,False,,1834,479,1
dense_support_q8_r05,dense_support,timing,1605,0,0,11952247,0.2337007,True,False,False,,317,559,3
dense_support_q8_r05,dense_support,timing_ovr1,1605,0,1,11952247,0.2728848,True,False,False,,395,554,3
dense_support_q8_r05,dense_support,timing_ovr2,1605,0,2,11952247,0.1795671,True,False,False,,1157,513,3
dense_support_q8_r05,dense_support,timing_ovr1_eager,1605,0,3,11952247,0.2741261,True,False,False,,100,573,7
dense_support_q8_r05,dense_support,T=100,1605,0,4,11952247,0.2243773,True,False,False,,6381,312,1
dense_support_q8_r05,dense_support,T=250,1605,0,5,11952247,0.2527715,True,False,False,,1,578,1
dense_support_q8_r05,dense_support,T=400,1605,0,6,11952247,0.2337039,True,False,False,,1,578,1
dense_support_q8_r05,dense_support,cost_model_cold,1605,0,7,11952247,0.2866172,True,False,False,,1846,479,1
dense_support_q8_r05,dense_support,cost_model_warm,1605,0,8,11952247,0.2406478,True,False,False,,1,578,1
dense_support_q8_r05,dense_support,timing_ovr1,1605,1,0,11952247,0.273396,True,False,False,,292,561,9
dense_support_q8_r05,dense_support,timing_ovr2,1605,1,1,11952247,0.2145805,True,False,False,,3751,399,3
dense_support_q8_r05,dense_support,timing_ovr1_eager,1605,1,2,11952247,0.309579,True,False,False,,89,573,9
dense_support_q8_r05,dense_support,T=100,1605,1,3,11952247,0.2198944,True,False,False,,6381,312,1
dense_support_q8_r05,dense_support,T=250,1605,1,4,11952247,0.2408329,True,False,False,,1,578,1
dense_support_q8_r05,dense_support,T=400,1605,1,5,11952247,0.2227246,True,False,False,,1,578,1
dense_support_q8_r05,dense_support,cost_model_cold,1605,1,6,11952247,0.2284485,True,False,False,,1846,479,1
dense_support_q8_r05,dense_support,cost_model_warm,1605,1,7,11952247,0.2416992,True,False,False,,1,578,1
dense_support_q8_r05,dense_support,timing,1605,1,8,11952247,0.3031065,True,False,False,,11855,193,13
dense_support_q8_r05,dense_support,timing_ovr2,1606,0,0,11952247,0.2346051,True,False,False,,3065,427,7
dense_support_q8_r05,dense_support,timing_ovr1_eager,1606,0,1,11952247,0.193297,True,False,False,,89,573,5
dense_support_q8_r05,dense_support,T=100,1606,0,2,11952247,0.2211123,True,False,False,,6404,312,1
dense_support_q8_r05,dense_support,T=250,1606,0,3,11952247,0.2715399,True,False,False,,1,578,1
dense_support_q8_r05,dense_support,T=400,1606,0,4,11952247,0.1938488,True,False,False,,1,578,1
dense_support_q8_r05,dense_support,cost_model_cold,1606,0,5,11952247,0.2257194,True,False,False,,1875,479,1
dense_support_q8_r05,dense_support,cost_model_warm,1606,0,6,11952247,0.1927874,True,False,False,,1,578,1
dense_support_q8_r05,dense_support,timing,1606,0,7,11952247,0.2705747,True,False,False,,8981,248,5
dense_support_q8_r05,dense_support,timing_ovr1,1606,0,8,11952247,0.2270311,True,False,False,,388,557,7
dense_support_q8_r05,dense_support,timing_ovr1_eager,1606,1,0,11952247,0.2409878,True,False,False,,866,540,9
dense_support_q8_r05,dense_support,T=100,1606,1,1,11952247,0.2436631,True,False,False,,6404,312,1
dense_support_q8_r05,dense_support,T=250,1606,1,2,11952247,0.1937656,True,False,False,,1,578,1
dense_support_q8_r05,dense_support,T=400,1606,1,3,11952247,0.3128121,True,False,False,,1,578,1
dense_support_q8_r05,dense_support,cost_model_cold,1606,1,4,11952247,0.2245481,True,False,False,,1875,479,1
dense_support_q8_r05,dense_support,cost_model_warm,1606,1,5,11952247,0.3401814,True,False,False,,1,578,1
dense_support_q8_r05,dense_support,timing,1606,1,6,11952247,0.2387461,True,False,False,,3640,408,5
dense_support_q8_r05,dense_support,timing_ovr1,1606,1,7,11952247,0.3060585,True,False,False,,354,558,5
dense_support_q8_r05,dense_support,timing_ovr2,1606,1,8,11952247,0.233163,True,False,False,,969,523,3
dense_support_q8_r05,dense_support,T=100,1607,0,0,11952247,0.2264641,True,False,False,,6367,312,1
dense_support_q8_r05,dense_support,T=250,1607,0,1,11952247,0.28004,True,False,False,,1,578,1
dense_support_q8_r05,dense_support,T=400,1607,0,2,11952247,0.3167082,True,False,False,,1,578,1
dense_support_q8_r05,dense_support,cost_model_cold,1607,0,3,11952247,0.2211632,True,False,False,,1836,479,1
dense_support_q8_r05,dense_support,cost_model_warm,1607,0,4,11952247,0.319489,True,False,False,,1,578,1
dense_support_q8_r05,dense_support,timing,1607,0,5,11952247,0.3349103,True,False,False,,11397,196,5
dense_support_q8_r05,dense_support,timing_ovr1,1607,0,6,11952247,0.1988239,True,False,False,,259,562,3
dense_support_q8_r05,dense_support,timing_ovr2,1607,0,7,11952247,0.300246,True,False,False,,566,544,5
dense_support_q8_r05,dense_support,timing_ovr1_eager,1607,0,8,11952247,0.2413805,True,False,False,,179,567,5
dense_support_q8_r05,dense_support,T=250,1607,1,0,11952247,0.3058576,True,False,False,,1,578,1
dense_support_q8_r05,dense_support,T=400,1607,1,1,11952247,0.2622524,True,False,False,,1,578,1
dense_support_q8_r05,dense_support,cost_model_cold,1607,1,2,11952247,0.254138,True,False,False,,1836,479,1
dense_support_q8_r05,dense_support,cost_model_warm,1607,1,3,11952247,0.241186,True,False,False,,1,578,1
dense_support_q8_r05,dense_support,timing,1607,1,4,11952247,0.2078108,True,False,False,,7243,339,5
dense_support_q8_r05,dense_support,timing_ovr1,1607,1,5,11952247,0.2549792,True,False,False,,306,560,13
dense_support_q8_r05,dense_support,timing_ovr2,1607,1,6,11952247,0.2470434,True,False,False,,6734,333,5
dense_support_q8_r05,dense_support,timing_ovr1_eager,1607,1,7,11952247,0.3261982,True,False,False,,1594,493,11
dense_support_q8_r05,dense_support,T=100,1607,1,8,11952247,0.2884796,True,False,False,,6367,312,1
dense_support_q8_r05,dense_support,T=400,1608,0,0,11952247,0.2531152,True,False,False,,1,578,1
dense_support_q8_r05,dense_support,cost_model_cold,1608,0,1,11952247,0.2569376,True,False,False,,1846,479,1
dense_support_q8_r05,dense_support,cost_model_warm,1608,0,2,11952247,0.3110775,True,False,False,,1,578,1
dense_support_q8_r05,dense_support,timing,1608,0,3,11952247,0.2009415,True,False,False,,2992,430,5
dense_support_q8_r05,dense_support,timing_ovr1,1608,0,4,11952247,0.2936816,True,False,False,,278,562,3
dense_support_q8_r05,dense_support,timing_ovr2,1608,0,5,11952247,0.2052711,True,False,False,,2293,460,13
dense_support_q8_r05,dense_support,timing_ovr1_eager,1608,0,6,11952247,0.3044661,True,False,False,,127,570,7
dense_support_q8_r05,dense_support,T=100,1608,0,7,11952247,0.2156613,True,False,False,,6411,312,1
dense_support_q8_r05,dense_support,T=250,1608,0,8,11952247,0.2764595,True,False,False,,1,578,1
dense_support_q8_r05,dense_support,cost_model_cold,1608,1,0,11952247,0.2528888,True,False,False,,1846,479,1
dense_support_q8_r05,dense_support,cost_model_warm,1608,1,1,11952247,0.3152479,True,False,False,,1,578,1
dense_support_q8_r05,dense_support,timing,1608,1,2,11952247,0.2256009,True,False,False,,8009,271,5
dense_support_q8_r05,dense_support,timing_ovr1,1608,1,3,11952247,0.2853937,True,False,False,,300,561,11
dense_support_q8_r05,dense_support,timing_ovr2,1608,1,4,11952247,0.3025461,True,False,False,,7794,276,3
dense_support_q8_r05,dense_support,timing_ovr1_eager,1608,1,5,11952247,0.3201379,True,False,False,,127,571,7
dense_support_q8_r05,dense_support,T=100,1608,1,6,11952247,0.2665323,True,False,False,,6411,312,1
dense_support_q8_r05,dense_support,T=250,1608,1,7,11952247,0.2860869,True,False,False,,1,578,1
dense_support_q8_r05,dense_support,T=400,1608,1,8,11952247,0.2155066,True,False,False,,1,578,1
dense_support_q8_r1,dense_support,cost_model_warm,1601,0,0,47808989,1.0022578,True,False,False,,6288,843,1
dense_support_q8_r1,dense_support,timing,1601,0,1,47808989,0.8560654,True,False,False,,21928,406,7
dense_support_q8_r1,dense_support,timing_ovr1,1601,0,2,47808989,1.1357512,True,False,False,,703,1112,3
dense_support_q8_r1,dense_support,timing_ovr2,1601,0,3,47808989,0.9515322,True,False,False,,5314,884,5
dense_support_q8_r1,dense_support,timing_ovr1_eager,1601,0,4,47808989,1.0509898,True,False,False,,1838,1059,19
dense_support_q8_r1,dense_support,T=100,1601,0,5,47808989,0.905082,True,False,False,,29776,271,1
dense_support_q8_r1,dense_support,T=250,1601,0,6,47808989,1.0573069,True,False,False,,8372,763,1
dense_support_q8_r1,dense_support,T=400,1601,0,7,47808989,1.1146009,True,False,False,,598,1118,1
dense_support_q8_r1,dense_support,cost_model_cold,1601,0,8,47808989,0.9172063,True,False,False,,16799,516,1
dense_support_q8_r1,dense_support,timing,1601,1,0,47808989,0.8863103,True,False,False,,10892,679,5
dense_support_q8_r1,dense_support,timing_ovr1,1601,1,1,47808989,1.1611679,True,False,False,,761,1109,3
dense_support_q8_r1,dense_support,timing_ovr2,1601,1,2,47808989,0.9799192,True,False,False,,6356,841,7
dense_support_q8_r1,dense_support,timing_ovr1_eager,1601,1,3,47808989,1.0256412,True,False,False,,2867,999,19
dense_support_q8_r1,dense_support,T=100,1601,1,4,47808989,0.8385914,True,False,False,,29776,271,1
dense_support_q8_r1,dense_support,T=250,1601,1,5,47808989,0.9351426,True,False,False,,8372,763,1
dense_support_q8_r1,dense_support,T=400,1601,1,6,47808989,1.1913223,True,False,False,,598,1118,1
dense_support_q8_r1,dense_support,cost_model_cold,1601,1,7,47808989,0.9637357,True,False,False,,16799,516,1
dense_support_q8_r1,dense_support,cost_model_warm,1601,1,8,47808989,1.0202027,True,False,False,,6288,843,1
dense_support_q8_r1,dense_support,timing_ovr1,1602,0,0,47808989,1.0543949,True,False,False,,1739,1057,3
dense_support_q8_r1,dense_support,timing_ovr2,1602,0,1,47808989,0.9585399,True,False,False,,8255,773,7
dense_support_q8_r1,dense_support,timing_ovr1_eager,1602,0,2,47808989,1.0716201,True,False,False,,782,1108,9
dense_support_q8_r1,dense_support,T=100,1602,0,3,47808989,0.9294542,True,False,False,,29837,271,1
dense_support_q8_r1,dense_support,T=250,1602,0,4,47808989,1.1279421,True,False,False,,8482,764,1
dense_support_q8_r1,dense_support,T=400,1602,0,5,47808989,1.1267641,True,False,False,,604,1119,1
dense_support_q8_r1,dense_support,cost_model_cold,1602,0,6,47808989,0.9614369,True,False,False,,16806,516,1
dense_support_q8_r1,dense_support,cost_model_warm,1602,0,7,47808989,1.0068182,True,False,False,,6400,842,1
dense_support_q8_r1,dense_support,timing,1602,0,8,47808989,1.1286382,True,False,False,,1948,1057,5
dense_support_q8_r1,dense_support,timing_ovr2,1602,1,0,47808989,0.9953724,True,False,False,,3801,956,3
dense_support_q8_r1,dense_support,timing_ovr1_eager,1602,1,1,47808989,1.1467,True,False,False,,864,1105,11
dense_support_q8_r1,dense_support,T=100,1602,1,2,47808989,0.9479069,True,False,False,,29837,271,1
dense_support_q8_r1,dense_support,T=250,1602,1,3,47808989,1.0115494,True,False,False,,8482,764,1
dense_support_q8_r1,dense_support,T=400,1602,1,4,47808989,1.1354889,True,False,False,,604,1119,1
dense_support_q8_r1,dense_support,cost_model_cold,1602,1,5,47808989,0.8822125,True,False,False,,16806,516,1
dense_support_q8_r1,dense_support,cost_model_warm,1602,1,6,47808989,1.0569186,True,False,False,,6400,842,1
dense_support_q8_r1,dense_support,timing,1602,1,7,47808989,0.8837741,True,False,False,,14732,571,5
dense_support_q8_r1,dense_support,timing_ovr1,1602,1,8,47808989,1.244879,True,False,False,,623,1117,3
dense_support_q8_r1,dense_support,timing_ovr1_eager,1603,0,0,47808989,1.2288441,True,False,False,,838,1109,13
dense_support_q8_r1,dense_support,T=100,1603,0,1,47808989,0.9735885,True,False,False,,29810,271,1
dense_support_q8_r1,dense_support,T=250,1603,0,2,47808989,0.9219858,True,False,False,,8368,764,1
dense_support_q8_r1,dense_support,T=400,1603,0,3,47808989,1.0099499,True,False,False,,588,1119,1
dense_support_q8_r1,dense_support,cost_model_cold,1603,0,4,47808989,0.8598467,True,False,False,,16760,516,1
dense_support_q8_r1,dense_support,cost_model_warm,1603,0,5,47808989,0.9381831,True,False,False,,6310,842,1
dense_support_q8_r1,dense_support,timing,1603,0,6,47808989,0.9478154,True,False,False,,15945,556,7
dense_support_q8_r1,dense_support,timing_ovr1,1603,0,7,47808989,1.0418349,True,False,False,,2666,1008,7
dense_support_q8_r1,dense_support,timing_ovr2,1603,0,8,47808989,0.9772455,True,False,False,,2240,1029,3
dense_support_q8_r1,dense_support,T=100,1603,1,0,47808989,0.8663297,True,False,False,,29810,271,1
dense_support_q8_r1,dense_support,T=250,1603,1,1,47808989,0.8963742,True,False,False,,8368,764,1
dense_support_q8_r1,dense_support,T=400,1603,1,2,47808989,1.0724646,True,False,False,,588,1119,1
dense_support_q8_r1,dense_support,cost_model_cold,1603,1,3,47808989,0.9234937,True,False,False,,16760,516,1
dense_support_q8_r1,dense_support,cost_model_warm,1603,1,4,47808989,1.019902,True,False,False,,6310,842,1
dense_support_q8_r1,dense_support,timing,1603,1,5,47808989,0.9307039,True,False,False,,9584,729,7
dense_support_q8_r1,dense_support,timing_ovr1,1603,1,6,47808989,1.1785084,True,False,False,,1071,1091,3
dense_support_q8_r1,dense_support,timing_ovr2,1603,1,7,47808989,0.9427699,True,False,False,,4960,908,5
dense_support_q8_r1,dense_support,timing_ovr1_eager,1603,1,8,47808989,1.1528678,True,False,False,,994,1096,11
dense_support_q8_r1,dense_support,T=250,1604,0,0,47808989,1.0209223,True,False,False,,8315,764,1
dense_support_q8_r1,dense_support,T=400,1604,0,1,47808989,1.2203586,True,False,False,,595,1119,1
dense_support_q8_r1,dense_support,cost_model_cold,1604,0,2,47808989,0.8812332,True,False,False,,16647,516,1
dense_support_q8_r1,dense_support,cost_model_warm,1604,0,3,47808989,0.9730532,True,False,False,,6291,843,1
dense_support_q8_r1,dense_support,timing,1604,0,4,47808989,0.8185349,True,False,False,,9780,731,7
dense_support_q8_r1,dense_support,timing_ovr1,1604,0,5,47808989,0.8962587,True,False,False,,282,1138,3
dense_support_q8_r1,dense_support,timing_ovr2,1604,0,6,47808989,0.8479645,True,False,False,,9738,715,5
dense_support_q8_r1,dense_support,timing_ovr1_eager,1604,0,7,47808989,0.9988831,True,False,False,,1722,1057,15
dense_support_q8_r1,dense_support,T=100,1604,0,8,47808989,0.7866178,True,False,False,,29817,271,1
dense_support_q8_r1,dense_support,T=400,1604,1,0,47808989,1.0601614,True,False,False,,595,1119,1
dense_support_q8_r1,dense_support,cost_model_cold,1604,1,1,47808989,0.9003643,True,False,False,,16647,516,1
dense_support_q8_r1,dense_support,cost_model_warm,1604,1,2,47808989,1.1098409,True,False,False,,6291,843,1
dense_support_q8_r1,dense_support,timing,1604,1,3,47808989,0.9435923,True,False,False,,28572,294,9
dense_support_q8_r1,dense_support,timing_ovr1,1604,1,4,47808989,1.1524157,True,False,False,,447,1128,3
dense_support_q8_r1,dense_support,timing_ovr2,1604,1,5,47808989,1.2549361,True,False,False,,2379,1022,3
dense_support_q8_r1,dense_support,timing_ovr1_eager,1604,1,6,47808989,1.2191267,True,False,False,,2624,1012,17
dense_support_q8_r1,dense_support,T=100,1604,1,7,47808989,1.0270304,True,False,False,,29817,271,1
dense_support_q8_r1,dense_support,T=250,1604,1,8,47808989,1.0817531,True,False,False,,8315,764,1
dense_support_q8_r1,dense_support,cost_model_cold,1605,0,0,47808989,0.8763488,True,False,False,,16751,516,1
dense_support_q8_r1,dense_support,cost_model_warm,1605,0,1,47808989,1.1555715,True,False,False,,6316,842,1
dense_support_q8_r1,dense_support,timing,1605,0,2,47808989,0.9173442,True,False,False,,30484,266,9
dense_support_q8_r1,dense_support,timing_ovr1,1605,0,3,47808989,1.2763367,True,False,False,,511,1123,3
dense_support_q8_r1,dense_support,timing_ovr2,1605,0,4,47808989,1.2413657,True,False,False,,3172,982,5
dense_support_q8_r1,dense_support,timing_ovr1_eager,1605,0,5,47808989,1.17256,True,False,False,,1329,1083,11
dense_support_q8_r1,dense_support,T=100,1605,0,6,47808989,0.8522047,True,False,False,,29825,271,1
dense_support_q8_r1,dense_support,T=250,1605,0,7,47808989,0.9160531,True,False,False,,8407,763,1
dense_support_q8_r1,dense_support,T=400,1605,0,8,47808989,0.998984,True,False,False,,608,1119,1
dense_support_q8_r1,dense_support,cost_model_warm,1605,1,0,47808989,0.963323,True,False,False,,6316,842,1
dense_support_q8_r1,dense_support,timing,1605,1,1,47808989,0.9094622,True,False,False,,20795,429,9
dense_support_q8_r1,dense_support,timing_ovr1,1605,1,2,47808989,0.9480287,True,False,False,,3427,970,3
dense_support_q8_r1,dense_support,timing_ovr2,1605,1,3,47808989,1.0966955,True,False,False,,7195,809,3
dense_support_q8_r1,dense_support,timing_ovr1_eager,1605,1,4,47808989,1.0700398,True,False,False,,3734,980,31
dense_support_q8_r1,dense_support,T=100,1605,1,5,47808989,0.9275538,True,False,False,,29825,271,1
dense_support_q8_r1,dense_support,T=250,1605,1,6,47808989,1.0901355,True,False,False,,8407,763,1
dense_support_q8_r1,dense_support,T=400,1605,1,7,47808989,1.2581433,True,False,False,,608,1119,1
dense_support_q8_r1,dense_support,cost_model_cold,1605,1,8,47808989,0.9427477,True,False,False,,16751,516,1
dense_support_q8_r1,dense_support,timing,1606,0,0,47808989,1.1971674,True,False,False,,5687,869,5
dense_support_q8_r1,dense_support,timing_ovr1,1606,0,1,47808989,1.1497586,True,False,False,,610,1118,3
dense_support_q8_r1,dense_support,timing_ovr2,1606,0,2,47808989,1.0050494,True,False,False,,6318,844,3
dense_support_q8_r1,dense_support,timing_ovr1_eager,1606,0,3,47808989,1.1119755,True,False,False,,2001,1045,21
dense_support_q8_r1,dense_support,T=100,1606,0,4,47808989,0.9270625,True,False,False,,29903,271,1
dense_support_q8_r1,dense_support,T=250,1606,0,5,47808989,1.0098602,True,False,False,,8447,764,1
dense_support_q8_r1,dense_support,T=400,1606,0,6,47808989,1.1837305,True,False,False,,614,1118,1
dense_support_q8_r1,dense_support,cost_model_cold,1606,0,7,47808989,0.9953235,True,False,False,,16789,516,1
dense_support_q8_r1,dense_support,cost_model_warm,1606,0,8,47808989,0.9973396,True,False,False,,6347,842,1
dense_support_q8_r1,dense_support,timing_ovr1,1606,1,0,47808989,1.1779721,True,False,False,,3483,968,7
dense_support_q8_r1,dense_support,timing_ovr2,1606,1,1,47808989,1.0848231,True,False,False,,7427,801,3
dense_support_q8_r1,dense_support,timing_ovr1_eager,1606,1,2,47808989,1.0968722,True,False,False,,2804,1003,21
dense_support_q8_r1,dense_support,T=100,1606,1,3,47808989,0.8939185,True,False,False,,29903,271,1
dense_support_q8_r1,dense_support,T=250,1606,1,4,47808989,1.0192569,True,False,False,,8447,764,1
dense_support_q8_r1,dense_support,T=400,1606,1,5,47808989,1.1447438,True,False,False,,614,1118,1
dense_support_q8_r1,dense_support,cost_model_cold,1606,1,6,47808989,1.0092335,True,False,False,,16789,516,1
dense_support_q8_r1,dense_support,cost_model_warm,1606,1,7,47808989,0.8070327,True,False,False,,6347,842,1
dense_support_q8_r1,dense_support,timing,1606,1,8,47808989,0.8406554,True,False,False,,18659,475,7
dense_support_q8_r1,dense_support,timing_ovr2,1607,0,0,47808989,1.0067465,True,False,False,,4944,900,3
dense_support_q8_r1,dense_support,timing_ovr1_eager,1607,0,1,47808989,1.2889407,True,False,False,,801,1106,11
dense_support_q8_r1,dense_support,T=100,1607,0,2,47808989,0.9525961,True,False,False,,29868,271,1
dense_support_q8_r1,dense_support,T=250,1607,0,3,47808989,0.9819793,True,False,False,,8331,764,1
dense_support_q8_r1,dense_support,T=400,1607,0,4,47808989,1.1976852,True,False,False,,572,1119,1
dense_support_q8_r1,dense_support,cost_model_cold,1607,0,5,47808989,0.8383961,True,False,False,,16735,516,1
dense_support_q8_r1,dense_support,cost_model_warm,1607,0,6,47808989,1.0252884,True,False,False,,6312,842,1
dense_support_q8_r1,dense_support,timing,1607,0,7,47808989,0.9299349,True,False,False,,19297,491,9
dense_support_q8_r1,dense_support,timing_ovr1,1607,0,8,47808989,0.9851013,True,False,False,,5781,865,3
dense_support_q8_r1,dense_support,timing_ovr1_eager,1607,1,0,47808989,1.0034368,True,False,False,,2472,1017,15
dense_support_q8_r1,dense_support,T=100,1607,1,1,47808989,0.7894046,True,False,False,,29868,271,1
dense_support_q8_r1,dense_support,T=250,1607,1,2,47808989,0.8510346,True,False,False,,8331,764,1
dense_support_q8_r1,dense_support,T=400,1607,1,3,47808989,0.9776097,True,False,False,,572,1119,1
dense_support_q8_r1,dense_support,cost_model_cold,1607,1,4,47808989,0.7544727,True,False,False,,16735,516,1
dense_support_q8_r1,dense_support,cost_model_warm,1607,1,5,47808989,0.7984048,True,False,False,,6312,842,1
dense_support_q8_r1,dense_support,timing,1607,1,6,47808989,0.7385268,True,False,False,,21054,430,11
dense_support_q8_r1,dense_support,timing_ovr1,1607,1,7,47808989,0.905499,True,False,False,,2419,1020,7
dense_support_q8_r1,dense_support,timing_ovr2,1607,1,8,47808989,0.8518423,True,False,False,,5121,892,3
dense_support_q8_r1,dense_support,T=100,1608,0,0,47808989,0.9105039,True,False,False,,30060,271,1
dense_support_q8_r1,dense_support,T=250,1608,0,1,47808989,0.7956709,True,False,False,,8436,764,1
dense_support_q8_r1,dense_support,T=400,1608,0,2,47808989,0.9027415,True,False,False,,609,1119,1
dense_support_q8_r1,dense_support,cost_model_cold,1608,0,3,47808989,0.6920015,True,False,False,,16847,516,1
dense_support_q8_r1,dense_support,cost_model_warm,1608,0,4,47808989,0.7457865,True,False,False,,6358,842,1
dense_support_q8_r1,dense_support,timing,1608,0,5,47808989,0.751725,True,False,False,,30332,271,9
dense_support_q8_r1,dense_support,timing_ovr1,1608,0,6,47808989,0.8792425,True,False,False,,4316,929,3
dense_support_q8_r1,dense_support,timing_ovr2,1608,0,7,47808989,0.8135974,True,False,False,,17193,577,13
dense_support_q8_r1,dense_support,timing_ovr1_eager,1608,0,8,47808989,0.9127774,True,False,False,,1814,1053,17
dense_support_q8_r1,dense_support,T=250,1608,1,0,47808989,0.7722733,True,False,False,,8436,764,1
dense_support_q8_r1,dense_support,T=400,1608,1,1,47808989,1.0604736,True,False,False,,609,1119,1
dense_support_q8_r1,dense_support,cost_model_cold,1608,1,2,47808989,0.7493188,True,False,False,,16847,516,1
dense_support_q8_r1,dense_support,cost_model_warm,1608,1,3,47808989,0.9609724,True,False,False,,6358,842,1
dense_support_q8_r1,dense_support,timing,1608,1,4,47808989,0.7484006,True,False,False,,26741,325,9
dense_support_q8_r1,dense_support,timing_ovr1,1608,1,5,47808989,1.1746153,True,False,False,,719,1112,5
dense_support_q8_r1,dense_support,timing_ovr2,1608,1,6,47808989,0.7787446,True,False,False,,3352,975,3
dense_support_q8_r1,dense_support,timing_ovr1_eager,1608,1,7,47808989,0.7716037,True,False,False,,1084,1094,13
dense_support_q8_r1,dense_support,T=100,1608,1,8,47808989,0.6393253,True,False,False,,30060,271,1
dense_support_q8_r2,dense_support,T=400,1601,0,0,191235958,2.606872,True,False,False,,25379,1243,1
dense_support_q8_r2,dense_support,cost_model_cold,1601,0,1,191235958,2.2592902,True,False,False,,70142,403,1
dense_support_q8_r2,dense_support,cost_model_warm,1601,0,2,191235958,2.2616301,True,False,False,,40800,868,1
dense_support_q8_r2,dense_support,timing,1601,0,3,191235958,2.1416924,True,False,False,,57659,579,17
dense_support_q8_r2,dense_support,timing_ovr1,1601,0,4,191235958,3.8628282,True,False,False,,569,2272,3
dense_support_q8_r2,dense_support,timing_ovr2,1601,0,5,191235958,2.651287,True,False,False,,36776,957,11
dense_support_q8_r2,dense_support,timing_ovr1_eager,1601,0,6,191235958,3.5017497,True,False,False,,9256,1840,59
dense_support_q8_r2,dense_support,T=100,1601,0,7,191235958,2.4764008,True,False,False,,108168,45,1
dense_support_q8_r2,dense_support,T=250,1601,0,8,191235958,2.4586356,True,False,False,,47351,742,1
dense_support_q8_r2,dense_support,cost_model_cold,1601,1,0,191235958,2.3377361,True,False,False,,70142,403,1
dense_support_q8_r2,dense_support,cost_model_warm,1601,1,1,191235958,2.4017832,True,False,False,,40800,868,1
dense_support_q8_r2,dense_support,timing,1601,1,2,191235958,2.2886767,True,False,False,,70227,418,21
dense_support_q8_r2,dense_support,timing_ovr1,1601,1,3,191235958,3.3131759,True,False,False,,12688,1681,5
dense_support_q8_r2,dense_support,timing_ovr2,1601,1,4,191235958,2.8713642,True,False,False,,28076,1170,9
dense_support_q8_r2,dense_support,timing_ovr1_eager,1601,1,5,191235958,4.1460582,True,False,False,,4002,2143,27
dense_support_q8_r2,dense_support,T=100,1601,1,6,191235958,2.6619576,True,False,False,,108168,45,1
dense_support_q8_r2,dense_support,T=250,1601,1,7,191235958,2.4383989,True,False,False,,47351,742,1
dense_support_q8_r2,dense_support,T=400,1601,1,8,191235958,2.9594415,True,False,False,,25379,1243,1
dense_support_q8_r2,dense_support,cost_model_warm,1602,0,0,191235958,2.3707527,True,False,False,,40711,868,1
dense_support_q8_r2,dense_support,timing,1602,0,1,191235958,2.5449502,True,False,False,,35334,989,11
dense_support_q8_r2,dense_support,timing_ovr1,1602,0,2,191235958,3.7078913,True,False,False,,1291,2232,3
dense_support_q8_r2,dense_support,timing_ovr2,1602,0,3,191235958,2.8780988,True,False,False,,20357,1405,9
dense_support_q8_r2,dense_support,timing_ovr1_eager,1602,0,4,191235958,3.5578645,True,False,False,,9274,1865,47
dense_support_q8_r2,dense_support,T=100,1602,0,5,191235958,2.419034,True,False,False,,108092,46,1
dense_support_q8_r2,dense_support,T=250,1602,0,6,191235958,2.1574073,True,False,False,,47345,742,1
dense_support_q8_r2,dense_support,T=400,1602,0,7,191235958,2.6660712,True,False,False,,25492,1243,1
dense_support_q8_r2,dense_support,cost_model_cold,1602,0,8,191235958,2.4080256,True,False,False,,70065,403,1
dense_support_q8_r2,dense_support,timing,1602,1,0,191235958,2.2916843,True,False,False,,52118,664,15
dense_support_q8_r2,dense_support,timing_ovr1,1602,1,1,191235958,3.6313632,True,False,False,,9277,1836,9
dense_support_q8_r2,dense_support,timing_ovr2,1602,1,2,191235958,2.7290919,True,False,False,,19392,1436,7
dense_support_q8_r2,dense_support,timing_ovr1_eager,1602,1,3,191235958,3.9251022,True,False,False,,3750,2099,31
dense_support_q8_r2,dense_support,T=100,1602,1,4,191235958,2.2159151,True,False,False,,108092,46,1
dense_support_q8_r2,dense_support,T=250,1602,1,5,191235958,1.9326749,True,False,False,,47345,742,1
dense_support_q8_r2,dense_support,T=400,1602,1,6,191235958,2.5208731,True,False,False,,25492,1243,1
dense_support_q8_r2,dense_support,cost_model_cold,1602,1,7,191235958,2.2695007,True,False,False,,70065,403,1
dense_support_q8_r2,dense_support,cost_model_warm,1602,1,8,191235958,2.9294977,True,False,False,,40711,868,1
dense_support_q8_r2,dense_support,timing_ovr1,1603,0,0,191235958,4.648363,True,False,False,,4152,2075,3
dense_support_q8_r2,dense_support,timing_ovr2,1603,0,1,191235958,4.0061709,True,False,False,,14721,1602,5
dense_support_q8_r2,dense_support,timing_ovr1_eager,1603,0,2,191235958,4.4752933,True,False,False,,6231,1973,35
dense_support_q8_r2,dense_support,T=100,1603,0,3,191235958,2.9505078,True,False,False,,107931,45,1
dense_support_q8_r2,dense_support,T=250,1603,0,4,191235958,2.7611273,True,False,False,,47296,742,1
dense_support_q8_r2,dense_support,T=400,1603,0,5,191235958,3.2650721,True,False,False,,25458,1243,1
dense_support_q8_r2,dense_support,cost_model_cold,1603,0,6,191235958,2.7437654,True,False,False,,69998,403,1
dense_support_q8_r2,dense_support,cost_model_warm,1603,0,7,191235958,3.0096507,True,False,False,,40755,868,1
dense_support_q8_r2,dense_support,timing,1603,0,8,191235958,2.5189412,True,False,False,,58972,558,17
dense_support_q8_r2,dense_support,timing_ovr2,1603,1,0,191235958,2.6472965,True,False,False,,32524,1057,11
dense_support_q8_r2,dense_support,timing_ovr1_eager,1603,1,1,191235958,3.9891742,True,False,False,,4349,2071,31
dense_support_q8_r2,dense_support,T=100,1603,1,2,191235958,2.529368,True,False,False,,107931,45,1
dense_support_q8_r2,dense_support,T=250,1603,1,3,191235958,2.6321805,True,False,False,,47296,742,1
dense_support_q8_r2,dense_support,T=400,1603,1,4,191235958,2.8419532,True,False,False,,25458,1243,1
dense_support_q8_r2,dense_support,cost_model_cold,1603,1,5,191235958,2.2050185,True,False,False,,69998,403,1
dense_support_q8_r2,dense_support,cost_model_warm,1603,1,6,191235958,2.6531915,True,False,False,,40755,868,1
dense_support_q8_r2,dense_support,timing,1603,1,7,191235958,2.7817629,True,False,False,,74692,358,23
dense_support_q8_r2,dense_support,timing_ovr1,1603,1,8,191235958,4.1381951,True,False,False,,12875,1677,5
dense_support_q8_r2,dense_support,timing_ovr1_eager,1604,0,0,191235958,4.3442823,True,False,False,,7959,1933,49
dense_support_q8_r2,dense_support,T=100,1604,0,1,191235958,2.9428889,True,False,False,,108089,46,1
dense_support_q8_r2,dense_support,T=250,1604,0,2,191235958,2.8719894,True,False,False,,47271,742,1
dense_support_q8_r2,dense_support,T=400,1604,0,3,191235958,3.3767753,True,False,False,,25445,1243,1
dense_support_q8_r2,dense_support,cost_model_cold,1604,0,4,191235958,2.8305471,True,False,False,,70103,403,1
dense_support_q8_r2,dense_support,cost_model_warm,1604,0,5,191235958,2.3516972,True,False,False,,40749,868,1
dense_support_q8_r2,dense_support,timing,1604,0,6,191235958,2.0812088,True,False,False,,59514,552,19
dense_support_q8_r2,dense_support,timing_ovr1,1604,0,7,191235958,2.4700393,True,False,False,,18284,1469,7
dense_support_q8_r2,dense_support,timing_ovr2,1604,0,8,191235958,4.1427498,True,False,False,,2588,2157,3
dense_support_q8_r2,dense_support,T=100,1604,1,0,191235958,2.7964023,True,False,False,,108089,46,1
dense_support_q8_r2,dense_support,T=250,1604,1,1,191235958,2.7709986,True,False,False,,47271,742,1
dense_support_q8_r2,dense_support,T=400,1604,1,2,191235958,3.3811612,True,False,False,,25445,1243,1
dense_support_q8_r2,dense_support,cost_model_cold,1604,1,3,191235958,2.5664825,True,False,False,,70103,403,1
dense_support_q8_r2,dense_support,cost_model_warm,1604,1,4,191235958,2.9258145,True,False,False,,40749,868,1
dense_support_q8_r2,dense_support,timing,1604,1,5,191235958,2.6429042,True,False,False,,60737,533,17
dense_support_q8_r2,dense_support,timing_ovr1,1604,1,6,191235958,4.2756813,True,False,False,,9829,1802,13
dense_support_q8_r2,dense_support,timing_ovr2,1604,1,7,191235958,3.4184983,True,False,False,,20964,1385,11
dense_support_q8_r2,dense_support,timing_ovr1_eager,1604,1,8,191235958,4.5363156,True,False,False,,1387,2225,15
dense_support_q8_r2,dense_support,T=250,1605,0,0,191235958,2.9107759,True,False,False,,47362,742,1
dense_support_q8_r2,dense_support,T=400,1605,0,1,191235958,3.2700979,True,False,False,,25392,1243,1
dense_support_q8_r2,dense_support,cost_model_cold,1605,0,2,191235958,2.3944858,True,False,False,,70097,403,1
dense_support_q8_r2,dense_support,cost_model_warm,1605,0,3,191235958,2.375715,True,False,False,,40855,868,1
dense_support_q8_r2,dense_support,timing,1605,0,4,191235958,2.3337695,True,False,False,,77037,332,21
dense_support_q8_r2,dense_support,timing_ovr1,1605,0,5,191235958,3.485264,True,False,False,,5272,2018,7
dense_support_q8_r2,dense_support,timing_ovr2,1605,0,6,191235958,2.6721862,True,False,False,,42115,856,15
dense_support_q8_r2,dense_support,timing_ovr1_eager,1605,0,7,191235958,3.8360349,True,False,False,,6440,1981,37
dense_support_q8_r2,dense_support,T=100,1605,0,8,191235958,2.2301121,True,False,False,,108026,45,1
dense_support_q8_r2,dense_support,T=400,1605,1,0,191235958,2.9670257,True,False,False,,25392,1243,1
dense_support_q8_r2,dense_support,cost_model_cold,1605,1,1,191235958,2.3504168,True,False,False,,70097,403,1
dense_support_q8_r2,dense_support,cost_model_warm,1605,1,2,191235958,2.891635,True,False,False,,40855,868,1
dense_support_q8_r2,dense_support,timing,1605,1,3,191235958,2.6213289,True,False,False,,31533,1082,9
dense_support_q8_r2,dense_support,timing_ovr1,1605,1,4,191235958,3.297924,True,False,False,,13012,1670,7
dense_support_q8_r2,dense_support,timing_ovr2,1605,1,5,191235958,2.7471111,True,False,False,,21381,1368,7
dense_support_q8_r2,dense_support,timing_ovr1_eager,1605,1,6,191235958,3.3142963,True,False,False,,10239,1806,57
dense_support_q8_r2,dense_support,T=100,1605,1,7,191235958,2.5999826,True,False,False,,108026,45,1
dense_support_q8_r2,dense_support,T=250,1605,1,8,191235958,2.3073083,True,False,False,,47362,742,1
dense_support_q8_r2,dense_support,cost_model_cold,1606,0,0,191235958,2.0169802,True,False,False,,70216,403,1
dense_support_q8_r2,dense_support,cost_model_warm,1606,0,1,191235958,2.0063257,True,False,False,,40846,868,1
dense_support_q8_r2,dense_support,timing,1606,0,2,191235958,1.9386663,True,False,False,,79397,308,21
dense_support_q8_r2,dense_support,timing_ovr1,1606,0,3,191235958,2.9455897,True,False,False,,10443,1778,7
dense_support_q8_r2,dense_support,timing_ovr2,1606,0,4,191235958,3.0558071,True,False,False,,25038,1259,9
dense_support_q8_r2,dense_support,timing_ovr1_eager,1606,0,5,191235958,4.2510935,True,False,False,,2583,2171,25
dense_support_q8_r2,dense_support,T=100,1606,0,6,191235958,2.4006556,True,False,False,,108339,45,1
dense_support_q8_r2,dense_support,T=250,1606,0,7,191235958,2.4046043,True,False,False,,47359,742,1
dense_support_q8_r2,dense_support,T=400,1606,0,8,191235958,2.9916711,True,False,False,,25482,1243,1
dense_support_q8_r2,dense_support,cost_model_warm,1606,1,0,191235958,2.6432465,True,False,False,,40846,868,1
dense_support_q8_r2,dense_support,timing,1606,1,1,191235958,2.6511003,True,False,False,,33186,1043,11
dense_support_q8_r2,dense_support,timing_ovr1,1606,1,2,191235958,3.6137883,True,False,False,,12308,1708,11
dense_support_q8_r2,dense_support,timing_ovr2,1606,1,3,191235958,2.9275544,True,False,False,,22605,1339,11
dense_support_q8_r2,dense_support,timing_ovr1_eager,1606,1,4,191235958,3.5476044,True,False,False,,12818,1721,61
dense_support_q8_r2,dense_support,T=100,1606,1,5,191235958,2.5027784,True,False,False,,108339,45,1
dense_support_q8_r2,dense_support,T=250,1606,1,6,191235958,2.5192569,True,False,False,,47359,742,1
dense_support_q8_r2,dense_support,T=400,1606,1,7,191235958,3.3196808,True,False,False,,25482,1243,1
dense_support_q8_r2,dense_support,cost_model_cold,1606,1,8,191235958,2.5005454,True,False,False,,70216,403,1
dense_support_q8_r2,dense_support,timing,1607,0,0,191235958,2.652692,True,False,False,,43685,814,13
dense_support_q8_r2,dense_support,timing_ovr1,1607,0,1,191235958,4.0291668,True,False,False,,5683,1995,3
dense_support_q8_r2,dense_support,timing_ovr2,1607,0,2,191235958,3.4428796,True,False,False,,19318,1436,7
dense_support_q8_r2,dense_support,timing_ovr1_eager,1607,0,3,191235958,4.3049007,True,False,False,,5394,2045,35
dense_support_q8_r2,dense_support,T=100,1607,0,4,191235958,2.617353,True,False,False,,108182,45,1
dense_support_q8_r2,dense_support,T=250,1607,0,5,191235958,2.7356204,True,False,False,,47280,742,1
dense_support_q8_r2,dense_support,T=400,1607,0,6,191235958,3.2227286,True,False,False,,25438,1243,1
dense_support_q8_r2,dense_support,cost_model_cold,1607,0,7,191235958,2.7495103,True,False,False,,70044,403,1
dense_support_q8_r2,dense_support,cost_model_warm,1607,0,8,191235958,2.9162151,True,False,False,,40751,868,1
dense_support_q8_r2,dense_support,timing_ovr1,1607,1,0,191235958,4.9875868,True,False,False,,1785,2201,3
dense_support_q8_r2,dense_support,timing_ovr2,1607,1,1,191235958,3.11451,True,False,False,,30307,1114,11
dense_support_q8_r2,dense_support,timing_ovr1_eager,1607,1,2,191235958,3.9297387,True,False,False,,9483,1834,49
dense_support_q8_r2,dense_support,T=100,1607,1,3,191235958,2.627712,True,False,False,,108182,45,1
dense_support_q8_r2,dense_support,T=250,1607,1,4,191235958,2.4814036,True,False,False,,47280,742,1
dense_support_q8_r2,dense_support,T=400,1607,1,5,191235958,2.9871959,True,False,False,,25438,1243,1
dense_support_q8_r2,dense_support,cost_model_cold,1607,1,6,191235958,2.5043203,True,False,False,,70044,403,1
dense_support_q8_r2,dense_support,cost_model_warm,1607,1,7,191235958,2.8354513,True,False,False,,40751,868,1
dense_support_q8_r2,dense_support,timing,1607,1,8,191235958,2.4368304,True,False,False,,54449,634,21
dense_support_q8_r2,dense_support,timing_ovr2,1608,0,0,191235958,2.9541481,True,False,False,,27854,1183,9
dense_support_q8_r2,dense_support,timing_ovr1_eager,1608,0,1,191235958,3.8223194,True,False,False,,7877,1897,49
dense_support_q8_r2,dense_support,T=100,1608,0,2,191235958,2.8284343,True,False,False,,108580,45,1
dense_support_q8_r2,dense_support,T=250,1608,0,3,191235958,2.5273748,True,False,False,,47558,742,1
dense_support_q8_r2,dense_support,T=400,1608,0,4,191235958,3.0145013,True,False,False,,25609,1243,1
dense_support_q8_r2,dense_support,cost_model_cold,1608,0,5,191235958,2.2934067,True,False,False,,70346,403,1
dense_support_q8_r2,dense_support,cost_model_warm,1608,0,6,191235958,2.5075626,True,False,False,,40966,868,1
dense_support_q8_r2,dense_support,timing,1608,0,7,191235958,2.5264864,True,False,False,,71171,402,19
dense_support_q8_r2,dense_support,timing_ovr1,1608,0,8,191235958,4.6487025,True,False,False,,2878,2142,5
dense_support_q8_r2,dense_support,timing_ovr1_eager,1608,1,0,191235958,4.1927712,True,False,False,,9919,1810,55
dense_support_q8_r2,dense_support,T=100,1608,1,1,191235958,3.0541733,True,False,False,,108580,45,1
dense_support_q8_r2,dense_support,T=250,1608,1,2,191235958,3.0201006,True,False,False,,47558,742,1
dense_support_q8_r2,dense_support,T=400,1608,1,3,191235958,3.3266056,True,False,False,,25609,1243,1
dense_support_q8_r2,dense_support,cost_model_cold,1608,1,4,191235958,2.7920788,True,False,False,,70346,403,1
dense_support_q8_r2,dense_support,cost_model_warm,1608,1,5,191235958,2.9014562,True,False,False,,40966,868,1
dense_support_q8_r2,dense_support,timing,1608,1,6,191235958,3.0198304,True,False,False,,33379,1041,11
dense_support_q8_r2,dense_support,timing_ovr1,1608,1,7,191235958,4.6719744,True,False,False,,3716,2105,7
dense_support_q8_r2,dense_support,timing_ovr2,1608,1,8,191235958,3.3896952,True,False,False,,8502,1865,9
dense_support_q12_r05,dense_support,T=100,1601,0,0,6306637,0.2542689,True,False,False,,2408,302,1
dense_support_q12_r05,dense_support,T=250,1601,0,1,6306637,0.2536706,True,False,False,,1,420,1
dense_support_q12_r05,dense_support,T=400,1601,0,2,6306637,0.2626614,True,False,False,,1,420,1
dense_support_q12_r05,dense_support,cost_model_cold,1601,0,3,6306637,0.2598802,True,False,False,,1421,345,1
dense_support_q12_r05,dense_support,cost_model_warm,1601,0,4,6306637,0.2870059,True,False,False,,1,420,1
dense_support_q12_r05,dense_support,timing,1601,0,5,6306637,0.2930827,True,False,False,,2754,299,5
dense_support_q12_r05,dense_support,timing_ovr1,1601,0,6,6306637,0.3263498,True,False,False,,334,401,11
dense_support_q12_r05,dense_support,timing_ovr2,1601,0,7,6306637,0.2868666,True,False,False,,968,367,5
dense_support_q12_r05,dense_support,timing_ovr1_eager,1601,0,8,6306637,0.2942436,True,False,False,,228,407,7
dense_support_q12_r05,dense_support,T=250,1601,1,0,6306637,0.2933306,True,False,False,,1,420,1
dense_support_q12_r05,dense_support,T=400,1601,1,1,6306637,0.2585877,True,False,False,,1,420,1
dense_support_q12_r05,dense_support,cost_model_cold,1601,1,2,6306637,0.2580424,True,False,False,,1421,345,1
dense_support_q12_r05,dense_support,cost_model_warm,1601,1,3,6306637,0.25733,True,False,False,,1,420,1
dense_support_q12_r05,dense_support,timing,1601,1,4,6306637,0.2633907,True,False,False,,3230,272,3
dense_support_q12_r05,dense_support,timing_ovr1,1601,1,5,6306637,0.2503578,True,False,False,,650,383,3
dense_support_q12_r05,dense_support,timing_ovr2,1601,1,6,6306637,0.2449532,True,False,False,,1979,322,5
dense_support_q12_r05,dense_support,timing_ovr1_eager,1601,1,7,6306637,0.273346,True,False,False,,87,415,3
dense_support_q12_r05,dense_support,T=100,1601,1,8,6306637,0.2426742,True,False,False,,2408,302,1
dense_support_q12_r05,dense_support,T=400,1602,0,0,6306637,0.276178,True,False,False,,1,420,1
dense_support_q12_r05,dense_support,cost_model_cold,1602,0,1,6306637,0.2363403,True,False,False,,1437,345,1
dense_support_q12_r05,dense_support,cost_model_warm,1602,0,2,6306637,0.2545806,True,False,False,,1,420,1
dense_support_q12_r05,dense_support,timing,1602,0,3,6306637,0.2934844,True,False,False,,6657,178,3
dense_support_q12_r05,dense_support,timing_ovr1,1602,0,4,6306637,0.2566527,True,False,False,,262,405,7
dense_support_q12_r05,dense_support,timing_ovr2,1602,0,5,6306637,0.3040909,True,False,False,,1241,355,5
dense_support_q12_r05,dense_support,timing_ovr1_eager,1602,0,6,6306637,0.2416916,True,False,False,,113,413,11
dense_support_q12_r05,dense_support,T=100,1602,0,7,6306637,0.23406,True,False,False,,2427,302,1
dense_support_q12_r05,dense_support,T=250,1602,0,8,6306637,0.2555907,True,False,False,,1,420,1
dense_support_q12_r05,dense_support,cost_model_cold,1602,1,0,6306637,0.2419824,True,False,False,,1437,345,1
dense_support_q12_r05,dense_support,cost_model_warm,1602,1,1,6306637,0.2523165,True,False,False,,1,420,1
dense_support_q12_r05,dense_support,timing,1602,1,2,6306637,0.2489039,True,False,False,,559,388,3
dense_support_q12_r05,dense_support,timing_ovr1,1602,1,3,6306637,0.2486699,True,False,False,,262,405,7
dense_support_q12_r05,dense_support,timing_ovr2,1602,1,4,6306637,0.239303,True,False,False,,870,373,3
dense_support_q12_r05,dense_support,timing_ovr1_eager,1602,1,5,6306637,0.2275604,True,False,False,,108,413,5
dense_support_q12_r05,dense_support,T=100,1602,1,6,6306637,0.2216625,True,False,False,,2427,302,1
dense_support_q12_r05,dense_support,T=250,1602,1,7,6306637,0.2604528,True,False,False,,1,420,1
dense_support_q12_r05,dense_support,T=400,1602,1,8,6306637,0.2432799,True,False,False,,1,420,1
dense_support_q12_r05,dense_support,cost_model_warm,1603,0,0,6306637,0.2638545,True,False,False,,1,420,1
dense_support_q12_r05,dense_support,timing,1603,0,1,6306637,0.3254041,True,False,False,,11097,98,5
dense_support_q12_r05,dense_support,timing_ovr1,1603,0,2,6306637,0.2479472,True,False,False,,263,405,5
dense_support_q12_r05,dense_support,timing_ovr2,1603,0,3,6306637,0.2668737,True,False,False,,284,403,3
dense_support_q12_r05,dense_support,timing_ovr1_eager,1603,0,4,6306637,0.26864,True,False,False,,81,416,3
dense_support_q12_r05,dense_support,T=100,1603,0,5,6306637,0.2353288,True,False,False,,2392,302,1
dense_support_q12_r05,dense_support,T=250,1603,0,6,6306637,0.2434754,True,False,False,,1,420,1
dense_support_q12_r05,dense_support,T=400,1603,0,7,6306637,0.2991042,True,False,False,,1,420,1
dense_support_q12_r05,dense_support,cost_model_cold,1603,0,8,6306637,0.2462351,True,False,False,,1407,345,1
dense_support_q12_r05,dense_support,timing,1603,1,0,6306637,0.2970712,True,False,False,,9458,123,5
dense_support_q12_r05,dense_support,timing_ovr1,1603,1,1,6306637,0.2551934,True,False,False,,4331,272,5
dense_support_q12_r05,dense_support,timing_ovr2,1603,1,2,6306637,0.3060777,True,False,False,,2724,293,5
dense_support_q12_r05,dense_support,timing_ovr1_eager,1603,1,3,6306637,0.2931957,True,False,False,,109,414,9
dense_support_q12_r05,dense_support,T=100,1603,1,4,6306637,0.2219482,True,False,False,,2392,302,1
dense_support_q12_r05,dense_support,T=250,1603,1,5,6306637,0.4761045,True,False,False,,1,420,1
dense_support_q12_r05,dense_support,T=400,1603,1,6,6306637,0.3866321,True,False,False,,1,420,1
dense_support_q12_r05,dense_support,cost_model_cold,1603,1,7,6306637,0.4076807,True,False,False,,1407,345,1
dense_support_q12_r05,dense_support,cost_model_warm,1603,1,8,6306637,0.3987815,True,False,False,,1,420,1
dense_support_q12_r05,dense_support,timing_ovr1,1604,0,0,6306637,0.4192196,True,False,False,,803,376,9
dense_support_q12_r05,dense_support,timing_ovr2,1604,0,1,6306637,0.3894413,True,False,False,,1387,360,7
dense_support_q12_r05,dense_support,timing_ovr1_eager,1604,0,2,6306637,0.3981539,True,False,False,,275,405,9
dense_support_q12_r05,dense_support,T=100,1604,0,3,6306637,0.3262851,True,False,False,,2387,302,1
dense_support_q12_r05,dense_support,T=250,1604,0,4,6306637,0.4032966,True,False,False,,1,420,1
dense_support_q12_r05,dense_support,T=400,1604,0,5,6306637,0.382149,True,False,False,,1,420,1
dense_support_q12_r05,dense_support,cost_model_cold,1604,0,6,6306637,0.4973003,True,False,False,,1419,345,1
dense_support_q12_r05,dense_support,cost_model_warm,1604,0,7,6306637,0.4702005,True,False,False,,1,420,1
dense_support_q12_r05,dense_support,timing,1604,0,8,6306637,0.490554,True,False,False,,12566,81,9
dense_support_q12_r05,dense_support,timing_ovr2,1604,1,0,6306637,0.4583966,True,False,False,,263,405,3
dense_support_q12_r05,dense_support,timing_ovr1_eager,1604,1,1,6306637,0.4648425,True,False,False,,249,406,17
dense_support_q12_r05,dense_support,T=100,1604,1,2,6306637,0.4648707,True,False,False,,2387,302,1
dense_support_q12_r05,dense_support,T=250,1604,1,3,6306637,0.4711927,True,False,False,,1,420,1
dense_support_q12_r05,dense_support,T=400,1604,1,4,6306637,0.4268629,True,False,False,,1,420,1
dense_support_q12_r05,dense_support,cost_model_cold,1604,1,5,6306637,0.4462905,True,False,False,,1419,345,1
dense_support_q12_r05,dense_support,cost_model_warm,1604,1,6,6306637,0.488019,True,False,False,,1,420,1
dense_support_q12_r05,dense_support,timing,1604,1,7,6306637,0.5375308,True,False,False,,2172,321,5
dense_support_q12_r05,dense_support,timing_ovr1,1604,1,8,6306637,0.5429436,True,False,False,,260,405,3
dense_support_q12_r05,dense_support,timing_ovr1_eager,1605,0,0,6306637,0.4927419,True,False,False,,889,376,15
dense_support_q12_r05,dense_support,T=100,1605,0,1,6306637,0.5164146,True,False,False,,2406,302,1
dense_support_q12_r05,dense_support,T=250,1605,0,2,6306637,0.3834143,True,False,False,,1,421,1
dense_support_q12_r05,dense_support,T=400,1605,0,3,6306637,0.5297154,True,False,False,,1,421,1
dense_support_q12_r05,dense_support,cost_model_cold,1605,0,4,6306637,0.4663239,True,False,False,,1413,345,1
dense_support_q12_r05,dense_support,cost_model_warm,1605,0,5,6306637,0.4884944,True,False,False,,1,421,1
dense_support_q12_r05,dense_support,timing,1605,0,6,6306637,0.5784882,True,False,False,,287,403,5
dense_support_q12_r05,dense_support,timing_ovr1,1605,0,7,6306637,0.464156,True,False,False,,709,381,3
dense_support_q12_r05,dense_support,timing_ovr2,1605,0,8,6306637,0.5028193,True,False,False,,372,398,9
dense_support_q12_r05,dense_support,T=100,1605,1,0,6306637,0.5687107,True,False,False,,2406,302,1
dense_support_q12_r05,dense_support,T=250,1605,1,1,6306637,0.4362798,True,False,False,,1,421,1
dense_support_q12_r05,dense_support,T=400,1605,1,2,6306637,0.5158308,True,False,False,,1,421,1
dense_support_q12_r05,dense_support,cost_model_cold,1605,1,3,6306637,0.465652,True,False,False,,1413,345,1
dense_support_q12_r05,dense_support,cost_model_warm,1605,1,4,6306637,0.4048249,True,False,False,,1,421,1
dense_support_q12_r05,dense_support,timing,1605,1,5,6306637,0.4767096,True,False,False,,3468,264,5
dense_support_q12_r05,dense_support,timing_ovr1,1605,1,6,6306637,0.4684994,True,False,False,,395,397,3
dense_support_q12_r05,dense_support,timing_ovr2,1605,1,7,6306637,0.3591572,True,False,False,,2197,311,3
dense_support_q12_r05,dense_support,timing_ovr1_eager,1605,1,8,6306637,0.3749079,True,False,False,,411,397,11
dense_support_q12_r05,dense_support,T=250,1606,0,0,6306637,0.4046058,True,False,False,,1,420,1
dense_support_q12_r05,dense_support,T=400,1606,0,1,6306637,0.3544393,True,False,False,,1,420,1
dense_support_q12_r05,dense_support,cost_model_cold,1606,0,2,6306637,0.348334,True,False,False,,1425,345,1
dense_support_q12_r05,dense_support,cost_model_warm,1606,0,3,6306637,0.341008,True,False,False,,1,420,1
dense_support_q12_r05,dense_support,timing,1606,0,4,6306637,0.3548171,True,False,False,,2267,309,5
dense_support_q12_r05,dense_support,timing_ovr1,1606,0,5,6306637,0.3670105,True,False,False,,354,401,13
dense_support_q12_r05,dense_support,timing_ovr2,1606,0,6,6306637,0.3039922,True,False,False,,6022,191,3
dense_support_q12_r05,dense_support,timing_ovr1_eager,1606,0,7,6306637,0.3041991,True,False,False,,123,413,13
dense_support_q12_r05,dense_support,T=100,1606,0,8,6306637,0.3336024,True,False,False,,2410,302,1
dense_support_q12_r05,dense_support,T=400,1606,1,0,6306637,0.3874546,True,False,False,,1,420,1
dense_support_q12_r05,dense_support,cost_model_cold,1606,1,1,6306637,0.3457704,True,False,False,,1425,345,1
dense_support_q12_r05,dense_support,cost_model_warm,1606,1,2,6306637,0.3225312,True,False,False,,1,420,1
dense_support_q12_r05,dense_support,timing,1606,1,3,6306637,0.3909205,True,False,False,,11430,94,5
dense_support_q12_r05,dense_support,timing_ovr1,1606,1,4,6306637,0.3108589,True,False,False,,354,401,3
dense_support_q12_r05,dense_support,timing_ovr2,1606,1,5,6306637,0.3350662,True,False,False,,1281,352,3
dense_support_q12_r05,dense_support,timing_ovr1_eager,1606,1,6,6306637,0.2911796,True,False,False,,140,412,3
dense_support_q12_r05,dense_support,T=100,1606,1,7,6306637,0.3027507,True,False,False,,2410,302,1
dense_support_q12_r05,dense_support,T=250,1606,1,8,6306637,0.3571258,True,False,False,,1,420,1
dense_support_q12_r05,dense_support,cost_model_cold,1607,0,0,6306637,0.360321,True,False,False,,1405,345,1
dense_support_q12_r05,dense_support,cost_model_warm,1607,0,1,6306637,0.3488577,True,False,False,,1,421,1
dense_support_q12_r05,dense_support,timing,1607,0,2,6306637,0.4182208,True,False,False,,8307,142,3
dense_support_q12_r05,dense_support,timing_ovr1,1607,0,3,6306637,0.3309579,True,False,False,,272,404,7
dense_support_q12_r05,dense_support,timing_ovr2,1607,0,4,6306637,0.3064129,True,False,False,,583,386,3
dense_support_q12_r05,dense_support,timing_ovr1_eager,1607,0,5,6306637,0.3213324,True,False,False,,179,409,5
dense_support_q12_r05,dense_support,T=100,1607,0,6,6306637,0.3548701,True,False,False,,2375,302,1
dense_support_q12_r05,dense_support,T=250,1607,0,7,6306637,0.3665138,True,False,False,,1,421,1
dense_support_q12_r05,dense_support,T=400,1607,0,8,6306637,0.3498361,True,False,False,,1,421,1
dense_support_q12_r05,dense_support,cost_model_warm,1607,1,0,6306637,0.3560952,True,False,False,,1,421,1
dense_support_q12_r05,dense_support,timing,1607,1,1,6306637,0.3674156,True,False,False,,6168,188,3
dense_support_q12_r05,dense_support,timing_ovr1,1607,1,2,6306637,0.3633616,True,False,False,,259,404,3
dense_support_q12_r05,dense_support,timing_ovr2,1607,1,3,6306637,0.3614848,True,False,False,,465,393,3
dense_support_q12_r05,dense_support,timing_ovr1_eager,1607,1,4,6306637,0.3616532,True,False,False,,137,412,13
dense_support_q12_r05,dense_support,T=100,1607,1,5,6306637,0.3283692,True,False,False,,2375,302,1
dense_support_q12_r05,dense_support,T=250,1607,1,6,6306637,0.3630792,True,False,False,,1,421,1
dense_support_q12_r05,dense_support,T=400,1607,1,7,6306637,0.3350875,True,False,False,,1,421,1
dense_support_q12_r05,dense_support,cost_model_cold,1607,1,8,6306637,0.3093,True,False,False,,1405,345,1
dense_support_q12_r05,dense_support,timing,1608,0,0,6306637,0.4163483,True,False,False,,9536,122,5
dense_support_q12_r05,dense_support,timing_ovr1,1608,0,1,6306637,0.3276803,True,False,False,,278,404,3
dense_support_q12_r05,dense_support,timing_ovr2,1608,0,2,6306637,0.3287517,True,False,False,,1458,343,3
dense_support_q12_r05,dense_support,timing_ovr1_eager,1608,0,3,6306637,0.3247865,True,False,False,,139,412,3
dense_support_q12_r05,dense_support,T=100,1608,0,4,6306637,0.3197794,True,False,False,,2415,302,1
dense_support_q12_r05,dense_support,T=250,1608,0,5,6306637,0.3425575,True,False,False,,1,420,1
dense_support_q12_r05,dense_support,T=400,1608,0,6,6306637,0.381707,True,False,False,,1,420,1
dense_support_q12_r05,dense_support,cost_model_cold,1608,0,7,6306637,0.3260609,True,False,False,,1417,345,1
dense_support_q12_r05,dense_support,cost_model_warm,1608,0,8,6306637,0.3675701,True,False,False,,1,420,1
dense_support_q12_r05,dense_support,timing_ovr1,1608,1,0,6306637,0.371822,True,False,False,,384,398,11
dense_support_q12_r05,dense_support,timing_ovr2,1608,1,1,6306637,0.3682501,True,False,False,,1058,362,3
dense_support_q12_r05,dense_support,timing_ovr1_eager,1608,1,2,6306637,0.3371125,True,False,False,,139,412,3
dense_support_q12_r05,dense_support,T=100,1608,1,3,6306637,0.318588,True,False,False,,2415,302,1
dense_support_q12_r05,dense_support,T=250,1608,1,4,6306637,0.2882279,True,False,False,,1,420,1
dense_support_q12_r05,dense_support,T=400,1608,1,5,6306637,0.305037,True,False,False,,1,420,1
dense_support_q12_r05,dense_support,cost_model_cold,1608,1,6,6306637,0.3140159,True,False,False,,1417,345,1
dense_support_q12_r05,dense_support,cost_model_warm,1608,1,7,6306637,0.2994098,True,False,False,,1,420,1
dense_support_q12_r05,dense_support,timing,1608,1,8,6306637,0.2855734,True,False,False,,3586,264,5
dense_support_q12_r1,dense_support,timing_ovr2,1601,0,0,25226549,1.123624,True,False,False,,7093,520,5
dense_support_q12_r1,dense_support,timing_ovr1_eager,1601,0,1,25226549,1.3629992,True,False,False,,1760,747,13
dense_support_q12_r1,dense_support,T=100,1601,0,2,25226549,1.1164194,True,False,False,,15438,304,1
dense_support_q12_r1,dense_support,T=250,1601,0,3,25226549,1.111862,True,False,False,,2112,724,1
dense_support_q12_r1,dense_support,T=400,1601,0,4,25226549,1.3074016,True,False,False,,1,838,1
dense_support_q12_r1,dense_support,cost_model_cold,1601,0,5,25226549,1.0608394,True,False,False,,12465,368,1
dense_support_q12_r1,dense_support,cost_model_warm,1601,0,6,25226549,1.2035905,True,False,False,,4110,631,1
dense_support_q12_r1,dense_support,timing,1601,0,7,25226549,1.0049445,True,False,False,,25719,147,9
dense_support_q12_r1,dense_support,timing_ovr1,1601,0,8,25226549,1.196377,True,False,False,,1857,737,11
dense_support_q12_r1,dense_support,timing_ovr1_eager,1601,1,0,25226549,1.3043178,True,False,False,,2609,708,19
dense_support_q12_r1,dense_support,T=100,1601,1,1,25226549,0.9546087,True,False,False,,15438,304,1
dense_support_q12_r1,dense_support,T=250,1601,1,2,25226549,1.1469753,True,False,False,,2112,724,1
dense_support_q12_r1,dense_support,T=400,1601,1,3,25226549,1.5037021,True,False,False,,1,838,1
dense_support_q12_r1,dense_support,cost_model_cold,1601,1,4,25226549,1.0166496,True,False,False,,12465,368,1
dense_support_q12_r1,dense_support,cost_model_warm,1601,1,5,25226549,1.1364128,True,False,False,,4110,631,1
dense_support_q12_r1,dense_support,timing,1601,1,6,25226549,0.91621,True,False,False,,28242,118,9
dense_support_q12_r1,dense_support,timing_ovr1,1601,1,7,25226549,1.1179887,True,False,False,,2815,690,3
dense_support_q12_r1,dense_support,timing_ovr2,1601,1,8,25226549,1.1037118,True,False,False,,11404,396,5
dense_support_q12_r1,dense_support,T=100,1602,0,0,25226549,0.994025,True,False,False,,15484,304,1
dense_support_q12_r1,dense_support,T=250,1602,0,1,25226549,1.2050976,True,False,False,,2125,724,1
dense_support_q12_r1,dense_support,T=400,1602,0,2,25226549,1.2682968,True,False,False,,1,839,1
dense_support_q12_r1,dense_support,cost_model_cold,1602,0,3,25226549,0.9973191,True,False,False,,12525,369,1
dense_support_q12_r1,dense_support,cost_model_warm,1602,0,4,25226549,1.2121872,True,False,False,,4198,631,1
dense_support_q12_r1,dense_support,timing,1602,0,5,25226549,1.0521243,True,False,False,,26559,140,11
dense_support_q12_r1,dense_support,timing_ovr1,1602,0,6,25226549,1.1870519,True,False,False,,3812,649,3
dense_support_q12_r1,dense_support,timing_ovr2,1602,0,7,25226549,0.9770082,True,False,False,,13586,346,5
dense_support_q12_r1,dense_support,timing_ovr1_eager,1602,0,8,25226549,1.2484436,True,False,False,,2723,696,19
dense_support_q12_r1,dense_support,T=250,1602,1,0,25226549,1.3376035,True,False,False,,2125,724,1
dense_support_q12_r1,dense_support,T=400,1602,1,1,25226549,1.3889738,True,False,False,,1,839,1
dense_support_q12_r1,dense_support,cost_model_cold,1602,1,2,25226549,1.0582015,True,False,False,,12525,369,1
dense_support_q12_r1,dense_support,cost_model_warm,1602,1,3,25226549,1.2530261,True,False,False,,4198,631,1
dense_support_q12_r1,dense_support,timing,1602,1,4,25226549,0.9502727,True,False,False,,16617,284,7
dense_support_q12_r1,dense_support,timing_ovr1,1602,1,5,25226549,1.2607986,True,False,False,,1025,781,3
dense_support_q12_r1,dense_support,timing_ovr2,1602,1,6,25226549,1.0717275,True,False,False,,7913,498,3
dense_support_q12_r1,dense_support,timing_ovr1_eager,1602,1,7,25226549,1.3927575,True,False,False,,582,804,7
dense_support_q12_r1,dense_support,T=100,1602,1,8,25226549,0.9972916,True,False,False,,15484,304,1
dense_support_q12_r1,dense_support,T=400,1603,0,0,25226549,1.28945,True,False,False,,1,839,1
dense_support_q12_r1,dense_support,cost_model_cold,1603,0,1,25226549,0.878056,True,False,False,,12497,369,1
dense_support_q12_r1,dense_support,cost_model_warm,1603,0,2,25226549,1.0506448,True,False,False,,4137,631,1
dense_support_q12_r1,dense_support,timing,1603,0,3,25226549,1.1256637,True,False,False,,16747,362,9
dense_support_q12_r1,dense_support,timing_ovr1,1603,0,4,25226549,1.2335121,True,False,False,,694,798,7
dense_support_q12_r1,dense_support,timing_ovr2,1603,0,5,25226549,0.9961177,True,False,False,,12806,365,7
dense_support_q12_r1,dense_support,timing_ovr1_eager,1603,0,6,25226549,1.2460901,True,False,False,,675,800,9
dense_support_q12_r1,dense_support,T=100,1603,0,7,25226549,1.0031731,True,False,False,,15436,304,1
dense_support_q12_r1,dense_support,T=250,1603,0,8,25226549,1.2643204,True,False,False,,2103,724,1
dense_support_q12_r1,dense_support,cost_model_cold,1603,1,0,25226549,1.0078517,True,False,False,,12497,369,1
dense_support_q12_r1,dense_support,cost_model_warm,1603,1,1,25226549,1.2099929,True,False,False,,4137,631,1
dense_support_q12_r1,dense_support,timing,1603,1,2,25226549,1.169909,True,False,False,,4807,605,5
dense_support_q12_r1,dense_support,timing_ovr1,1603,1,3,25226549,1.1719992,True,False,False,,3481,665,13
dense_support_q12_r1,dense_support,timing_ovr2,1603,1,4,25226549,1.2404821,True,False,False,,2453,707,3
dense_support_q12_r1,dense_support,timing_ovr1_eager,1603,1,5,25226549,1.2815494,True,False,False,,2909,692,17
dense_support_q12_r1,dense_support,T=100,1603,1,6,25226549,1.0747005,True,False,False,,15436,304,1
dense_support_q12_r1,dense_support,T=250,1603,1,7,25226549,1.294163,True,False,False,,2103,724,1
dense_support_q12_r1,dense_support,T=400,1603,1,8,25226549,1.4297539,True,False,False,,1,839,1
dense_support_q12_r1,dense_support,cost_model_warm,1604,0,0,25226549,0.85857,True,False,False,,4097,631,1
dense_support_q12_r1,dense_support,timing,1604,0,1,25226549,0.7590405,True,False,False,,18283,252,7
dense_support_q12_r1,dense_support,timing_ovr1,1604,0,2,25226549,1.0106272,True,False,False,,1397,761,5
dense_support_q12_r1,dense_support,timing_ovr2,1604,0,3,25226549,0.7987988,True,False,False,,17136,272,7
dense_support_q12_r1,dense_support,timing_ovr1_eager,1604,0,4,25226549,0.7760135,True,False,False,,2625,714,21
dense_support_q12_r1,dense_support,T=100,1604,0,5,25226549,0.7183193,True,False,False,,15329,304,1
dense_support_q12_r1,dense_support,T=250,1604,0,6,25226549,0.8601295,True,False,False,,2087,724,1
dense_support_q12_r1,dense_support,T=400,1604,0,7,25226549,0.9722507,True,False,False,,1,839,1
dense_support_q12_r1,dense_support,cost_model_cold,1604,0,8,25226549,0.7365768,True,False,False,,12369,369,1
dense_support_q12_r1,dense_support,timing,1604,1,0,25226549,0.8709163,True,False,False,,33469,69,13
dense_support_q12_r1,dense_support,timing_ovr1,1604,1,1,25226549,0.8306041,True,False,False,,8801,465,5
dense_support_q12_r1,dense_support,timing_ovr2,1604,1,2,25226549,1.0635657,True,False,False,,3545,657,5
dense_support_q12_r1,dense_support,timing_ovr1_eager,1604,1,3,25226549,0.9624074,True,False,False,,5004,602,27
dense_support_q12_r1,dense_support,T=100,1604,1,4,25226549,0.8950755,True,False,False,,15329,304,1
dense_support_q12_r1,dense_support,T=250,1604,1,5,25226549,1.0805353,True,False,False,,2087,724,1
dense_support_q12_r1,dense_support,T=400,1604,1,6,25226549,1.1163003,True,False,False,,1,839,1
dense_support_q12_r1,dense_support,cost_model_cold,1604,1,7,25226549,0.7171697,True,False,False,,12369,369,1
dense_support_q12_r1,dense_support,cost_model_warm,1604,1,8,25226549,0.992659,True,False,False,,4097,631,1
dense_support_q12_r1,dense_support,timing_ovr1,1605,0,0,25226549,0.9838955,True,False,False,,8917,501,7
dense_support_q12_r1,dense_support,timing_ovr2,1605,0,1,25226549,0.8113473,True,False,False,,13747,344,7
dense_support_q12_r1,dense_support,timing_ovr1_eager,1605,0,2,25226549,0.9770583,True,False,False,,3561,659,21
dense_support_q12_r1,dense_support,T=100,1605,0,3,25226549,0.8416927,True,False,False,,15466,304,1
dense_support_q12_r1,dense_support,T=250,1605,0,4,25226549,0.9885868,True,False,False,,2101,724,1
dense_support_q12_r1,dense_support,T=400,1605,0,5,25226549,0.9892073,True,False,False,,1,839,1
dense_support_q12_r1,dense_support,cost_model_cold,1605,0,6,25226549,0.7017353,True,False,False,,12489,368,1
dense_support_q12_r1,dense_support,cost_model_warm,1605,0,7,25226549,0.8892916,True,False,False,,4103,631,1
dense_support_q12_r1,dense_support,timing,1605,0,8,25226549,1.0547728,True,False,False,,26062,143,9
dense_support_q12_r1,dense_support,timing_ovr2,1605,1,0,25226549,0.7715409,True,False,False,,12263,376,5
dense_support_q12_r1,dense_support,timing_ovr1_eager,1605,1,1,25226549,0.9621738,True,False,False,,3255,673,19
dense_support_q12_r1,dense_support,T=100,1605,1,2,25226549,0.8644239,True,False,False,,15466,304,1
dense_support_q12_r1,dense_support,T=250,1605,1,3,25226549,0.9530967,True,False,False,,2101,724,1
dense_support_q12_r1,dense_support,T=400,1605,1,4,25226549,1.2022214,True,False,False,,1,839,1
dense_support_q12_r1,dense_support,cost_model_cold,1605,1,5,25226549,0.9554558,True,False,False,,12489,368,1
dense_support_q12_r1,dense_support,cost_model_warm,1605,1,6,25226549,0.84604,True,False,False,,4103,631,1
dense_support_q12_r1,dense_support,timing,1605,1,7,25226549,0.8738575,True,False,False,,23829,171,9
dense_support_q12_r1,dense_support,timing_ovr1,1605,1,8,25226549,1.1495729,True,False,False,,17682,397,13
dense_support_q12_r1,dense_support,timing_ovr1_eager,1606,0,0,25226549,1.2002038,True,False,False,,361,819,7
dense_support_q12_r1,dense_support,T=100,1606,0,1,25226549,0.806022,True,False,False,,15477,304,1
dense_support_q12_r1,dense_support,T=250,1606,0,2,25226549,0.948462,True,False,False,,2117,724,1
dense_support_q12_r1,dense_support,T=400,1606,0,3,25226549,1.3851599,True,False,False,,1,839,1
dense_support_q12_r1,dense_support,cost_model_cold,1606,0,4,25226549,0.9011916,True,False,False,,12521,369,1
dense_support_q12_r1,dense_support,cost_model_warm,1606,0,5,25226549,0.8715755,True,False,False,,4158,631,1
dense_support_q12_r1,dense_support,timing,1606,0,6,25226549,0.9128308,True,False,False,,15452,309,7
dense_support_q12_r1,dense_support,timing_ovr1,1606,0,7,25226549,0.9287282,True,False,False,,9358,453,5
dense_support_q12_r1,dense_support,timing_ovr2,1606,0,8,25226549,0.8695305,True,False,False,,17207,273,7
dense_support_q12_r1,dense_support,T=100,1606,1,0,25226549,0.8459429,True,False,False,,15477,304,1
dense_support_q12_r1,dense_support,T=250,1606,1,1,25226549,0.982405,True,False,False,,2117,724,1
dense_support_q12_r1,dense_support,T=400,1606,1,2,25226549,1.2841429,True,False,False,,1,839,1
dense_support_q12_r1,dense_support,cost_model_cold,1606,1,3,25226549,0.8596728,True,False,False,,12521,369,1
dense_support_q12_r1,dense_support,cost_model_warm,1606,1,4,25226549,0.9621741,True,False,False,,4158,631,1
dense_support_q12_r1,dense_support,timing,1606,1,5,25226549,1.0486319,True,False,False,,33521,69,11
dense_support_q12_r1,dense_support,timing_ovr1,1606,1,6,25226549,0.9921496,True,False,False,,3176,673,3
dense_support_q12_r1,dense_support,timing_ovr2,1606,1,7,25226549,0.9884157,True,False,False,,6966,533,5
dense_support_q12_r1,dense_support,timing_ovr1_eager,1606,1,8,25226549,1.1577072,True,False,False,,2945,692,19
dense_support_q12_r1,dense_support,T=250,1607,0,0,25226549,1.1028403,True,False,False,,2070,724,1
dense_support_q12_r1,dense_support,T=400,1607,0,1,25226549,1.1543517,True,False,False,,1,839,1
dense_support_q12_r1,dense_support,cost_model_cold,1607,0,2,25226549,0.8695392,True,False,False,,12448,369,1
dense_support_q12_r1,dense_support,cost_model_warm,1607,0,3,25226549,0.9971801,True,False,False,,4110,631,1
dense_support_q12_r1,dense_support,timing,1607,0,4,25226549,0.9173804,True,False,False,,23072,181,7
dense_support_q12_r1,dense_support,timing_ovr1,1607,0,5,25226549,0.9869206,True,False,False,,3389,663,3
dense_support_q12_r1,dense_support,timing_ovr2,1607,0,6,25226549,1.0390758,True,False,False,,18131,256,7
dense_support_q12_r1,dense_support,timing_ovr1_eager,1607,0,7,25226549,1.20299,True,False,False,,1289,765,9
dense_support_q12_r1,dense_support,T=100,1607,0,8,25226549,0.9535,True,False,False,,15378,304,1
dense_support_q12_r1,dense_support,T=400,1607,1,0,25226549,1.375967,True,False,False,,1,839,1
dense_support_q12_r1,dense_support,cost_model_cold,1607,1,1,25226549,0.9751617,True,False,False,,12448,369,1
dense_support_q12_r1,dense_support,cost_model_warm,1607,1,2,25226549,1.0007107,True,False,False,,4110,631,1
dense_support_q12_r1,dense_support,timing,1607,1,3,25226549,1.3087783,True,False,False,,35071,55,11
dense_support_q12_r1,dense_support,timing_ovr1,1607,1,4,25226549,1.112277,True,False,False,,4848,601,3
dense_support_q12_r1,dense_support,timing_ovr2,1607,1,5,25226549,1.0005639,True,False,False,,14511,324,5
dense_support_q12_r1,dense_support,timing_ovr1_eager,1607,1,6,25226549,0.9884796,True,False,False,,4071,636,21
dense_support_q12_r1,dense_support,T=100,1607,1,7,25226549,0.955609,True,False,False,,15378,304,1
dense_support_q12_r1,dense_support,T=250,1607,1,8,25226549,1.0939028,True,False,False,,2070,724,1
dense_support_q12_r1,dense_support,cost_model_cold,1608,0,0,25226549,0.9419153,True,False,False,,12573,368,1
dense_support_q12_r1,dense_support,cost_model_warm,1608,0,1,25226549,0.9820296,True,False,False,,4141,631,1
dense_support_q12_r1,dense_support,timing,1608,0,2,25226549,1.1346224,True,False,False,,34033,65,11
dense_support_q12_r1,dense_support,timing_ovr1,1608,0,3,25226549,0.9947951,True,False,False,,6425,545,3
dense_support_q12_r1,dense_support,timing_ovr2,1608,0,4,25226549,0.9398717,True,False,False,,17282,274,9
dense_support_q12_r1,dense_support,timing_ovr1_eager,1608,0,5,25226549,1.2596186,True,False,False,,179,828,5
dense_support_q12_r1,dense_support,T=100,1608,0,6,25226549,0.8238591,True,False,False,,15547,304,1
dense_support_q12_r1,dense_support,T=250,1608,0,7,25226549,1.0453558,True,False,False,,2096,724,1
dense_support_q12_r1,dense_support,T=400,1608,0,8,25226549,1.3374662,True,False,False,,1,839,1
dense_support_q12_r1,dense_support,cost_model_warm,1608,1,0,25226549,1.111024,True,False,False,,4141,631,1
dense_support_q12_r1,dense_support,timing,1608,1,1,25226549,0.9619733,True,False,False,,35399,54,11
dense_support_q12_r1,dense_support,timing_ovr1,1608,1,2,25226549,1.144321,True,False,False,,1386,760,5
dense_support_q12_r1,dense_support,timing_ovr2,1608,1,3,25226549,1.0824958,True,False,False,,7877,499,9
dense_support_q12_r1,dense_support,timing_ovr1_eager,1608,1,4,25226549,1.2305085,True,False,False,,1564,754,13
dense_support_q12_r1,dense_support,T=100,1608,1,5,25226549,0.9560012,True,False,False,,15547,304,1
dense_support_q12_r1,dense_support,T=250,1608,1,6,25226549,0.9799786,True,False,False,,2096,724,1
dense_support_q12_r1,dense_support,T=400,1608,1,7,25226549,1.1065892,True,False,False,,1,839,1
dense_support_q12_r1,dense_support,cost_model_cold,1608,1,8,25226549,0.898485,True,False,False,,12573,368,1
dense_support_q12_r2,dense_support,timing,1601,0,0,100906197,2.8050162,True,False,False,,25526,722,9
dense_support_q12_r2,dense_support,timing_ovr1,1601,0,1,100906197,4.3882368,True,False,False,,2359,1542,3
dense_support_q12_r2,dense_support,timing_ovr2,1601,0,2,100906197,2.8438993,True,False,False,,12107,1111,5
dense_support_q12_r2,dense_support,timing_ovr1_eager,1601,0,3,100906197,3.809144,True,False,False,,6179,1374,37
dense_support_q12_r2,dense_support,T=100,1601,0,4,100906197,2.5338012,True,False,False,,60831,184,1
dense_support_q12_r2,dense_support,T=250,1601,0,5,100906197,3.4116314,True,False,False,,23110,778,1
dense_support_q12_r2,dense_support,T=400,1601,0,6,100906197,4.2788788,True,False,False,,9617,1205,1
dense_support_q12_r2,dense_support,cost_model_cold,1601,0,7,100906197,2.6705033,True,False,False,,51946,281,1
dense_support_q12_r2,dense_support,cost_model_warm,1601,0,8,100906197,2.8842023,True,False,False,,28470,654,1
dense_support_q12_r2,dense_support,timing_ovr1,1601,1,0,100906197,4.0365633,True,False,False,,9627,1205,5
dense_support_q12_r2,dense_support,timing_ovr2,1601,1,1,100906197,2.8867055,True,False,False,,33453,559,11
dense_support_q12_r2,dense_support,timing_ovr1_eager,1601,1,2,100906197,4.6932876,True,False,False,,5196,1404,29
dense_support_q12_r2,dense_support,T=100,1601,1,3,100906197,2.4822486,True,False,False,,60831,184,1
dense_support_q12_r2,dense_support,T=250,1601,1,4,100906197,3.2706081,True,False,False,,23110,778,1
dense_support_q12_r2,dense_support,T=400,1601,1,5,100906197,4.1838173,True,False,False,,9617,1205,1
dense_support_q12_r2,dense_support,cost_model_cold,1601,1,6,100906197,2.5284696,True,False,False,,51946,281,1
dense_support_q12_r2,dense_support,cost_model_warm,1601,1,7,100906197,3.0114679,True,False,False,,28470,654,1
dense_support_q12_r2,dense_support,timing,1601,1,8,100906197,4.5491056,True,False,False,,6343,1343,3
dense_support_q12_r2,dense_support,timing_ovr2,1602,0,0,100906197,3.7591673,True,False,False,,17585,941,9
dense_support_q12_r2,dense_support,timing_ovr1_eager,1602,0,1,100906197,4.6356643,True,False,False,,657,1637,11
dense_support_q12_r2,dense_support,T=100,1602,0,2,100906197,2.1019743,True,False,False,,60755,184,1
dense_support_q12_r2,dense_support,T=250,1602,0,3,100906197,2.6025641,True,False,False,,23215,777,1
dense_support_q12_r2,dense_support,T=400,1602,0,4,100906197,3.0118561,True,False,False,,9685,1205,1
dense_support_q12_r2,dense_support,cost_model_cold,1602,0,5,100906197,1.9911538,True,False,False,,51922,281,1
dense_support_q12_r2,dense_support,cost_model_warm,1602,0,6,100906197,2.3564685,True,False,False,,28559,654,1
dense_support_q12_r2,dense_support,timing,1602,0,7,100906197,2.6205857,True,False,False,,33374,560,11
dense_support_q12_r2,dense_support,timing_ovr1,1602,0,8,100906197,3.6892155,True,False,False,,6648,1335,3
dense_support_q12_r2,dense_support,timing_ovr1_eager,1602,1,0,100906197,3.1628075,True,False,False,,14752,1033,67
dense_support_q12_r2,dense_support,T=100,1602,1,1,100906197,2.0910998,True,False,False,,60755,184,1
dense_support_q12_r2,dense_support,T=250,1602,1,2,100906197,2.4027293,True,False,False,,23215,777,1
dense_support_q12_r2,dense_support,T=400,1602,1,3,100906197,3.3085964,True,False,False,,9685,1205,1
dense_support_q12_r2,dense_support,cost_model_cold,1602,1,4,100906197,2.218737,True,False,False,,51922,281,1
dense_support_q12_r2,dense_support,cost_model_warm,1602,1,5,100906197,2.4762766,True,False,False,,28559,654,1
dense_support_q12_r2,dense_support,timing,1602,1,6,100906197,2.0957161,True,False,False,,62459,175,17
dense_support_q12_r2,dense_support,timing_ovr1,1602,1,7,100906197,4.1253924,True,False,False,,3039,1508,3
dense_support_q12_r2,dense_support,timing_ovr2,1602,1,8,100906197,2.6212793,True,False,False,,26624,699,9
dense_support_q12_r2,dense_support,T=100,1603,0,0,100906197,2.1132144,True,False,False,,60723,184,1
dense_support_q12_r2,dense_support,T=250,1603,0,1,100906197,2.7918305,True,False,False,,23190,777,1
dense_support_q12_r2,dense_support,T=400,1603,0,2,100906197,3.2036363,True,False,False,,9622,1205,1
dense_support_q12_r2,dense_support,cost_model_cold,1603,0,3,100906197,2.0289938,True,False,False,,51844,281,1
dense_support_q12_r2,dense_support,cost_model_warm,1603,0,4,100906197,2.3068175,True,False,False,,28530,654,1
dense_support_q12_r2,dense_support,timing,1603,0,5,100906197,2.1043567,True,False,False,,48514,330,17
dense_support_q12_r2,dense_support,timing_ovr1,1603,0,6,100906197,3.5631454,True,False,False,,6334,1345,3
dense_support_q12_r2,dense_support,timing_ovr2,1603,0,7,100906197,2.3929891,True,False,False,,25947,714,9
dense_support_q12_r2,dense_support,timing_ovr1_eager,1603,0,8,100906197,3.3310002,True,False,False,,10417,1182,49
dense_support_q12_r2,dense_support,T=250,1603,1,0,100906197,2.7960318,True,False,False,,23190,777,1
dense_support_q12_r2,dense_support,T=400,1603,1,1,100906197,3.6828969,True,False,False,,9622,1205,1
dense_support_q12_r2,dense_support,cost_model_cold,1603,1,2,100906197,2.2810607,True,False,False,,51844,281,1
dense_support_q12_r2,dense_support,cost_model_warm,1603,1,3,100906197,2.4484404,True,False,False,,28530,654,1
dense_support_q12_r2,dense_support,timing,1603,1,4,100906197,2.3341682,True,False,False,,69282,114,19
dense_support_q12_r2,dense_support,timing_ovr1,1603,1,5,100906197,2.9219226,True,False,False,,15827,991,9
dense_support_q12_r2,dense_support,timing_ovr2,1603,1,6,100906197,2.7608852,True,False,False,,41816,421,13
dense_support_q12_r2,dense_support,timing_ovr1_eager,1603,1,7,100906197,3.2718741,True,False,False,,13206,1087,63
dense_support_q12_r2,dense_support,T=100,1603,1,8,100906197,1.9982085,True,False,False,,60723,184,1
dense_support_q12_r2,dense_support,T=400,1604,0,0,100906197,3.3474191,True,False,False,,9530,1205,1
dense_support_q12_r2,dense_support,cost_model_cold,1604,0,1,100906197,2.1291602,True,False,False,,51880,281,1
dense_support_q12_r2,dense_support,cost_model_warm,1604,0,2,100906197,2.795759,True,False,False,,28505,654,1
dense_support_q12_r2,dense_support,timing,1604,0,3,100906197,2.2677103,True,False,False,,55586,246,15
dense_support_q12_r2,dense_support,timing_ovr1,1604,0,4,100906197,2.6406422,True,False,False,,22183,803,7
dense_support_q12_r2,dense_support,timing_ovr2,1604,0,5,100906197,2.4446478,True,False,False,,33696,558,15
dense_support_q12_r2,dense_support,timing_ovr1_eager,1604,0,6,100906197,2.9746964,True,False,False,,17335,959,87
dense_support_q12_r2,dense_support,T=100,1604,0,7,100906197,2.0800392,True,False,False,,60726,184,1
dense_support_q12_r2,dense_support,T=250,1604,0,8,100906197,2.5822988,True,False,False,,23112,778,1
dense_support_q12_r2,dense_support,cost_model_cold,1604,1,0,100906197,2.2139592,True,False,False,,51880,281,1
dense_support_q12_r2,dense_support,cost_model_warm,1604,1,1,100906197,2.7107799,True,False,False,,28505,654,1
dense_support_q12_r2,dense_support,timing,1604,1,2,100906197,2.3258424,True,False,False,,54863,254,15
dense_support_q12_r2,dense_support,timing_ovr1,1604,1,3,100906197,2.9276434,True,False,False,,22031,807,7
dense_support_q12_r2,dense_support,timing_ovr2,1604,1,4,100906197,3.1832943,True,False,False,,22851,786,7
dense_support_q12_r2,dense_support,timing_ovr1_eager,1604,1,5,100906197,4.0360098,True,False,False,,9478,1215,43
dense_support_q12_r2,dense_support,T=100,1604,1,6,100906197,2.3956807,True,False,False,,60726,184,1
dense_support_q12_r2,dense_support,T=250,1604,1,7,100906197,2.7966276,True,False,False,,23112,778,1
dense_support_q12_r2,dense_support,T=400,1604,1,8,100906197,3.7273177,True,False,False,,9530,1205,1
dense_support_q12_r2,dense_support,cost_model_warm,1605,0,0,100906197,2.9363127,True,False,False,,28507,654,1
dense_support_q12_r2,dense_support,timing,1605,0,1,100906197,2.5591136,True,False,False,,36301,510,11
dense_support_q12_r2,dense_support,timing_ovr1,1605,0,2,100906197,3.654007,True,False,False,,9614,1206,5
dense_support_q12_r2,dense_support,timing_ovr2,1605,0,3,100906197,2.7491099,True,False,False,,29392,641,11
dense_support_q12_r2,dense_support,timing_ovr1_eager,1605,0,4,100906197,3.2243643,True,False,False,,17847,949,81
dense_support_q12_r2,dense_support,T=100,1605,0,5,100906197,2.3827438,True,False,False,,60779,184,1
dense_support_q12_r2,dense_support,T=250,1605,0,6,100906197,3.0660588,True,False,False,,23131,777,1
dense_support_q12_r2,dense_support,T=400,1605,0,7,100906197,3.4963772,True,False,False,,9622,1205,1
dense_support_q12_r2,dense_support,cost_model_cold,1605,0,8,100906197,2.3807957,True,False,False,,51903,281,1
dense_support_q12_r2,dense_support,timing,1605,1,0,100906197,2.5421363,True,False,False,,52024,286,15
dense_support_q12_r2,dense_support,timing_ovr1,1605,1,1,100906197,4.3328161,True,False,False,,9197,1223,5
dense_support_q12_r2,dense_support,timing_ovr2,1605,1,2,100906197,2.9322592,True,False,False,,42690,410,13
dense_support_q12_r2,dense_support,timing_ovr1_eager,1605,1,3,100906197,5.3552484,True,False,False,,928,1622,11
dense_support_q12_r2,dense_support,T=100,1605,1,4,100906197,2.64493,True,False,False,,60779,184,1
dense_support_q12_r2,dense_support,T=250,1605,1,5,100906197,3.4115972,True,False,False,,23131,777,1
dense_support_q12_r2,dense_support,T=400,1605,1,6,100906197,3.8213355,True,False,False,,9622,1205,1
dense_support_q12_r2,dense_support,cost_model_cold,1605,1,7,100906197,2.139903,True,False,False,,51903,281,1
dense_support_q12_r2,dense_support,cost_model_warm,1605,1,8,100906197,2.3607813,True,False,False,,28507,654,1
dense_support_q12_r2,dense_support,timing_ovr1,1606,0,0,100906197,3.7961786,True,False,False,,9198,1226,5
dense_support_q12_r2,dense_support,timing_ovr2,1606,0,1,100906197,2.9519958,True,False,False,,34312,546,11
dense_support_q12_r2,dense_support,timing_ovr1_eager,1606,0,2,100906197,3.5487056,True,False,False,,16637,980,75
dense_support_q12_r2,dense_support,T=100,1606,0,3,100906197,2.6720102,True,False,False,,60831,184,1
dense_support_q12_r2,dense_support,T=250,1606,0,4,100906197,3.2104492,True,False,False,,23222,777,1
dense_support_q12_r2,dense_support,T=400,1606,0,5,100906197,4.3276541,True,False,False,,9704,1205,1
dense_support_q12_r2,dense_support,cost_model_cold,1606,0,6,100906197,2.675793,True,False,False,,51944,281,1
dense_support_q12_r2,dense_support,cost_model_warm,1606,0,7,100906197,3.2596718,True,False,False,,28601,654,1
dense_support_q12_r2,dense_support,timing,1606,0,8,100906197,2.7710836,True,False,False,,54666,256,15
dense_support_q12_r2,dense_support,timing_ovr2,1606,1,0,100906197,2.7282662,True,False,False,,33860,554,11
dense_support_q12_r2,dense_support,timing_ovr1_eager,1606,1,1,100906197,3.9283916,True,False,False,,12868,1109,65
dense_support_q12_r2,dense_support,T=100,1606,1,2,100906197,2.8446513,True,False,False,,60831,184,1
dense_support_q12_r2,dense_support,T=250,1606,1,3,100906197,2.8117323,True,False,False,,23222,777,1
dense_support_q12_r2,dense_support,T=400,1606,1,4,100906197,3.1923576,True,False,False,,9704,1205,1
dense_support_q12_r2,dense_support,cost_model_cold,1606,1,5,100906197,2.113786,True,False,False,,51944,281,1
dense_support_q12_r2,dense_support,cost_model_warm,1606,1,6,100906197,2.6156792,True,False,False,,28601,654,1
dense_support_q12_r2,dense_support,timing,1606,1,7,100906197,2.9380943,True,False,False,,19587,875,7
dense_support_q12_r2,dense_support,timing_ovr1,1606,1,8,100906197,2.9011901,True,False,False,,19499,877,7
dense_support_q12_r2,dense_support,timing_ovr1_eager,1607,0,0,100906197,3.3597546,True,False,False,,9421,1221,47
dense_support_q12_r2,dense_support,T=100,1607,0,1,100906197,2.1764968,True,False,False,,60743,184,1
dense_support_q12_r2,dense_support,T=250,1607,0,2,100906197,2.574135,True,False,False,,23142,777,1
dense_support_q12_r2,dense_support,T=400,1607,0,3,100906197,3.6974192,True,False,False,,9596,1205,1
dense_support_q12_r2,dense_support,cost_model_cold,1607,0,4,100906197,2.4891709,True,False,False,,51890,281,1
dense_support_q12_r2,dense_support,cost_model_warm,1607,0,5,100906197,2.5487796,True,False,False,,28562,654,1
dense_support_q12_r2,dense_support,timing,1607,0,6,100906197,2.3733014,True,False,False,,31574,595,9
dense_support_q12_r2,dense_support,timing_ovr1,1607,0,7,100906197,4.5209535,True,False,False,,706,1633,3
dense_support_q12_r2,dense_support,timing_ovr2,1607,0,8,100906197,4.1641651,True,False,False,,3055,1507,5
dense_support_q12_r2,dense_support,T=100,1607,1,0,100906197,2.2077029,True,False,False,,60743,184,1
dense_support_q12_r2,dense_support,T=250,1607,1,1,100906197,2.5161549,True,False,False,,23142,777,1
dense_support_q12_r2,dense_support,T=400,1607,1,2,100906197,3.3722216,True,False,False,,9596,1205,1
dense_support_q12_r2,dense_support,cost_model_cold,1607,1,3,100906197,2.3513635,True,False,False,,51890,281,1
dense_support_q12_r2,dense_support,cost_model_warm,1607,1,4,100906197,2.2793432,True,False,False,,28562,654,1
dense_support_q12_r2,dense_support,timing,1607,1,5,100906197,2.2444455,True,False,False,,81704,23,22
dense_support_q12_r2,dense_support,timing_ovr1,1607,1,6,100906197,3.9682367,True,False,False,,3576,1477,3
dense_support_q12_r2,dense_support,timing_ovr2,1607,1,7,100906197,2.171922,True,False,False,,45437,369,13
dense_support_q12_r2,dense_support,timing_ovr1_eager,1607,1,8,100906197,3.7140734,True,False,False,,7837,1283,41
dense_support_q12_r2,dense_support,T=250,1608,0,0,100906197,2.729086,True,False,False,,23314,777,1
dense_support_q12_r2,dense_support,T=400,1608,0,1,100906197,3.3326464,True,False,False,,9691,1205,1
dense_support_q12_r2,dense_support,cost_model_cold,1608,0,2,100906197,2.2273929,True,False,False,,52165,281,1
dense_support_q12_r2,dense_support,cost_model_warm,1608,0,3,100906197,2.4886256,True,False,False,,28741,654,1
dense_support_q12_r2,dense_support,timing,1608,0,4,100906197,1.9029188,True,False,False,,61172,192,17
dense_support_q12_r2,dense_support,timing_ovr1,1608,0,5,100906197,2.7885863,True,False,False,,17801,927,7
dense_support_q12_r2,dense_support,timing_ovr2,1608,0,6,100906197,2.4802964,True,False,False,,27616,681,9
dense_support_q12_r2,dense_support,timing_ovr1_eager,1608,0,7,100906197,3.4970823,True,False,False,,10131,1196,47
dense_support_q12_r2,dense_support,T=100,1608,0,8,100906197,2.0111033,True,False,False,,61129,184,1
dense_support_q12_r2,dense_support,T=400,1608,1,0,100906197,3.0903752,True,False,False,,9691,1205,1
dense_support_q12_r2,dense_support,cost_model_cold,1608,1,1,100906197,2.3100838,True,False,False,,52165,281,1
dense_support_q12_r2,dense_support,cost_model_warm,1608,1,2,100906197,2.5349305,True,False,False,,28741,654,1
dense_support_q12_r2,dense_support,timing,1608,1,3,100906197,2.239691,True,False,False,,56749,236,15
dense_support_q12_r2,dense_support,timing_ovr1,1608,1,4,100906197,2.9847064,True,False,False,,17059,959,11
dense_support_q12_r2,dense_support,timing_ovr2,1608,1,5,100906197,2.5730767,True,False,False,,24099,763,11
dense_support_q12_r2,dense_support,timing_ovr1_eager,1608,1,6,100906197,3.2296891,True,False,False,,8691,1253,45
dense_support_q12_r2,dense_support,T=100,1608,1,7,100906197,2.3930749,True,False,False,,61129,184,1
dense_support_q12_r2,dense_support,T=250,1608,1,8,100906197,3.0141014,True,False,False,,23314,777,1
collision_o2_g0_n1000000_r05,collision,cost_model_cold,1601,0,0,24180879,0.2081787,True,False,False,,2091,707,1
collision_o2_g0_n1000000_r05,collision,cost_model_warm,1601,0,1,24180879,0.2365483,True,False,False,,1,821,1
collision_o2_g0_n1000000_r05,collision,timing,1601,0,2,24180879,0.2190272,True,False,False,,2179,703,3
collision_o2_g0_n1000000_r05,collision,timing_ovr1,1601,0,3,24180879,0.2330266,True,False,False,,291,804,5
collision_o2_g0_n1000000_r05,collision,timing_ovr2,1601,0,4,24180879,0.2103639,True,False,False,,6217,542,11
collision_o2_g0_n1000000_r05,collision,timing_ovr1_eager,1601,0,5,24180879,0.2417524,True,False,False,,71,818,7
collision_o2_g0_n1000000_r05,collision,T=100,1601,0,6,24180879,0.3037116,True,False,False,,14758,305,1
collision_o2_g0_n1000000_r05,collision,T=250,1601,0,7,24180879,0.1875102,True,False,False,,1825,720,1
collision_o2_g0_n1000000_r05,collision,T=400,1601,0,8,24180879,0.2374827,True,False,False,,1,821,1
collision_o2_g0_n1000000_r05,collision,cost_model_warm,1601,1,0,24180879,0.226222,True,False,False,,1,821,1
collision_o2_g0_n1000000_r05,collision,timing,1601,1,1,24180879,0.2093056,True,False,False,,2767,676,5
collision_o2_g0_n1000000_r05,collision,timing_ovr1,1601,1,2,24180879,0.2109522,True,False,False,,273,804,5
collision_o2_g0_n1000000_r05,collision,timing_ovr2,1601,1,3,24180879,0.250868,True,False,False,,1524,736,3
collision_o2_g0_n1000000_r05,collision,timing_ovr1_eager,1601,1,4,24180879,0.2515503,True,False,False,,71,818,7
collision_o2_g0_n1000000_r05,collision,T=100,1601,1,5,24180879,0.3091198,True,False,False,,14758,305,1
collision_o2_g0_n1000000_r05,collision,T=250,1601,1,6,24180879,0.2612915,True,False,False,,1825,720,1
collision_o2_g0_n1000000_r05,collision,T=400,1601,1,7,24180879,0.2016676,True,False,False,,1,821,1
collision_o2_g0_n1000000_r05,collision,cost_model_cold,1601,1,8,24180879,0.1650382,True,False,False,,2091,707,1
collision_o2_g0_n1000000_r05,collision,timing,1602,0,0,24180879,0.2133446,True,False,False,,1830,722,3
collision_o2_g0_n1000000_r05,collision,timing_ovr1,1602,0,1,24180879,0.2096603,True,False,False,,256,806,1
collision_o2_g0_n1000000_r05,collision,timing_ovr2,1602,0,2,24180879,0.2065844,True,False,False,,2220,702,3
collision_o2_g0_n1000000_r05,collision,timing_ovr1_eager,1602,0,3,24180879,0.205272,True,False,False,,111,814,9
collision_o2_g0_n1000000_r05,collision,T=100,1602,0,4,24180879,0.2366967,True,False,False,,14806,305,1
collision_o2_g0_n1000000_r05,collision,T=250,1602,0,5,24180879,0.2020408,True,False,False,,1847,721,1
collision_o2_g0_n1000000_r05,collision,T=400,1602,0,6,24180879,0.2310804,True,False,False,,1,821,1
collision_o2_g0_n1000000_r05,collision,cost_model_cold,1602,0,7,24180879,0.2511303,True,False,False,,2105,707,1
collision_o2_g0_n1000000_r05,collision,cost_model_warm,1602,0,8,24180879,0.2541724,True,False,False,,1,821,1
collision_o2_g0_n1000000_r05,collision,timing_ovr1,1602,1,0,24180879,0.1873196,True,False,False,,256,806,1
collision_o2_g0_n1000000_r05,collision,timing_ovr2,1602,1,1,24180879,0.1717882,True,False,False,,2224,702,3
collision_o2_g0_n1000000_r05,collision,timing_ovr1_eager,1602,1,2,24180879,0.2166717,True,False,False,,147,812,9
collision_o2_g0_n1000000_r05,collision,T=100,1602,1,3,24180879,0.3082966,True,False,False,,14806,305,1
collision_o2_g0_n1000000_r05,collision,T=250,1602,1,4,24180879,0.226888,True,False,False,,1847,721,1
collision_o2_g0_n1000000_r05,collision,T=400,1602,1,5,24180879,0.2258116,True,False,False,,1,821,1
collision_o2_g0_n1000000_r05,collision,cost_model_cold,1602,1,6,24180879,0.222061,True,False,False,,2105,707,1
collision_o2_g0_n1000000_r05,collision,cost_model_warm,1602,1,7,24180879,0.2601975,True,False,False,,1,821,1
collision_o2_g0_n1000000_r05,collision,timing,1602,1,8,24180879,0.1857733,True,False,False,,4407,620,5
collision_o2_g0_n1000000_r05,collision,timing_ovr2,1603,0,0,24180879,0.23148,True,False,False,,569,788,3
collision_o2_g0_n1000000_r05,collision,timing_ovr1_eager,1603,0,1,24180879,0.1935113,True,False,False,,95,816,7
collision_o2_g0_n1000000_r05,collision,T=100,1603,0,2,24180879,0.2629026,True,False,False,,14735,305,1
collision_o2_g0_n1000000_r05,collision,T=250,1603,0,3,24180879,0.1969221,True,False,False,,1821,721,1
collision_o2_g0_n1000000_r05,collision,T=400,1603,0,4,24180879,0.2127152,True,False,False,,1,821,1
collision_o2_g0_n1000000_r05,collision,cost_model_cold,1603,0,5,24180879,0.2142447,True,False,False,,2086,708,1
collision_o2_g0_n1000000_r05,collision,cost_model_warm,1603,0,6,24180879,0.1968846,True,False,False,,1,821,1
collision_o2_g0_n1000000_r05,collision,timing,1603,0,7,24180879,0.2652376,True,False,False,,6234,535,3
collision_o2_g0_n1000000_r05,collision,timing_ovr1,1603,0,8,24180879,0.2380166,True,False,False,,1340,759,5
collision_o2_g0_n1000000_r05,collision,timing_ovr1_eager,1603,1,0,24180879,0.1954236,True,False,False,,101,816,9
collision_o2_g0_n1000000_r05,collision,T=100,1603,1,1,24180879,0.2158743,True,False,False,,14735,305,1
collision_o2_g0_n1000000_r05,collision,T=250,1603,1,2,24180879,0.2061703,True,False,False,,1821,721,1
collision_o2_g0_n1000000_r05,collision,T=400,1603,1,3,24180879,0.2064114,True,False,False,,1,821,1
collision_o2_g0_n1000000_r05,collision,cost_model_cold,1603,1,4,24180879,0.1996502,True,False,False,,2086,708,1
collision_o2_g0_n1000000_r05,collision,cost_model_warm,1603,1,5,24180879,0.2598634,True,False,False,,1,821,1
collision_o2_g0_n1000000_r05,collision,timing,1603,1,6,24180879,0.2336496,True,False,False,,836,773,3
collision_o2_g0_n1000000_r05,collision,timing_ovr1,1603,1,7,24180879,0.2336779,True,False,False,,292,804,7
collision_o2_g0_n1000000_r05,collision,timing_ovr2,1603,1,8,24180879,0.2155511,True,False,False,,1338,747,5
collision_o2_g0_n1000000_r05,collision,T=100,1604,0,0,24180879,0.2250937,True,False,False,,14628,305,1
collision_o2_g0_n1000000_r05,collision,T=250,1604,0,1,24180879,0.2313904,True,False,False,,1803,721,1
collision_o2_g0_n1000000_r05,collision,T=400,1604,0,2,24180879,0.2584549,True,False,False,,1,821,1
collision_o2_g0_n1000000_r05,collision,cost_model_cold,1604,0,3,24180879,0.1978277,True,False,False,,2072,707,1
collision_o2_g0_n1000000_r05,collision,cost_model_warm,1604,0,4,24180879,0.1751046,True,False,False,,1,821,1
collision_o2_g0_n1000000_r05,collision,timing,1604,0,5,24180879,0.1763887,True,False,False,,2830,671,3
collision_o2_g0_n1000000_r05,collision,timing_ovr1,1604,0,6,24180879,0.2064158,True,False,False,,276,805,5
collision_o2_g0_n1000000_r05,collision,timing_ovr2,1604,0,7,24180879,0.1868547,True,False,False,,514,792,7
collision_o2_g0_n1000000_r05,collision,timing_ovr1_eager,1604,0,8,24180879,0.2064702,True,False,False,,89,816,5
collision_o2_g0_n1000000_r05,collision,T=250,1604,1,0,24180879,0.1417432,True,False,False,,1803,721,1
collision_o2_g0_n1000000_r05,collision,T=400,1604,1,1,24180879,0.2202469,True,False,False,,1,821,1
collision_o2_g0_n1000000_r05,collision,cost_model_cold,1604,1,2,24180879,0.2310698,True,False,False,,2072,707,1
collision_o2_g0_n1000000_r05,collision,cost_model_warm,1604,1,3,24180879,0.1805554,True,False,False,,1,821,1
collision_o2_g0_n1000000_r05,collision,timing,1604,1,4,24180879,0.2133986,True,False,False,,1231,755,5
collision_o2_g0_n1000000_r05,collision,timing_ovr1,1604,1,5,24180879,0.2244208,True,False,False,,276,805,5
collision_o2_g0_n1000000_r05,collision,timing_ovr2,1604,1,6,24180879,0.2340126,True,False,False,,4316,628,7
collision_o2_g0_n1000000_r05,collision,timing_ovr1_eager,1604,1,7,24180879,0.2148374,True,False,False,,89,816,5
collision_o2_g0_n1000000_r05,collision,T=100,1604,1,8,24180879,0.2503251,True,False,False,,14628,305,1
collision_o2_g0_n1000000_r05,collision,T=400,1605,0,0,24180879,0.2323104,True,False,False,,1,822,1
collision_o2_g0_n1000000_r05,collision,cost_model_cold,1605,0,1,24180879,0.2090349,True,False,False,,2083,707,1
collision_o2_g0_n1000000_r05,collision,cost_model_warm,1605,0,2,24180879,0.1800207,True,False,False,,1,822,1
collision_o2_g0_n1000000_r05,collision,timing,1605,0,3,24180879,0.1657723,True,False,False,,4814,586,5
collision_o2_g0_n1000000_r05,collision,timing_ovr1,1605,0,4,24180879,0.2598434,True,False,False,,256,806,1
collision_o2_g0_n1000000_r05,collision,timing_ovr2,1605,0,5,24180879,0.1767328,True,False,False,,3043,663,9
collision_o2_g0_n1000000_r05,collision,timing_ovr1_eager,1605,0,6,24180879,0.1857285,True,False,False,,88,817,9
collision_o2_g0_n1000000_r05,collision,T=100,1605,0,7,24180879,0.2330024,True,False,False,,14755,305,1
collision_o2_g0_n1000000_r05,collision,T=250,1605,0,8,24180879,0.1966051,True,False,False,,1813,721,1
collision_o2_g0_n1000000_r05,collision,cost_model_cold,1605,1,0,24180879,0.2298155,True,False,False,,2083,707,1
collision_o2_g0_n1000000_r05,collision,cost_model_warm,1605,1,1,24180879,0.1963486,True,False,False,,1,822,1
collision_o2_g0_n1000000_r05,collision,timing,1605,1,2,24180879,0.1986457,True,False,False,,9417,465,7
collision_o2_g0_n1000000_r05,collision,timing_ovr1,1605,1,3,24180879,0.2175203,True,False,False,,265,805,5
collision_o2_g0_n1000000_r05,collision,timing_ovr2,1605,1,4,24180879,0.1994021,True,False,False,,743,779,3
collision_o2_g0_n1000000_r05,collision,timing_ovr1_eager,1605,1,5,24180879,0.1943865,True,False,False,,83,817,5
collision_o2_g0_n1000000_r05,collision,T=100,1605,1,6,24180879,0.2818985,True,False,False,,14755,305,1
collision_o2_g0_n1000000_r05,collision,T=250,1605,1,7,24180879,0.1816585,True,False,False,,1813,721,1
collision_o2_g0_n1000000_r05,collision,T=400,1605,1,8,24180879,0.253415,True,False,False,,1,822,1
collision_o2_g0_n1000000_r05,collision,cost_model_warm,1606,0,0,24180879,0.2705323,True,False,False,,1,821,1
collision_o2_g0_n1000000_r05,collision,timing,1606,0,1,24180879,0.2447898,True,False,False,,628,785,3
collision_o2_g0_n1000000_r05,collision,timing_ovr1,1606,0,2,24180879,0.237668,True,False,False,,277,805,5
collision_o2_g0_n1000000_r05,collision,timing_ovr2,1606,0,3,24180879,0.1912766,True,False,False,,855,772,5
collision_o2_g0_n1000000_r05,collision,timing_ovr1_eager,1606,0,4,24180879,0.1958194,True,False,False,,98,816,7
collision_o2_g0_n1000000_r05,collision,T=100,1606,0,5,24180879,0.2715782,True,False,False,,14777,305,1
collision_o2_g0_n1000000_r05,collision,T=250,1606,0,6,24180879,0.2115118,True,False,False,,1846,720,1
collision_o2_g0_n1000000_r05,collision,T=400,1606,0,7,24180879,0.2363261,True,False,False,,1,821,1
collision_o2_g0_n1000000_r05,collision,cost_model_cold,1606,0,8,24180879,0.1975067,True,False,False,,2102,707,1
collision_o2_g0_n1000000_r05,collision,timing,1606,1,0,24180879,0.2126486,True,False,False,,3411,646,3
collision_o2_g0_n1000000_r05,collision,timing_ovr1,1606,1,1,24180879,0.2678727,True,False,False,,277,805,5
collision_o2_g0_n1000000_r05,collision,timing_ovr2,1606,1,2,24180879,0.2718095,True,False,False,,722,779,3
collision_o2_g0_n1000000_r05,collision,timing_ovr1_eager,1606,1,3,24180879,0.2371042,True,False,False,,110,815,7
collision_o2_g0_n1000000_r05,collision,T=100,1606,1,4,24180879,0.2908103,True,False,False,,14777,305,1
collision_o2_g0_n1000000_r05,collision,T=250,1606,1,5,24180879,0.2296832,True,False,False,,1846,720,1
collision_o2_g0_n1000000_r05,collision,T=400,1606,1,6,24180879,0.2523491,True,False,False,,1,821,1
collision_o2_g0_n1000000_r05,collision,cost_model_cold,1606,1,7,24180879,0.2124741,True,False,False,,2102,707,1
collision_o2_g0_n1000000_r05,collision,cost_model_warm,1606,1,8,24180879,0.234287,True,False,False,,1,821,1
collision_o2_g0_n1000000_r05,collision,timing_ovr1,1607,0,0,24180879,0.2345248,True,False,False,,262,805,5
collision_o2_g0_n1000000_r05,collision,timing_ovr2,1607,0,1,24180879,0.2108826,True,False,False,,1307,747,3
collision_o2_g0_n1000000_r05,collision,timing_ovr1_eager,1607,0,2,24180879,0.2527181,True,False,False,,212,809,11
collision_o2_g0_n1000000_r05,collision,T=100,1607,0,3,24180879,0.2570263,True,False,False,,14694,305,1
collision_o2_g0_n1000000_r05,collision,T=250,1607,0,4,24180879,0.2598585,True,False,False,,1805,721,1
collision_o2_g0_n1000000_r05,collision,T=400,1607,0,5,24180879,0.2190371,True,False,False,,1,821,1
collision_o2_g0_n1000000_r05,collision,cost_model_cold,1607,0,6,24180879,0.2562239,True,False,False,,2056,707,1
collision_o2_g0_n1000000_r05,collision,cost_model_warm,1607,0,7,24180879,0.2186305,True,False,False,,1,821,1
collision_o2_g0_n1000000_r05,collision,timing,1607,0,8,24180879,0.2199752,True,False,False,,5561,558,3
collision_o2_g0_n1000000_r05,collision,timing_ovr2,1607,1,0,24180879,0.2213406,True,False,False,,963,764,3
collision_o2_g0_n1000000_r05,collision,timing_ovr1_eager,1607,1,1,24180879,0.2676808,True,False,False,,78,816,5
collision_o2_g0_n1000000_r05,collision,T=100,1607,1,2,24180879,0.2769818,True,False,False,,14694,305,1
collision_o2_g0_n1000000_r05,collision,T=250,1607,1,3,24180879,0.2519444,True,False,False,,1805,721,1
collision_o2_g0_n1000000_r05,collision,T=400,1607,1,4,24180879,0.2249743,True,False,False,,1,821,1
collision_o2_g0_n1000000_r05,collision,cost_model_cold,1607,1,5,24180879,0.208426,True,False,False,,2056,707,1
collision_o2_g0_n1000000_r05,collision,cost_model_warm,1607,1,6,24180879,0.2149387,True,False,False,,1,821,1
collision_o2_g0_n1000000_r05,collision,timing,1607,1,7,24180879,0.2514993,True,False,False,,2679,678,5
collision_o2_g0_n1000000_r05,collision,timing_ovr1,1607,1,8,24180879,0.2531422,True,False,False,,260,805,5
collision_o2_g0_n1000000_r05,collision,timing_ovr1_eager,1608,0,0,24180879,0.2308935,True,False,False,,143,813,7
collision_o2_g0_n1000000_r05,collision,T=100,1608,0,1,24180879,0.2889647,True,False,False,,14840,305,1
collision_o2_g0_n1000000_r05,collision,T=250,1608,0,2,24180879,0.2413679,True,False,False,,1818,721,1
collision_o2_g0_n1000000_r05,collision,T=400,1608,0,3,24180879,0.1855519,True,False,False,,1,821,1
collision_o2_g0_n1000000_r05,collision,cost_model_cold,1608,0,4,24180879,0.1903344,True,False,False,,2077,708,1
collision_o2_g0_n1000000_r05,collision,cost_model_warm,1608,0,5,24180879,0.2620105,True,False,False,,1,821,1
collision_o2_g0_n1000000_r05,collision,timing,1608,0,6,24180879,0.2541754,True,False,False,,4343,606,3
collision_o2_g0_n1000000_r05,collision,timing_ovr1,1608,0,7,24180879,0.2093408,True,False,False,,386,799,7
collision_o2_g0_n1000000_r05,collision,timing_ovr2,1608,0,8,24180879,0.2544555,True,False,False,,2696,687,5
collision_o2_g0_n1000000_r05,collision,T=100,1608,1,0,24180879,0.2971591,True,False,False,,14840,305,1
collision_o2_g0_n1000000_r05,collision,T=250,1608,1,1,24180879,0.2631049,True,False,False,,1818,721,1
collision_o2_g0_n1000000_r05,collision,T=400,1608,1,2,24180879,0.2617587,True,False,False,,1,821,1
collision_o2_g0_n1000000_r05,collision,cost_model_cold,1608,1,3,24180879,0.21397,True,False,False,,2077,708,1
collision_o2_g0_n1000000_r05,collision,cost_model_warm,1608,1,4,24180879,0.2465377,True,False,False,,1,821,1
collision_o2_g0_n1000000_r05,collision,timing,1608,1,5,24180879,0.2125792,True,False,False,,2352,695,3
collision_o2_g0_n1000000_r05,collision,timing_ovr1,1608,1,6,24180879,0.2231978,True,False,False,,302,804,5
collision_o2_g0_n1000000_r05,collision,timing_ovr2,1608,1,7,24180879,0.2400471,True,False,False,,1595,732,3
collision_o2_g0_n1000000_r05,collision,timing_ovr1_eager,1608,1,8,24180879,0.2253278,True,False,False,,117,814,13
collision_o2_g0_n1000000_r1,collision,T=250,1601,0,0,96723519,0.7825844,True,False,False,,21987,778,1
collision_o2_g0_n1000000_r1,collision,T=400,1601,0,1,96723519,0.8106476,True,False,False,,8898,1201,1
collision_o2_g0_n1000000_r1,collision,cost_model_cold,1601,0,2,96723519,0.7573588,True,False,False,,22035,777,1
collision_o2_g0_n1000000_r1,collision,cost_model_warm,1601,0,3,96723519,0.8094607,True,False,False,,9065,1194,1
collision_o2_g0_n1000000_r1,collision,timing,1601,0,4,96723519,0.8282396,True,False,False,,5064,1368,3
collision_o2_g0_n1000000_r1,collision,timing_ovr1,1601,0,5,96723519,0.8564483,True,False,False,,1600,1549,3
collision_o2_g0_n1000000_r1,collision,timing_ovr2,1601,0,6,96723519,0.8805398,True,False,False,,608,1605,3
collision_o2_g0_n1000000_r1,collision,timing_ovr1_eager,1601,0,7,96723519,0.8631803,True,False,False,,550,1609,11
collision_o2_g0_n1000000_r1,collision,T=100,1601,0,8,96723519,0.8986236,True,False,False,,58492,191,1
collision_o2_g0_n1000000_r1,collision,T=400,1601,1,0,96723519,0.8423209,True,False,False,,8898,1201,1
collision_o2_g0_n1000000_r1,collision,cost_model_cold,1601,1,1,96723519,0.7418579,True,False,False,,22035,777,1
collision_o2_g0_n1000000_r1,collision,cost_model_warm,1601,1,2,96723519,0.7959035,True,False,False,,9065,1194,1
collision_o2_g0_n1000000_r1,collision,timing,1601,1,3,96723519,0.8728395,True,False,False,,16770,1039,9
collision_o2_g0_n1000000_r1,collision,timing_ovr1,1601,1,4,96723519,0.9175974,True,False,False,,558,1607,7
collision_o2_g0_n1000000_r1,collision,timing_ovr2,1601,1,5,96723519,0.8201828,True,False,False,,9393,1191,7
collision_o2_g0_n1000000_r1,collision,timing_ovr1_eager,1601,1,6,96723519,0.9527491,True,False,False,,647,1603,13
collision_o2_g0_n1000000_r1,collision,T=100,1601,1,7,96723519,0.9699937,True,False,False,,58492,191,1
collision_o2_g0_n1000000_r1,collision,T=250,1601,1,8,96723519,0.8663533,True,False,False,,21987,778,1
collision_o2_g0_n1000000_r1,collision,cost_model_cold,1602,0,0,96723519,0.8151038,True,False,False,,22138,777,1
collision_o2_g0_n1000000_r1,collision,cost_model_warm,1602,0,1,96723519,0.7858829,True,False,False,,9138,1194,1
collision_o2_g0_n1000000_r1,collision,timing,1602,0,2,96723519,0.764808,True,False,False,,10699,1135,5
collision_o2_g0_n1000000_r1,collision,timing_ovr1,1602,0,3,96723519,0.9503064,True,False,False,,2626,1515,7
collision_o2_g0_n1000000_r1,collision,timing_ovr2,1602,0,4,96723519,0.8302705,True,False,False,,15986,1124,13
collision_o2_g0_n1000000_r1,collision,timing_ovr1_eager,1602,0,5,96723519,0.9441421,True,False,False,,1656,1547,25
collision_o2_g0_n1000000_r1,collision,T=100,1602,0,6,96723519,1.0565542,True,False,False,,58478,191,1
collision_o2_g0_n1000000_r1,collision,T=250,1602,0,7,96723519,0.7970347,True,False,False,,22087,778,1
collision_o2_g0_n1000000_r1,collision,T=400,1602,0,8,96723519,0.7699697,True,False,False,,8984,1201,1
collision_o2_g0_n1000000_r1,collision,cost_model_warm,1602,1,0,96723519,0.8356526,True,False,False,,9138,1194,1
collision_o2_g0_n1000000_r1,collision,timing,1602,1,1,96723519,0.9141986,True,False,False,,6040,1328,3
collision_o2_g0_n1000000_r1,collision,timing_ovr1,1602,1,2,96723519,0.8799002,True,False,False,,544,1608,5
collision_o2_g0_n1000000_r1,collision,timing_ovr2,1602,1,3,96723519,0.8561923,True,False,False,,3666,1443,3
collision_o2_g0_n1000000_r1,collision,timing_ovr1_eager,1602,1,4,96723519,0.8984081,True,False,False,,1040,1580,11
collision_o2_g0_n1000000_r1,collision,T=100,1602,1,5,96723519,1.0059054,True,False,False,,58478,191,1
collision_o2_g0_n1000000_r1,collision,T=250,1602,1,6,96723519,0.7896165,True,False,False,,22087,778,1
collision_o2_g0_n1000000_r1,collision,T=400,1602,1,7,96723519,0.8709909,True,False,False,,8984,1201,1
collision_o2_g0_n1000000_r1,collision,cost_model_cold,1602,1,8,96723519,0.8217996,True,False,False,,22138,777,1
collision_o2_g0_n1000000_r1,collision,timing,1603,0,0,96723519,0.724348,True,False,False,,12286,1076,7
collision_o2_g0_n1000000_r1,collision,timing_ovr1,1603,0,1,96723519,0.6500794,True,False,False,,927,1587,5
collision_o2_g0_n1000000_r1,collision,timing_ovr2,1603,0,2,96723519,0.7397748,True,False,False,,2809,1483,3
collision_o2_g0_n1000000_r1,collision,timing_ovr1_eager,1603,0,3,96723519,0.8749916,True,False,False,,116,1635,9
collision_o2_g0_n1000000_r1,collision,T=100,1603,0,4,96723519,0.858341,True,False,False,,58399,191,1
collision_o2_g0_n1000000_r1,collision,T=250,1603,0,5,96723519,0.7124738,True,False,False,,22025,778,1
collision_o2_g0_n1000000_r1,collision,T=400,1603,0,6,96723519,0.7766011,True,False,False,,8906,1201,1
collision_o2_g0_n1000000_r1,collision,cost_model_cold,1603,0,7,96723519,0.7590404,True,False,False,,22079,777,1
collision_o2_g0_n1000000_r1,collision,cost_model_warm,1603,0,8,96723519,0.8587293,True,False,False,,9079,1194,1
collision_o2_g0_n1000000_r1,collision,timing_ovr1,1603,1,0,96723519,0.9574963,True,False,False,,590,1606,7
collision_o2_g0_n1000000_r1,collision,timing_ovr2,1603,1,1,96723519,0.8217932,True,False,False,,10202,1176,7
collision_o2_g0_n1000000_r1,collision,timing_ovr1_eager,1603,1,2,96723519,0.943482,True,False,False,,681,1602,13
collision_o2_g0_n1000000_r1,collision,T=100,1603,1,3,96723519,1.0285054,True,False,False,,58399,191,1
collision_o2_g0_n1000000_r1,collision,T=250,1603,1,4,96723519,0.8727855,True,False,False,,22025,778,1
collision_o2_g0_n1000000_r1,collision,T=400,1603,1,5,96723519,0.8729467,True,False,False,,8906,1201,1
collision_o2_g0_n1000000_r1,collision,cost_model_cold,1603,1,6,96723519,0.7243331,True,False,False,,22079,777,1
collision_o2_g0_n1000000_r1,collision,cost_model_warm,1603,1,7,96723519,0.8895411,True,False,False,,9079,1194,1
collision_o2_g0_n1000000_r1,collision,timing,1603,1,8,96723519,0.9283317,True,False,False,,5181,1365,3
collision_o2_g0_n1000000_r1,collision,timing_ovr2,1604,0,0,96723519,0.7725104,True,False,False,,10860,1123,7
collision_o2_g0_n1000000_r1,collision,timing_ovr1_eager,1604,0,1,96723519,0.9842121,True,False,False,,130,1634,9
collision_o2_g0_n1000000_r1,collision,T=100,1604,0,2,96723519,1.0788433,True,False,False,,58379,191,1
collision_o2_g0_n1000000_r1,collision,T=250,1604,0,3,96723519,0.8366107,True,False,False,,21953,778,1
collision_o2_g0_n1000000_r1,collision,T=400,1604,0,4,96723519,0.8402204,True,False,False,,8811,1201,1
collision_o2_g0_n1000000_r1,collision,cost_model_cold,1604,0,5,96723519,0.8021256,True,False,False,,22001,777,1
collision_o2_g0_n1000000_r1,collision,cost_model_warm,1604,0,6,96723519,0.8236642,True,False,False,,8977,1194,1
collision_o2_g0_n1000000_r1,collision,timing,1604,0,7,96723519,0.6874364,True,False,False,,11882,1097,7
collision_o2_g0_n1000000_r1,collision,timing_ovr1,1604,0,8,96723519,0.8741644,True,False,False,,4093,1431,7
collision_o2_g0_n1000000_r1,collision,timing_ovr1_eager,1604,1,0,96723519,0.9713485,True,False,False,,483,1615,17
collision_o2_g0_n1000000_r1,collision,T=100,1604,1,1,96723519,0.8749351,True,False,False,,58379,191,1
collision_o2_g0_n1000000_r1,collision,T=250,1604,1,2,96723519,0.7833531,True,False,False,,21953,778,1
collision_o2_g0_n1000000_r1,collision,T=400,1604,1,3,96723519,0.8572853,True,False,False,,8811,1201,1
collision_o2_g0_n1000000_r1,collision,cost_model_cold,1604,1,4,96723519,0.8178862,True,False,False,,22001,777,1
collision_o2_g0_n1000000_r1,collision,cost_model_warm,1604,1,5,96723519,0.7890175,True,False,False,,8977,1194,1
collision_o2_g0_n1000000_r1,collision,timing,1604,1,6,96723519,0.8519374,True,False,False,,13014,1045,5
collision_o2_g0_n1000000_r1,collision,timing_ovr1,1604,1,7,96723519,1.0311362,True,False,False,,1969,1588,5
collision_o2_g0_n1000000_r1,collision,timing_ovr2,1604,1,8,96723519,0.9713097,True,False,False,,2175,1517,3
collision_o2_g0_n1000000_r1,collision,T=100,1605,0,0,96723519,1.0660251,True,False,False,,58448,191,1
collision_o2_g0_n1000000_r1,collision,T=250,1605,0,1,96723519,0.7879062,True,False,False,,21993,778,1
collision_o2_g0_n1000000_r1,collision,T=400,1605,0,2,96723519,0.8551572,True,False,False,,8902,1201,1
collision_o2_g0_n1000000_r1,collision,cost_model_cold,1605,0,3,96723519,0.8025945,True,False,False,,22041,777,1
collision_o2_g0_n1000000_r1,collision,cost_model_warm,1605,0,4,96723519,0.8191126,True,False,False,,9064,1194,1
collision_o2_g0_n1000000_r1,collision,timing,1605,0,5,96723519,0.7058112,True,False,False,,13360,1036,5
collision_o2_g0_n1000000_r1,collision,timing_ovr1,1605,0,6,96723519,0.913815,True,False,False,,400,1617,5
collision_o2_g0_n1000000_r1,collision,timing_ovr2,1605,0,7,96723519,0.9552962,True,False,False,,811,1594,3
collision_o2_g0_n1000000_r1,collision,timing_ovr1_eager,1605,0,8,96723519,0.907858,True,False,False,,2097,1547,23
collision_o2_g0_n1000000_r1,collision,T=250,1605,1,0,96723519,0.8040218,True,False,False,,21993,778,1
collision_o2_g0_n1000000_r1,collision,T=400,1605,1,1,96723519,0.7930022,True,False,False,,8902,1201,1
collision_o2_g0_n1000000_r1,collision,cost_model_cold,1605,1,2,96723519,0.8032633,True,False,False,,22041,777,1
collision_o2_g0_n1000000_r1,collision,cost_model_warm,1605,1,3,96723519,0.9058513,True,False,False,,9064,1194,1
collision_o2_g0_n1000000_r1,collision,timing,1605,1,4,96723519,0.7751752,True,False,False,,12732,1059,5
collision_o2_g0_n1000000_r1,collision,timing_ovr1,1605,1,5,96723519,0.9660562,True,False,False,,5381,1412,5
collision_o2_g0_n1000000_r1,collision,timing_ovr2,1605,1,6,96723519,0.8531413,True,False,False,,4061,1417,3
collision_o2_g0_n1000000_r1,collision,timing_ovr1_eager,1605,1,7,96723519,0.9850764,True,False,False,,816,1602,19
collision_o2_g0_n1000000_r1,collision,T=100,1605,1,8,96723519,1.0251562,True,False,False,,58448,191,1
collision_o2_g0_n1000000_r1,collision,T=400,1606,0,0,96723519,0.8474849,True,False,False,,8966,1201,1
collision_o2_g0_n1000000_r1,collision,cost_model_cold,1606,0,1,96723519,0.8040153,True,False,False,,22111,777,1
collision_o2_g0_n1000000_r1,collision,cost_model_warm,1606,0,2,96723519,0.7991805,True,False,False,,9137,1194,1
collision_o2_g0_n1000000_r1,collision,timing,1606,0,3,96723519,0.8316062,True,False,False,,3197,1463,3
collision_o2_g0_n1000000_r1,collision,timing_ovr1,1606,0,4,96723519,0.8963392,True,False,False,,534,1609,3
collision_o2_g0_n1000000_r1,collision,timing_ovr2,1606,0,5,96723519,0.8201751,True,False,False,,5906,1333,7
collision_o2_g0_n1000000_r1,collision,timing_ovr1_eager,1606,0,6,96723519,0.9518727,True,False,False,,1539,1599,23
collision_o2_g0_n1000000_r1,collision,T=100,1606,0,7,96723519,1.0522518,True,False,False,,58513,191,1
collision_o2_g0_n1000000_r1,collision,T=250,1606,0,8,96723519,0.7738059,True,False,False,,22062,778,1
collision_o2_g0_n1000000_r1,collision,cost_model_cold,1606,1,0,96723519,0.8365193,True,False,False,,22111,777,1
collision_o2_g0_n1000000_r1,collision,cost_model_warm,1606,1,1,96723519,0.81748,True,False,False,,9137,1194,1
collision_o2_g0_n1000000_r1,collision,timing,1606,1,2,96723519,0.8732593,True,False,False,,4654,1390,5
collision_o2_g0_n1000000_r1,collision,timing_ovr1,1606,1,3,96723519,0.8671188,True,False,False,,791,1598,5
collision_o2_g0_n1000000_r1,collision,timing_ovr2,1606,1,4,96723519,0.9408847,True,False,False,,1375,1566,5
collision_o2_g0_n1000000_r1,collision,timing_ovr1_eager,1606,1,5,96723519,0.9023642,True,False,False,,294,1626,13
collision_o2_g0_n1000000_r1,collision,T=100,1606,1,6,96723519,0.8523239,True,False,False,,58513,191,1
collision_o2_g0_n1000000_r1,collision,T=250,1606,1,7,96723519,0.6455143,True,False,False,,22062,778,1
collision_o2_g0_n1000000_r1,collision,T=400,1606,1,8,96723519,0.7867368,True,False,False,,8966,1201,1
collision_o2_g0_n1000000_r1,collision,cost_model_warm,1607,0,0,96723519,0.74287,True,False,False,,9030,1194,1
collision_o2_g0_n1000000_r1,collision,timing,1607,0,1,96723519,0.6914104,True,False,False,,12308,1075,11
collision_o2_g0_n1000000_r1,collision,timing_ovr1,1607,0,2,96723519,0.7893249,True,False,False,,262,1625,5
collision_o2_g0_n1000000_r1,collision,timing_ovr2,1607,0,3,96723519,0.7989626,True,False,False,,1336,1563,3
collision_o2_g0_n1000000_r1,collision,timing_ovr1_eager,1607,0,4,96723519,0.8855065,True,False,False,,1349,1562,13
collision_o2_g0_n1000000_r1,collision,T=100,1607,0,5,96723519,0.8724381,True,False,False,,58395,191,1
collision_o2_g0_n1000000_r1,collision,T=250,1607,0,6,96723519,0.67642,True,False,False,,21980,778,1
collision_o2_g0_n1000000_r1,collision,T=400,1607,0,7,96723519,0.7523445,True,False,False,,8862,1201,1
collision_o2_g0_n1000000_r1,collision,cost_model_cold,1607,0,8,96723519,0.6388852,True,False,False,,22032,777,1
collision_o2_g0_n1000000_r1,collision,timing,1607,1,0,96723519,0.7593325,True,False,False,,11892,1086,7
collision_o2_g0_n1000000_r1,collision,timing_ovr1,1607,1,1,96723519,0.7986379,True,False,False,,259,1625,3
collision_o2_g0_n1000000_r1,collision,timing_ovr2,1607,1,2,96723519,0.6988347,True,False,False,,4233,1409,3
collision_o2_g0_n1000000_r1,collision,timing_ovr1_eager,1607,1,3,96723519,0.7993611,True,False,False,,168,1630,9
collision_o2_g0_n1000000_r1,collision,T=100,1607,1,4,96723519,0.839833,True,False,False,,58395,191,1
collision_o2_g0_n1000000_r1,collision,T=250,1607,1,5,96723519,0.6717663,True,False,False,,21980,778,1
collision_o2_g0_n1000000_r1,collision,T=400,1607,1,6,96723519,0.7131189,True,False,False,,8862,1201,1
collision_o2_g0_n1000000_r1,collision,cost_model_cold,1607,1,7,96723519,0.691452,True,False,False,,22032,777,1
collision_o2_g0_n1000000_r1,collision,cost_model_warm,1607,1,8,96723519,0.5624568,True,False,False,,9030,1194,1
collision_o2_g0_n1000000_r1,collision,timing_ovr1,1608,0,0,96723519,0.9171719,True,False,False,,413,1617,3
collision_o2_g0_n1000000_r1,collision,timing_ovr2,1608,0,1,96723519,0.8768548,True,False,False,,1104,1576,3
collision_o2_g0_n1000000_r1,collision,timing_ovr1_eager,1608,0,2,96723519,0.8574177,True,False,False,,183,1630,9
collision_o2_g0_n1000000_r1,collision,T=100,1608,0,3,96723519,0.8306794,True,False,False,,58782,191,1
collision_o2_g0_n1000000_r1,collision,T=250,1608,0,4,96723519,0.6814033,True,False,False,,22141,778,1
collision_o2_g0_n1000000_r1,collision,T=400,1608,0,5,96723519,0.7276532,True,False,False,,8963,1201,1
collision_o2_g0_n1000000_r1,collision,cost_model_cold,1608,0,6,96723519,0.6696523,True,False,False,,22191,777,1
collision_o2_g0_n1000000_r1,collision,cost_model_warm,1608,0,7,96723519,0.7109696,True,False,False,,9124,1194,1
collision_o2_g0_n1000000_r1,collision,timing,1608,0,8,96723519,0.7250261,True,False,False,,24576,722,9
collision_o2_g0_n1000000_r1,collision,timing_ovr2,1608,1,0,96723519,0.7051788,True,False,False,,481,1613,3
collision_o2_g0_n1000000_r1,collision,timing_ovr1_eager,1608,1,1,96723519,0.8781982,True,False,False,,235,1628,15
collision_o2_g0_n1000000_r1,collision,T=100,1608,1,2,96723519,0.8155954,True,False,False,,58782,191,1
collision_o2_g0_n1000000_r1,collision,T=250,1608,1,3,96723519,0.6243522,True,False,False,,22141,778,1
collision_o2_g0_n1000000_r1,collision,T=400,1608,1,4,96723519,0.5718422,True,False,False,,8963,1201,1
collision_o2_g0_n1000000_r1,collision,cost_model_cold,1608,1,5,96723519,0.7097685,True,False,False,,22191,777,1
collision_o2_g0_n1000000_r1,collision,cost_model_warm,1608,1,6,96723519,0.560997,True,False,False,,9124,1194,1
collision_o2_g0_n1000000_r1,collision,timing,1608,1,7,96723519,0.7383549,True,False,False,,8631,1216,5
collision_o2_g0_n1000000_r1,collision,timing_ovr1,1608,1,8,96723519,0.7063236,True,False,False,,480,1613,7
collision_o2_g1_n1000000_r05,collision,timing_ovr1_eager,1601,0,0,74055041,0.5899426,True,False,False,,73,1330,9
collision_o2_g1_n1000000_r05,collision,T=100,1601,0,1,74055041,0.7035784,True,False,False,,38674,439,1
collision_o2_g1_n1000000_r05,collision,T=250,1601,0,2,74055041,0.5868024,True,False,False,,9867,953,1
collision_o2_g1_n1000000_r05,collision,T=400,1601,0,3,74055041,0.6781023,True,False,False,,928,1288,1
collision_o2_g1_n1000000_r05,collision,cost_model_cold,1601,0,4,74055041,0.6176679,True,False,False,,3297,1185,1
collision_o2_g1_n1000000_r05,collision,cost_model_warm,1601,0,5,74055041,0.7100845,True,False,False,,1,1333,1
collision_o2_g1_n1000000_r05,collision,timing,1601,0,6,74055041,0.7239494,True,False,False,,10271,1010,13
collision_o2_g1_n1000000_r05,collision,timing_ovr1,1601,0,7,74055041,0.6345532,True,False,False,,280,1319,3
collision_o2_g1_n1000000_r05,collision,timing_ovr2,1601,0,8,74055041,0.5940271,True,False,False,,1033,1284,3
collision_o2_g1_n1000000_r05,collision,T=100,1601,1,0,74055041,0.9943099,True,False,False,,38674,439,1
collision_o2_g1_n1000000_r05,collision,T=250,1601,1,1,74055041,0.6694517,True,False,False,,9867,953,1
collision_o2_g1_n1000000_r05,collision,T=400,1601,1,2,74055041,0.7074788,True,False,False,,928,1288,1
collision_o2_g1_n1000000_r05,collision,cost_model_cold,1601,1,3,74055041,0.619651,True,False,False,,3297,1185,1
collision_o2_g1_n1000000_r05,collision,cost_model_warm,1601,1,4,74055041,0.5763061,True,False,False,,1,1333,1
collision_o2_g1_n1000000_r05,collision,timing,1601,1,5,74055041,0.6619782,True,False,False,,3234,1198,5
collision_o2_g1_n1000000_r05,collision,timing_ovr1,1601,1,6,74055041,0.6874416,True,False,False,,313,1318,9
collision_o2_g1_n1000000_r05,collision,timing_ovr2,1601,1,7,74055041,0.60393,True,False,False,,486,1310,3
collision_o2_g1_n1000000_r05,collision,timing_ovr1_eager,1601,1,8,74055041,0.6527439,True,False,False,,71,1330,7
collision_o2_g1_n1000000_r05,collision,T=250,1602,0,0,74055041,0.5387588,True,False,False,,9955,953,1
collision_o2_g1_n1000000_r05,collision,T=400,1602,0,1,74055041,0.6360134,True,False,False,,946,1288,1
collision_o2_g1_n1000000_r05,collision,cost_model_cold,1602,0,2,74055041,0.5790536,True,False,False,,3374,1185,1
collision_o2_g1_n1000000_r05,collision,cost_model_warm,1602,0,3,74055041,0.6661547,True,False,False,,1,1333,1
collision_o2_g1_n1000000_r05,collision,timing,1602,0,4,74055041,0.6218227,True,False,False,,3076,1197,3
collision_o2_g1_n1000000_r05,collision,timing_ovr1,1602,0,5,74055041,0.6126861,True,False,False,,271,1320,5
collision_o2_g1_n1000000_r05,collision,timing_ovr2,1602,0,6,74055041,0.6516097,True,False,False,,784,1297,7
collision_o2_g1_n1000000_r05,collision,timing_ovr1_eager,1602,0,7,74055041,0.6497499,True,False,False,,461,1311,17
collision_o2_g1_n1000000_r05,collision,T=100,1602,0,8,74055041,0.969839,True,False,False,,38646,439,1
collision_o2_g1_n1000000_r05,collision,T=400,1602,1,0,74055041,0.7348759,True,False,False,,946,1288,1
collision_o2_g1_n1000000_r05,collision,cost_model_cold,1602,1,1,74055041,0.5875821,True,False,False,,3374,1185,1
collision_o2_g1_n1000000_r05,collision,cost_model_warm,1602,1,2,74055041,0.5911242,True,False,False,,1,1333,1
collision_o2_g1_n1000000_r05,collision,timing,1602,1,3,74055041,0.6640394,True,False,False,,8005,1017,5
collision_o2_g1_n1000000_r05,collision,timing_ovr1,1602,1,4,74055041,0.6251068,True,False,False,,260,1320,5
collision_o2_g1_n1000000_r05,collision,timing_ovr2,1602,1,5,74055041,0.6663664,True,False,False,,267,1320,3
collision_o2_g1_n1000000_r05,collision,timing_ovr1_eager,1602,1,6,74055041,0.6424635,True,False,False,,112,1327,11
collision_o2_g1_n1000000_r05,collision,T=100,1602,1,7,74055041,0.8926863,True,False,False,,38646,439,1
collision_o2_g1_n1000000_r05,collision,T=250,1602,1,8,74055041,0.5865834,True,False,False,,9955,953,1
collision_o2_g1_n1000000_r05,collision,cost_model_cold,1603,0,0,74055041,0.679156,True,False,False,,3298,1185,1
collision_o2_g1_n1000000_r05,collision,cost_model_warm,1603,0,1,74055041,0.6678561,True,False,False,,1,1333,1
collision_o2_g1_n1000000_r05,collision,timing,1603,0,2,74055041,0.6766805,True,False,False,,2008,1243,9
collision_o2_g1_n1000000_r05,collision,timing_ovr1,1603,0,3,74055041,0.6365975,True,False,False,,256,1320,1
collision_o2_g1_n1000000_r05,collision,timing_ovr2,1603,0,4,74055041,0.7069939,True,False,False,,541,1307,7
collision_o2_g1_n1000000_r05,collision,timing_ovr1_eager,1603,0,5,74055041,0.7221338,True,False,False,,85,1329,7
collision_o2_g1_n1000000_r05,collision,T=100,1603,0,6,74055041,0.9301126,True,False,False,,38638,439,1
collision_o2_g1_n1000000_r05,collision,T=250,1603,0,7,74055041,0.6959181,True,False,False,,9870,953,1
collision_o2_g1_n1000000_r05,collision,T=400,1603,0,8,74055041,0.641733,True,False,False,,913,1289,1
collision_o2_g1_n1000000_r05,collision,cost_model_warm,1603,1,0,74055041,0.6170209,True,False,False,,1,1333,1
collision_o2_g1_n1000000_r05,collision,timing,1603,1,1,74055041,0.6521344,True,False,False,,8466,1005,7
collision_o2_g1_n1000000_r05,collision,timing_ovr1,1603,1,2,74055041,0.6039718,True,False,False,,258,1320,3
collision_o2_g1_n1000000_r05,collision,timing_ovr2,1603,1,3,74055041,0.5727005,True,False,False,,1003,1285,3
collision_o2_g1_n1000000_r05,collision,timing_ovr1_eager,1603,1,4,74055041,0.7313469,True,False,False,,79,1329,9
collision_o2_g1_n1000000_r05,collision,T=100,1603,1,5,74055041,1.080388,True,False,False,,38638,439,1
collision_o2_g1_n1000000_r05,collision,T=250,1603,1,6,74055041,0.6452115,True,False,False,,9870,953,1
collision_o2_g1_n1000000_r05,collision,T=400,1603,1,7,74055041,0.669275,True,False,False,,913,1289,1
collision_o2_g1_n1000000_r05,collision,cost_model_cold,1603,1,8,74055041,0.680044,True,False,False,,3298,1185,1
collision_o2_g1_n1000000_r05,collision,timing,1604,0,0,74055041,0.6867525,True,False,False,,2989,1202,5
collision_o2_g1_n1000000_r05,collision,timing_ovr1,1604,0,1,74055041,0.6113495,True,False,False,,275,1320,3
collision_o2_g1_n1000000_r05,collision,timing_ovr2,1604,0,2,74055041,0.6300882,True,False,False,,553,1308,9
collision_o2_g1_n1000000_r05,collision,timing_ovr1_eager,1604,0,3,74055041,0.608776,True,False,False,,92,1329,11
collision_o2_g1_n1000000_r05,collision,T=100,1604,0,4,74055041,0.9124463,True,False,False,,38637,439,1
collision_o2_g1_n1000000_r05,collision,T=250,1604,0,5,74055041,0.671298,True,False,False,,9787,953,1
collision_o2_g1_n1000000_r05,collision,T=400,1604,0,6,74055041,0.6805692,True,False,False,,922,1289,1
collision_o2_g1_n1000000_r05,collision,cost_model_cold,1604,0,7,74055041,0.5605301,True,False,False,,3276,1185,1
collision_o2_g1_n1000000_r05,collision,cost_model_warm,1604,0,8,74055041,0.6161999,True,False,False,,1,1333,1
collision_o2_g1_n1000000_r05,collision,timing_ovr1,1604,1,0,74055041,0.5740751,True,False,False,,260,1321,5
collision_o2_g1_n1000000_r05,collision,timing_ovr2,1604,1,1,74055041,0.6503608,True,False,False,,599,1304,9
collision_o2_g1_n1000000_r05,collision,timing_ovr1_eager,1604,1,2,74055041,0.6067045,True,False,False,,91,1329,7
collision_o2_g1_n1000000_r05,collision,T=100,1604,1,3,74055041,0.8885102,True,False,False,,38637,439,1
collision_o2_g1_n1000000_r05,collision,T=250,1604,1,4,74055041,0.7175896,True,False,False,,9787,953,1
collision_o2_g1_n1000000_r05,collision,T=400,1604,1,5,74055041,0.7202474,True,False,False,,922,1289,1
collision_o2_g1_n1000000_r05,collision,cost_model_cold,1604,1,6,74055041,0.6673254,True,False,False,,3276,1185,1
collision_o2_g1_n1000000_r05,collision,cost_model_warm,1604,1,7,74055041,0.7376998,True,False,False,,1,1333,1
collision_o2_g1_n1000000_r05,collision,timing,1604,1,8,74055041,0.6528963,True,False,False,,2878,1202,3
collision_o2_g1_n1000000_r05,collision,timing_ovr2,1605,0,0,74055041,0.7502223,True,False,False,,352,1316,3
collision_o2_g1_n1000000_r05,collision,timing_ovr1_eager,1605,0,1,74055041,0.5982187,True,False,False,,80,1329,9
collision_o2_g1_n1000000_r05,collision,T=100,1605,0,2,74055041,0.9600868,True,False,False,,38759,439,1
collision_o2_g1_n1000000_r05,collision,T=250,1605,0,3,74055041,0.6972283,True,False,False,,9867,953,1
collision_o2_g1_n1000000_r05,collision,T=400,1605,0,4,74055041,0.6465504,True,False,False,,941,1289,1
collision_o2_g1_n1000000_r05,collision,cost_model_cold,1605,0,5,74055041,0.5824416,True,False,False,,3299,1184,1
collision_o2_g1_n1000000_r05,collision,cost_model_warm,1605,0,6,74055041,0.6709555,True,False,False,,1,1333,1
collision_o2_g1_n1000000_r05,collision,timing,1605,0,7,74055041,0.6082069,True,False,False,,1986,1241,3
collision_o2_g1_n1000000_r05,collision,timing_ovr1,1605,0,8,74055041,0.597947,True,False,False,,265,1320,5
collision_o2_g1_n1000000_r05,collision,timing_ovr1_eager,1605,1,0,74055041,0.6933316,True,False,False,,79,1330,11
collision_o2_g1_n1000000_r05,collision,T=100,1605,1,1,74055041,0.8769552,True,False,False,,38759,439,1
collision_o2_g1_n1000000_r05,collision,T=250,1605,1,2,74055041,0.6305098,True,False,False,,9867,953,1
collision_o2_g1_n1000000_r05,collision,T=400,1605,1,3,74055041,0.6726669,True,False,False,,941,1289,1
collision_o2_g1_n1000000_r05,collision,cost_model_cold,1605,1,4,74055041,0.6281744,True,False,False,,3299,1184,1
collision_o2_g1_n1000000_r05,collision,cost_model_warm,1605,1,5,74055041,0.7262411,True,False,False,,1,1333,1
collision_o2_g1_n1000000_r05,collision,timing,1605,1,6,74055041,0.6718885,True,False,False,,395,1314,3
collision_o2_g1_n1000000_r05,collision,timing_ovr1,1605,1,7,74055041,0.6725382,True,False,False,,256,1320,1
collision_o2_g1_n1000000_r05,collision,timing_ovr2,1605,1,8,74055041,0.8703614,True,False,False,,14050,1051,15
collision_o2_g1_n1000000_r05,collision,T=100,1606,0,0,74055041,0.977389,True,False,False,,38762,440,1
collision_o2_g1_n1000000_r05,collision,T=250,1606,0,1,74055041,0.702166,True,False,False,,9942,953,1
collision_o2_g1_n1000000_r05,collision,T=400,1606,0,2,74055041,0.5836333,True,False,False,,945,1288,1
collision_o2_g1_n1000000_r05,collision,cost_model_cold,1606,0,3,74055041,0.6903326,True,False,False,,3318,1184,1
collision_o2_g1_n1000000_r05,collision,cost_model_warm,1606,0,4,74055041,0.6629671,True,False,False,,1,1333,1
collision_o2_g1_n1000000_r05,collision,timing,1606,0,5,74055041,0.6980445,True,False,False,,4130,1152,3
collision_o2_g1_n1000000_r05,collision,timing_ovr1,1606,0,6,74055041,0.6371269,True,False,False,,264,1320,3
collision_o2_g1_n1000000_r05,collision,timing_ovr2,1606,0,7,74055041,0.7440808,True,False,False,,486,1310,3
collision_o2_g1_n1000000_r05,collision,timing_ovr1_eager,1606,0,8,74055041,0.7541196,True,False,False,,112,1328,15
collision_o2_g1_n1000000_r05,collision,T=250,1606,1,0,74055041,0.7627275,True,False,False,,9942,953,1
collision_o2_g1_n1000000_r05,collision,T=400,1606,1,1,74055041,0.6899215,True,False,False,,945,1288,1
collision_o2_g1_n1000000_r05,collision,cost_model_cold,1606,1,2,74055041,0.6691891,True,False,False,,3318,1184,1
collision_o2_g1_n1000000_r05,collision,cost_model_warm,1606,1,3,74055041,0.6354188,True,False,False,,1,1333,1
collision_o2_g1_n1000000_r05,collision,timing,1606,1,4,74055041,0.8076205,True,False,False,,10157,1009,11
collision_o2_g1_n1000000_r05,collision,timing_ovr1,1606,1,5,74055041,0.700445,True,False,False,,273,1320,9
collision_o2_g1_n1000000_r05,collision,timing_ovr2,1606,1,6,74055041,0.6682784,True,False,False,,800,1296,9
collision_o2_g1_n1000000_r05,collision,timing_ovr1_eager,1606,1,7,74055041,0.7657202,True,False,False,,91,1329,11
collision_o2_g1_n1000000_r05,collision,T=100,1606,1,8,74055041,1.0702063,True,False,False,,38762,440,1
collision_o2_g1_n1000000_r05,collision,T=400,1607,0,0,74055041,0.7412519,True,False,False,,911,1288,1
collision_o2_g1_n1000000_r05,collision,cost_model_cold,1607,0,1,74055041,0.7176054,True,False,False,,3286,1184,1
collision_o2_g1_n1000000_r05,collision,cost_model_warm,1607,0,2,74055041,0.6833446,True,False,False,,1,1333,1
collision_o2_g1_n1000000_r05,collision,timing,1607,0,3,74055041,0.5979124,True,False,False,,4116,1160,7
collision_o2_g1_n1000000_r05,collision,timing_ovr1,1607,0,4,74055041,0.5166948,True,False,False,,271,1320,5
collision_o2_g1_n1000000_r05,collision,timing_ovr2,1607,0,5,74055041,0.7091109,True,False,False,,1616,1257,3
collision_o2_g1_n1000000_r05,collision,timing_ovr1_eager,1607,0,6,74055041,0.70341,True,False,False,,80,1329,9
collision_o2_g1_n1000000_r05,collision,T=100,1607,0,7,74055041,1.1281698,True,False,False,,38649,439,1
collision_o2_g1_n1000000_r05,collision,T=250,1607,0,8,74055041,0.6902289,True,False,False,,9838,953,1
collision_o2_g1_n1000000_r05,collision,cost_model_cold,1607,1,0,74055041,0.6983385,True,False,False,,3286,1184,1
collision_o2_g1_n1000000_r05,collision,cost_model_warm,1607,1,1,74055041,0.6821196,True,False,False,,1,1333,1
collision_o2_g1_n1000000_r05,collision,timing,1607,1,2,74055041,0.7555828,True,False,False,,4120,1174,5
collision_o2_g1_n1000000_r05,collision,timing_ovr1,1607,1,3,74055041,0.698528,True,False,False,,265,1320,9
collision_o2_g1_n1000000_r05,collision,timing_ovr2,1607,1,4,74055041,0.7096086,True,False,False,,2095,1237,5
collision_o2_g1_n1000000_r05,collision,timing_ovr1_eager,1607,1,5,74055041,0.694975,True,False,False,,84,1329,9
collision_o2_g1_n1000000_r05,collision,T=100,1607,1,6,74055041,1.0623015,True,False,False,,38649,439,1
collision_o2_g1_n1000000_r05,collision,T=250,1607,1,7,74055041,0.7846567,True,False,False,,9838,953,1
collision_o2_g1_n1000000_r05,collision,T=400,1607,1,8,74055041,0.6199336,True,False,False,,911,1288,1
collision_o2_g1_n1000000_r05,collision,cost_model_warm,1608,0,0,74055041,0.7767543,True,False,False,,1,1333,1
collision_o2_g1_n1000000_r05,collision,timing,1608,0,1,74055041,0.7005001,True,False,False,,3789,1166,3
collision_o2_g1_n1000000_r05,collision,timing_ovr1,1608,0,2,74055041,0.7482105,True,False,False,,262,1320,5
collision_o2_g1_n1000000_r05,collision,timing_ovr2,1608,0,3,74055041,0.7753884,True,False,False,,510,1309,3
collision_o2_g1_n1000000_r05,collision,timing_ovr1_eager,1608,0,4,74055041,0.7193148,True,False,False,,106,1328,13
collision_o2_g1_n1000000_r05,collision,T=100,1608,0,5,74055041,1.0908597,True,False,False,,38914,439,1
collision_o2_g1_n1000000_r05,collision,T=250,1608,0,6,74055041,0.7052905,True,False,False,,9944,953,1
collision_o2_g1_n1000000_r05,collision,T=400,1608,0,7,74055041,0.7259954,True,False,False,,941,1288,1
collision_o2_g1_n1000000_r05,collision,cost_model_cold,1608,0,8,74055041,0.6628225,True,False,False,,3327,1184,1
collision_o2_g1_n1000000_r05,collision,timing,1608,1,0,74055041,0.7907247,True,False,False,,10759,935,5
collision_o2_g1_n1000000_r05,collision,timing_ovr1,1608,1,1,74055041,0.6605847,True,False,False,,266,1320,9
collision_o2_g1_n1000000_r05,collision,timing_ovr2,1608,1,2,74055041,0.6886878,True,False,False,,1520,1262,3
collision_o2_g1_n1000000_r05,collision,timing_ovr1_eager,1608,1,3,74055041,0.6620157,True,False,False,,97,1328,11
collision_o2_g1_n1000000_r05,collision,T=100,1608,1,4,74055041,1.0314198,True,False,False,,38914,439,1
collision_o2_g1_n1000000_r05,collision,T=250,1608,1,5,74055041,0.6900065,True,False,False,,9944,953,1
collision_o2_g1_n1000000_r05,collision,T=400,1608,1,6,74055041,0.6832809,True,False,False,,941,1288,1
collision_o2_g1_n1000000_r05,collision,cost_model_cold,1608,1,7,74055041,0.66059,True,False,False,,3327,1184,1
collision_o2_g1_n1000000_r05,collision,cost_model_warm,1608,1,8,74055041,0.6468594,True,False,False,,1,1333,1
collision_o2_g2_n1000000_r05,collision,timing_ovr1,1601,0,0,117099030,1.0964541,True,False,False,,268,1565,5
collision_o2_g2_n1000000_r05,collision,timing_ovr2,1601,0,1,117099030,1.0719463,True,False,False,,436,1558,5
collision_o2_g2_n1000000_r05,collision,timing_ovr1_eager,1601,0,2,117099030,0.930566,True,False,False,,73,1574,9
collision_o2_g2_n1000000_r05,collision,T=100,1601,0,3,117099030,1.7667135,True,False,False,,55806,583,1
collision_o2_g2_n1000000_r05,collision,T=250,1601,0,4,117099030,1.0989299,True,False,False,,14393,1131,1
collision_o2_g2_n1000000_r05,collision,T=400,1601,0,5,117099030,1.1699677,True,False,False,,2737,1467,1
collision_o2_g2_n1000000_r05,collision,cost_model_cold,1601,0,6,117099030,1.1591608,True,False,False,,3396,1442,1
collision_o2_g2_n1000000_r05,collision,cost_model_warm,1601,0,7,117099030,1.2031318,True,False,False,,1,1576,1
collision_o2_g2_n1000000_r05,collision,timing,1601,0,8,117099030,1.0915483,True,False,False,,3108,1454,3
collision_o2_g2_n1000000_r05,collision,timing_ovr2,1601,1,0,117099030,1.1233522,True,False,False,,500,1555,9
collision_o2_g2_n1000000_r05,collision,timing_ovr1_eager,1601,1,1,117099030,1.1058381,True,False,False,,83,1573,19
collision_o2_g2_n1000000_r05,collision,T=100,1601,1,2,117099030,2.0446953,True,False,False,,55806,583,1
collision_o2_g2_n1000000_r05,collision,T=250,1601,1,3,117099030,1.2721178,True,False,False,,14393,1131,1
collision_o2_g2_n1000000_r05,collision,T=400,1601,1,4,117099030,1.1414735,True,False,False,,2737,1467,1
collision_o2_g2_n1000000_r05,collision,cost_model_cold,1601,1,5,117099030,1.0755667,True,False,False,,3396,1442,1
collision_o2_g2_n1000000_r05,collision,cost_model_warm,1601,1,6,117099030,1.1962997,True,False,False,,1,1576,1
collision_o2_g2_n1000000_r05,collision,timing,1601,1,7,117099030,1.0723484,True,False,False,,1593,1511,3
collision_o2_g2_n1000000_r05,collision,timing_ovr1,1601,1,8,117099030,1.0785033,True,False,False,,270,1565,7
collision_o2_g2_n1000000_r05,collision,timing_ovr1_eager,1602,0,0,117099030,1.0854678,True,False,False,,86,1572,15
collision_o2_g2_n1000000_r05,collision,T=100,1602,0,1,117099030,1.8603306,True,False,False,,55764,583,1
collision_o2_g2_n1000000_r05,collision,T=250,1602,0,2,117099030,1.2343638,True,False,False,,14415,1131,1
collision_o2_g2_n1000000_r05,collision,T=400,1602,0,3,117099030,1.1210523,True,False,False,,2763,1467,1
collision_o2_g2_n1000000_r05,collision,cost_model_cold,1602,0,4,117099030,1.1324641,True,False,False,,3475,1442,1
collision_o2_g2_n1000000_r05,collision,cost_model_warm,1602,0,5,117099030,1.0954306,True,False,False,,1,1576,1
collision_o2_g2_n1000000_r05,collision,timing,1602,0,6,117099030,1.1158722,True,False,False,,449,1557,3
collision_o2_g2_n1000000_r05,collision,timing_ovr1,1602,0,7,117099030,1.2105383,True,False,False,,262,1565,7
collision_o2_g2_n1000000_r05,collision,timing_ovr2,1602,0,8,117099030,1.1494537,True,False,False,,1223,1527,11
collision_o2_g2_n1000000_r05,collision,T=100,1602,1,0,117099030,1.8210097,True,False,False,,55764,583,1
collision_o2_g2_n1000000_r05,collision,T=250,1602,1,1,117099030,1.1390904,True,False,False,,14415,1131,1
collision_o2_g2_n1000000_r05,collision,T=400,1602,1,2,117099030,1.1436559,True,False,False,,2763,1467,1
collision_o2_g2_n1000000_r05,collision,cost_model_cold,1602,1,3,117099030,1.0777378,True,False,False,,3475,1442,1
collision_o2_g2_n1000000_r05,collision,cost_model_warm,1602,1,4,117099030,1.0780583,True,False,False,,1,1576,1
collision_o2_g2_n1000000_r05,collision,timing,1602,1,5,117099030,1.1442117,True,False,False,,1169,1529,3
collision_o2_g2_n1000000_r05,collision,timing_ovr1,1602,1,6,117099030,0.927984,True,False,False,,258,1565,3
collision_o2_g2_n1000000_r05,collision,timing_ovr2,1602,1,7,117099030,1.1635512,True,False,False,,461,1557,3
collision_o2_g2_n1000000_r05,collision,timing_ovr1_eager,1602,1,8,117099030,1.1155636,True,False,False,,103,1572,21
collision_o2_g2_n1000000_r05,collision,T=250,1603,0,0,117099030,1.2250566,True,False,False,,14384,1131,1
collision_o2_g2_n1000000_r05,collision,T=400,1603,0,1,117099030,1.0733049,True,False,False,,2705,1467,1
collision_o2_g2_n1000000_r05,collision,cost_model_cold,1603,0,2,117099030,1.1147707,True,False,False,,3390,1442,1
collision_o2_g2_n1000000_r05,collision,cost_model_warm,1603,0,3,117099030,0.9742582,True,False,False,,1,1576,1
collision_o2_g2_n1000000_r05,collision,timing,1603,0,4,117099030,1.0995281,True,False,False,,5953,1356,3
collision_o2_g2_n1000000_r05,collision,timing_ovr1,1603,0,5,117099030,1.1006294,True,False,False,,256,1565,1
collision_o2_g2_n1000000_r05,collision,timing_ovr2,1603,0,6,117099030,1.1556013,True,False,False,,1070,1531,3
collision_o2_g2_n1000000_r05,collision,timing_ovr1_eager,1603,0,7,117099030,1.1716822,True,False,False,,84,1573,15
collision_o2_g2_n1000000_r05,collision,T=100,1603,0,8,117099030,2.1055968,True,False,False,,55769,583,1
collision_o2_g2_n1000000_r05,collision,T=400,1603,1,0,117099030,0.9936788,True,False,False,,2705,1467,1
collision_o2_g2_n1000000_r05,collision,cost_model_cold,1603,1,1,117099030,0.9012373,True,False,False,,3390,1442,1
collision_o2_g2_n1000000_r05,collision,cost_model_warm,1603,1,2,117099030,1.0415283,True,False,False,,1,1576,1
collision_o2_g2_n1000000_r05,collision,timing,1603,1,3,117099030,1.0182873,True,False,False,,7741,1306,7
collision_o2_g2_n1000000_r05,collision,timing_ovr1,1603,1,4,117099030,0.9885221,True,False,False,,258,1565,3
collision_o2_g2_n1000000_r05,collision,timing_ovr2,1603,1,5,117099030,0.991322,True,False,False,,757,1544,3
collision_o2_g2_n1000000_r05,collision,timing_ovr1_eager,1603,1,6,117099030,0.9353311,True,False,False,,82,1573,13
collision_o2_g2_n1000000_r05,collision,T=100,1603,1,7,117099030,1.6890025,True,False,False,,55769,583,1
collision_o2_g2_n1000000_r05,collision,T=250,1603,1,8,117099030,1.0697508,True,False,False,,14384,1131,1
collision_o2_g2_n1000000_r05,collision,cost_model_cold,1604,0,0,117099030,0.9735811,True,False,False,,3386,1442,1
collision_o2_g2_n1000000_r05,collision,cost_model_warm,1604,0,1,117099030,1.1368544,True,False,False,,1,1576,1
collision_o2_g2_n1000000_r05,collision,timing,1604,0,2,117099030,1.1009941,True,False,False,,279,1565,3
collision_o2_g2_n1000000_r05,collision,timing_ovr1,1604,0,3,117099030,1.201034,True,False,False,,260,1566,5
collision_o2_g2_n1000000_r05,collision,timing_ovr2,1604,0,4,117099030,1.1536748,True,False,False,,1118,1530,7
collision_o2_g2_n1000000_r05,collision,timing_ovr1_eager,1604,0,5,117099030,1.1541263,True,False,False,,129,1571,17
collision_o2_g2_n1000000_r05,collision,T=100,1604,0,6,117099030,1.9086916,True,False,False,,55762,583,1
collision_o2_g2_n1000000_r05,collision,T=250,1604,0,7,117099030,1.1827982,True,False,False,,14271,1131,1
collision_o2_g2_n1000000_r05,collision,T=400,1604,0,8,117099030,1.0718031,True,False,False,,2704,1467,1
collision_o2_g2_n1000000_r05,collision,cost_model_warm,1604,1,0,117099030,1.1597786,True,False,False,,1,1576,1
collision_o2_g2_n1000000_r05,collision,timing,1604,1,1,117099030,1.1994909,True,False,False,,16697,1097,9
collision_o2_g2_n1000000_r05,collision,timing_ovr1,1604,1,2,117099030,1.1887469,True,False,False,,260,1566,5
collision_o2_g2_n1000000_r05,collision,timing_ovr2,1604,1,3,117099030,1.1321036,True,False,False,,1957,1499,5
collision_o2_g2_n1000000_r05,collision,timing_ovr1_eager,1604,1,4,117099030,1.06445,True,False,False,,81,1573,9
collision_o2_g2_n1000000_r05,collision,T=100,1604,1,5,117099030,1.9083305,True,False,False,,55762,583,1
collision_o2_g2_n1000000_r05,collision,T=250,1604,1,6,117099030,1.1786296,True,False,False,,14271,1131,1
collision_o2_g2_n1000000_r05,collision,T=400,1604,1,7,117099030,1.1792564,True,False,False,,2704,1467,1
collision_o2_g2_n1000000_r05,collision,cost_model_cold,1604,1,8,117099030,1.2405135,True,False,False,,3386,1442,1
collision_o2_g2_n1000000_r05,collision,timing,1605,0,0,117099030,1.0881446,True,False,False,,5905,1357,3
collision_o2_g2_n1000000_r05,collision,timing_ovr1,1605,0,1,117099030,1.1626852,True,False,False,,395,1563,3
collision_o2_g2_n1000000_r05,collision,timing_ovr2,1605,0,2,117099030,1.0961804,True,False,False,,395,1559,3
collision_o2_g2_n1000000_r05,collision,timing_ovr1_eager,1605,0,3,117099030,1.1197322,True,False,False,,89,1573,13
collision_o2_g2_n1000000_r05,collision,T=100,1605,0,4,117099030,1.8880123,True,False,False,,55797,583,1
collision_o2_g2_n1000000_r05,collision,T=250,1605,0,5,117099030,1.2083032,True,False,False,,14395,1131,1
collision_o2_g2_n1000000_r05,collision,T=400,1605,0,6,117099030,1.1792713,True,False,False,,2719,1467,1
collision_o2_g2_n1000000_r05,collision,cost_model_cold,1605,0,7,117099030,1.2284209,True,False,False,,3403,1442,1
collision_o2_g2_n1000000_r05,collision,cost_model_warm,1605,0,8,117099030,1.2890439,True,False,False,,1,1576,1
collision_o2_g2_n1000000_r05,collision,timing_ovr1,1605,1,0,117099030,1.1601328,True,False,False,,260,1566,3
collision_o2_g2_n1000000_r05,collision,timing_ovr2,1605,1,1,117099030,1.1461851,True,False,False,,532,1554,5
collision_o2_g2_n1000000_r05,collision,timing_ovr1_eager,1605,1,2,117099030,1.1710483,True,False,False,,85,1573,13
collision_o2_g2_n1000000_r05,collision,T=100,1605,1,3,117099030,1.8870966,True,False,False,,55797,583,1
collision_o2_g2_n1000000_r05,collision,T=250,1605,1,4,117099030,1.1923024,True,False,False,,14395,1131,1
collision_o2_g2_n1000000_r05,collision,T=400,1605,1,5,117099030,1.16059,True,False,False,,2719,1467,1
collision_o2_g2_n1000000_r05,collision,cost_model_cold,1605,1,6,117099030,1.2087098,True,False,False,,3403,1442,1
collision_o2_g2_n1000000_r05,collision,cost_model_warm,1605,1,7,117099030,1.1821604,True,False,False,,1,1576,1
collision_o2_g2_n1000000_r05,collision,timing,1605,1,8,117099030,1.1246565,True,False,False,,5198,1380,5
collision_o2_g2_n1000000_r05,collision,timing_ovr2,1606,0,0,117099030,1.2167505,True,False,False,,830,1542,3
collision_o2_g2_n1000000_r05,collision,timing_ovr1_eager,1606,0,1,117099030,1.0614252,True,False,False,,103,1572,17
collision_o2_g2_n1000000_r05,collision,T=100,1606,0,2,117099030,1.5313096,True,False,False,,55846,583,1
collision_o2_g2_n1000000_r05,collision,T=250,1606,0,3,117099030,1.1453066,True,False,False,,14407,1131,1
collision_o2_g2_n1000000_r05,collision,T=400,1606,0,4,117099030,0.948071,True,False,False,,2736,1467,1
collision_o2_g2_n1000000_r05,collision,cost_model_cold,1606,0,5,117099030,0.9892434,True,False,False,,3415,1442,1
collision_o2_g2_n1000000_r05,collision,cost_model_warm,1606,0,6,117099030,1.0238117,True,False,False,,1,1576,1
collision_o2_g2_n1000000_r05,collision,timing,1606,0,7,117099030,0.9644246,True,False,False,,10405,1229,5
collision_o2_g2_n1000000_r05,collision,timing_ovr1,1606,0,8,117099030,1.0166167,True,False,False,,290,1564,9
collision_o2_g2_n1000000_r05,collision,timing_ovr1_eager,1606,1,0,117099030,0.9406495,True,False,False,,75,1573,11
collision_o2_g2_n1000000_r05,collision,T=100,1606,1,1,117099030,1.5173058,True,False,False,,55846,583,1
collision_o2_g2_n1000000_r05,collision,T=250,1606,1,2,117099030,1.0972658,True,False,False,,14407,1131,1
collision_o2_g2_n1000000_r05,collision,T=400,1606,1,3,117099030,1.0304967,True,False,False,,2736,1467,1
collision_o2_g2_n1000000_r05,collision,cost_model_cold,1606,1,4,117099030,0.9813661,True,False,False,,3415,1442,1
collision_o2_g2_n1000000_r05,collision,cost_model_warm,1606,1,5,117099030,0.9668158,True,False,False,,1,1576,1
collision_o2_g2_n1000000_r05,collision,timing,1606,1,6,117099030,1.0833901,True,False,False,,4706,1398,9
collision_o2_g2_n1000000_r05,collision,timing_ovr1,1606,1,7,117099030,0.9248793,True,False,False,,286,1564,7
collision_o2_g2_n1000000_r05,collision,timing_ovr2,1606,1,8,117099030,1.0227252,True,False,False,,399,1560,3
collision_o2_g2_n1000000_r05,collision,T=100,1607,0,0,117099030,1.701129,True,False,False,,55739,583,1
collision_o2_g2_n1000000_r05,collision,T=250,1607,0,1,117099030,1.0625742,True,False,False,,14346,1131,1
collision_o2_g2_n1000000_r05,collision,T=400,1607,0,2,117099030,0.9119344,True,False,False,,2692,1467,1
collision_o2_g2_n1000000_r05,collision,cost_model_cold,1607,0,3,117099030,1.0336634,True,False,False,,3386,1442,1
collision_o2_g2_n1000000_r05,collision,cost_model_warm,1607,0,4,117099030,0.9909017,True,False,False,,1,1576,1
collision_o2_g2_n1000000_r05,collision,timing,1607,0,5,117099030,1.0684565,True,False,False,,6730,1335,7
collision_o2_g2_n1000000_r05,collision,timing_ovr1,1607,0,6,117099030,0.9419625,True,False,False,,258,1565,3
collision_o2_g2_n1000000_r05,collision,timing_ovr2,1607,0,7,117099030,0.9884883,True,False,False,,945,1536,7
collision_o2_g2_n1000000_r05,collision,timing_ovr1_eager,1607,0,8,117099030,0.9643538,True,False,False,,78,1573,11
collision_o2_g2_n1000000_r05,collision,T=250,1607,1,0,117099030,1.0451093,True,False,False,,14346,1131,1
collision_o2_g2_n1000000_r05,collision,T=400,1607,1,1,117099030,0.9363729,True,False,False,,2692,1467,1
collision_o2_g2_n1000000_r05,collision,cost_model_cold,1607,1,2,117099030,0.9509366,True,False,False,,3386,1442,1
collision_o2_g2_n1000000_r05,collision,cost_model_warm,1607,1,3,117099030,1.0805196,True,False,False,,1,1576,1
collision_o2_g2_n1000000_r05,collision,timing,1607,1,4,117099030,1.0065723,True,False,False,,259,1565,3
collision_o2_g2_n1000000_r05,collision,timing_ovr1,1607,1,5,117099030,1.0112895,True,False,False,,258,1565,3
collision_o2_g2_n1000000_r05,collision,timing_ovr2,1607,1,6,117099030,0.8172773,True,False,False,,979,1535,9
collision_o2_g2_n1000000_r05,collision,timing_ovr1_eager,1607,1,7,117099030,1.0065518,True,False,False,,99,1572,25
collision_o2_g2_n1000000_r05,collision,T=100,1607,1,8,117099030,1.5384139,True,False,False,,55739,583,1
collision_o2_g2_n1000000_r05,collision,T=400,1608,0,0,117099030,0.9941499,True,False,False,,2721,1467,1
collision_o2_g2_n1000000_r05,collision,cost_model_cold,1608,0,1,117099030,0.915862,True,False,False,,3424,1442,1
collision_o2_g2_n1000000_r05,collision,cost_model_warm,1608,0,2,117099030,0.9082307,True,False,False,,1,1576,1
collision_o2_g2_n1000000_r05,collision,timing,1608,0,3,117099030,1.1986018,True,False,False,,20782,1012,9
collision_o2_g2_n1000000_r05,collision,timing_ovr1,1608,0,4,117099030,1.0274337,True,False,False,,290,1564,11
collision_o2_g2_n1000000_r05,collision,timing_ovr2,1608,0,5,117099030,1.0651093,True,False,False,,875,1540,9
collision_o2_g2_n1000000_r05,collision,timing_ovr1_eager,1608,0,6,117099030,1.0069216,True,False,False,,87,1573,13
collision_o2_g2_n1000000_r05,collision,T=100,1608,0,7,117099030,1.672711,True,False,False,,56019,583,1
collision_o2_g2_n1000000_r05,collision,T=250,1608,0,8,117099030,1.1423276,True,False,False,,14489,1131,1
collision_o2_g2_n1000000_r05,collision,cost_model_cold,1608,1,0,117099030,0.9253491,True,False,False,,3424,1442,1
collision_o2_g2_n1000000_r05,collision,cost_model_warm,1608,1,1,117099030,1.0282148,True,False,False,,1,1576,1
collision_o2_g2_n1000000_r05,collision,timing,1608,1,2,117099030,0.9489461,True,False,False,,691,1547,3
collision_o2_g2_n1000000_r05,collision,timing_ovr1,1608,1,3,117099030,0.9762122,True,False,False,,277,1564,3
collision_o2_g2_n1000000_r05,collision,timing_ovr2,1608,1,4,117099030,1.095405,True,False,False,,840,1543,11
collision_o2_g2_n1000000_r05,collision,timing_ovr1_eager,1608,1,5,117099030,1.1877169,True,False,False,,85,1573,13
collision_o2_g2_n1000000_r05,collision,T=100,1608,1,6,117099030,1.7833976,True,False,False,,56019,583,1
collision_o2_g2_n1000000_r05,collision,T=250,1608,1,7,117099030,1.2269615,True,False,False,,14489,1131,1
collision_o2_g2_n1000000_r05,collision,T=400,1608,1,8,117099030,1.1394802,True,False,False,,2721,1467,1
oregonator_n1e5,oregonator,cost_model_warm,1601,0,0,100000,0.2377045,True,False,False,,1,15309,1
oregonator_n1e5,oregonator,timing,1601,0,1,100000,0.2273571,True,False,False,,960,14758,7
oregonator_n1e5,oregonator,timing_ovr1,1601,0,2,100000,0.3094033,True,False,False,,7,18670,7
oregonator_n1e5,oregonator,timing_ovr2,1601,0,3,100000,0.3327564,True,False,False,,82,18694,7
oregonator_n1e5,oregonator,timing_ovr1_eager,1601,0,4,100000,0.2262983,True,False,False,,43,11068,43
oregonator_n1e5,oregonator,T=100,1601,0,5,100000,0.299262,True,False,False,,1,15309,1
oregonator_n1e5,oregonator,T=250,1601,0,6,100000,0.2519339,True,False,False,,1,15309,1
oregonator_n1e5,oregonator,T=400,1601,0,7,100000,0.2671899,True,False,False,,1,15309,1
oregonator_n1e5,oregonator,cost_model_cold,1601,0,8,100000,0.260063,True,False,False,,1,15309,1
oregonator_n1e5,oregonator,timing,1601,1,0,100000,0.3940053,True,False,False,,1311,17506,13
oregonator_n1e5,oregonator,timing_ovr1,1601,1,1,100000,0.3484721,True,False,False,,150,18216,7
oregonator_n1e5,oregonator,timing_ovr2,1601,1,2,100000,0.329682,True,False,False,,7,18561,7
oregonator_n1e5,oregonator,timing_ovr1_eager,1601,1,3,100000,0.1886032,True,False,False,,43,11068,43
oregonator_n1e5,oregonator,T=100,1601,1,4,100000,0.2564999,True,False,False,,1,15309,1
oregonator_n1e5,oregonator,T=250,1601,1,5,100000,0.2430151,True,False,False,,1,15309,1
oregonator_n1e5,oregonator,T=400,1601,1,6,100000,0.3093768,True,False,False,,1,15309,1
oregonator_n1e5,oregonator,cost_model_cold,1601,1,7,100000,0.233289,True,False,False,,1,15309,1
oregonator_n1e5,oregonator,cost_model_warm,1601,1,8,100000,0.3007293,True,False,False,,1,15309,1
oregonator_n1e5,oregonator,timing_ovr1,1602,0,0,100000,0.3107244,True,False,False,,804,17287,7
oregonator_n1e5,oregonator,timing_ovr2,1602,0,1,100000,0.2562131,True,False,False,,9,17399,7
oregonator_n1e5,oregonator,timing_ovr1_eager,1602,0,2,100000,0.2306633,True,False,False,,53,13314,53
oregonator_n1e5,oregonator,T=100,1602,0,3,100000,0.3089407,True,False,False,,1,18414,1
oregonator_n1e5,oregonator,T=250,1602,0,4,100000,0.3479943,True,False,False,,1,18414,1
oregonator_n1e5,oregonator,T=400,1602,0,5,100000,0.2922422,True,False,False,,1,18414,1
oregonator_n1e5,oregonator,cost_model_cold,1602,0,6,100000,0.3554074,True,False,False,,1,18414,1
oregonator_n1e5,oregonator,cost_model_warm,1602,0,7,100000,0.2817279,True,False,False,,1,18414,1
oregonator_n1e5,oregonator,timing,1602,0,8,100000,0.334864,True,False,False,,3944,18083,11
oregonator_n1e5,oregonator,timing_ovr2,1602,1,0,100000,0.2110275,True,False,False,,5,17412,5
oregonator_n1e5,oregonator,timing_ovr1_eager,1602,1,1,100000,0.231637,True,False,False,,53,13314,53
oregonator_n1e5,oregonator,T=100,1602,1,2,100000,0.3249865,True,False,False,,1,18414,1
oregonator_n1e5,oregonator,T=250,1602,1,3,100000,0.2675306,True,False,False,,1,18414,1
oregonator_n1e5,oregonator,T=400,1602,1,4,100000,0.3443066,True,False,False,,1,18414,1
oregonator_n1e5,oregonator,cost_model_cold,1602,1,5,100000,0.3516219,True,False,False,,1,18414,1
oregonator_n1e5,oregonator,cost_model_warm,1602,1,6,100000,0.2886043,True,False,False,,1,18414,1
oregonator_n1e5,oregonator,timing,1602,1,7,100000,0.2737282,True,False,False,,5,17412,5
oregonator_n1e5,oregonator,timing_ovr1,1602,1,8,100000,0.3265483,True,False,False,,5,17412,5
oregonator_n1e5,oregonator,timing_ovr1_eager,1603,0,0,100000,0.2638283,True,False,False,,61,15478,61
oregonator_n1e5,oregonator,T=100,1603,0,1,100000,0.1843024,True,False,False,,1,13595,1
oregonator_n1e5,oregonator,T=250,1603,0,2,100000,0.2368426,True,False,False,,1,13595,1
oregonator_n1e5,oregonator,T=400,1603,0,3,100000,0.2150269,True,False,False,,1,13595,1
oregonator_n1e5,oregonator,cost_model_cold,1603,0,4,100000,0.2217743,True,False,False,,1,13595,1
oregonator_n1e5,oregonator,cost_model_warm,1603,0,5,100000,0.2397972,True,False,False,,1,13595,1
oregonator_n1e5,oregonator,timing,1603,0,6,100000,0.201982,True,False,False,,104,11417,9
oregonator_n1e5,oregonator,timing_ovr1,1603,0,7,100000,0.2287593,True,False,False,,7,13090,7
oregonator_n1e5,oregonator,timing_ovr2,1603,0,8,100000,0.1991,True,False,False,,296,11836,7
oregonator_n1e5,oregonator,T=100,1603,1,0,100000,0.1884751,True,False,False,,1,13595,1
oregonator_n1e5,oregonator,T=250,1603,1,1,100000,0.2594304,True,False,False,,1,13595,1
oregonator_n1e5,oregonator,T=400,1603,1,2,100000,0.2571396,True,False,False,,1,13595,1
oregonator_n1e5,oregonator,cost_model_cold,1603,1,3,100000,0.1964031,True,False,False,,1,13595,1
oregonator_n1e5,oregonator,cost_model_warm,1603,1,4,100000,0.256112,True,False,False,,1,13595,1
oregonator_n1e5,oregonator,timing,1603,1,5,100000,0.1914335,True,False,False,,49,12434,9
oregonator_n1e5,oregonator,timing_ovr1,1603,1,6,100000,0.3065895,True,False,False,,4372,15291,7
oregonator_n1e5,oregonator,timing_ovr2,1603,1,7,100000,0.2852553,True,False,False,,15,15469,9
oregonator_n1e5,oregonator,timing_ovr1_eager,1603,1,8,100000,0.2166497,True,False,False,,60,14450,59
oregonator_n1e5,oregonator,T=250,1604,0,0,100000,0.3602065,True,False,False,,1,22505,1
oregonator_n1e5,oregonator,T=400,1604,0,1,100000,0.4123258,True,False,False,,1,22505,1
oregonator_n1e5,oregonator,cost_model_cold,1604,0,2,100000,0.3395789,True,False,False,,1,22505,1
oregonator_n1e5,oregonator,cost_model_warm,1604,0,3,100000,0.3425141,True,False,False,,1,22505,1
oregonator_n1e5,oregonator,timing,1604,0,4,100000,0.3611113,True,False,False,,61,21721,7
oregonator_n1e5,oregonator,timing_ovr1,1604,0,5,100000,0.3834419,True,False,False,,5,22029,5
oregonator_n1e5,oregonator,timing_ovr2,1604,0,6,100000,0.3565463,True,False,False,,5,22029,5
oregonator_n1e5,oregonator,timing_ovr1_eager,1604,0,7,100000,0.3480524,True,False,False,,77,19834,77
oregonator_n1e5,oregonator,T=100,1604,0,8,100000,0.3486209,True,False,False,,1,22505,1
oregonator_n1e5,oregonator,T=400,1604,1,0,100000,0.3873524,True,False,False,,1,22505,1
oregonator_n1e5,oregonator,cost_model_cold,1604,1,1,100000,0.4113114,True,False,False,,1,22505,1
oregonator_n1e5,oregonator,cost_model_warm,1604,1,2,100000,0.3175081,True,False,False,,1,22505,1
oregonator_n1e5,oregonator,timing,1604,1,3,100000,0.4166395,True,False,False,,452,21702,7
oregonator_n1e5,oregonator,timing_ovr1,1604,1,4,100000,0.3981069,True,False,False,,5,22029,5
oregonator_n1e5,oregonator,timing_ovr2,1604,1,5,100000,0.261351,True,False,False,,5,22029,5
oregonator_n1e5,oregonator,timing_ovr1_eager,1604,1,6,100000,0.3782428,True,False,False,,2020,22421,101
oregonator_n1e5,oregonator,T=100,1604,1,7,100000,0.3320771,True,False,False,,1,22505,1
oregonator_n1e5,oregonator,T=250,1604,1,8,100000,0.3351957,True,False,False,,1,22505,1
oregonator_n1e5,oregonator,cost_model_cold,1605,0,0,100000,0.2597047,True,False,False,,1,14564,1
oregonator_n1e5,oregonator,cost_model_warm,1605,0,1,100000,0.2110034,True,False,False,,1,14564,1
oregonator_n1e5,oregonator,timing,1605,0,2,100000,0.2827801,True,False,False,,5913,12055,13
oregonator_n1e5,oregonator,timing_ovr1,1605,0,3,100000,0.1764633,True,False,False,,3,12234,3
oregonator_n1e5,oregonator,timing_ovr2,1605,0,4,100000,0.1669642,True,False,False,,3,12234,3
oregonator_n1e5,oregonator,timing_ovr1_eager,1605,0,5,100000,0.1634169,True,False,False,,59,14797,59
oregonator_n1e5,oregonator,T=100,1605,0,6,100000,0.1985144,True,False,False,,1,14564,1
oregonator_n1e5,oregonator,T=250,1605,0,7,100000,0.2904608,True,False,False,,1,14564,1
oregonator_n1e5,oregonator,T=400,1605,0,8,100000,0.2495044,True,False,False,,1,14564,1
oregonator_n1e5,oregonator,cost_model_warm,1605,1,0,100000,0.2186827,True,False,False,,1,14564,1
oregonator_n1e5,oregonator,timing,1605,1,1,100000,0.1528193,True,False,False,,5,13200,5
oregonator_n1e5,oregonator,timing_ovr1,1605,1,2,100000,0.2300465,True,False,False,,3,12234,3
oregonator_n1e5,oregonator,timing_ovr2,1605,1,3,100000,0.2221849,True,False,False,,366,11713,5
oregonator_n1e5,oregonator,timing_ovr1_eager,1605,1,4,100000,0.1845328,True,False,False,,51,12824,51
oregonator_n1e5,oregonator,T=100,1605,1,5,100000,0.2853773,True,False,False,,1,14564,1
oregonator_n1e5,oregonator,T=250,1605,1,6,100000,0.2291282,True,False,False,,1,14564,1
oregonator_n1e5,oregonator,T=400,1605,1,7,100000,0.2617364,True,False,False,,1,14564,1
oregonator_n1e5,oregonator,cost_model_cold,1605,1,8,100000,0.2108078,True,False,False,,1,14564,1
oregonator_n1e5,oregonator,timing,1606,0,0,100000,0.2085419,True,False,False,,3,13629,3
oregonator_n1e5,oregonator,timing_ovr1,1606,0,1,100000,0.1997221,True,False,False,,3,13629,3
oregonator_n1e5,oregonator,timing_ovr2,1606,0,2,100000,0.250549,True,False,False,,3,13629,3
oregonator_n1e5,oregonator,timing_ovr1_eager,1606,0,3,100000,0.333107,True,False,False,,61,15424,61
oregonator_n1e5,oregonator,T=100,1606,0,4,100000,0.2097828,True,False,False,,1,15234,1
oregonator_n1e5,oregonator,T=250,1606,0,5,100000,0.2411767,True,False,False,,1,15234,1
oregonator_n1e5,oregonator,T=400,1606,0,6,100000,0.2819979,True,False,False,,1,15234,1
oregonator_n1e5,oregonator,cost_model_cold,1606,0,7,100000,0.2749963,True,False,False,,1,15234,1
oregonator_n1e5,oregonator,cost_model_warm,1606,0,8,100000,0.2990976,True,False,False,,1,15234,1
oregonator_n1e5,oregonator,timing_ovr1,1606,1,0,100000,0.205691,True,False,False,,3,13629,3
oregonator_n1e5,oregonator,timing_ovr2,1606,1,1,100000,0.209135,True,False,False,,3,13629,3
oregonator_n1e5,oregonator,timing_ovr1_eager,1606,1,2,100000,0.1695864,True,False,False,,86,14036,57
oregonator_n1e5,oregonator,T=100,1606,1,3,100000,0.2663655,True,False,False,,1,15234,1
oregonator_n1e5,oregonator,T=250,1606,1,4,100000,0.2426813,True,False,False,,1,15234,1
oregonator_n1e5,oregonator,T=400,1606,1,5,100000,0.2398887,True,False,False,,1,15234,1
oregonator_n1e5,oregonator,cost_model_cold,1606,1,6,100000,0.2706163,True,False,False,,1,15234,1
oregonator_n1e5,oregonator,cost_model_warm,1606,1,7,100000,0.2718397,True,False,False,,1,15234,1
oregonator_n1e5,oregonator,timing,1606,1,8,100000,0.2061433,True,False,False,,3,13629,3
oregonator_n1e5,oregonator,timing_ovr2,1607,0,0,100000,0.2504062,True,False,False,,3,13559,3
oregonator_n1e5,oregonator,timing_ovr1_eager,1607,0,1,100000,0.2201516,True,False,False,,49,12423,49
oregonator_n1e5,oregonator,T=100,1607,0,2,100000,0.1947017,True,False,False,,1,12863,1
oregonator_n1e5,oregonator,T=250,1607,0,3,100000,0.2292522,True,False,False,,1,12863,1
oregonator_n1e5,oregonator,T=400,1607,0,4,100000,0.2317183,True,False,False,,1,12863,1
oregonator_n1e5,oregonator,cost_model_cold,1607,0,5,100000,0.18358,True,False,False,,1,12863,1
oregonator_n1e5,oregonator,cost_model_warm,1607,0,6,100000,0.2158071,True,False,False,,1,12863,1
oregonator_n1e5,oregonator,timing,1607,0,7,100000,0.263863,True,False,False,,3,13559,3
oregonator_n1e5,oregonator,timing_ovr1,1607,0,8,100000,0.2463767,True,False,False,,3,13559,3
oregonator_n1e5,oregonator,timing_ovr1_eager,1607,1,0,100000,0.2157979,True,False,False,,49,12423,49
oregonator_n1e5,oregonator,T=100,1607,1,1,100000,0.1932783,True,False,False,,1,12863,1
oregonator_n1e5,oregonator,T=250,1607,1,2,100000,0.2252484,True,False,False,,1,12863,1
oregonator_n1e5,oregonator,T=400,1607,1,3,100000,0.1951084,True,False,False,,1,12863,1
oregonator_n1e5,oregonator,cost_model_cold,1607,1,4,100000,0.212332,True,False,False,,1,12863,1
oregonator_n1e5,oregonator,cost_model_warm,1607,1,5,100000,0.197415,True,False,False,,1,12863,1
oregonator_n1e5,oregonator,timing,1607,1,6,100000,0.2087338,True,False,False,,3,13559,3
oregonator_n1e5,oregonator,timing_ovr1,1607,1,7,100000,0.2579759,True,False,False,,3,13559,3
oregonator_n1e5,oregonator,timing_ovr2,1607,1,8,100000,0.2320866,True,False,False,,3,13559,3
oregonator_n1e5,oregonator,T=100,1608,0,0,100000,0.2462905,True,False,False,,1,15548,1
oregonator_n1e5,oregonator,T=250,1608,0,1,100000,0.2362632,True,False,False,,1,15548,1
oregonator_n1e5,oregonator,T=400,1608,0,2,100000,0.2676987,True,False,False,,1,15548,1
oregonator_n1e5,oregonator,cost_model_cold,1608,0,3,100000,0.2926995,True,False,False,,1,15548,1
oregonator_n1e5,oregonator,cost_model_warm,1608,0,4,100000,0.2864259,True,False,False,,1,15548,1
oregonator_n1e5,oregonator,timing,1608,0,5,100000,0.1165695,True,False,False,,25,11991,5
oregonator_n1e5,oregonator,timing_ovr1,1608,0,6,100000,0.226657,True,False,False,,7,14123,7
oregonator_n1e5,oregonator,timing_ovr2,1608,0,7,100000,0.3626161,True,False,False,,772,19062,7
oregonator_n1e5,oregonator,timing_ovr1_eager,1608,0,8,100000,0.2933476,True,False,False,,67,16887,67
oregonator_n1e5,oregonator,T=250,1608,1,0,100000,0.2441763,True,False,False,,1,15548,1
oregonator_n1e5,oregonator,T=400,1608,1,1,100000,0.245931,True,False,False,,1,15548,1
oregonator_n1e5,oregonator,cost_model_cold,1608,1,2,100000,0.2577198,True,False,False,,1,15548,1
oregonator_n1e5,oregonator,cost_model_warm,1608,1,3,100000,0.2684012,True,False,False,,1,15548,1
oregonator_n1e5,oregonator,timing,1608,1,4,100000,0.2093784,True,False,False,,263,14039,5
oregonator_n1e5,oregonator,timing_ovr1,1608,1,5,100000,0.1563825,True,False,False,,3,13442,3
oregonator_n1e5,oregonator,timing_ovr2,1608,1,6,100000,0.1871427,True,False,False,,7,12163,7
oregonator_n1e5,oregonator,timing_ovr1_eager,1608,1,7,100000,0.2057993,True,False,False,,67,16887,67
oregonator_n1e5,oregonator,T=100,1608,1,8,100000,0.2668375,True,False,False,,1,15548,1
brusselator_n2e4,brusselator,T=400,1601,0,0,20000,0.1582626,True,False,False,,1,5442,1
brusselator_n2e4,brusselator,cost_model_cold,1601,0,1,20000,0.1152024,True,False,False,,1,5442,1
brusselator_n2e4,brusselator,cost_model_warm,1601,0,2,20000,0.1820369,True,False,False,,1,5442,1
brusselator_n2e4,brusselator,timing,1601,0,3,20000,0.1908484,True,False,False,,256,5489,1
brusselator_n2e4,brusselator,timing_ovr1,1601,0,4,20000,0.1426697,True,False,False,,256,5489,1
brusselator_n2e4,brusselator,timing_ovr2,1601,0,5,20000,0.1765193,True,False,False,,256,5489,1
brusselator_n2e4,brusselator,timing_ovr1_eager,1601,0,6,20000,0.1888134,True,False,False,,84,5455,21
brusselator_n2e4,brusselator,T=100,1601,0,7,20000,0.134763,True,False,False,,1,5442,1
brusselator_n2e4,brusselator,T=250,1601,0,8,20000,0.1863574,True,False,False,,1,5442,1
brusselator_n2e4,brusselator,cost_model_cold,1601,1,0,20000,0.1316322,True,False,False,,1,5442,1
brusselator_n2e4,brusselator,cost_model_warm,1601,1,1,20000,0.1327233,True,False,False,,1,5442,1
brusselator_n2e4,brusselator,timing,1601,1,2,20000,0.1535379,True,False,False,,256,5489,1
brusselator_n2e4,brusselator,timing_ovr1,1601,1,3,20000,0.124765,True,False,False,,256,5489,1
brusselator_n2e4,brusselator,timing_ovr2,1601,1,4,20000,0.162826,True,False,False,,256,5489,1
brusselator_n2e4,brusselator,timing_ovr1_eager,1601,1,5,20000,0.1466677,True,False,False,,84,5455,21
brusselator_n2e4,brusselator,T=100,1601,1,6,20000,0.1551813,True,False,False,,1,5442,1
brusselator_n2e4,brusselator,T=250,1601,1,7,20000,0.1419172,True,False,False,,1,5442,1
brusselator_n2e4,brusselator,T=400,1601,1,8,20000,0.1528026,True,False,False,,1,5442,1
brusselator_n2e4,brusselator,cost_model_warm,1602,0,0,20000,0.1690984,True,False,False,,1,5463,1
brusselator_n2e4,brusselator,timing,1602,0,1,20000,0.1570214,True,False,False,,256,5472,1
brusselator_n2e4,brusselator,timing_ovr1,1602,0,2,20000,0.1912928,True,False,False,,256,5472,1
brusselator_n2e4,brusselator,timing_ovr2,1602,0,3,20000,0.1768407,True,False,False,,256,5472,1
brusselator_n2e4,brusselator,timing_ovr1_eager,1602,0,4,20000,0.1843304,True,False,False,,84,5488,21
brusselator_n2e4,brusselator,T=100,1602,0,5,20000,0.1585655,True,False,False,,1,5463,1
brusselator_n2e4,brusselator,T=250,1602,0,6,20000,0.1177857,True,False,False,,1,5463,1
brusselator_n2e4,brusselator,T=400,1602,0,7,20000,0.1653742,True,False,False,,1,5463,1
brusselator_n2e4,brusselator,cost_model_cold,1602,0,8,20000,0.1391773,True,False,False,,1,5463,1
brusselator_n2e4,brusselator,timing,1602,1,0,20000,0.1302854,True,False,False,,256,5472,1
brusselator_n2e4,brusselator,timing_ovr1,1602,1,1,20000,0.1817256,True,False,False,,256,5472,1
brusselator_n2e4,brusselator,timing_ovr2,1602,1,2,20000,0.1490499,True,False,False,,256,5472,1
brusselator_n2e4,brusselator,timing_ovr1_eager,1602,1,3,20000,0.1801302,True,False,False,,84,5488,21
brusselator_n2e4,brusselator,T=100,1602,1,4,20000,0.1249186,True,False,False,,1,5463,1
brusselator_n2e4,brusselator,T=250,1602,1,5,20000,0.1692995,True,False,False,,1,5463,1
brusselator_n2e4,brusselator,T=400,1602,1,6,20000,0.1810533,True,False,False,,1,5463,1
brusselator_n2e4,brusselator,cost_model_cold,1602,1,7,20000,0.174695,True,False,False,,1,5463,1
brusselator_n2e4,brusselator,cost_model_warm,1602,1,8,20000,0.1439518,True,False,False,,1,5463,1
brusselator_n2e4,brusselator,timing_ovr1,1603,0,0,20000,0.1236782,True,False,False,,256,5453,1
brusselator_n2e4,brusselator,timing_ovr2,1603,0,1,20000,0.1357089,True,False,False,,256,5453,1
brusselator_n2e4,brusselator,timing_ovr1_eager,1603,0,2,20000,0.1491811,True,False,False,,84,5472,21
brusselator_n2e4,brusselator,T=100,1603,0,3,20000,0.16154,True,False,False,,1,5457,1
brusselator_n2e4,brusselator,T=250,1603,0,4,20000,0.1487214,True,False,False,,1,5457,1
brusselator_n2e4,brusselator,T=400,1603,0,5,20000,0.1397607,True,False,False,,1,5457,1
brusselator_n2e4,brusselator,cost_model_cold,1603,0,6,20000,0.1598705,True,False,False,,1,5457,1
brusselator_n2e4,brusselator,cost_model_warm,1603,0,7,20000,0.1050806,True,False,False,,1,5457,1
brusselator_n2e4,brusselator,timing,1603,0,8,20000,0.0851572,True,False,False,,256,5453,1
brusselator_n2e4,brusselator,timing_ovr2,1603,1,0,20000,0.1626802,True,False,False,,256,5453,1
brusselator_n2e4,brusselator,timing_ovr1_eager,1603,1,1,20000,0.1542401,True,False,False,,84,5472,21
brusselator_n2e4,brusselator,T=100,1603,1,2,20000,0.1319702,True,False,False,,1,5457,1
brusselator_n2e4,brusselator,T=250,1603,1,3,20000,0.1402992,True,False,False,,1,5457,1
brusselator_n2e4,brusselator,T=400,1603,1,4,20000,0.1290911,True,False,False,,1,5457,1
brusselator_n2e4,brusselator,cost_model_cold,1603,1,5,20000,0.1634582,True,False,False,,1,5457,1
brusselator_n2e4,brusselator,cost_model_warm,1603,1,6,20000,0.1249409,True,False,False,,1,5457,1
brusselator_n2e4,brusselator,timing,1603,1,7,20000,0.1958569,True,False,False,,256,5453,1
brusselator_n2e4,brusselator,timing_ovr1,1603,1,8,20000,0.1500119,True,False,False,,256,5453,1
brusselator_n2e4,brusselator,timing_ovr1_eager,1604,0,0,20000,0.1621998,True,False,False,,84,5481,21
brusselator_n2e4,brusselator,T=100,1604,0,1,20000,0.0865932,True,False,False,,1,5475,1
brusselator_n2e4,brusselator,T=250,1604,0,2,20000,0.1142027,True,False,False,,1,5475,1
brusselator_n2e4,brusselator,T=400,1604,0,3,20000,0.1575439,True,False,False,,1,5475,1
brusselator_n2e4,brusselator,cost_model_cold,1604,0,4,20000,0.1585118,True,False,False,,1,5475,1
brusselator_n2e4,brusselator,cost_model_warm,1604,0,5,20000,0.1642052,True,False,False,,1,5475,1
brusselator_n2e4,brusselator,timing,1604,0,6,20000,0.1683181,True,False,False,,256,5451,1
brusselator_n2e4,brusselator,timing_ovr1,1604,0,7,20000,0.1598723,True,False,False,,256,5451,1
brusselator_n2e4,brusselator,timing_ovr2,1604,0,8,20000,0.1824411,True,False,False,,256,5451,1
brusselator_n2e4,brusselator,T=100,1604,1,0,20000,0.1585944,True,False,False,,1,5475,1
brusselator_n2e4,brusselator,T=250,1604,1,1,20000,0.1403306,True,False,False,,1,5475,1
brusselator_n2e4,brusselator,T=400,1604,1,2,20000,0.112381,True,False,False,,1,5475,1
brusselator_n2e4,brusselator,cost_model_cold,1604,1,3,20000,0.1914537,True,False,False,,1,5475,1
brusselator_n2e4,brusselator,cost_model_warm,1604,1,4,20000,0.1835427,True,False,False,,1,5475,1
brusselator_n2e4,brusselator,timing,1604,1,5,20000,0.1345092,True,False,False,,256,5451,1
brusselator_n2e4,brusselator,timing_ovr1,1604,1,6,20000,0.1040311,True,False,False,,256,5451,1
brusselator_n2e4,brusselator,timing_ovr2,1604,1,7,20000,0.1894364,True,False,False,,256,5451,1
brusselator_n2e4,brusselator,timing_ovr1_eager,1604,1,8,20000,0.1689343,True,False,False,,84,5481,21
brusselator_n2e4,brusselator,T=250,1605,0,0,20000,0.1247618,True,False,False,,1,5497,1
brusselator_n2e4,brusselator,T=400,1605,0,1,20000,0.1228906,True,False,False,,1,5497,1
brusselator_n2e4,brusselator,cost_model_cold,1605,0,2,20000,0.1743521,True,False,False,,1,5497,1
brusselator_n2e4,brusselator,cost_model_warm,1605,0,3,20000,0.1368805,True,False,False,,1,5497,1
brusselator_n2e4,brusselator,timing,1605,0,4,20000,0.1580337,True,False,False,,256,5472,1
brusselator_n2e4,brusselator,timing_ovr1,1605,0,5,20000,0.1519102,True,False,False,,256,5472,1
brusselator_n2e4,brusselator,timing_ovr2,1605,0,6,20000,0.1414039,True,False,False,,256,5472,1
brusselator_n2e4,brusselator,timing_ovr1_eager,1605,0,7,20000,0.1081497,True,False,False,,84,5470,21
brusselator_n2e4,brusselator,T=100,1605,0,8,20000,0.1604151,True,False,False,,1,5497,1
brusselator_n2e4,brusselator,T=400,1605,1,0,20000,0.1848651,True,False,False,,1,5497,1
brusselator_n2e4,brusselator,cost_model_cold,1605,1,1,20000,0.2007092,True,False,False,,1,5497,1
brusselator_n2e4,brusselator,cost_model_warm,1605,1,2,20000,0.1732152,True,False,False,,1,5497,1
brusselator_n2e4,brusselator,timing,1605,1,3,20000,0.1147491,True,False,False,,256,5472,1
brusselator_n2e4,brusselator,timing_ovr1,1605,1,4,20000,0.1785432,True,False,False,,256,5472,1
brusselator_n2e4,brusselator,timing_ovr2,1605,1,5,20000,0.1438262,True,False,False,,256,5472,1
brusselator_n2e4,brusselator,timing_ovr1_eager,1605,1,6,20000,0.1771902,True,False,False,,84,5470,21
brusselator_n2e4,brusselator,T=100,1605,1,7,20000,0.1147736,True,False,False,,1,5497,1
brusselator_n2e4,brusselator,T=250,1605,1,8,20000,0.1516007,True,False,False,,1,5497,1
brusselator_n2e4,brusselator,cost_model_cold,1606,0,0,20000,0.1363452,True,False,False,,1,5469,1
brusselator_n2e4,brusselator,cost_model_warm,1606,0,1,20000,0.1746005,True,False,False,,1,5469,1
brusselator_n2e4,brusselator,timing,1606,0,2,20000,0.1803924,True,False,False,,256,5468,1
brusselator_n2e4,brusselator,timing_ovr1,1606,0,3,20000,0.1448088,True,False,False,,256,5468,1
brusselator_n2e4,brusselator,timing_ovr2,1606,0,4,20000,0.1642638,True,False,False,,256,5468,1
brusselator_n2e4,brusselator,timing_ovr1_eager,1606,0,5,20000,0.1913123,True,False,False,,84,5466,21
brusselator_n2e4,brusselator,T=100,1606,0,6,20000,0.1480484,True,False,False,,1,5469,1
brusselator_n2e4,brusselator,T=250,1606,0,7,20000,0.1092259,True,False,False,,1,5469,1
brusselator_n2e4,brusselator,T=400,1606,0,8,20000,0.1432767,True,False,False,,1,5469,1
brusselator_n2e4,brusselator,cost_model_warm,1606,1,0,20000,0.145734,True,False,False,,1,5469,1
brusselator_n2e4,brusselator,timing,1606,1,1,20000,0.1402468,True,False,False,,256,5468,1
brusselator_n2e4,brusselator,timing_ovr1,1606,1,2,20000,0.1770358,True,False,False,,256,5468,1
brusselator_n2e4,brusselator,timing_ovr2,1606,1,3,20000,0.1551079,True,False,False,,256,5468,1
brusselator_n2e4,brusselator,timing_ovr1_eager,1606,1,4,20000,0.136885,True,False,False,,84,5466,21
brusselator_n2e4,brusselator,T=100,1606,1,5,20000,0.1802042,True,False,False,,1,5469,1
brusselator_n2e4,brusselator,T=250,1606,1,6,20000,0.1404453,True,False,False,,1,5469,1
brusselator_n2e4,brusselator,T=400,1606,1,7,20000,0.1611966,True,False,False,,1,5469,1
brusselator_n2e4,brusselator,cost_model_cold,1606,1,8,20000,0.1904219,True,False,False,,1,5469,1
brusselator_n2e4,brusselator,timing,1607,0,0,20000,0.1861607,True,False,False,,256,5463,1
brusselator_n2e4,brusselator,timing_ovr1,1607,0,1,20000,0.1344407,True,False,False,,256,5463,1
brusselator_n2e4,brusselator,timing_ovr2,1607,0,2,20000,0.163631,True,False,False,,256,5463,1
brusselator_n2e4,brusselator,timing_ovr1_eager,1607,0,3,20000,0.1335657,True,False,False,,84,5451,21
brusselator_n2e4,brusselator,T=100,1607,0,4,20000,0.1118488,True,False,False,,1,5461,1
brusselator_n2e4,brusselator,T=250,1607,0,5,20000,0.137375,True,False,False,,1,5461,1
brusselator_n2e4,brusselator,T=400,1607,0,6,20000,0.143965,True,False,False,,1,5461,1
brusselator_n2e4,brusselator,cost_model_cold,1607,0,7,20000,0.1826581,True,False,False,,1,5461,1
brusselator_n2e4,brusselator,cost_model_warm,1607,0,8,20000,0.1389575,True,False,False,,1,5461,1
brusselator_n2e4,brusselator,timing_ovr1,1607,1,0,20000,0.152328,True,False,False,,256,5463,1
brusselator_n2e4,brusselator,timing_ovr2,1607,1,1,20000,0.2008527,True,False,False,,256,5463,1
brusselator_n2e4,brusselator,timing_ovr1_eager,1607,1,2,20000,0.1271216,True,False,False,,84,5451,21
brusselator_n2e4,brusselator,T=100,1607,1,3,20000,0.1317322,True,False,False,,1,5461,1
brusselator_n2e4,brusselator,T=250,1607,1,4,20000,0.1368089,True,False,False,,1,5461,1
brusselator_n2e4,brusselator,T=400,1607,1,5,20000,0.1878026,True,False,False,,1,5461,1
brusselator_n2e4,brusselator,cost_model_cold,1607,1,6,20000,0.2185138,True,False,False,,1,5461,1
brusselator_n2e4,brusselator,cost_model_warm,1607,1,7,20000,0.1307371,True,False,False,,1,5461,1
brusselator_n2e4,brusselator,timing,1607,1,8,20000,0.1492976,True,False,False,,256,5463,1
brusselator_n2e4,brusselator,timing_ovr2,1608,0,0,20000,0.1661431,True,False,False,,256,5468,1
brusselator_n2e4,brusselator,timing_ovr1_eager,1608,0,1,20000,0.1716435,True,False,False,,84,5463,21
brusselator_n2e4,brusselator,T=100,1608,0,2,20000,0.1456422,True,False,False,,1,5473,1
brusselator_n2e4,brusselator,T=250,1608,0,3,20000,0.1244944,True,False,False,,1,5473,1
brusselator_n2e4,brusselator,T=400,1608,0,4,20000,0.1253361,True,False,False,,1,5473,1
brusselator_n2e4,brusselator,cost_model_cold,1608,0,5,20000,0.1201494,True,False,False,,1,5473,1
brusselator_n2e4,brusselator,cost_model_warm,1608,0,6,20000,0.1144243,True,False,False,,1,5473,1
brusselator_n2e4,brusselator,timing,1608,0,7,20000,0.1514575,True,False,False,,256,5468,1
brusselator_n2e4,brusselator,timing_ovr1,1608,0,8,20000,0.0944105,True,False,False,,256,5468,1
brusselator_n2e4,brusselator,timing_ovr1_eager,1608,1,0,20000,0.0909376,True,False,False,,84,5463,21
brusselator_n2e4,brusselator,T=100,1608,1,1,20000,0.0934013,True,False,False,,1,5473,1
brusselator_n2e4,brusselator,T=250,1608,1,2,20000,0.1448346,True,False,False,,1,5473,1
brusselator_n2e4,brusselator,T=400,1608,1,3,20000,0.1667368,True,False,False,,1,5473,1
brusselator_n2e4,brusselator,cost_model_cold,1608,1,4,20000,0.1757731,True,False,False,,1,5473,1
brusselator_n2e4,brusselator,cost_model_warm,1608,1,5,20000,0.1562975,True,False,False,,1,5473,1
brusselator_n2e4,brusselator,timing,1608,1,6,20000,0.1866001,True,False,False,,256,5468,1
brusselator_n2e4,brusselator,timing_ovr1,1608,1,7,20000,0.1601325,True,False,False,,256,5468,1
brusselator_n2e4,brusselator,timing_ovr2,1608,1,8,20000,0.1213568,True,False,False,,256,5468,1
