scenario,family,policy,seed,initial_n,elapsed_seconds,completed,timed_out,batch_calls,gillespie_calls,mode_switches,repeat
rossler_r05,rossler,timing,901,1513487,10.0000221,False,True,779263,628,202,0
rossler_r05,rossler,constant_250,901,1513487,10.0000128,False,True,740224,0,0,0
rossler_r05,rossler,constant_500,901,1513487,10.0000176,False,True,677637,1065,2,0
rossler_r05,rossler,cost_model_cold,901,1513487,10.00003,False,True,558064,0,0,0
rossler_r05,rossler,cost_model_warm,901,1513487,10.000021,False,True,427966,331,2,0
rossler_r05,rossler,cost_model_warm_x0.56,901,1513487,10.0000391,False,True,365352,0,0,0
rossler_r1,rossler,timing,901,6053948,10.000036,False,True,310466,82,82,0
rossler_r1,rossler,constant_250,901,6053948,10.0000397,False,True,299996,0,0,0
rossler_r1,rossler,constant_500,901,6053948,10.0000449,False,True,291929,0,0,0
rossler_r1,rossler,cost_model_cold,901,6053948,10.0000466,False,True,299195,0,0,0
rossler_r1,rossler,cost_model_warm,901,6053948,10.0000973,False,True,301947,0,0,0
rossler_r1,rossler,cost_model_warm_x0.56,901,6053948,10.0000807,False,True,298592,0,0,0
rossler_r2,rossler,timing,901,24215794,10.000018,False,True,263713,66,66,0
rossler_r2,rossler,constant_250,901,24215794,10.0000562,False,True,281798,0,0,0
rossler_r2,rossler,constant_500,901,24215794,10.0000117,False,True,283567,0,0,0
rossler_r2,rossler,cost_model_cold,901,24215794,10.0000137,False,True,290664,0,0,0
rossler_r2,rossler,cost_model_warm,901,24215794,10.0000151,False,True,289567,0,0,0
rossler_r2,rossler,cost_model_warm_x0.56,901,24215794,10.0000491,False,True,282682,0,0,0
dimerization_r05,dimerization,timing,901,7136178,0.2775599,True,False,11517,568,6,0
dimerization_r05,dimerization,constant_250,901,7136178,0.2967386,True,False,15200,0,0,0
dimerization_r05,dimerization,constant_500,901,7136178,0.2537419,True,False,1,2313,1,0
dimerization_r05,dimerization,cost_model_cold,901,7136178,0.2953635,True,False,15200,0,0,0
dimerization_r05,dimerization,cost_model_warm,901,7136178,0.2333546,True,False,1,2313,1,0
dimerization_r05,dimerization,cost_model_warm_x0.56,901,7136178,0.2697833,True,False,15200,0,0,0
dimerization_r1,dimerization,timing,901,28544713,0.5606508,True,False,30343,8,8,0
dimerization_r1,dimerization,constant_250,901,28544713,0.5569165,True,False,30453,0,0,0
dimerization_r1,dimerization,constant_500,901,28544713,0.5508989,True,False,30453,0,0,0
dimerization_r1,dimerization,cost_model_cold,901,28544713,0.5426518,True,False,30453,0,0,0
dimerization_r1,dimerization,cost_model_warm,901,28544713,0.5375696,True,False,30453,0,0,0
dimerization_r1,dimerization,cost_model_warm_x0.56,901,28544713,0.5835809,True,False,30453,0,0,0
dimerization_r2,dimerization,timing,901,114178853,1.200267,True,False,60945,16,16,0
dimerization_r2,dimerization,constant_250,901,114178853,1.1966946,True,False,60961,0,0,0
dimerization_r2,dimerization,constant_500,901,114178853,1.1729774,True,False,60961,0,0,0
dimerization_r2,dimerization,cost_model_cold,901,114178853,1.2006014,True,False,60961,0,0,0
dimerization_r2,dimerization,cost_model_warm,901,114178853,1.1986832,True,False,60961,0,0,0
dimerization_r2,dimerization,cost_model_warm_x0.56,901,114178853,1.1444695,True,False,60961,0,0,0
lotka_volterra_r05,lotka_volterra,timing,901,657186,1.4020187,True,False,75814,3756,50,0
lotka_volterra_r05,lotka_volterra,constant_250,901,657186,1.3199256,True,False,84695,0,0,0
lotka_volterra_r05,lotka_volterra,constant_500,901,657186,1.2681349,True,False,29660,21696,7,0
lotka_volterra_r05,lotka_volterra,cost_model_cold,901,657186,1.4378326,True,False,84695,0,0,0
lotka_volterra_r05,lotka_volterra,cost_model_warm,901,657186,1.243902,True,False,22330,24369,7,0
lotka_volterra_r05,lotka_volterra,cost_model_warm_x0.56,901,657186,1.4398497,True,False,84695,0,0,0
lotka_volterra_r1,lotka_volterra,timing,901,2628746,2.9114874,True,False,168964,248,66,0
lotka_volterra_r1,lotka_volterra,constant_250,901,2628746,3.0684546,True,False,169627,0,0,0
lotka_volterra_r1,lotka_volterra,constant_500,901,2628746,2.9452412,True,False,169627,0,0,0
lotka_volterra_r1,lotka_volterra,cost_model_cold,901,2628746,3.0049082,True,False,169627,0,0,0
lotka_volterra_r1,lotka_volterra,cost_model_warm,901,2628746,2.8828621,True,False,169627,0,0,0
lotka_volterra_r1,lotka_volterra,cost_model_warm_x0.56,901,2628746,2.840279,True,False,169627,0,0,0
lotka_volterra_r2,lotka_volterra,timing,901,10514985,6.0917355,True,False,339053,88,88,0
lotka_volterra_r2,lotka_volterra,constant_250,901,10514985,6.8339743,True,False,339247,0,0,0
lotka_volterra_r2,lotka_volterra,constant_500,901,10514985,6.5527839,True,False,339247,0,0,0
lotka_volterra_r2,lotka_volterra,cost_model_cold,901,10514985,6.5202515,True,False,339247,0,0,0
lotka_volterra_r2,lotka_volterra,cost_model_warm,901,10514985,6.7476357,True,False,339247,0,0,0
lotka_volterra_r2,lotka_volterra,cost_model_warm_x0.56,901,10514985,6.947858,True,False,339247,0,0,0
shrinking_r05,shrinking,timing,901,368657,0.0313027,True,False,2474,2,2,0
shrinking_r05,shrinking,constant_250,901,368657,0.0201898,True,False,374,1035,1,0
shrinking_r05,shrinking,constant_500,901,368657,0.016043,True,False,1,1213,1,0
shrinking_r05,shrinking,cost_model_cold,901,368657,0.0190416,True,False,831,809,1,0
shrinking_r05,shrinking,cost_model_warm,901,368657,0.0142207,True,False,1,1213,1,0
shrinking_r05,shrinking,cost_model_warm_x0.56,901,368657,0.0186296,True,False,1043,701,1,0
shrinking_r1,shrinking,timing,901,1474628,0.0705706,True,False,5007,6,4,0
shrinking_r1,shrinking,constant_250,901,1474628,0.0481009,True,False,2881,1023,1,0
shrinking_r1,shrinking,constant_500,901,1474628,0.0513004,True,False,749,2061,1,0
shrinking_r1,shrinking,cost_model_cold,901,1474628,0.0504632,True,False,3351,801,1,0
shrinking_r1,shrinking,cost_model_warm,901,1474628,0.0411161,True,False,2254,1329,1,0
shrinking_r1,shrinking,cost_model_warm_x0.56,901,1474628,0.0409724,True,False,3554,700,1,0
shrinking_r2,shrinking,timing,901,5898512,0.1212547,True,False,9879,4,4,0
shrinking_r2,shrinking,constant_250,901,5898512,0.1133557,True,False,7911,1008,1,0
shrinking_r2,shrinking,constant_500,901,5898512,0.1261883,True,False,5789,2048,1,0
shrinking_r2,shrinking,cost_model_cold,901,5898512,0.1231994,True,False,8379,783,1,0
shrinking_r2,shrinking,cost_model_warm,901,5898512,0.1196558,True,False,7300,1309,1,0
shrinking_r2,shrinking,cost_model_warm_x0.56,901,5898512,0.1116402,True,False,8607,679,1,0
shrinking_no_b_decay_r05,shrinking,timing,901,1341288,0.0949868,True,False,8007,16,3,0
shrinking_no_b_decay_r05,shrinking,constant_250,901,1341288,0.0304065,True,False,895,607,1,0
shrinking_no_b_decay_r05,shrinking,constant_500,901,1341288,0.0275376,True,False,1,851,1,0
shrinking_no_b_decay_r05,shrinking,cost_model_cold,901,1341288,0.0317368,True,False,1206,536,1,0
shrinking_no_b_decay_r05,shrinking,cost_model_warm,901,1341288,0.0277978,True,False,1,851,1,0
shrinking_no_b_decay_r05,shrinking,cost_model_warm_x0.56,901,1341288,0.0338493,True,False,1607,454,1,0
shrinking_no_b_decay_r1,shrinking,timing,901,5365154,0.1749827,True,False,13945,49,5,0
shrinking_no_b_decay_r1,shrinking,constant_250,901,5365154,0.0970156,True,False,5201,567,1,0
shrinking_no_b_decay_r1,shrinking,constant_500,901,5365154,0.0907358,True,False,1839,1211,1,0
shrinking_no_b_decay_r1,shrinking,cost_model_cold,901,5365154,0.0949318,True,False,5605,510,1,0
shrinking_no_b_decay_r1,shrinking,cost_model_warm,901,5365154,0.084615,True,False,3510,855,1,0
shrinking_no_b_decay_r1,shrinking,cost_model_warm_x0.56,901,5365154,0.0939904,True,False,6187,439,1,0
shrinking_no_b_decay_r2,shrinking,timing,901,21460619,0.2856998,True,False,22221,208,7,0
shrinking_no_b_decay_r2,shrinking,constant_250,901,21460619,0.2434886,True,False,15709,544,1,0
shrinking_no_b_decay_r2,shrinking,constant_500,901,21460619,0.2361225,True,False,10355,1129,1,0
shrinking_no_b_decay_r2,shrinking,cost_model_cold,901,21460619,0.2547651,True,False,16309,501,1,0
shrinking_no_b_decay_r2,shrinking,cost_model_warm,901,21460619,0.2340731,True,False,12730,827,1,0
shrinking_no_b_decay_r2,shrinking,cost_model_warm_x0.56,901,21460619,0.247521,True,False,17289,435,1,0
shrinking_split_b_decay_r05,shrinking,timing,901,294221,0.0242831,True,False,2278,2,2,0
shrinking_split_b_decay_r05,shrinking,constant_250,901,294221,0.0176987,True,False,106,1033,1,0
shrinking_split_b_decay_r05,shrinking,constant_500,901,294221,0.0143713,True,False,1,1091,1,0
shrinking_split_b_decay_r05,shrinking,cost_model_cold,901,294221,0.0122056,True,False,727,736,1,0
shrinking_split_b_decay_r05,shrinking,cost_model_warm,901,294221,0.0145704,True,False,1,1091,1,0
shrinking_split_b_decay_r05,shrinking,cost_model_warm_x0.56,901,294221,0.0160571,True,False,891,658,1,0
shrinking_split_b_decay_r1,shrinking,timing,901,1176887,0.0606847,True,False,4459,2,2,0
shrinking_split_b_decay_r1,shrinking,constant_250,901,1176887,0.0454022,True,False,2331,1030,1,0
shrinking_split_b_decay_r1,shrinking,constant_500,901,1176887,0.0547482,True,False,199,2065,1,0
shrinking_split_b_decay_r1,shrinking,cost_model_cold,901,1176887,0.0522201,True,False,2949,732,1,0
shrinking_split_b_decay_r1,shrinking,cost_model_warm,901,1176887,0.0589399,True,False,1897,1228,1,0
shrinking_split_b_decay_r1,shrinking,cost_model_warm_x0.56,901,1176887,0.0506375,True,False,3110,652,1,0
shrinking_split_b_decay_r2,shrinking,timing,901,4707548,0.1204292,True,False,8909,4,4,0
shrinking_split_b_decay_r2,shrinking,constant_250,901,4707548,0.1090092,True,False,6852,1016,1,0
shrinking_split_b_decay_r2,shrinking,constant_500,901,4707548,0.1075625,True,False,4724,2047,1,0
shrinking_split_b_decay_r2,shrinking,cost_model_cold,901,4707548,0.0995273,True,False,7429,718,1,0
shrinking_split_b_decay_r2,shrinking,cost_model_warm,901,4707548,0.0998845,True,False,6428,1215,1,0
shrinking_split_b_decay_r2,shrinking,cost_model_warm_x0.56,901,4707548,0.1168692,True,False,7594,638,1,0
shrinking_b_decay_channels_1_r05,branch_count,timing,901,321076,0.0298589,True,False,2303,7,6,0
shrinking_b_decay_channels_1_r05,branch_count,constant_250,901,321076,0.0126712,True,False,209,1037,1,0
shrinking_b_decay_channels_1_r05,branch_count,constant_500,901,321076,0.0136893,True,False,1,1133,1,0
shrinking_b_decay_channels_1_r05,branch_count,cost_model_cold,901,321076,0.0136744,True,False,678,809,1,0
shrinking_b_decay_channels_1_r05,branch_count,cost_model_warm,901,321076,0.0182254,True,False,1,1133,1,0
shrinking_b_decay_channels_1_r05,branch_count,cost_model_warm_x0.56,901,321076,0.0155754,True,False,887,706,1,0
shrinking_b_decay_channels_1_r1,branch_count,timing,901,1284304,0.0505784,True,False,4730,2,2,0
shrinking_b_decay_channels_1_r1,branch_count,constant_250,901,1284304,0.0429102,True,False,2525,1026,1,0
shrinking_b_decay_channels_1_r1,branch_count,constant_500,901,1284304,0.051479,True,False,407,2061,1,0
shrinking_b_decay_channels_1_r1,branch_count,cost_model_cold,901,1284304,0.0497006,True,False,2987,799,1,0
shrinking_b_decay_channels_1_r1,branch_count,cost_model_warm,901,1284304,0.0495097,True,False,1914,1329,1,0
shrinking_b_decay_channels_1_r1,branch_count,cost_model_warm_x0.56,901,1284304,0.0531759,True,False,3201,694,1,0
shrinking_b_decay_channels_1_r2,branch_count,timing,901,5137218,0.1177081,True,False,9349,4,4,0
shrinking_b_decay_channels_1_r2,branch_count,constant_250,901,5137218,0.1041624,True,False,7276,1014,1,0
shrinking_b_decay_channels_1_r2,branch_count,constant_500,901,5137218,0.109129,True,False,5113,2052,1,0
shrinking_b_decay_channels_1_r2,branch_count,cost_model_cold,901,5137218,0.1124226,True,False,7740,789,1,0
shrinking_b_decay_channels_1_r2,branch_count,cost_model_warm,901,5137218,0.1010304,True,False,6630,1312,1,0
shrinking_b_decay_channels_1_r2,branch_count,cost_model_warm_x0.56,901,5137218,0.0979903,True,False,7953,684,1,0
shrinking_b_decay_channels_2_r05,branch_count,timing,901,297449,0.0215355,True,False,2260,2,2,0
shrinking_b_decay_channels_2_r05,branch_count,constant_250,901,297449,0.0178324,True,False,117,1036,1,0
shrinking_b_decay_channels_2_r05,branch_count,constant_500,901,297449,0.0141137,True,False,1,1096,1,0
shrinking_b_decay_channels_2_r05,branch_count,cost_model_cold,901,297449,0.0146914,True,False,722,736,1,0
shrinking_b_decay_channels_2_r05,branch_count,cost_model_warm,901,297449,0.0130937,True,False,1,1096,1,0
shrinking_b_decay_channels_2_r05,branch_count,cost_model_warm_x0.56,901,297449,0.0150309,True,False,895,659,1,0
shrinking_b_decay_channels_2_r1,branch_count,timing,901,1189798,0.0713914,True,False,4438,2,2,0
shrinking_b_decay_channels_2_r1,branch_count,constant_250,901,1189798,0.0533186,True,False,2384,1028,1,0
shrinking_b_decay_channels_2_r1,branch_count,constant_500,901,1189798,0.0449581,True,False,226,2063,1,0
shrinking_b_decay_channels_2_r1,branch_count,cost_model_cold,901,1189798,0.0440933,True,False,2986,729,1,0
shrinking_b_decay_channels_2_r1,branch_count,cost_model_warm,901,1189798,0.0401572,True,False,1953,1232,1,0
shrinking_b_decay_channels_2_r1,branch_count,cost_model_warm_x0.56,901,1189798,0.0415477,True,False,3151,649,1,0
shrinking_b_decay_channels_2_r2,branch_count,timing,901,4759194,0.0975937,True,False,9051,4,4,0
shrinking_b_decay_channels_2_r2,branch_count,constant_250,901,4759194,0.093752,True,False,6909,1014,1,0
shrinking_b_decay_channels_2_r2,branch_count,constant_500,901,4759194,0.1019317,True,False,4763,2049,1,0
shrinking_b_decay_channels_2_r2,branch_count,cost_model_cold,901,4759194,0.0978955,True,False,7543,716,1,0
shrinking_b_decay_channels_2_r2,branch_count,cost_model_warm,901,4759194,0.09345,True,False,6489,1215,1,0
shrinking_b_decay_channels_2_r2,branch_count,cost_model_warm_x0.56,901,4759194,0.1048849,True,False,7708,638,1,0
shrinking_b_decay_channels_4_r05,branch_count,timing,901,301601,0.0272277,True,False,2275,2,2,0
shrinking_b_decay_channels_4_r05,branch_count,constant_250,901,301601,0.0160252,True,False,136,1039,1,0
shrinking_b_decay_channels_4_r05,branch_count,constant_500,901,301601,0.0165379,True,False,1,1097,1,0
shrinking_b_decay_channels_4_r05,branch_count,cost_model_cold,901,301601,0.0189734,True,False,982,640,1,0
shrinking_b_decay_channels_4_r05,branch_count,cost_model_warm,901,301601,0.0185672,True,False,1,1097,1,0
shrinking_b_decay_channels_4_r05,branch_count,cost_model_warm_x0.56,901,301601,0.0211236,True,False,1084,588,1,0
shrinking_b_decay_channels_4_r1,branch_count,timing,901,1206404,0.0588356,True,False,4488,2,2,0
shrinking_b_decay_channels_4_r1,branch_count,constant_250,901,1206404,0.050483,True,False,2426,1029,1,0
shrinking_b_decay_channels_4_r1,branch_count,constant_500,901,1206404,0.0560287,True,False,248,2062,1,0
shrinking_b_decay_channels_4_r1,branch_count,cost_model_cold,901,1206404,0.0409591,True,False,3245,630,1,0
shrinking_b_decay_channels_4_r1,branch_count,cost_model_warm,901,1206404,0.0539198,True,False,2293,1094,1,0
shrinking_b_decay_channels_4_r1,branch_count,cost_model_warm_x0.56,901,1206404,0.0527979,True,False,3353,583,1,0
shrinking_b_decay_channels_4_r2,branch_count,timing,901,4825616,0.1200683,True,False,8982,4,4,0
shrinking_b_decay_channels_4_r2,branch_count,constant_250,901,4825616,0.1165702,True,False,7025,1011,1,0
shrinking_b_decay_channels_4_r2,branch_count,constant_500,901,4825616,0.1262652,True,False,4883,2050,1,0
shrinking_b_decay_channels_4_r2,branch_count,cost_model_cold,901,4825616,0.1147611,True,False,7837,612,1,0
shrinking_b_decay_channels_4_r2,branch_count,cost_model_warm,901,4825616,0.1190106,True,False,6901,1078,1,0
shrinking_b_decay_channels_4_r2,branch_count,cost_model_warm_x0.56,901,4825616,0.1201103,True,False,7941,564,1,0
shrinking_b_decay_channels_8_r05,branch_count,timing,901,136052,0.0212188,True,False,1497,5,4,0
shrinking_b_decay_channels_8_r05,branch_count,constant_250,901,136052,0.0112473,True,False,1,744,1,0
shrinking_b_decay_channels_8_r05,branch_count,constant_500,901,136052,0.0111251,True,False,1,744,1,0
shrinking_b_decay_channels_8_r05,branch_count,cost_model_cold,901,136052,0.0132133,True,False,432,534,1,0
shrinking_b_decay_channels_8_r05,branch_count,cost_model_warm,901,136052,0.0120699,True,False,1,744,1,0
shrinking_b_decay_channels_8_r05,branch_count,cost_model_warm_x0.56,901,136052,0.0118324,True,False,480,509,1,0
shrinking_b_decay_channels_8_r1,branch_count,timing,901,544208,0.0387362,True,False,3024,2,2,0
shrinking_b_decay_channels_8_r1,branch_count,constant_250,901,544208,0.0278111,True,False,938,1037,1,0
shrinking_b_decay_channels_8_r1,branch_count,constant_500,901,544208,0.0416107,True,False,1,1472,1,0
shrinking_b_decay_channels_8_r1,branch_count,cost_model_cold,901,544208,0.036573,True,False,1971,527,1,0
shrinking_b_decay_channels_8_r1,branch_count,cost_model_warm,901,544208,0.0361401,True,False,1137,933,1,0
shrinking_b_decay_channels_8_r1,branch_count,cost_model_warm_x0.56,901,544208,0.034279,True,False,2022,499,1,0
shrinking_b_decay_channels_8_r2,branch_count,timing,901,2176835,0.0890593,True,False,6030,2,2,0
shrinking_b_decay_channels_8_r2,branch_count,constant_250,901,2176835,0.0875384,True,False,3990,1023,1,0
shrinking_b_decay_channels_8_r2,branch_count,constant_500,901,2176835,0.1177861,True,False,1844,2063,1,0
shrinking_b_decay_channels_8_r2,branch_count,cost_model_cold,901,2176835,0.0899326,True,False,5053,510,1,0
shrinking_b_decay_channels_8_r2,branch_count,cost_model_warm,901,2176835,0.0881552,True,False,4210,925,1,0
shrinking_b_decay_channels_8_r2,branch_count,cost_model_warm_x0.56,901,2176835,0.0885916,True,False,5112,490,1,0
dense_support_q4_r05,dense_support,timing,901,51808284,0.4512568,True,False,18248,520,9,0
dense_support_q4_r05,dense_support,constant_250,901,51808284,0.3938339,True,False,9493,767,1,0
dense_support_q4_r05,dense_support,constant_500,901,51808284,0.4257477,True,False,1,1201,1,0
dense_support_q4_r05,dense_support,cost_model_cold,901,51808284,0.3975674,True,False,7984,822,1,0
dense_support_q4_r05,dense_support,cost_model_warm,901,51808284,0.4869927,True,False,246,1186,1,0
dense_support_q4_r05,dense_support,cost_model_warm_x0.56,901,51808284,0.4233021,True,False,11250,709,1,0
dense_support_q6_r05,dense_support,timing,901,27887386,0.4119771,True,False,14351,360,5,0
dense_support_q6_r05,dense_support,constant_250,901,27887386,0.3956272,True,False,2813,731,1,0
dense_support_q6_r05,dense_support,constant_500,901,27887386,0.4338565,True,False,1,882,1,0
dense_support_q6_r05,dense_support,cost_model_cold,901,27887386,0.4368872,True,False,6904,565,1,0
dense_support_q6_r05,dense_support,cost_model_warm,901,27887386,0.4000077,True,False,1,882,1,0
dense_support_q6_r05,dense_support,cost_model_warm_x0.56,901,27887386,0.3805619,True,False,6453,581,1,0
dense_support_q6_r1,dense_support,timing,901,111549544,1.0963881,True,False,41343,482,13,0
dense_support_q6_r1,dense_support,constant_250,901,111549544,1.1102135,True,False,25964,775,1,0
dense_support_q6_r1,dense_support,constant_500,901,111549544,1.3923763,True,False,5656,1461,1,0
dense_support_q6_r1,dense_support,cost_model_cold,901,111549544,1.0814327,True,False,36880,552,1,0
dense_support_q6_r1,dense_support,cost_model_warm,901,111549544,1.1816258,True,False,14755,1096,1,0
dense_support_q6_r1,dense_support,cost_model_warm_x0.56,901,111549544,1.1102821,True,False,35425,578,1,0
dense_support_q8_r05,dense_support,timing,901,11229781,0.2197307,True,False,4882,344,3,0
dense_support_q8_r05,dense_support,constant_250,901,11229781,0.2691269,True,False,1,560,1,0
dense_support_q8_r05,dense_support,constant_500,901,11229781,0.2629229,True,False,1,560,1,0
dense_support_q8_r05,dense_support,cost_model_cold,901,11229781,0.2491423,True,False,3223,403,1,0
dense_support_q8_r05,dense_support,cost_model_warm,901,11229781,0.2527404,True,False,1,560,1,0
dense_support_q8_r05,dense_support,cost_model_warm_x0.56,901,11229781,0.272432,True,False,1887,459,1,0
dense_support_q8_r1,dense_support,timing,901,44919127,0.8876182,True,False,40574,128,15,0
dense_support_q8_r1,dense_support,constant_250,901,44919127,0.8295256,True,False,7552,761,1,0
dense_support_q8_r1,dense_support,constant_500,901,44919127,1.096494,True,False,1,1119,1,0
dense_support_q8_r1,dense_support,cost_model_cold,901,44919127,0.7564279,True,False,20220,412,1,0
dense_support_q8_r1,dense_support,cost_model_warm,901,44919127,0.8972173,True,False,5090,860,1,0
dense_support_q8_r1,dense_support,cost_model_warm_x0.56,901,44919127,0.789575,True,False,16476,494,1,0
dense_support_q8_r2,dense_support,timing,901,179676508,2.3180629,True,False,75293,313,21,0
dense_support_q8_r2,dense_support,constant_250,901,179676508,2.3410668,True,False,44211,748,1,0
dense_support_q8_r2,dense_support,constant_500,901,179676508,3.5894687,True,False,15061,1520,1,0
dense_support_q8_r2,dense_support,cost_model_cold,901,179676508,2.53821,True,False,79188,263,1,0
dense_support_q8_r2,dense_support,cost_model_warm,901,179676508,2.6988797,True,False,36482,904,1,0
dense_support_q8_r2,dense_support,cost_model_warm_x0.56,901,179676508,2.4560473,True,False,68481,382,1,0
dense_support_q12_r05,dense_support,timing,901,6479467,0.3853762,True,False,11029,102,5,0
dense_support_q12_r05,dense_support,constant_250,901,6479467,0.2545705,True,False,1,426,1,0
dense_support_q12_r05,dense_support,constant_500,901,6479467,0.3467729,True,False,1,426,1,0
dense_support_q12_r05,dense_support,cost_model_cold,901,6479467,0.2979268,True,False,3473,269,1,0
dense_support_q12_r05,dense_support,cost_model_warm,901,6479467,0.3173164,True,False,1,426,1,0
dense_support_q12_r05,dense_support,cost_model_warm_x0.56,901,6479467,0.3021604,True,False,1460,348,1,0
dense_support_q12_r1,dense_support,timing,901,25917869,1.0933393,True,False,29388,111,9,0
dense_support_q12_r1,dense_support,constant_250,901,25917869,1.2805158,True,False,2269,726,1,0
dense_support_q12_r1,dense_support,constant_500,901,25917869,1.2876756,True,False,1,850,1,0
dense_support_q12_r1,dense_support,cost_model_cold,901,25917869,0.8956568,True,False,18293,258,1,0
dense_support_q12_r1,dense_support,cost_model_warm,901,25917869,1.0378013,True,False,4102,644,1,0
dense_support_q12_r1,dense_support,cost_model_warm_x0.56,901,25917869,0.9090768,True,False,12690,371,1,0
dense_support_q12_r2,dense_support,timing,901,103671478,2.5243985,True,False,58423,226,19,0
dense_support_q12_r2,dense_support,constant_250,901,103671478,3.6103014,True,False,23847,777,1,0
dense_support_q12_r2,dense_support,constant_500,901,103671478,3.4618896,True,False,4581,1450,1,0
dense_support_q12_r2,dense_support,cost_model_cold,901,103671478,1.3029856,True,False,68535,120,1,0
dense_support_q12_r2,dense_support,cost_model_warm,901,103671478,1.3932634,True,False,28567,668,1,0
dense_support_q12_r2,dense_support,cost_model_warm_x0.56,901,103671478,1.1808342,True,False,52771,281,1,0
collision_o2_g0_n1000000_r05,collision,timing,901,25047792,0.1218954,True,False,10041,429,5,0
collision_o2_g0_n1000000_r05,collision,constant_250,901,25047792,0.1143804,True,False,2045,723,1,0
collision_o2_g0_n1000000_r05,collision,constant_500,901,25047792,0.1211447,True,False,1,836,1,0
collision_o2_g0_n1000000_r05,collision,cost_model_cold,901,25047792,0.1174547,True,False,1275,762,1,0
collision_o2_g0_n1000000_r05,collision,cost_model_warm,901,25047792,0.1245012,True,False,1,836,1,0
collision_o2_g0_n1000000_r05,collision,cost_model_warm_x0.56,901,25047792,0.1191726,True,False,3245,668,1,0
collision_o2_g0_n1000000_r1,collision,timing,901,100191171,0.43792,True,False,6576,1329,3,0
collision_o2_g0_n1000000_r1,collision,constant_250,901,100191171,0.3782082,True,False,22886,777,1,0
collision_o2_g0_n1000000_r1,collision,constant_500,901,100191171,0.4597486,True,False,4107,1445,1,0
collision_o2_g0_n1000000_r1,collision,cost_model_cold,901,100191171,0.3923815,True,False,20218,849,1,0
collision_o2_g0_n1000000_r1,collision,cost_model_warm,901,100191171,0.4393047,True,False,7562,1285,1,0
collision_o2_g0_n1000000_r1,collision,cost_model_warm_x0.56,901,100191171,0.4287413,True,False,25304,718,1,0
collision_o2_g1_n1000000_r05,collision,timing,901,76826873,0.403785,True,False,13032,896,7,0
collision_o2_g1_n1000000_r05,collision,constant_250,901,76826873,0.3822285,True,False,10457,958,1,0
collision_o2_g1_n1000000_r05,collision,constant_500,901,76826873,0.3998542,True,False,1,1358,1,0
collision_o2_g1_n1000000_r05,collision,cost_model_cold,901,76826873,0.4489693,True,False,1723,1276,1,0
collision_o2_g1_n1000000_r05,collision,cost_model_warm,901,76826873,0.4621463,True,False,1,1358,1,0
collision_o2_g1_n1000000_r05,collision,cost_model_warm_x0.56,901,76826873,0.4116344,True,False,2012,1264,1,0
collision_o2_g2_n1000000_r05,collision,timing,901,125202179,0.7907001,True,False,5946,1408,7,0
collision_o2_g2_n1000000_r05,collision,constant_250,901,125202179,0.7470058,True,False,15855,1146,1,0
collision_o2_g2_n1000000_r05,collision,constant_500,901,125202179,0.7299024,True,False,1,1630,1,0
collision_o2_g2_n1000000_r05,collision,cost_model_cold,901,125202179,0.7213427,True,False,2119,1544,1,0
collision_o2_g2_n1000000_r05,collision,cost_model_warm,901,125202179,0.6772002,True,False,1,1630,1,0
collision_o2_g2_n1000000_r05,collision,cost_model_warm_x0.56,901,125202179,0.8103576,True,False,1951,1550,1,0
rossler_r05,rossler,timing,902,1513487,10.0000455,False,True,567244,8778,150,0
rossler_r05,rossler,constant_250,902,1513487,10.0000318,False,True,730328,0,0,0
rossler_r05,rossler,constant_500,902,1513487,10.0000191,False,True,745526,1066,2,0
rossler_r05,rossler,cost_model_cold,902,1513487,10.000024,False,True,727022,0,0,0
rossler_r05,rossler,cost_model_warm,902,1513487,10.0000213,False,True,722539,332,2,0
rossler_r05,rossler,cost_model_warm_x0.56,902,1513487,10.0000121,False,True,720076,0,0,0
rossler_r1,rossler,timing,902,6053948,10.0000119,False,True,731705,182,182,0
rossler_r1,rossler,constant_250,902,6053948,10.0000167,False,True,719727,0,0,0
rossler_r1,rossler,constant_500,902,6053948,10.0000264,False,True,710565,0,0,0
rossler_r1,rossler,cost_model_cold,902,6053948,10.0000245,False,True,711619,0,0,0
rossler_r1,rossler,cost_model_warm,902,6053948,10.0000209,False,True,686179,0,0,0
rossler_r1,rossler,cost_model_warm_x0.56,902,6053948,10.0000195,False,True,677409,0,0,0
rossler_r2,rossler,timing,902,24215794,10.0000449,False,True,501141,128,126,0
rossler_r2,rossler,constant_250,902,24215794,10.0000198,False,True,503694,0,0,0
rossler_r2,rossler,constant_500,902,24215794,10.000033,False,True,499128,0,0,0
rossler_r2,rossler,cost_model_cold,902,24215794,10.0000261,False,True,497457,0,0,0
rossler_r2,rossler,cost_model_warm,902,24215794,10.0000127,False,True,504521,0,0,0
rossler_r2,rossler,cost_model_warm_x0.56,902,24215794,10.0000476,False,True,499880,0,0,0
dimerization_r05,dimerization,timing,902,7136178,0.1469625,True,False,14840,49,8,0
dimerization_r05,dimerization,constant_250,902,7136178,0.1532542,True,False,15191,0,0,0
dimerization_r05,dimerization,constant_500,902,7136178,0.1464895,True,False,1,2313,1,0
dimerization_r05,dimerization,cost_model_cold,902,7136178,0.1545096,True,False,15191,0,0,0
dimerization_r05,dimerization,cost_model_warm,902,7136178,0.1470414,True,False,1,2313,1,0
dimerization_r05,dimerization,cost_model_warm_x0.56,902,7136178,0.1560737,True,False,15191,0,0,0
dimerization_r1,dimerization,timing,902,28544713,0.3355771,True,False,30533,8,8,0
dimerization_r1,dimerization,constant_250,902,28544713,0.2851916,True,False,30457,0,0,0
dimerization_r1,dimerization,constant_500,902,28544713,0.2778153,True,False,30457,0,0,0
dimerization_r1,dimerization,cost_model_cold,902,28544713,0.2719987,True,False,30457,0,0,0
dimerization_r1,dimerization,cost_model_warm,902,28544713,0.2681908,True,False,30457,0,0,0
dimerization_r1,dimerization,cost_model_warm_x0.56,902,28544713,0.2793024,True,False,30457,0,0,0
dimerization_r2,dimerization,timing,902,114178853,0.6532691,True,False,60899,16,16,0
dimerization_r2,dimerization,constant_250,902,114178853,0.5773381,True,False,60875,0,0,0
dimerization_r2,dimerization,constant_500,902,114178853,0.7115148,True,False,60875,0,0,0
dimerization_r2,dimerization,cost_model_cold,902,114178853,0.5967383,True,False,60875,0,0,0
dimerization_r2,dimerization,cost_model_warm,902,114178853,0.6690007,True,False,60875,0,0,0
dimerization_r2,dimerization,cost_model_warm_x0.56,902,114178853,0.7020819,True,False,60875,0,0,0
lotka_volterra_r05,lotka_volterra,timing,902,657186,0.7859362,True,False,80320,1636,36,0
lotka_volterra_r05,lotka_volterra,constant_250,902,657186,0.8091893,True,False,84847,0,0,0
lotka_volterra_r05,lotka_volterra,constant_500,902,657186,0.6680228,True,False,29689,21711,7,0
lotka_volterra_r05,lotka_volterra,cost_model_cold,902,657186,0.8045866,True,False,84847,0,0,0
lotka_volterra_r05,lotka_volterra,cost_model_warm,902,657186,0.7323602,True,False,22332,24394,7,0
lotka_volterra_r05,lotka_volterra,cost_model_warm_x0.56,902,657186,0.7478862,True,False,84847,0,0,0
lotka_volterra_r1,lotka_volterra,timing,902,2628746,1.5978993,True,False,169801,100,58,0
lotka_volterra_r1,lotka_volterra,constant_250,902,2628746,1.6168856,True,False,170038,0,0,0
lotka_volterra_r1,lotka_volterra,constant_500,902,2628746,1.5168444,True,False,170038,0,0,0
lotka_volterra_r1,lotka_volterra,cost_model_cold,902,2628746,1.6561359,True,False,170038,0,0,0
lotka_volterra_r1,lotka_volterra,cost_model_warm,902,2628746,1.5923459,True,False,170038,0,0,0
lotka_volterra_r1,lotka_volterra,cost_model_warm_x0.56,902,2628746,1.5936319,True,False,170038,0,0,0
lotka_volterra_r2,lotka_volterra,timing,902,10514985,3.3009265,True,False,339609,90,90,0
lotka_volterra_r2,lotka_volterra,constant_250,902,10514985,3.2288467,True,False,339859,0,0,0
lotka_volterra_r2,lotka_volterra,constant_500,902,10514985,3.2988274,True,False,339859,0,0,0
lotka_volterra_r2,lotka_volterra,cost_model_cold,902,10514985,3.2762917,True,False,339859,0,0,0
lotka_volterra_r2,lotka_volterra,cost_model_warm,902,10514985,3.3424467,True,False,339859,0,0,0
lotka_volterra_r2,lotka_volterra,cost_model_warm_x0.56,902,10514985,3.2576983,True,False,339859,0,0,0
shrinking_r05,shrinking,timing,902,368657,0.0137066,True,False,2517,2,2,0
shrinking_r05,shrinking,constant_250,902,368657,0.0078016,True,False,381,1032,1,0
shrinking_r05,shrinking,constant_500,902,368657,0.0075351,True,False,1,1217,1,0
shrinking_r05,shrinking,cost_model_cold,902,368657,0.0085472,True,False,848,806,1,0
shrinking_r05,shrinking,cost_model_warm,902,368657,0.0074041,True,False,1,1217,1,0
shrinking_r05,shrinking,cost_model_warm_x0.56,902,368657,0.0090501,True,False,1055,707,1,0
shrinking_r1,shrinking,timing,902,1474628,0.0287075,True,False,5040,2,2,0
shrinking_r1,shrinking,constant_250,902,1474628,0.0228825,True,False,2908,1022,1,0
shrinking_r1,shrinking,constant_500,902,1474628,0.0250327,True,False,750,2061,1,0
shrinking_r1,shrinking,cost_model_cold,902,1474628,0.0233528,True,False,3377,801,1,0
shrinking_r1,shrinking,cost_model_warm,902,1474628,0.0226013,True,False,2300,1329,1,0
shrinking_r1,shrinking,cost_model_warm_x0.56,902,1474628,0.0236,True,False,3580,697,1,0
shrinking_r2,shrinking,timing,902,5898512,0.0593826,True,False,9995,4,4,0
shrinking_r2,shrinking,constant_250,902,5898512,0.054357,True,False,7972,1011,1,0
shrinking_r2,shrinking,constant_500,902,5898512,0.0607494,True,False,5817,2049,1,0
shrinking_r2,shrinking,cost_model_cold,902,5898512,0.0629415,True,False,8454,783,1,0
shrinking_r2,shrinking,cost_model_warm,902,5898512,0.0635156,True,False,7358,1307,1,0
shrinking_r2,shrinking,cost_model_warm_x0.56,902,5898512,0.0649376,True,False,8672,679,1,0
shrinking_no_b_decay_r05,shrinking,timing,902,1341288,0.0548223,True,False,8447,12,3,0
shrinking_no_b_decay_r05,shrinking,constant_250,902,1341288,0.0173308,True,False,919,609,1,0
shrinking_no_b_decay_r05,shrinking,constant_500,902,1341288,0.0155314,True,False,1,852,1,0
shrinking_no_b_decay_r05,shrinking,cost_model_cold,902,1341288,0.017811,True,False,1215,536,1,0
shrinking_no_b_decay_r05,shrinking,cost_model_warm,902,1341288,0.0156139,True,False,1,852,1,0
shrinking_no_b_decay_r05,shrinking,cost_model_warm_x0.56,902,1341288,0.0187744,True,False,1616,453,1,0
shrinking_no_b_decay_r1,shrinking,timing,902,5365154,0.0725835,True,False,9241,189,5,0
shrinking_no_b_decay_r1,shrinking,constant_250,902,5365154,0.0472755,True,False,5181,566,1,0
shrinking_no_b_decay_r1,shrinking,constant_500,902,5365154,0.0411687,True,False,1828,1212,1,0
shrinking_no_b_decay_r1,shrinking,cost_model_cold,902,5365154,0.0437811,True,False,5595,510,1,0
shrinking_no_b_decay_r1,shrinking,cost_model_warm,902,5365154,0.0421038,True,False,3481,854,1,0
shrinking_no_b_decay_r1,shrinking,cost_model_warm_x0.56,902,5365154,0.0453213,True,False,6171,439,1,0
shrinking_no_b_decay_r2,shrinking,timing,902,21460619,0.1487737,True,False,25098,139,9,0
shrinking_no_b_decay_r2,shrinking,constant_250,902,21460619,0.1168678,True,False,15851,543,1,0
shrinking_no_b_decay_r2,shrinking,constant_500,902,21460619,0.1148196,True,False,10478,1127,1,0
shrinking_no_b_decay_r2,shrinking,cost_model_cold,902,21460619,0.1190971,True,False,16433,501,1,0
shrinking_no_b_decay_r2,shrinking,cost_model_warm,902,21460619,0.1198899,True,False,12842,827,1,0
shrinking_no_b_decay_r2,shrinking,cost_model_warm_x0.56,902,21460619,0.1276072,True,False,17400,435,1,0
shrinking_split_b_decay_r05,shrinking,timing,902,294221,0.0127666,True,False,2209,2,2,0
shrinking_split_b_decay_r05,shrinking,constant_250,902,294221,0.0069653,True,False,118,1038,1,0
shrinking_split_b_decay_r05,shrinking,constant_500,902,294221,0.0079893,True,False,1,1083,1,0
shrinking_split_b_decay_r05,shrinking,cost_model_cold,902,294221,0.0083324,True,False,732,743,1,0
shrinking_split_b_decay_r05,shrinking,cost_model_warm,902,294221,0.00728,True,False,1,1083,1,0
shrinking_split_b_decay_r05,shrinking,cost_model_warm_x0.56,902,294221,0.0081386,True,False,898,656,1,0
shrinking_split_b_decay_r1,shrinking,timing,902,1176887,0.0258165,True,False,4460,2,2,0
shrinking_split_b_decay_r1,shrinking,constant_250,902,1176887,0.0214204,True,False,2322,1028,1,0
shrinking_split_b_decay_r1,shrinking,constant_500,902,1176887,0.0257123,True,False,188,2065,1,0
shrinking_split_b_decay_r1,shrinking,cost_model_cold,902,1176887,0.0220226,True,False,2942,730,1,0
shrinking_split_b_decay_r1,shrinking,cost_model_warm,902,1176887,0.0209505,True,False,1894,1231,1,0
shrinking_split_b_decay_r1,shrinking,cost_model_warm_x0.56,902,1176887,0.0215277,True,False,3104,652,1,0
shrinking_split_b_decay_r2,shrinking,timing,902,4707548,0.0546347,True,False,8911,4,4,0
shrinking_split_b_decay_r2,shrinking,constant_250,902,4707548,0.0527604,True,False,6826,1011,1,0
shrinking_split_b_decay_r2,shrinking,constant_500,902,4707548,0.0634984,True,False,4716,2050,1,0
shrinking_split_b_decay_r2,shrinking,cost_model_cold,902,4707548,0.0584831,True,False,7459,717,1,0
shrinking_split_b_decay_r2,shrinking,cost_model_warm,902,4707548,0.059411,True,False,6410,1217,1,0
shrinking_split_b_decay_r2,shrinking,cost_model_warm_x0.56,902,4707548,0.0595939,True,False,7624,634,1,0
shrinking_b_decay_channels_1_r05,branch_count,timing,902,321076,0.0078528,True,False,335,965,3,0
shrinking_b_decay_channels_1_r05,branch_count,constant_250,902,321076,0.0076271,True,False,195,1036,1,0
shrinking_b_decay_channels_1_r05,branch_count,constant_500,902,321076,0.0078327,True,False,1,1132,1,0
shrinking_b_decay_channels_1_r05,branch_count,cost_model_cold,902,321076,0.008647,True,False,674,807,1,0
shrinking_b_decay_channels_1_r05,branch_count,cost_model_warm,902,321076,0.0076532,True,False,1,1132,1,0
shrinking_b_decay_channels_1_r05,branch_count,cost_model_warm_x0.56,902,321076,0.0096766,True,False,898,708,1,0
shrinking_b_decay_channels_1_r1,branch_count,timing,902,1284304,0.0313386,True,False,4644,2,2,0
shrinking_b_decay_channels_1_r1,branch_count,constant_250,902,1284304,0.0244057,True,False,2576,1025,1,0
shrinking_b_decay_channels_1_r1,branch_count,constant_500,902,1284304,0.0268064,True,False,412,2063,1,0
shrinking_b_decay_channels_1_r1,branch_count,cost_model_cold,902,1284304,0.0262473,True,False,3034,803,1,0
shrinking_b_decay_channels_1_r1,branch_count,cost_model_warm,902,1284304,0.0246792,True,False,1957,1332,1,0
shrinking_b_decay_channels_1_r1,branch_count,cost_model_warm_x0.56,902,1284304,0.0244533,True,False,3246,699,1,0
shrinking_b_decay_channels_1_r2,branch_count,timing,902,5137218,0.0530351,True,False,9333,4,4,0
shrinking_b_decay_channels_1_r2,branch_count,constant_250,902,5137218,0.0481215,True,False,7290,1013,1,0
shrinking_b_decay_channels_1_r2,branch_count,constant_500,902,5137218,0.0529623,True,False,5154,2047,1,0
shrinking_b_decay_channels_1_r2,branch_count,cost_model_cold,902,5137218,0.0513225,True,False,7770,784,1,0
shrinking_b_decay_channels_1_r2,branch_count,cost_model_warm,902,5137218,0.050813,True,False,6681,1315,1,0
shrinking_b_decay_channels_1_r2,branch_count,cost_model_warm_x0.56,902,5137218,0.0520305,True,False,7977,684,1,0
shrinking_b_decay_channels_2_r05,branch_count,timing,902,297449,0.0127936,True,False,2253,5,4,0
shrinking_b_decay_channels_2_r05,branch_count,constant_250,902,297449,0.0081843,True,False,114,1033,1,0
shrinking_b_decay_channels_2_r05,branch_count,constant_500,902,297449,0.0076351,True,False,1,1091,1,0
shrinking_b_decay_channels_2_r05,branch_count,cost_model_cold,902,297449,0.0080602,True,False,722,740,1,0
shrinking_b_decay_channels_2_r05,branch_count,cost_model_warm,902,297449,0.0076452,True,False,1,1091,1,0
shrinking_b_decay_channels_2_r05,branch_count,cost_model_warm_x0.56,902,297449,0.0082798,True,False,881,660,1,0
shrinking_b_decay_channels_2_r1,branch_count,timing,902,1189798,0.028402,True,False,4501,2,2,0
shrinking_b_decay_channels_2_r1,branch_count,constant_250,902,1189798,0.0220627,True,False,2353,1032,1,0
shrinking_b_decay_channels_2_r1,branch_count,constant_500,902,1189798,0.0268468,True,False,218,2062,1,0
shrinking_b_decay_channels_2_r1,branch_count,cost_model_cold,902,1189798,0.0218334,True,False,2962,731,1,0
shrinking_b_decay_channels_2_r1,branch_count,cost_model_warm,902,1189798,0.0217577,True,False,1943,1229,1,0
shrinking_b_decay_channels_2_r1,branch_count,cost_model_warm_x0.56,902,1189798,0.023476,True,False,3123,650,1,0
shrinking_b_decay_channels_2_r2,branch_count,timing,902,4759194,0.0614841,True,False,8900,4,4,0
shrinking_b_decay_channels_2_r2,branch_count,constant_250,902,4759194,0.0564983,True,False,6907,1009,1,0
shrinking_b_decay_channels_2_r2,branch_count,constant_500,902,4759194,0.063341,True,False,4773,2049,1,0
shrinking_b_decay_channels_2_r2,branch_count,cost_model_cold,902,4759194,0.0607249,True,False,7527,717,1,0
shrinking_b_decay_channels_2_r2,branch_count,cost_model_warm,902,4759194,0.0593117,True,False,6491,1216,1,0
shrinking_b_decay_channels_2_r2,branch_count,cost_model_warm_x0.56,902,4759194,0.0615774,True,False,7684,637,1,0
shrinking_b_decay_channels_4_r05,branch_count,timing,902,301601,0.0155948,True,False,2252,2,2,0
shrinking_b_decay_channels_4_r05,branch_count,constant_250,902,301601,0.0098326,True,False,129,1037,1,0
shrinking_b_decay_channels_4_r05,branch_count,constant_500,902,301601,0.0098318,True,False,1,1096,1,0
shrinking_b_decay_channels_4_r05,branch_count,cost_model_cold,902,301601,0.0104305,True,False,946,642,1,0
shrinking_b_decay_channels_4_r05,branch_count,cost_model_warm,902,301601,0.0094506,True,False,1,1096,1,0
shrinking_b_decay_channels_4_r05,branch_count,cost_model_warm_x0.56,902,301601,0.0107087,True,False,1057,589,1,0
shrinking_b_decay_channels_4_r1,branch_count,timing,902,1206404,0.0329031,True,False,4488,2,2,0
shrinking_b_decay_channels_4_r1,branch_count,constant_250,902,1206404,0.0272701,True,False,2370,1024,1,0
shrinking_b_decay_channels_4_r1,branch_count,constant_500,902,1206404,0.0336438,True,False,251,2063,1,0
shrinking_b_decay_channels_4_r1,branch_count,cost_model_cold,902,1206404,0.0276077,True,False,3186,634,1,0
shrinking_b_decay_channels_4_r1,branch_count,cost_model_warm,902,1206404,0.027643,True,False,2237,1096,1,0
shrinking_b_decay_channels_4_r1,branch_count,cost_model_warm_x0.56,902,1206404,0.0274054,True,False,3284,584,1,0
shrinking_b_decay_channels_4_r2,branch_count,timing,902,4825616,0.0705706,True,False,9064,4,4,0
shrinking_b_decay_channels_4_r2,branch_count,constant_250,902,4825616,0.0547871,True,False,6941,1009,1,0
shrinking_b_decay_channels_4_r2,branch_count,constant_500,902,4825616,0.0575162,True,False,4836,2048,1,0
shrinking_b_decay_channels_4_r2,branch_count,cost_model_cold,902,4825616,0.0535915,True,False,7758,614,1,0
shrinking_b_decay_channels_4_r2,branch_count,cost_model_warm,902,4825616,0.0526566,True,False,6802,1076,1,0
shrinking_b_decay_channels_4_r2,branch_count,cost_model_warm_x0.56,902,4825616,0.054543,True,False,7866,569,1,0
shrinking_b_decay_channels_8_r05,branch_count,timing,902,136052,0.0092068,True,False,1477,2,2,0
shrinking_b_decay_channels_8_r05,branch_count,constant_250,902,136052,0.0054298,True,False,1,744,1,0
shrinking_b_decay_channels_8_r05,branch_count,constant_500,902,136052,0.0055104,True,False,1,744,1,0
shrinking_b_decay_channels_8_r05,branch_count,cost_model_cold,902,136052,0.0058616,True,False,422,538,1,0
shrinking_b_decay_channels_8_r05,branch_count,cost_model_warm,902,136052,0.0059149,True,False,1,744,1,0
shrinking_b_decay_channels_8_r05,branch_count,cost_model_warm_x0.56,902,136052,0.0059534,True,False,473,513,1,0
shrinking_b_decay_channels_8_r1,branch_count,timing,902,544208,0.0208279,True,False,3043,2,2,0
shrinking_b_decay_channels_8_r1,branch_count,constant_250,902,544208,0.0176564,True,False,924,1035,1,0
shrinking_b_decay_channels_8_r1,branch_count,constant_500,902,544208,0.0202771,True,False,1,1473,1,0
shrinking_b_decay_channels_8_r1,branch_count,cost_model_cold,902,544208,0.0164488,True,False,1992,528,1,0
shrinking_b_decay_channels_8_r1,branch_count,cost_model_warm,902,544208,0.0163897,True,False,1130,931,1,0
shrinking_b_decay_channels_8_r1,branch_count,cost_model_warm_x0.56,902,544208,0.016481,True,False,2038,502,1,0
shrinking_b_decay_channels_8_r2,branch_count,timing,902,2176835,0.0423393,True,False,6083,2,2,0
shrinking_b_decay_channels_8_r2,branch_count,constant_250,902,2176835,0.0400695,True,False,3979,1020,1,0
shrinking_b_decay_channels_8_r2,branch_count,constant_500,902,2176835,0.0590804,True,False,1846,2065,1,0
shrinking_b_decay_channels_8_r2,branch_count,cost_model_cold,902,2176835,0.0443499,True,False,5051,515,1,0
shrinking_b_decay_channels_8_r2,branch_count,cost_model_warm,902,2176835,0.0453163,True,False,4196,921,1,0
shrinking_b_decay_channels_8_r2,branch_count,cost_model_warm_x0.56,902,2176835,0.0455326,True,False,5104,492,1,0
dense_support_q4_r05,dense_support,timing,902,51808284,0.2503126,True,False,19224,498,7,0
dense_support_q4_r05,dense_support,constant_250,902,51808284,0.2106781,True,False,9446,767,1,0
dense_support_q4_r05,dense_support,constant_500,902,51808284,0.2412033,True,False,1,1201,1,0
dense_support_q4_r05,dense_support,cost_model_cold,902,51808284,0.2234416,True,False,7947,821,1,0
dense_support_q4_r05,dense_support,cost_model_warm,902,51808284,0.2854052,True,False,253,1187,1,0
dense_support_q4_r05,dense_support,cost_model_warm_x0.56,902,51808284,0.2465281,True,False,11202,709,1,0
dense_support_q6_r05,dense_support,timing,902,27887386,0.2348256,True,False,21518,231,9,0
dense_support_q6_r05,dense_support,constant_250,902,27887386,0.1677252,True,False,2822,731,1,0
dense_support_q6_r05,dense_support,constant_500,902,27887386,0.1860524,True,False,1,882,1,0
dense_support_q6_r05,dense_support,cost_model_cold,902,27887386,0.1730436,True,False,6877,565,1,0
dense_support_q6_r05,dense_support,cost_model_warm,902,27887386,0.2202998,True,False,1,882,1,0
dense_support_q6_r05,dense_support,cost_model_warm_x0.56,902,27887386,0.2026096,True,False,6416,582,1,0
dense_support_q6_r1,dense_support,timing,902,111549544,0.6260153,True,False,41175,485,13,0
dense_support_q6_r1,dense_support,constant_250,902,111549544,0.5665716,True,False,26043,775,1,0
dense_support_q6_r1,dense_support,constant_500,902,111549544,0.7390685,True,False,5609,1461,1,0
dense_support_q6_r1,dense_support,cost_model_cold,902,111549544,0.5605511,True,False,36886,552,1,0
dense_support_q6_r1,dense_support,cost_model_warm,902,111549544,0.6572747,True,False,14744,1096,1,0
dense_support_q6_r1,dense_support,cost_model_warm_x0.56,902,111549544,0.5372087,True,False,35372,578,1,0
dense_support_q8_r05,dense_support,timing,902,11229781,0.1312957,True,False,7620,263,3,0
dense_support_q8_r05,dense_support,constant_250,902,11229781,0.1431294,True,False,1,560,1,0
dense_support_q8_r05,dense_support,constant_500,902,11229781,0.1411158,True,False,1,560,1,0
dense_support_q8_r05,dense_support,cost_model_cold,902,11229781,0.1320289,True,False,3177,403,1,0
dense_support_q8_r05,dense_support,cost_model_warm,902,11229781,0.1221743,True,False,1,560,1,0
dense_support_q8_r05,dense_support,cost_model_warm_x0.56,902,11229781,0.1148446,True,False,1901,460,1,0
dense_support_q8_r1,dense_support,timing,902,44919127,0.3735239,True,False,19499,430,7,0
dense_support_q8_r1,dense_support,constant_250,902,44919127,0.4649753,True,False,7510,761,1,0
dense_support_q8_r1,dense_support,constant_500,902,44919127,0.5357506,True,False,1,1118,1,0
dense_support_q8_r1,dense_support,cost_model_cold,902,44919127,0.3593158,True,False,20270,412,1,0
dense_support_q8_r1,dense_support,cost_model_warm,902,44919127,0.4909862,True,False,5033,860,1,0
dense_support_q8_r1,dense_support,cost_model_warm_x0.56,902,44919127,0.4245738,True,False,16484,494,1,0
dense_support_q8_r2,dense_support,timing,902,179676508,1.1785523,True,False,46202,716,13,0
dense_support_q8_r2,dense_support,constant_250,902,179676508,1.2165209,True,False,44177,748,1,0
dense_support_q8_r2,dense_support,constant_500,902,179676508,1.5723309,True,False,15044,1520,1,0
dense_support_q8_r2,dense_support,cost_model_cold,902,179676508,1.2007145,True,False,79312,263,1,0
dense_support_q8_r2,dense_support,cost_model_warm,902,179676508,1.2673671,True,False,36465,904,1,0
dense_support_q8_r2,dense_support,cost_model_warm_x0.56,902,179676508,1.1205879,True,False,68637,382,1,0
dense_support_q12_r05,dense_support,timing,902,6479467,0.2716152,True,False,17361,32,7,0
dense_support_q12_r05,dense_support,constant_250,902,6479467,0.1622726,True,False,1,426,1,0
dense_support_q12_r05,dense_support,constant_500,902,6479467,0.1632032,True,False,1,426,1,0
dense_support_q12_r05,dense_support,cost_model_cold,902,6479467,0.1364713,True,False,3422,269,1,0
dense_support_q12_r05,dense_support,cost_model_warm,902,6479467,0.1368689,True,False,1,426,1,0
dense_support_q12_r05,dense_support,cost_model_warm_x0.56,902,6479467,0.1371687,True,False,1489,348,1,0
dense_support_q12_r1,dense_support,timing,902,25917869,0.518697,True,False,30612,99,9,0
dense_support_q12_r1,dense_support,constant_250,902,25917869,0.5317082,True,False,2296,726,1,0
dense_support_q12_r1,dense_support,constant_500,902,25917869,0.6286341,True,False,1,850,1,0
dense_support_q12_r1,dense_support,cost_model_cold,902,25917869,0.4304619,True,False,18319,258,1,0
dense_support_q12_r1,dense_support,cost_model_warm,902,25917869,0.5312646,True,False,4063,643,1,0
dense_support_q12_r1,dense_support,cost_model_warm_x0.56,902,25917869,0.4798586,True,False,12661,371,1,0
dense_support_q12_r2,dense_support,timing,902,103671478,1.2127149,True,False,55727,255,15,0
dense_support_q12_r2,dense_support,constant_250,902,103671478,1.4688849,True,False,23908,777,1,0
dense_support_q12_r2,dense_support,constant_500,902,103671478,2.1138229,True,False,4525,1450,1,0
dense_support_q12_r2,dense_support,cost_model_cold,902,103671478,1.2004211,True,False,68718,120,1,0
dense_support_q12_r2,dense_support,cost_model_warm,902,103671478,1.4046518,True,False,28608,668,1,0
dense_support_q12_r2,dense_support,cost_model_warm_x0.56,902,103671478,1.2055072,True,False,52823,281,1,0
collision_o2_g0_n1000000_r05,collision,timing,902,25047792,0.1444152,True,False,13199,349,5,0
collision_o2_g0_n1000000_r05,collision,constant_250,902,25047792,0.1304158,True,False,2061,723,1,0
collision_o2_g0_n1000000_r05,collision,constant_500,902,25047792,0.1368823,True,False,1,836,1,0
collision_o2_g0_n1000000_r05,collision,cost_model_cold,902,25047792,0.1306814,True,False,1314,763,1,0
collision_o2_g0_n1000000_r05,collision,cost_model_warm,902,25047792,0.1350611,True,False,1,836,1,0
collision_o2_g0_n1000000_r05,collision,cost_model_warm_x0.56,902,25047792,0.1293541,True,False,3200,668,1,0
collision_o2_g0_n1000000_r1,collision,timing,902,100191171,0.426783,True,False,35701,513,11,0
collision_o2_g0_n1000000_r1,collision,constant_250,902,100191171,0.3689474,True,False,22948,778,1,0
collision_o2_g0_n1000000_r1,collision,constant_500,902,100191171,0.4403298,True,False,4065,1445,1,0
collision_o2_g0_n1000000_r1,collision,cost_model_cold,902,100191171,0.4306441,True,False,20256,849,1,0
collision_o2_g0_n1000000_r1,collision,cost_model_warm,902,100191171,0.4708494,True,False,7510,1285,1,0
collision_o2_g0_n1000000_r1,collision,cost_model_warm_x0.56,902,100191171,0.4190398,True,False,25391,718,1,0
collision_o2_g1_n1000000_r05,collision,timing,902,76826873,0.341437,True,False,2843,1229,3,0
collision_o2_g1_n1000000_r05,collision,constant_250,902,76826873,0.367283,True,False,10415,958,1,0
collision_o2_g1_n1000000_r05,collision,constant_500,902,76826873,0.4131586,True,False,1,1358,1,0
collision_o2_g1_n1000000_r05,collision,cost_model_cold,902,76826873,0.3967045,True,False,1750,1276,1,0
collision_o2_g1_n1000000_r05,collision,cost_model_warm,902,76826873,0.3460305,True,False,1,1358,1,0
collision_o2_g1_n1000000_r05,collision,cost_model_warm_x0.56,902,76826873,0.3816388,True,False,2025,1264,1,0
collision_o2_g2_n1000000_r05,collision,timing,902,125202179,0.6624396,True,False,3260,1500,5,0
collision_o2_g2_n1000000_r05,collision,constant_250,902,125202179,0.6150663,True,False,15835,1146,1,0
collision_o2_g2_n1000000_r05,collision,constant_500,902,125202179,0.6444857,True,False,1,1630,1,0
collision_o2_g2_n1000000_r05,collision,cost_model_cold,902,125202179,0.567564,True,False,2135,1543,1,0
collision_o2_g2_n1000000_r05,collision,cost_model_warm,902,125202179,0.6251545,True,False,1,1630,1,0
collision_o2_g2_n1000000_r05,collision,cost_model_warm_x0.56,902,125202179,0.6061024,True,False,1972,1550,1,0
rossler_r05,rossler,timing,903,1513487,10.0000203,False,True,788542,251,202,0
rossler_r05,rossler,constant_250,903,1513487,10.0000121,False,True,762485,0,0,0
rossler_r05,rossler,constant_500,903,1513487,10.000017,False,True,775942,1068,2,0
rossler_r05,rossler,cost_model_cold,903,1513487,10.000023,False,True,791981,0,0,0
rossler_r05,rossler,cost_model_warm,903,1513487,10.0000263,False,True,789545,331,2,0
rossler_r05,rossler,cost_model_warm_x0.56,903,1513487,10.0000105,False,True,750150,0,0,0
rossler_r1,rossler,timing,903,6053948,10.0000182,False,True,714708,180,178,0
rossler_r1,rossler,constant_250,903,6053948,10.000048,False,True,714504,0,0,0
rossler_r1,rossler,constant_500,903,6053948,10.0000134,False,True,733086,0,0,0
rossler_r1,rossler,cost_model_cold,903,6053948,10.0000192,False,True,720023,0,0,0
rossler_r1,rossler,cost_model_warm,903,6053948,10.000022,False,True,729030,0,0,0
rossler_r1,rossler,cost_model_warm_x0.56,903,6053948,10.0000221,False,True,734204,0,0,0
rossler_r2,rossler,timing,903,24215794,10.0000274,False,True,529279,130,130,0
rossler_r2,rossler,constant_250,903,24215794,10.0000137,False,True,520827,0,0,0
rossler_r2,rossler,constant_500,903,24215794,10.0000153,False,True,523637,0,0,0
rossler_r2,rossler,cost_model_cold,903,24215794,10.0000182,False,True,517285,0,0,0
rossler_r2,rossler,cost_model_warm,903,24215794,10.0000213,False,True,510693,0,0,0
rossler_r2,rossler,cost_model_warm_x0.56,903,24215794,10.0000213,False,True,523433,0,0,0
dimerization_r05,dimerization,timing,903,7136178,0.1499367,True,False,15153,4,4,0
dimerization_r05,dimerization,constant_250,903,7136178,0.1532543,True,False,15184,0,0,0
dimerization_r05,dimerization,constant_500,903,7136178,0.1467786,True,False,1,2313,1,0
dimerization_r05,dimerization,cost_model_cold,903,7136178,0.1562596,True,False,15184,0,0,0
dimerization_r05,dimerization,cost_model_warm,903,7136178,0.1484169,True,False,1,2313,1,0
dimerization_r05,dimerization,cost_model_warm_x0.56,903,7136178,0.155708,True,False,15184,0,0,0
dimerization_r1,dimerization,timing,903,28544713,0.3008632,True,False,28367,324,10,0
dimerization_r1,dimerization,constant_250,903,28544713,0.2706784,True,False,30221,0,0,0
dimerization_r1,dimerization,constant_500,903,28544713,0.3073681,True,False,30221,0,0,0
dimerization_r1,dimerization,cost_model_cold,903,28544713,0.3195647,True,False,30221,0,0,0
dimerization_r1,dimerization,cost_model_warm,903,28544713,0.3176093,True,False,30221,0,0,0
dimerization_r1,dimerization,cost_model_warm_x0.56,903,28544713,0.2799407,True,False,30221,0,0,0
dimerization_r2,dimerization,timing,903,114178853,0.6160939,True,False,60772,16,16,0
dimerization_r2,dimerization,constant_250,903,114178853,0.6021371,True,False,61152,0,0,0
dimerization_r2,dimerization,constant_500,903,114178853,0.6381781,True,False,61152,0,0,0
dimerization_r2,dimerization,cost_model_cold,903,114178853,0.6081845,True,False,61152,0,0,0
dimerization_r2,dimerization,cost_model_warm,903,114178853,0.64745,True,False,61152,0,0,0
dimerization_r2,dimerization,cost_model_warm_x0.56,903,114178853,0.6155279,True,False,61152,0,0,0
lotka_volterra_r05,lotka_volterra,timing,903,657186,0.8720613,True,False,75568,3520,42,0
lotka_volterra_r05,lotka_volterra,constant_250,903,657186,0.7667547,True,False,84803,0,0,0
lotka_volterra_r05,lotka_volterra,constant_500,903,657186,0.6902966,True,False,29697,21709,7,0
lotka_volterra_r05,lotka_volterra,cost_model_cold,903,657186,0.8763989,True,False,84803,0,0,0
lotka_volterra_r05,lotka_volterra,cost_model_warm,903,657186,0.8031739,True,False,22313,24386,7,0
lotka_volterra_r05,lotka_volterra,cost_model_warm_x0.56,903,657186,0.8027171,True,False,84803,0,0,0
lotka_volterra_r1,lotka_volterra,timing,903,2628746,1.5339981,True,False,165523,1679,62,0
lotka_volterra_r1,lotka_volterra,constant_250,903,2628746,1.5841202,True,False,169601,0,0,0
lotka_volterra_r1,lotka_volterra,constant_500,903,2628746,1.5120575,True,False,169601,0,0,0
lotka_volterra_r1,lotka_volterra,cost_model_cold,903,2628746,1.5828425,True,False,169601,0,0,0
lotka_volterra_r1,lotka_volterra,cost_model_warm,903,2628746,1.5599561,True,False,169601,0,0,0
lotka_volterra_r1,lotka_volterra,cost_model_warm_x0.56,903,2628746,1.6725263,True,False,169601,0,0,0
lotka_volterra_r2,lotka_volterra,timing,903,10514985,3.3956175,True,False,339556,88,88,0
lotka_volterra_r2,lotka_volterra,constant_250,903,10514985,3.3407702,True,False,339639,0,0,0
lotka_volterra_r2,lotka_volterra,constant_500,903,10514985,3.3012581,True,False,339639,0,0,0
lotka_volterra_r2,lotka_volterra,cost_model_cold,903,10514985,3.4041018,True,False,339639,0,0,0
lotka_volterra_r2,lotka_volterra,cost_model_warm,903,10514985,3.3605787,True,False,339639,0,0,0
lotka_volterra_r2,lotka_volterra,cost_model_warm_x0.56,903,10514985,3.3763898,True,False,339639,0,0,0
shrinking_r05,shrinking,timing,903,368657,0.0157785,True,False,2487,2,2,0
shrinking_r05,shrinking,constant_250,903,368657,0.0086369,True,False,372,1035,1,0
shrinking_r05,shrinking,constant_500,903,368657,0.0085013,True,False,1,1213,1,0
shrinking_r05,shrinking,cost_model_cold,903,368657,0.0100704,True,False,824,811,1,0
shrinking_r05,shrinking,cost_model_warm,903,368657,0.0089267,True,False,1,1213,1,0
shrinking_r05,shrinking,cost_model_warm_x0.56,903,368657,0.0094509,True,False,1040,706,1,0
shrinking_r1,shrinking,timing,903,1474628,0.0323073,True,False,4978,2,2,0
shrinking_r1,shrinking,constant_250,903,1474628,0.0268983,True,False,2909,1028,1,0
shrinking_r1,shrinking,constant_500,903,1474628,0.0295703,True,False,774,2061,1,0
shrinking_r1,shrinking,cost_model_cold,903,1474628,0.0274026,True,False,3379,804,1,0
shrinking_r1,shrinking,cost_model_warm,903,1474628,0.0256926,True,False,2293,1326,1,0
shrinking_r1,shrinking,cost_model_warm_x0.56,903,1474628,0.0270898,True,False,3590,696,1,0
shrinking_r2,shrinking,timing,903,5898512,0.0683097,True,False,9983,4,4,0
shrinking_r2,shrinking,constant_250,903,5898512,0.0611286,True,False,7905,1009,1,0
shrinking_r2,shrinking,constant_500,903,5898512,0.0659188,True,False,5734,2048,1,0
shrinking_r2,shrinking,cost_model_cold,903,5898512,0.061645,True,False,8353,782,1,0
shrinking_r2,shrinking,cost_model_warm,903,5898512,0.0605009,True,False,7287,1309,1,0
shrinking_r2,shrinking,cost_model_warm_x0.56,903,5898512,0.0622859,True,False,8565,681,1,0
shrinking_no_b_decay_r05,shrinking,timing,903,1341288,0.0525108,True,False,8447,12,3,0
shrinking_no_b_decay_r05,shrinking,constant_250,903,1341288,0.0156466,True,False,887,608,1,0
shrinking_no_b_decay_r05,shrinking,constant_500,903,1341288,0.0158131,True,False,1,851,1,0
shrinking_no_b_decay_r05,shrinking,cost_model_cold,903,1341288,0.0166778,True,False,1189,536,1,0
shrinking_no_b_decay_r05,shrinking,cost_model_warm,903,1341288,0.0150375,True,False,1,851,1,0
shrinking_no_b_decay_r05,shrinking,cost_model_warm_x0.56,903,1341288,0.0174393,True,False,1570,455,1,0
shrinking_no_b_decay_r1,shrinking,timing,903,5365154,0.0631748,True,False,8500,232,5,0
shrinking_no_b_decay_r1,shrinking,constant_250,903,5365154,0.0530608,True,False,5170,567,1,0
shrinking_no_b_decay_r1,shrinking,constant_500,903,5365154,0.0523706,True,False,1794,1212,1,0
shrinking_no_b_decay_r1,shrinking,cost_model_cold,903,5365154,0.053325,True,False,5566,509,1,0
shrinking_no_b_decay_r1,shrinking,cost_model_warm,903,5365154,0.0490961,True,False,3430,854,1,0
shrinking_no_b_decay_r1,shrinking,cost_model_warm_x0.56,903,5365154,0.0560144,True,False,6162,438,1,0
shrinking_no_b_decay_r2,shrinking,timing,903,21460619,0.1816987,True,False,24952,142,9,0
shrinking_no_b_decay_r2,shrinking,constant_250,903,21460619,0.1240567,True,False,15834,544,1,0
shrinking_no_b_decay_r2,shrinking,constant_500,903,21460619,0.1172392,True,False,10400,1129,1,0
shrinking_no_b_decay_r2,shrinking,cost_model_cold,903,21460619,0.1229552,True,False,16415,501,1,0
shrinking_no_b_decay_r2,shrinking,cost_model_warm,903,21460619,0.1205974,True,False,12810,827,1,0
shrinking_no_b_decay_r2,shrinking,cost_model_warm_x0.56,903,21460619,0.1379903,True,False,17378,435,1,0
shrinking_split_b_decay_r05,shrinking,timing,903,294221,0.0138355,True,False,2234,2,2,0
shrinking_split_b_decay_r05,shrinking,constant_250,903,294221,0.0080187,True,False,108,1032,1,0
shrinking_split_b_decay_r05,shrinking,constant_500,903,294221,0.0080504,True,False,1,1089,1,0
shrinking_split_b_decay_r05,shrinking,cost_model_cold,903,294221,0.0086871,True,False,704,739,1,0
shrinking_split_b_decay_r05,shrinking,cost_model_warm,903,294221,0.0080902,True,False,1,1089,1,0
shrinking_split_b_decay_r05,shrinking,cost_model_warm_x0.56,903,294221,0.0095351,True,False,874,658,1,0
shrinking_split_b_decay_r1,shrinking,timing,903,1176887,0.0303028,True,False,4415,2,2,0
shrinking_split_b_decay_r1,shrinking,constant_250,903,1176887,0.0241713,True,False,2347,1030,1,0
shrinking_split_b_decay_r1,shrinking,constant_500,903,1176887,0.0295193,True,False,207,2067,1,0
shrinking_split_b_decay_r1,shrinking,cost_model_cold,903,1176887,0.0240938,True,False,2959,731,1,0
shrinking_split_b_decay_r1,shrinking,cost_model_warm,903,1176887,0.0238768,True,False,1922,1234,1,0
shrinking_split_b_decay_r1,shrinking,cost_model_warm_x0.56,903,1176887,0.0249769,True,False,3121,651,1,0
shrinking_split_b_decay_r2,shrinking,timing,903,4707548,0.0625858,True,False,8878,4,4,0
shrinking_split_b_decay_r2,shrinking,constant_250,903,4707548,0.055689,True,False,6798,1013,1,0
shrinking_split_b_decay_r2,shrinking,constant_500,903,4707548,0.0640166,True,False,4649,2050,1,0
shrinking_split_b_decay_r2,shrinking,cost_model_cold,903,4707548,0.0569205,True,False,7395,718,1,0
shrinking_split_b_decay_r2,shrinking,cost_model_warm,903,4707548,0.0496395,True,False,6357,1220,1,0
shrinking_split_b_decay_r2,shrinking,cost_model_warm_x0.56,903,4707548,0.0484364,True,False,7560,635,1,0
shrinking_b_decay_channels_1_r05,branch_count,timing,903,321076,0.0117352,True,False,2300,2,2,0
shrinking_b_decay_channels_1_r05,branch_count,constant_250,903,321076,0.0064729,True,False,209,1035,1,0
shrinking_b_decay_channels_1_r05,branch_count,constant_500,903,321076,0.0060829,True,False,1,1136,1,0
shrinking_b_decay_channels_1_r05,branch_count,cost_model_cold,903,321076,0.0070142,True,False,661,810,1,0
shrinking_b_decay_channels_1_r05,branch_count,cost_model_warm,903,321076,0.0062467,True,False,1,1136,1,0
shrinking_b_decay_channels_1_r05,branch_count,cost_model_warm_x0.56,903,321076,0.0073716,True,False,864,708,1,0
shrinking_b_decay_channels_1_r1,branch_count,timing,903,1284304,0.0254135,True,False,4594,2,2,0
shrinking_b_decay_channels_1_r1,branch_count,constant_250,903,1284304,0.0205728,True,False,2501,1026,1,0
shrinking_b_decay_channels_1_r1,branch_count,constant_500,903,1284304,0.0211019,True,False,399,2064,1,0
shrinking_b_decay_channels_1_r1,branch_count,cost_model_cold,903,1284304,0.0204853,True,False,2980,796,1,0
shrinking_b_decay_channels_1_r1,branch_count,cost_model_warm,903,1284304,0.0195772,True,False,1877,1328,1,0
shrinking_b_decay_channels_1_r1,branch_count,cost_model_warm_x0.56,903,1284304,0.0215476,True,False,3189,700,1,0
shrinking_b_decay_channels_1_r2,branch_count,timing,903,5137218,0.0542706,True,False,9296,4,4,0
shrinking_b_decay_channels_1_r2,branch_count,constant_250,903,5137218,0.0490046,True,False,7265,1013,1,0
shrinking_b_decay_channels_1_r2,branch_count,constant_500,903,5137218,0.0524524,True,False,5101,2046,1,0
shrinking_b_decay_channels_1_r2,branch_count,cost_model_cold,903,5137218,0.0491149,True,False,7742,784,1,0
shrinking_b_decay_channels_1_r2,branch_count,cost_model_warm,903,5137218,0.0494334,True,False,6646,1310,1,0
shrinking_b_decay_channels_1_r2,branch_count,cost_model_warm_x0.56,903,5137218,0.0552772,True,False,7961,680,1,0
shrinking_b_decay_channels_2_r05,branch_count,timing,903,297449,0.013961,True,False,2244,2,2,0
shrinking_b_decay_channels_2_r05,branch_count,constant_250,903,297449,0.0080495,True,False,119,1038,1,0
shrinking_b_decay_channels_2_r05,branch_count,constant_500,903,297449,0.0080534,True,False,1,1091,1,0
shrinking_b_decay_channels_2_r05,branch_count,cost_model_cold,903,297449,0.0088168,True,False,738,737,1,0
shrinking_b_decay_channels_2_r05,branch_count,cost_model_warm,903,297449,0.0088125,True,False,1,1091,1,0
shrinking_b_decay_channels_2_r05,branch_count,cost_model_warm_x0.56,903,297449,0.0092135,True,False,905,659,1,0
shrinking_b_decay_channels_2_r1,branch_count,timing,903,1189798,0.0302681,True,False,4442,2,2,0
shrinking_b_decay_channels_2_r1,branch_count,constant_250,903,1189798,0.0258872,True,False,2412,1025,1,0
shrinking_b_decay_channels_2_r1,branch_count,constant_500,903,1189798,0.0299782,True,False,242,2060,1,0
shrinking_b_decay_channels_2_r1,branch_count,cost_model_cold,903,1189798,0.0244366,True,False,3004,729,1,0
shrinking_b_decay_channels_2_r1,branch_count,cost_model_warm,903,1189798,0.0228765,True,False,1960,1236,1,0
shrinking_b_decay_channels_2_r1,branch_count,cost_model_warm_x0.56,903,1189798,0.0249788,True,False,3167,650,1,0
shrinking_b_decay_channels_2_r2,branch_count,timing,903,4759194,0.0621596,True,False,9004,4,4,0
shrinking_b_decay_channels_2_r2,branch_count,constant_250,903,4759194,0.0572107,True,False,6822,1013,1,0
shrinking_b_decay_channels_2_r2,branch_count,constant_500,903,4759194,0.062372,True,False,4649,2047,1,0
shrinking_b_decay_channels_2_r2,branch_count,cost_model_cold,903,4759194,0.0558194,True,False,7448,714,1,0
shrinking_b_decay_channels_2_r2,branch_count,cost_model_warm,903,4759194,0.0563313,True,False,6380,1217,1,0
shrinking_b_decay_channels_2_r2,branch_count,cost_model_warm_x0.56,903,4759194,0.0551972,True,False,7616,636,1,0
shrinking_b_decay_channels_4_r05,branch_count,timing,903,301601,0.0146834,True,False,2201,2,2,0
shrinking_b_decay_channels_4_r05,branch_count,constant_250,903,301601,0.0091547,True,False,140,1034,1,0
shrinking_b_decay_channels_4_r05,branch_count,constant_500,903,301601,0.0089437,True,False,1,1099,1,0
shrinking_b_decay_channels_4_r05,branch_count,cost_model_cold,903,301601,0.0100524,True,False,953,643,1,0
shrinking_b_decay_channels_4_r05,branch_count,cost_model_warm,903,301601,0.0093382,True,False,1,1099,1,0
shrinking_b_decay_channels_4_r05,branch_count,cost_model_warm_x0.56,903,301601,0.0104258,True,False,1049,587,1,0
shrinking_b_decay_channels_4_r1,branch_count,timing,903,1206404,0.0318217,True,False,4449,2,2,0
shrinking_b_decay_channels_4_r1,branch_count,constant_250,903,1206404,0.0257716,True,False,2434,1028,1,0
shrinking_b_decay_channels_4_r1,branch_count,constant_500,903,1206404,0.0324841,True,False,275,2062,1,0
shrinking_b_decay_channels_4_r1,branch_count,cost_model_cold,903,1206404,0.0297391,True,False,3274,633,1,0
shrinking_b_decay_channels_4_r1,branch_count,cost_model_warm,903,1206404,0.0258863,True,False,2298,1096,1,0
shrinking_b_decay_channels_4_r1,branch_count,cost_model_warm_x0.56,903,1206404,0.0276348,True,False,3383,580,1,0
shrinking_b_decay_channels_4_r2,branch_count,timing,903,4825616,0.0664566,True,False,9008,4,4,0
shrinking_b_decay_channels_4_r2,branch_count,constant_250,903,4825616,0.0611982,True,False,6992,1010,1,0
shrinking_b_decay_channels_4_r2,branch_count,constant_500,903,4825616,0.0691753,True,False,4869,2049,1,0
shrinking_b_decay_channels_4_r2,branch_count,cost_model_cold,903,4825616,0.0614881,True,False,7803,615,1,0
shrinking_b_decay_channels_4_r2,branch_count,cost_model_warm,903,4825616,0.0618479,True,False,6866,1076,1,0
shrinking_b_decay_channels_4_r2,branch_count,cost_model_warm_x0.56,903,4825616,0.0637237,True,False,7915,564,1,0
shrinking_b_decay_channels_8_r05,branch_count,timing,903,136052,0.0107776,True,False,1526,2,2,0
shrinking_b_decay_channels_8_r05,branch_count,constant_250,903,136052,0.0067722,True,False,1,736,1,0
shrinking_b_decay_channels_8_r05,branch_count,constant_500,903,136052,0.0064278,True,False,1,736,1,0
shrinking_b_decay_channels_8_r05,branch_count,cost_model_cold,903,136052,0.0067552,True,False,424,531,1,0
shrinking_b_decay_channels_8_r05,branch_count,cost_model_warm,903,136052,0.0058737,True,False,1,736,1,0
shrinking_b_decay_channels_8_r05,branch_count,cost_model_warm_x0.56,903,136052,0.0066631,True,False,472,510,1,0
shrinking_b_decay_channels_8_r1,branch_count,timing,903,544208,0.0223283,True,False,3025,2,2,0
shrinking_b_decay_channels_8_r1,branch_count,constant_250,903,544208,0.0195405,True,False,929,1035,1,0
shrinking_b_decay_channels_8_r1,branch_count,constant_500,903,544208,0.0239887,True,False,1,1473,1,0
shrinking_b_decay_channels_8_r1,branch_count,cost_model_cold,903,544208,0.0186103,True,False,1958,530,1,0
shrinking_b_decay_channels_8_r1,branch_count,cost_model_warm,903,544208,0.020227,True,False,1142,932,1,0
shrinking_b_decay_channels_8_r1,branch_count,cost_model_warm_x0.56,903,544208,0.0175333,True,False,2011,504,1,0
shrinking_b_decay_channels_8_r2,branch_count,timing,903,2176835,0.0461595,True,False,6017,2,2,0
shrinking_b_decay_channels_8_r2,branch_count,constant_250,903,2176835,0.0450511,True,False,3983,1025,1,0
shrinking_b_decay_channels_8_r2,branch_count,constant_500,903,2176835,0.0612256,True,False,1827,2055,1,0
shrinking_b_decay_channels_8_r2,branch_count,cost_model_cold,903,2176835,0.0444586,True,False,5019,519,1,0
shrinking_b_decay_channels_8_r2,branch_count,cost_model_warm,903,2176835,0.0458151,True,False,4196,922,1,0
shrinking_b_decay_channels_8_r2,branch_count,cost_model_warm_x0.56,903,2176835,0.0437027,True,False,5070,491,1,0
dense_support_q4_r05,dense_support,timing,903,51808284,0.2212328,True,False,15474,587,5,0
dense_support_q4_r05,dense_support,constant_250,903,51808284,0.2050869,True,False,9447,767,1,0
dense_support_q4_r05,dense_support,constant_500,903,51808284,0.2357589,True,False,1,1201,1,0
dense_support_q4_r05,dense_support,cost_model_cold,903,51808284,0.2335994,True,False,7925,821,1,0
dense_support_q4_r05,dense_support,cost_model_warm,903,51808284,0.2731346,True,False,248,1187,1,0
dense_support_q4_r05,dense_support,cost_model_warm_x0.56,903,51808284,0.2373623,True,False,11176,709,1,0
dense_support_q6_r05,dense_support,timing,903,27887386,0.189135,True,False,12340,406,5,0
dense_support_q6_r05,dense_support,constant_250,903,27887386,0.1667612,True,False,2790,731,1,0
dense_support_q6_r05,dense_support,constant_500,903,27887386,0.179355,True,False,1,882,1,0
dense_support_q6_r05,dense_support,cost_model_cold,903,27887386,0.1603369,True,False,6861,565,1,0
dense_support_q6_r05,dense_support,cost_model_warm,903,27887386,0.1739465,True,False,1,882,1,0
dense_support_q6_r05,dense_support,cost_model_warm_x0.56,903,27887386,0.1585886,True,False,6404,582,1,0
dense_support_q6_r1,dense_support,timing,903,111549544,0.5328365,True,False,48554,377,13,0
dense_support_q6_r1,dense_support,constant_250,903,111549544,0.6019344,True,False,25989,775,1,0
dense_support_q6_r1,dense_support,constant_500,903,111549544,0.7573013,True,False,5624,1460,1,0
dense_support_q6_r1,dense_support,cost_model_cold,903,111549544,0.5774941,True,False,36880,552,1,0
dense_support_q6_r1,dense_support,cost_model_warm,903,111549544,0.5845899,True,False,14727,1096,1,0
dense_support_q6_r1,dense_support,cost_model_warm_x0.56,903,111549544,0.5836609,True,False,35424,578,1,0
dense_support_q8_r05,dense_support,timing,903,11229781,0.1560963,True,False,15474,120,5,0
dense_support_q8_r05,dense_support,constant_250,903,11229781,0.1199993,True,False,1,560,1,0
dense_support_q8_r05,dense_support,constant_500,903,11229781,0.1197564,True,False,1,560,1,0
dense_support_q8_r05,dense_support,cost_model_cold,903,11229781,0.1110692,True,False,3185,403,1,0
dense_support_q8_r05,dense_support,cost_model_warm,903,11229781,0.1177036,True,False,1,560,1,0
dense_support_q8_r05,dense_support,cost_model_warm_x0.56,903,11229781,0.113693,True,False,1873,460,1,0
dense_support_q8_r1,dense_support,timing,903,44919127,0.3564438,True,False,24929,328,9,0
dense_support_q8_r1,dense_support,constant_250,903,44919127,0.3859312,True,False,7494,761,1,0
dense_support_q8_r1,dense_support,constant_500,903,44919127,0.5035512,True,False,1,1118,1,0
dense_support_q8_r1,dense_support,cost_model_cold,903,44919127,0.3856565,True,False,20209,412,1,0
dense_support_q8_r1,dense_support,cost_model_warm,903,44919127,0.4106616,True,False,5051,860,1,0
dense_support_q8_r1,dense_support,cost_model_warm_x0.56,903,44919127,0.3591306,True,False,16468,494,1,0
dense_support_q8_r2,dense_support,timing,903,179676508,1.1026851,True,False,75284,314,21,0
dense_support_q8_r2,dense_support,constant_250,903,179676508,1.0710761,True,False,44223,748,1,0
dense_support_q8_r2,dense_support,constant_500,903,179676508,1.5107968,True,False,15043,1520,1,0
dense_support_q8_r2,dense_support,cost_model_cold,903,179676508,1.1074814,True,False,79262,263,1,0
dense_support_q8_r2,dense_support,cost_model_warm,903,179676508,1.2027551,True,False,36476,904,1,0
dense_support_q8_r2,dense_support,cost_model_warm_x0.56,903,179676508,1.1007166,True,False,68554,382,1,0
dense_support_q12_r05,dense_support,timing,903,6479467,0.1728368,True,False,11146,99,5,0
dense_support_q12_r05,dense_support,constant_250,903,6479467,0.1384677,True,False,1,426,1,0
dense_support_q12_r05,dense_support,constant_500,903,6479467,0.1402997,True,False,1,426,1,0
dense_support_q12_r05,dense_support,cost_model_cold,903,6479467,0.1285238,True,False,3416,269,1,0
dense_support_q12_r05,dense_support,cost_model_warm,903,6479467,0.1408478,True,False,1,426,1,0
dense_support_q12_r05,dense_support,cost_model_warm_x0.56,903,6479467,0.1492392,True,False,1448,348,1,0
dense_support_q12_r1,dense_support,timing,903,25917869,0.5510503,True,False,37572,39,11,0
dense_support_q12_r1,dense_support,constant_250,903,25917869,0.4901679,True,False,2270,726,1,0
dense_support_q12_r1,dense_support,constant_500,903,25917869,0.5374519,True,False,1,850,1,0
dense_support_q12_r1,dense_support,cost_model_cold,903,25917869,0.4071821,True,False,18254,258,1,0
dense_support_q12_r1,dense_support,cost_model_warm,903,25917869,0.4868193,True,False,4048,643,1,0
dense_support_q12_r1,dense_support,cost_model_warm_x0.56,903,25917869,0.4094824,True,False,12669,371,1,0
dense_support_q12_r2,dense_support,timing,903,103671478,1.1923444,True,False,74910,78,21,0
dense_support_q12_r2,dense_support,constant_250,903,103671478,1.397295,True,False,23868,777,1,0
dense_support_q12_r2,dense_support,constant_500,903,103671478,2.115168,True,False,4523,1450,1,0
dense_support_q12_r2,dense_support,cost_model_cold,903,103671478,1.1837548,True,False,68600,120,1,0
dense_support_q12_r2,dense_support,cost_model_warm,903,103671478,1.3396613,True,False,28596,668,1,0
dense_support_q12_r2,dense_support,cost_model_warm_x0.56,903,103671478,1.1135352,True,False,52819,281,1,0
collision_o2_g0_n1000000_r05,collision,timing,903,25047792,0.1091779,True,False,5187,585,3,0
collision_o2_g0_n1000000_r05,collision,constant_250,903,25047792,0.1165448,True,False,2037,723,1,0
collision_o2_g0_n1000000_r05,collision,constant_500,903,25047792,0.131781,True,False,1,836,1,0
collision_o2_g0_n1000000_r05,collision,cost_model_cold,903,25047792,0.1311199,True,False,1276,763,1,0
collision_o2_g0_n1000000_r05,collision,cost_model_warm,903,25047792,0.1305348,True,False,1,836,1,0
collision_o2_g0_n1000000_r05,collision,cost_model_warm_x0.56,903,25047792,0.106764,True,False,3202,667,1,0
collision_o2_g0_n1000000_r1,collision,timing,903,100191171,0.4123862,True,False,50018,335,19,0
collision_o2_g0_n1000000_r1,collision,constant_250,903,100191171,0.3619222,True,False,22900,778,1,0
collision_o2_g0_n1000000_r1,collision,constant_500,903,100191171,0.4236093,True,False,4055,1445,1,0
collision_o2_g0_n1000000_r1,collision,cost_model_cold,903,100191171,0.3621758,True,False,20207,849,1,0
collision_o2_g0_n1000000_r1,collision,cost_model_warm,903,100191171,0.3978573,True,False,7498,1285,1,0
collision_o2_g0_n1000000_r1,collision,cost_model_warm_x0.56,903,100191171,0.3590758,True,False,25349,718,1,0
collision_o2_g1_n1000000_r05,collision,timing,903,76826873,0.5211362,True,False,15485,837,17,0
collision_o2_g1_n1000000_r05,collision,constant_250,903,76826873,0.5817154,True,False,10413,958,1,0
collision_o2_g1_n1000000_r05,collision,constant_500,903,76826873,0.6190944,True,False,1,1358,1,0
collision_o2_g1_n1000000_r05,collision,cost_model_cold,903,76826873,0.5986657,True,False,1711,1277,1,0
collision_o2_g1_n1000000_r05,collision,cost_model_warm,903,76826873,0.879055,True,False,1,1358,1,0
collision_o2_g1_n1000000_r05,collision,cost_model_warm_x0.56,903,76826873,0.8114502,True,False,2004,1264,1,0
collision_o2_g2_n1000000_r05,collision,timing,903,125202179,1.2947396,True,False,1777,1559,5,0
collision_o2_g2_n1000000_r05,collision,constant_250,903,125202179,1.3134178,True,False,15846,1146,1,0
collision_o2_g2_n1000000_r05,collision,constant_500,903,125202179,1.229745,True,False,1,1629,1,0
collision_o2_g2_n1000000_r05,collision,cost_model_cold,903,125202179,1.239222,True,False,2119,1544,1,0
collision_o2_g2_n1000000_r05,collision,cost_model_warm,903,125202179,14.7684554,False,True,1,444,1,0
collision_o2_g2_n1000000_r05,collision,cost_model_warm_x0.56,903,125202179,1.4039542,True,False,1947,1550,1,0
rossler_r05,rossler,timing,904,1513487,104.9929479,False,True,20068,33,20,0
rossler_r05,rossler,constant_250,904,1513487,212.7048362,False,True,66392,0,0,0
rossler_r05,rossler,constant_500,904,1513487,10.0000165,False,True,613801,1065,2,0
rossler_r05,rossler,cost_model_cold,904,1513487,10.0000166,False,True,804237,0,0,0
rossler_r05,rossler,cost_model_warm,904,1513487,10.0000229,False,True,789520,331,2,0
rossler_r05,rossler,cost_model_warm_x0.56,904,1513487,10.0000193,False,True,795785,0,0,0
rossler_r1,rossler,timing,904,6053948,10.0000182,False,True,786111,197,196,0
rossler_r1,rossler,constant_250,904,6053948,10.0000247,False,True,775160,0,0,0
rossler_r1,rossler,constant_500,904,6053948,10.0000178,False,True,774673,0,0,0
rossler_r1,rossler,cost_model_cold,904,6053948,10.0000208,False,True,745887,0,0,0
rossler_r1,rossler,cost_model_warm,904,6053948,10.0000094,False,True,735928,0,0,0
rossler_r1,rossler,cost_model_warm_x0.56,904,6053948,10.0000115,False,True,713952,0,0,0
rossler_r2,rossler,timing,904,24215794,10.0000221,False,True,530069,134,132,0
rossler_r2,rossler,constant_250,904,24215794,10.0000427,False,True,526286,0,0,0
rossler_r2,rossler,constant_500,904,24215794,10.0000399,False,True,507429,0,0,0
rossler_r2,rossler,cost_model_cold,904,24215794,10.0000135,False,True,516735,0,0,0
rossler_r2,rossler,cost_model_warm,904,24215794,10.0000168,False,True,520159,0,0,0
rossler_r2,rossler,cost_model_warm_x0.56,904,24215794,10.0000202,False,True,507121,0,0,0
dimerization_r05,dimerization,timing,904,7136178,0.1475859,True,False,7090,1275,5,0
dimerization_r05,dimerization,constant_250,904,7136178,0.156114,True,False,15246,0,0,0
dimerization_r05,dimerization,constant_500,904,7136178,0.1227276,True,False,1,2313,1,0
dimerization_r05,dimerization,cost_model_cold,904,7136178,0.1376917,True,False,15246,0,0,0
dimerization_r05,dimerization,cost_model_warm,904,7136178,0.1218788,True,False,1,2313,1,0
dimerization_r05,dimerization,cost_model_warm_x0.56,904,7136178,0.1343981,True,False,15246,0,0,0
dimerization_r1,dimerization,timing,904,28544713,0.3091203,True,False,27521,511,11,0
dimerization_r1,dimerization,constant_250,904,28544713,0.3293006,True,False,30592,0,0,0
dimerization_r1,dimerization,constant_500,904,28544713,0.2819329,True,False,30592,0,0,0
dimerization_r1,dimerization,cost_model_cold,904,28544713,0.2904035,True,False,30592,0,0,0
dimerization_r1,dimerization,cost_model_warm,904,28544713,0.286998,True,False,30592,0,0,0
dimerization_r1,dimerization,cost_model_warm_x0.56,904,28544713,0.2896879,True,False,30592,0,0,0
dimerization_r2,dimerization,timing,904,114178853,0.5880908,True,False,60862,16,16,0
dimerization_r2,dimerization,constant_250,904,114178853,0.5862425,True,False,61175,0,0,0
dimerization_r2,dimerization,constant_500,904,114178853,0.6392093,True,False,61175,0,0,0
dimerization_r2,dimerization,cost_model_cold,904,114178853,0.6236289,True,False,61175,0,0,0
dimerization_r2,dimerization,cost_model_warm,904,114178853,0.649981,True,False,61175,0,0,0
dimerization_r2,dimerization,cost_model_warm_x0.56,904,114178853,0.6033545,True,False,61175,0,0,0
lotka_volterra_r05,lotka_volterra,timing,904,657186,0.7487442,True,False,75535,3918,35,0
lotka_volterra_r05,lotka_volterra,constant_250,904,657186,0.8004799,True,False,85161,0,0,0
lotka_volterra_r05,lotka_volterra,constant_500,904,657186,0.7944317,True,False,29753,21711,7,0
lotka_volterra_r05,lotka_volterra,cost_model_cold,904,657186,0.7908592,True,False,85161,0,0,0
lotka_volterra_r05,lotka_volterra,cost_model_warm,904,657186,0.7218349,True,False,22357,24410,7,0
lotka_volterra_r05,lotka_volterra,cost_model_warm_x0.56,904,657186,0.8018332,True,False,85161,0,0,0
lotka_volterra_r1,lotka_volterra,timing,904,2628746,1.9214225,True,False,121682,18916,48,0
lotka_volterra_r1,lotka_volterra,constant_250,904,2628746,1.6170823,True,False,170194,0,0,0
lotka_volterra_r1,lotka_volterra,constant_500,904,2628746,1.5873504,True,False,170194,0,0,0
lotka_volterra_r1,lotka_volterra,cost_model_cold,904,2628746,1.5745143,True,False,170194,0,0,0
lotka_volterra_r1,lotka_volterra,cost_model_warm,904,2628746,1.5567414,True,False,170194,0,0,0
lotka_volterra_r1,lotka_volterra,cost_model_warm_x0.56,904,2628746,1.6323133,True,False,170194,0,0,0
lotka_volterra_r2,lotka_volterra,timing,904,10514985,3.4447757,True,False,338713,662,100,0
lotka_volterra_r2,lotka_volterra,constant_250,904,10514985,3.437071,True,False,340298,0,0,0
lotka_volterra_r2,lotka_volterra,constant_500,904,10514985,3.2820918,True,False,340298,0,0,0
lotka_volterra_r2,lotka_volterra,cost_model_cold,904,10514985,3.3234011,True,False,340298,0,0,0
lotka_volterra_r2,lotka_volterra,cost_model_warm,904,10514985,3.2991841,True,False,340298,0,0,0
lotka_volterra_r2,lotka_volterra,cost_model_warm_x0.56,904,10514985,3.3846108,True,False,340298,0,0,0
shrinking_r05,shrinking,timing,904,368657,0.0159552,True,False,2494,2,2,0
shrinking_r05,shrinking,constant_250,904,368657,0.0086915,True,False,372,1037,1,0
shrinking_r05,shrinking,constant_500,904,368657,0.0075387,True,False,1,1215,1,0
shrinking_r05,shrinking,cost_model_cold,904,368657,0.0096134,True,False,830,808,1,0
shrinking_r05,shrinking,cost_model_warm,904,368657,0.0091955,True,False,1,1215,1,0
shrinking_r05,shrinking,cost_model_warm_x0.56,904,368657,0.0090951,True,False,1047,707,1,0
shrinking_r1,shrinking,timing,904,1474628,0.0329193,True,False,5015,2,2,0
shrinking_r1,shrinking,constant_250,904,1474628,0.0261554,True,False,2911,1028,1,0
shrinking_r1,shrinking,constant_500,904,1474628,0.030192,True,False,740,2058,1,0
shrinking_r1,shrinking,cost_model_cold,904,1474628,0.027174,True,False,3365,803,1,0
shrinking_r1,shrinking,cost_model_warm,904,1474628,0.0264511,True,False,2263,1327,1,0
shrinking_r1,shrinking,cost_model_warm_x0.56,904,1474628,0.0277032,True,False,3575,698,1,0
shrinking_r2,shrinking,timing,904,5898512,0.0700396,True,False,10047,4,4,0
shrinking_r2,shrinking,constant_250,904,5898512,0.0618941,True,False,7935,1011,1,0
shrinking_r2,shrinking,constant_500,904,5898512,0.0678218,True,False,5802,2048,1,0
shrinking_r2,shrinking,cost_model_cold,904,5898512,0.0639278,True,False,8403,783,1,0
shrinking_r2,shrinking,cost_model_warm,904,5898512,0.0637455,True,False,7314,1308,1,0
shrinking_r2,shrinking,cost_model_warm_x0.56,904,5898512,0.0649068,True,False,8605,679,1,0
shrinking_no_b_decay_r05,shrinking,timing,904,1341288,0.0314799,True,False,4158,186,5,0
shrinking_no_b_decay_r05,shrinking,constant_250,904,1341288,0.0150348,True,False,899,608,1,0
shrinking_no_b_decay_r05,shrinking,constant_500,904,1341288,0.013251,True,False,1,849,1,0
shrinking_no_b_decay_r05,shrinking,cost_model_cold,904,1341288,0.0140378,True,False,1218,537,1,0
shrinking_no_b_decay_r05,shrinking,cost_model_warm,904,1341288,0.0120429,True,False,1,849,1,0
shrinking_no_b_decay_r05,shrinking,cost_model_warm_x0.56,904,1341288,0.0159642,True,False,1613,455,1,0
shrinking_no_b_decay_r1,shrinking,timing,904,5365154,0.0443955,True,False,2766,1015,5,0
shrinking_no_b_decay_r1,shrinking,constant_250,904,5365154,0.0476384,True,False,5252,566,1,0
shrinking_no_b_decay_r1,shrinking,constant_500,904,5365154,0.0443232,True,False,1827,1211,1,0
shrinking_no_b_decay_r1,shrinking,cost_model_cold,904,5365154,0.0484271,True,False,5652,510,1,0
shrinking_no_b_decay_r1,shrinking,cost_model_warm,904,5365154,0.0482012,True,False,3512,854,1,0
shrinking_no_b_decay_r1,shrinking,cost_model_warm_x0.56,904,5365154,0.0498749,True,False,6228,439,1,0
shrinking_no_b_decay_r2,shrinking,timing,904,21460619,0.1800894,True,False,25168,396,11,0
shrinking_no_b_decay_r2,shrinking,constant_250,904,21460619,0.1404538,True,False,15947,545,1,0
shrinking_no_b_decay_r2,shrinking,constant_500,904,21460619,0.1432207,True,False,10497,1129,1,0
shrinking_no_b_decay_r2,shrinking,cost_model_cold,904,21460619,0.1548529,True,False,16554,500,1,0
shrinking_no_b_decay_r2,shrinking,cost_model_warm,904,21460619,0.1421251,True,False,12907,827,1,0
shrinking_no_b_decay_r2,shrinking,cost_model_warm_x0.56,904,21460619,0.1546211,True,False,17523,435,1,0
shrinking_split_b_decay_r05,shrinking,timing,904,294221,0.0152788,True,False,2241,2,2,0
shrinking_split_b_decay_r05,shrinking,constant_250,904,294221,0.0086289,True,False,103,1038,1,0
shrinking_split_b_decay_r05,shrinking,constant_500,904,294221,0.008778,True,False,1,1086,1,0
shrinking_split_b_decay_r05,shrinking,cost_model_cold,904,294221,0.0103039,True,False,732,741,1,0
shrinking_split_b_decay_r05,shrinking,cost_model_warm,904,294221,0.0084036,True,False,1,1086,1,0
shrinking_split_b_decay_r05,shrinking,cost_model_warm_x0.56,904,294221,0.0099378,True,False,892,659,1,0
shrinking_split_b_decay_r1,shrinking,timing,904,1176887,0.0308143,True,False,4472,2,2,0
shrinking_split_b_decay_r1,shrinking,constant_250,904,1176887,0.0257702,True,False,2361,1028,1,0
shrinking_split_b_decay_r1,shrinking,constant_500,904,1176887,0.0321422,True,False,204,2062,1,0
shrinking_split_b_decay_r1,shrinking,cost_model_cold,904,1176887,0.0260393,True,False,2960,733,1,0
shrinking_split_b_decay_r1,shrinking,cost_model_warm,904,1176887,0.0273364,True,False,1932,1230,1,0
shrinking_split_b_decay_r1,shrinking,cost_model_warm_x0.56,904,1176887,0.0271301,True,False,3130,651,1,0
shrinking_split_b_decay_r2,shrinking,timing,904,4707548,0.0645409,True,False,8894,4,4,0
shrinking_split_b_decay_r2,shrinking,constant_250,904,4707548,0.0578837,True,False,6877,1012,1,0
shrinking_split_b_decay_r2,shrinking,constant_500,904,4707548,0.065694,True,False,4753,2053,1,0
shrinking_split_b_decay_r2,shrinking,cost_model_cold,904,4707548,0.0528202,True,False,7503,714,1,0
shrinking_split_b_decay_r2,shrinking,cost_model_warm,904,4707548,0.050412,True,False,6460,1219,1,0
shrinking_split_b_decay_r2,shrinking,cost_model_warm_x0.56,904,4707548,0.0528558,True,False,7665,638,1,0
shrinking_b_decay_channels_1_r05,branch_count,timing,904,321076,0.0085584,True,False,1246,528,3,0
shrinking_b_decay_channels_1_r05,branch_count,constant_250,904,321076,0.0064186,True,False,202,1037,1,0
shrinking_b_decay_channels_1_r05,branch_count,constant_500,904,321076,0.0061854,True,False,1,1140,1,0
shrinking_b_decay_channels_1_r05,branch_count,cost_model_cold,904,321076,0.0070547,True,False,656,815,1,0
shrinking_b_decay_channels_1_r05,branch_count,cost_model_warm,904,321076,0.0063471,True,False,1,1140,1,0
shrinking_b_decay_channels_1_r05,branch_count,cost_model_warm_x0.56,904,321076,0.0077958,True,False,869,709,1,0
shrinking_b_decay_channels_1_r1,branch_count,timing,904,1284304,0.0260907,True,False,4698,2,2,0
shrinking_b_decay_channels_1_r1,branch_count,constant_250,904,1284304,0.020205,True,False,2588,1024,1,0
shrinking_b_decay_channels_1_r1,branch_count,constant_500,904,1284304,0.0221061,True,False,404,2064,1,0
shrinking_b_decay_channels_1_r1,branch_count,cost_model_cold,904,1284304,0.0212892,True,False,3073,798,1,0
shrinking_b_decay_channels_1_r1,branch_count,cost_model_warm,904,1284304,0.0211064,True,False,1945,1329,1,0
shrinking_b_decay_channels_1_r1,branch_count,cost_model_warm_x0.56,904,1284304,0.0222346,True,False,3280,697,1,0
shrinking_b_decay_channels_1_r2,branch_count,timing,904,5137218,0.0555232,True,False,9342,4,4,0
shrinking_b_decay_channels_1_r2,branch_count,constant_250,904,5137218,0.049506,True,False,7228,1011,1,0
shrinking_b_decay_channels_1_r2,branch_count,constant_500,904,5137218,0.0542874,True,False,5125,2045,1,0
shrinking_b_decay_channels_1_r2,branch_count,cost_model_cold,904,5137218,0.0494065,True,False,7711,784,1,0
shrinking_b_decay_channels_1_r2,branch_count,cost_model_warm,904,5137218,0.0520736,True,False,6619,1312,1,0
shrinking_b_decay_channels_1_r2,branch_count,cost_model_warm_x0.56,904,5137218,0.0572095,True,False,7925,681,1,0
shrinking_b_decay_channels_2_r05,branch_count,timing,904,297449,0.0145807,True,False,2245,2,2,0
shrinking_b_decay_channels_2_r05,branch_count,constant_250,904,297449,0.0083723,True,False,114,1032,1,0
shrinking_b_decay_channels_2_r05,branch_count,constant_500,904,297449,0.0089629,True,False,1,1094,1,0
shrinking_b_decay_channels_2_r05,branch_count,cost_model_cold,904,297449,0.0093628,True,False,762,740,1,0
shrinking_b_decay_channels_2_r05,branch_count,cost_model_warm,904,297449,0.0089677,True,False,1,1094,1,0
shrinking_b_decay_channels_2_r05,branch_count,cost_model_warm_x0.56,904,297449,0.0086909,True,False,937,657,1,0
shrinking_b_decay_channels_2_r1,branch_count,timing,904,1189798,0.0322368,True,False,4213,138,4,0
shrinking_b_decay_channels_2_r1,branch_count,constant_250,904,1189798,0.0245884,True,False,2401,1031,1,0
shrinking_b_decay_channels_2_r1,branch_count,constant_500,904,1189798,0.0318534,True,False,244,2066,1,0
shrinking_b_decay_channels_2_r1,branch_count,cost_model_cold,904,1189798,0.025286,True,False,3024,731,1,0
shrinking_b_decay_channels_2_r1,branch_count,cost_model_warm,904,1189798,0.0252204,True,False,1981,1234,1,0
shrinking_b_decay_channels_2_r1,branch_count,cost_model_warm_x0.56,904,1189798,0.0260482,True,False,3195,656,1,0
shrinking_b_decay_channels_2_r2,branch_count,timing,904,4759194,0.0648545,True,False,9001,4,4,0
shrinking_b_decay_channels_2_r2,branch_count,constant_250,904,4759194,0.0614585,True,False,6928,1013,1,0
shrinking_b_decay_channels_2_r2,branch_count,constant_500,904,4759194,0.0674094,True,False,4749,2050,1,0
shrinking_b_decay_channels_2_r2,branch_count,cost_model_cold,904,4759194,0.0620459,True,False,7525,717,1,0
shrinking_b_decay_channels_2_r2,branch_count,cost_model_warm,904,4759194,0.0613903,True,False,6489,1218,1,0
shrinking_b_decay_channels_2_r2,branch_count,cost_model_warm_x0.56,904,4759194,0.0614444,True,False,7686,634,1,0
shrinking_b_decay_channels_4_r05,branch_count,timing,904,301601,0.0166108,True,False,2250,2,2,0
shrinking_b_decay_channels_4_r05,branch_count,constant_250,904,301601,0.0100652,True,False,121,1035,1,0
shrinking_b_decay_channels_4_r05,branch_count,constant_500,904,301601,0.0100729,True,False,1,1098,1,0
shrinking_b_decay_channels_4_r05,branch_count,cost_model_cold,904,301601,0.0105802,True,False,935,644,1,0
shrinking_b_decay_channels_4_r05,branch_count,cost_model_warm,904,301601,0.0101648,True,False,1,1098,1,0
shrinking_b_decay_channels_4_r05,branch_count,cost_model_warm_x0.56,904,301601,0.0109814,True,False,1051,587,1,0
shrinking_b_decay_channels_4_r1,branch_count,timing,904,1206404,0.0337487,True,False,4484,2,2,0
shrinking_b_decay_channels_4_r1,branch_count,constant_250,904,1206404,0.0265917,True,False,2403,1027,1,0
shrinking_b_decay_channels_4_r1,branch_count,constant_500,904,1206404,0.0339939,True,False,272,2063,1,0
shrinking_b_decay_channels_4_r1,branch_count,cost_model_cold,904,1206404,0.0280531,True,False,3234,633,1,0
shrinking_b_decay_channels_4_r1,branch_count,cost_model_warm,904,1206404,0.0273352,True,False,2276,1096,1,0
shrinking_b_decay_channels_4_r1,branch_count,cost_model_warm_x0.56,904,1206404,0.0292958,True,False,3343,584,1,0
shrinking_b_decay_channels_4_r2,branch_count,timing,904,4825616,0.069619,True,False,9122,4,4,0
shrinking_b_decay_channels_4_r2,branch_count,constant_250,904,4825616,0.0659178,True,False,6992,1013,1,0
shrinking_b_decay_channels_4_r2,branch_count,constant_500,904,4825616,0.0700267,True,False,4832,2053,1,0
shrinking_b_decay_channels_4_r2,branch_count,cost_model_cold,904,4825616,0.065476,True,False,7810,615,1,0
shrinking_b_decay_channels_4_r2,branch_count,cost_model_warm,904,4825616,0.0648264,True,False,6855,1073,1,0
shrinking_b_decay_channels_4_r2,branch_count,cost_model_warm_x0.56,904,4825616,0.064802,True,False,7913,568,1,0
shrinking_b_decay_channels_8_r05,branch_count,timing,904,136052,0.0100151,True,False,1478,2,2,0
shrinking_b_decay_channels_8_r05,branch_count,constant_250,904,136052,0.0061517,True,False,1,745,1,0
shrinking_b_decay_channels_8_r05,branch_count,constant_500,904,136052,0.0065292,True,False,1,745,1,0
shrinking_b_decay_channels_8_r05,branch_count,cost_model_cold,904,136052,0.0070751,True,False,427,533,1,0
shrinking_b_decay_channels_8_r05,branch_count,cost_model_warm,904,136052,0.0064955,True,False,1,745,1,0
shrinking_b_decay_channels_8_r05,branch_count,cost_model_warm_x0.56,904,136052,0.0068563,True,False,476,509,1,0
shrinking_b_decay_channels_8_r1,branch_count,timing,904,544208,0.0236687,True,False,3011,2,2,0
shrinking_b_decay_channels_8_r1,branch_count,constant_250,904,544208,0.0199572,True,False,928,1035,1,0
shrinking_b_decay_channels_8_r1,branch_count,constant_500,904,544208,0.0241915,True,False,1,1474,1,0
shrinking_b_decay_channels_8_r1,branch_count,cost_model_cold,904,544208,0.0201141,True,False,1981,528,1,0
shrinking_b_decay_channels_8_r1,branch_count,cost_model_warm,904,544208,0.0195513,True,False,1150,933,1,0
shrinking_b_decay_channels_8_r1,branch_count,cost_model_warm_x0.56,904,544208,0.0218258,True,False,2040,500,1,0
shrinking_b_decay_channels_8_r2,branch_count,timing,904,2176835,0.0501102,True,False,6096,2,2,0
shrinking_b_decay_channels_8_r2,branch_count,constant_250,904,2176835,0.0364139,True,False,3963,1021,1,0
shrinking_b_decay_channels_8_r2,branch_count,constant_500,904,2176835,0.0519123,True,False,1825,2059,1,0
shrinking_b_decay_channels_8_r2,branch_count,cost_model_cold,904,2176835,0.0380481,True,False,5024,513,1,0
shrinking_b_decay_channels_8_r2,branch_count,cost_model_warm,904,2176835,0.0395192,True,False,4174,920,1,0
shrinking_b_decay_channels_8_r2,branch_count,cost_model_warm_x0.56,904,2176835,0.0405595,True,False,5081,491,1,0
dense_support_q4_r05,dense_support,timing,904,51808284,0.2232425,True,False,4650,959,5,0
dense_support_q4_r05,dense_support,constant_250,904,51808284,0.2269505,True,False,9478,768,1,0
dense_support_q4_r05,dense_support,constant_500,904,51808284,0.2846797,True,False,1,1201,1,0
dense_support_q4_r05,dense_support,cost_model_cold,904,51808284,0.2445119,True,False,7948,822,1,0
dense_support_q4_r05,dense_support,cost_model_warm,904,51808284,0.2348385,True,False,243,1187,1,0
dense_support_q4_r05,dense_support,cost_model_warm_x0.56,904,51808284,0.2149644,True,False,11257,709,1,0
dense_support_q6_r05,dense_support,timing,904,27887386,0.22892,True,False,11349,432,5,0
dense_support_q6_r05,dense_support,constant_250,904,27887386,0.2492731,True,False,2829,731,1,0
dense_support_q6_r05,dense_support,constant_500,904,27887386,0.2143012,True,False,1,881,1,0
dense_support_q6_r05,dense_support,cost_model_cold,904,27887386,0.1680699,True,False,6869,565,1,0
dense_support_q6_r05,dense_support,cost_model_warm,904,27887386,0.1867014,True,False,1,881,1,0
dense_support_q6_r05,dense_support,cost_model_warm_x0.56,904,27887386,0.1824344,True,False,6421,581,1,0
dense_support_q6_r1,dense_support,timing,904,111549544,0.6382156,True,False,17043,1024,9,0
dense_support_q6_r1,dense_support,constant_250,904,111549544,0.5244744,True,False,26077,775,1,0
dense_support_q6_r1,dense_support,constant_500,904,111549544,0.6502124,True,False,5624,1461,1,0
dense_support_q6_r1,dense_support,cost_model_cold,904,111549544,0.5215321,True,False,37097,552,1,0
dense_support_q6_r1,dense_support,cost_model_warm,904,111549544,0.6424404,True,False,14777,1096,1,0
dense_support_q6_r1,dense_support,cost_model_warm_x0.56,904,111549544,0.6374605,True,False,35607,578,1,0
dense_support_q8_r05,dense_support,timing,904,11229781,0.1181549,True,False,1709,468,3,0
dense_support_q8_r05,dense_support,constant_250,904,11229781,0.1291778,True,False,1,560,1,0
dense_support_q8_r05,dense_support,constant_500,904,11229781,0.128047,True,False,1,560,1,0
dense_support_q8_r05,dense_support,cost_model_cold,904,11229781,0.1229167,True,False,3229,403,1,0
dense_support_q8_r05,dense_support,cost_model_warm,904,11229781,0.1509882,True,False,1,560,1,0
dense_support_q8_r05,dense_support,cost_model_warm_x0.56,904,11229781,0.1432286,True,False,1893,460,1,0
dense_support_q8_r1,dense_support,timing,904,44919127,0.4445072,True,False,27187,292,9,0
dense_support_q8_r1,dense_support,constant_250,904,44919127,0.4734432,True,False,7504,761,1,0
dense_support_q8_r1,dense_support,constant_500,904,44919127,0.4973047,True,False,1,1118,1,0
dense_support_q8_r1,dense_support,cost_model_cold,904,44919127,0.4019082,True,False,20226,412,1,0
dense_support_q8_r1,dense_support,cost_model_warm,904,44919127,0.4960052,True,False,5055,860,1,0
dense_support_q8_r1,dense_support,cost_model_warm_x0.56,904,44919127,0.4082354,True,False,16503,494,1,0
dense_support_q8_r2,dense_support,timing,904,179676508,1.491587,True,False,18608,1396,7,0
dense_support_q8_r2,dense_support,constant_250,904,179676508,1.2414019,True,False,44414,748,1,0
dense_support_q8_r2,dense_support,constant_500,904,179676508,1.565673,True,False,15090,1520,1,0
dense_support_q8_r2,dense_support,cost_model_cold,904,179676508,1.1654712,True,False,79620,263,1,0
dense_support_q8_r2,dense_support,cost_model_warm,904,179676508,1.286051,True,False,36702,904,1,0
dense_support_q8_r2,dense_support,cost_model_warm_x0.56,904,179676508,1.2258277,True,False,68919,382,1,0
dense_support_q12_r05,dense_support,timing,904,6479467,0.1576098,True,False,8739,138,5,0
dense_support_q12_r05,dense_support,constant_250,904,6479467,0.1409025,True,False,1,426,1,0
dense_support_q12_r05,dense_support,constant_500,904,6479467,0.138749,True,False,1,426,1,0
dense_support_q12_r05,dense_support,cost_model_cold,904,6479467,0.1502004,True,False,3475,269,1,0
dense_support_q12_r05,dense_support,cost_model_warm,904,6479467,0.1684246,True,False,1,426,1,0
dense_support_q12_r05,dense_support,cost_model_warm_x0.56,904,6479467,0.155005,True,False,1462,348,1,0
dense_support_q12_r1,dense_support,timing,904,25917869,0.5040827,True,False,10627,425,5,0
dense_support_q12_r1,dense_support,constant_250,904,25917869,0.5218212,True,False,2292,726,1,0
dense_support_q12_r1,dense_support,constant_500,904,25917869,0.6372013,True,False,1,850,1,0
dense_support_q12_r1,dense_support,cost_model_cold,904,25917869,0.4706904,True,False,18293,258,1,0
dense_support_q12_r1,dense_support,cost_model_warm,904,25917869,0.4848706,True,False,4111,643,1,0
dense_support_q12_r1,dense_support,cost_model_warm_x0.56,904,25917869,0.4914601,True,False,12738,371,1,0
dense_support_q12_r2,dense_support,timing,904,103671478,1.1936009,True,False,60830,205,17,0
dense_support_q12_r2,dense_support,constant_250,904,103671478,1.3740483,True,False,23929,777,1,0
dense_support_q12_r2,dense_support,constant_500,904,103671478,2.0917766,True,False,4576,1450,1,0
dense_support_q12_r2,dense_support,cost_model_cold,904,103671478,1.1230201,True,False,68966,120,1,0
dense_support_q12_r2,dense_support,cost_model_warm,904,103671478,1.2742253,True,False,28682,668,1,0
dense_support_q12_r2,dense_support,cost_model_warm_x0.56,904,103671478,1.1493343,True,False,53053,282,1,0
collision_o2_g0_n1000000_r05,collision,timing,904,25047792,0.1302163,True,False,14235,335,9,0
collision_o2_g0_n1000000_r05,collision,constant_250,904,25047792,0.1097452,True,False,2045,723,1,0
collision_o2_g0_n1000000_r05,collision,constant_500,904,25047792,0.1188714,True,False,1,835,1,0
collision_o2_g0_n1000000_r05,collision,cost_model_cold,904,25047792,0.1150864,True,False,1289,763,1,0
collision_o2_g0_n1000000_r05,collision,cost_model_warm,904,25047792,0.1175709,True,False,1,835,1,0
collision_o2_g0_n1000000_r05,collision,cost_model_warm_x0.56,904,25047792,0.1143587,True,False,3253,668,1,0
collision_o2_g0_n1000000_r1,collision,timing,904,100191171,0.3845587,True,False,23776,761,9,0
collision_o2_g0_n1000000_r1,collision,constant_250,904,100191171,0.353605,True,False,22952,778,1,0
collision_o2_g0_n1000000_r1,collision,constant_500,904,100191171,0.4290092,True,False,4118,1445,1,0
collision_o2_g0_n1000000_r1,collision,cost_model_cold,904,100191171,0.3724974,True,False,20224,849,1,0
collision_o2_g0_n1000000_r1,collision,cost_model_warm,904,100191171,0.4242231,True,False,7509,1285,1,0
collision_o2_g0_n1000000_r1,collision,cost_model_warm_x0.56,904,100191171,0.3614345,True,False,25442,718,1,0
collision_o2_g1_n1000000_r05,collision,timing,904,76826873,0.3535244,True,False,3473,1216,7,0
collision_o2_g1_n1000000_r05,collision,constant_250,904,76826873,0.3603454,True,False,10450,958,1,0
collision_o2_g1_n1000000_r05,collision,constant_500,904,76826873,0.3592802,True,False,1,1357,1,0
collision_o2_g1_n1000000_r05,collision,cost_model_cold,904,76826873,0.34264,True,False,1728,1276,1,0
collision_o2_g1_n1000000_r05,collision,cost_model_warm,904,76826873,0.5315137,True,False,1,1357,1,0
collision_o2_g1_n1000000_r05,collision,cost_model_warm_x0.56,904,76826873,0.4181522,True,False,2011,1264,1,0
collision_o2_g2_n1000000_r05,collision,timing,904,125202179,0.5931853,True,False,10427,1282,7,0
collision_o2_g2_n1000000_r05,collision,constant_250,904,125202179,0.6885804,True,False,15878,1146,1,0
collision_o2_g2_n1000000_r05,collision,constant_500,904,125202179,0.6916621,True,False,1,1629,1,0
collision_o2_g2_n1000000_r05,collision,cost_model_cold,904,125202179,0.6713406,True,False,2121,1543,1,0
collision_o2_g2_n1000000_r05,collision,cost_model_warm,904,125202179,0.6478649,True,False,1,1629,1,0
collision_o2_g2_n1000000_r05,collision,cost_model_warm_x0.56,904,125202179,0.6064913,True,False,1958,1550,1,0
rossler_r05,rossler,timing,901,1513487,10.000029,False,True,764702,204,202,1
rossler_r05,rossler,constant_250,901,1513487,10.0000147,False,True,737586,0,0,1
rossler_r05,rossler,constant_500,901,1513487,10.0000155,False,True,742929,1065,2,1
rossler_r05,rossler,cost_model_cold,901,1513487,10.00002,False,True,761434,0,0,1
rossler_r05,rossler,cost_model_warm,901,1513487,10.0000172,False,True,830359,331,2,1
rossler_r05,rossler,cost_model_warm_x0.56,901,1513487,10.0000142,False,True,783489,0,0,1
rossler_r1,rossler,timing,901,6053948,10.0000189,False,True,744001,187,186,1
rossler_r1,rossler,constant_250,901,6053948,10.000026,False,True,740221,0,0,1
rossler_r1,rossler,constant_500,901,6053948,10.0000216,False,True,736468,0,0,1
rossler_r1,rossler,cost_model_cold,901,6053948,10.0000182,False,True,760889,0,0,1
rossler_r1,rossler,cost_model_warm,901,6053948,10.0000261,False,True,742780,0,0,1
rossler_r1,rossler,cost_model_warm_x0.56,901,6053948,10.0000162,False,True,736339,0,0,1
rossler_r2,rossler,timing,901,24215794,10.0000234,False,True,520128,128,128,1
rossler_r2,rossler,constant_250,901,24215794,10.0000293,False,True,514669,0,0,1
rossler_r2,rossler,constant_500,901,24215794,10.0000165,False,True,539830,0,0,1
rossler_r2,rossler,cost_model_cold,901,24215794,10.0000175,False,True,541916,0,0,1
rossler_r2,rossler,cost_model_warm,901,24215794,10.0000234,False,True,553231,0,0,1
rossler_r2,rossler,cost_model_warm_x0.56,901,24215794,10.0000188,False,True,536974,0,0,1
dimerization_r05,dimerization,timing,901,7136178,0.1282273,True,False,12483,421,7,1
dimerization_r05,dimerization,constant_250,901,7136178,0.1292176,True,False,15200,0,0,1
dimerization_r05,dimerization,constant_500,901,7136178,0.1264855,True,False,1,2313,1,1
dimerization_r05,dimerization,cost_model_cold,901,7136178,0.1496692,True,False,15200,0,0,1
dimerization_r05,dimerization,cost_model_warm,901,7136178,0.1386278,True,False,1,2313,1,1
dimerization_r05,dimerization,cost_model_warm_x0.56,901,7136178,0.1476863,True,False,15200,0,0,1
dimerization_r1,dimerization,timing,901,28544713,0.2650201,True,False,30197,17,10,1
dimerization_r1,dimerization,constant_250,901,28544713,0.2721266,True,False,30453,0,0,1
dimerization_r1,dimerization,constant_500,901,28544713,0.2950558,True,False,30453,0,0,1
dimerization_r1,dimerization,cost_model_cold,901,28544713,0.3061774,True,False,30453,0,0,1
dimerization_r1,dimerization,cost_model_warm,901,28544713,0.2713044,True,False,30453,0,0,1
dimerization_r1,dimerization,cost_model_warm_x0.56,901,28544713,0.2741247,True,False,30453,0,0,1
dimerization_r2,dimerization,timing,901,114178853,0.563716,True,False,60945,16,16,1
dimerization_r2,dimerization,constant_250,901,114178853,0.6160967,True,False,60961,0,0,1
dimerization_r2,dimerization,constant_500,901,114178853,0.576215,True,False,60961,0,0,1
dimerization_r2,dimerization,cost_model_cold,901,114178853,0.6251506,True,False,60961,0,0,1
dimerization_r2,dimerization,cost_model_warm,901,114178853,0.5625393,True,False,60961,0,0,1
dimerization_r2,dimerization,cost_model_warm_x0.56,901,114178853,0.5688958,True,False,60961,0,0,1
lotka_volterra_r05,lotka_volterra,timing,901,657186,0.7699366,True,False,82744,756,38,1
lotka_volterra_r05,lotka_volterra,constant_250,901,657186,0.7833693,True,False,84695,0,0,1
lotka_volterra_r05,lotka_volterra,constant_500,901,657186,0.6416405,True,False,29660,21696,7,1
lotka_volterra_r05,lotka_volterra,cost_model_cold,901,657186,0.7763622,True,False,84695,0,0,1
lotka_volterra_r05,lotka_volterra,cost_model_warm,901,657186,0.6517239,True,False,22330,24369,7,1
lotka_volterra_r05,lotka_volterra,cost_model_warm_x0.56,901,657186,0.7335868,True,False,84695,0,0,1
lotka_volterra_r1,lotka_volterra,timing,901,2628746,1.6082875,True,False,167316,796,56,1
lotka_volterra_r1,lotka_volterra,constant_250,901,2628746,1.489622,True,False,169627,0,0,1
lotka_volterra_r1,lotka_volterra,constant_500,901,2628746,1.4767168,True,False,169627,0,0,1
lotka_volterra_r1,lotka_volterra,cost_model_cold,901,2628746,1.4769726,True,False,169627,0,0,1
lotka_volterra_r1,lotka_volterra,cost_model_warm,901,2628746,1.4832585,True,False,169627,0,0,1
lotka_volterra_r1,lotka_volterra,cost_model_warm_x0.56,901,2628746,1.5547825,True,False,169627,0,0,1
lotka_volterra_r2,lotka_volterra,timing,901,10514985,3.6465632,True,False,311409,11983,88,1
lotka_volterra_r2,lotka_volterra,constant_250,901,10514985,3.181014,True,False,339247,0,0,1
lotka_volterra_r2,lotka_volterra,constant_500,901,10514985,3.2784993,True,False,339247,0,0,1
lotka_volterra_r2,lotka_volterra,cost_model_cold,901,10514985,3.2405545,True,False,339247,0,0,1
lotka_volterra_r2,lotka_volterra,cost_model_warm,901,10514985,3.1931365,True,False,339247,0,0,1
lotka_volterra_r2,lotka_volterra,cost_model_warm_x0.56,901,10514985,3.2540073,True,False,339247,0,0,1
shrinking_r05,shrinking,timing,901,368657,0.0129388,True,False,2474,2,2,1
shrinking_r05,shrinking,constant_250,901,368657,0.0073319,True,False,374,1035,1,1
shrinking_r05,shrinking,constant_500,901,368657,0.0071917,True,False,1,1213,1,1
shrinking_r05,shrinking,cost_model_cold,901,368657,0.0085209,True,False,831,809,1,1
shrinking_r05,shrinking,cost_model_warm,901,368657,0.006697,True,False,1,1213,1,1
shrinking_r05,shrinking,cost_model_warm_x0.56,901,368657,0.0086706,True,False,1043,701,1,1
shrinking_r1,shrinking,timing,901,1474628,0.0274819,True,False,5009,2,2,1
shrinking_r1,shrinking,constant_250,901,1474628,0.0233744,True,False,2881,1023,1,1
shrinking_r1,shrinking,constant_500,901,1474628,0.0235287,True,False,749,2061,1,1
shrinking_r1,shrinking,cost_model_cold,901,1474628,0.0230619,True,False,3351,801,1,1
shrinking_r1,shrinking,cost_model_warm,901,1474628,0.0218545,True,False,2254,1329,1,1
shrinking_r1,shrinking,cost_model_warm_x0.56,901,1474628,0.0230054,True,False,3554,700,1,1
shrinking_r2,shrinking,timing,901,5898512,0.0575698,True,False,9879,4,4,1
shrinking_r2,shrinking,constant_250,901,5898512,0.0528781,True,False,7911,1008,1,1
shrinking_r2,shrinking,constant_500,901,5898512,0.0547927,True,False,5789,2048,1,1
shrinking_r2,shrinking,cost_model_cold,901,5898512,0.0557006,True,False,8379,783,1,1
shrinking_r2,shrinking,cost_model_warm,901,5898512,0.0540334,True,False,7300,1309,1,1
shrinking_r2,shrinking,cost_model_warm_x0.56,901,5898512,0.0614917,True,False,8607,679,1,1
shrinking_no_b_decay_r05,shrinking,timing,901,1341288,0.0505725,True,False,8447,13,3,1
shrinking_no_b_decay_r05,shrinking,constant_250,901,1341288,0.0152014,True,False,895,607,1,1
shrinking_no_b_decay_r05,shrinking,constant_500,901,1341288,0.0141384,True,False,1,851,1,1
shrinking_no_b_decay_r05,shrinking,cost_model_cold,901,1341288,0.0164621,True,False,1206,536,1,1
shrinking_no_b_decay_r05,shrinking,cost_model_warm,901,1341288,0.0154423,True,False,1,851,1,1
shrinking_no_b_decay_r05,shrinking,cost_model_warm_x0.56,901,1341288,0.0176247,True,False,1607,454,1,1
shrinking_no_b_decay_r1,shrinking,timing,901,5365154,0.0610859,True,False,8466,232,5,1
shrinking_no_b_decay_r1,shrinking,constant_250,901,5365154,0.0511904,True,False,5201,567,1,1
shrinking_no_b_decay_r1,shrinking,constant_500,901,5365154,0.0522879,True,False,1839,1211,1,1
shrinking_no_b_decay_r1,shrinking,cost_model_cold,901,5365154,0.0526521,True,False,5605,510,1,1
shrinking_no_b_decay_r1,shrinking,cost_model_warm,901,5365154,0.0452411,True,False,3510,855,1,1
shrinking_no_b_decay_r1,shrinking,cost_model_warm_x0.56,901,5365154,0.0448927,True,False,6187,439,1,1
shrinking_no_b_decay_r2,shrinking,timing,901,21460619,0.1258906,True,False,18390,366,7,1
shrinking_no_b_decay_r2,shrinking,constant_250,901,21460619,0.1217563,True,False,15709,544,1,1
shrinking_no_b_decay_r2,shrinking,constant_500,901,21460619,0.1179909,True,False,10355,1129,1,1
shrinking_no_b_decay_r2,shrinking,cost_model_cold,901,21460619,0.121889,True,False,16309,501,1,1
shrinking_no_b_decay_r2,shrinking,cost_model_warm,901,21460619,0.1164086,True,False,12730,827,1,1
shrinking_no_b_decay_r2,shrinking,cost_model_warm_x0.56,901,21460619,0.1260663,True,False,17289,435,1,1
shrinking_split_b_decay_r05,shrinking,timing,901,294221,0.0122214,True,False,2278,2,2,1
shrinking_split_b_decay_r05,shrinking,constant_250,901,294221,0.0069059,True,False,106,1033,1,1
shrinking_split_b_decay_r05,shrinking,constant_500,901,294221,0.0068925,True,False,1,1091,1,1
shrinking_split_b_decay_r05,shrinking,cost_model_cold,901,294221,0.0075756,True,False,727,736,1,1
shrinking_split_b_decay_r05,shrinking,cost_model_warm,901,294221,0.0093904,True,False,1,1091,1,1
shrinking_split_b_decay_r05,shrinking,cost_model_warm_x0.56,901,294221,0.0076327,True,False,891,658,1,1
shrinking_split_b_decay_r1,shrinking,timing,901,1176887,0.0265081,True,False,4459,2,2,1
shrinking_split_b_decay_r1,shrinking,constant_250,901,1176887,0.0215797,True,False,2331,1030,1,1
shrinking_split_b_decay_r1,shrinking,constant_500,901,1176887,0.0261478,True,False,199,2065,1,1
shrinking_split_b_decay_r1,shrinking,cost_model_cold,901,1176887,0.0208961,True,False,2949,732,1,1
shrinking_split_b_decay_r1,shrinking,cost_model_warm,901,1176887,0.0210569,True,False,1897,1228,1,1
shrinking_split_b_decay_r1,shrinking,cost_model_warm_x0.56,901,1176887,0.0216492,True,False,3110,652,1,1
shrinking_split_b_decay_r2,shrinking,timing,901,4707548,0.0577914,True,False,8909,4,4,1
shrinking_split_b_decay_r2,shrinking,constant_250,901,4707548,0.0552061,True,False,6852,1016,1,1
shrinking_split_b_decay_r2,shrinking,constant_500,901,4707548,0.0599065,True,False,4724,2047,1,1
shrinking_split_b_decay_r2,shrinking,cost_model_cold,901,4707548,0.0555137,True,False,7429,718,1,1
shrinking_split_b_decay_r2,shrinking,cost_model_warm,901,4707548,0.0571466,True,False,6428,1215,1,1
shrinking_split_b_decay_r2,shrinking,cost_model_warm_x0.56,901,4707548,0.0574789,True,False,7594,638,1,1
shrinking_b_decay_channels_1_r05,branch_count,timing,901,321076,0.0144518,True,False,2339,2,2,1
shrinking_b_decay_channels_1_r05,branch_count,constant_250,901,321076,0.0077959,True,False,209,1037,1,1
shrinking_b_decay_channels_1_r05,branch_count,constant_500,901,321076,0.0080433,True,False,1,1133,1,1
shrinking_b_decay_channels_1_r05,branch_count,cost_model_cold,901,321076,0.008926,True,False,678,809,1,1
shrinking_b_decay_channels_1_r05,branch_count,cost_model_warm,901,321076,0.0073335,True,False,1,1133,1,1
shrinking_b_decay_channels_1_r05,branch_count,cost_model_warm_x0.56,901,321076,0.0089755,True,False,887,706,1,1
shrinking_b_decay_channels_1_r1,branch_count,timing,901,1284304,0.0314475,True,False,4730,2,2,1
shrinking_b_decay_channels_1_r1,branch_count,constant_250,901,1284304,0.0243865,True,False,2525,1026,1,1
shrinking_b_decay_channels_1_r1,branch_count,constant_500,901,1284304,0.0202058,True,False,407,2061,1,1
shrinking_b_decay_channels_1_r1,branch_count,cost_model_cold,901,1284304,0.0225184,True,False,2987,799,1,1
shrinking_b_decay_channels_1_r1,branch_count,cost_model_warm,901,1284304,0.0183731,True,False,1914,1329,1,1
shrinking_b_decay_channels_1_r1,branch_count,cost_model_warm_x0.56,901,1284304,0.0217548,True,False,3201,694,1,1
shrinking_b_decay_channels_1_r2,branch_count,timing,901,5137218,0.051872,True,False,9349,4,4,1
shrinking_b_decay_channels_1_r2,branch_count,constant_250,901,5137218,0.0458576,True,False,7276,1014,1,1
shrinking_b_decay_channels_1_r2,branch_count,constant_500,901,5137218,0.0483654,True,False,5113,2052,1,1
shrinking_b_decay_channels_1_r2,branch_count,cost_model_cold,901,5137218,0.0468204,True,False,7740,789,1,1
shrinking_b_decay_channels_1_r2,branch_count,cost_model_warm,901,5137218,0.0479894,True,False,6630,1312,1,1
shrinking_b_decay_channels_1_r2,branch_count,cost_model_warm_x0.56,901,5137218,0.0511479,True,False,7953,684,1,1
shrinking_b_decay_channels_2_r05,branch_count,timing,901,297449,0.0116768,True,False,2260,2,2,1
shrinking_b_decay_channels_2_r05,branch_count,constant_250,901,297449,0.0068656,True,False,117,1036,1,1
shrinking_b_decay_channels_2_r05,branch_count,constant_500,901,297449,0.0067191,True,False,1,1096,1,1
shrinking_b_decay_channels_2_r05,branch_count,cost_model_cold,901,297449,0.0087408,True,False,722,736,1,1
shrinking_b_decay_channels_2_r05,branch_count,cost_model_warm,901,297449,0.0079124,True,False,1,1096,1,1
shrinking_b_decay_channels_2_r05,branch_count,cost_model_warm_x0.56,901,297449,0.0097134,True,False,895,659,1,1
shrinking_b_decay_channels_2_r1,branch_count,timing,901,1189798,0.0259815,True,False,4438,2,2,1
shrinking_b_decay_channels_2_r1,branch_count,constant_250,901,1189798,0.0259592,True,False,2384,1028,1,1
shrinking_b_decay_channels_2_r1,branch_count,constant_500,901,1189798,0.0291498,True,False,226,2063,1,1
shrinking_b_decay_channels_2_r1,branch_count,cost_model_cold,901,1189798,0.0252246,True,False,2986,729,1,1
shrinking_b_decay_channels_2_r1,branch_count,cost_model_warm,901,1189798,0.0204882,True,False,1953,1232,1,1
shrinking_b_decay_channels_2_r1,branch_count,cost_model_warm_x0.56,901,1189798,0.0202054,True,False,3151,649,1,1
shrinking_b_decay_channels_2_r2,branch_count,timing,901,4759194,0.0505941,True,False,9051,4,4,1
shrinking_b_decay_channels_2_r2,branch_count,constant_250,901,4759194,0.0473358,True,False,6909,1014,1,1
shrinking_b_decay_channels_2_r2,branch_count,constant_500,901,4759194,0.0520302,True,False,4763,2049,1,1
shrinking_b_decay_channels_2_r2,branch_count,cost_model_cold,901,4759194,0.0501649,True,False,7543,716,1,1
shrinking_b_decay_channels_2_r2,branch_count,cost_model_warm,901,4759194,0.0495777,True,False,6489,1215,1,1
shrinking_b_decay_channels_2_r2,branch_count,cost_model_warm_x0.56,901,4759194,0.0490285,True,False,7708,638,1,1
shrinking_b_decay_channels_4_r05,branch_count,timing,901,301601,0.0137872,True,False,2275,2,2,1
shrinking_b_decay_channels_4_r05,branch_count,constant_250,901,301601,0.0086142,True,False,136,1039,1,1
shrinking_b_decay_channels_4_r05,branch_count,constant_500,901,301601,0.0076724,True,False,1,1097,1,1
shrinking_b_decay_channels_4_r05,branch_count,cost_model_cold,901,301601,0.0087108,True,False,982,640,1,1
shrinking_b_decay_channels_4_r05,branch_count,cost_model_warm,901,301601,0.0081753,True,False,1,1097,1,1
shrinking_b_decay_channels_4_r05,branch_count,cost_model_warm_x0.56,901,301601,0.0089909,True,False,1084,588,1,1
shrinking_b_decay_channels_4_r1,branch_count,timing,901,1206404,0.0284672,True,False,4488,2,2,1
shrinking_b_decay_channels_4_r1,branch_count,constant_250,901,1206404,0.0221895,True,False,2426,1029,1,1
shrinking_b_decay_channels_4_r1,branch_count,constant_500,901,1206404,0.0276579,True,False,248,2062,1,1
shrinking_b_decay_channels_4_r1,branch_count,cost_model_cold,901,1206404,0.0246579,True,False,3245,630,1,1
shrinking_b_decay_channels_4_r1,branch_count,cost_model_warm,901,1206404,0.0223185,True,False,2293,1094,1,1
shrinking_b_decay_channels_4_r1,branch_count,cost_model_warm_x0.56,901,1206404,0.0234102,True,False,3353,583,1,1
shrinking_b_decay_channels_4_r2,branch_count,timing,901,4825616,0.0573194,True,False,8982,4,4,1
shrinking_b_decay_channels_4_r2,branch_count,constant_250,901,4825616,0.0528657,True,False,7025,1011,1,1
shrinking_b_decay_channels_4_r2,branch_count,constant_500,901,4825616,0.0627647,True,False,4883,2050,1,1
shrinking_b_decay_channels_4_r2,branch_count,cost_model_cold,901,4825616,0.0512578,True,False,7837,612,1,1
shrinking_b_decay_channels_4_r2,branch_count,cost_model_warm,901,4825616,0.0501753,True,False,6901,1078,1,1
shrinking_b_decay_channels_4_r2,branch_count,cost_model_warm_x0.56,901,4825616,0.0533889,True,False,7941,564,1,1
shrinking_b_decay_channels_8_r05,branch_count,timing,901,136052,0.0088021,True,False,1505,2,2,1
shrinking_b_decay_channels_8_r05,branch_count,constant_250,901,136052,0.0068652,True,False,1,744,1,1
shrinking_b_decay_channels_8_r05,branch_count,constant_500,901,136052,0.0045959,True,False,1,744,1,1
shrinking_b_decay_channels_8_r05,branch_count,cost_model_cold,901,136052,0.0056668,True,False,432,534,1,1
shrinking_b_decay_channels_8_r05,branch_count,cost_model_warm,901,136052,0.0058069,True,False,1,744,1,1
shrinking_b_decay_channels_8_r05,branch_count,cost_model_warm_x0.56,901,136052,0.0065798,True,False,480,509,1,1
shrinking_b_decay_channels_8_r1,branch_count,timing,901,544208,0.0230279,True,False,3024,2,2,1
shrinking_b_decay_channels_8_r1,branch_count,constant_250,901,544208,0.0183564,True,False,938,1037,1,1
shrinking_b_decay_channels_8_r1,branch_count,constant_500,901,544208,0.0250856,True,False,1,1472,1,1
shrinking_b_decay_channels_8_r1,branch_count,cost_model_cold,901,544208,0.0148043,True,False,1971,527,1,1
shrinking_b_decay_channels_8_r1,branch_count,cost_model_warm,901,544208,0.0147452,True,False,1137,933,1,1
shrinking_b_decay_channels_8_r1,branch_count,cost_model_warm_x0.56,901,544208,0.0174216,True,False,2022,499,1,1
shrinking_b_decay_channels_8_r2,branch_count,timing,901,2176835,0.0378007,True,False,6030,2,2,1
shrinking_b_decay_channels_8_r2,branch_count,constant_250,901,2176835,0.0361039,True,False,3990,1023,1,1
shrinking_b_decay_channels_8_r2,branch_count,constant_500,901,2176835,0.051479,True,False,1844,2063,1,1
shrinking_b_decay_channels_8_r2,branch_count,cost_model_cold,901,2176835,0.0383109,True,False,5053,510,1,1
shrinking_b_decay_channels_8_r2,branch_count,cost_model_warm,901,2176835,0.0378259,True,False,4210,925,1,1
shrinking_b_decay_channels_8_r2,branch_count,cost_model_warm_x0.56,901,2176835,0.0378174,True,False,5112,490,1,1
dense_support_q4_r05,dense_support,timing,901,51808284,0.2112379,True,False,21236,454,7,1
dense_support_q4_r05,dense_support,constant_250,901,51808284,0.2011885,True,False,9493,767,1,1
dense_support_q4_r05,dense_support,constant_500,901,51808284,0.2323345,True,False,1,1201,1,1
dense_support_q4_r05,dense_support,cost_model_cold,901,51808284,0.2088228,True,False,7984,822,1,1
dense_support_q4_r05,dense_support,cost_model_warm,901,51808284,0.2273792,True,False,246,1186,1,1
dense_support_q4_r05,dense_support,cost_model_warm_x0.56,901,51808284,0.2042734,True,False,11250,709,1,1
dense_support_q6_r05,dense_support,timing,901,27887386,0.1855773,True,False,18033,289,11,1
dense_support_q6_r05,dense_support,constant_250,901,27887386,0.1713332,True,False,2813,731,1,1
dense_support_q6_r05,dense_support,constant_500,901,27887386,0.1844228,True,False,1,882,1,1
dense_support_q6_r05,dense_support,cost_model_cold,901,27887386,0.1655292,True,False,6904,565,1,1
dense_support_q6_r05,dense_support,cost_model_warm,901,27887386,0.1814047,True,False,1,882,1,1
dense_support_q6_r05,dense_support,cost_model_warm_x0.56,901,27887386,0.1644859,True,False,6453,581,1,1
dense_support_q6_r1,dense_support,timing,901,111549544,0.5911451,True,False,26550,774,11,1
dense_support_q6_r1,dense_support,constant_250,901,111549544,0.522821,True,False,25964,775,1,1
dense_support_q6_r1,dense_support,constant_500,901,111549544,0.6527911,True,False,5656,1461,1,1
dense_support_q6_r1,dense_support,cost_model_cold,901,111549544,0.56876,True,False,36880,552,1,1
dense_support_q6_r1,dense_support,cost_model_warm,901,111549544,0.5653409,True,False,14755,1096,1,1
dense_support_q6_r1,dense_support,cost_model_warm_x0.56,901,111549544,0.568207,True,False,35425,578,1,1
dense_support_q8_r05,dense_support,timing,901,11229781,0.1203906,True,False,5906,311,3,1
dense_support_q8_r05,dense_support,constant_250,901,11229781,0.1180007,True,False,1,560,1,1
dense_support_q8_r05,dense_support,constant_500,901,11229781,0.1174551,True,False,1,560,1,1
dense_support_q8_r05,dense_support,cost_model_cold,901,11229781,0.1126221,True,False,3223,403,1,1
dense_support_q8_r05,dense_support,cost_model_warm,901,11229781,0.117158,True,False,1,560,1,1
dense_support_q8_r05,dense_support,cost_model_warm_x0.56,901,11229781,0.1131652,True,False,1887,459,1,1
dense_support_q8_r1,dense_support,timing,901,44919127,0.420706,True,False,6274,811,3,1
dense_support_q8_r1,dense_support,constant_250,901,44919127,0.4153459,True,False,7552,761,1,1
dense_support_q8_r1,dense_support,constant_500,901,44919127,0.4689449,True,False,1,1119,1,1
dense_support_q8_r1,dense_support,cost_model_cold,901,44919127,0.3925694,True,False,20220,412,1,1
dense_support_q8_r1,dense_support,cost_model_warm,901,44919127,0.4108996,True,False,5090,860,1,1
dense_support_q8_r1,dense_support,cost_model_warm_x0.56,901,44919127,0.3530677,True,False,16476,494,1,1
dense_support_q8_r2,dense_support,timing,901,179676508,1.0819127,True,False,55352,567,15,1
dense_support_q8_r2,dense_support,constant_250,901,179676508,1.0767094,True,False,44211,748,1,1
dense_support_q8_r2,dense_support,constant_500,901,179676508,1.4872087,True,False,15061,1520,1,1
dense_support_q8_r2,dense_support,cost_model_cold,901,179676508,1.0959083,True,False,79188,263,1,1
dense_support_q8_r2,dense_support,cost_model_warm,901,179676508,1.1986293,True,False,36482,904,1,1
dense_support_q8_r2,dense_support,cost_model_warm_x0.56,901,179676508,1.0880713,True,False,68481,382,1,1
dense_support_q12_r05,dense_support,timing,901,6479467,0.1440468,True,False,7602,160,3,1
dense_support_q12_r05,dense_support,constant_250,901,6479467,0.1360929,True,False,1,426,1,1
dense_support_q12_r05,dense_support,constant_500,901,6479467,0.1381029,True,False,1,426,1,1
dense_support_q12_r05,dense_support,cost_model_cold,901,6479467,0.1495586,True,False,3473,269,1,1
dense_support_q12_r05,dense_support,cost_model_warm,901,6479467,0.1635058,True,False,1,426,1,1
dense_support_q12_r05,dense_support,cost_model_warm_x0.56,901,6479467,0.1532692,True,False,1460,348,1,1
dense_support_q12_r1,dense_support,timing,901,25917869,0.4151816,True,False,21185,214,7,1
dense_support_q12_r1,dense_support,constant_250,901,25917869,0.5246392,True,False,2269,726,1,1
dense_support_q12_r1,dense_support,constant_500,901,25917869,0.5776446,True,False,1,850,1,1
dense_support_q12_r1,dense_support,cost_model_cold,901,25917869,0.4185789,True,False,18293,258,1,1
dense_support_q12_r1,dense_support,cost_model_warm,901,25917869,0.458823,True,False,4102,644,1,1
dense_support_q12_r1,dense_support,cost_model_warm_x0.56,901,25917869,0.4113047,True,False,12690,371,1,1
dense_support_q12_r2,dense_support,timing,901,103671478,1.1485484,True,False,60330,206,17,1
dense_support_q12_r2,dense_support,constant_250,901,103671478,1.329493,True,False,23847,777,1,1
dense_support_q12_r2,dense_support,constant_500,901,103671478,1.9699376,True,False,4581,1450,1,1
dense_support_q12_r2,dense_support,cost_model_cold,901,103671478,1.1729131,True,False,68535,120,1,1
dense_support_q12_r2,dense_support,cost_model_warm,901,103671478,1.3391488,True,False,28567,668,1,1
dense_support_q12_r2,dense_support,cost_model_warm_x0.56,901,103671478,1.1404911,True,False,52771,281,1,1
collision_o2_g0_n1000000_r05,collision,timing,901,25047792,0.1310149,True,False,12731,427,7,1
collision_o2_g0_n1000000_r05,collision,constant_250,901,25047792,0.1090679,True,False,2045,723,1,1
collision_o2_g0_n1000000_r05,collision,constant_500,901,25047792,0.1242442,True,False,1,836,1,1
collision_o2_g0_n1000000_r05,collision,cost_model_cold,901,25047792,0.1255877,True,False,1275,762,1,1
collision_o2_g0_n1000000_r05,collision,cost_model_warm,901,25047792,0.1291892,True,False,1,836,1,1
collision_o2_g0_n1000000_r05,collision,cost_model_warm_x0.56,901,25047792,0.1207401,True,False,3245,668,1,1
collision_o2_g0_n1000000_r1,collision,timing,901,100191171,0.3778518,True,False,10273,1175,7,1
collision_o2_g0_n1000000_r1,collision,constant_250,901,100191171,0.3529358,True,False,22886,777,1,1
collision_o2_g0_n1000000_r1,collision,constant_500,901,100191171,0.4306645,True,False,4107,1445,1,1
collision_o2_g0_n1000000_r1,collision,cost_model_cold,901,100191171,0.3784751,True,False,20218,849,1,1
collision_o2_g0_n1000000_r1,collision,cost_model_warm,901,100191171,0.4098248,True,False,7562,1285,1,1
collision_o2_g0_n1000000_r1,collision,cost_model_warm_x0.56,901,100191171,0.3955165,True,False,25304,718,1,1
collision_o2_g1_n1000000_r05,collision,timing,901,76826873,0.3729352,True,False,13348,892,7,1
collision_o2_g1_n1000000_r05,collision,constant_250,901,76826873,0.3541904,True,False,10457,958,1,1
collision_o2_g1_n1000000_r05,collision,constant_500,901,76826873,0.3798598,True,False,1,1358,1,1
collision_o2_g1_n1000000_r05,collision,cost_model_cold,901,76826873,0.3665289,True,False,1723,1276,1,1
collision_o2_g1_n1000000_r05,collision,cost_model_warm,901,76826873,0.3524245,True,False,1,1358,1,1
collision_o2_g1_n1000000_r05,collision,cost_model_warm_x0.56,901,76826873,0.3453245,True,False,2012,1264,1,1
collision_o2_g2_n1000000_r05,collision,timing,901,125202179,0.5660083,True,False,3710,1490,5,1
collision_o2_g2_n1000000_r05,collision,constant_250,901,125202179,0.5855309,True,False,15855,1146,1,1
collision_o2_g2_n1000000_r05,collision,constant_500,901,125202179,0.5601913,True,False,1,1630,1,1
collision_o2_g2_n1000000_r05,collision,cost_model_cold,901,125202179,0.613829,True,False,2119,1544,1,1
collision_o2_g2_n1000000_r05,collision,cost_model_warm,901,125202179,0.5739581,True,False,1,1630,1,1
collision_o2_g2_n1000000_r05,collision,cost_model_warm_x0.56,901,125202179,0.5948767,True,False,1951,1550,1,1
rossler_r05,rossler,timing,902,1513487,10.0000191,False,True,851664,260,224,1
rossler_r05,rossler,constant_250,902,1513487,10.0000325,False,True,800694,0,0,1
rossler_r05,rossler,constant_500,902,1513487,10.0000178,False,True,798249,1066,2,1
rossler_r05,rossler,cost_model_cold,902,1513487,10.0000108,False,True,799977,0,0,1
rossler_r05,rossler,cost_model_warm,902,1513487,10.0000203,False,True,823065,332,2,1
rossler_r05,rossler,cost_model_warm_x0.56,902,1513487,10.0000221,False,True,788842,0,0,1
rossler_r1,rossler,timing,902,6053948,10.0000109,False,True,770651,192,192,1
rossler_r1,rossler,constant_250,902,6053948,10.0000107,False,True,738233,0,0,1
rossler_r1,rossler,constant_500,902,6053948,10.0000129,False,True,755721,0,0,1
rossler_r1,rossler,cost_model_cold,902,6053948,10.0000191,False,True,759223,0,0,1
rossler_r1,rossler,cost_model_warm,902,6053948,10.0000211,False,True,722665,0,0,1
rossler_r1,rossler,cost_model_warm_x0.56,902,6053948,10.0000206,False,True,707454,0,0,1
rossler_r2,rossler,timing,902,24215794,10.0000367,False,True,544800,134,134,1
rossler_r2,rossler,constant_250,902,24215794,10.0000402,False,True,545046,0,0,1
rossler_r2,rossler,constant_500,902,24215794,10.000022,False,True,543271,0,0,1
rossler_r2,rossler,cost_model_cold,902,24215794,10.0000144,False,True,549552,0,0,1
rossler_r2,rossler,cost_model_warm,902,24215794,10.0000379,False,True,553215,0,0,1
rossler_r2,rossler,cost_model_warm_x0.56,902,24215794,10.0000218,False,True,539967,0,0,1
dimerization_r05,dimerization,timing,902,7136178,0.1423962,True,False,10651,682,7,1
dimerization_r05,dimerization,constant_250,902,7136178,0.146286,True,False,15191,0,0,1
dimerization_r05,dimerization,constant_500,902,7136178,0.1214335,True,False,1,2313,1,1
dimerization_r05,dimerization,cost_model_cold,902,7136178,0.1334058,True,False,15191,0,0,1
dimerization_r05,dimerization,cost_model_warm,902,7136178,0.121542,True,False,1,2313,1,1
dimerization_r05,dimerization,cost_model_warm_x0.56,902,7136178,0.1313008,True,False,15191,0,0,1
dimerization_r1,dimerization,timing,902,28544713,0.2643378,True,False,30533,8,8,1
dimerization_r1,dimerization,constant_250,902,28544713,0.298313,True,False,30457,0,0,1
dimerization_r1,dimerization,constant_500,902,28544713,0.2657721,True,False,30457,0,0,1
dimerization_r1,dimerization,cost_model_cold,902,28544713,0.2781003,True,False,30457,0,0,1
dimerization_r1,dimerization,cost_model_warm,902,28544713,0.2839897,True,False,30457,0,0,1
dimerization_r1,dimerization,cost_model_warm_x0.56,902,28544713,0.3146508,True,False,30457,0,0,1
dimerization_r2,dimerization,timing,902,114178853,0.5697008,True,False,60899,16,16,1
dimerization_r2,dimerization,constant_250,902,114178853,0.5619727,True,False,60875,0,0,1
dimerization_r2,dimerization,constant_500,902,114178853,0.5561537,True,False,60875,0,0,1
dimerization_r2,dimerization,cost_model_cold,902,114178853,0.5733451,True,False,60875,0,0,1
dimerization_r2,dimerization,cost_model_warm,902,114178853,0.5738952,True,False,60875,0,0,1
dimerization_r2,dimerization,cost_model_warm_x0.56,902,114178853,0.6211281,True,False,60875,0,0,1
lotka_volterra_r05,lotka_volterra,timing,902,657186,0.7357325,True,False,78265,2665,32,1
lotka_volterra_r05,lotka_volterra,constant_250,902,657186,0.7800072,True,False,84847,0,0,1
lotka_volterra_r05,lotka_volterra,constant_500,902,657186,0.6811485,True,False,29689,21711,7,1
lotka_volterra_r05,lotka_volterra,cost_model_cold,902,657186,0.7822255,True,False,84847,0,0,1
lotka_volterra_r05,lotka_volterra,cost_model_warm,902,657186,0.6539089,True,False,22332,24394,7,1
lotka_volterra_r05,lotka_volterra,cost_model_warm_x0.56,902,657186,0.762408,True,False,84847,0,0,1
lotka_volterra_r1,lotka_volterra,timing,902,2628746,1.5769781,True,False,167139,1106,62,1
lotka_volterra_r1,lotka_volterra,constant_250,902,2628746,1.5627563,True,False,170038,0,0,1
lotka_volterra_r1,lotka_volterra,constant_500,902,2628746,1.4819778,True,False,170038,0,0,1
lotka_volterra_r1,lotka_volterra,cost_model_cold,902,2628746,1.4928608,True,False,170038,0,0,1
lotka_volterra_r1,lotka_volterra,cost_model_warm,902,2628746,1.4837665,True,False,170038,0,0,1
lotka_volterra_r1,lotka_volterra,cost_model_warm_x0.56,902,2628746,1.57289,True,False,170038,0,0,1
lotka_volterra_r2,lotka_volterra,timing,902,10514985,3.240171,True,False,333410,2841,94,1
lotka_volterra_r2,lotka_volterra,constant_250,902,10514985,3.2449404,True,False,339859,0,0,1
lotka_volterra_r2,lotka_volterra,constant_500,902,10514985,3.206341,True,False,339859,0,0,1
lotka_volterra_r2,lotka_volterra,cost_model_cold,902,10514985,3.2049772,True,False,339859,0,0,1
lotka_volterra_r2,lotka_volterra,cost_model_warm,902,10514985,3.1250523,True,False,339859,0,0,1
lotka_volterra_r2,lotka_volterra,cost_model_warm_x0.56,902,10514985,3.1041871,True,False,339859,0,0,1
shrinking_r05,shrinking,timing,902,368657,0.0141437,True,False,2517,2,2,1
shrinking_r05,shrinking,constant_250,902,368657,0.008444,True,False,381,1032,1,1
shrinking_r05,shrinking,constant_500,902,368657,0.0077245,True,False,1,1217,1,1
shrinking_r05,shrinking,cost_model_cold,902,368657,0.0089281,True,False,848,806,1,1
shrinking_r05,shrinking,cost_model_warm,902,368657,0.0080621,True,False,1,1217,1,1
shrinking_r05,shrinking,cost_model_warm_x0.56,902,368657,0.0095641,True,False,1055,707,1,1
shrinking_r1,shrinking,timing,902,1474628,0.0311022,True,False,5040,2,2,1
shrinking_r1,shrinking,constant_250,902,1474628,0.0245026,True,False,2908,1022,1,1
shrinking_r1,shrinking,constant_500,902,1474628,0.0283981,True,False,750,2061,1,1
shrinking_r1,shrinking,cost_model_cold,902,1474628,0.0286619,True,False,3377,801,1,1
shrinking_r1,shrinking,cost_model_warm,902,1474628,0.0195831,True,False,2300,1329,1,1
shrinking_r1,shrinking,cost_model_warm_x0.56,902,1474628,0.0210453,True,False,3580,697,1,1
shrinking_r2,shrinking,timing,902,5898512,0.0561778,True,False,9995,4,4,1
shrinking_r2,shrinking,constant_250,902,5898512,0.051967,True,False,7972,1011,1,1
shrinking_r2,shrinking,constant_500,902,5898512,0.0547507,True,False,5817,2049,1,1
shrinking_r2,shrinking,cost_model_cold,902,5898512,0.0532607,True,False,8454,783,1,1
shrinking_r2,shrinking,cost_model_warm,902,5898512,0.0522602,True,False,7358,1307,1,1
shrinking_r2,shrinking,cost_model_warm_x0.56,902,5898512,0.053991,True,False,8672,679,1,1
shrinking_no_b_decay_r05,shrinking,timing,902,1341288,0.0448169,True,False,8447,12,3,1
shrinking_no_b_decay_r05,shrinking,constant_250,902,1341288,0.0134174,True,False,919,609,1,1
shrinking_no_b_decay_r05,shrinking,constant_500,902,1341288,0.0123052,True,False,1,852,1,1
shrinking_no_b_decay_r05,shrinking,cost_model_cold,902,1341288,0.0141447,True,False,1215,536,1,1
shrinking_no_b_decay_r05,shrinking,cost_model_warm,902,1341288,0.0133191,True,False,1,852,1,1
shrinking_no_b_decay_r05,shrinking,cost_model_warm_x0.56,902,1341288,0.0155723,True,False,1616,453,1,1
shrinking_no_b_decay_r1,shrinking,timing,902,5365154,0.0750158,True,False,12919,65,5,1
shrinking_no_b_decay_r1,shrinking,constant_250,902,5365154,0.0437435,True,False,5181,566,1,1
shrinking_no_b_decay_r1,shrinking,constant_500,902,5365154,0.0427322,True,False,1828,1212,1,1
shrinking_no_b_decay_r1,shrinking,cost_model_cold,902,5365154,0.0448267,True,False,5595,510,1,1
shrinking_no_b_decay_r1,shrinking,cost_model_warm,902,5365154,0.0422989,True,False,3481,854,1,1
shrinking_no_b_decay_r1,shrinking,cost_model_warm_x0.56,902,5365154,0.0454984,True,False,6171,439,1,1
shrinking_no_b_decay_r2,shrinking,timing,902,21460619,0.1572143,True,False,5084,2104,3,1
shrinking_no_b_decay_r2,shrinking,constant_250,902,21460619,0.1152734,True,False,15851,543,1,1
shrinking_no_b_decay_r2,shrinking,constant_500,902,21460619,0.1129563,True,False,10478,1127,1,1
shrinking_no_b_decay_r2,shrinking,cost_model_cold,902,21460619,0.1236731,True,False,16433,501,1,1
shrinking_no_b_decay_r2,shrinking,cost_model_warm,902,21460619,0.1171918,True,False,12842,827,1,1
shrinking_no_b_decay_r2,shrinking,cost_model_warm_x0.56,902,21460619,0.1247642,True,False,17400,435,1,1
shrinking_split_b_decay_r05,shrinking,timing,902,294221,0.0117365,True,False,2209,2,2,1
shrinking_split_b_decay_r05,shrinking,constant_250,902,294221,0.0070149,True,False,118,1038,1,1
shrinking_split_b_decay_r05,shrinking,constant_500,902,294221,0.0069271,True,False,1,1083,1,1
shrinking_split_b_decay_r05,shrinking,cost_model_cold,902,294221,0.0076685,True,False,732,743,1,1
shrinking_split_b_decay_r05,shrinking,cost_model_warm,902,294221,0.0069086,True,False,1,1083,1,1
shrinking_split_b_decay_r05,shrinking,cost_model_warm_x0.56,902,294221,0.0086901,True,False,898,656,1,1
shrinking_split_b_decay_r1,shrinking,timing,902,1176887,0.0253058,True,False,4460,2,2,1
shrinking_split_b_decay_r1,shrinking,constant_250,902,1176887,0.0207808,True,False,2322,1028,1,1
shrinking_split_b_decay_r1,shrinking,constant_500,902,1176887,0.027455,True,False,188,2065,1,1
shrinking_split_b_decay_r1,shrinking,cost_model_cold,902,1176887,0.0210901,True,False,2942,730,1,1
shrinking_split_b_decay_r1,shrinking,cost_model_warm,902,1176887,0.0205193,True,False,1894,1231,1,1
shrinking_split_b_decay_r1,shrinking,cost_model_warm_x0.56,902,1176887,0.0225346,True,False,3104,652,1,1
shrinking_split_b_decay_r2,shrinking,timing,902,4707548,0.0534243,True,False,8911,4,4,1
shrinking_split_b_decay_r2,shrinking,constant_250,902,4707548,0.0493549,True,False,6826,1011,1,1
shrinking_split_b_decay_r2,shrinking,constant_500,902,4707548,0.0534415,True,False,4716,2050,1,1
shrinking_split_b_decay_r2,shrinking,cost_model_cold,902,4707548,0.0503472,True,False,7459,717,1,1
shrinking_split_b_decay_r2,shrinking,cost_model_warm,902,4707548,0.049848,True,False,6410,1217,1,1
shrinking_split_b_decay_r2,shrinking,cost_model_warm_x0.56,902,4707548,0.0494036,True,False,7624,634,1,1
shrinking_b_decay_channels_1_r05,branch_count,timing,902,321076,0.0121996,True,False,2313,2,2,1
shrinking_b_decay_channels_1_r05,branch_count,constant_250,902,321076,0.0062726,True,False,195,1036,1,1
shrinking_b_decay_channels_1_r05,branch_count,constant_500,902,321076,0.00629,True,False,1,1132,1,1
shrinking_b_decay_channels_1_r05,branch_count,cost_model_cold,902,321076,0.0071022,True,False,674,807,1,1
shrinking_b_decay_channels_1_r05,branch_count,cost_model_warm,902,321076,0.008614,True,False,1,1132,1,1
shrinking_b_decay_channels_1_r05,branch_count,cost_model_warm_x0.56,902,321076,0.0074477,True,False,898,708,1,1
shrinking_b_decay_channels_1_r1,branch_count,timing,902,1284304,0.0257035,True,False,4644,2,2,1
shrinking_b_decay_channels_1_r1,branch_count,constant_250,902,1284304,0.0198835,True,False,2576,1025,1,1
shrinking_b_decay_channels_1_r1,branch_count,constant_500,902,1284304,0.0230066,True,False,412,2063,1,1
shrinking_b_decay_channels_1_r1,branch_count,cost_model_cold,902,1284304,0.0206487,True,False,3034,803,1,1
shrinking_b_decay_channels_1_r1,branch_count,cost_model_warm,902,1284304,0.0199642,True,False,1957,1332,1,1
shrinking_b_decay_channels_1_r1,branch_count,cost_model_warm_x0.56,902,1284304,0.0201788,True,False,3246,699,1,1
shrinking_b_decay_channels_1_r2,branch_count,timing,902,5137218,0.0555288,True,False,9333,4,4,1
shrinking_b_decay_channels_1_r2,branch_count,constant_250,902,5137218,0.0549599,True,False,7290,1013,1,1
shrinking_b_decay_channels_1_r2,branch_count,constant_500,902,5137218,0.0484587,True,False,5154,2047,1,1
shrinking_b_decay_channels_1_r2,branch_count,cost_model_cold,902,5137218,0.04638,True,False,7770,784,1,1
shrinking_b_decay_channels_1_r2,branch_count,cost_model_warm,902,5137218,0.0454094,True,False,6681,1315,1,1
shrinking_b_decay_channels_1_r2,branch_count,cost_model_warm_x0.56,902,5137218,0.0530593,True,False,7977,684,1,1
shrinking_b_decay_channels_2_r05,branch_count,timing,902,297449,0.013894,True,False,2224,2,2,1
shrinking_b_decay_channels_2_r05,branch_count,constant_250,902,297449,0.0082778,True,False,114,1033,1,1
shrinking_b_decay_channels_2_r05,branch_count,constant_500,902,297449,0.0088135,True,False,1,1091,1,1
shrinking_b_decay_channels_2_r05,branch_count,cost_model_cold,902,297449,0.0086351,True,False,722,740,1,1
shrinking_b_decay_channels_2_r05,branch_count,cost_model_warm,902,297449,0.0085189,True,False,1,1091,1,1
shrinking_b_decay_channels_2_r05,branch_count,cost_model_warm_x0.56,902,297449,0.0091411,True,False,881,660,1,1
shrinking_b_decay_channels_2_r1,branch_count,timing,902,1189798,0.0283529,True,False,4501,2,2,1
shrinking_b_decay_channels_2_r1,branch_count,constant_250,902,1189798,0.0210575,True,False,2353,1032,1,1
shrinking_b_decay_channels_2_r1,branch_count,constant_500,902,1189798,0.0318516,True,False,218,2062,1,1
shrinking_b_decay_channels_2_r1,branch_count,cost_model_cold,902,1189798,0.019131,True,False,2962,731,1,1
shrinking_b_decay_channels_2_r1,branch_count,cost_model_warm,902,1189798,0.0208716,True,False,1943,1229,1,1
shrinking_b_decay_channels_2_r1,branch_count,cost_model_warm_x0.56,902,1189798,0.0205263,True,False,3123,650,1,1
shrinking_b_decay_channels_2_r2,branch_count,timing,902,4759194,0.0532974,True,False,8900,4,4,1
shrinking_b_decay_channels_2_r2,branch_count,constant_250,902,4759194,0.0480261,True,False,6907,1009,1,1
shrinking_b_decay_channels_2_r2,branch_count,constant_500,902,4759194,0.0536601,True,False,4773,2049,1,1
shrinking_b_decay_channels_2_r2,branch_count,cost_model_cold,902,4759194,0.0501651,True,False,7527,717,1,1
shrinking_b_decay_channels_2_r2,branch_count,cost_model_warm,902,4759194,0.0520968,True,False,6491,1216,1,1
shrinking_b_decay_channels_2_r2,branch_count,cost_model_warm_x0.56,902,4759194,0.0510029,True,False,7684,637,1,1
shrinking_b_decay_channels_4_r05,branch_count,timing,902,301601,0.0145129,True,False,2252,2,2,1
shrinking_b_decay_channels_4_r05,branch_count,constant_250,902,301601,0.0086025,True,False,129,1037,1,1
shrinking_b_decay_channels_4_r05,branch_count,constant_500,902,301601,0.0077919,True,False,1,1096,1,1
shrinking_b_decay_channels_4_r05,branch_count,cost_model_cold,902,301601,0.00956,True,False,946,642,1,1
shrinking_b_decay_channels_4_r05,branch_count,cost_model_warm,902,301601,0.0075238,True,False,1,1096,1,1
shrinking_b_decay_channels_4_r05,branch_count,cost_model_warm_x0.56,902,301601,0.0107661,True,False,1057,589,1,1
shrinking_b_decay_channels_4_r1,branch_count,timing,902,1206404,0.024594,True,False,1323,1540,3,1
shrinking_b_decay_channels_4_r1,branch_count,constant_250,902,1206404,0.0217481,True,False,2370,1024,1,1
shrinking_b_decay_channels_4_r1,branch_count,constant_500,902,1206404,0.0276113,True,False,251,2063,1,1
shrinking_b_decay_channels_4_r1,branch_count,cost_model_cold,902,1206404,0.0226976,True,False,3186,634,1,1
shrinking_b_decay_channels_4_r1,branch_count,cost_model_warm,902,1206404,0.024012,True,False,2237,1096,1,1
shrinking_b_decay_channels_4_r1,branch_count,cost_model_warm_x0.56,902,1206404,0.0228538,True,False,3284,584,1,1
shrinking_b_decay_channels_4_r2,branch_count,timing,902,4825616,0.0570335,True,False,9064,4,4,1
shrinking_b_decay_channels_4_r2,branch_count,constant_250,902,4825616,0.0536241,True,False,6941,1009,1,1
shrinking_b_decay_channels_4_r2,branch_count,constant_500,902,4825616,0.0585937,True,False,4836,2048,1,1
shrinking_b_decay_channels_4_r2,branch_count,cost_model_cold,902,4825616,0.0540986,True,False,7758,614,1,1
shrinking_b_decay_channels_4_r2,branch_count,cost_model_warm,902,4825616,0.0529474,True,False,6802,1076,1,1
shrinking_b_decay_channels_4_r2,branch_count,cost_model_warm_x0.56,902,4825616,0.053163,True,False,7866,569,1,1
shrinking_b_decay_channels_8_r05,branch_count,timing,902,136052,0.0090905,True,False,1477,2,2,1
shrinking_b_decay_channels_8_r05,branch_count,constant_250,902,136052,0.0053924,True,False,1,744,1,1
shrinking_b_decay_channels_8_r05,branch_count,constant_500,902,136052,0.0056977,True,False,1,744,1,1
shrinking_b_decay_channels_8_r05,branch_count,cost_model_cold,902,136052,0.0063839,True,False,422,538,1,1
shrinking_b_decay_channels_8_r05,branch_count,cost_model_warm,902,136052,0.0054245,True,False,1,744,1,1
shrinking_b_decay_channels_8_r05,branch_count,cost_model_warm_x0.56,902,136052,0.0067107,True,False,473,513,1,1
shrinking_b_decay_channels_8_r1,branch_count,timing,902,544208,0.0198006,True,False,3043,2,2,1
shrinking_b_decay_channels_8_r1,branch_count,constant_250,902,544208,0.0174938,True,False,924,1035,1,1
shrinking_b_decay_channels_8_r1,branch_count,constant_500,902,544208,0.0203535,True,False,1,1473,1,1
shrinking_b_decay_channels_8_r1,branch_count,cost_model_cold,902,544208,0.0161538,True,False,1992,528,1,1
shrinking_b_decay_channels_8_r1,branch_count,cost_model_warm,902,544208,0.0161895,True,False,1130,931,1,1
shrinking_b_decay_channels_8_r1,branch_count,cost_model_warm_x0.56,902,544208,0.0162246,True,False,2038,502,1,1
shrinking_b_decay_channels_8_r2,branch_count,timing,902,2176835,0.0411375,True,False,6083,2,2,1
shrinking_b_decay_channels_8_r2,branch_count,constant_250,902,2176835,0.0388879,True,False,3979,1020,1,1
shrinking_b_decay_channels_8_r2,branch_count,constant_500,902,2176835,0.0529233,True,False,1846,2065,1,1
shrinking_b_decay_channels_8_r2,branch_count,cost_model_cold,902,2176835,0.037466,True,False,5051,515,1,1
shrinking_b_decay_channels_8_r2,branch_count,cost_model_warm,902,2176835,0.0357099,True,False,4196,921,1,1
shrinking_b_decay_channels_8_r2,branch_count,cost_model_warm_x0.56,902,2176835,0.0367066,True,False,5104,492,1,1
dense_support_q4_r05,dense_support,timing,902,51808284,0.2065608,True,False,17602,535,7,1
dense_support_q4_r05,dense_support,constant_250,902,51808284,0.204283,True,False,9446,767,1,1
dense_support_q4_r05,dense_support,constant_500,902,51808284,0.2312103,True,False,1,1201,1,1
dense_support_q4_r05,dense_support,cost_model_cold,902,51808284,0.2065512,True,False,7947,821,1,1
dense_support_q4_r05,dense_support,cost_model_warm,902,51808284,0.2350159,True,False,253,1187,1,1
dense_support_q4_r05,dense_support,cost_model_warm_x0.56,902,51808284,0.1939988,True,False,11202,709,1,1
dense_support_q6_r05,dense_support,timing,902,27887386,0.1558977,True,False,9751,475,5,1
dense_support_q6_r05,dense_support,constant_250,902,27887386,0.1728869,True,False,2822,731,1,1
dense_support_q6_r05,dense_support,constant_500,902,27887386,0.1824154,True,False,1,882,1,1
dense_support_q6_r05,dense_support,cost_model_cold,902,27887386,0.1642875,True,False,6877,565,1,1
dense_support_q6_r05,dense_support,cost_model_warm,902,27887386,0.1798089,True,False,1,882,1,1
dense_support_q6_r05,dense_support,cost_model_warm_x0.56,902,27887386,0.1734756,True,False,6416,582,1,1
dense_support_q6_r1,dense_support,timing,902,111549544,0.5570497,True,False,33576,617,11,1
dense_support_q6_r1,dense_support,constant_250,902,111549544,0.5196231,True,False,26043,775,1,1
dense_support_q6_r1,dense_support,constant_500,902,111549544,0.6765113,True,False,5609,1461,1,1
dense_support_q6_r1,dense_support,cost_model_cold,902,111549544,0.5269975,True,False,36886,552,1,1
dense_support_q6_r1,dense_support,cost_model_warm,902,111549544,0.5759008,True,False,14744,1096,1,1
dense_support_q6_r1,dense_support,cost_model_warm_x0.56,902,111549544,0.5536501,True,False,35372,578,1,1
dense_support_q8_r05,dense_support,timing,902,11229781,0.1279025,True,False,10762,195,5,1
dense_support_q8_r05,dense_support,constant_250,902,11229781,0.1185475,True,False,1,560,1,1
dense_support_q8_r05,dense_support,constant_500,902,11229781,0.1160511,True,False,1,560,1,1
dense_support_q8_r05,dense_support,cost_model_cold,902,11229781,0.1212425,True,False,3177,403,1,1
dense_support_q8_r05,dense_support,cost_model_warm,902,11229781,0.1333458,True,False,1,560,1,1
dense_support_q8_r05,dense_support,cost_model_warm_x0.56,902,11229781,0.1279287,True,False,1901,460,1,1
dense_support_q8_r1,dense_support,timing,902,44919127,0.3684342,True,False,12273,605,5,1
dense_support_q8_r1,dense_support,constant_250,902,44919127,0.3946149,True,False,7510,761,1,1
dense_support_q8_r1,dense_support,constant_500,902,44919127,0.520633,True,False,1,1118,1,1
dense_support_q8_r1,dense_support,cost_model_cold,902,44919127,0.3500093,True,False,20270,412,1,1
dense_support_q8_r1,dense_support,cost_model_warm,902,44919127,0.4006206,True,False,5033,860,1,1
dense_support_q8_r1,dense_support,cost_model_warm_x0.56,902,44919127,0.3526699,True,False,16484,494,1,1
dense_support_q8_r2,dense_support,timing,902,179676508,1.0153427,True,False,72809,342,19,1
dense_support_q8_r2,dense_support,constant_250,902,179676508,1.1032749,True,False,44177,748,1,1
dense_support_q8_r2,dense_support,constant_500,902,179676508,1.4449213,True,False,15044,1520,1,1
dense_support_q8_r2,dense_support,cost_model_cold,902,179676508,1.0195234,True,False,79312,263,1,1
dense_support_q8_r2,dense_support,cost_model_warm,902,179676508,1.1111708,True,False,36465,904,1,1
dense_support_q8_r2,dense_support,cost_model_warm_x0.56,902,179676508,1.0221755,True,False,68637,382,1,1
dense_support_q12_r05,dense_support,timing,902,6479467,0.1524951,True,False,8122,149,3,1
dense_support_q12_r05,dense_support,constant_250,902,6479467,0.131128,True,False,1,426,1,1
dense_support_q12_r05,dense_support,constant_500,902,6479467,0.1359304,True,False,1,426,1,1
dense_support_q12_r05,dense_support,cost_model_cold,902,6479467,0.1302216,True,False,3422,269,1,1
dense_support_q12_r05,dense_support,cost_model_warm,902,6479467,0.1335533,True,False,1,426,1,1
dense_support_q12_r05,dense_support,cost_model_warm_x0.56,902,6479467,0.1284717,True,False,1489,348,1,1
dense_support_q12_r1,dense_support,timing,902,25917869,0.4516401,True,False,29790,107,9,1
dense_support_q12_r1,dense_support,constant_250,902,25917869,0.4940612,True,False,2296,726,1,1
dense_support_q12_r1,dense_support,constant_500,902,25917869,0.6074086,True,False,1,850,1,1
dense_support_q12_r1,dense_support,cost_model_cold,902,25917869,0.4030626,True,False,18319,258,1,1
dense_support_q12_r1,dense_support,cost_model_warm,902,25917869,0.4897762,True,False,4063,643,1,1
dense_support_q12_r1,dense_support,cost_model_warm_x0.56,902,25917869,0.4337938,True,False,12661,371,1,1
dense_support_q12_r2,dense_support,timing,902,103671478,1.0980467,True,False,64545,166,17,1
dense_support_q12_r2,dense_support,constant_250,902,103671478,1.3839041,True,False,23908,777,1,1
dense_support_q12_r2,dense_support,constant_500,902,103671478,1.9889546,True,False,4525,1450,1,1
dense_support_q12_r2,dense_support,cost_model_cold,902,103671478,1.1739909,True,False,68718,120,1,1
dense_support_q12_r2,dense_support,cost_model_warm,902,103671478,1.3201601,True,False,28608,668,1,1
dense_support_q12_r2,dense_support,cost_model_warm_x0.56,902,103671478,1.1519671,True,False,52823,281,1,1
collision_o2_g0_n1000000_r05,collision,timing,902,25047792,0.1101104,True,False,661,799,3,1
collision_o2_g0_n1000000_r05,collision,constant_250,902,25047792,0.1079486,True,False,2061,723,1,1
collision_o2_g0_n1000000_r05,collision,constant_500,902,25047792,0.1132431,True,False,1,836,1,1
collision_o2_g0_n1000000_r05,collision,cost_model_cold,902,25047792,0.1089346,True,False,1314,763,1,1
collision_o2_g0_n1000000_r05,collision,cost_model_warm,902,25047792,0.110991,True,False,1,836,1,1
collision_o2_g0_n1000000_r05,collision,cost_model_warm_x0.56,902,25047792,0.1079043,True,False,3200,668,1,1
collision_o2_g0_n1000000_r1,collision,timing,902,100191171,0.4003667,True,False,51391,292,19,1
collision_o2_g0_n1000000_r1,collision,constant_250,902,100191171,0.3638292,True,False,22948,778,1,1
collision_o2_g0_n1000000_r1,collision,constant_500,902,100191171,0.4633223,True,False,4065,1445,1,1
collision_o2_g0_n1000000_r1,collision,cost_model_cold,902,100191171,0.3484745,True,False,20256,849,1,1
collision_o2_g0_n1000000_r1,collision,cost_model_warm,902,100191171,0.3913306,True,False,7510,1285,1,1
collision_o2_g0_n1000000_r1,collision,cost_model_warm_x0.56,902,100191171,0.388275,True,False,25391,718,1,1
collision_o2_g1_n1000000_r05,collision,timing,902,76826873,0.3536347,True,False,10191,975,7,1
collision_o2_g1_n1000000_r05,collision,constant_250,902,76826873,0.3371721,True,False,10415,958,1,1
collision_o2_g1_n1000000_r05,collision,constant_500,902,76826873,0.3423265,True,False,1,1358,1,1
collision_o2_g1_n1000000_r05,collision,cost_model_cold,902,76826873,0.3819869,True,False,1750,1276,1,1
collision_o2_g1_n1000000_r05,collision,cost_model_warm,902,76826873,0.35869,True,False,1,1358,1,1
collision_o2_g1_n1000000_r05,collision,cost_model_warm_x0.56,902,76826873,0.3375048,True,False,2025,1264,1,1
collision_o2_g2_n1000000_r05,collision,timing,902,125202179,0.6253818,True,False,9924,1290,7,1
collision_o2_g2_n1000000_r05,collision,constant_250,902,125202179,0.5719188,True,False,15835,1146,1,1
collision_o2_g2_n1000000_r05,collision,constant_500,902,125202179,0.6110079,True,False,1,1630,1,1
collision_o2_g2_n1000000_r05,collision,cost_model_cold,902,125202179,0.5512979,True,False,2135,1543,1,1
collision_o2_g2_n1000000_r05,collision,cost_model_warm,902,125202179,0.6160062,True,False,1,1630,1,1
collision_o2_g2_n1000000_r05,collision,cost_model_warm_x0.56,902,125202179,0.5694569,True,False,1972,1550,1,1
rossler_r05,rossler,timing,903,1513487,10.0000158,False,True,843949,217,216,1
rossler_r05,rossler,constant_250,903,1513487,10.0000128,False,True,806030,0,0,1
rossler_r05,rossler,constant_500,903,1513487,10.0000244,False,True,823760,1068,2,1
rossler_r05,rossler,cost_model_cold,903,1513487,10.0000165,False,True,795911,0,0,1
rossler_r05,rossler,cost_model_warm,903,1513487,10.0000223,False,True,803033,331,2,1
rossler_r05,rossler,cost_model_warm_x0.56,903,1513487,10.0000203,False,True,815553,0,0,1
rossler_r1,rossler,timing,903,6053948,10.0000194,False,True,805927,202,202,1
rossler_r1,rossler,constant_250,903,6053948,10.0000164,False,True,764043,0,0,1
rossler_r1,rossler,constant_500,903,6053948,10.0000199,False,True,771785,0,0,1
rossler_r1,rossler,cost_model_cold,903,6053948,10.0000198,False,True,767949,0,0,1
rossler_r1,rossler,cost_model_warm,903,6053948,10.0000256,False,True,757457,0,0,1
rossler_r1,rossler,cost_model_warm_x0.56,903,6053948,10.0000229,False,True,772933,0,0,1
rossler_r2,rossler,timing,903,24215794,10.0000151,False,True,557511,141,140,1
rossler_r2,rossler,constant_250,903,24215794,10.0000189,False,True,557429,0,0,1
rossler_r2,rossler,constant_500,903,24215794,10.0000248,False,True,540280,0,0,1
rossler_r2,rossler,cost_model_cold,903,24215794,10.0000122,False,True,545199,0,0,1
rossler_r2,rossler,cost_model_warm,903,24215794,10.0000295,False,True,557453,0,0,1
rossler_r2,rossler,cost_model_warm_x0.56,903,24215794,10.0000524,False,True,561505,0,0,1
dimerization_r05,dimerization,timing,903,7136178,0.1237279,True,False,15134,7,6,1
dimerization_r05,dimerization,constant_250,903,7136178,0.1258641,True,False,15184,0,0,1
dimerization_r05,dimerization,constant_500,903,7136178,0.1137986,True,False,1,2313,1,1
dimerization_r05,dimerization,cost_model_cold,903,7136178,0.1247278,True,False,15184,0,0,1
dimerization_r05,dimerization,cost_model_warm,903,7136178,0.1138262,True,False,1,2313,1,1
dimerization_r05,dimerization,cost_model_warm_x0.56,903,7136178,0.1229747,True,False,15184,0,0,1
dimerization_r1,dimerization,timing,903,28544713,0.2580248,True,False,30338,8,8,1
dimerization_r1,dimerization,constant_250,903,28544713,0.2630217,True,False,30221,0,0,1
dimerization_r1,dimerization,constant_500,903,28544713,0.2585509,True,False,30221,0,0,1
dimerization_r1,dimerization,cost_model_cold,903,28544713,0.2567991,True,False,30221,0,0,1
dimerization_r1,dimerization,cost_model_warm,903,28544713,0.2627452,True,False,30221,0,0,1
dimerization_r1,dimerization,cost_model_warm_x0.56,903,28544713,0.2618123,True,False,30221,0,0,1
dimerization_r2,dimerization,timing,903,114178853,0.5468076,True,False,60772,16,16,1
dimerization_r2,dimerization,constant_250,903,114178853,0.5460444,True,False,61152,0,0,1
dimerization_r2,dimerization,constant_500,903,114178853,0.5430711,True,False,61152,0,0,1
dimerization_r2,dimerization,cost_model_cold,903,114178853,0.5646672,True,False,61152,0,0,1
dimerization_r2,dimerization,cost_model_warm,903,114178853,0.5466173,True,False,61152,0,0,1
dimerization_r2,dimerization,cost_model_warm_x0.56,903,114178853,0.5643481,True,False,61152,0,0,1
lotka_volterra_r05,lotka_volterra,timing,903,657186,0.6651708,True,False,64101,8067,32,1
lotka_volterra_r05,lotka_volterra,constant_250,903,657186,0.6867488,True,False,84803,0,0,1
lotka_volterra_r05,lotka_volterra,constant_500,903,657186,0.6278244,True,False,29697,21709,7,1
lotka_volterra_r05,lotka_volterra,cost_model_cold,903,657186,0.7067907,True,False,84803,0,0,1
lotka_volterra_r05,lotka_volterra,cost_model_warm,903,657186,0.6458462,True,False,22313,24386,7,1
lotka_volterra_r05,lotka_volterra,cost_model_warm_x0.56,903,657186,0.7178309,True,False,84803,0,0,1
lotka_volterra_r1,lotka_volterra,timing,903,2628746,1.5116967,True,False,166121,1228,62,1
lotka_volterra_r1,lotka_volterra,constant_250,903,2628746,1.4758285,True,False,169601,0,0,1
lotka_volterra_r1,lotka_volterra,constant_500,903,2628746,1.4691856,True,False,169601,0,0,1
lotka_volterra_r1,lotka_volterra,cost_model_cold,903,2628746,1.4567952,True,False,169601,0,0,1
lotka_volterra_r1,lotka_volterra,cost_model_warm,903,2628746,1.492716,True,False,169601,0,0,1
lotka_volterra_r1,lotka_volterra,cost_model_warm_x0.56,903,2628746,1.5252282,True,False,169601,0,0,1
lotka_volterra_r2,lotka_volterra,timing,903,10514985,3.3888585,True,False,339429,106,90,1
lotka_volterra_r2,lotka_volterra,constant_250,903,10514985,3.4910791,True,False,339639,0,0,1
lotka_volterra_r2,lotka_volterra,constant_500,903,10514985,3.4828241,True,False,339639,0,0,1
lotka_volterra_r2,lotka_volterra,cost_model_cold,903,10514985,3.4840454,True,False,339639,0,0,1
lotka_volterra_r2,lotka_volterra,cost_model_warm,903,10514985,3.3210174,True,False,339639,0,0,1
lotka_volterra_r2,lotka_volterra,cost_model_warm_x0.56,903,10514985,3.2179105,True,False,339639,0,0,1
shrinking_r05,shrinking,timing,903,368657,0.0146183,True,False,2487,2,2,1
shrinking_r05,shrinking,constant_250,903,368657,0.0081785,True,False,372,1035,1,1
shrinking_r05,shrinking,constant_500,903,368657,0.0082348,True,False,1,1213,1,1
shrinking_r05,shrinking,cost_model_cold,903,368657,0.0090418,True,False,824,811,1,1
shrinking_r05,shrinking,cost_model_warm,903,368657,0.0082532,True,False,1,1213,1,1
shrinking_r05,shrinking,cost_model_warm_x0.56,903,368657,0.0107688,True,False,1040,706,1,1
shrinking_r1,shrinking,timing,903,1474628,0.0329417,True,False,4978,2,2,1
shrinking_r1,shrinking,constant_250,903,1474628,0.0251269,True,False,2909,1028,1,1
shrinking_r1,shrinking,constant_500,903,1474628,0.0275239,True,False,774,2061,1,1
shrinking_r1,shrinking,cost_model_cold,903,1474628,0.0256763,True,False,3379,804,1,1
shrinking_r1,shrinking,cost_model_warm,903,1474628,0.0258966,True,False,2293,1326,1,1
shrinking_r1,shrinking,cost_model_warm_x0.56,903,1474628,0.0263762,True,False,3590,696,1,1
shrinking_r2,shrinking,timing,903,5898512,0.0659312,True,False,9983,4,4,1
shrinking_r2,shrinking,constant_250,903,5898512,0.0592229,True,False,7905,1009,1,1
shrinking_r2,shrinking,constant_500,903,5898512,0.0608347,True,False,5734,2048,1,1
shrinking_r2,shrinking,cost_model_cold,903,5898512,0.0603623,True,False,8353,782,1,1
shrinking_r2,shrinking,cost_model_warm,903,5898512,0.0590179,True,False,7287,1309,1,1
shrinking_r2,shrinking,cost_model_warm_x0.56,903,5898512,0.0600127,True,False,8565,681,1,1
shrinking_no_b_decay_r05,shrinking,timing,903,1341288,0.0245718,True,False,3446,179,3,1
shrinking_no_b_decay_r05,shrinking,constant_250,903,1341288,0.0151574,True,False,887,608,1,1
shrinking_no_b_decay_r05,shrinking,constant_500,903,1341288,0.0140117,True,False,1,851,1,1
shrinking_no_b_decay_r05,shrinking,cost_model_cold,903,1341288,0.0161201,True,False,1189,536,1,1
shrinking_no_b_decay_r05,shrinking,cost_model_warm,903,1341288,0.0147243,True,False,1,851,1,1
shrinking_no_b_decay_r05,shrinking,cost_model_warm_x0.56,903,1341288,0.0165243,True,False,1570,455,1,1
shrinking_no_b_decay_r1,shrinking,timing,903,5365154,0.0751139,True,False,11066,108,5,1
shrinking_no_b_decay_r1,shrinking,constant_250,903,5365154,0.0417304,True,False,5170,567,1,1
shrinking_no_b_decay_r1,shrinking,constant_500,903,5365154,0.0428581,True,False,1794,1212,1,1
shrinking_no_b_decay_r1,shrinking,cost_model_cold,903,5365154,0.0446149,True,False,5566,509,1,1
shrinking_no_b_decay_r1,shrinking,cost_model_warm,903,5365154,0.0433098,True,False,3430,854,1,1
shrinking_no_b_decay_r1,shrinking,cost_model_warm_x0.56,903,5365154,0.0466593,True,False,6162,438,1,1
shrinking_no_b_decay_r2,shrinking,timing,903,21460619,0.1178067,True,False,12217,899,7,1
shrinking_no_b_decay_r2,shrinking,constant_250,903,21460619,0.119729,True,False,15834,544,1,1
shrinking_no_b_decay_r2,shrinking,constant_500,903,21460619,0.1105754,True,False,10400,1129,1,1
shrinking_no_b_decay_r2,shrinking,cost_model_cold,903,21460619,0.1180905,True,False,16415,501,1,1
shrinking_no_b_decay_r2,shrinking,cost_model_warm,903,21460619,0.1103751,True,False,12810,827,1,1
shrinking_no_b_decay_r2,shrinking,cost_model_warm_x0.56,903,21460619,0.1170308,True,False,17378,435,1,1
shrinking_split_b_decay_r05,shrinking,timing,903,294221,0.0113263,True,False,2234,2,2,1
shrinking_split_b_decay_r05,shrinking,constant_250,903,294221,0.0066328,True,False,108,1032,1,1
shrinking_split_b_decay_r05,shrinking,constant_500,903,294221,0.0065335,True,False,1,1089,1,1
shrinking_split_b_decay_r05,shrinking,cost_model_cold,903,294221,0.0070703,True,False,704,739,1,1
shrinking_split_b_decay_r05,shrinking,cost_model_warm,903,294221,0.0066824,True,False,1,1089,1,1
shrinking_split_b_decay_r05,shrinking,cost_model_warm_x0.56,903,294221,0.0074409,True,False,874,658,1,1
shrinking_split_b_decay_r1,shrinking,timing,903,1176887,0.0235072,True,False,4415,2,2,1
shrinking_split_b_decay_r1,shrinking,constant_250,903,1176887,0.0190774,True,False,2347,1030,1,1
shrinking_split_b_decay_r1,shrinking,constant_500,903,1176887,0.0246827,True,False,207,2067,1,1
shrinking_split_b_decay_r1,shrinking,cost_model_cold,903,1176887,0.019841,True,False,2959,731,1,1
shrinking_split_b_decay_r1,shrinking,cost_model_warm,903,1176887,0.0195152,True,False,1922,1234,1,1
shrinking_split_b_decay_r1,shrinking,cost_model_warm_x0.56,903,1176887,0.0201725,True,False,3121,651,1,1
shrinking_split_b_decay_r2,shrinking,timing,903,4707548,0.0491692,True,False,8878,4,4,1
shrinking_split_b_decay_r2,shrinking,constant_250,903,4707548,0.047213,True,False,6798,1013,1,1
shrinking_split_b_decay_r2,shrinking,constant_500,903,4707548,0.0497293,True,False,4649,2050,1,1
shrinking_split_b_decay_r2,shrinking,cost_model_cold,903,4707548,0.0470427,True,False,7395,718,1,1
shrinking_split_b_decay_r2,shrinking,cost_model_warm,903,4707548,0.0493252,True,False,6357,1220,1,1
shrinking_split_b_decay_r2,shrinking,cost_model_warm_x0.56,903,4707548,0.0537889,True,False,7560,635,1,1
shrinking_b_decay_channels_1_r05,branch_count,timing,903,321076,0.0113754,True,False,2300,2,2,1
shrinking_b_decay_channels_1_r05,branch_count,constant_250,903,321076,0.0058197,True,False,209,1035,1,1
shrinking_b_decay_channels_1_r05,branch_count,constant_500,903,321076,0.0055818,True,False,1,1136,1,1
shrinking_b_decay_channels_1_r05,branch_count,cost_model_cold,903,321076,0.0066445,True,False,661,810,1,1
shrinking_b_decay_channels_1_r05,branch_count,cost_model_warm,903,321076,0.0057572,True,False,1,1136,1,1
shrinking_b_decay_channels_1_r05,branch_count,cost_model_warm_x0.56,903,321076,0.0076101,True,False,864,708,1,1
shrinking_b_decay_channels_1_r1,branch_count,timing,903,1284304,0.0243337,True,False,4594,2,2,1
shrinking_b_decay_channels_1_r1,branch_count,constant_250,903,1284304,0.0200126,True,False,2501,1026,1,1
shrinking_b_decay_channels_1_r1,branch_count,constant_500,903,1284304,0.0203237,True,False,399,2064,1,1
shrinking_b_decay_channels_1_r1,branch_count,cost_model_cold,903,1284304,0.0198561,True,False,2980,796,1,1
shrinking_b_decay_channels_1_r1,branch_count,cost_model_warm,903,1284304,0.0215483,True,False,1877,1328,1,1
shrinking_b_decay_channels_1_r1,branch_count,cost_model_warm_x0.56,903,1284304,0.0202995,True,False,3189,700,1,1
shrinking_b_decay_channels_1_r2,branch_count,timing,903,5137218,0.0548667,True,False,9296,4,4,1
shrinking_b_decay_channels_1_r2,branch_count,constant_250,903,5137218,0.0478928,True,False,7265,1013,1,1
shrinking_b_decay_channels_1_r2,branch_count,constant_500,903,5137218,0.0510416,True,False,5101,2046,1,1
shrinking_b_decay_channels_1_r2,branch_count,cost_model_cold,903,5137218,0.0486135,True,False,7742,784,1,1
shrinking_b_decay_channels_1_r2,branch_count,cost_model_warm,903,5137218,0.0476127,True,False,6646,1310,1,1
shrinking_b_decay_channels_1_r2,branch_count,cost_model_warm_x0.56,903,5137218,0.0491937,True,False,7961,680,1,1
shrinking_b_decay_channels_2_r05,branch_count,timing,903,297449,0.0118686,True,False,2244,2,2,1
shrinking_b_decay_channels_2_r05,branch_count,constant_250,903,297449,0.006908,True,False,119,1038,1,1
shrinking_b_decay_channels_2_r05,branch_count,constant_500,903,297449,0.0068161,True,False,1,1091,1,1
shrinking_b_decay_channels_2_r05,branch_count,cost_model_cold,903,297449,0.0075894,True,False,738,737,1,1
shrinking_b_decay_channels_2_r05,branch_count,cost_model_warm,903,297449,0.0068872,True,False,1,1091,1,1
shrinking_b_decay_channels_2_r05,branch_count,cost_model_warm_x0.56,903,297449,0.0078613,True,False,905,659,1,1
shrinking_b_decay_channels_2_r1,branch_count,timing,903,1189798,0.0264992,True,False,4442,2,2,1
shrinking_b_decay_channels_2_r1,branch_count,constant_250,903,1189798,0.0215273,True,False,2412,1025,1,1
shrinking_b_decay_channels_2_r1,branch_count,constant_500,903,1189798,0.023056,True,False,242,2060,1,1
shrinking_b_decay_channels_2_r1,branch_count,cost_model_cold,903,1189798,0.0202663,True,False,3004,729,1,1
shrinking_b_decay_channels_2_r1,branch_count,cost_model_warm,903,1189798,0.0195996,True,False,1960,1236,1,1
shrinking_b_decay_channels_2_r1,branch_count,cost_model_warm_x0.56,903,1189798,0.0204226,True,False,3167,650,1,1
shrinking_b_decay_channels_2_r2,branch_count,timing,903,4759194,0.0502043,True,False,9004,4,4,1
shrinking_b_decay_channels_2_r2,branch_count,constant_250,903,4759194,0.0453547,True,False,6822,1013,1,1
shrinking_b_decay_channels_2_r2,branch_count,constant_500,903,4759194,0.0526114,True,False,4649,2047,1,1
shrinking_b_decay_channels_2_r2,branch_count,cost_model_cold,903,4759194,0.0472225,True,False,7448,714,1,1
shrinking_b_decay_channels_2_r2,branch_count,cost_model_warm,903,4759194,0.0454639,True,False,6380,1217,1,1
shrinking_b_decay_channels_2_r2,branch_count,cost_model_warm_x0.56,903,4759194,0.0461775,True,False,7616,636,1,1
shrinking_b_decay_channels_4_r05,branch_count,timing,903,301601,0.0074026,True,False,576,820,3,1
shrinking_b_decay_channels_4_r05,branch_count,constant_250,903,301601,0.0072088,True,False,140,1034,1,1
shrinking_b_decay_channels_4_r05,branch_count,constant_500,903,301601,0.0071987,True,False,1,1099,1,1
shrinking_b_decay_channels_4_r05,branch_count,cost_model_cold,903,301601,0.0082434,True,False,953,643,1,1
shrinking_b_decay_channels_4_r05,branch_count,cost_model_warm,903,301601,0.0072085,True,False,1,1099,1,1
shrinking_b_decay_channels_4_r05,branch_count,cost_model_warm_x0.56,903,301601,0.0084005,True,False,1049,587,1,1
shrinking_b_decay_channels_4_r1,branch_count,timing,903,1206404,0.025941,True,False,4449,2,2,1
shrinking_b_decay_channels_4_r1,branch_count,constant_250,903,1206404,0.0211266,True,False,2434,1028,1,1
shrinking_b_decay_channels_4_r1,branch_count,constant_500,903,1206404,0.025751,True,False,275,2062,1,1
shrinking_b_decay_channels_4_r1,branch_count,cost_model_cold,903,1206404,0.0222969,True,False,3274,633,1,1
shrinking_b_decay_channels_4_r1,branch_count,cost_model_warm,903,1206404,0.0230194,True,False,2298,1096,1,1
shrinking_b_decay_channels_4_r1,branch_count,cost_model_warm_x0.56,903,1206404,0.0242293,True,False,3383,580,1,1
shrinking_b_decay_channels_4_r2,branch_count,timing,903,4825616,0.0532647,True,False,9008,4,4,1
shrinking_b_decay_channels_4_r2,branch_count,constant_250,903,4825616,0.0527389,True,False,6992,1010,1,1
shrinking_b_decay_channels_4_r2,branch_count,constant_500,903,4825616,0.0559327,True,False,4869,2049,1,1
shrinking_b_decay_channels_4_r2,branch_count,cost_model_cold,903,4825616,0.0521081,True,False,7803,615,1,1
shrinking_b_decay_channels_4_r2,branch_count,cost_model_warm,903,4825616,0.0540678,True,False,6866,1076,1,1
shrinking_b_decay_channels_4_r2,branch_count,cost_model_warm_x0.56,903,4825616,0.0529876,True,False,7915,564,1,1
shrinking_b_decay_channels_8_r05,branch_count,timing,903,136052,0.0092262,True,False,1526,2,2,1
shrinking_b_decay_channels_8_r05,branch_count,constant_250,903,136052,0.0053619,True,False,1,736,1,1
shrinking_b_decay_channels_8_r05,branch_count,constant_500,903,136052,0.0051382,True,False,1,736,1,1
shrinking_b_decay_channels_8_r05,branch_count,cost_model_cold,903,136052,0.0069457,True,False,424,531,1,1
shrinking_b_decay_channels_8_r05,branch_count,cost_model_warm,903,136052,0.0053465,True,False,1,736,1,1
shrinking_b_decay_channels_8_r05,branch_count,cost_model_warm_x0.56,903,136052,0.0056328,True,False,472,510,1,1
shrinking_b_decay_channels_8_r1,branch_count,timing,903,544208,0.0199341,True,False,3025,2,2,1
shrinking_b_decay_channels_8_r1,branch_count,constant_250,903,544208,0.0175511,True,False,929,1035,1,1
shrinking_b_decay_channels_8_r1,branch_count,constant_500,903,544208,0.020861,True,False,1,1473,1,1
shrinking_b_decay_channels_8_r1,branch_count,cost_model_cold,903,544208,0.0155245,True,False,1958,530,1,1
shrinking_b_decay_channels_8_r1,branch_count,cost_model_warm,903,544208,0.0159952,True,False,1142,932,1,1
shrinking_b_decay_channels_8_r1,branch_count,cost_model_warm_x0.56,903,544208,0.0168961,True,False,2011,504,1,1
shrinking_b_decay_channels_8_r2,branch_count,timing,903,2176835,0.0428042,True,False,6017,2,2,1
shrinking_b_decay_channels_8_r2,branch_count,constant_250,903,2176835,0.0383722,True,False,3983,1025,1,1
shrinking_b_decay_channels_8_r2,branch_count,constant_500,903,2176835,0.0531259,True,False,1827,2055,1,1
shrinking_b_decay_channels_8_r2,branch_count,cost_model_cold,903,2176835,0.0382561,True,False,5019,519,1,1
shrinking_b_decay_channels_8_r2,branch_count,cost_model_warm,903,2176835,0.0384345,True,False,4196,922,1,1
shrinking_b_decay_channels_8_r2,branch_count,cost_model_warm_x0.56,903,2176835,0.040129,True,False,5070,491,1,1
dense_support_q4_r05,dense_support,timing,903,51808284,0.2307112,True,False,3207,1026,3,1
dense_support_q4_r05,dense_support,constant_250,903,51808284,0.1982801,True,False,9447,767,1,1
dense_support_q4_r05,dense_support,constant_500,903,51808284,0.2218779,True,False,1,1201,1,1
dense_support_q4_r05,dense_support,cost_model_cold,903,51808284,0.1952127,True,False,7925,821,1,1
dense_support_q4_r05,dense_support,cost_model_warm,903,51808284,0.2272428,True,False,248,1187,1,1
dense_support_q4_r05,dense_support,cost_model_warm_x0.56,903,51808284,0.1898396,True,False,11176,709,1,1
dense_support_q6_r05,dense_support,timing,903,27887386,0.2131831,True,False,26579,161,11,1
dense_support_q6_r05,dense_support,constant_250,903,27887386,0.1639642,True,False,2790,731,1,1
dense_support_q6_r05,dense_support,constant_500,903,27887386,0.177948,True,False,1,882,1,1
dense_support_q6_r05,dense_support,cost_model_cold,903,27887386,0.1633974,True,False,6861,565,1,1
dense_support_q6_r05,dense_support,cost_model_warm,903,27887386,0.1972758,True,False,1,882,1,1
dense_support_q6_r05,dense_support,cost_model_warm_x0.56,903,27887386,0.2055708,True,False,6404,582,1,1
dense_support_q6_r1,dense_support,timing,903,111549544,0.5523936,True,False,27596,742,9,1
dense_support_q6_r1,dense_support,constant_250,903,111549544,0.5049816,True,False,25989,775,1,1
dense_support_q6_r1,dense_support,constant_500,903,111549544,0.6119536,True,False,5624,1460,1,1
dense_support_q6_r1,dense_support,cost_model_cold,903,111549544,0.5182816,True,False,36880,552,1,1
dense_support_q6_r1,dense_support,cost_model_warm,903,111549544,0.546251,True,False,14727,1096,1,1
dense_support_q6_r1,dense_support,cost_model_warm_x0.56,903,111549544,0.5106507,True,False,35424,578,1,1
dense_support_q8_r05,dense_support,timing,903,11229781,0.1229329,True,False,7741,260,3,1
dense_support_q8_r05,dense_support,constant_250,903,11229781,0.1120812,True,False,1,560,1,1
dense_support_q8_r05,dense_support,constant_500,903,11229781,0.1118632,True,False,1,560,1,1
dense_support_q8_r05,dense_support,cost_model_cold,903,11229781,0.1051141,True,False,3185,403,1,1
dense_support_q8_r05,dense_support,cost_model_warm,903,11229781,0.1116005,True,False,1,560,1,1
dense_support_q8_r05,dense_support,cost_model_warm_x0.56,903,11229781,0.1158208,True,False,1873,460,1,1
dense_support_q8_r1,dense_support,timing,903,44919127,0.3516077,True,False,25795,313,9,1
dense_support_q8_r1,dense_support,constant_250,903,44919127,0.386566,True,False,7494,761,1,1
dense_support_q8_r1,dense_support,constant_500,903,44919127,0.482482,True,False,1,1118,1,1
dense_support_q8_r1,dense_support,cost_model_cold,903,44919127,0.3443461,True,False,20209,412,1,1
dense_support_q8_r1,dense_support,cost_model_warm,903,44919127,0.4101772,True,False,5051,860,1,1
dense_support_q8_r1,dense_support,cost_model_warm_x0.56,903,44919127,0.3612419,True,False,16468,494,1,1
dense_support_q8_r2,dense_support,timing,903,179676508,1.0584249,True,False,68586,390,21,1
dense_support_q8_r2,dense_support,constant_250,903,179676508,1.1288551,True,False,44223,748,1,1
dense_support_q8_r2,dense_support,constant_500,903,179676508,1.4701612,True,False,15043,1520,1,1
dense_support_q8_r2,dense_support,cost_model_cold,903,179676508,1.0172705,True,False,79262,263,1,1
dense_support_q8_r2,dense_support,cost_model_warm,903,179676508,1.1397569,True,False,36476,904,1,1
dense_support_q8_r2,dense_support,cost_model_warm_x0.56,903,179676508,1.0681673,True,False,68554,382,1,1
dense_support_q12_r05,dense_support,timing,903,6479467,0.1882802,True,False,9197,131,7,1
dense_support_q12_r05,dense_support,constant_250,903,6479467,0.1397721,True,False,1,426,1,1
dense_support_q12_r05,dense_support,constant_500,903,6479467,0.1374518,True,False,1,426,1,1
dense_support_q12_r05,dense_support,cost_model_cold,903,6479467,0.1278292,True,False,3416,269,1,1
dense_support_q12_r05,dense_support,cost_model_warm,903,6479467,0.1375743,True,False,1,426,1,1
dense_support_q12_r05,dense_support,cost_model_warm_x0.56,903,6479467,0.143625,True,False,1448,348,1,1
dense_support_q12_r1,dense_support,timing,903,25917869,0.5476225,True,False,33493,72,11,1
dense_support_q12_r1,dense_support,constant_250,903,25917869,0.5025843,True,False,2270,726,1,1
dense_support_q12_r1,dense_support,constant_500,903,25917869,0.5215613,True,False,1,850,1,1
dense_support_q12_r1,dense_support,cost_model_cold,903,25917869,0.3858205,True,False,18254,258,1,1
dense_support_q12_r1,dense_support,cost_model_warm,903,25917869,0.4753223,True,False,4048,643,1,1
dense_support_q12_r1,dense_support,cost_model_warm_x0.56,903,25917869,0.408646,True,False,12669,371,1,1
dense_support_q12_r2,dense_support,timing,903,103671478,1.0956241,True,False,71362,106,19,1
dense_support_q12_r2,dense_support,constant_250,903,103671478,1.314274,True,False,23868,777,1,1
dense_support_q12_r2,dense_support,constant_500,903,103671478,1.9162607,True,False,4523,1450,1,1
dense_support_q12_r2,dense_support,cost_model_cold,903,103671478,1.0992889,True,False,68600,120,1,1
dense_support_q12_r2,dense_support,cost_model_warm,903,103671478,1.265406,True,False,28596,668,1,1
dense_support_q12_r2,dense_support,cost_model_warm_x0.56,903,103671478,1.1589967,True,False,52819,281,1,1
collision_o2_g0_n1000000_r05,collision,timing,903,25047792,0.1182933,True,False,15474,302,5,1
collision_o2_g0_n1000000_r05,collision,constant_250,903,25047792,0.1048973,True,False,2037,723,1,1
collision_o2_g0_n1000000_r05,collision,constant_500,903,25047792,0.1095056,True,False,1,836,1,1
collision_o2_g0_n1000000_r05,collision,cost_model_cold,903,25047792,0.1097667,True,False,1276,763,1,1
collision_o2_g0_n1000000_r05,collision,cost_model_warm,903,25047792,0.1221588,True,False,1,836,1,1
collision_o2_g0_n1000000_r05,collision,cost_model_warm_x0.56,903,25047792,0.1116092,True,False,3202,667,1,1
collision_o2_g0_n1000000_r1,collision,timing,903,100191171,0.3531649,True,False,23082,775,7,1
collision_o2_g0_n1000000_r1,collision,constant_250,903,100191171,0.3357252,True,False,22900,778,1,1
collision_o2_g0_n1000000_r1,collision,constant_500,903,100191171,0.4190957,True,False,4055,1445,1,1
collision_o2_g0_n1000000_r1,collision,cost_model_cold,903,100191171,0.3482685,True,False,20207,849,1,1
collision_o2_g0_n1000000_r1,collision,cost_model_warm,903,100191171,0.4200972,True,False,7498,1285,1,1
collision_o2_g0_n1000000_r1,collision,cost_model_warm_x0.56,903,100191171,0.3527573,True,False,25349,718,1,1
collision_o2_g1_n1000000_r05,collision,timing,903,76826873,0.3282341,True,False,4137,1174,3,1
collision_o2_g1_n1000000_r05,collision,constant_250,903,76826873,0.3376788,True,False,10413,958,1,1
collision_o2_g1_n1000000_r05,collision,constant_500,903,76826873,0.330235,True,False,1,1358,1,1
collision_o2_g1_n1000000_r05,collision,cost_model_cold,903,76826873,0.3394073,True,False,1711,1277,1,1
collision_o2_g1_n1000000_r05,collision,cost_model_warm,903,76826873,0.3266587,True,False,1,1358,1,1
collision_o2_g1_n1000000_r05,collision,cost_model_warm_x0.56,903,76826873,0.3218079,True,False,2004,1264,1,1
collision_o2_g2_n1000000_r05,collision,timing,903,125202179,0.5920453,True,False,15474,1189,11,1
collision_o2_g2_n1000000_r05,collision,constant_250,903,125202179,0.5975315,True,False,15846,1146,1,1
collision_o2_g2_n1000000_r05,collision,constant_500,903,125202179,0.5480239,True,False,1,1629,1,1
collision_o2_g2_n1000000_r05,collision,cost_model_cold,903,125202179,0.5607141,True,False,2119,1544,1,1
collision_o2_g2_n1000000_r05,collision,cost_model_warm,903,125202179,0.537126,True,False,1,1629,1,1
collision_o2_g2_n1000000_r05,collision,cost_model_warm_x0.56,903,125202179,0.5329957,True,False,1947,1550,1,1
rossler_r05,rossler,timing,904,1513487,10.0002707,False,True,742384,6763,195,1
rossler_r05,rossler,constant_250,904,1513487,10.0000126,False,True,836887,0,0,1
rossler_r05,rossler,constant_500,904,1513487,10.0000152,False,True,835554,1065,2,1
rossler_r05,rossler,cost_model_cold,904,1513487,10.0000218,False,True,825095,0,0,1
rossler_r05,rossler,cost_model_warm,904,1513487,10.0000194,False,True,798886,331,2,1
rossler_r05,rossler,cost_model_warm_x0.56,904,1513487,10.0000176,False,True,824429,0,0,1
rossler_r1,rossler,timing,904,6053948,10.0000204,False,True,781332,197,196,1
rossler_r1,rossler,constant_250,904,6053948,10.0000183,False,True,736736,0,0,1
rossler_r1,rossler,constant_500,904,6053948,10.0000158,False,True,757897,0,0,1
rossler_r1,rossler,cost_model_cold,904,6053948,10.0000189,False,True,728438,0,0,1
rossler_r1,rossler,cost_model_warm,904,6053948,10.000019,False,True,756853,0,0,1
rossler_r1,rossler,cost_model_warm_x0.56,904,6053948,10.000015,False,True,747251,0,0,1
rossler_r2,rossler,timing,904,24215794,10.000035,False,True,535315,134,134,1
rossler_r2,rossler,constant_250,904,24215794,10.0000103,False,True,539340,0,0,1
rossler_r2,rossler,constant_500,904,24215794,10.0000277,False,True,538052,0,0,1
rossler_r2,rossler,cost_model_cold,904,24215794,10.0000172,False,True,533627,0,0,1
rossler_r2,rossler,cost_model_warm,904,24215794,10.0000208,False,True,549613,0,0,1
rossler_r2,rossler,cost_model_warm_x0.56,904,24215794,10.0000168,False,True,553462,0,0,1
dimerization_r05,dimerization,timing,904,7136178,0.1284023,True,False,15199,4,4,1
dimerization_r05,dimerization,constant_250,904,7136178,0.1304737,True,False,15246,0,0,1
dimerization_r05,dimerization,constant_500,904,7136178,0.1349767,True,False,1,2313,1,1
dimerization_r05,dimerization,cost_model_cold,904,7136178,0.1460973,True,False,15246,0,0,1
dimerization_r05,dimerization,cost_model_warm,904,7136178,0.138623,True,False,1,2313,1,1
dimerization_r05,dimerization,cost_model_warm_x0.56,904,7136178,0.132459,True,False,15246,0,0,1
dimerization_r1,dimerization,timing,904,28544713,0.2682744,True,False,30583,8,8,1
dimerization_r1,dimerization,constant_250,904,28544713,0.2735421,True,False,30592,0,0,1
dimerization_r1,dimerization,constant_500,904,28544713,0.2992655,True,False,30592,0,0,1
dimerization_r1,dimerization,cost_model_cold,904,28544713,0.2950405,True,False,30592,0,0,1
dimerization_r1,dimerization,cost_model_warm,904,28544713,0.273895,True,False,30592,0,0,1
dimerization_r1,dimerization,cost_model_warm_x0.56,904,28544713,0.2738466,True,False,30592,0,0,1
dimerization_r2,dimerization,timing,904,114178853,0.5639125,True,False,60862,16,16,1
dimerization_r2,dimerization,constant_250,904,114178853,0.548143,True,False,61175,0,0,1
dimerization_r2,dimerization,constant_500,904,114178853,0.5801033,True,False,61175,0,0,1
dimerization_r2,dimerization,cost_model_cold,904,114178853,0.5627465,True,False,61175,0,0,1
dimerization_r2,dimerization,cost_model_warm,904,114178853,0.5858482,True,False,61175,0,0,1
dimerization_r2,dimerization,cost_model_warm_x0.56,904,114178853,0.6268851,True,False,61175,0,0,1
lotka_volterra_r05,lotka_volterra,timing,904,657186,0.7848714,True,False,76418,3490,34,1
lotka_volterra_r05,lotka_volterra,constant_250,904,657186,0.7256788,True,False,85161,0,0,1
lotka_volterra_r05,lotka_volterra,constant_500,904,657186,0.6810882,True,False,29753,21711,7,1
lotka_volterra_r05,lotka_volterra,cost_model_cold,904,657186,0.7675003,True,False,85161,0,0,1
lotka_volterra_r05,lotka_volterra,cost_model_warm,904,657186,0.6336914,True,False,22357,24410,7,1
lotka_volterra_r05,lotka_volterra,cost_model_warm_x0.56,904,657186,0.7151078,True,False,85161,0,0,1
lotka_volterra_r1,lotka_volterra,timing,904,2628746,1.5277846,True,False,168747,600,60,1
lotka_volterra_r1,lotka_volterra,constant_250,904,2628746,1.6377726,True,False,170194,0,0,1
lotka_volterra_r1,lotka_volterra,constant_500,904,2628746,1.6511365,True,False,170194,0,0,1
lotka_volterra_r1,lotka_volterra,cost_model_cold,904,2628746,1.4869046,True,False,170194,0,0,1
lotka_volterra_r1,lotka_volterra,cost_model_warm,904,2628746,1.4717232,True,False,170194,0,0,1
lotka_volterra_r1,lotka_volterra,cost_model_warm_x0.56,904,2628746,1.4831688,True,False,170194,0,0,1
lotka_volterra_r2,lotka_volterra,timing,904,10514985,3.1500627,True,False,340090,88,88,1
lotka_volterra_r2,lotka_volterra,constant_250,904,10514985,3.1775254,True,False,340298,0,0,1
lotka_volterra_r2,lotka_volterra,constant_500,904,10514985,3.1139216,True,False,340298,0,0,1
lotka_volterra_r2,lotka_volterra,cost_model_cold,904,10514985,3.0291793,True,False,340298,0,0,1
lotka_volterra_r2,lotka_volterra,cost_model_warm,904,10514985,3.0172131,True,False,340298,0,0,1
lotka_volterra_r2,lotka_volterra,cost_model_warm_x0.56,904,10514985,3.314537,True,False,340298,0,0,1
shrinking_r05,shrinking,timing,904,368657,0.0144494,True,False,2083,199,4,1
shrinking_r05,shrinking,constant_250,904,368657,0.0083284,True,False,372,1037,1,1
shrinking_r05,shrinking,constant_500,904,368657,0.0080539,True,False,1,1215,1,1
shrinking_r05,shrinking,cost_model_cold,904,368657,0.0093329,True,False,830,808,1,1
shrinking_r05,shrinking,cost_model_warm,904,368657,0.0085387,True,False,1,1215,1,1
shrinking_r05,shrinking,cost_model_warm_x0.56,904,368657,0.0093631,True,False,1047,707,1,1
shrinking_r1,shrinking,timing,904,1474628,0.0325195,True,False,5015,2,2,1
shrinking_r1,shrinking,constant_250,904,1474628,0.0256167,True,False,2911,1028,1,1
shrinking_r1,shrinking,constant_500,904,1474628,0.0297935,True,False,740,2058,1,1
shrinking_r1,shrinking,cost_model_cold,904,1474628,0.0256421,True,False,3365,803,1,1
shrinking_r1,shrinking,cost_model_warm,904,1474628,0.0249127,True,False,2263,1327,1,1
shrinking_r1,shrinking,cost_model_warm_x0.56,904,1474628,0.026349,True,False,3575,698,1,1
shrinking_r2,shrinking,timing,904,5898512,0.0668167,True,False,10047,4,4,1
shrinking_r2,shrinking,constant_250,904,5898512,0.0592872,True,False,7935,1011,1,1
shrinking_r2,shrinking,constant_500,904,5898512,0.0569808,True,False,5802,2048,1,1
shrinking_r2,shrinking,cost_model_cold,904,5898512,0.0517685,True,False,8403,783,1,1
shrinking_r2,shrinking,cost_model_warm,904,5898512,0.0521794,True,False,7314,1308,1,1
shrinking_r2,shrinking,cost_model_warm_x0.56,904,5898512,0.0539833,True,False,8605,679,1,1
shrinking_no_b_decay_r05,shrinking,timing,904,1341288,0.0440128,True,False,8447,13,3,1
shrinking_no_b_decay_r05,shrinking,constant_250,904,1341288,0.01417,True,False,899,608,1,1
shrinking_no_b_decay_r05,shrinking,constant_500,904,1341288,0.0125305,True,False,1,849,1,1
shrinking_no_b_decay_r05,shrinking,cost_model_cold,904,1341288,0.0137338,True,False,1218,537,1,1
shrinking_no_b_decay_r05,shrinking,cost_model_warm,904,1341288,0.0121767,True,False,1,849,1,1
shrinking_no_b_decay_r05,shrinking,cost_model_warm_x0.56,904,1341288,0.0149018,True,False,1613,455,1,1
shrinking_no_b_decay_r1,shrinking,timing,904,5365154,0.0417386,True,False,3216,910,3,1
shrinking_no_b_decay_r1,shrinking,constant_250,904,5365154,0.0445515,True,False,5252,566,1,1
shrinking_no_b_decay_r1,shrinking,constant_500,904,5365154,0.0433651,True,False,1827,1211,1,1
shrinking_no_b_decay_r1,shrinking,cost_model_cold,904,5365154,0.0463122,True,False,5652,510,1,1
shrinking_no_b_decay_r1,shrinking,cost_model_warm,904,5365154,0.0432238,True,False,3512,854,1,1
shrinking_no_b_decay_r1,shrinking,cost_model_warm_x0.56,904,5365154,0.0521974,True,False,6228,439,1,1
shrinking_no_b_decay_r2,shrinking,timing,904,21460619,0.1368642,True,False,8977,1341,5,1
shrinking_no_b_decay_r2,shrinking,constant_250,904,21460619,0.1401825,True,False,15947,545,1,1
shrinking_no_b_decay_r2,shrinking,constant_500,904,21460619,0.1350598,True,False,10497,1129,1,1
shrinking_no_b_decay_r2,shrinking,cost_model_cold,904,21460619,0.1410926,True,False,16554,500,1,1
shrinking_no_b_decay_r2,shrinking,cost_model_warm,904,21460619,0.1299559,True,False,12907,827,1,1
shrinking_no_b_decay_r2,shrinking,cost_model_warm_x0.56,904,21460619,0.1217765,True,False,17523,435,1,1
shrinking_split_b_decay_r05,shrinking,timing,904,294221,0.0117492,True,False,2241,2,2,1
shrinking_split_b_decay_r05,shrinking,constant_250,904,294221,0.0069704,True,False,103,1038,1,1
shrinking_split_b_decay_r05,shrinking,constant_500,904,294221,0.0068465,True,False,1,1086,1,1
shrinking_split_b_decay_r05,shrinking,cost_model_cold,904,294221,0.0079006,True,False,732,741,1,1
shrinking_split_b_decay_r05,shrinking,cost_model_warm,904,294221,0.0070276,True,False,1,1086,1,1
shrinking_split_b_decay_r05,shrinking,cost_model_warm_x0.56,904,294221,0.0078801,True,False,892,659,1,1
shrinking_split_b_decay_r1,shrinking,timing,904,1176887,0.0257778,True,False,4472,2,2,1
shrinking_split_b_decay_r1,shrinking,constant_250,904,1176887,0.020083,True,False,2361,1028,1,1
shrinking_split_b_decay_r1,shrinking,constant_500,904,1176887,0.0245411,True,False,204,2062,1,1
shrinking_split_b_decay_r1,shrinking,cost_model_cold,904,1176887,0.0209325,True,False,2960,733,1,1
shrinking_split_b_decay_r1,shrinking,cost_model_warm,904,1176887,0.0202875,True,False,1932,1230,1,1
shrinking_split_b_decay_r1,shrinking,cost_model_warm_x0.56,904,1176887,0.0230459,True,False,3130,651,1,1
shrinking_split_b_decay_r2,shrinking,timing,904,4707548,0.0520677,True,False,8894,4,4,1
shrinking_split_b_decay_r2,shrinking,constant_250,904,4707548,0.0472313,True,False,6877,1012,1,1
shrinking_split_b_decay_r2,shrinking,constant_500,904,4707548,0.057158,True,False,4753,2053,1,1
shrinking_split_b_decay_r2,shrinking,cost_model_cold,904,4707548,0.0507161,True,False,7503,714,1,1
shrinking_split_b_decay_r2,shrinking,cost_model_warm,904,4707548,0.0540422,True,False,6460,1219,1,1
shrinking_split_b_decay_r2,shrinking,cost_model_warm_x0.56,904,4707548,0.056437,True,False,7665,638,1,1
shrinking_b_decay_channels_1_r05,branch_count,timing,904,321076,0.0144931,True,False,2323,6,4,1
shrinking_b_decay_channels_1_r05,branch_count,constant_250,904,321076,0.007552,True,False,202,1037,1,1
shrinking_b_decay_channels_1_r05,branch_count,constant_500,904,321076,0.0077084,True,False,1,1140,1,1
shrinking_b_decay_channels_1_r05,branch_count,cost_model_cold,904,321076,0.0079922,True,False,656,815,1,1
shrinking_b_decay_channels_1_r05,branch_count,cost_model_warm,904,321076,0.0071058,True,False,1,1140,1,1
shrinking_b_decay_channels_1_r05,branch_count,cost_model_warm_x0.56,904,321076,0.0085674,True,False,869,709,1,1
shrinking_b_decay_channels_1_r1,branch_count,timing,904,1284304,0.0296911,True,False,4698,2,2,1
shrinking_b_decay_channels_1_r1,branch_count,constant_250,904,1284304,0.0229602,True,False,2588,1024,1,1
shrinking_b_decay_channels_1_r1,branch_count,constant_500,904,1284304,0.0252524,True,False,404,2064,1,1
shrinking_b_decay_channels_1_r1,branch_count,cost_model_cold,904,1284304,0.0240998,True,False,3073,798,1,1
shrinking_b_decay_channels_1_r1,branch_count,cost_model_warm,904,1284304,0.0227942,True,False,1945,1329,1,1
shrinking_b_decay_channels_1_r1,branch_count,cost_model_warm_x0.56,904,1284304,0.0243593,True,False,3280,697,1,1
shrinking_b_decay_channels_1_r2,branch_count,timing,904,5137218,0.0625246,True,False,9342,4,4,1
shrinking_b_decay_channels_1_r2,branch_count,constant_250,904,5137218,0.0543646,True,False,7228,1011,1,1
shrinking_b_decay_channels_1_r2,branch_count,constant_500,904,5137218,0.0583049,True,False,5125,2045,1,1
shrinking_b_decay_channels_1_r2,branch_count,cost_model_cold,904,5137218,0.0531201,True,False,7711,784,1,1
shrinking_b_decay_channels_1_r2,branch_count,cost_model_warm,904,5137218,0.0468491,True,False,6619,1312,1,1
shrinking_b_decay_channels_1_r2,branch_count,cost_model_warm_x0.56,904,5137218,0.0492973,True,False,7925,681,1,1
shrinking_b_decay_channels_2_r05,branch_count,timing,904,297449,0.0118295,True,False,2245,2,2,1
shrinking_b_decay_channels_2_r05,branch_count,constant_250,904,297449,0.0068339,True,False,114,1032,1,1
shrinking_b_decay_channels_2_r05,branch_count,constant_500,904,297449,0.0068927,True,False,1,1094,1,1
shrinking_b_decay_channels_2_r05,branch_count,cost_model_cold,904,297449,0.0079069,True,False,762,740,1,1
shrinking_b_decay_channels_2_r05,branch_count,cost_model_warm,904,297449,0.0069162,True,False,1,1094,1,1
shrinking_b_decay_channels_2_r05,branch_count,cost_model_warm_x0.56,904,297449,0.0080701,True,False,937,657,1,1
shrinking_b_decay_channels_2_r1,branch_count,timing,904,1189798,0.0254914,True,False,4505,2,2,1
shrinking_b_decay_channels_2_r1,branch_count,constant_250,904,1189798,0.0201381,True,False,2401,1031,1,1
shrinking_b_decay_channels_2_r1,branch_count,constant_500,904,1189798,0.0250731,True,False,244,2066,1,1
shrinking_b_decay_channels_2_r1,branch_count,cost_model_cold,904,1189798,0.021918,True,False,3024,731,1,1
shrinking_b_decay_channels_2_r1,branch_count,cost_model_warm,904,1189798,0.0212044,True,False,1981,1234,1,1
shrinking_b_decay_channels_2_r1,branch_count,cost_model_warm_x0.56,904,1189798,0.0220531,True,False,3195,656,1,1
shrinking_b_decay_channels_2_r2,branch_count,timing,904,4759194,0.0542237,True,False,9001,4,4,1
shrinking_b_decay_channels_2_r2,branch_count,constant_250,904,4759194,0.0515492,True,False,6928,1013,1,1
shrinking_b_decay_channels_2_r2,branch_count,constant_500,904,4759194,0.0519343,True,False,4749,2050,1,1
shrinking_b_decay_channels_2_r2,branch_count,cost_model_cold,904,4759194,0.0492686,True,False,7525,717,1,1
shrinking_b_decay_channels_2_r2,branch_count,cost_model_warm,904,4759194,0.0541543,True,False,6489,1218,1,1
shrinking_b_decay_channels_2_r2,branch_count,cost_model_warm_x0.56,904,4759194,0.0564852,True,False,7686,634,1,1
shrinking_b_decay_channels_4_r05,branch_count,timing,904,301601,0.0095916,True,False,741,739,3,1
shrinking_b_decay_channels_4_r05,branch_count,constant_250,904,301601,0.0086443,True,False,121,1035,1,1
shrinking_b_decay_channels_4_r05,branch_count,constant_500,904,301601,0.0087144,True,False,1,1098,1,1
shrinking_b_decay_channels_4_r05,branch_count,cost_model_cold,904,301601,0.0102986,True,False,935,644,1,1
shrinking_b_decay_channels_4_r05,branch_count,cost_model_warm,904,301601,0.0095121,True,False,1,1098,1,1
shrinking_b_decay_channels_4_r05,branch_count,cost_model_warm_x0.56,904,301601,0.0097779,True,False,1051,587,1,1
shrinking_b_decay_channels_4_r1,branch_count,timing,904,1206404,0.0307138,True,False,4484,2,2,1
shrinking_b_decay_channels_4_r1,branch_count,constant_250,904,1206404,0.0259046,True,False,2403,1027,1,1
shrinking_b_decay_channels_4_r1,branch_count,constant_500,904,1206404,0.0316491,True,False,272,2063,1,1
shrinking_b_decay_channels_4_r1,branch_count,cost_model_cold,904,1206404,0.026437,True,False,3234,633,1,1
shrinking_b_decay_channels_4_r1,branch_count,cost_model_warm,904,1206404,0.0253969,True,False,2276,1096,1,1
shrinking_b_decay_channels_4_r1,branch_count,cost_model_warm_x0.56,904,1206404,0.0276836,True,False,3343,584,1,1
shrinking_b_decay_channels_4_r2,branch_count,timing,904,4825616,0.0650596,True,False,9122,4,4,1
shrinking_b_decay_channels_4_r2,branch_count,constant_250,904,4825616,0.0616682,True,False,6992,1013,1,1
shrinking_b_decay_channels_4_r2,branch_count,constant_500,904,4825616,0.0645915,True,False,4832,2053,1,1
shrinking_b_decay_channels_4_r2,branch_count,cost_model_cold,904,4825616,0.0609279,True,False,7810,615,1,1
shrinking_b_decay_channels_4_r2,branch_count,cost_model_warm,904,4825616,0.0593798,True,False,6855,1073,1,1
shrinking_b_decay_channels_4_r2,branch_count,cost_model_warm_x0.56,904,4825616,0.0605541,True,False,7913,568,1,1
shrinking_b_decay_channels_8_r05,branch_count,timing,904,136052,0.0103137,True,False,1478,2,2,1
shrinking_b_decay_channels_8_r05,branch_count,constant_250,904,136052,0.0061139,True,False,1,745,1,1
shrinking_b_decay_channels_8_r05,branch_count,constant_500,904,136052,0.0061805,True,False,1,745,1,1
shrinking_b_decay_channels_8_r05,branch_count,cost_model_cold,904,136052,0.0063395,True,False,427,533,1,1
shrinking_b_decay_channels_8_r05,branch_count,cost_model_warm,904,136052,0.0060951,True,False,1,745,1,1
shrinking_b_decay_channels_8_r05,branch_count,cost_model_warm_x0.56,904,136052,0.0066231,True,False,476,509,1,1
shrinking_b_decay_channels_8_r1,branch_count,timing,904,544208,0.0248999,True,False,3011,2,2,1
shrinking_b_decay_channels_8_r1,branch_count,constant_250,904,544208,0.0193688,True,False,928,1035,1,1
shrinking_b_decay_channels_8_r1,branch_count,constant_500,904,544208,0.023723,True,False,1,1474,1,1
shrinking_b_decay_channels_8_r1,branch_count,cost_model_cold,904,544208,0.0192253,True,False,1981,528,1,1
shrinking_b_decay_channels_8_r1,branch_count,cost_model_warm,904,544208,0.018689,True,False,1150,933,1,1
shrinking_b_decay_channels_8_r1,branch_count,cost_model_warm_x0.56,904,544208,0.0186186,True,False,2040,500,1,1
shrinking_b_decay_channels_8_r2,branch_count,timing,904,2176835,0.0491456,True,False,6096,2,2,1
shrinking_b_decay_channels_8_r2,branch_count,constant_250,904,2176835,0.0444506,True,False,3963,1021,1,1
shrinking_b_decay_channels_8_r2,branch_count,constant_500,904,2176835,0.0602138,True,False,1825,2059,1,1
shrinking_b_decay_channels_8_r2,branch_count,cost_model_cold,904,2176835,0.0432908,True,False,5024,513,1,1
shrinking_b_decay_channels_8_r2,branch_count,cost_model_warm,904,2176835,0.0438496,True,False,4174,920,1,1
shrinking_b_decay_channels_8_r2,branch_count,cost_model_warm_x0.56,904,2176835,0.0414342,True,False,5081,491,1,1
dense_support_q4_r05,dense_support,timing,904,51808284,0.2159832,True,False,2653,1055,5,1
dense_support_q4_r05,dense_support,constant_250,904,51808284,0.1996517,True,False,9478,768,1,1
dense_support_q4_r05,dense_support,constant_500,904,51808284,0.2479579,True,False,1,1201,1,1
dense_support_q4_r05,dense_support,cost_model_cold,904,51808284,0.2350887,True,False,7948,822,1,1
dense_support_q4_r05,dense_support,cost_model_warm,904,51808284,0.2639746,True,False,243,1187,1,1
dense_support_q4_r05,dense_support,cost_model_warm_x0.56,904,51808284,0.2340493,True,False,11257,709,1,1
dense_support_q6_r05,dense_support,timing,904,27887386,0.1964106,True,False,14621,354,5,1
dense_support_q6_r05,dense_support,constant_250,904,27887386,0.197701,True,False,2829,731,1,1
dense_support_q6_r05,dense_support,constant_500,904,27887386,0.2082953,True,False,1,881,1,1
dense_support_q6_r05,dense_support,cost_model_cold,904,27887386,0.1881241,True,False,6869,565,1,1
dense_support_q6_r05,dense_support,cost_model_warm,904,27887386,0.2030223,True,False,1,881,1,1
dense_support_q6_r05,dense_support,cost_model_warm_x0.56,904,27887386,0.1593904,True,False,6421,581,1,1
dense_support_q6_r1,dense_support,timing,904,111549544,0.5256355,True,False,33940,614,13,1
dense_support_q6_r1,dense_support,constant_250,904,111549544,0.6153342,True,False,26077,775,1,1
dense_support_q6_r1,dense_support,constant_500,904,111549544,0.6700591,True,False,5624,1461,1,1
dense_support_q6_r1,dense_support,cost_model_cold,904,111549544,0.5763905,True,False,37097,552,1,1
dense_support_q6_r1,dense_support,cost_model_warm,904,111549544,0.6586428,True,False,14777,1096,1,1
dense_support_q6_r1,dense_support,cost_model_warm_x0.56,904,111549544,0.5089309,True,False,35607,578,1,1
dense_support_q8_r05,dense_support,timing,904,11229781,0.1425552,True,False,9490,221,5,1
dense_support_q8_r05,dense_support,constant_250,904,11229781,0.1414404,True,False,1,560,1,1
dense_support_q8_r05,dense_support,constant_500,904,11229781,0.1400405,True,False,1,560,1,1
dense_support_q8_r05,dense_support,cost_model_cold,904,11229781,0.1196523,True,False,3229,403,1,1
dense_support_q8_r05,dense_support,cost_model_warm,904,11229781,0.1143539,True,False,1,560,1,1
dense_support_q8_r05,dense_support,cost_model_warm_x0.56,904,11229781,0.1109627,True,False,1893,460,1,1
dense_support_q8_r1,dense_support,timing,904,44919127,0.3564373,True,False,19089,438,7,1
dense_support_q8_r1,dense_support,constant_250,904,44919127,0.4471619,True,False,7504,761,1,1
dense_support_q8_r1,dense_support,constant_500,904,44919127,0.4913798,True,False,1,1118,1,1
dense_support_q8_r1,dense_support,cost_model_cold,904,44919127,0.3604026,True,False,20226,412,1,1
dense_support_q8_r1,dense_support,cost_model_warm,904,44919127,0.4733272,True,False,5055,860,1,1
dense_support_q8_r1,dense_support,cost_model_warm_x0.56,904,44919127,0.4139305,True,False,16503,494,1,1
dense_support_q8_r2,dense_support,timing,904,179676508,1.1275659,True,False,49158,669,15,1
dense_support_q8_r2,dense_support,constant_250,904,179676508,1.1557049,True,False,44414,748,1,1
dense_support_q8_r2,dense_support,constant_500,904,179676508,1.5319746,True,False,15090,1520,1,1
dense_support_q8_r2,dense_support,cost_model_cold,904,179676508,1.0552101,True,False,79620,263,1,1
dense_support_q8_r2,dense_support,cost_model_warm,904,179676508,1.1177593,True,False,36702,904,1,1
dense_support_q8_r2,dense_support,cost_model_warm_x0.56,904,179676508,1.0178844,True,False,68919,382,1,1
dense_support_q12_r05,dense_support,timing,904,6479467,0.201031,True,False,13329,72,5,1
dense_support_q12_r05,dense_support,constant_250,904,6479467,0.1506562,True,False,1,426,1,1
dense_support_q12_r05,dense_support,constant_500,904,6479467,0.143236,True,False,1,426,1,1
dense_support_q12_r05,dense_support,cost_model_cold,904,6479467,0.1260888,True,False,3475,269,1,1
dense_support_q12_r05,dense_support,cost_model_warm,904,6479467,0.1334019,True,False,1,426,1,1
dense_support_q12_r05,dense_support,cost_model_warm_x0.56,904,6479467,0.1326407,True,False,1462,348,1,1
dense_support_q12_r1,dense_support,timing,904,25917869,0.4853145,True,False,28502,122,9,1
dense_support_q12_r1,dense_support,constant_250,904,25917869,0.4974167,True,False,2292,726,1,1
dense_support_q12_r1,dense_support,constant_500,904,25917869,0.5356874,True,False,1,850,1,1
dense_support_q12_r1,dense_support,cost_model_cold,904,25917869,0.3969323,True,False,18293,258,1,1
dense_support_q12_r1,dense_support,cost_model_warm,904,25917869,0.4608867,True,False,4111,643,1,1
dense_support_q12_r1,dense_support,cost_model_warm_x0.56,904,25917869,0.3997956,True,False,12738,371,1,1
dense_support_q12_r2,dense_support,timing,904,103671478,1.1305654,True,False,56403,250,15,1
dense_support_q12_r2,dense_support,constant_250,904,103671478,1.2870377,True,False,23929,777,1,1
dense_support_q12_r2,dense_support,constant_500,904,103671478,1.9131281,True,False,4576,1450,1,1
dense_support_q12_r2,dense_support,cost_model_cold,904,103671478,1.1117234,True,False,68966,120,1,1
dense_support_q12_r2,dense_support,cost_model_warm,904,103671478,1.2706091,True,False,28682,668,1,1
dense_support_q12_r2,dense_support,cost_model_warm_x0.56,904,103671478,1.1033538,True,False,53053,282,1,1
collision_o2_g0_n1000000_r05,collision,timing,904,25047792,0.1178304,True,False,9979,430,5,1
collision_o2_g0_n1000000_r05,collision,constant_250,904,25047792,0.1042789,True,False,2045,723,1,1
collision_o2_g0_n1000000_r05,collision,constant_500,904,25047792,0.1137261,True,False,1,835,1,1
collision_o2_g0_n1000000_r05,collision,cost_model_cold,904,25047792,0.1165677,True,False,1289,763,1,1
collision_o2_g0_n1000000_r05,collision,cost_model_warm,904,25047792,0.1276982,True,False,1,835,1,1
collision_o2_g0_n1000000_r05,collision,cost_model_warm_x0.56,904,25047792,0.1066351,True,False,3253,668,1,1
collision_o2_g0_n1000000_r1,collision,timing,904,100191171,0.3831948,True,False,9065,1221,5,1
collision_o2_g0_n1000000_r1,collision,constant_250,904,100191171,0.3485601,True,False,22952,778,1,1
collision_o2_g0_n1000000_r1,collision,constant_500,904,100191171,0.3997063,True,False,4118,1445,1,1
collision_o2_g0_n1000000_r1,collision,cost_model_cold,904,100191171,0.3554715,True,False,20224,849,1,1
collision_o2_g0_n1000000_r1,collision,cost_model_warm,904,100191171,0.3716002,True,False,7509,1285,1,1
collision_o2_g0_n1000000_r1,collision,cost_model_warm_x0.56,904,100191171,0.3522339,True,False,25442,718,1,1
collision_o2_g1_n1000000_r05,collision,timing,904,76826873,0.3716829,True,False,19058,765,9,1
collision_o2_g1_n1000000_r05,collision,constant_250,904,76826873,0.3575417,True,False,10450,958,1,1
collision_o2_g1_n1000000_r05,collision,constant_500,904,76826873,0.3800613,True,False,1,1357,1,1
collision_o2_g1_n1000000_r05,collision,cost_model_cold,904,76826873,0.3262714,True,False,1728,1276,1,1
collision_o2_g1_n1000000_r05,collision,cost_model_warm,904,76826873,0.3430864,True,False,1,1357,1,1
collision_o2_g1_n1000000_r05,collision,cost_model_warm_x0.56,904,76826873,0.3392585,True,False,2011,1264,1,1
collision_o2_g2_n1000000_r05,collision,timing,904,125202179,0.5834315,True,False,17800,1122,9,1
collision_o2_g2_n1000000_r05,collision,constant_250,904,125202179,0.5850687,True,False,15878,1146,1,1
collision_o2_g2_n1000000_r05,collision,constant_500,904,125202179,0.5651026,True,False,1,1629,1,1
collision_o2_g2_n1000000_r05,collision,cost_model_cold,904,125202179,0.552718,True,False,2121,1543,1,1
collision_o2_g2_n1000000_r05,collision,cost_model_warm,904,125202179,0.5700318,True,False,1,1629,1,1
collision_o2_g2_n1000000_r05,collision,cost_model_warm_x0.56,904,125202179,0.5569968,True,False,1958,1550,1,1
