scenario,family,policy,seed,repeat,execution_position,initial_n,elapsed_seconds,completed,timed_out,batch_calls,gillespie_calls,mode_switches
dimerization_r05,dimerization,timing,1301,0,0,10483703,0.3330657,True,False,18200,44,10
dimerization_r05,dimerization,T=60,1301,0,1,10483703,0.3275711,True,False,18493,0,0
dimerization_r05,dimerization,T=100,1301,0,2,10483703,0.3835347,True,False,18493,0,0
dimerization_r05,dimerization,T=150,1301,0,3,10483703,0.3776758,True,False,18493,0,0
dimerization_r05,dimerization,T=250,1301,0,4,10483703,0.3031807,True,False,18493,0,0
dimerization_r05,dimerization,T=400,1301,0,5,10483703,0.3385183,True,False,18493,0,0
dimerization_r05,dimerization,T=600,1301,0,6,10483703,0.4018523,True,False,1,2803,1
dimerization_r05,dimerization,T=1000,1301,0,7,10483703,0.2745157,True,False,1,2803,1
dimerization_r05,dimerization,cost_model_cold,1301,0,8,10483703,0.23245,True,False,18493,0,0
dimerization_r05,dimerization,cost_model_warm,1301,0,9,10483703,0.3500253,True,False,1,2803,1
dimerization_r05,dimerization,T=60,1301,1,0,10483703,0.3958469,True,False,18493,0,0
dimerization_r05,dimerization,T=100,1301,1,1,10483703,0.3978395,True,False,18493,0,0
dimerization_r05,dimerization,T=150,1301,1,2,10483703,0.3965776,True,False,18493,0,0
dimerization_r05,dimerization,T=250,1301,1,3,10483703,0.3689472,True,False,18493,0,0
dimerization_r05,dimerization,T=400,1301,1,4,10483703,0.3759661,True,False,18493,0,0
dimerization_r05,dimerization,T=600,1301,1,5,10483703,0.4143188,True,False,1,2803,1
dimerization_r05,dimerization,T=1000,1301,1,6,10483703,0.336281,True,False,1,2803,1
dimerization_r05,dimerization,cost_model_cold,1301,1,7,10483703,0.2568899,True,False,18493,0,0
dimerization_r05,dimerization,cost_model_warm,1301,1,8,10483703,0.2938812,True,False,1,2803,1
dimerization_r05,dimerization,timing,1301,1,9,10483703,0.4254165,True,False,1999,2528,3
dimerization_r05,dimerization,T=100,1302,0,0,10483703,0.4181965,True,False,18413,0,0
dimerization_r05,dimerization,T=150,1302,0,1,10483703,0.3868899,True,False,18413,0,0
dimerization_r05,dimerization,T=250,1302,0,2,10483703,0.3739415,True,False,18413,0,0
dimerization_r05,dimerization,T=400,1302,0,3,10483703,0.3433968,True,False,18413,0,0
dimerization_r05,dimerization,T=600,1302,0,4,10483703,0.3971173,True,False,1,2803,1
dimerization_r05,dimerization,T=1000,1302,0,5,10483703,0.4003033,True,False,1,2803,1
dimerization_r05,dimerization,cost_model_cold,1302,0,6,10483703,0.3983657,True,False,18413,0,0
dimerization_r05,dimerization,cost_model_warm,1302,0,7,10483703,0.462687,True,False,1,2803,1
dimerization_r05,dimerization,timing,1302,0,8,10483703,0.3999517,True,False,5378,2034,5
dimerization_r05,dimerization,T=60,1302,0,9,10483703,0.435029,True,False,18413,0,0
dimerization_r05,dimerization,T=150,1302,1,0,10483703,0.427771,True,False,18413,0,0
dimerization_r05,dimerization,T=250,1302,1,1,10483703,0.2670581,True,False,18413,0,0
dimerization_r05,dimerization,T=400,1302,1,2,10483703,0.2826598,True,False,18413,0,0
dimerization_r05,dimerization,T=600,1302,1,3,10483703,0.3983922,True,False,1,2803,1
dimerization_r05,dimerization,T=1000,1302,1,4,10483703,0.3167855,True,False,1,2803,1
dimerization_r05,dimerization,cost_model_cold,1302,1,5,10483703,0.2653684,True,False,18413,0,0
dimerization_r05,dimerization,cost_model_warm,1302,1,6,10483703,0.4166559,True,False,1,2803,1
dimerization_r05,dimerization,timing,1302,1,7,10483703,0.3954427,True,False,2370,2482,3
dimerization_r05,dimerization,T=60,1302,1,8,10483703,0.3148796,True,False,18413,0,0
dimerization_r05,dimerization,T=100,1302,1,9,10483703,0.3220334,True,False,18413,0,0
dimerization_r05,dimerization,T=250,1303,0,0,10483703,0.2829238,True,False,18552,0,0
dimerization_r05,dimerization,T=400,1303,0,1,10483703,0.3449074,True,False,18552,0,0
dimerization_r05,dimerization,T=600,1303,0,2,10483703,0.2666261,True,False,1,2803,1
dimerization_r05,dimerization,T=1000,1303,0,3,10483703,0.2797618,True,False,1,2803,1
dimerization_r05,dimerization,cost_model_cold,1303,0,4,10483703,0.3316308,True,False,18552,0,0
dimerization_r05,dimerization,cost_model_warm,1303,0,5,10483703,0.2427199,True,False,1,2803,1
dimerization_r05,dimerization,timing,1303,0,6,10483703,0.3096695,True,False,17676,124,8
dimerization_r05,dimerization,T=60,1303,0,7,10483703,0.3496232,True,False,18552,0,0
dimerization_r05,dimerization,T=100,1303,0,8,10483703,0.3310774,True,False,18552,0,0
dimerization_r05,dimerization,T=150,1303,0,9,10483703,0.2545849,True,False,18552,0,0
dimerization_r05,dimerization,T=400,1303,1,0,10483703,0.235013,True,False,18552,0,0
dimerization_r05,dimerization,T=600,1303,1,1,10483703,0.3350182,True,False,1,2803,1
dimerization_r05,dimerization,T=1000,1303,1,2,10483703,0.3524339,True,False,1,2803,1
dimerization_r05,dimerization,cost_model_cold,1303,1,3,10483703,0.3981795,True,False,18552,0,0
dimerization_r05,dimerization,cost_model_warm,1303,1,4,10483703,0.3177633,True,False,1,2803,1
dimerization_r05,dimerization,timing,1303,1,5,10483703,0.2625473,True,False,15372,500,9
dimerization_r05,dimerization,T=60,1303,1,6,10483703,0.3213923,True,False,18552,0,0
dimerization_r05,dimerization,T=100,1303,1,7,10483703,0.3130869,True,False,18552,0,0
dimerization_r05,dimerization,T=150,1303,1,8,10483703,0.307127,True,False,18552,0,0
dimerization_r05,dimerization,T=250,1303,1,9,10483703,0.3294058,True,False,18552,0,0
dimerization_r05,dimerization,T=600,1304,0,0,10483703,0.3768691,True,False,1,2803,1
dimerization_r05,dimerization,T=1000,1304,0,1,10483703,0.3694232,True,False,1,2803,1
dimerization_r05,dimerization,cost_model_cold,1304,0,2,10483703,0.4196207,True,False,18351,0,0
dimerization_r05,dimerization,cost_model_warm,1304,0,3,10483703,0.4490276,True,False,1,2803,1
dimerization_r05,dimerization,timing,1304,0,4,10483703,0.4312458,True,False,8047,1650,5
dimerization_r05,dimerization,T=60,1304,0,5,10483703,0.4156342,True,False,18351,0,0
dimerization_r05,dimerization,T=100,1304,0,6,10483703,0.3388966,True,False,18351,0,0
dimerization_r05,dimerization,T=150,1304,0,7,10483703,0.3620258,True,False,18351,0,0
dimerization_r05,dimerization,T=250,1304,0,8,10483703,0.3058287,True,False,18351,0,0
dimerization_r05,dimerization,T=400,1304,0,9,10483703,0.3179637,True,False,18351,0,0
dimerization_r05,dimerization,T=1000,1304,1,0,10483703,0.3176981,True,False,1,2803,1
dimerization_r05,dimerization,cost_model_cold,1304,1,1,10483703,0.3150764,True,False,18351,0,0
dimerization_r05,dimerization,cost_model_warm,1304,1,2,10483703,0.2865773,True,False,1,2803,1
dimerization_r05,dimerization,timing,1304,1,3,10483703,0.3556746,True,False,1051,2661,5
dimerization_r05,dimerization,T=60,1304,1,4,10483703,0.3111256,True,False,18351,0,0
dimerization_r05,dimerization,T=100,1304,1,5,10483703,0.2478074,True,False,18351,0,0
dimerization_r05,dimerization,T=150,1304,1,6,10483703,0.360972,True,False,18351,0,0
dimerization_r05,dimerization,T=250,1304,1,7,10483703,0.3644058,True,False,18351,0,0
dimerization_r05,dimerization,T=400,1304,1,8,10483703,0.3533805,True,False,18351,0,0
dimerization_r05,dimerization,T=600,1304,1,9,10483703,0.3859262,True,False,1,2803,1
dimerization_r05,dimerization,cost_model_cold,1305,0,0,10483703,0.3101696,True,False,18418,0,0
dimerization_r05,dimerization,cost_model_warm,1305,0,1,10483703,0.3650981,True,False,1,2803,1
dimerization_r05,dimerization,timing,1305,0,2,10483703,0.3990246,True,False,8354,1591,9
dimerization_r05,dimerization,T=60,1305,0,3,10483703,0.3695956,True,False,18418,0,0
dimerization_r05,dimerization,T=100,1305,0,4,10483703,0.2421867,True,False,18418,0,0
dimerization_r05,dimerization,T=150,1305,0,5,10483703,0.2899227,True,False,18418,0,0
dimerization_r05,dimerization,T=250,1305,0,6,10483703,0.2298065,True,False,18418,0,0
dimerization_r05,dimerization,T=400,1305,0,7,10483703,0.3062497,True,False,18418,0,0
dimerization_r05,dimerization,T=600,1305,0,8,10483703,0.3876184,True,False,1,2803,1
dimerization_r05,dimerization,T=1000,1305,0,9,10483703,0.3916102,True,False,1,2803,1
dimerization_r05,dimerization,cost_model_warm,1305,1,0,10483703,0.3983569,True,False,1,2803,1
dimerization_r05,dimerization,timing,1305,1,1,10483703,0.3058327,True,False,17579,158,7
dimerization_r05,dimerization,T=60,1305,1,2,10483703,0.3071442,True,False,18418,0,0
dimerization_r05,dimerization,T=100,1305,1,3,10483703,0.2616702,True,False,18418,0,0
dimerization_r05,dimerization,T=150,1305,1,4,10483703,0.2924631,True,False,18418,0,0
dimerization_r05,dimerization,T=250,1305,1,5,10483703,0.24811,True,False,18418,0,0
dimerization_r05,dimerization,T=400,1305,1,6,10483703,0.269053,True,False,18418,0,0
dimerization_r05,dimerization,T=600,1305,1,7,10483703,0.3284892,True,False,1,2803,1
dimerization_r05,dimerization,T=1000,1305,1,8,10483703,0.3059875,True,False,1,2803,1
dimerization_r05,dimerization,cost_model_cold,1305,1,9,10483703,0.2797009,True,False,18418,0,0
dimerization_r05,dimerization,timing,1306,0,0,10483703,0.3234323,True,False,1272,2625,5
dimerization_r05,dimerization,T=60,1306,0,1,10483703,0.293579,True,False,18333,0,0
dimerization_r05,dimerization,T=100,1306,0,2,10483703,0.355343,True,False,18333,0,0
dimerization_r05,dimerization,T=150,1306,0,3,10483703,0.4241197,True,False,18333,0,0
dimerization_r05,dimerization,T=250,1306,0,4,10483703,0.3910585,True,False,18333,0,0
dimerization_r05,dimerization,T=400,1306,0,5,10483703,0.3055645,True,False,18333,0,0
dimerization_r05,dimerization,T=600,1306,0,6,10483703,0.3941963,True,False,1,2803,1
dimerization_r05,dimerization,T=1000,1306,0,7,10483703,0.3859735,True,False,1,2803,1
dimerization_r05,dimerization,cost_model_cold,1306,0,8,10483703,0.2858641,True,False,18333,0,0
dimerization_r05,dimerization,cost_model_warm,1306,0,9,10483703,0.4197675,True,False,1,2803,1
dimerization_r05,dimerization,T=60,1306,1,0,10483703,0.3691929,True,False,18333,0,0
dimerization_r05,dimerization,T=100,1306,1,1,10483703,0.3603468,True,False,18333,0,0
dimerization_r05,dimerization,T=150,1306,1,2,10483703,0.427796,True,False,18333,0,0
dimerization_r05,dimerization,T=250,1306,1,3,10483703,0.3333681,True,False,18333,0,0
dimerization_r05,dimerization,T=400,1306,1,4,10483703,0.4003402,True,False,18333,0,0
dimerization_r05,dimerization,T=600,1306,1,5,10483703,0.3623727,True,False,1,2803,1
dimerization_r05,dimerization,T=1000,1306,1,6,10483703,0.3795723,True,False,1,2803,1
dimerization_r05,dimerization,cost_model_cold,1306,1,7,10483703,0.3900155,True,False,18333,0,0
dimerization_r05,dimerization,cost_model_warm,1306,1,8,10483703,0.3290213,True,False,1,2803,1
dimerization_r05,dimerization,timing,1306,1,9,10483703,0.3055819,True,False,15385,448,9
dimerization_r1,dimerization,T=100,1301,0,0,41934815,0.6160665,True,False,36796,0,0
dimerization_r1,dimerization,T=150,1301,0,1,41934815,0.5315327,True,False,36796,0,0
dimerization_r1,dimerization,T=250,1301,0,2,41934815,0.6334999,True,False,36796,0,0
dimerization_r1,dimerization,T=400,1301,0,3,41934815,0.6583645,True,False,36796,0,0
dimerization_r1,dimerization,T=600,1301,0,4,41934815,0.628569,True,False,36796,0,0
dimerization_r1,dimerization,T=1000,1301,0,5,41934815,1.4447494,True,False,1,5605,1
dimerization_r1,dimerization,cost_model_cold,1301,0,6,41934815,0.9129212,True,False,36796,0,0
dimerization_r1,dimerization,cost_model_warm,1301,0,7,41934815,0.8736711,True,False,36796,0,0
dimerization_r1,dimerization,timing,1301,0,8,41934815,0.7410025,True,False,35971,153,12
dimerization_r1,dimerization,T=60,1301,0,9,41934815,0.8731501,True,False,36796,0,0
dimerization_r1,dimerization,T=150,1301,1,0,41934815,0.8388843,True,False,36796,0,0
dimerization_r1,dimerization,T=250,1301,1,1,41934815,0.8829847,True,False,36796,0,0
dimerization_r1,dimerization,T=400,1301,1,2,41934815,0.8885661,True,False,36796,0,0
dimerization_r1,dimerization,T=600,1301,1,3,41934815,0.8090013,True,False,36796,0,0
dimerization_r1,dimerization,T=1000,1301,1,4,41934815,1.6873235,True,False,1,5605,1
dimerization_r1,dimerization,cost_model_cold,1301,1,5,41934815,0.7526096,True,False,36796,0,0
dimerization_r1,dimerization,cost_model_warm,1301,1,6,41934815,0.8199535,True,False,36796,0,0
dimerization_r1,dimerization,timing,1301,1,7,41934815,0.854101,True,False,28782,1231,13
dimerization_r1,dimerization,T=60,1301,1,8,41934815,0.5637512,True,False,36796,0,0
dimerization_r1,dimerization,T=100,1301,1,9,41934815,0.6056494,True,False,36796,0,0
dimerization_r1,dimerization,T=250,1302,0,0,41934815,0.625826,True,False,36947,0,0
dimerization_r1,dimerization,T=400,1302,0,1,41934815,0.721007,True,False,36947,0,0
dimerization_r1,dimerization,T=600,1302,0,2,41934815,0.6593708,True,False,36947,0,0
dimerization_r1,dimerization,T=1000,1302,0,3,41934815,1.3819614,True,False,1,5605,1
dimerization_r1,dimerization,cost_model_cold,1302,0,4,41934815,0.6650236,True,False,36947,0,0
dimerization_r1,dimerization,cost_model_warm,1302,0,5,41934815,0.7057558,True,False,36947,0,0
dimerization_r1,dimerization,timing,1302,0,6,41934815,0.9830656,True,False,24823,1779,11
dimerization_r1,dimerization,T=60,1302,0,7,41934815,0.7005255,True,False,36947,0,0
dimerization_r1,dimerization,T=100,1302,0,8,41934815,0.6136023,True,False,36947,0,0
dimerization_r1,dimerization,T=150,1302,0,9,41934815,0.5626409,True,False,36947,0,0
dimerization_r1,dimerization,T=400,1302,1,0,41934815,0.6746892,True,False,36947,0,0
dimerization_r1,dimerization,T=600,1302,1,1,41934815,0.6963514,True,False,36947,0,0
dimerization_r1,dimerization,T=1000,1302,1,2,41934815,1.4158603,True,False,1,5605,1
dimerization_r1,dimerization,cost_model_cold,1302,1,3,41934815,0.7212987,True,False,36947,0,0
dimerization_r1,dimerization,cost_model_warm,1302,1,4,41934815,0.7665803,True,False,36947,0,0
dimerization_r1,dimerization,timing,1302,1,5,41934815,0.6221422,True,False,36922,10,10
dimerization_r1,dimerization,T=60,1302,1,6,41934815,0.6582051,True,False,36947,0,0
dimerization_r1,dimerization,T=100,1302,1,7,41934815,0.8375433,True,False,36947,0,0
dimerization_r1,dimerization,T=150,1302,1,8,41934815,0.6934991,True,False,36947,0,0
dimerization_r1,dimerization,T=250,1302,1,9,41934815,0.6716974,True,False,36947,0,0
dimerization_r1,dimerization,T=600,1303,0,0,41934815,0.6031363,True,False,36919,0,0
dimerization_r1,dimerization,T=1000,1303,0,1,41934815,1.4289309,True,False,1,5605,1
dimerization_r1,dimerization,cost_model_cold,1303,0,2,41934815,0.6186843,True,False,36919,0,0
dimerization_r1,dimerization,cost_model_warm,1303,0,3,41934815,0.6580636,True,False,36919,0,0
dimerization_r1,dimerization,timing,1303,0,4,41934815,0.9515927,True,False,22293,2252,10
dimerization_r1,dimerization,T=60,1303,0,5,41934815,0.6572696,True,False,36919,0,0
dimerization_r1,dimerization,T=100,1303,0,6,41934815,0.5819943,True,False,36919,0,0
dimerization_r1,dimerization,T=150,1303,0,7,41934815,0.6690965,True,False,36919,0,0
dimerization_r1,dimerization,T=250,1303,0,8,41934815,0.6170983,True,False,36919,0,0
dimerization_r1,dimerization,T=400,1303,0,9,41934815,0.6163702,True,False,36919,0,0
dimerization_r1,dimerization,T=1000,1303,1,0,41934815,1.44382,True,False,1,5605,1
dimerization_r1,dimerization,cost_model_cold,1303,1,1,41934815,0.8017995,True,False,36919,0,0
dimerization_r1,dimerization,cost_model_warm,1303,1,2,41934815,0.5720618,True,False,36919,0,0
dimerization_r1,dimerization,timing,1303,1,3,41934815,1.0388506,True,False,9624,4256,7
dimerization_r1,dimerization,T=60,1303,1,4,41934815,0.5590983,True,False,36919,0,0
dimerization_r1,dimerization,T=100,1303,1,5,41934815,0.5616819,True,False,36919,0,0
dimerization_r1,dimerization,T=150,1303,1,6,41934815,0.5002935,True,False,36919,0,0
dimerization_r1,dimerization,T=250,1303,1,7,41934815,0.7200491,True,False,36919,0,0
dimerization_r1,dimerization,T=400,1303,1,8,41934815,0.697371,True,False,36919,0,0
dimerization_r1,dimerization,T=600,1303,1,9,41934815,0.6777467,True,False,36919,0,0
dimerization_r1,dimerization,cost_model_cold,1304,0,0,41934815,0.6126429,True,False,36923,0,0
dimerization_r1,dimerization,cost_model_warm,1304,0,1,41934815,0.6721724,True,False,36923,0,0
dimerization_r1,dimerization,timing,1304,0,2,41934815,1.0749566,True,False,16436,3178,8
dimerization_r1,dimerization,T=60,1304,0,3,41934815,0.7340055,True,False,36923,0,0
dimerization_r1,dimerization,T=100,1304,0,4,41934815,0.5845606,True,False,36923,0,0
dimerization_r1,dimerization,T=150,1304,0,5,41934815,0.6594158,True,False,36923,0,0
dimerization_r1,dimerization,T=250,1304,0,6,41934815,0.675755,True,False,36923,0,0
dimerization_r1,dimerization,T=400,1304,0,7,41934815,0.6163229,True,False,36923,0,0
dimerization_r1,dimerization,T=600,1304,0,8,41934815,0.6026559,True,False,36923,0,0
dimerization_r1,dimerization,T=1000,1304,0,9,41934815,1.3150186,True,False,1,5605,1
dimerization_r1,dimerization,cost_model_warm,1304,1,0,41934815,0.6516884,True,False,36923,0,0
dimerization_r1,dimerization,timing,1304,1,1,41934815,0.7973534,True,False,30269,1036,10
dimerization_r1,dimerization,T=60,1304,1,2,41934815,0.7516857,True,False,36923,0,0
dimerization_r1,dimerization,T=100,1304,1,3,41934815,0.6894864,True,False,36923,0,0
dimerization_r1,dimerization,T=150,1304,1,4,41934815,0.7871798,True,False,36923,0,0
dimerization_r1,dimerization,T=250,1304,1,5,41934815,0.7153622,True,False,36923,0,0
dimerization_r1,dimerization,T=400,1304,1,6,41934815,0.6731178,True,False,36923,0,0
dimerization_r1,dimerization,T=600,1304,1,7,41934815,0.6791793,True,False,36923,0,0
dimerization_r1,dimerization,T=1000,1304,1,8,41934815,1.3013151,True,False,1,5605,1
dimerization_r1,dimerization,cost_model_cold,1304,1,9,41934815,0.6866846,True,False,36923,0,0
dimerization_r1,dimerization,timing,1305,0,0,41934815,1.067303,True,False,13541,3667,9
dimerization_r1,dimerization,T=60,1305,0,1,41934815,0.6026315,True,False,37007,0,0
dimerization_r1,dimerization,T=100,1305,0,2,41934815,0.6213546,True,False,37007,0,0
dimerization_r1,dimerization,T=150,1305,0,3,41934815,0.6646215,True,False,37007,0,0
dimerization_r1,dimerization,T=250,1305,0,4,41934815,0.7718636,True,False,37007,0,0
dimerization_r1,dimerization,T=400,1305,0,5,41934815,0.8389887,True,False,37007,0,0
dimerization_r1,dimerization,T=600,1305,0,6,41934815,0.7661715,True,False,37007,0,0
dimerization_r1,dimerization,T=1000,1305,0,7,41934815,1.1710973,True,False,1,5605,1
dimerization_r1,dimerization,cost_model_cold,1305,0,8,41934815,0.7117718,True,False,37007,0,0
dimerization_r1,dimerization,cost_model_warm,1305,0,9,41934815,0.6435634,True,False,37007,0,0
dimerization_r1,dimerization,T=60,1305,1,0,41934815,0.6684734,True,False,37007,0,0
dimerization_r1,dimerization,T=100,1305,1,1,41934815,0.6939205,True,False,37007,0,0
dimerization_r1,dimerization,T=150,1305,1,2,41934815,0.5273908,True,False,37007,0,0
dimerization_r1,dimerization,T=250,1305,1,3,41934815,0.6834475,True,False,37007,0,0
dimerization_r1,dimerization,T=400,1305,1,4,41934815,0.6209595,True,False,37007,0,0
dimerization_r1,dimerization,T=600,1305,1,5,41934815,0.5531645,True,False,37007,0,0
dimerization_r1,dimerization,T=1000,1305,1,6,41934815,1.1607652,True,False,1,5605,1
dimerization_r1,dimerization,cost_model_cold,1305,1,7,41934815,0.5504422,True,False,37007,0,0
dimerization_r1,dimerization,cost_model_warm,1305,1,8,41934815,0.6276438,True,False,37007,0,0
dimerization_r1,dimerization,timing,1305,1,9,41934815,0.59501,True,False,28152,1343,18
dimerization_r1,dimerization,T=100,1306,0,0,41934815,0.4487172,True,False,36954,0,0
dimerization_r1,dimerization,T=150,1306,0,1,41934815,0.5693115,True,False,36954,0,0
dimerization_r1,dimerization,T=250,1306,0,2,41934815,0.5382718,True,False,36954,0,0
dimerization_r1,dimerization,T=400,1306,0,3,41934815,0.5343568,True,False,36954,0,0
dimerization_r1,dimerization,T=600,1306,0,4,41934815,0.5902171,True,False,36954,0,0
dimerization_r1,dimerization,T=1000,1306,0,5,41934815,1.2649614,True,False,1,5605,1
dimerization_r1,dimerization,cost_model_cold,1306,0,6,41934815,0.6414836,True,False,36954,0,0
dimerization_r1,dimerization,cost_model_warm,1306,0,7,41934815,0.6384419,True,False,36954,0,0
dimerization_r1,dimerization,timing,1306,0,8,41934815,0.8840847,True,False,26605,1517,14
dimerization_r1,dimerization,T=60,1306,0,9,41934815,0.7196903,True,False,36954,0,0
dimerization_r1,dimerization,T=150,1306,1,0,41934815,0.6770543,True,False,36954,0,0
dimerization_r1,dimerization,T=250,1306,1,1,41934815,0.6180166,True,False,36954,0,0
dimerization_r1,dimerization,T=400,1306,1,2,41934815,0.6507686,True,False,36954,0,0
dimerization_r1,dimerization,T=600,1306,1,3,41934815,0.7120509,True,False,36954,0,0
dimerization_r1,dimerization,T=1000,1306,1,4,41934815,1.1130905,True,False,1,5605,1
dimerization_r1,dimerization,cost_model_cold,1306,1,5,41934815,0.6270913,True,False,36954,0,0
dimerization_r1,dimerization,cost_model_warm,1306,1,6,41934815,0.6485528,True,False,36954,0,0
dimerization_r1,dimerization,timing,1306,1,7,41934815,1.1003663,True,False,12251,3879,9
dimerization_r1,dimerization,T=60,1306,1,8,41934815,0.5789416,True,False,36954,0,0
dimerization_r1,dimerization,T=100,1306,1,9,41934815,0.6249812,True,False,36954,0,0
dimerization_r2,dimerization,T=250,1301,0,0,167739263,1.706743,True,False,73934,0,0
dimerization_r2,dimerization,T=400,1301,0,1,167739263,1.5522579,True,False,73934,0,0
dimerization_r2,dimerization,T=600,1301,0,2,167739263,1.6814373,True,False,73934,0,0
dimerization_r2,dimerization,T=1000,1301,0,3,167739263,1.7882079,True,False,73934,0,0
dimerization_r2,dimerization,cost_model_cold,1301,0,4,167739263,1.6936663,True,False,73934,0,0
dimerization_r2,dimerization,cost_model_warm,1301,0,5,167739263,1.8178943,True,False,73934,0,0
dimerization_r2,dimerization,timing,1301,0,6,167739263,2.0294435,True,False,70191,603,20
dimerization_r2,dimerization,T=60,1301,0,7,167739263,1.485865,True,False,73934,0,0
dimerization_r2,dimerization,T=100,1301,0,8,167739263,1.5421766,True,False,73934,0,0
dimerization_r2,dimerization,T=150,1301,0,9,167739263,1.6700461,True,False,73934,0,0
dimerization_r2,dimerization,T=400,1301,1,0,167739263,1.5850533,True,False,73934,0,0
dimerization_r2,dimerization,T=600,1301,1,1,167739263,1.5400522,True,False,73934,0,0
dimerization_r2,dimerization,T=1000,1301,1,2,167739263,1.5153047,True,False,73934,0,0
dimerization_r2,dimerization,cost_model_cold,1301,1,3,167739263,1.5661548,True,False,73934,0,0
dimerization_r2,dimerization,cost_model_warm,1301,1,4,167739263,1.7631631,True,False,73934,0,0
dimerization_r2,dimerization,timing,1301,1,5,167739263,1.5237343,True,False,73898,18,18
dimerization_r2,dimerization,T=60,1301,1,6,167739263,1.6041188,True,False,73934,0,0
dimerization_r2,dimerization,T=100,1301,1,7,167739263,1.5348244,True,False,73934,0,0
dimerization_r2,dimerization,T=150,1301,1,8,167739263,1.6056238,True,False,73934,0,0
dimerization_r2,dimerization,T=250,1301,1,9,167739263,1.5724014,True,False,73934,0,0
dimerization_r2,dimerization,T=600,1302,0,0,167739263,1.5544772,True,False,73772,0,0
dimerization_r2,dimerization,T=1000,1302,0,1,167739263,1.4898361,True,False,73772,0,0
dimerization_r2,dimerization,cost_model_cold,1302,0,2,167739263,1.6119352,True,False,73772,0,0
dimerization_r2,dimerization,cost_model_warm,1302,0,3,167739263,1.625762,True,False,73772,0,0
dimerization_r2,dimerization,timing,1302,0,4,167739263,2.3472884,True,False,61071,2020,18
dimerization_r2,dimerization,T=60,1302,0,5,167739263,1.6293324,True,False,73772,0,0
dimerization_r2,dimerization,T=100,1302,0,6,167739263,1.5388718,True,False,73772,0,0
dimerization_r2,dimerization,T=150,1302,0,7,167739263,1.5669595,True,False,73772,0,0
dimerization_r2,dimerization,T=250,1302,0,8,167739263,1.5318393,True,False,73772,0,0
dimerization_r2,dimerization,T=400,1302,0,9,167739263,1.3810074,True,False,73772,0,0
dimerization_r2,dimerization,T=1000,1302,1,0,167739263,1.5196438,True,False,73772,0,0
dimerization_r2,dimerization,cost_model_cold,1302,1,1,167739263,1.639381,True,False,73772,0,0
dimerization_r2,dimerization,cost_model_warm,1302,1,2,167739263,1.5353368,True,False,73772,0,0
dimerization_r2,dimerization,timing,1302,1,3,167739263,1.6448208,True,False,73760,18,18
dimerization_r2,dimerization,T=60,1302,1,4,167739263,1.6316154,True,False,73772,0,0
dimerization_r2,dimerization,T=100,1302,1,5,167739263,1.5794193,True,False,73772,0,0
dimerization_r2,dimerization,T=150,1302,1,6,167739263,1.7045412,True,False,73772,0,0
dimerization_r2,dimerization,T=250,1302,1,7,167739263,1.7115792,True,False,73772,0,0
dimerization_r2,dimerization,T=400,1302,1,8,167739263,1.520175,True,False,73772,0,0
dimerization_r2,dimerization,T=600,1302,1,9,167739263,1.5105054,True,False,73772,0,0
dimerization_r2,dimerization,cost_model_cold,1303,0,0,167739263,1.4436444,True,False,73933,0,0
dimerization_r2,dimerization,cost_model_warm,1303,0,1,167739263,1.4725881,True,False,73933,0,0
dimerization_r2,dimerization,timing,1303,0,2,167739263,1.5560461,True,False,73791,18,18
dimerization_r2,dimerization,T=60,1303,0,3,167739263,1.5137696,True,False,73933,0,0
dimerization_r2,dimerization,T=100,1303,0,4,167739263,1.5051978,True,False,73933,0,0
dimerization_r2,dimerization,T=150,1303,0,5,167739263,1.4707179,True,False,73933,0,0
dimerization_r2,dimerization,T=250,1303,0,6,167739263,1.4926235,True,False,73933,0,0
dimerization_r2,dimerization,T=400,1303,0,7,167739263,1.4795763,True,False,73933,0,0
dimerization_r2,dimerization,T=600,1303,0,8,167739263,1.5724868,True,False,73933,0,0
dimerization_r2,dimerization,T=1000,1303,0,9,167739263,1.6727284,True,False,73933,0,0
dimerization_r2,dimerization,cost_model_warm,1303,1,0,167739263,1.5065648,True,False,73933,0,0
dimerization_r2,dimerization,timing,1303,1,1,167739263,2.1306863,True,False,65344,1325,29
dimerization_r2,dimerization,T=60,1303,1,2,167739263,1.3266172,True,False,73933,0,0
dimerization_r2,dimerization,T=100,1303,1,3,167739263,1.3803964,True,False,73933,0,0
dimerization_r2,dimerization,T=150,1303,1,4,167739263,1.5881085,True,False,73933,0,0
dimerization_r2,dimerization,T=250,1303,1,5,167739263,1.5462457,True,False,73933,0,0
dimerization_r2,dimerization,T=400,1303,1,6,167739263,1.5024863,True,False,73933,0,0
dimerization_r2,dimerization,T=600,1303,1,7,167739263,1.7038066,True,False,73933,0,0
dimerization_r2,dimerization,T=1000,1303,1,8,167739263,1.6714936,True,False,73933,0,0
dimerization_r2,dimerization,cost_model_cold,1303,1,9,167739263,1.6627676,True,False,73933,0,0
dimerization_r2,dimerization,timing,1304,0,0,167739263,1.5345037,True,False,73721,18,18
dimerization_r2,dimerization,T=60,1304,0,1,167739263,1.4653152,True,False,74227,0,0
dimerization_r2,dimerization,T=100,1304,0,2,167739263,1.4896254,True,False,74227,0,0
dimerization_r2,dimerization,T=150,1304,0,3,167739263,1.5982841,True,False,74227,0,0
dimerization_r2,dimerization,T=250,1304,0,4,167739263,1.5306243,True,False,74227,0,0
dimerization_r2,dimerization,T=400,1304,0,5,167739263,1.2795304,True,False,74227,0,0
dimerization_r2,dimerization,T=600,1304,0,6,167739263,1.3608557,True,False,74227,0,0
dimerization_r2,dimerization,T=1000,1304,0,7,167739263,1.4816242,True,False,74227,0,0
dimerization_r2,dimerization,cost_model_cold,1304,0,8,167739263,1.3175178,True,False,74227,0,0
dimerization_r2,dimerization,cost_model_warm,1304,0,9,167739263,1.431937,True,False,74227,0,0
dimerization_r2,dimerization,T=60,1304,1,0,167739263,1.2738794,True,False,74227,0,0
dimerization_r2,dimerization,T=100,1304,1,1,167739263,0.8603469,True,False,74227,0,0
dimerization_r2,dimerization,T=150,1304,1,2,167739263,0.8106836,True,False,74227,0,0
dimerization_r2,dimerization,T=250,1304,1,3,167739263,0.8005295,True,False,74227,0,0
dimerization_r2,dimerization,T=400,1304,1,4,167739263,0.8141821,True,False,74227,0,0
dimerization_r2,dimerization,T=600,1304,1,5,167739263,0.8291256,True,False,74227,0,0
dimerization_r2,dimerization,T=1000,1304,1,6,167739263,0.8995026,True,False,74227,0,0
dimerization_r2,dimerization,cost_model_cold,1304,1,7,167739263,0.8342619,True,False,74227,0,0
dimerization_r2,dimerization,cost_model_warm,1304,1,8,167739263,0.8118609,True,False,74227,0,0
dimerization_r2,dimerization,timing,1304,1,9,167739263,1.7460532,True,False,53914,3111,20
dimerization_r2,dimerization,T=100,1305,0,0,167739263,1.563786,True,False,73715,0,0
dimerization_r2,dimerization,T=150,1305,0,1,167739263,0.9474941,True,False,73715,0,0
dimerization_r2,dimerization,T=250,1305,0,2,167739263,0.8142686,True,False,73715,0,0
dimerization_r2,dimerization,T=400,1305,0,3,167739263,0.7983154,True,False,73715,0,0
dimerization_r2,dimerization,T=600,1305,0,4,167739263,0.8064401,True,False,73715,0,0
dimerization_r2,dimerization,T=1000,1305,0,5,167739263,0.7913428,True,False,73715,0,0
dimerization_r2,dimerization,cost_model_cold,1305,0,6,167739263,0.7974756,True,False,73715,0,0
dimerization_r2,dimerization,cost_model_warm,1305,0,7,167739263,0.7823944,True,False,73715,0,0
dimerization_r2,dimerization,timing,1305,0,8,167739263,1.7799929,True,False,41995,5016,15
dimerization_r2,dimerization,T=60,1305,0,9,167739263,0.7567558,True,False,73715,0,0
dimerization_r2,dimerization,T=150,1305,1,0,167739263,0.8838832,True,False,73715,0,0
dimerization_r2,dimerization,T=250,1305,1,1,167739263,0.8649819,True,False,73715,0,0
dimerization_r2,dimerization,T=400,1305,1,2,167739263,0.9261685,True,False,73715,0,0
dimerization_r2,dimerization,T=600,1305,1,3,167739263,0.9061751,True,False,73715,0,0
dimerization_r2,dimerization,T=1000,1305,1,4,167739263,0.9296987,True,False,73715,0,0
dimerization_r2,dimerization,cost_model_cold,1305,1,5,167739263,0.9242366,True,False,73715,0,0
dimerization_r2,dimerization,cost_model_warm,1305,1,6,167739263,0.9337869,True,False,73715,0,0
dimerization_r2,dimerization,timing,1305,1,7,167739263,1.2970858,True,False,57172,2551,18
dimerization_r2,dimerization,T=60,1305,1,8,167739263,0.8068073,True,False,73715,0,0
dimerization_r2,dimerization,T=100,1305,1,9,167739263,0.8277618,True,False,73715,0,0
dimerization_r2,dimerization,T=250,1306,0,0,167739263,0.8240104,True,False,73967,0,0
dimerization_r2,dimerization,T=400,1306,0,1,167739263,0.8083151,True,False,73967,0,0
dimerization_r2,dimerization,T=600,1306,0,2,167739263,0.8025262,True,False,73967,0,0
dimerization_r2,dimerization,T=1000,1306,0,3,167739263,0.7949185,True,False,73967,0,0
dimerization_r2,dimerization,cost_model_cold,1306,0,4,167739263,0.8425915,True,False,73967,0,0
dimerization_r2,dimerization,cost_model_warm,1306,0,5,167739263,0.7908594,True,False,73967,0,0
dimerization_r2,dimerization,timing,1306,0,6,167739263,0.7933273,True,False,73956,18,18
dimerization_r2,dimerization,T=60,1306,0,7,167739263,0.7856087,True,False,73967,0,0
dimerization_r2,dimerization,T=100,1306,0,8,167739263,0.762734,True,False,73967,0,0
dimerization_r2,dimerization,T=150,1306,0,9,167739263,0.8339938,True,False,73967,0,0
dimerization_r2,dimerization,T=400,1306,1,0,167739263,0.8321274,True,False,73967,0,0
dimerization_r2,dimerization,T=600,1306,1,1,167739263,0.8494376,True,False,73967,0,0
dimerization_r2,dimerization,T=1000,1306,1,2,167739263,0.8229031,True,False,73967,0,0
dimerization_r2,dimerization,cost_model_cold,1306,1,3,167739263,0.8565945,True,False,73967,0,0
dimerization_r2,dimerization,cost_model_warm,1306,1,4,167739263,0.8102975,True,False,73967,0,0
dimerization_r2,dimerization,timing,1306,1,5,167739263,0.842493,True,False,73949,21,20
dimerization_r2,dimerization,T=60,1306,1,6,167739263,0.8263532,True,False,73967,0,0
dimerization_r2,dimerization,T=100,1306,1,7,167739263,0.8264918,True,False,73967,0,0
dimerization_r2,dimerization,T=150,1306,1,8,167739263,0.7716663,True,False,73967,0,0
dimerization_r2,dimerization,T=250,1306,1,9,167739263,0.8037451,True,False,73967,0,0
lotka_volterra_r05,lotka_volterra,T=600,1301,0,0,715057,0.8745342,True,False,1,34102,1
lotka_volterra_r05,lotka_volterra,T=1000,1301,0,1,715057,0.9243682,True,False,1,34102,1
lotka_volterra_r05,lotka_volterra,cost_model_cold,1301,0,2,715057,0.9264014,True,False,88734,0,0
lotka_volterra_r05,lotka_volterra,cost_model_warm,1301,0,3,715057,0.8755063,True,False,38542,20031,7
lotka_volterra_r05,lotka_volterra,timing,1301,0,4,715057,0.9041512,True,False,56534,12477,30
lotka_volterra_r05,lotka_volterra,T=60,1301,0,5,715057,0.9163998,True,False,88734,0,0
lotka_volterra_r05,lotka_volterra,T=100,1301,0,6,715057,0.8959333,True,False,88734,0,0
lotka_volterra_r05,lotka_volterra,T=150,1301,0,7,715057,0.939666,True,False,88734,0,0
lotka_volterra_r05,lotka_volterra,T=250,1301,0,8,715057,0.9341906,True,False,88734,0,0
lotka_volterra_r05,lotka_volterra,T=400,1301,0,9,715057,0.8938394,True,False,75854,5742,7
lotka_volterra_r05,lotka_volterra,T=1000,1301,1,0,715057,0.9207553,True,False,1,34102,1
lotka_volterra_r05,lotka_volterra,cost_model_cold,1301,1,1,715057,0.9884526,True,False,88734,0,0
lotka_volterra_r05,lotka_volterra,cost_model_warm,1301,1,2,715057,0.9265636,True,False,38542,20031,7
lotka_volterra_r05,lotka_volterra,timing,1301,1,3,715057,0.8938698,True,False,58493,11786,28
lotka_volterra_r05,lotka_volterra,T=60,1301,1,4,715057,0.9676624,True,False,88734,0,0
lotka_volterra_r05,lotka_volterra,T=100,1301,1,5,715057,0.98214,True,False,88734,0,0
lotka_volterra_r05,lotka_volterra,T=150,1301,1,6,715057,0.9328944,True,False,88734,0,0
lotka_volterra_r05,lotka_volterra,T=250,1301,1,7,715057,0.8717732,True,False,88734,0,0
lotka_volterra_r05,lotka_volterra,T=400,1301,1,8,715057,0.8713467,True,False,75854,5742,7
lotka_volterra_r05,lotka_volterra,T=600,1301,1,9,715057,0.9096516,True,False,1,34102,1
lotka_volterra_r05,lotka_volterra,cost_model_cold,1302,0,0,715057,0.9599364,True,False,88688,0,0
lotka_volterra_r05,lotka_volterra,cost_model_warm,1302,0,1,715057,0.8469469,True,False,38507,20016,7
lotka_volterra_r05,lotka_volterra,timing,1302,0,2,715057,0.8950294,True,False,73840,6045,34
lotka_volterra_r05,lotka_volterra,T=60,1302,0,3,715057,0.8925451,True,False,88688,0,0
lotka_volterra_r05,lotka_volterra,T=100,1302,0,4,715057,0.8997541,True,False,88688,0,0
lotka_volterra_r05,lotka_volterra,T=150,1302,0,5,715057,0.9707367,True,False,88688,0,0
lotka_volterra_r05,lotka_volterra,T=250,1302,0,6,715057,0.9451077,True,False,88688,0,0
lotka_volterra_r05,lotka_volterra,T=400,1302,0,7,715057,0.9236561,True,False,75641,5832,7
lotka_volterra_r05,lotka_volterra,T=600,1302,0,8,715057,0.8484711,True,False,1,34088,1
lotka_volterra_r05,lotka_volterra,T=1000,1302,0,9,715057,0.872172,True,False,1,34088,1
lotka_volterra_r05,lotka_volterra,cost_model_warm,1302,1,0,715057,0.8914199,True,False,38507,20016,7
lotka_volterra_r05,lotka_volterra,timing,1302,1,1,715057,0.9492875,True,False,77192,4298,46
lotka_volterra_r05,lotka_volterra,T=60,1302,1,2,715057,0.9610606,True,False,88688,0,0
lotka_volterra_r05,lotka_volterra,T=100,1302,1,3,715057,0.8749786,True,False,88688,0,0
lotka_volterra_r05,lotka_volterra,T=150,1302,1,4,715057,0.7959734,True,False,88688,0,0
lotka_volterra_r05,lotka_volterra,T=250,1302,1,5,715057,0.800485,True,False,88688,0,0
lotka_volterra_r05,lotka_volterra,T=400,1302,1,6,715057,0.7847201,True,False,75641,5832,7
lotka_volterra_r05,lotka_volterra,T=600,1302,1,7,715057,0.7929595,True,False,1,34088,1
lotka_volterra_r05,lotka_volterra,T=1000,1302,1,8,715057,0.7917911,True,False,1,34088,1
lotka_volterra_r05,lotka_volterra,cost_model_cold,1302,1,9,715057,0.8305065,True,False,88688,0,0
lotka_volterra_r05,lotka_volterra,timing,1303,0,0,715057,0.944486,True,False,87712,309,40
lotka_volterra_r05,lotka_volterra,T=60,1303,0,1,715057,0.8695511,True,False,88582,0,0
lotka_volterra_r05,lotka_volterra,T=100,1303,0,2,715057,0.7984654,True,False,88582,0,0
lotka_volterra_r05,lotka_volterra,T=150,1303,0,3,715057,0.8149701,True,False,88582,0,0
lotka_volterra_r05,lotka_volterra,T=250,1303,0,4,715057,0.8148003,True,False,88582,0,0
lotka_volterra_r05,lotka_volterra,T=400,1303,0,5,715057,0.7780244,True,False,75611,5759,7
lotka_volterra_r05,lotka_volterra,T=600,1303,0,6,715057,0.7902948,True,False,1,34118,1
lotka_volterra_r05,lotka_volterra,T=1000,1303,0,7,715057,0.7736994,True,False,1,34118,1
lotka_volterra_r05,lotka_volterra,cost_model_cold,1303,0,8,715057,0.8259964,True,False,88582,0,0
lotka_volterra_r05,lotka_volterra,cost_model_warm,1303,0,9,715057,0.7651268,True,False,38420,20027,7
lotka_volterra_r05,lotka_volterra,T=60,1303,1,0,715057,0.8336198,True,False,88582,0,0
lotka_volterra_r05,lotka_volterra,T=100,1303,1,1,715057,0.8283513,True,False,88582,0,0
lotka_volterra_r05,lotka_volterra,T=150,1303,1,2,715057,0.890411,True,False,88582,0,0
lotka_volterra_r05,lotka_volterra,T=250,1303,1,3,715057,0.820141,True,False,88582,0,0
lotka_volterra_r05,lotka_volterra,T=400,1303,1,4,715057,0.7835271,True,False,75611,5759,7
lotka_volterra_r05,lotka_volterra,T=600,1303,1,5,715057,0.8196082,True,False,1,34118,1
lotka_volterra_r05,lotka_volterra,T=1000,1303,1,6,715057,0.901818,True,False,1,34118,1
lotka_volterra_r05,lotka_volterra,cost_model_cold,1303,1,7,715057,0.8499411,True,False,88582,0,0
lotka_volterra_r05,lotka_volterra,cost_model_warm,1303,1,8,715057,0.7627994,True,False,38420,20027,7
lotka_volterra_r05,lotka_volterra,timing,1303,1,9,715057,0.8409303,True,False,70490,7200,44
lotka_volterra_r05,lotka_volterra,T=100,1304,0,0,715057,0.8232885,True,False,88619,0,0
lotka_volterra_r05,lotka_volterra,T=150,1304,0,1,715057,0.877399,True,False,88619,0,0
lotka_volterra_r05,lotka_volterra,T=250,1304,0,2,715057,0.8701961,True,False,88619,0,0
lotka_volterra_r05,lotka_volterra,T=400,1304,0,3,715057,0.7860306,True,False,75477,5843,7
lotka_volterra_r05,lotka_volterra,T=600,1304,0,4,715057,0.8426439,True,False,1,34102,1
lotka_volterra_r05,lotka_volterra,T=1000,1304,0,5,715057,0.780604,True,False,1,34102,1
lotka_volterra_r05,lotka_volterra,cost_model_cold,1304,0,6,715057,0.8582718,True,False,88619,0,0
lotka_volterra_r05,lotka_volterra,cost_model_warm,1304,0,7,715057,0.8162778,True,False,38397,20019,7
lotka_volterra_r05,lotka_volterra,timing,1304,0,8,715057,0.8261757,True,False,78610,3663,42
lotka_volterra_r05,lotka_volterra,T=60,1304,0,9,715057,0.846082,True,False,88619,0,0
lotka_volterra_r05,lotka_volterra,T=150,1304,1,0,715057,0.8506717,True,False,88619,0,0
lotka_volterra_r05,lotka_volterra,T=250,1304,1,1,715057,0.8444884,True,False,88619,0,0
lotka_volterra_r05,lotka_volterra,T=400,1304,1,2,715057,0.8028752,True,False,75477,5843,7
lotka_volterra_r05,lotka_volterra,T=600,1304,1,3,715057,0.8240895,True,False,1,34102,1
lotka_volterra_r05,lotka_volterra,T=1000,1304,1,4,715057,0.8495714,True,False,1,34102,1
lotka_volterra_r05,lotka_volterra,cost_model_cold,1304,1,5,715057,0.8715514,True,False,88619,0,0
lotka_volterra_r05,lotka_volterra,cost_model_warm,1304,1,6,715057,0.8054688,True,False,38397,20019,7
lotka_volterra_r05,lotka_volterra,timing,1304,1,7,715057,0.7961893,True,False,79401,3743,39
lotka_volterra_r05,lotka_volterra,T=60,1304,1,8,715057,0.850133,True,False,88619,0,0
lotka_volterra_r05,lotka_volterra,T=100,1304,1,9,715057,0.8578539,True,False,88619,0,0
lotka_volterra_r05,lotka_volterra,T=250,1305,0,0,715057,0.8162428,True,False,88549,0,0
lotka_volterra_r05,lotka_volterra,T=400,1305,0,1,715057,0.8018776,True,False,75647,5753,7
lotka_volterra_r05,lotka_volterra,T=600,1305,0,2,715057,0.8329794,True,False,1,34119,1
lotka_volterra_r05,lotka_volterra,T=1000,1305,0,3,715057,0.8048784,True,False,1,34119,1
lotka_volterra_r05,lotka_volterra,cost_model_cold,1305,0,4,715057,0.8367805,True,False,88549,0,0
lotka_volterra_r05,lotka_volterra,cost_model_warm,1305,0,5,715057,0.8022087,True,False,38362,20034,7
lotka_volterra_r05,lotka_volterra,timing,1305,0,6,715057,0.7960068,True,False,80672,2947,38
lotka_volterra_r05,lotka_volterra,T=60,1305,0,7,715057,1.1329242,True,False,88549,0,0
lotka_volterra_r05,lotka_volterra,T=100,1305,0,8,715057,0.9976169,True,False,88549,0,0
lotka_volterra_r05,lotka_volterra,T=150,1305,0,9,715057,0.9606678,True,False,88549,0,0
lotka_volterra_r05,lotka_volterra,T=400,1305,1,0,715057,0.9400973,True,False,75647,5753,7
lotka_volterra_r05,lotka_volterra,T=600,1305,1,1,715057,0.9450135,True,False,1,34119,1
lotka_volterra_r05,lotka_volterra,T=1000,1305,1,2,715057,0.9221301,True,False,1,34119,1
lotka_volterra_r05,lotka_volterra,cost_model_cold,1305,1,3,715057,0.9583439,True,False,88549,0,0
lotka_volterra_r05,lotka_volterra,cost_model_warm,1305,1,4,715057,0.9334475,True,False,38362,20034,7
lotka_volterra_r05,lotka_volterra,timing,1305,1,5,715057,0.9486401,True,False,19165,26757,27
lotka_volterra_r05,lotka_volterra,T=60,1305,1,6,715057,0.9927096,True,False,88549,0,0
lotka_volterra_r05,lotka_volterra,T=100,1305,1,7,715057,1.0214545,True,False,88549,0,0
lotka_volterra_r05,lotka_volterra,T=150,1305,1,8,715057,0.9973589,True,False,88549,0,0
lotka_volterra_r05,lotka_volterra,T=250,1305,1,9,715057,0.9662194,True,False,88549,0,0
lotka_volterra_r05,lotka_volterra,T=600,1306,0,0,715057,0.9405586,True,False,1,34097,1
lotka_volterra_r05,lotka_volterra,T=1000,1306,0,1,715057,0.9146691,True,False,1,34097,1
lotka_volterra_r05,lotka_volterra,cost_model_cold,1306,0,2,715057,0.964261,True,False,88681,0,0
lotka_volterra_r05,lotka_volterra,cost_model_warm,1306,0,3,715057,0.893066,True,False,38498,20028,7
lotka_volterra_r05,lotka_volterra,timing,1306,0,4,715057,0.9928857,True,False,60031,10701,42
lotka_volterra_r05,lotka_volterra,T=60,1306,0,5,715057,0.9949018,True,False,88681,0,0
lotka_volterra_r05,lotka_volterra,T=100,1306,0,6,715057,0.9771467,True,False,88681,0,0
lotka_volterra_r05,lotka_volterra,T=150,1306,0,7,715057,0.9621442,True,False,88681,0,0
lotka_volterra_r05,lotka_volterra,T=250,1306,0,8,715057,0.9795663,True,False,88681,0,0
lotka_volterra_r05,lotka_volterra,T=400,1306,0,9,715057,0.9408443,True,False,75815,5770,7
lotka_volterra_r05,lotka_volterra,T=1000,1306,1,0,715057,0.9111332,True,False,1,34097,1
lotka_volterra_r05,lotka_volterra,cost_model_cold,1306,1,1,715057,1.0089838,True,False,88681,0,0
lotka_volterra_r05,lotka_volterra,cost_model_warm,1306,1,2,715057,0.8860855,True,False,38498,20028,7
lotka_volterra_r05,lotka_volterra,timing,1306,1,3,715057,0.9660634,True,False,82308,2474,36
lotka_volterra_r05,lotka_volterra,T=60,1306,1,4,715057,1.0046148,True,False,88681,0,0
lotka_volterra_r05,lotka_volterra,T=100,1306,1,5,715057,0.9431111,True,False,88681,0,0
lotka_volterra_r05,lotka_volterra,T=150,1306,1,6,715057,0.991574,True,False,88681,0,0
lotka_volterra_r05,lotka_volterra,T=250,1306,1,7,715057,0.975383,True,False,88681,0,0
lotka_volterra_r05,lotka_volterra,T=400,1306,1,8,715057,0.9546059,True,False,75815,5770,7
lotka_volterra_r05,lotka_volterra,T=600,1306,1,9,715057,0.9288036,True,False,1,34097,1
lotka_volterra_r1,lotka_volterra,cost_model_cold,1301,0,0,2860230,2.0247811,True,False,177539,0,0
lotka_volterra_r1,lotka_volterra,cost_model_warm,1301,0,1,2860230,2.0560078,True,False,177539,0,0
lotka_volterra_r1,lotka_volterra,timing,1301,0,2,2860230,2.3617937,True,False,138838,14623,51
lotka_volterra_r1,lotka_volterra,T=60,1301,0,3,2860230,1.9682356,True,False,177539,0,0
lotka_volterra_r1,lotka_volterra,T=100,1301,0,4,2860230,1.9902842,True,False,177539,0,0
lotka_volterra_r1,lotka_volterra,T=150,1301,0,5,2860230,2.0213557,True,False,177539,0,0
lotka_volterra_r1,lotka_volterra,T=250,1301,0,6,2860230,1.6451789,True,False,177539,0,0
lotka_volterra_r1,lotka_volterra,T=400,1301,0,7,2860230,1.6702496,True,False,177539,0,0
lotka_volterra_r1,lotka_volterra,T=600,1301,0,8,2860230,1.770753,True,False,177539,0,0
lotka_volterra_r1,lotka_volterra,T=1000,1301,0,9,2860230,2.5931378,True,False,74789,40879,7
lotka_volterra_r1,lotka_volterra,cost_model_warm,1301,1,0,2860230,1.8643796,True,False,177539,0,0
lotka_volterra_r1,lotka_volterra,timing,1301,1,1,2860230,1.8509538,True,False,175474,677,66
lotka_volterra_r1,lotka_volterra,T=60,1301,1,2,2860230,1.9234076,True,False,177539,0,0
lotka_volterra_r1,lotka_volterra,T=100,1301,1,3,2860230,1.9753284,True,False,177539,0,0
lotka_volterra_r1,lotka_volterra,T=150,1301,1,4,2860230,1.885119,True,False,177539,0,0
lotka_volterra_r1,lotka_volterra,T=250,1301,1,5,2860230,1.9249873,True,False,177539,0,0
lotka_volterra_r1,lotka_volterra,T=400,1301,1,6,2860230,1.9113516,True,False,177539,0,0
lotka_volterra_r1,lotka_volterra,T=600,1301,1,7,2860230,1.9334751,True,False,177539,0,0
lotka_volterra_r1,lotka_volterra,T=1000,1301,1,8,2860230,2.642311,True,False,74789,40879,7
lotka_volterra_r1,lotka_volterra,cost_model_cold,1301,1,9,2860230,2.0233595,True,False,177539,0,0
lotka_volterra_r1,lotka_volterra,timing,1302,0,0,2860230,2.3016569,True,False,119375,23275,54
lotka_volterra_r1,lotka_volterra,T=60,1302,0,1,2860230,1.876117,True,False,177555,0,0
lotka_volterra_r1,lotka_volterra,T=100,1302,0,2,2860230,1.8311288,True,False,177555,0,0
lotka_volterra_r1,lotka_volterra,T=150,1302,0,3,2860230,1.8619772,True,False,177555,0,0
lotka_volterra_r1,lotka_volterra,T=250,1302,0,4,2860230,2.0124762,True,False,177555,0,0
lotka_volterra_r1,lotka_volterra,T=400,1302,0,5,2860230,2.0439092,True,False,177555,0,0
lotka_volterra_r1,lotka_volterra,T=600,1302,0,6,2860230,1.8873939,True,False,177555,0,0
lotka_volterra_r1,lotka_volterra,T=1000,1302,0,7,2860230,2.5947866,True,False,74626,40870,7
lotka_volterra_r1,lotka_volterra,cost_model_cold,1302,0,8,2860230,1.9584763,True,False,177555,0,0
lotka_volterra_r1,lotka_volterra,cost_model_warm,1302,0,9,2860230,2.0406314,True,False,177555,0,0
lotka_volterra_r1,lotka_volterra,T=60,1302,1,0,2860230,2.0336381,True,False,177555,0,0
lotka_volterra_r1,lotka_volterra,T=100,1302,1,1,2860230,1.9763925,True,False,177555,0,0
lotka_volterra_r1,lotka_volterra,T=150,1302,1,2,2860230,2.0217997,True,False,177555,0,0
lotka_volterra_r1,lotka_volterra,T=250,1302,1,3,2860230,2.0398223,True,False,177555,0,0
lotka_volterra_r1,lotka_volterra,T=400,1302,1,4,2860230,1.886935,True,False,177555,0,0
lotka_volterra_r1,lotka_volterra,T=600,1302,1,5,2860230,1.8994046,True,False,177555,0,0
lotka_volterra_r1,lotka_volterra,T=1000,1302,1,6,2860230,2.6195474,True,False,74626,40870,7
lotka_volterra_r1,lotka_volterra,cost_model_cold,1302,1,7,2860230,2.0698001,True,False,177555,0,0
lotka_volterra_r1,lotka_volterra,cost_model_warm,1302,1,8,2860230,2.0809387,True,False,177555,0,0
lotka_volterra_r1,lotka_volterra,timing,1302,1,9,2860230,2.3414488,True,False,135796,16364,54
lotka_volterra_r1,lotka_volterra,T=100,1303,0,0,2860230,2.0295367,True,False,177274,0,0
lotka_volterra_r1,lotka_volterra,T=150,1303,0,1,2860230,1.9788972,True,False,177274,0,0
lotka_volterra_r1,lotka_volterra,T=250,1303,0,2,2860230,2.0077531,True,False,177274,0,0
lotka_volterra_r1,lotka_volterra,T=400,1303,0,3,2860230,1.9716343,True,False,177274,0,0
lotka_volterra_r1,lotka_volterra,T=600,1303,0,4,2860230,1.9263986,True,False,177274,0,0
lotka_volterra_r1,lotka_volterra,T=1000,1303,0,5,2860230,2.6161987,True,False,74554,40880,7
lotka_volterra_r1,lotka_volterra,cost_model_cold,1303,0,6,2860230,1.9375485,True,False,177274,0,0
lotka_volterra_r1,lotka_volterra,cost_model_warm,1303,0,7,2860230,1.9556303,True,False,177274,0,0
lotka_volterra_r1,lotka_volterra,timing,1303,0,8,2860230,2.0912439,True,False,169284,3004,64
lotka_volterra_r1,lotka_volterra,T=60,1303,0,9,2860230,2.0065606,True,False,177274,0,0
lotka_volterra_r1,lotka_volterra,T=150,1303,1,0,2860230,1.9356719,True,False,177274,0,0
lotka_volterra_r1,lotka_volterra,T=250,1303,1,1,2860230,2.0568237,True,False,177274,0,0
lotka_volterra_r1,lotka_volterra,T=400,1303,1,2,2860230,2.0747713,True,False,177274,0,0
lotka_volterra_r1,lotka_volterra,T=600,1303,1,3,2860230,2.0361641,True,False,177274,0,0
lotka_volterra_r1,lotka_volterra,T=1000,1303,1,4,2860230,2.8981803,True,False,74554,40880,7
lotka_volterra_r1,lotka_volterra,cost_model_cold,1303,1,5,2860230,2.0233245,True,False,177274,0,0
lotka_volterra_r1,lotka_volterra,cost_model_warm,1303,1,6,2860230,2.0779394,True,False,177274,0,0
lotka_volterra_r1,lotka_volterra,timing,1303,1,7,2860230,2.0780941,True,False,168642,3228,62
lotka_volterra_r1,lotka_volterra,T=60,1303,1,8,2860230,2.0165993,True,False,177274,0,0
lotka_volterra_r1,lotka_volterra,T=100,1303,1,9,2860230,2.0362073,True,False,177274,0,0
lotka_volterra_r1,lotka_volterra,T=250,1304,0,0,2860230,1.9468239,True,False,177268,0,0
lotka_volterra_r1,lotka_volterra,T=400,1304,0,1,2860230,2.0238696,True,False,177268,0,0
lotka_volterra_r1,lotka_volterra,T=600,1304,0,2,2860230,2.0684974,True,False,177268,0,0
lotka_volterra_r1,lotka_volterra,T=1000,1304,0,3,2860230,2.8157498,True,False,74537,40886,7
lotka_volterra_r1,lotka_volterra,cost_model_cold,1304,0,4,2860230,2.0744581,True,False,177268,0,0
lotka_volterra_r1,lotka_volterra,cost_model_warm,1304,0,5,2860230,2.1340903,True,False,177268,0,0
lotka_volterra_r1,lotka_volterra,timing,1304,0,6,2860230,2.2969922,True,False,140576,14633,58
lotka_volterra_r1,lotka_volterra,T=60,1304,0,7,2860230,2.1175295,True,False,177268,0,0
lotka_volterra_r1,lotka_volterra,T=100,1304,0,8,2860230,2.0896433,True,False,177268,0,0
lotka_volterra_r1,lotka_volterra,T=150,1304,0,9,2860230,1.9438391,True,False,177268,0,0
lotka_volterra_r1,lotka_volterra,T=400,1304,1,0,2860230,1.9130326,True,False,177268,0,0
lotka_volterra_r1,lotka_volterra,T=600,1304,1,1,2860230,2.0999697,True,False,177268,0,0
lotka_volterra_r1,lotka_volterra,T=1000,1304,1,2,2860230,2.8180189,True,False,74537,40886,7
lotka_volterra_r1,lotka_volterra,cost_model_cold,1304,1,3,2860230,1.9993742,True,False,177268,0,0
lotka_volterra_r1,lotka_volterra,cost_model_warm,1304,1,4,2860230,1.9085243,True,False,177268,0,0
lotka_volterra_r1,lotka_volterra,timing,1304,1,5,2860230,2.1290941,True,False,171190,2480,70
lotka_volterra_r1,lotka_volterra,T=60,1304,1,6,2860230,2.0630498,True,False,177268,0,0
lotka_volterra_r1,lotka_volterra,T=100,1304,1,7,2860230,2.0252883,True,False,177268,0,0
lotka_volterra_r1,lotka_volterra,T=150,1304,1,8,2860230,2.3337113,True,False,177268,0,0
lotka_volterra_r1,lotka_volterra,T=250,1304,1,9,2860230,3.3746914,True,False,177268,0,0
lotka_volterra_r1,lotka_volterra,T=600,1305,0,0,2860230,3.3021123,True,False,177668,0,0
lotka_volterra_r1,lotka_volterra,T=1000,1305,0,1,2860230,4.0304402,True,False,74532,40889,7
lotka_volterra_r1,lotka_volterra,cost_model_cold,1305,0,2,2860230,3.2094615,True,False,177668,0,0
lotka_volterra_r1,lotka_volterra,cost_model_warm,1305,0,3,2860230,2.5029812,True,False,177668,0,0
lotka_volterra_r1,lotka_volterra,timing,1305,0,4,2860230,3.1371737,True,False,156420,8701,56
lotka_volterra_r1,lotka_volterra,T=60,1305,0,5,2860230,3.1658256,True,False,177668,0,0
lotka_volterra_r1,lotka_volterra,T=100,1305,0,6,2860230,3.3932978,True,False,177668,0,0
lotka_volterra_r1,lotka_volterra,T=150,1305,0,7,2860230,3.5901076,True,False,177668,0,0
lotka_volterra_r1,lotka_volterra,T=250,1305,0,8,2860230,3.4154075,True,False,177668,0,0
lotka_volterra_r1,lotka_volterra,T=400,1305,0,9,2860230,3.8525898,True,False,177668,0,0
lotka_volterra_r1,lotka_volterra,T=1000,1305,1,0,2860230,4.4685359,True,False,74532,40889,7
lotka_volterra_r1,lotka_volterra,cost_model_cold,1305,1,1,2860230,3.0822988,True,False,177668,0,0
lotka_volterra_r1,lotka_volterra,cost_model_warm,1305,1,2,2860230,2.9338427,True,False,177668,0,0
lotka_volterra_r1,lotka_volterra,timing,1305,1,3,2860230,3.2082193,True,False,169595,3064,66
lotka_volterra_r1,lotka_volterra,T=60,1305,1,4,2860230,3.2085451,True,False,177668,0,0
lotka_volterra_r1,lotka_volterra,T=100,1305,1,5,2860230,3.1696275,True,False,177668,0,0
lotka_volterra_r1,lotka_volterra,T=150,1305,1,6,2860230,2.8561437,True,False,177668,0,0
lotka_volterra_r1,lotka_volterra,T=250,1305,1,7,2860230,2.9026575,True,False,177668,0,0
lotka_volterra_r1,lotka_volterra,T=400,1305,1,8,2860230,3.1125871,True,False,177668,0,0
lotka_volterra_r1,lotka_volterra,T=600,1305,1,9,2860230,3.2376503,True,False,177668,0,0
lotka_volterra_r1,lotka_volterra,cost_model_cold,1306,0,0,2860230,3.1088607,True,False,177505,0,0
lotka_volterra_r1,lotka_volterra,cost_model_warm,1306,0,1,2860230,3.8332908,True,False,177505,0,0
lotka_volterra_r1,lotka_volterra,timing,1306,0,2,2860230,4.4143138,True,False,112253,26176,50
lotka_volterra_r1,lotka_volterra,T=60,1306,0,3,2860230,2.9171038,True,False,177505,0,0
lotka_volterra_r1,lotka_volterra,T=100,1306,0,4,2860230,3.3407119,True,False,177505,0,0
lotka_volterra_r1,lotka_volterra,T=150,1306,0,5,2860230,3.1502943,True,False,177505,0,0
lotka_volterra_r1,lotka_volterra,T=250,1306,0,6,2860230,2.6492561,True,False,177505,0,0
lotka_volterra_r1,lotka_volterra,T=400,1306,0,7,2860230,2.8782622,True,False,177505,0,0
lotka_volterra_r1,lotka_volterra,T=600,1306,0,8,2860230,2.8582682,True,False,177505,0,0
lotka_volterra_r1,lotka_volterra,T=1000,1306,0,9,2860230,3.8856593,True,False,74788,40879,7
lotka_volterra_r1,lotka_volterra,cost_model_warm,1306,1,0,2860230,3.3509076,True,False,177505,0,0
lotka_volterra_r1,lotka_volterra,timing,1306,1,1,2860230,3.2846468,True,False,177265,81,68
lotka_volterra_r1,lotka_volterra,T=60,1306,1,2,2860230,3.0742353,True,False,177505,0,0
lotka_volterra_r1,lotka_volterra,T=100,1306,1,3,2860230,3.3822572,True,False,177505,0,0
lotka_volterra_r1,lotka_volterra,T=150,1306,1,4,2860230,2.8371092,True,False,177505,0,0
lotka_volterra_r1,lotka_volterra,T=250,1306,1,5,2860230,2.9437367,True,False,177505,0,0
lotka_volterra_r1,lotka_volterra,T=400,1306,1,6,2860230,3.116643,True,False,177505,0,0
lotka_volterra_r1,lotka_volterra,T=600,1306,1,7,2860230,2.7479653,True,False,177505,0,0
lotka_volterra_r1,lotka_volterra,T=1000,1306,1,8,2860230,3.6799803,True,False,74788,40879,7
lotka_volterra_r1,lotka_volterra,cost_model_cold,1306,1,9,2860230,2.7278853,True,False,177505,0,0
shrinking_r05,shrinking,timing,1301,0,0,288682,0.0180402,True,False,2163,11,4
shrinking_r05,shrinking,T=60,1301,0,1,288682,0.017408,True,False,1722,243,1
shrinking_r05,shrinking,T=100,1301,0,2,288682,0.0145005,True,False,1380,416,1
shrinking_r05,shrinking,T=150,1301,0,3,288682,0.0095269,True,False,951,620,1
shrinking_r05,shrinking,T=250,1301,0,4,288682,0.0080017,True,False,88,1039,1
shrinking_r05,shrinking,T=400,1301,0,5,288682,0.0090338,True,False,1,1073,1
shrinking_r05,shrinking,T=600,1301,0,6,288682,0.0089733,True,False,1,1073,1
shrinking_r05,shrinking,T=1000,1301,0,7,288682,0.0111616,True,False,1,1073,1
shrinking_r05,shrinking,cost_model_cold,1301,0,8,288682,0.0133224,True,False,575,806,1
shrinking_r05,shrinking,cost_model_warm,1301,0,9,288682,0.0104633,True,False,1,1073,1
shrinking_r05,shrinking,T=60,1301,1,0,288682,0.016492,True,False,1722,243,1
shrinking_r05,shrinking,T=100,1301,1,1,288682,0.0135027,True,False,1380,416,1
shrinking_r05,shrinking,T=150,1301,1,2,288682,0.0107041,True,False,951,620,1
shrinking_r05,shrinking,T=250,1301,1,3,288682,0.009533,True,False,88,1039,1
shrinking_r05,shrinking,T=400,1301,1,4,288682,0.0110814,True,False,1,1073,1
shrinking_r05,shrinking,T=600,1301,1,5,288682,0.0065793,True,False,1,1073,1
shrinking_r05,shrinking,T=1000,1301,1,6,288682,0.0087087,True,False,1,1073,1
shrinking_r05,shrinking,cost_model_cold,1301,1,7,288682,0.0085043,True,False,575,806,1
shrinking_r05,shrinking,cost_model_warm,1301,1,8,288682,0.0089946,True,False,1,1073,1
shrinking_r05,shrinking,timing,1301,1,9,288682,0.0099013,True,False,632,771,3
shrinking_r05,shrinking,T=100,1302,0,0,288682,0.0129866,True,False,1330,417,1
shrinking_r05,shrinking,T=150,1302,0,1,288682,0.012834,True,False,917,615,1
shrinking_r05,shrinking,T=250,1302,0,2,288682,0.0082888,True,False,84,1035,1
shrinking_r05,shrinking,T=400,1302,0,3,288682,0.0105289,True,False,1,1073,1
shrinking_r05,shrinking,T=600,1302,0,4,288682,0.0099655,True,False,1,1073,1
shrinking_r05,shrinking,T=1000,1302,0,5,288682,0.0086203,True,False,1,1073,1
shrinking_r05,shrinking,cost_model_cold,1302,0,6,288682,0.008147,True,False,550,800,1
shrinking_r05,shrinking,cost_model_warm,1302,0,7,288682,0.0090451,True,False,1,1073,1
shrinking_r05,shrinking,timing,1302,0,8,288682,0.0111994,True,False,441,862,3
shrinking_r05,shrinking,T=60,1302,0,9,288682,0.0148648,True,False,1676,246,1
shrinking_r05,shrinking,T=150,1302,1,0,288682,0.0113891,True,False,917,615,1
shrinking_r05,shrinking,T=250,1302,1,1,288682,0.0128477,True,False,84,1035,1
shrinking_r05,shrinking,T=400,1302,1,2,288682,0.0080529,True,False,1,1073,1
shrinking_r05,shrinking,T=600,1302,1,3,288682,0.0110594,True,False,1,1073,1
shrinking_r05,shrinking,T=1000,1302,1,4,288682,0.0187462,True,False,1,1073,1
shrinking_r05,shrinking,cost_model_cold,1302,1,5,288682,0.0122631,True,False,550,800,1
shrinking_r05,shrinking,cost_model_warm,1302,1,6,288682,0.018104,True,False,1,1073,1
shrinking_r05,shrinking,timing,1302,1,7,288682,0.0187942,True,False,583,798,3
shrinking_r05,shrinking,T=60,1302,1,8,288682,0.0273465,True,False,1676,246,1
shrinking_r05,shrinking,T=100,1302,1,9,288682,0.01881,True,False,1330,417,1
shrinking_r05,shrinking,T=250,1303,0,0,288682,0.0141174,True,False,80,1039,1
shrinking_r05,shrinking,T=400,1303,0,1,288682,0.0159928,True,False,1,1075,1
shrinking_r05,shrinking,T=600,1303,0,2,288682,0.0109096,True,False,1,1075,1
shrinking_r05,shrinking,T=1000,1303,0,3,288682,0.0121313,True,False,1,1075,1
shrinking_r05,shrinking,cost_model_cold,1303,0,4,288682,0.0152864,True,False,575,799,1
shrinking_r05,shrinking,cost_model_warm,1303,0,5,288682,0.0089091,True,False,1,1075,1
shrinking_r05,shrinking,timing,1303,0,6,288682,0.0239335,True,False,1942,127,4
shrinking_r05,shrinking,T=60,1303,0,7,288682,0.0198985,True,False,1722,248,1
shrinking_r05,shrinking,T=100,1303,0,8,288682,0.0181115,True,False,1386,414,1
shrinking_r05,shrinking,T=150,1303,0,9,288682,0.0093246,True,False,949,620,1
shrinking_r05,shrinking,T=400,1303,1,0,288682,0.0074113,True,False,1,1075,1
shrinking_r05,shrinking,T=600,1303,1,1,288682,0.008344,True,False,1,1075,1
shrinking_r05,shrinking,T=1000,1303,1,2,288682,0.0107714,True,False,1,1075,1
shrinking_r05,shrinking,cost_model_cold,1303,1,3,288682,0.0090288,True,False,575,799,1
shrinking_r05,shrinking,cost_model_warm,1303,1,4,288682,0.0093377,True,False,1,1075,1
shrinking_r05,shrinking,timing,1303,1,5,288682,0.0159024,True,False,2204,2,2
shrinking_r05,shrinking,T=60,1303,1,6,288682,0.013957,True,False,1722,248,1
shrinking_r05,shrinking,T=100,1303,1,7,288682,0.0133531,True,False,1386,414,1
shrinking_r05,shrinking,T=150,1303,1,8,288682,0.0100687,True,False,949,620,1
shrinking_r05,shrinking,T=250,1303,1,9,288682,0.0093849,True,False,80,1039,1
shrinking_r05,shrinking,T=600,1304,0,0,288682,0.0106612,True,False,1,1074,1
shrinking_r05,shrinking,T=1000,1304,0,1,288682,0.0086961,True,False,1,1074,1
shrinking_r05,shrinking,cost_model_cold,1304,0,2,288682,0.0107168,True,False,561,802,1
shrinking_r05,shrinking,cost_model_warm,1304,0,3,288682,0.0090643,True,False,1,1074,1
shrinking_r05,shrinking,timing,1304,0,4,288682,0.0271408,True,False,2215,2,2
shrinking_r05,shrinking,T=60,1304,0,5,288682,0.0264376,True,False,1690,249,1
shrinking_r05,shrinking,T=100,1304,0,6,288682,0.023668,True,False,1355,410,1
shrinking_r05,shrinking,T=150,1304,0,7,288682,0.0111919,True,False,932,624,1
shrinking_r05,shrinking,T=250,1304,0,8,288682,0.0064075,True,False,79,1036,1
shrinking_r05,shrinking,T=400,1304,0,9,288682,0.0077935,True,False,1,1074,1
shrinking_r05,shrinking,T=1000,1304,1,0,288682,0.0111208,True,False,1,1074,1
shrinking_r05,shrinking,cost_model_cold,1304,1,1,288682,0.0086764,True,False,561,802,1
shrinking_r05,shrinking,cost_model_warm,1304,1,2,288682,0.0074952,True,False,1,1074,1
shrinking_r05,shrinking,timing,1304,1,3,288682,0.014919,True,False,2163,18,4
shrinking_r05,shrinking,T=60,1304,1,4,288682,0.0144997,True,False,1690,249,1
shrinking_r05,shrinking,T=100,1304,1,5,288682,0.0144431,True,False,1355,410,1
shrinking_r05,shrinking,T=150,1304,1,6,288682,0.0101477,True,False,932,624,1
shrinking_r05,shrinking,T=250,1304,1,7,288682,0.0070188,True,False,79,1036,1
shrinking_r05,shrinking,T=400,1304,1,8,288682,0.0068389,True,False,1,1074,1
shrinking_r05,shrinking,T=600,1304,1,9,288682,0.0088193,True,False,1,1074,1
shrinking_r05,shrinking,cost_model_cold,1305,0,0,288682,0.0071106,True,False,568,803,1
shrinking_r05,shrinking,cost_model_warm,1305,0,1,288682,0.0091821,True,False,1,1071,1
shrinking_r05,shrinking,timing,1305,0,2,288682,0.0208819,True,False,2165,9,8
shrinking_r05,shrinking,T=60,1305,0,3,288682,0.0147354,True,False,1695,248,1
shrinking_r05,shrinking,T=100,1305,0,4,288682,0.0110818,True,False,1357,418,1
shrinking_r05,shrinking,T=150,1305,0,5,288682,0.0108776,True,False,929,622,1
shrinking_r05,shrinking,T=250,1305,0,6,288682,0.010263,True,False,79,1040,1
shrinking_r05,shrinking,T=400,1305,0,7,288682,0.0088787,True,False,1,1071,1
shrinking_r05,shrinking,T=600,1305,0,8,288682,0.0081261,True,False,1,1071,1
shrinking_r05,shrinking,T=1000,1305,0,9,288682,0.0105968,True,False,1,1071,1
shrinking_r05,shrinking,cost_model_warm,1305,1,0,288682,0.0145251,True,False,1,1071,1
shrinking_r05,shrinking,timing,1305,1,1,288682,0.0196502,True,False,2197,2,2
shrinking_r05,shrinking,T=60,1305,1,2,288682,0.0186293,True,False,1695,248,1
shrinking_r05,shrinking,T=100,1305,1,3,288682,0.0123668,True,False,1357,418,1
shrinking_r05,shrinking,T=150,1305,1,4,288682,0.0110794,True,False,929,622,1
shrinking_r05,shrinking,T=250,1305,1,5,288682,0.0090988,True,False,79,1040,1
shrinking_r05,shrinking,T=400,1305,1,6,288682,0.0131112,True,False,1,1071,1
shrinking_r05,shrinking,T=600,1305,1,7,288682,0.0107325,True,False,1,1071,1
shrinking_r05,shrinking,T=1000,1305,1,8,288682,0.0109814,True,False,1,1071,1
shrinking_r05,shrinking,cost_model_cold,1305,1,9,288682,0.0112069,True,False,568,803,1
shrinking_r05,shrinking,timing,1306,0,0,288682,0.020958,True,False,2186,2,2
shrinking_r05,shrinking,T=60,1306,0,1,288682,0.0161807,True,False,1676,247,1
shrinking_r05,shrinking,T=100,1306,0,2,288682,0.0127538,True,False,1346,416,1
shrinking_r05,shrinking,T=150,1306,0,3,288682,0.0096981,True,False,933,623,1
shrinking_r05,shrinking,T=250,1306,0,4,288682,0.0072682,True,False,87,1035,1
shrinking_r05,shrinking,T=400,1306,0,5,288682,0.0077196,True,False,1,1077,1
shrinking_r05,shrinking,T=600,1306,0,6,288682,0.0097562,True,False,1,1077,1
shrinking_r05,shrinking,T=1000,1306,0,7,288682,0.0096647,True,False,1,1077,1
shrinking_r05,shrinking,cost_model_cold,1306,0,8,288682,0.0102162,True,False,568,802,1
shrinking_r05,shrinking,cost_model_warm,1306,0,9,288682,0.0090747,True,False,1,1077,1
shrinking_r05,shrinking,T=60,1306,1,0,288682,0.0174811,True,False,1676,247,1
shrinking_r05,shrinking,T=100,1306,1,1,288682,0.0214985,True,False,1346,416,1
shrinking_r05,shrinking,T=150,1306,1,2,288682,0.0146474,True,False,933,623,1
shrinking_r05,shrinking,T=250,1306,1,3,288682,0.0114851,True,False,87,1035,1
shrinking_r05,shrinking,T=400,1306,1,4,288682,0.0093655,True,False,1,1077,1
shrinking_r05,shrinking,T=600,1306,1,5,288682,0.0089878,True,False,1,1077,1
shrinking_r05,shrinking,T=1000,1306,1,6,288682,0.0086986,True,False,1,1077,1
shrinking_r05,shrinking,cost_model_cold,1306,1,7,288682,0.0106196,True,False,568,802,1
shrinking_r05,shrinking,cost_model_warm,1306,1,8,288682,0.0083053,True,False,1,1077,1
shrinking_r05,shrinking,timing,1306,1,9,288682,0.0179453,True,False,2186,2,2
shrinking_r1,shrinking,T=100,1301,0,0,1154730,0.0380516,True,False,3598,405,1
shrinking_r1,shrinking,T=150,1301,0,1,1154730,0.0372538,True,False,3186,614,1
shrinking_r1,shrinking,T=250,1301,0,2,1154730,0.0306632,True,False,2333,1025,1
shrinking_r1,shrinking,T=400,1301,0,3,1154730,0.0304836,True,False,1029,1648,1
shrinking_r1,shrinking,T=600,1301,0,4,1154730,0.0359552,True,False,1,2141,1
shrinking_r1,shrinking,T=1000,1301,0,5,1154730,0.0343088,True,False,1,2141,1
shrinking_r1,shrinking,cost_model_cold,1301,0,6,1154730,0.029783,True,False,2818,793,1
shrinking_r1,shrinking,cost_model_warm,1301,0,7,1154730,0.0281481,True,False,1831,1259,1
shrinking_r1,shrinking,timing,1301,0,8,1154730,0.0290168,True,False,1115,1609,3
shrinking_r1,shrinking,T=60,1301,0,9,1154730,0.0364251,True,False,3952,240,1
shrinking_r1,shrinking,T=150,1301,1,0,1154730,0.028172,True,False,3186,614,1
shrinking_r1,shrinking,T=250,1301,1,1,1154730,0.0299279,True,False,2333,1025,1
shrinking_r1,shrinking,T=400,1301,1,2,1154730,0.0337258,True,False,1029,1648,1
shrinking_r1,shrinking,T=600,1301,1,3,1154730,0.0335654,True,False,1,2141,1
shrinking_r1,shrinking,T=1000,1301,1,4,1154730,0.0326241,True,False,1,2141,1
shrinking_r1,shrinking,cost_model_cold,1301,1,5,1154730,0.0367633,True,False,2818,793,1
shrinking_r1,shrinking,cost_model_warm,1301,1,6,1154730,0.0302149,True,False,1831,1259,1
shrinking_r1,shrinking,timing,1301,1,7,1154730,0.0417746,True,False,4395,2,2
shrinking_r1,shrinking,T=60,1301,1,8,1154730,0.0413775,True,False,3952,240,1
shrinking_r1,shrinking,T=100,1301,1,9,1154730,0.0411509,True,False,3598,405,1
shrinking_r1,shrinking,T=250,1302,0,0,1154730,0.0356126,True,False,2297,1029,1
shrinking_r1,shrinking,T=400,1302,0,1,1154730,0.0344036,True,False,1032,1650,1
shrinking_r1,shrinking,T=600,1302,0,2,1154730,0.0406584,True,False,1,2146,1
shrinking_r1,shrinking,T=1000,1302,0,3,1154730,0.0289609,True,False,1,2146,1
shrinking_r1,shrinking,cost_model_cold,1302,0,4,1154730,0.0361215,True,False,2802,795,1
shrinking_r1,shrinking,cost_model_warm,1302,0,5,1154730,0.027637,True,False,1820,1261,1
shrinking_r1,shrinking,timing,1302,0,6,1154730,0.0367467,True,False,4440,2,2
shrinking_r1,shrinking,T=60,1302,0,7,1154730,0.045558,True,False,3959,238,1
shrinking_r1,shrinking,T=100,1302,0,8,1154730,0.0524728,True,False,3618,406,1
shrinking_r1,shrinking,T=150,1302,0,9,1154730,0.0505544,True,False,3182,614,1
shrinking_r1,shrinking,T=400,1302,1,0,1154730,0.0347883,True,False,1032,1650,1
shrinking_r1,shrinking,T=600,1302,1,1,1154730,0.0523125,True,False,1,2146,1
shrinking_r1,shrinking,T=1000,1302,1,2,1154730,0.043685,True,False,1,2146,1
shrinking_r1,shrinking,cost_model_cold,1302,1,3,1154730,0.0332426,True,False,2802,795,1
shrinking_r1,shrinking,cost_model_warm,1302,1,4,1154730,0.0301182,True,False,1820,1261,1
shrinking_r1,shrinking,timing,1302,1,5,1154730,0.0567342,True,False,4396,9,4
shrinking_r1,shrinking,T=60,1302,1,6,1154730,0.0551379,True,False,3959,238,1
shrinking_r1,shrinking,T=100,1302,1,7,1154730,0.059563,True,False,3618,406,1
shrinking_r1,shrinking,T=150,1302,1,8,1154730,0.0520206,True,False,3182,614,1
shrinking_r1,shrinking,T=250,1302,1,9,1154730,0.0258809,True,False,2297,1029,1
shrinking_r1,shrinking,T=600,1303,0,0,1154730,0.0313166,True,False,1,2145,1
shrinking_r1,shrinking,T=1000,1303,0,1,1154730,0.0437036,True,False,1,2145,1
shrinking_r1,shrinking,cost_model_cold,1303,0,2,1154730,0.0508889,True,False,2791,793,1
shrinking_r1,shrinking,cost_model_warm,1303,0,3,1154730,0.0538861,True,False,1825,1264,1
shrinking_r1,shrinking,timing,1303,0,4,1154730,0.0540928,True,False,4474,2,2
shrinking_r1,shrinking,T=60,1303,0,5,1154730,0.0627596,True,False,3947,239,1
shrinking_r1,shrinking,T=100,1303,0,6,1154730,0.0416336,True,False,3597,406,1
shrinking_r1,shrinking,T=150,1303,0,7,1154730,0.0332692,True,False,3168,615,1
shrinking_r1,shrinking,T=250,1303,0,8,1154730,0.0253705,True,False,2311,1029,1
shrinking_r1,shrinking,T=400,1303,0,9,1154730,0.0353646,True,False,1019,1650,1
shrinking_r1,shrinking,T=1000,1303,1,0,1154730,0.0722833,True,False,1,2145,1
shrinking_r1,shrinking,cost_model_cold,1303,1,1,1154730,0.0475043,True,False,2791,793,1
shrinking_r1,shrinking,cost_model_warm,1303,1,2,1154730,0.0470813,True,False,1825,1264,1
shrinking_r1,shrinking,timing,1303,1,3,1154730,0.0584769,True,False,4474,2,2
shrinking_r1,shrinking,T=60,1303,1,4,1154730,0.0435936,True,False,3947,239,1
shrinking_r1,shrinking,T=100,1303,1,5,1154730,0.0352909,True,False,3597,406,1
shrinking_r1,shrinking,T=150,1303,1,6,1154730,0.0354236,True,False,3168,615,1
shrinking_r1,shrinking,T=250,1303,1,7,1154730,0.052146,True,False,2311,1029,1
shrinking_r1,shrinking,T=400,1303,1,8,1154730,0.0443478,True,False,1019,1650,1
shrinking_r1,shrinking,T=600,1303,1,9,1154730,0.0375249,True,False,1,2145,1
shrinking_r1,shrinking,cost_model_cold,1304,0,0,1154730,0.0272782,True,False,2852,795,1
shrinking_r1,shrinking,cost_model_warm,1304,0,1,1154730,0.0355505,True,False,1848,1267,1
shrinking_r1,shrinking,timing,1304,0,2,1154730,0.0423497,True,False,4433,22,4
shrinking_r1,shrinking,T=60,1304,0,3,1154730,0.0354309,True,False,3972,238,1
shrinking_r1,shrinking,T=100,1304,0,4,1154730,0.0303475,True,False,3638,402,1
shrinking_r1,shrinking,T=150,1304,0,5,1154730,0.0312717,True,False,3220,612,1
shrinking_r1,shrinking,T=250,1304,0,6,1154730,0.0243175,True,False,2347,1028,1
shrinking_r1,shrinking,T=400,1304,0,7,1154730,0.0239011,True,False,1033,1647,1
shrinking_r1,shrinking,T=600,1304,0,8,1154730,0.0261119,True,False,1,2142,1
shrinking_r1,shrinking,T=1000,1304,0,9,1154730,0.0276555,True,False,1,2142,1
shrinking_r1,shrinking,cost_model_warm,1304,1,0,1154730,0.0302478,True,False,1848,1267,1
shrinking_r1,shrinking,timing,1304,1,1,1154730,0.0286598,True,False,2472,961,3
shrinking_r1,shrinking,T=60,1304,1,2,1154730,0.0356788,True,False,3972,238,1
shrinking_r1,shrinking,T=100,1304,1,3,1154730,0.0301767,True,False,3638,402,1
shrinking_r1,shrinking,T=150,1304,1,4,1154730,0.0297779,True,False,3220,612,1
shrinking_r1,shrinking,T=250,1304,1,5,1154730,0.0289836,True,False,2347,1028,1
shrinking_r1,shrinking,T=400,1304,1,6,1154730,0.0309819,True,False,1033,1647,1
shrinking_r1,shrinking,T=600,1304,1,7,1154730,0.0390519,True,False,1,2142,1
shrinking_r1,shrinking,T=1000,1304,1,8,1154730,0.0553557,True,False,1,2142,1
shrinking_r1,shrinking,cost_model_cold,1304,1,9,1154730,0.0411551,True,False,2852,795,1
shrinking_r1,shrinking,timing,1305,0,0,1154730,0.043327,True,False,1522,1398,3
shrinking_r1,shrinking,T=60,1305,0,1,1154730,0.0331697,True,False,3921,235,1
shrinking_r1,shrinking,T=100,1305,0,2,1154730,0.0436069,True,False,3568,404,1
shrinking_r1,shrinking,T=150,1305,0,3,1154730,0.0368878,True,False,3144,614,1
shrinking_r1,shrinking,T=250,1305,0,4,1154730,0.0330338,True,False,2273,1030,1
shrinking_r1,shrinking,T=400,1305,0,5,1154730,0.0251288,True,False,995,1648,1
shrinking_r1,shrinking,T=600,1305,0,6,1154730,0.0324917,True,False,1,2143,1
shrinking_r1,shrinking,T=1000,1305,0,7,1154730,0.0268601,True,False,1,2143,1
shrinking_r1,shrinking,cost_model_cold,1305,0,8,1154730,0.0223227,True,False,2751,792,1
shrinking_r1,shrinking,cost_model_warm,1305,0,9,1154730,0.0223063,True,False,1787,1266,1
shrinking_r1,shrinking,T=60,1305,1,0,1154730,0.0361873,True,False,3921,235,1
shrinking_r1,shrinking,T=100,1305,1,1,1154730,0.0316174,True,False,3568,404,1
shrinking_r1,shrinking,T=150,1305,1,2,1154730,0.0267299,True,False,3144,614,1
shrinking_r1,shrinking,T=250,1305,1,3,1154730,0.0232727,True,False,2273,1030,1
shrinking_r1,shrinking,T=400,1305,1,4,1154730,0.0256767,True,False,995,1648,1
shrinking_r1,shrinking,T=600,1305,1,5,1154730,0.0368352,True,False,1,2143,1
shrinking_r1,shrinking,T=1000,1305,1,6,1154730,0.0576271,True,False,1,2143,1
shrinking_r1,shrinking,cost_model_cold,1305,1,7,1154730,0.0515238,True,False,2751,792,1
shrinking_r1,shrinking,cost_model_warm,1305,1,8,1154730,0.0503111,True,False,1787,1266,1
shrinking_r1,shrinking,timing,1305,1,9,1154730,0.0687863,True,False,4425,2,2
shrinking_r1,shrinking,T=100,1306,0,0,1154730,0.0486416,True,False,3575,404,1
shrinking_r1,shrinking,T=150,1306,0,1,1154730,0.0471099,True,False,3156,617,1
shrinking_r1,shrinking,T=250,1306,0,2,1154730,0.0307162,True,False,2303,1022,1
shrinking_r1,shrinking,T=400,1306,0,3,1154730,0.0272615,True,False,1043,1647,1
shrinking_r1,shrinking,T=600,1306,0,4,1154730,0.0364331,True,False,1,2143,1
shrinking_r1,shrinking,T=1000,1306,0,5,1154730,0.0345857,True,False,1,2143,1
shrinking_r1,shrinking,cost_model_cold,1306,0,6,1154730,0.0358548,True,False,2785,795,1
shrinking_r1,shrinking,cost_model_warm,1306,0,7,1154730,0.030346,True,False,1844,1268,1
shrinking_r1,shrinking,timing,1306,0,8,1154730,0.0436467,True,False,4401,2,2
shrinking_r1,shrinking,T=60,1306,0,9,1154730,0.0337159,True,False,3913,235,1
shrinking_r1,shrinking,T=150,1306,1,0,1154730,0.0363222,True,False,3156,617,1
shrinking_r1,shrinking,T=250,1306,1,1,1154730,0.0284562,True,False,2303,1022,1
shrinking_r1,shrinking,T=400,1306,1,2,1154730,0.0421858,True,False,1043,1647,1
shrinking_r1,shrinking,T=600,1306,1,3,1154730,0.0565829,True,False,1,2143,1
shrinking_r1,shrinking,T=1000,1306,1,4,1154730,0.0298384,True,False,1,2143,1
shrinking_r1,shrinking,cost_model_cold,1306,1,5,1154730,0.0423468,True,False,2785,795,1
shrinking_r1,shrinking,cost_model_warm,1306,1,6,1154730,0.0430752,True,False,1844,1268,1
shrinking_r1,shrinking,timing,1306,1,7,1154730,0.0496958,True,False,4401,2,2
shrinking_r1,shrinking,T=60,1306,1,8,1154730,0.0400928,True,False,3913,235,1
shrinking_r1,shrinking,T=100,1306,1,9,1154730,0.0606631,True,False,3575,404,1
shrinking_r2,shrinking,T=250,1301,0,0,4618921,0.1168789,True,False,6779,1019,1
shrinking_r2,shrinking,T=400,1301,0,1,4618921,0.0975333,True,False,5489,1637,1
shrinking_r2,shrinking,T=600,1301,0,2,4618921,0.1147434,True,False,3775,2464,1
shrinking_r2,shrinking,T=1000,1301,0,3,4618921,0.1286887,True,False,340,4114,1
shrinking_r2,shrinking,cost_model_cold,1301,0,4,4618921,0.0938132,True,False,7265,781,1
shrinking_r2,shrinking,cost_model_warm,1301,0,5,4618921,0.1305704,True,False,6297,1249,1
shrinking_r2,shrinking,timing,1301,0,6,4618921,0.1091321,True,False,8798,4,4
shrinking_r2,shrinking,T=60,1301,0,7,4618921,0.105758,True,False,8395,221,1
shrinking_r2,shrinking,T=100,1301,0,8,4618921,0.0683804,True,False,8059,386,1
shrinking_r2,shrinking,T=150,1301,0,9,4618921,0.0698218,True,False,7631,597,1
shrinking_r2,shrinking,T=400,1301,1,0,4618921,0.0782438,True,False,5489,1637,1
shrinking_r2,shrinking,T=600,1301,1,1,4618921,0.0664334,True,False,3775,2464,1
shrinking_r2,shrinking,T=1000,1301,1,2,4618921,0.1747931,True,False,340,4114,1
shrinking_r2,shrinking,cost_model_cold,1301,1,3,4618921,0.0678525,True,False,7265,781,1
shrinking_r2,shrinking,cost_model_warm,1301,1,4,4618921,0.0601986,True,False,6297,1249,1
shrinking_r2,shrinking,timing,1301,1,5,4618921,0.0687919,True,False,8798,4,4
shrinking_r2,shrinking,T=60,1301,1,6,4618921,0.0643457,True,False,8395,221,1
shrinking_r2,shrinking,T=100,1301,1,7,4618921,0.0624972,True,False,8059,386,1
shrinking_r2,shrinking,T=150,1301,1,8,4618921,0.0716537,True,False,7631,597,1
shrinking_r2,shrinking,T=250,1301,1,9,4618921,0.0612112,True,False,6779,1019,1
shrinking_r2,shrinking,T=600,1302,0,0,4618921,0.0698043,True,False,3742,2466,1
shrinking_r2,shrinking,T=1000,1302,0,1,4618921,0.1131252,True,False,319,4119,1
shrinking_r2,shrinking,cost_model_cold,1302,0,2,4618921,0.0737181,True,False,7258,777,1
shrinking_r2,shrinking,cost_model_warm,1302,0,3,4618921,0.0630075,True,False,6268,1250,1
shrinking_r2,shrinking,timing,1302,0,4,4618921,0.0734612,True,False,8842,4,4
shrinking_r2,shrinking,T=60,1302,0,5,4618921,0.0772387,True,False,8409,225,1
shrinking_r2,shrinking,T=100,1302,0,6,4618921,0.070745,True,False,8074,388,1
shrinking_r2,shrinking,T=150,1302,0,7,4618921,0.0566981,True,False,7631,595,1
shrinking_r2,shrinking,T=250,1302,0,8,4618921,0.0590462,True,False,6768,1014,1
shrinking_r2,shrinking,T=400,1302,0,9,4618921,0.0579689,True,False,5456,1639,1
shrinking_r2,shrinking,T=1000,1302,1,0,4618921,0.10144,True,False,319,4119,1
shrinking_r2,shrinking,cost_model_cold,1302,1,1,4618921,0.0724744,True,False,7258,777,1
shrinking_r2,shrinking,cost_model_warm,1302,1,2,4618921,0.0920778,True,False,6268,1250,1
shrinking_r2,shrinking,timing,1302,1,3,4618921,0.0912783,True,False,8842,4,4
shrinking_r2,shrinking,T=60,1302,1,4,4618921,0.0703945,True,False,8409,225,1
shrinking_r2,shrinking,T=100,1302,1,5,4618921,0.0635009,True,False,8074,388,1
shrinking_r2,shrinking,T=150,1302,1,6,4618921,0.0662131,True,False,7631,595,1
shrinking_r2,shrinking,T=250,1302,1,7,4618921,0.0738263,True,False,6768,1014,1
shrinking_r2,shrinking,T=400,1302,1,8,4618921,0.0845747,True,False,5456,1639,1
shrinking_r2,shrinking,T=600,1302,1,9,4618921,0.1069509,True,False,3742,2466,1
shrinking_r2,shrinking,cost_model_cold,1303,0,0,4618921,0.1074639,True,False,7187,776,1
shrinking_r2,shrinking,cost_model_warm,1303,0,1,4618921,0.086207,True,False,6219,1249,1
shrinking_r2,shrinking,timing,1303,0,2,4618921,0.0851402,True,False,8786,4,4
shrinking_r2,shrinking,T=60,1303,0,3,4618921,0.112568,True,False,8376,223,1
shrinking_r2,shrinking,T=100,1303,0,4,4618921,0.0894834,True,False,8026,387,1
shrinking_r2,shrinking,T=150,1303,0,5,4618921,0.0648979,True,False,7578,596,1
shrinking_r2,shrinking,T=250,1303,0,6,4618921,0.0715241,True,False,6715,1014,1
shrinking_r2,shrinking,T=400,1303,0,7,4618921,0.0597004,True,False,5442,1635,1
shrinking_r2,shrinking,T=600,1303,0,8,4618921,0.0752003,True,False,3753,2466,1
shrinking_r2,shrinking,T=1000,1303,0,9,4618921,0.1217948,True,False,332,4119,1
shrinking_r2,shrinking,cost_model_warm,1303,1,0,4618921,0.0958262,True,False,6219,1249,1
shrinking_r2,shrinking,timing,1303,1,1,4618921,0.0896458,True,False,8237,286,6
shrinking_r2,shrinking,T=60,1303,1,2,4618921,0.0629983,True,False,8376,223,1
shrinking_r2,shrinking,T=100,1303,1,3,4618921,0.0650612,True,False,8026,387,1
shrinking_r2,shrinking,T=150,1303,1,4,4618921,0.0637479,True,False,7578,596,1
shrinking_r2,shrinking,T=250,1303,1,5,4618921,0.0641612,True,False,6715,1014,1
shrinking_r2,shrinking,T=400,1303,1,6,4618921,0.0597245,True,False,5442,1635,1
shrinking_r2,shrinking,T=600,1303,1,7,4618921,0.062501,True,False,3753,2466,1
shrinking_r2,shrinking,T=1000,1303,1,8,4618921,0.1075812,True,False,332,4119,1
shrinking_r2,shrinking,cost_model_cold,1303,1,9,4618921,0.0759188,True,False,7187,776,1
shrinking_r2,shrinking,timing,1304,0,0,4618921,0.0851254,True,False,2804,2933,3
shrinking_r2,shrinking,T=60,1304,0,1,4618921,0.0819733,True,False,8432,222,1
shrinking_r2,shrinking,T=100,1304,0,2,4618921,0.0772703,True,False,8094,391,1
shrinking_r2,shrinking,T=150,1304,0,3,4618921,0.0712235,True,False,7663,598,1
shrinking_r2,shrinking,T=250,1304,0,4,4618921,0.0666482,True,False,6796,1015,1
shrinking_r2,shrinking,T=400,1304,0,5,4618921,0.0642651,True,False,5490,1638,1
shrinking_r2,shrinking,T=600,1304,0,6,4618921,0.0764625,True,False,3746,2468,1
shrinking_r2,shrinking,T=1000,1304,0,7,4618921,0.1351924,True,False,350,4125,1
shrinking_r2,shrinking,cost_model_cold,1304,0,8,4618921,0.0863398,True,False,7296,778,1
shrinking_r2,shrinking,cost_model_warm,1304,0,9,4618921,0.0931182,True,False,6291,1250,1
shrinking_r2,shrinking,T=60,1304,1,0,4618921,0.0897559,True,False,8432,222,1
shrinking_r2,shrinking,T=100,1304,1,1,4618921,0.1015993,True,False,8094,391,1
shrinking_r2,shrinking,T=150,1304,1,2,4618921,0.0846721,True,False,7663,598,1
shrinking_r2,shrinking,T=250,1304,1,3,4618921,0.1009973,True,False,6796,1015,1
shrinking_r2,shrinking,T=400,1304,1,4,4618921,0.1158582,True,False,5490,1638,1
shrinking_r2,shrinking,T=600,1304,1,5,4618921,0.096847,True,False,3746,2468,1
shrinking_r2,shrinking,T=1000,1304,1,6,4618921,0.1282134,True,False,350,4125,1
shrinking_r2,shrinking,cost_model_cold,1304,1,7,4618921,0.0798013,True,False,7296,778,1
shrinking_r2,shrinking,cost_model_warm,1304,1,8,4618921,0.0824924,True,False,6291,1250,1
shrinking_r2,shrinking,timing,1304,1,9,4618921,0.073925,True,False,3916,2390,3
shrinking_r2,shrinking,T=100,1305,0,0,4618921,0.0708106,True,False,8047,393,1
shrinking_r2,shrinking,T=150,1305,0,1,4618921,0.0682358,True,False,7616,601,1
shrinking_r2,shrinking,T=250,1305,0,2,4618921,0.0689086,True,False,6750,1012,1
shrinking_r2,shrinking,T=400,1305,0,3,4618921,0.067728,True,False,5462,1633,1
shrinking_r2,shrinking,T=600,1305,0,4,4618921,0.1020706,True,False,3768,2460,1
shrinking_r2,shrinking,T=1000,1305,0,5,4618921,0.1571362,True,False,322,4122,1
shrinking_r2,shrinking,cost_model_cold,1305,0,6,4618921,0.1086449,True,False,7231,780,1
shrinking_r2,shrinking,cost_model_warm,1305,0,7,4618921,0.0802385,True,False,6230,1247,1
shrinking_r2,shrinking,timing,1305,0,8,4618921,0.1210502,True,False,8827,4,4
shrinking_r2,shrinking,T=60,1305,0,9,4618921,0.0839454,True,False,8404,224,1
shrinking_r2,shrinking,T=150,1305,1,0,4618921,0.1197458,True,False,7616,601,1
shrinking_r2,shrinking,T=250,1305,1,1,4618921,0.0687185,True,False,6750,1012,1
shrinking_r2,shrinking,T=400,1305,1,2,4618921,0.0898893,True,False,5462,1633,1
shrinking_r2,shrinking,T=600,1305,1,3,4618921,0.1117962,True,False,3768,2460,1
shrinking_r2,shrinking,T=1000,1305,1,4,4618921,0.1354525,True,False,322,4122,1
shrinking_r2,shrinking,cost_model_cold,1305,1,5,4618921,0.0768725,True,False,7231,780,1
shrinking_r2,shrinking,cost_model_warm,1305,1,6,4618921,0.0587845,True,False,6230,1247,1
shrinking_r2,shrinking,timing,1305,1,7,4618921,0.0739859,True,False,8782,6,6
shrinking_r2,shrinking,T=60,1305,1,8,4618921,0.0731538,True,False,8404,224,1
shrinking_r2,shrinking,T=100,1305,1,9,4618921,0.0646817,True,False,8047,393,1
shrinking_r2,shrinking,T=250,1306,0,0,4618921,0.0719337,True,False,6726,1015,1
shrinking_r2,shrinking,T=400,1306,0,1,4618921,0.0682481,True,False,5458,1635,1
shrinking_r2,shrinking,T=600,1306,0,2,4618921,0.0727892,True,False,3764,2464,1
shrinking_r2,shrinking,T=1000,1306,0,3,4618921,0.1166334,True,False,321,4122,1
shrinking_r2,shrinking,cost_model_cold,1306,0,4,4618921,0.0688336,True,False,7207,778,1
shrinking_r2,shrinking,cost_model_warm,1306,0,5,4618921,0.0626065,True,False,6239,1247,1
shrinking_r2,shrinking,timing,1306,0,6,4618921,0.0641341,True,False,8726,11,6
shrinking_r2,shrinking,T=60,1306,0,7,4618921,0.0655454,True,False,8359,222,1
shrinking_r2,shrinking,T=100,1306,0,8,4618921,0.0843344,True,False,8020,391,1
shrinking_r2,shrinking,T=150,1306,0,9,4618921,0.1154407,True,False,7594,598,1
shrinking_r2,shrinking,T=400,1306,1,0,4618921,0.1054431,True,False,5458,1635,1
shrinking_r2,shrinking,T=600,1306,1,1,4618921,0.1073364,True,False,3764,2464,1
shrinking_r2,shrinking,T=1000,1306,1,2,4618921,0.1640144,True,False,321,4122,1
shrinking_r2,shrinking,cost_model_cold,1306,1,3,4618921,0.0752486,True,False,7207,778,1
shrinking_r2,shrinking,cost_model_warm,1306,1,4,4618921,0.0630956,True,False,6239,1247,1
shrinking_r2,shrinking,timing,1306,1,5,4618921,0.0663548,True,False,8799,7,6
shrinking_r2,shrinking,T=60,1306,1,6,4618921,0.065707,True,False,8359,222,1
shrinking_r2,shrinking,T=100,1306,1,7,4618921,0.0686281,True,False,8020,391,1
shrinking_r2,shrinking,T=150,1306,1,8,4618921,0.0780424,True,False,7594,598,1
shrinking_r2,shrinking,T=250,1306,1,9,4618921,0.0763578,True,False,6726,1015,1
shrinking_no_b_decay_r05,shrinking,T=600,1301,0,0,1340619,0.0216992,True,False,1,851,1
shrinking_no_b_decay_r05,shrinking,T=1000,1301,0,1,1340619,0.0248253,True,False,1,851,1
shrinking_no_b_decay_r05,shrinking,cost_model_cold,1301,0,2,1340619,0.0264302,True,False,1351,510,1
shrinking_no_b_decay_r05,shrinking,cost_model_warm,1301,0,3,1340619,0.0223151,True,False,1,851,1
shrinking_no_b_decay_r05,shrinking,timing,1301,0,4,1340619,0.0380566,True,False,4002,144,11
shrinking_no_b_decay_r05,shrinking,T=60,1301,0,5,1340619,0.0331225,True,False,4008,133,1
shrinking_no_b_decay_r05,shrinking,T=100,1301,0,6,1340619,0.0303562,True,False,3064,225,1
shrinking_no_b_decay_r05,shrinking,T=150,1301,0,7,1340619,0.0226281,True,False,2213,347,1
shrinking_no_b_decay_r05,shrinking,T=250,1301,0,8,1340619,0.0199219,True,False,919,608,1
shrinking_no_b_decay_r05,shrinking,T=400,1301,0,9,1340619,0.0173816,True,False,1,851,1
shrinking_no_b_decay_r05,shrinking,T=1000,1301,1,0,1340619,0.0161798,True,False,1,851,1
shrinking_no_b_decay_r05,shrinking,cost_model_cold,1301,1,1,1340619,0.0196176,True,False,1351,510,1
shrinking_no_b_decay_r05,shrinking,cost_model_warm,1301,1,2,1340619,0.0163383,True,False,1,851,1
shrinking_no_b_decay_r05,shrinking,timing,1301,1,3,1340619,0.0199705,True,False,1693,441,5
shrinking_no_b_decay_r05,shrinking,T=60,1301,1,4,1340619,0.0354135,True,False,4008,133,1
shrinking_no_b_decay_r05,shrinking,T=100,1301,1,5,1340619,0.0383144,True,False,3064,225,1
shrinking_no_b_decay_r05,shrinking,T=150,1301,1,6,1340619,0.0295674,True,False,2213,347,1
shrinking_no_b_decay_r05,shrinking,T=250,1301,1,7,1340619,0.0265158,True,False,919,608,1
shrinking_no_b_decay_r05,shrinking,T=400,1301,1,8,1340619,0.0203481,True,False,1,851,1
shrinking_no_b_decay_r05,shrinking,T=600,1301,1,9,1340619,0.0177087,True,False,1,851,1
shrinking_no_b_decay_r05,shrinking,cost_model_cold,1302,0,0,1340619,0.022753,True,False,1311,510,1
shrinking_no_b_decay_r05,shrinking,cost_model_warm,1302,0,1,1340619,0.0162495,True,False,1,851,1
shrinking_no_b_decay_r05,shrinking,timing,1302,0,2,1340619,0.0476916,True,False,4546,101,3
shrinking_no_b_decay_r05,shrinking,T=60,1302,0,3,1340619,0.0681958,True,False,3973,133,1
shrinking_no_b_decay_r05,shrinking,T=100,1302,0,4,1340619,0.0520561,True,False,3018,226,1
shrinking_no_b_decay_r05,shrinking,T=150,1302,0,5,1340619,0.0336358,True,False,2162,346,1
shrinking_no_b_decay_r05,shrinking,T=250,1302,0,6,1340619,0.0212014,True,False,903,608,1
shrinking_no_b_decay_r05,shrinking,T=400,1302,0,7,1340619,0.0176556,True,False,1,851,1
shrinking_no_b_decay_r05,shrinking,T=600,1302,0,8,1340619,0.028263,True,False,1,851,1
shrinking_no_b_decay_r05,shrinking,T=1000,1302,0,9,1340619,0.0338758,True,False,1,851,1
shrinking_no_b_decay_r05,shrinking,cost_model_warm,1302,1,0,1340619,0.0252155,True,False,1,851,1
shrinking_no_b_decay_r05,shrinking,timing,1302,1,1,1340619,0.0254168,True,False,951,600,3
shrinking_no_b_decay_r05,shrinking,T=60,1302,1,2,1340619,0.0429745,True,False,3973,133,1
shrinking_no_b_decay_r05,shrinking,T=100,1302,1,3,1340619,0.0331512,True,False,3018,226,1
shrinking_no_b_decay_r05,shrinking,T=150,1302,1,4,1340619,0.0221725,True,False,2162,346,1
shrinking_no_b_decay_r05,shrinking,T=250,1302,1,5,1340619,0.0189211,True,False,903,608,1
shrinking_no_b_decay_r05,shrinking,T=400,1302,1,6,1340619,0.0221872,True,False,1,851,1
shrinking_no_b_decay_r05,shrinking,T=600,1302,1,7,1340619,0.0196667,True,False,1,851,1
shrinking_no_b_decay_r05,shrinking,T=1000,1302,1,8,1340619,0.0202737,True,False,1,851,1
shrinking_no_b_decay_r05,shrinking,cost_model_cold,1302,1,9,1340619,0.0278589,True,False,1311,510,1
shrinking_no_b_decay_r05,shrinking,timing,1303,0,0,1340619,0.0245447,True,False,2387,336,7
shrinking_no_b_decay_r05,shrinking,T=60,1303,0,1,1340619,0.0391329,True,False,4006,133,1
shrinking_no_b_decay_r05,shrinking,T=100,1303,0,2,1340619,0.0249099,True,False,3073,225,1
shrinking_no_b_decay_r05,shrinking,T=150,1303,0,3,1340619,0.0249147,True,False,2212,347,1
shrinking_no_b_decay_r05,shrinking,T=250,1303,0,4,1340619,0.0172657,True,False,917,607,1
shrinking_no_b_decay_r05,shrinking,T=400,1303,0,5,1340619,0.0155814,True,False,1,852,1
shrinking_no_b_decay_r05,shrinking,T=600,1303,0,6,1340619,0.0226417,True,False,1,852,1
shrinking_no_b_decay_r05,shrinking,T=1000,1303,0,7,1340619,0.035558,True,False,1,852,1
shrinking_no_b_decay_r05,shrinking,cost_model_cold,1303,0,8,1340619,0.0369057,True,False,1348,509,1
shrinking_no_b_decay_r05,shrinking,cost_model_warm,1303,0,9,1340619,0.0283716,True,False,1,852,1
shrinking_no_b_decay_r05,shrinking,T=60,1303,1,0,1340619,0.0513629,True,False,4006,133,1
shrinking_no_b_decay_r05,shrinking,T=100,1303,1,1,1340619,0.0405885,True,False,3073,225,1
shrinking_no_b_decay_r05,shrinking,T=150,1303,1,2,1340619,0.0440891,True,False,2212,347,1
shrinking_no_b_decay_r05,shrinking,T=250,1303,1,3,1340619,0.0284301,True,False,917,607,1
shrinking_no_b_decay_r05,shrinking,T=400,1303,1,4,1340619,0.0304458,True,False,1,852,1
shrinking_no_b_decay_r05,shrinking,T=600,1303,1,5,1340619,0.0262081,True,False,1,852,1
shrinking_no_b_decay_r05,shrinking,T=1000,1303,1,6,1340619,0.0238242,True,False,1,852,1
shrinking_no_b_decay_r05,shrinking,cost_model_cold,1303,1,7,1340619,0.032253,True,False,1348,509,1
shrinking_no_b_decay_r05,shrinking,cost_model_warm,1303,1,8,1340619,0.0193485,True,False,1,852,1
shrinking_no_b_decay_r05,shrinking,timing,1303,1,9,1340619,0.0178529,True,False,974,595,7
shrinking_no_b_decay_r05,shrinking,T=100,1304,0,0,1340619,0.0304174,True,False,3108,226,1
shrinking_no_b_decay_r05,shrinking,T=150,1304,0,1,1340619,0.0318415,True,False,2220,347,1
shrinking_no_b_decay_r05,shrinking,T=250,1304,0,2,1340619,0.0266767,True,False,930,607,1
shrinking_no_b_decay_r05,shrinking,T=400,1304,0,3,1340619,0.0166848,True,False,1,850,1
shrinking_no_b_decay_r05,shrinking,T=600,1304,0,4,1340619,0.0216789,True,False,1,850,1
shrinking_no_b_decay_r05,shrinking,T=1000,1304,0,5,1340619,0.021251,True,False,1,850,1
shrinking_no_b_decay_r05,shrinking,cost_model_cold,1304,0,6,1340619,0.0345658,True,False,1352,509,1
shrinking_no_b_decay_r05,shrinking,cost_model_warm,1304,0,7,1340619,0.0162689,True,False,1,850,1
shrinking_no_b_decay_r05,shrinking,timing,1304,0,8,1340619,0.075219,True,False,8153,302,5
shrinking_no_b_decay_r05,shrinking,T=60,1304,0,9,1340619,0.0515489,True,False,4048,133,1
shrinking_no_b_decay_r05,shrinking,T=150,1304,1,0,1340619,0.0283115,True,False,2220,347,1
shrinking_no_b_decay_r05,shrinking,T=250,1304,1,1,1340619,0.0314477,True,False,930,607,1
shrinking_no_b_decay_r05,shrinking,T=400,1304,1,2,1340619,0.0205271,True,False,1,850,1
shrinking_no_b_decay_r05,shrinking,T=600,1304,1,3,1340619,0.0183766,True,False,1,850,1
shrinking_no_b_decay_r05,shrinking,T=1000,1304,1,4,1340619,0.0238309,True,False,1,850,1
shrinking_no_b_decay_r05,shrinking,cost_model_cold,1304,1,5,1340619,0.0230357,True,False,1352,509,1
shrinking_no_b_decay_r05,shrinking,cost_model_warm,1304,1,6,1340619,0.0208413,True,False,1,850,1
shrinking_no_b_decay_r05,shrinking,timing,1304,1,7,1340619,0.1139483,True,False,8473,13,5
shrinking_no_b_decay_r05,shrinking,T=60,1304,1,8,1340619,0.0493378,True,False,4048,133,1
shrinking_no_b_decay_r05,shrinking,T=100,1304,1,9,1340619,0.0304573,True,False,3108,226,1
shrinking_no_b_decay_r05,shrinking,T=250,1305,0,0,1340619,0.0234144,True,False,898,609,1
shrinking_no_b_decay_r05,shrinking,T=400,1305,0,1,1340619,0.0299955,True,False,1,849,1
shrinking_no_b_decay_r05,shrinking,T=600,1305,0,2,1340619,0.0347795,True,False,1,849,1
shrinking_no_b_decay_r05,shrinking,T=1000,1305,0,3,1340619,0.0330565,True,False,1,849,1
shrinking_no_b_decay_r05,shrinking,cost_model_cold,1305,0,4,1340619,0.0321382,True,False,1323,509,1
shrinking_no_b_decay_r05,shrinking,cost_model_warm,1305,0,5,1340619,0.0199309,True,False,1,849,1
shrinking_no_b_decay_r05,shrinking,timing,1305,0,6,1340619,0.0473267,True,False,4753,88,3
shrinking_no_b_decay_r05,shrinking,T=60,1305,0,7,1340619,0.0437558,True,False,3967,133,1
shrinking_no_b_decay_r05,shrinking,T=100,1305,0,8,1340619,0.0287773,True,False,3015,226,1
shrinking_no_b_decay_r05,shrinking,T=150,1305,0,9,1340619,0.0234013,True,False,2160,346,1
shrinking_no_b_decay_r05,shrinking,T=400,1305,1,0,1340619,0.0175254,True,False,1,849,1
shrinking_no_b_decay_r05,shrinking,T=600,1305,1,1,1340619,0.0202831,True,False,1,849,1
shrinking_no_b_decay_r05,shrinking,T=1000,1305,1,2,1340619,0.0173018,True,False,1,849,1
shrinking_no_b_decay_r05,shrinking,cost_model_cold,1305,1,3,1340619,0.0203123,True,False,1323,509,1
shrinking_no_b_decay_r05,shrinking,cost_model_warm,1305,1,4,1340619,0.0175041,True,False,1,849,1
shrinking_no_b_decay_r05,shrinking,timing,1305,1,5,1340619,0.0331369,True,False,3325,198,5
shrinking_no_b_decay_r05,shrinking,T=60,1305,1,6,1340619,0.0427747,True,False,3967,133,1
shrinking_no_b_decay_r05,shrinking,T=100,1305,1,7,1340619,0.0447039,True,False,3015,226,1
shrinking_no_b_decay_r05,shrinking,T=150,1305,1,8,1340619,0.0305916,True,False,2160,346,1
shrinking_no_b_decay_r05,shrinking,T=250,1305,1,9,1340619,0.0207225,True,False,898,609,1
shrinking_no_b_decay_r05,shrinking,T=600,1306,0,0,1340619,0.0176792,True,False,1,852,1
shrinking_no_b_decay_r05,shrinking,T=1000,1306,0,1,1340619,0.029856,True,False,1,852,1
shrinking_no_b_decay_r05,shrinking,cost_model_cold,1306,0,2,1340619,0.0384992,True,False,1340,509,1
shrinking_no_b_decay_r05,shrinking,cost_model_warm,1306,0,3,1340619,0.029386,True,False,1,852,1
shrinking_no_b_decay_r05,shrinking,timing,1306,0,4,1340619,0.030652,True,False,350,753,3
shrinking_no_b_decay_r05,shrinking,T=60,1306,0,5,1340619,0.0455008,True,False,4011,133,1
shrinking_no_b_decay_r05,shrinking,T=100,1306,0,6,1340619,0.0544936,True,False,3058,226,1
shrinking_no_b_decay_r05,shrinking,T=150,1306,0,7,1340619,0.0333658,True,False,2204,347,1
shrinking_no_b_decay_r05,shrinking,T=250,1306,0,8,1340619,0.0230115,True,False,928,607,1
shrinking_no_b_decay_r05,shrinking,T=400,1306,0,9,1340619,0.0222808,True,False,1,852,1
shrinking_no_b_decay_r05,shrinking,T=1000,1306,1,0,1340619,0.0192335,True,False,1,852,1
shrinking_no_b_decay_r05,shrinking,cost_model_cold,1306,1,1,1340619,0.0267384,True,False,1340,509,1
shrinking_no_b_decay_r05,shrinking,cost_model_warm,1306,1,2,1340619,0.0181432,True,False,1,852,1
shrinking_no_b_decay_r05,shrinking,timing,1306,1,3,1340619,0.0223921,True,False,1531,472,5
shrinking_no_b_decay_r05,shrinking,T=60,1306,1,4,1340619,0.0325829,True,False,4011,133,1
shrinking_no_b_decay_r05,shrinking,T=100,1306,1,5,1340619,0.0273485,True,False,3058,226,1
shrinking_no_b_decay_r05,shrinking,T=150,1306,1,6,1340619,0.0307555,True,False,2204,347,1
shrinking_no_b_decay_r05,shrinking,T=250,1306,1,7,1340619,0.0201588,True,False,928,607,1
shrinking_no_b_decay_r05,shrinking,T=400,1306,1,8,1340619,0.0209135,True,False,1,852,1
shrinking_no_b_decay_r05,shrinking,T=600,1306,1,9,1340619,0.0174555,True,False,1,852,1
shrinking_no_b_decay_r1,shrinking,cost_model_cold,1301,0,0,5362476,0.0694589,True,False,5749,487,1
shrinking_no_b_decay_r1,shrinking,cost_model_warm,1301,0,1,5362476,0.0635344,True,False,3774,797,1
shrinking_no_b_decay_r1,shrinking,timing,1301,0,2,5362476,0.0594967,True,False,972,1429,5
shrinking_no_b_decay_r1,shrinking,T=60,1301,0,3,5362476,0.0931756,True,False,10403,130,1
shrinking_no_b_decay_r1,shrinking,T=100,1301,0,4,5362476,0.0867052,True,False,8649,218,1
shrinking_no_b_decay_r1,shrinking,T=150,1301,0,5,5362476,0.0704145,True,False,7204,331,1
shrinking_no_b_decay_r1,shrinking,T=250,1301,0,6,5362476,0.067413,True,False,5173,566,1
shrinking_no_b_decay_r1,shrinking,T=400,1301,0,7,5362476,0.0553758,True,False,3016,944,1
shrinking_no_b_decay_r1,shrinking,T=600,1301,0,8,5362476,0.0669022,True,False,740,1489,1
shrinking_no_b_decay_r1,shrinking,T=1000,1301,0,9,5362476,0.0778764,True,False,1,1696,1
shrinking_no_b_decay_r1,shrinking,cost_model_warm,1301,1,0,5362476,0.0665226,True,False,3774,797,1
shrinking_no_b_decay_r1,shrinking,timing,1301,1,1,5362476,0.0763698,True,False,7197,329,3
shrinking_no_b_decay_r1,shrinking,T=60,1301,1,2,5362476,0.0943799,True,False,10403,130,1
shrinking_no_b_decay_r1,shrinking,T=100,1301,1,3,5362476,0.098246,True,False,8649,218,1
shrinking_no_b_decay_r1,shrinking,T=150,1301,1,4,5362476,0.0737213,True,False,7204,331,1
shrinking_no_b_decay_r1,shrinking,T=250,1301,1,5,5362476,0.0648331,True,False,5173,566,1
shrinking_no_b_decay_r1,shrinking,T=400,1301,1,6,5362476,0.0599153,True,False,3016,944,1
shrinking_no_b_decay_r1,shrinking,T=600,1301,1,7,5362476,0.068506,True,False,740,1489,1
shrinking_no_b_decay_r1,shrinking,T=1000,1301,1,8,5362476,0.0819354,True,False,1,1696,1
shrinking_no_b_decay_r1,shrinking,cost_model_cold,1301,1,9,5362476,0.0661405,True,False,5749,487,1
shrinking_no_b_decay_r1,shrinking,timing,1302,0,0,5362476,0.0798295,True,False,8527,235,5
shrinking_no_b_decay_r1,shrinking,T=60,1302,0,1,5362476,0.0795262,True,False,10474,130,1
shrinking_no_b_decay_r1,shrinking,T=100,1302,0,2,5362476,0.086447,True,False,8698,218,1
shrinking_no_b_decay_r1,shrinking,T=150,1302,0,3,5362476,0.0689408,True,False,7240,331,1
shrinking_no_b_decay_r1,shrinking,T=250,1302,0,4,5362476,0.0782587,True,False,5156,566,1
shrinking_no_b_decay_r1,shrinking,T=400,1302,0,5,5362476,0.0819685,True,False,3005,946,1
shrinking_no_b_decay_r1,shrinking,T=600,1302,0,6,5362476,0.0900869,True,False,725,1491,1
shrinking_no_b_decay_r1,shrinking,T=1000,1302,0,7,5362476,0.0889434,True,False,1,1697,1
shrinking_no_b_decay_r1,shrinking,cost_model_cold,1302,0,8,5362476,0.0790181,True,False,5762,488,1
shrinking_no_b_decay_r1,shrinking,cost_model_warm,1302,0,9,5362476,0.074435,True,False,3752,798,1
shrinking_no_b_decay_r1,shrinking,T=60,1302,1,0,5362476,0.1055658,True,False,10474,130,1
shrinking_no_b_decay_r1,shrinking,T=100,1302,1,1,5362476,0.0991038,True,False,8698,218,1
shrinking_no_b_decay_r1,shrinking,T=150,1302,1,2,5362476,0.0686264,True,False,7240,331,1
shrinking_no_b_decay_r1,shrinking,T=250,1302,1,3,5362476,0.0579806,True,False,5156,566,1
shrinking_no_b_decay_r1,shrinking,T=400,1302,1,4,5362476,0.0646082,True,False,3005,946,1
shrinking_no_b_decay_r1,shrinking,T=600,1302,1,5,5362476,0.0653388,True,False,725,1491,1
shrinking_no_b_decay_r1,shrinking,T=1000,1302,1,6,5362476,0.0627923,True,False,1,1697,1
shrinking_no_b_decay_r1,shrinking,cost_model_cold,1302,1,7,5362476,0.0576193,True,False,5762,488,1
shrinking_no_b_decay_r1,shrinking,cost_model_warm,1302,1,8,5362476,0.0705365,True,False,3752,798,1
shrinking_no_b_decay_r1,shrinking,timing,1302,1,9,5362476,0.0669081,True,False,2308,1100,3
shrinking_no_b_decay_r1,shrinking,T=100,1303,0,0,5362476,0.085219,True,False,8667,219,1
shrinking_no_b_decay_r1,shrinking,T=150,1303,0,1,5362476,0.0836522,True,False,7191,331,1
shrinking_no_b_decay_r1,shrinking,T=250,1303,0,2,5362476,0.0590739,True,False,5201,567,1
shrinking_no_b_decay_r1,shrinking,T=400,1303,0,3,5362476,0.0597033,True,False,3056,944,1
shrinking_no_b_decay_r1,shrinking,T=600,1303,0,4,5362476,0.0592025,True,False,750,1491,1
shrinking_no_b_decay_r1,shrinking,T=1000,1303,0,5,5362476,0.0788569,True,False,1,1698,1
shrinking_no_b_decay_r1,shrinking,cost_model_cold,1303,0,6,5362476,0.0615075,True,False,5787,488,1
shrinking_no_b_decay_r1,shrinking,cost_model_warm,1303,0,7,5362476,0.0552807,True,False,3804,797,1
shrinking_no_b_decay_r1,shrinking,timing,1303,0,8,5362476,0.0713944,True,False,6451,405,3
shrinking_no_b_decay_r1,shrinking,T=60,1303,0,9,5362476,0.0806656,True,False,10424,131,1
shrinking_no_b_decay_r1,shrinking,T=150,1303,1,0,5362476,0.0635342,True,False,7191,331,1
shrinking_no_b_decay_r1,shrinking,T=250,1303,1,1,5362476,0.08556,True,False,5201,567,1
shrinking_no_b_decay_r1,shrinking,T=400,1303,1,2,5362476,0.0772201,True,False,3056,944,1
shrinking_no_b_decay_r1,shrinking,T=600,1303,1,3,5362476,0.0835678,True,False,750,1491,1
shrinking_no_b_decay_r1,shrinking,T=1000,1303,1,4,5362476,0.0683422,True,False,1,1698,1
shrinking_no_b_decay_r1,shrinking,cost_model_cold,1303,1,5,5362476,0.0756103,True,False,5787,488,1
shrinking_no_b_decay_r1,shrinking,cost_model_warm,1303,1,6,5362476,0.0848704,True,False,3804,797,1
shrinking_no_b_decay_r1,shrinking,timing,1303,1,7,5362476,0.1075216,True,False,3837,788,3
shrinking_no_b_decay_r1,shrinking,T=60,1303,1,8,5362476,0.1262314,True,False,10424,131,1
shrinking_no_b_decay_r1,shrinking,T=100,1303,1,9,5362476,0.1088106,True,False,8667,219,1
shrinking_no_b_decay_r1,shrinking,T=250,1304,0,0,5362476,0.1018184,True,False,5207,566,1
shrinking_no_b_decay_r1,shrinking,T=400,1304,0,1,5362476,0.0721065,True,False,3041,945,1
shrinking_no_b_decay_r1,shrinking,T=600,1304,0,2,5362476,0.1207352,True,False,739,1489,1
shrinking_no_b_decay_r1,shrinking,T=1000,1304,0,3,5362476,0.1181358,True,False,1,1696,1
shrinking_no_b_decay_r1,shrinking,cost_model_cold,1304,0,4,5362476,0.1253754,True,False,5809,487,1
shrinking_no_b_decay_r1,shrinking,cost_model_warm,1304,0,5,5362476,0.1209548,True,False,3805,799,1
shrinking_no_b_decay_r1,shrinking,timing,1304,0,6,5362476,0.1247578,True,False,6149,446,5
shrinking_no_b_decay_r1,shrinking,T=60,1304,0,7,5362476,0.1445048,True,False,10479,131,1
shrinking_no_b_decay_r1,shrinking,T=100,1304,0,8,5362476,0.0977003,True,False,8728,218,1
shrinking_no_b_decay_r1,shrinking,T=150,1304,0,9,5362476,0.0744718,True,False,7267,331,1
shrinking_no_b_decay_r1,shrinking,T=400,1304,1,0,5362476,0.0928045,True,False,3041,945,1
shrinking_no_b_decay_r1,shrinking,T=600,1304,1,1,5362476,0.121432,True,False,739,1489,1
shrinking_no_b_decay_r1,shrinking,T=1000,1304,1,2,5362476,0.1321548,True,False,1,1696,1
shrinking_no_b_decay_r1,shrinking,cost_model_cold,1304,1,3,5362476,0.094058,True,False,5809,487,1
shrinking_no_b_decay_r1,shrinking,cost_model_warm,1304,1,4,5362476,0.0815617,True,False,3805,799,1
shrinking_no_b_decay_r1,shrinking,timing,1304,1,5,5362476,0.1824364,True,False,10672,121,5
shrinking_no_b_decay_r1,shrinking,T=60,1304,1,6,5362476,0.1465035,True,False,10479,131,1
shrinking_no_b_decay_r1,shrinking,T=100,1304,1,7,5362476,0.1118127,True,False,8728,218,1
shrinking_no_b_decay_r1,shrinking,T=150,1304,1,8,5362476,0.133382,True,False,7267,331,1
shrinking_no_b_decay_r1,shrinking,T=250,1304,1,9,5362476,0.1043859,True,False,5207,566,1
shrinking_no_b_decay_r1,shrinking,T=600,1305,0,0,5362476,0.0711349,True,False,722,1488,1
shrinking_no_b_decay_r1,shrinking,T=1000,1305,0,1,5362476,0.1037819,True,False,1,1697,1
shrinking_no_b_decay_r1,shrinking,cost_model_cold,1305,0,2,5362476,0.083954,True,False,5753,488,1
shrinking_no_b_decay_r1,shrinking,cost_model_warm,1305,0,3,5362476,0.0814924,True,False,3787,796,1
shrinking_no_b_decay_r1,shrinking,timing,1305,0,4,5362476,0.1556467,True,False,9498,175,5
shrinking_no_b_decay_r1,shrinking,T=60,1305,0,5,5362476,0.1673937,True,False,10426,130,1
shrinking_no_b_decay_r1,shrinking,T=100,1305,0,6,5362476,0.1441495,True,False,8684,218,1
shrinking_no_b_decay_r1,shrinking,T=150,1305,0,7,5362476,0.0882206,True,False,7196,331,1
shrinking_no_b_decay_r1,shrinking,T=250,1305,0,8,5362476,0.0997379,True,False,5168,565,1
shrinking_no_b_decay_r1,shrinking,T=400,1305,0,9,5362476,0.0749201,True,False,3025,944,1
shrinking_no_b_decay_r1,shrinking,T=1000,1305,1,0,5362476,0.1023519,True,False,1,1697,1
shrinking_no_b_decay_r1,shrinking,cost_model_cold,1305,1,1,5362476,0.0754751,True,False,5753,488,1
shrinking_no_b_decay_r1,shrinking,cost_model_warm,1305,1,2,5362476,0.0857659,True,False,3787,796,1
shrinking_no_b_decay_r1,shrinking,timing,1305,1,3,5362476,0.0945091,True,False,1819,1201,3
shrinking_no_b_decay_r1,shrinking,T=60,1305,1,4,5362476,0.1274827,True,False,10426,130,1
shrinking_no_b_decay_r1,shrinking,T=100,1305,1,5,5362476,0.1407346,True,False,8684,218,1
shrinking_no_b_decay_r1,shrinking,T=150,1305,1,6,5362476,0.1251041,True,False,7196,331,1
shrinking_no_b_decay_r1,shrinking,T=250,1305,1,7,5362476,0.0764949,True,False,5168,565,1
shrinking_no_b_decay_r1,shrinking,T=400,1305,1,8,5362476,0.0983859,True,False,3025,944,1
shrinking_no_b_decay_r1,shrinking,T=600,1305,1,9,5362476,0.1227062,True,False,722,1488,1
shrinking_no_b_decay_r1,shrinking,cost_model_cold,1306,0,0,5362476,0.0876364,True,False,5767,488,1
shrinking_no_b_decay_r1,shrinking,cost_model_warm,1306,0,1,5362476,0.0961702,True,False,3778,798,1
shrinking_no_b_decay_r1,shrinking,timing,1306,0,2,5362476,0.2042802,True,False,13714,50,5
shrinking_no_b_decay_r1,shrinking,T=60,1306,0,3,5362476,0.1508777,True,False,10421,130,1
shrinking_no_b_decay_r1,shrinking,T=100,1306,0,4,5362476,0.1057476,True,False,8687,218,1
shrinking_no_b_decay_r1,shrinking,T=150,1306,0,5,5362476,0.14135,True,False,7211,331,1
shrinking_no_b_decay_r1,shrinking,T=250,1306,0,6,5362476,0.1270341,True,False,5184,565,1
shrinking_no_b_decay_r1,shrinking,T=400,1306,0,7,5362476,0.1177213,True,False,3014,943,1
shrinking_no_b_decay_r1,shrinking,T=600,1306,0,8,5362476,0.1078354,True,False,753,1487,1
shrinking_no_b_decay_r1,shrinking,T=1000,1306,0,9,5362476,0.1329333,True,False,1,1696,1
shrinking_no_b_decay_r1,shrinking,cost_model_warm,1306,1,0,5362476,0.121421,True,False,3778,798,1
shrinking_no_b_decay_r1,shrinking,timing,1306,1,1,5362476,0.0975536,True,False,8867,201,5
shrinking_no_b_decay_r1,shrinking,T=60,1306,1,2,5362476,0.1109156,True,False,10421,130,1
shrinking_no_b_decay_r1,shrinking,T=100,1306,1,3,5362476,0.1121784,True,False,8687,218,1
shrinking_no_b_decay_r1,shrinking,T=150,1306,1,4,5362476,0.1277411,True,False,7211,331,1
shrinking_no_b_decay_r1,shrinking,T=250,1306,1,5,5362476,0.0979357,True,False,5184,565,1
shrinking_no_b_decay_r1,shrinking,T=400,1306,1,6,5362476,0.0700031,True,False,3014,943,1
shrinking_no_b_decay_r1,shrinking,T=600,1306,1,7,5362476,0.0959812,True,False,753,1487,1
shrinking_no_b_decay_r1,shrinking,T=1000,1306,1,8,5362476,0.0841375,True,False,1,1696,1
shrinking_no_b_decay_r1,shrinking,cost_model_cold,1306,1,9,5362476,0.1071035,True,False,5767,488,1
shrinking_no_b_decay_r2,shrinking,timing,1301,0,0,21449907,0.3382198,True,False,25210,135,9
shrinking_no_b_decay_r2,shrinking,T=60,1301,0,1,21449907,0.3395865,True,False,25258,129,1
shrinking_no_b_decay_r2,shrinking,T=100,1301,0,2,21449907,0.301932,True,False,21988,214,1
shrinking_no_b_decay_r2,shrinking,T=150,1301,0,3,21449907,0.2737102,True,False,19295,323,1
shrinking_no_b_decay_r2,shrinking,T=250,1301,0,4,21449907,0.24751,True,False,15721,545,1
shrinking_no_b_decay_r2,shrinking,T=400,1301,0,5,21449907,0.3117731,True,False,12151,889,1
shrinking_no_b_decay_r2,shrinking,T=600,1301,0,6,21449907,0.2476266,True,False,8717,1374,1
shrinking_no_b_decay_r2,shrinking,T=1000,1301,0,7,21449907,0.2925683,True,False,3601,2418,1
shrinking_no_b_decay_r2,shrinking,cost_model_cold,1301,0,8,21449907,0.2813687,True,False,16615,481,1
shrinking_no_b_decay_r2,shrinking,cost_model_warm,1301,0,9,21449907,0.2392558,True,False,13199,773,1
shrinking_no_b_decay_r2,shrinking,T=60,1301,1,0,21449907,0.3001805,True,False,25258,129,1
shrinking_no_b_decay_r2,shrinking,T=100,1301,1,1,21449907,0.3848883,True,False,21988,214,1
shrinking_no_b_decay_r2,shrinking,T=150,1301,1,2,21449907,0.2851537,True,False,19295,323,1
shrinking_no_b_decay_r2,shrinking,T=250,1301,1,3,21449907,0.2302927,True,False,15721,545,1
shrinking_no_b_decay_r2,shrinking,T=400,1301,1,4,21449907,0.2204991,True,False,12151,889,1
shrinking_no_b_decay_r2,shrinking,T=600,1301,1,5,21449907,0.2130861,True,False,8717,1374,1
shrinking_no_b_decay_r2,shrinking,T=1000,1301,1,6,21449907,0.2857882,True,False,3601,2418,1
shrinking_no_b_decay_r2,shrinking,cost_model_cold,1301,1,7,21449907,0.2122698,True,False,16615,481,1
shrinking_no_b_decay_r2,shrinking,cost_model_warm,1301,1,8,21449907,0.1851125,True,False,13199,773,1
shrinking_no_b_decay_r2,shrinking,timing,1301,1,9,21449907,0.4331726,True,False,25108,311,11
shrinking_no_b_decay_r2,shrinking,T=100,1302,0,0,21449907,0.3150113,True,False,22002,214,1
shrinking_no_b_decay_r2,shrinking,T=150,1302,0,1,21449907,0.2315176,True,False,19263,322,1
shrinking_no_b_decay_r2,shrinking,T=250,1302,0,2,21449907,0.280131,True,False,15731,545,1
shrinking_no_b_decay_r2,shrinking,T=400,1302,0,3,21449907,0.2106837,True,False,12193,889,1
shrinking_no_b_decay_r2,shrinking,T=600,1302,0,4,21449907,0.2358285,True,False,8782,1374,1
shrinking_no_b_decay_r2,shrinking,T=1000,1302,0,5,21449907,0.256269,True,False,3627,2417,1
shrinking_no_b_decay_r2,shrinking,cost_model_cold,1302,0,6,21449907,0.2765099,True,False,16557,481,1
shrinking_no_b_decay_r2,shrinking,cost_model_warm,1302,0,7,21449907,0.2856726,True,False,13253,773,1
shrinking_no_b_decay_r2,shrinking,timing,1302,0,8,21449907,0.2265875,True,False,13689,732,5
shrinking_no_b_decay_r2,shrinking,T=60,1302,0,9,21449907,0.2932699,True,False,25250,129,1
shrinking_no_b_decay_r2,shrinking,T=150,1302,1,0,21449907,0.2884987,True,False,19263,322,1
shrinking_no_b_decay_r2,shrinking,T=250,1302,1,1,21449907,0.2299791,True,False,15731,545,1
shrinking_no_b_decay_r2,shrinking,T=400,1302,1,2,21449907,0.2808084,True,False,12193,889,1
shrinking_no_b_decay_r2,shrinking,T=600,1302,1,3,21449907,0.2801068,True,False,8782,1374,1
shrinking_no_b_decay_r2,shrinking,T=1000,1302,1,4,21449907,0.442685,True,False,3627,2417,1
shrinking_no_b_decay_r2,shrinking,cost_model_cold,1302,1,5,21449907,0.2633854,True,False,16557,481,1
shrinking_no_b_decay_r2,shrinking,cost_model_warm,1302,1,6,21449907,0.1948741,True,False,13253,773,1
shrinking_no_b_decay_r2,shrinking,timing,1302,1,7,21449907,0.2895745,True,False,11161,1027,5
shrinking_no_b_decay_r2,shrinking,T=60,1302,1,8,21449907,0.3401408,True,False,25250,129,1
shrinking_no_b_decay_r2,shrinking,T=100,1302,1,9,21449907,0.2933699,True,False,22002,214,1
shrinking_no_b_decay_r2,shrinking,T=250,1303,0,0,21449907,0.2992024,True,False,15775,544,1
shrinking_no_b_decay_r2,shrinking,T=400,1303,0,1,21449907,0.246313,True,False,12237,890,1
shrinking_no_b_decay_r2,shrinking,T=600,1303,0,2,21449907,0.2746269,True,False,8764,1373,1
shrinking_no_b_decay_r2,shrinking,T=1000,1303,0,3,21449907,0.3222385,True,False,3632,2417,1
shrinking_no_b_decay_r2,shrinking,cost_model_cold,1303,0,4,21449907,0.2803163,True,False,16641,480,1
shrinking_no_b_decay_r2,shrinking,cost_model_warm,1303,0,5,21449907,0.3062615,True,False,13272,773,1
shrinking_no_b_decay_r2,shrinking,timing,1303,0,6,21449907,0.274695,True,False,16930,470,7
shrinking_no_b_decay_r2,shrinking,T=60,1303,0,7,21449907,0.3394561,True,False,25345,129,1
shrinking_no_b_decay_r2,shrinking,T=100,1303,0,8,21449907,0.3376175,True,False,22051,215,1
shrinking_no_b_decay_r2,shrinking,T=150,1303,0,9,21449907,0.2137282,True,False,19341,322,1
shrinking_no_b_decay_r2,shrinking,T=400,1303,1,0,21449907,0.3192565,True,False,12237,890,1
shrinking_no_b_decay_r2,shrinking,T=600,1303,1,1,21449907,0.2650941,True,False,8764,1373,1
shrinking_no_b_decay_r2,shrinking,T=1000,1303,1,2,21449907,0.2958221,True,False,3632,2417,1
shrinking_no_b_decay_r2,shrinking,cost_model_cold,1303,1,3,21449907,0.2653492,True,False,16641,480,1
shrinking_no_b_decay_r2,shrinking,cost_model_warm,1303,1,4,21449907,0.2960631,True,False,13272,773,1
shrinking_no_b_decay_r2,shrinking,timing,1303,1,5,21449907,0.2814802,True,False,18330,384,7
shrinking_no_b_decay_r2,shrinking,T=60,1303,1,6,21449907,0.3539743,True,False,25345,129,1
shrinking_no_b_decay_r2,shrinking,T=100,1303,1,7,21449907,0.3780642,True,False,22051,215,1
shrinking_no_b_decay_r2,shrinking,T=150,1303,1,8,21449907,0.3264906,True,False,19341,322,1
shrinking_no_b_decay_r2,shrinking,T=250,1303,1,9,21449907,0.3089663,True,False,15775,544,1
shrinking_no_b_decay_r2,shrinking,T=600,1304,0,0,21449907,0.3231249,True,False,8796,1375,1
shrinking_no_b_decay_r2,shrinking,T=1000,1304,0,1,21449907,0.3481288,True,False,3658,2419,1
shrinking_no_b_decay_r2,shrinking,cost_model_cold,1304,0,2,21449907,0.3050802,True,False,16593,480,1
shrinking_no_b_decay_r2,shrinking,cost_model_warm,1304,0,3,21449907,0.2318586,True,False,13204,773,1
shrinking_no_b_decay_r2,shrinking,timing,1304,0,4,21449907,0.2298366,True,False,13610,745,5
shrinking_no_b_decay_r2,shrinking,T=60,1304,0,5,21449907,0.3644967,True,False,25351,129,1
shrinking_no_b_decay_r2,shrinking,T=100,1304,0,6,21449907,0.3065563,True,False,21997,214,1
shrinking_no_b_decay_r2,shrinking,T=150,1304,0,7,21449907,0.3573196,True,False,19275,323,1
shrinking_no_b_decay_r2,shrinking,T=250,1304,0,8,21449907,0.3420399,True,False,15717,545,1
shrinking_no_b_decay_r2,shrinking,T=400,1304,0,9,21449907,0.1979445,True,False,12183,890,1
shrinking_no_b_decay_r2,shrinking,T=1000,1304,1,0,21449907,0.2671509,True,False,3658,2419,1
shrinking_no_b_decay_r2,shrinking,cost_model_cold,1304,1,1,21449907,0.2336067,True,False,16593,480,1
shrinking_no_b_decay_r2,shrinking,cost_model_warm,1304,1,2,21449907,0.2821994,True,False,13204,773,1
shrinking_no_b_decay_r2,shrinking,timing,1304,1,3,21449907,0.2934601,True,False,21555,240,7
shrinking_no_b_decay_r2,shrinking,T=60,1304,1,4,21449907,0.3840277,True,False,25351,129,1
shrinking_no_b_decay_r2,shrinking,T=100,1304,1,5,21449907,0.3520187,True,False,21997,214,1
shrinking_no_b_decay_r2,shrinking,T=150,1304,1,6,21449907,0.3140402,True,False,19275,323,1
shrinking_no_b_decay_r2,shrinking,T=250,1304,1,7,21449907,0.2525528,True,False,15717,545,1
shrinking_no_b_decay_r2,shrinking,T=400,1304,1,8,21449907,0.2614122,True,False,12183,890,1
shrinking_no_b_decay_r2,shrinking,T=600,1304,1,9,21449907,0.2876293,True,False,8796,1375,1
shrinking_no_b_decay_r2,shrinking,cost_model_cold,1305,0,0,21449907,0.2541992,True,False,16577,480,1
shrinking_no_b_decay_r2,shrinking,cost_model_warm,1305,0,1,21449907,0.2860674,True,False,13228,773,1
shrinking_no_b_decay_r2,shrinking,timing,1305,0,2,21449907,0.3566803,True,False,19156,332,7
shrinking_no_b_decay_r2,shrinking,T=60,1305,0,3,21449907,0.4071414,True,False,25290,129,1
shrinking_no_b_decay_r2,shrinking,T=100,1305,0,4,21449907,0.3372188,True,False,21952,215,1
shrinking_no_b_decay_r2,shrinking,T=150,1305,0,5,21449907,0.3398579,True,False,19268,322,1
shrinking_no_b_decay_r2,shrinking,T=250,1305,0,6,21449907,0.2160571,True,False,15721,544,1
shrinking_no_b_decay_r2,shrinking,T=400,1305,0,7,21449907,0.2287137,True,False,12188,890,1
shrinking_no_b_decay_r2,shrinking,T=600,1305,0,8,21449907,0.3086104,True,False,8776,1374,1
shrinking_no_b_decay_r2,shrinking,T=1000,1305,0,9,21449907,0.3664245,True,False,3664,2419,1
shrinking_no_b_decay_r2,shrinking,cost_model_warm,1305,1,0,21449907,0.2577257,True,False,13228,773,1
shrinking_no_b_decay_r2,shrinking,timing,1305,1,1,21449907,0.301707,True,False,17396,430,7
shrinking_no_b_decay_r2,shrinking,T=60,1305,1,2,21449907,0.3781599,True,False,25290,129,1
shrinking_no_b_decay_r2,shrinking,T=100,1305,1,3,21449907,0.3375481,True,False,21952,215,1
shrinking_no_b_decay_r2,shrinking,T=150,1305,1,4,21449907,0.2202441,True,False,19268,322,1
shrinking_no_b_decay_r2,shrinking,T=250,1305,1,5,21449907,0.2881102,True,False,15721,544,1
shrinking_no_b_decay_r2,shrinking,T=400,1305,1,6,21449907,0.1750699,True,False,12188,890,1
shrinking_no_b_decay_r2,shrinking,T=600,1305,1,7,21449907,0.2259762,True,False,8776,1374,1
shrinking_no_b_decay_r2,shrinking,T=1000,1305,1,8,21449907,0.3340562,True,False,3664,2419,1
shrinking_no_b_decay_r2,shrinking,cost_model_cold,1305,1,9,21449907,0.3188311,True,False,16577,480,1
shrinking_no_b_decay_r2,shrinking,timing,1306,0,0,21449907,0.405682,True,False,25113,137,9
shrinking_no_b_decay_r2,shrinking,T=60,1306,0,1,21449907,0.3178772,True,False,25317,129,1
shrinking_no_b_decay_r2,shrinking,T=100,1306,0,2,21449907,0.2748042,True,False,22030,214,1
shrinking_no_b_decay_r2,shrinking,T=150,1306,0,3,21449907,0.252665,True,False,19327,323,1
shrinking_no_b_decay_r2,shrinking,T=250,1306,0,4,21449907,0.1904386,True,False,15779,544,1
shrinking_no_b_decay_r2,shrinking,T=400,1306,0,5,21449907,0.180261,True,False,12257,890,1
shrinking_no_b_decay_r2,shrinking,T=600,1306,0,6,21449907,0.2366049,True,False,8788,1374,1
shrinking_no_b_decay_r2,shrinking,T=1000,1306,0,7,21449907,0.2698559,True,False,3633,2419,1
shrinking_no_b_decay_r2,shrinking,cost_model_cold,1306,0,8,21449907,0.2377373,True,False,16655,480,1
shrinking_no_b_decay_r2,shrinking,cost_model_warm,1306,0,9,21449907,0.2254386,True,False,13313,773,1
shrinking_no_b_decay_r2,shrinking,T=60,1306,1,0,21449907,0.2746315,True,False,25317,129,1
shrinking_no_b_decay_r2,shrinking,T=100,1306,1,1,21449907,0.2529643,True,False,22030,214,1
shrinking_no_b_decay_r2,shrinking,T=150,1306,1,2,21449907,0.2140825,True,False,19327,323,1
shrinking_no_b_decay_r2,shrinking,T=250,1306,1,3,21449907,0.2242604,True,False,15779,544,1
shrinking_no_b_decay_r2,shrinking,T=400,1306,1,4,21449907,0.2404547,True,False,12257,890,1
shrinking_no_b_decay_r2,shrinking,T=600,1306,1,5,21449907,0.2271005,True,False,8788,1374,1
shrinking_no_b_decay_r2,shrinking,T=1000,1306,1,6,21449907,0.2875435,True,False,3633,2419,1
shrinking_no_b_decay_r2,shrinking,cost_model_cold,1306,1,7,21449907,0.2064342,True,False,16655,480,1
shrinking_no_b_decay_r2,shrinking,cost_model_warm,1306,1,8,21449907,0.1994307,True,False,13313,773,1
shrinking_no_b_decay_r2,shrinking,timing,1306,1,9,21449907,0.2347039,True,False,6469,1834,7
shrinking_split_b_decay_r05,shrinking,T=100,1301,0,0,249125,0.0129976,True,False,1207,413,1
shrinking_split_b_decay_r05,shrinking,T=150,1301,0,1,249125,0.0131197,True,False,785,618,1
shrinking_split_b_decay_r05,shrinking,T=250,1301,0,2,249125,0.010729,True,False,1,1000,1
shrinking_split_b_decay_r05,shrinking,T=400,1301,0,3,249125,0.0133179,True,False,1,1000,1
shrinking_split_b_decay_r05,shrinking,T=600,1301,0,4,249125,0.0118914,True,False,1,1000,1
shrinking_split_b_decay_r05,shrinking,T=1000,1301,0,5,249125,0.0085958,True,False,1,1000,1
shrinking_split_b_decay_r05,shrinking,cost_model_cold,1301,0,6,249125,0.0092777,True,False,512,758,1
shrinking_split_b_decay_r05,shrinking,cost_model_warm,1301,0,7,249125,0.0082128,True,False,1,1000,1
shrinking_split_b_decay_r05,shrinking,timing,1301,0,8,249125,0.0230049,True,False,2028,5,4
shrinking_split_b_decay_r05,shrinking,T=60,1301,0,9,249125,0.0163343,True,False,1546,249,1
shrinking_split_b_decay_r05,shrinking,T=150,1301,1,0,249125,0.0142827,True,False,785,618,1
shrinking_split_b_decay_r05,shrinking,T=250,1301,1,1,249125,0.0089266,True,False,1,1000,1
shrinking_split_b_decay_r05,shrinking,T=400,1301,1,2,249125,0.0127944,True,False,1,1000,1
shrinking_split_b_decay_r05,shrinking,T=600,1301,1,3,249125,0.0088446,True,False,1,1000,1
shrinking_split_b_decay_r05,shrinking,T=1000,1301,1,4,249125,0.0093566,True,False,1,1000,1
shrinking_split_b_decay_r05,shrinking,cost_model_cold,1301,1,5,249125,0.0129134,True,False,512,758,1
shrinking_split_b_decay_r05,shrinking,cost_model_warm,1301,1,6,249125,0.0081898,True,False,1,1000,1
shrinking_split_b_decay_r05,shrinking,timing,1301,1,7,249125,0.0131847,True,False,437,783,3
shrinking_split_b_decay_r05,shrinking,T=60,1301,1,8,249125,0.0152436,True,False,1546,249,1
shrinking_split_b_decay_r05,shrinking,T=100,1301,1,9,249125,0.0130987,True,False,1207,413,1
shrinking_split_b_decay_r05,shrinking,T=250,1302,0,0,249125,0.0082409,True,False,1,1002,1
shrinking_split_b_decay_r05,shrinking,T=400,1302,0,1,249125,0.0088901,True,False,1,1002,1
shrinking_split_b_decay_r05,shrinking,T=600,1302,0,2,249125,0.0090813,True,False,1,1002,1
shrinking_split_b_decay_r05,shrinking,T=1000,1302,0,3,249125,0.008023,True,False,1,1002,1
shrinking_split_b_decay_r05,shrinking,cost_model_cold,1302,0,4,249125,0.0095816,True,False,496,751,1
shrinking_split_b_decay_r05,shrinking,cost_model_warm,1302,0,5,249125,0.009349,True,False,1,1002,1
shrinking_split_b_decay_r05,shrinking,timing,1302,0,6,249125,0.0186125,True,False,1961,25,4
shrinking_split_b_decay_r05,shrinking,T=60,1302,0,7,249125,0.0166269,True,False,1540,252,1
shrinking_split_b_decay_r05,shrinking,T=100,1302,0,8,249125,0.0136958,True,False,1200,413,1
shrinking_split_b_decay_r05,shrinking,T=150,1302,0,9,249125,0.0117432,True,False,770,621,1
shrinking_split_b_decay_r05,shrinking,T=400,1302,1,0,249125,0.0081827,True,False,1,1002,1
shrinking_split_b_decay_r05,shrinking,T=600,1302,1,1,249125,0.0090026,True,False,1,1002,1
shrinking_split_b_decay_r05,shrinking,T=1000,1302,1,2,249125,0.0109098,True,False,1,1002,1
shrinking_split_b_decay_r05,shrinking,cost_model_cold,1302,1,3,249125,0.0118578,True,False,496,751,1
shrinking_split_b_decay_r05,shrinking,cost_model_warm,1302,1,4,249125,0.0097794,True,False,1,1002,1
shrinking_split_b_decay_r05,shrinking,timing,1302,1,5,249125,0.0196767,True,False,2036,2,2
shrinking_split_b_decay_r05,shrinking,T=60,1302,1,6,249125,0.0162739,True,False,1540,252,1
shrinking_split_b_decay_r05,shrinking,T=100,1302,1,7,249125,0.0137856,True,False,1200,413,1
shrinking_split_b_decay_r05,shrinking,T=150,1302,1,8,249125,0.0119494,True,False,770,621,1
shrinking_split_b_decay_r05,shrinking,T=250,1302,1,9,249125,0.0082671,True,False,1,1002,1
shrinking_split_b_decay_r05,shrinking,T=600,1303,0,0,249125,0.0093604,True,False,1,1000,1
shrinking_split_b_decay_r05,shrinking,T=1000,1303,0,1,249125,0.0086307,True,False,1,1000,1
shrinking_split_b_decay_r05,shrinking,cost_model_cold,1303,0,2,249125,0.0127682,True,False,519,750,1
shrinking_split_b_decay_r05,shrinking,cost_model_warm,1303,0,3,249125,0.0116371,True,False,1,1000,1
shrinking_split_b_decay_r05,shrinking,timing,1303,0,4,249125,0.0211264,True,False,1926,62,4
shrinking_split_b_decay_r05,shrinking,T=60,1303,0,5,249125,0.0157724,True,False,1560,246,1
shrinking_split_b_decay_r05,shrinking,T=100,1303,0,6,249125,0.0134068,True,False,1217,414,1
shrinking_split_b_decay_r05,shrinking,T=150,1303,0,7,249125,0.0102987,True,False,776,627,1
shrinking_split_b_decay_r05,shrinking,T=250,1303,0,8,249125,0.0101863,True,False,1,1000,1
shrinking_split_b_decay_r05,shrinking,T=400,1303,0,9,249125,0.0114327,True,False,1,1000,1
shrinking_split_b_decay_r05,shrinking,T=1000,1303,1,0,249125,0.0088836,True,False,1,1000,1
shrinking_split_b_decay_r05,shrinking,cost_model_cold,1303,1,1,249125,0.0135057,True,False,519,750,1
shrinking_split_b_decay_r05,shrinking,cost_model_warm,1303,1,2,249125,0.0114886,True,False,1,1000,1
shrinking_split_b_decay_r05,shrinking,timing,1303,1,3,249125,0.0165098,True,False,1487,299,5
shrinking_split_b_decay_r05,shrinking,T=60,1303,1,4,249125,0.0193872,True,False,1560,246,1
shrinking_split_b_decay_r05,shrinking,T=100,1303,1,5,249125,0.014701,True,False,1217,414,1
shrinking_split_b_decay_r05,shrinking,T=150,1303,1,6,249125,0.0109652,True,False,776,627,1
shrinking_split_b_decay_r05,shrinking,T=250,1303,1,7,249125,0.0122566,True,False,1,1000,1
shrinking_split_b_decay_r05,shrinking,T=400,1303,1,8,249125,0.0121255,True,False,1,1000,1
shrinking_split_b_decay_r05,shrinking,T=600,1303,1,9,249125,0.0107173,True,False,1,1000,1
shrinking_split_b_decay_r05,shrinking,cost_model_cold,1304,0,0,249125,0.0155435,True,False,513,751,1
shrinking_split_b_decay_r05,shrinking,cost_model_warm,1304,0,1,249125,0.0119322,True,False,1,1000,1
shrinking_split_b_decay_r05,shrinking,timing,1304,0,2,249125,0.0203564,True,False,2047,2,2
shrinking_split_b_decay_r05,shrinking,T=60,1304,0,3,249125,0.0183891,True,False,1569,247,1
shrinking_split_b_decay_r05,shrinking,T=100,1304,0,4,249125,0.0151813,True,False,1218,413,1
shrinking_split_b_decay_r05,shrinking,T=150,1304,0,5,249125,0.0135138,True,False,796,622,1
shrinking_split_b_decay_r05,shrinking,T=250,1304,0,6,249125,0.0120671,True,False,1,1000,1
shrinking_split_b_decay_r05,shrinking,T=400,1304,0,7,249125,0.0143248,True,False,1,1000,1
shrinking_split_b_decay_r05,shrinking,T=600,1304,0,8,249125,0.0125231,True,False,1,1000,1
shrinking_split_b_decay_r05,shrinking,T=1000,1304,0,9,249125,0.0092033,True,False,1,1000,1
shrinking_split_b_decay_r05,shrinking,cost_model_warm,1304,1,0,249125,0.0081464,True,False,1,1000,1
shrinking_split_b_decay_r05,shrinking,timing,1304,1,1,249125,0.0176421,True,False,2047,5,4
shrinking_split_b_decay_r05,shrinking,T=60,1304,1,2,249125,0.0161093,True,False,1569,247,1
shrinking_split_b_decay_r05,shrinking,T=100,1304,1,3,249125,0.0140756,True,False,1218,413,1
shrinking_split_b_decay_r05,shrinking,T=150,1304,1,4,249125,0.0141535,True,False,796,622,1
shrinking_split_b_decay_r05,shrinking,T=250,1304,1,5,249125,0.0081089,True,False,1,1000,1
shrinking_split_b_decay_r05,shrinking,T=400,1304,1,6,249125,0.0103115,True,False,1,1000,1
shrinking_split_b_decay_r05,shrinking,T=600,1304,1,7,249125,0.0122079,True,False,1,1000,1
shrinking_split_b_decay_r05,shrinking,T=1000,1304,1,8,249125,0.0146819,True,False,1,1000,1
shrinking_split_b_decay_r05,shrinking,cost_model_cold,1304,1,9,249125,0.0117451,True,False,513,751,1
shrinking_split_b_decay_r05,shrinking,timing,1305,0,0,249125,0.0109186,True,False,1038,499,3
shrinking_split_b_decay_r05,shrinking,T=60,1305,0,1,249125,0.0166817,True,False,1545,245,1
shrinking_split_b_decay_r05,shrinking,T=100,1305,0,2,249125,0.0222666,True,False,1204,411,1
shrinking_split_b_decay_r05,shrinking,T=150,1305,0,3,249125,0.0130076,True,False,769,620,1
shrinking_split_b_decay_r05,shrinking,T=250,1305,0,4,249125,0.0104475,True,False,1,997,1
shrinking_split_b_decay_r05,shrinking,T=400,1305,0,5,249125,0.0086506,True,False,1,997,1
shrinking_split_b_decay_r05,shrinking,T=600,1305,0,6,249125,0.0080046,True,False,1,997,1
shrinking_split_b_decay_r05,shrinking,T=1000,1305,0,7,249125,0.0103649,True,False,1,997,1
shrinking_split_b_decay_r05,shrinking,cost_model_cold,1305,0,8,249125,0.0160678,True,False,510,756,1
shrinking_split_b_decay_r05,shrinking,cost_model_warm,1305,0,9,249125,0.0087895,True,False,1,997,1
shrinking_split_b_decay_r05,shrinking,T=60,1305,1,0,249125,0.0158972,True,False,1545,245,1
shrinking_split_b_decay_r05,shrinking,T=100,1305,1,1,249125,0.0134471,True,False,1204,411,1
shrinking_split_b_decay_r05,shrinking,T=150,1305,1,2,249125,0.010963,True,False,769,620,1
shrinking_split_b_decay_r05,shrinking,T=250,1305,1,3,249125,0.0094542,True,False,1,997,1
shrinking_split_b_decay_r05,shrinking,T=400,1305,1,4,249125,0.011426,True,False,1,997,1
shrinking_split_b_decay_r05,shrinking,T=600,1305,1,5,249125,0.0089437,True,False,1,997,1
shrinking_split_b_decay_r05,shrinking,T=1000,1305,1,6,249125,0.010186,True,False,1,997,1
shrinking_split_b_decay_r05,shrinking,cost_model_cold,1305,1,7,249125,0.0132574,True,False,510,756,1
shrinking_split_b_decay_r05,shrinking,cost_model_warm,1305,1,8,249125,0.0084323,True,False,1,997,1
shrinking_split_b_decay_r05,shrinking,timing,1305,1,9,249125,0.0168954,True,False,2062,2,2
shrinking_split_b_decay_r05,shrinking,T=100,1306,0,0,249125,0.0119283,True,False,1218,416,1
shrinking_split_b_decay_r05,shrinking,T=150,1306,0,1,249125,0.0109462,True,False,778,619,1
shrinking_split_b_decay_r05,shrinking,T=250,1306,0,2,249125,0.0136536,True,False,1,997,1
shrinking_split_b_decay_r05,shrinking,T=400,1306,0,3,249125,0.0131357,True,False,1,997,1
shrinking_split_b_decay_r05,shrinking,T=600,1306,0,4,249125,0.0091797,True,False,1,997,1
shrinking_split_b_decay_r05,shrinking,T=1000,1306,0,5,249125,0.0091724,True,False,1,997,1
shrinking_split_b_decay_r05,shrinking,cost_model_cold,1306,0,6,249125,0.0099883,True,False,507,754,1
shrinking_split_b_decay_r05,shrinking,cost_model_warm,1306,0,7,249125,0.0093912,True,False,1,997,1
shrinking_split_b_decay_r05,shrinking,timing,1306,0,8,249125,0.010234,True,False,579,712,5
shrinking_split_b_decay_r05,shrinking,T=60,1306,0,9,249125,0.0163451,True,False,1558,248,1
shrinking_split_b_decay_r05,shrinking,T=150,1306,1,0,249125,0.0168498,True,False,778,619,1
shrinking_split_b_decay_r05,shrinking,T=250,1306,1,1,249125,0.0098387,True,False,1,997,1
shrinking_split_b_decay_r05,shrinking,T=400,1306,1,2,249125,0.0128134,True,False,1,997,1
shrinking_split_b_decay_r05,shrinking,T=600,1306,1,3,249125,0.0139163,True,False,1,997,1
shrinking_split_b_decay_r05,shrinking,T=1000,1306,1,4,249125,0.0127106,True,False,1,997,1
shrinking_split_b_decay_r05,shrinking,cost_model_cold,1306,1,5,249125,0.011827,True,False,507,754,1
shrinking_split_b_decay_r05,shrinking,cost_model_warm,1306,1,6,249125,0.0120293,True,False,1,997,1
shrinking_split_b_decay_r05,shrinking,timing,1306,1,7,249125,0.0193622,True,False,2005,2,2
shrinking_split_b_decay_r05,shrinking,T=60,1306,1,8,249125,0.0170515,True,False,1558,248,1
shrinking_split_b_decay_r05,shrinking,T=100,1306,1,9,249125,0.0138158,True,False,1218,416,1
shrinking_split_b_decay_r1,shrinking,T=250,1301,0,0,996502,0.0302975,True,False,1971,1027,1
shrinking_split_b_decay_r1,shrinking,T=400,1301,0,1,996502,0.0325475,True,False,702,1653,1
shrinking_split_b_decay_r1,shrinking,T=600,1301,0,2,996502,0.0465117,True,False,1,1989,1
shrinking_split_b_decay_r1,shrinking,T=1000,1301,0,3,996502,0.0398163,True,False,1,1989,1
shrinking_split_b_decay_r1,shrinking,cost_model_cold,1301,0,4,996502,0.0309131,True,False,2557,751,1
shrinking_split_b_decay_r1,shrinking,cost_model_warm,1301,0,5,996502,0.0302358,True,False,1660,1188,1
shrinking_split_b_decay_r1,shrinking,timing,1301,0,6,996502,0.0414466,True,False,1496,1257,3
shrinking_split_b_decay_r1,shrinking,T=60,1301,0,7,996502,0.0434893,True,False,3587,238,1
shrinking_split_b_decay_r1,shrinking,T=100,1301,0,8,996502,0.0398009,True,False,3254,405,1
shrinking_split_b_decay_r1,shrinking,T=150,1301,0,9,996502,0.0319696,True,False,2831,614,1
shrinking_split_b_decay_r1,shrinking,T=400,1301,1,0,996502,0.0313348,True,False,702,1653,1
shrinking_split_b_decay_r1,shrinking,T=600,1301,1,1,996502,0.0349398,True,False,1,1989,1
shrinking_split_b_decay_r1,shrinking,T=1000,1301,1,2,996502,0.0364012,True,False,1,1989,1
shrinking_split_b_decay_r1,shrinking,cost_model_cold,1301,1,3,996502,0.0336608,True,False,2557,751,1
shrinking_split_b_decay_r1,shrinking,cost_model_warm,1301,1,4,996502,0.0314124,True,False,1660,1188,1
shrinking_split_b_decay_r1,shrinking,timing,1301,1,5,996502,0.0379507,True,False,4103,2,2
shrinking_split_b_decay_r1,shrinking,T=60,1301,1,6,996502,0.0439114,True,False,3587,238,1
shrinking_split_b_decay_r1,shrinking,T=100,1301,1,7,996502,0.0307578,True,False,3254,405,1
shrinking_split_b_decay_r1,shrinking,T=150,1301,1,8,996502,0.030233,True,False,2831,614,1
shrinking_split_b_decay_r1,shrinking,T=250,1301,1,9,996502,0.0418574,True,False,1971,1027,1
shrinking_split_b_decay_r1,shrinking,T=600,1302,0,0,996502,0.0445079,True,False,1,1991,1
shrinking_split_b_decay_r1,shrinking,T=1000,1302,0,1,996502,0.0440971,True,False,1,1991,1
shrinking_split_b_decay_r1,shrinking,cost_model_cold,1302,0,2,996502,0.0370308,True,False,2580,746,1
shrinking_split_b_decay_r1,shrinking,cost_model_warm,1302,0,3,996502,0.042144,True,False,1671,1187,1
shrinking_split_b_decay_r1,shrinking,timing,1302,0,4,996502,0.0407121,True,False,4140,2,2
shrinking_split_b_decay_r1,shrinking,T=60,1302,0,5,996502,0.0401721,True,False,3663,240,1
shrinking_split_b_decay_r1,shrinking,T=100,1302,0,6,996502,0.0380101,True,False,3311,406,1
shrinking_split_b_decay_r1,shrinking,T=150,1302,0,7,996502,0.0357587,True,False,2867,617,1
shrinking_split_b_decay_r1,shrinking,T=250,1302,0,8,996502,0.04435,True,False,1995,1033,1
shrinking_split_b_decay_r1,shrinking,T=400,1302,0,9,996502,0.0310717,True,False,701,1650,1
shrinking_split_b_decay_r1,shrinking,T=1000,1302,1,0,996502,0.0344392,True,False,1,1991,1
shrinking_split_b_decay_r1,shrinking,cost_model_cold,1302,1,1,996502,0.0331295,True,False,2580,746,1
shrinking_split_b_decay_r1,shrinking,cost_model_warm,1302,1,2,996502,0.0314867,True,False,1671,1187,1
shrinking_split_b_decay_r1,shrinking,timing,1302,1,3,996502,0.0543885,True,False,4140,2,2
shrinking_split_b_decay_r1,shrinking,T=60,1302,1,4,996502,0.0515087,True,False,3663,240,1
shrinking_split_b_decay_r1,shrinking,T=100,1302,1,5,996502,0.0417503,True,False,3311,406,1
shrinking_split_b_decay_r1,shrinking,T=150,1302,1,6,996502,0.0503167,True,False,2867,617,1
shrinking_split_b_decay_r1,shrinking,T=250,1302,1,7,996502,0.0382756,True,False,1995,1033,1
shrinking_split_b_decay_r1,shrinking,T=400,1302,1,8,996502,0.0324503,True,False,701,1650,1
shrinking_split_b_decay_r1,shrinking,T=600,1302,1,9,996502,0.0321056,True,False,1,1991,1
shrinking_split_b_decay_r1,shrinking,cost_model_cold,1303,0,0,996502,0.0461134,True,False,2616,749,1
shrinking_split_b_decay_r1,shrinking,cost_model_warm,1303,0,1,996502,0.0381964,True,False,1704,1187,1
shrinking_split_b_decay_r1,shrinking,timing,1303,0,2,996502,0.0429261,True,False,4076,2,2
shrinking_split_b_decay_r1,shrinking,T=60,1303,0,3,996502,0.0429719,True,False,3660,240,1
shrinking_split_b_decay_r1,shrinking,T=100,1303,0,4,996502,0.0410791,True,False,3318,404,1
shrinking_split_b_decay_r1,shrinking,T=150,1303,0,5,996502,0.0471102,True,False,2889,612,1
shrinking_split_b_decay_r1,shrinking,T=250,1303,0,6,996502,0.0352122,True,False,2046,1033,1
shrinking_split_b_decay_r1,shrinking,T=400,1303,0,7,996502,0.0363748,True,False,719,1655,1
shrinking_split_b_decay_r1,shrinking,T=600,1303,0,8,996502,0.0446043,True,False,1,1994,1
shrinking_split_b_decay_r1,shrinking,T=1000,1303,0,9,996502,0.0434164,True,False,1,1994,1
shrinking_split_b_decay_r1,shrinking,cost_model_warm,1303,1,0,996502,0.0347008,True,False,1704,1187,1
shrinking_split_b_decay_r1,shrinking,timing,1303,1,1,996502,0.0366677,True,False,4076,2,2
shrinking_split_b_decay_r1,shrinking,T=60,1303,1,2,996502,0.0406406,True,False,3660,240,1
shrinking_split_b_decay_r1,shrinking,T=100,1303,1,3,996502,0.0316713,True,False,3318,404,1
shrinking_split_b_decay_r1,shrinking,T=150,1303,1,4,996502,0.0271027,True,False,2889,612,1
shrinking_split_b_decay_r1,shrinking,T=250,1303,1,5,996502,0.0410538,True,False,2046,1033,1
shrinking_split_b_decay_r1,shrinking,T=400,1303,1,6,996502,0.0432895,True,False,719,1655,1
shrinking_split_b_decay_r1,shrinking,T=600,1303,1,7,996502,0.0425496,True,False,1,1994,1
shrinking_split_b_decay_r1,shrinking,T=1000,1303,1,8,996502,0.0355352,True,False,1,1994,1
shrinking_split_b_decay_r1,shrinking,cost_model_cold,1303,1,9,996502,0.0287191,True,False,2616,749,1
shrinking_split_b_decay_r1,shrinking,timing,1304,0,0,996502,0.0355596,True,False,4085,2,2
shrinking_split_b_decay_r1,shrinking,T=60,1304,0,1,996502,0.0316071,True,False,3641,242,1
shrinking_split_b_decay_r1,shrinking,T=100,1304,0,2,996502,0.0391259,True,False,3289,405,1
shrinking_split_b_decay_r1,shrinking,T=150,1304,0,3,996502,0.0321688,True,False,2847,615,1
shrinking_split_b_decay_r1,shrinking,T=250,1304,0,4,996502,0.0294291,True,False,2001,1030,1
shrinking_split_b_decay_r1,shrinking,T=400,1304,0,5,996502,0.0379917,True,False,702,1648,1
shrinking_split_b_decay_r1,shrinking,T=600,1304,0,6,996502,0.0347259,True,False,1,1988,1
shrinking_split_b_decay_r1,shrinking,T=1000,1304,0,7,996502,0.0363738,True,False,1,1988,1
shrinking_split_b_decay_r1,shrinking,cost_model_cold,1304,0,8,996502,0.0326632,True,False,2583,749,1
shrinking_split_b_decay_r1,shrinking,cost_model_warm,1304,0,9,996502,0.0285063,True,False,1669,1188,1
shrinking_split_b_decay_r1,shrinking,T=60,1304,1,0,996502,0.0384055,True,False,3641,242,1
shrinking_split_b_decay_r1,shrinking,T=100,1304,1,1,996502,0.0358342,True,False,3289,405,1
shrinking_split_b_decay_r1,shrinking,T=150,1304,1,2,996502,0.0538998,True,False,2847,615,1
shrinking_split_b_decay_r1,shrinking,T=250,1304,1,3,996502,0.0453877,True,False,2001,1030,1
shrinking_split_b_decay_r1,shrinking,T=400,1304,1,4,996502,0.0525626,True,False,702,1648,1
shrinking_split_b_decay_r1,shrinking,T=600,1304,1,5,996502,0.0580375,True,False,1,1988,1
shrinking_split_b_decay_r1,shrinking,T=1000,1304,1,6,996502,0.0557702,True,False,1,1988,1
shrinking_split_b_decay_r1,shrinking,cost_model_cold,1304,1,7,996502,0.0503162,True,False,2583,749,1
shrinking_split_b_decay_r1,shrinking,cost_model_warm,1304,1,8,996502,0.0293793,True,False,1669,1188,1
shrinking_split_b_decay_r1,shrinking,timing,1304,1,9,996502,0.0609243,True,False,4085,2,2
shrinking_split_b_decay_r1,shrinking,T=100,1305,0,0,996502,0.0564746,True,False,3310,404,1
shrinking_split_b_decay_r1,shrinking,T=150,1305,0,1,996502,0.0511155,True,False,2865,614,1
shrinking_split_b_decay_r1,shrinking,T=250,1305,0,2,996502,0.0359531,True,False,2017,1029,1
shrinking_split_b_decay_r1,shrinking,T=400,1305,0,3,996502,0.0489665,True,False,711,1647,1
shrinking_split_b_decay_r1,shrinking,T=600,1305,0,4,996502,0.0568726,True,False,1,1988,1
shrinking_split_b_decay_r1,shrinking,T=1000,1305,0,5,996502,0.0485955,True,False,1,1988,1
shrinking_split_b_decay_r1,shrinking,cost_model_cold,1305,0,6,996502,0.0533119,True,False,2579,745,1
shrinking_split_b_decay_r1,shrinking,cost_model_warm,1305,0,7,996502,0.0493389,True,False,1664,1191,1
shrinking_split_b_decay_r1,shrinking,timing,1305,0,8,996502,0.0352923,True,False,1461,1299,5
shrinking_split_b_decay_r1,shrinking,T=60,1305,0,9,996502,0.0325985,True,False,3639,238,1
shrinking_split_b_decay_r1,shrinking,T=150,1305,1,0,996502,0.0355222,True,False,2865,614,1
shrinking_split_b_decay_r1,shrinking,T=250,1305,1,1,996502,0.0340933,True,False,2017,1029,1
shrinking_split_b_decay_r1,shrinking,T=400,1305,1,2,996502,0.0419853,True,False,711,1647,1
shrinking_split_b_decay_r1,shrinking,T=600,1305,1,3,996502,0.0360466,True,False,1,1988,1
shrinking_split_b_decay_r1,shrinking,T=1000,1305,1,4,996502,0.0398353,True,False,1,1988,1
shrinking_split_b_decay_r1,shrinking,cost_model_cold,1305,1,5,996502,0.0400511,True,False,2579,745,1
shrinking_split_b_decay_r1,shrinking,cost_model_warm,1305,1,6,996502,0.0336682,True,False,1664,1191,1
shrinking_split_b_decay_r1,shrinking,timing,1305,1,7,996502,0.0511594,True,False,4087,2,2
shrinking_split_b_decay_r1,shrinking,T=60,1305,1,8,996502,0.0455228,True,False,3639,238,1
shrinking_split_b_decay_r1,shrinking,T=100,1305,1,9,996502,0.0451326,True,False,3310,404,1
shrinking_split_b_decay_r1,shrinking,T=250,1306,0,0,996502,0.0332427,True,False,1992,1026,1
shrinking_split_b_decay_r1,shrinking,T=400,1306,0,1,996502,0.0346817,True,False,699,1651,1
shrinking_split_b_decay_r1,shrinking,T=600,1306,0,2,996502,0.0578527,True,False,1,1988,1
shrinking_split_b_decay_r1,shrinking,T=1000,1306,0,3,996502,0.0528844,True,False,1,1988,1
shrinking_split_b_decay_r1,shrinking,cost_model_cold,1306,0,4,996502,0.0296568,True,False,2577,749,1
shrinking_split_b_decay_r1,shrinking,cost_model_warm,1306,0,5,996502,0.0257508,True,False,1668,1186,1
shrinking_split_b_decay_r1,shrinking,timing,1306,0,6,996502,0.0359559,True,False,4162,2,2
shrinking_split_b_decay_r1,shrinking,T=60,1306,0,7,996502,0.0505071,True,False,3628,240,1
shrinking_split_b_decay_r1,shrinking,T=100,1306,0,8,996502,0.0361927,True,False,3283,406,1
shrinking_split_b_decay_r1,shrinking,T=150,1306,0,9,996502,0.0276615,True,False,2849,615,1
shrinking_split_b_decay_r1,shrinking,T=400,1306,1,0,996502,0.0255147,True,False,699,1651,1
shrinking_split_b_decay_r1,shrinking,T=600,1306,1,1,996502,0.0417514,True,False,1,1988,1
shrinking_split_b_decay_r1,shrinking,T=1000,1306,1,2,996502,0.0458207,True,False,1,1988,1
shrinking_split_b_decay_r1,shrinking,cost_model_cold,1306,1,3,996502,0.0438674,True,False,2577,749,1
shrinking_split_b_decay_r1,shrinking,cost_model_warm,1306,1,4,996502,0.0387132,True,False,1668,1186,1
shrinking_split_b_decay_r1,shrinking,timing,1306,1,5,996502,0.0384843,True,False,4162,2,2
shrinking_split_b_decay_r1,shrinking,T=60,1306,1,6,996502,0.0402447,True,False,3628,240,1
shrinking_split_b_decay_r1,shrinking,T=100,1306,1,7,996502,0.0316839,True,False,3283,406,1
shrinking_split_b_decay_r1,shrinking,T=150,1306,1,8,996502,0.0467547,True,False,2849,615,1
shrinking_split_b_decay_r1,shrinking,T=250,1306,1,9,996502,0.0409496,True,False,1992,1026,1
shrinking_split_b_decay_r2,shrinking,T=600,1301,0,0,3986009,0.1101048,True,False,3174,2466,1
shrinking_split_b_decay_r2,shrinking,T=1000,1301,0,1,3986009,0.1569818,True,False,1,3978,1
shrinking_split_b_decay_r2,shrinking,cost_model_cold,1301,0,2,3986009,0.0689339,True,False,6780,736,1
shrinking_split_b_decay_r2,shrinking,cost_model_warm,1301,0,3,3986009,0.0563033,True,False,5844,1171,1
shrinking_split_b_decay_r2,shrinking,timing,1301,0,4,3986009,0.089124,True,False,8238,2,2
shrinking_split_b_decay_r2,shrinking,T=60,1301,0,5,3986009,0.0657633,True,False,7819,225,1
shrinking_split_b_decay_r2,shrinking,T=100,1301,0,6,3986009,0.0663852,True,False,7479,392,1
shrinking_split_b_decay_r2,shrinking,T=150,1301,0,7,3986009,0.064274,True,False,7051,602,1
shrinking_split_b_decay_r2,shrinking,T=250,1301,0,8,3986009,0.0729229,True,False,6175,1014,1
shrinking_split_b_decay_r2,shrinking,T=400,1301,0,9,3986009,0.058705,True,False,4887,1632,1
shrinking_split_b_decay_r2,shrinking,T=1000,1301,1,0,3986009,0.145255,True,False,1,3978,1
shrinking_split_b_decay_r2,shrinking,cost_model_cold,1301,1,1,3986009,0.1001681,True,False,6780,736,1
shrinking_split_b_decay_r2,shrinking,cost_model_warm,1301,1,2,3986009,0.0675008,True,False,5844,1171,1
shrinking_split_b_decay_r2,shrinking,timing,1301,1,3,3986009,0.0725083,True,False,8238,2,2
shrinking_split_b_decay_r2,shrinking,T=60,1301,1,4,3986009,0.0962827,True,False,7819,225,1
shrinking_split_b_decay_r2,shrinking,T=100,1301,1,5,3986009,0.0941937,True,False,7479,392,1
shrinking_split_b_decay_r2,shrinking,T=150,1301,1,6,3986009,0.0736559,True,False,7051,602,1
shrinking_split_b_decay_r2,shrinking,T=250,1301,1,7,3986009,0.0697361,True,False,6175,1014,1
shrinking_split_b_decay_r2,shrinking,T=400,1301,1,8,3986009,0.0994791,True,False,4887,1632,1
shrinking_split_b_decay_r2,shrinking,T=600,1301,1,9,3986009,0.0789363,True,False,3174,2466,1
shrinking_split_b_decay_r2,shrinking,cost_model_cold,1302,0,0,3986009,0.0668,True,False,6673,739,1
shrinking_split_b_decay_r2,shrinking,cost_model_warm,1302,0,1,3986009,0.0672303,True,False,5774,1174,1
shrinking_split_b_decay_r2,shrinking,timing,1302,0,2,3986009,0.0708126,True,False,8163,4,4
shrinking_split_b_decay_r2,shrinking,T=60,1302,0,3,3986009,0.0736517,True,False,7713,225,1
shrinking_split_b_decay_r2,shrinking,T=100,1302,0,4,3986009,0.063727,True,False,7381,390,1
shrinking_split_b_decay_r2,shrinking,T=150,1302,0,5,3986009,0.0730435,True,False,6938,601,1
shrinking_split_b_decay_r2,shrinking,T=250,1302,0,6,3986009,0.0755893,True,False,6102,1014,1
shrinking_split_b_decay_r2,shrinking,T=400,1302,0,7,3986009,0.0648743,True,False,4810,1642,1
shrinking_split_b_decay_r2,shrinking,T=600,1302,0,8,3986009,0.0871006,True,False,3095,2467,1
shrinking_split_b_decay_r2,shrinking,T=1000,1302,0,9,3986009,0.1280917,True,False,1,3980,1
shrinking_split_b_decay_r2,shrinking,cost_model_warm,1302,1,0,3986009,0.0683828,True,False,5774,1174,1
shrinking_split_b_decay_r2,shrinking,timing,1302,1,1,3986009,0.0963576,True,False,8178,2,2
shrinking_split_b_decay_r2,shrinking,T=60,1302,1,2,3986009,0.0643964,True,False,7713,225,1
shrinking_split_b_decay_r2,shrinking,T=100,1302,1,3,3986009,0.0881728,True,False,7381,390,1
shrinking_split_b_decay_r2,shrinking,T=150,1302,1,4,3986009,0.0694425,True,False,6938,601,1
shrinking_split_b_decay_r2,shrinking,T=250,1302,1,5,3986009,0.0914932,True,False,6102,1014,1
shrinking_split_b_decay_r2,shrinking,T=400,1302,1,6,3986009,0.0869196,True,False,4810,1642,1
shrinking_split_b_decay_r2,shrinking,T=600,1302,1,7,3986009,0.0813766,True,False,3095,2467,1
shrinking_split_b_decay_r2,shrinking,T=1000,1302,1,8,3986009,0.128547,True,False,1,3980,1
shrinking_split_b_decay_r2,shrinking,cost_model_cold,1302,1,9,3986009,0.1102797,True,False,6673,739,1
shrinking_split_b_decay_r2,shrinking,timing,1303,0,0,3986009,0.1266577,True,False,8226,2,2
shrinking_split_b_decay_r2,shrinking,T=60,1303,0,1,3986009,0.1034979,True,False,7776,227,1
shrinking_split_b_decay_r2,shrinking,T=100,1303,0,2,3986009,0.0786502,True,False,7443,393,1
shrinking_split_b_decay_r2,shrinking,T=150,1303,0,3,3986009,0.083435,True,False,7031,601,1
shrinking_split_b_decay_r2,shrinking,T=250,1303,0,4,3986009,0.063355,True,False,6177,1015,1
shrinking_split_b_decay_r2,shrinking,T=400,1303,0,5,3986009,0.0741753,True,False,4843,1637,1
shrinking_split_b_decay_r2,shrinking,T=600,1303,0,6,3986009,0.0846865,True,False,3132,2471,1
shrinking_split_b_decay_r2,shrinking,T=1000,1303,0,7,3986009,0.1657595,True,False,1,3974,1
shrinking_split_b_decay_r2,shrinking,cost_model_cold,1303,0,8,3986009,0.0928914,True,False,6763,732,1
shrinking_split_b_decay_r2,shrinking,cost_model_warm,1303,0,9,3986009,0.0839548,True,False,5844,1172,1
shrinking_split_b_decay_r2,shrinking,T=60,1303,1,0,3986009,0.1065241,True,False,7776,227,1
shrinking_split_b_decay_r2,shrinking,T=100,1303,1,1,3986009,0.1221311,True,False,7443,393,1
shrinking_split_b_decay_r2,shrinking,T=150,1303,1,2,3986009,0.0842547,True,False,7031,601,1
shrinking_split_b_decay_r2,shrinking,T=250,1303,1,3,3986009,0.1061306,True,False,6177,1015,1
shrinking_split_b_decay_r2,shrinking,T=400,1303,1,4,3986009,0.1033707,True,False,4843,1637,1
shrinking_split_b_decay_r2,shrinking,T=600,1303,1,5,3986009,0.1131427,True,False,3132,2471,1
shrinking_split_b_decay_r2,shrinking,T=1000,1303,1,6,3986009,0.145082,True,False,1,3974,1
shrinking_split_b_decay_r2,shrinking,cost_model_cold,1303,1,7,3986009,0.0687152,True,False,6763,732,1
shrinking_split_b_decay_r2,shrinking,cost_model_warm,1303,1,8,3986009,0.078925,True,False,5844,1172,1
shrinking_split_b_decay_r2,shrinking,timing,1303,1,9,3986009,0.0700308,True,False,8226,2,2
shrinking_split_b_decay_r2,shrinking,T=100,1304,0,0,3986009,0.0875707,True,False,7477,393,1
shrinking_split_b_decay_r2,shrinking,T=150,1304,0,1,3986009,0.0937498,True,False,7046,598,1
shrinking_split_b_decay_r2,shrinking,T=250,1304,0,2,3986009,0.0904532,True,False,6190,1013,1
shrinking_split_b_decay_r2,shrinking,T=400,1304,0,3,3986009,0.064548,True,False,4893,1637,1
shrinking_split_b_decay_r2,shrinking,T=600,1304,0,4,3986009,0.1211062,True,False,3162,2468,1
shrinking_split_b_decay_r2,shrinking,T=1000,1304,0,5,3986009,0.1896863,True,False,1,3973,1
shrinking_split_b_decay_r2,shrinking,cost_model_cold,1304,0,6,3986009,0.1100666,True,False,6772,733,1
shrinking_split_b_decay_r2,shrinking,cost_model_warm,1304,0,7,3986009,0.1233968,True,False,5854,1175,1
shrinking_split_b_decay_r2,shrinking,timing,1304,0,8,3986009,0.122374,True,False,8132,2,2
shrinking_split_b_decay_r2,shrinking,T=60,1304,0,9,3986009,0.0977656,True,False,7834,226,1
shrinking_split_b_decay_r2,shrinking,T=150,1304,1,0,3986009,0.0958755,True,False,7046,598,1
shrinking_split_b_decay_r2,shrinking,T=250,1304,1,1,3986009,0.0877322,True,False,6190,1013,1
shrinking_split_b_decay_r2,shrinking,T=400,1304,1,2,3986009,0.1059093,True,False,4893,1637,1
shrinking_split_b_decay_r2,shrinking,T=600,1304,1,3,3986009,0.1242593,True,False,3162,2468,1
shrinking_split_b_decay_r2,shrinking,T=1000,1304,1,4,3986009,0.1832154,True,False,1,3973,1
shrinking_split_b_decay_r2,shrinking,cost_model_cold,1304,1,5,3986009,0.1161504,True,False,6772,733,1
shrinking_split_b_decay_r2,shrinking,cost_model_warm,1304,1,6,3986009,0.108069,True,False,5854,1175,1
shrinking_split_b_decay_r2,shrinking,timing,1304,1,7,3986009,0.113136,True,False,7692,236,4
shrinking_split_b_decay_r2,shrinking,T=60,1304,1,8,3986009,0.123719,True,False,7834,226,1
shrinking_split_b_decay_r2,shrinking,T=100,1304,1,9,3986009,0.1139819,True,False,7477,393,1
shrinking_split_b_decay_r2,shrinking,T=250,1305,0,0,3986009,0.1146229,True,False,6076,1014,1
shrinking_split_b_decay_r2,shrinking,T=400,1305,0,1,3986009,0.0790563,True,False,4800,1636,1
shrinking_split_b_decay_r2,shrinking,T=600,1305,0,2,3986009,0.0923143,True,False,3075,2466,1
shrinking_split_b_decay_r2,shrinking,T=1000,1305,0,3,3986009,0.1635206,True,False,1,3973,1
shrinking_split_b_decay_r2,shrinking,cost_model_cold,1305,0,4,3986009,0.0819299,True,False,6676,736,1
shrinking_split_b_decay_r2,shrinking,cost_model_warm,1305,0,5,3986009,0.0815247,True,False,5748,1175,1
shrinking_split_b_decay_r2,shrinking,timing,1305,0,6,3986009,0.0784262,True,False,5438,1341,3
shrinking_split_b_decay_r2,shrinking,T=60,1305,0,7,3986009,0.0588017,True,False,7718,226,1
shrinking_split_b_decay_r2,shrinking,T=100,1305,0,8,3986009,0.0682414,True,False,7376,391,1
shrinking_split_b_decay_r2,shrinking,T=150,1305,0,9,3986009,0.0759122,True,False,6952,601,1
shrinking_split_b_decay_r2,shrinking,T=400,1305,1,0,3986009,0.1133678,True,False,4800,1636,1
shrinking_split_b_decay_r2,shrinking,T=600,1305,1,1,3986009,0.1015412,True,False,3075,2466,1
shrinking_split_b_decay_r2,shrinking,T=1000,1305,1,2,3986009,0.2034317,True,False,1,3973,1
shrinking_split_b_decay_r2,shrinking,cost_model_cold,1305,1,3,3986009,0.098804,True,False,6676,736,1
shrinking_split_b_decay_r2,shrinking,cost_model_warm,1305,1,4,3986009,0.0730087,True,False,5748,1175,1
shrinking_split_b_decay_r2,shrinking,timing,1305,1,5,3986009,0.0972439,True,False,8222,2,2
shrinking_split_b_decay_r2,shrinking,T=60,1305,1,6,3986009,0.0808595,True,False,7718,226,1
shrinking_split_b_decay_r2,shrinking,T=100,1305,1,7,3986009,0.089304,True,False,7376,391,1
shrinking_split_b_decay_r2,shrinking,T=150,1305,1,8,3986009,0.0888474,True,False,6952,601,1
shrinking_split_b_decay_r2,shrinking,T=250,1305,1,9,3986009,0.0726318,True,False,6076,1014,1
shrinking_split_b_decay_r2,shrinking,T=600,1306,0,0,3986009,0.0788753,True,False,3115,2466,1
shrinking_split_b_decay_r2,shrinking,T=1000,1306,0,1,3986009,0.1441643,True,False,1,3976,1
shrinking_split_b_decay_r2,shrinking,cost_model_cold,1306,0,2,3986009,0.0713926,True,False,6720,734,1
shrinking_split_b_decay_r2,shrinking,cost_model_warm,1306,0,3,3986009,0.0805769,True,False,5808,1174,1
shrinking_split_b_decay_r2,shrinking,timing,1306,0,4,3986009,0.109202,True,False,8121,2,2
shrinking_split_b_decay_r2,shrinking,T=60,1306,0,5,3986009,0.0841861,True,False,7726,226,1
shrinking_split_b_decay_r2,shrinking,T=100,1306,0,6,3986009,0.097265,True,False,7403,393,1
shrinking_split_b_decay_r2,shrinking,T=150,1306,0,7,3986009,0.10722,True,False,6997,603,1
shrinking_split_b_decay_r2,shrinking,T=250,1306,0,8,3986009,0.112546,True,False,6135,1018,1
shrinking_split_b_decay_r2,shrinking,T=400,1306,0,9,3986009,0.0775589,True,False,4819,1638,1
shrinking_split_b_decay_r2,shrinking,T=1000,1306,1,0,3986009,0.1692539,True,False,1,3976,1
shrinking_split_b_decay_r2,shrinking,cost_model_cold,1306,1,1,3986009,0.0863696,True,False,6720,734,1
shrinking_split_b_decay_r2,shrinking,cost_model_warm,1306,1,2,3986009,0.0700944,True,False,5808,1174,1
shrinking_split_b_decay_r2,shrinking,timing,1306,1,3,3986009,0.0966207,True,False,8121,2,2
shrinking_split_b_decay_r2,shrinking,T=60,1306,1,4,3986009,0.0916734,True,False,7726,226,1
shrinking_split_b_decay_r2,shrinking,T=100,1306,1,5,3986009,0.0920502,True,False,7403,393,1
shrinking_split_b_decay_r2,shrinking,T=150,1306,1,6,3986009,0.0868404,True,False,6997,603,1
shrinking_split_b_decay_r2,shrinking,T=250,1306,1,7,3986009,0.0723078,True,False,6135,1018,1
shrinking_split_b_decay_r2,shrinking,T=400,1306,1,8,3986009,0.0776054,True,False,4819,1638,1
shrinking_split_b_decay_r2,shrinking,T=600,1306,1,9,3986009,0.0900697,True,False,3115,2466,1
shrinking_b_decay_channels_1_r05,branch_count,cost_model_cold,1301,0,0,383067,0.017451,True,False,912,799,1
shrinking_b_decay_channels_1_r05,branch_count,cost_model_warm,1301,0,1,383067,0.0116499,True,False,1,1238,1
shrinking_b_decay_channels_1_r05,branch_count,timing,1301,0,2,383067,0.0179984,True,False,1300,615,3
shrinking_b_decay_channels_1_r05,branch_count,T=60,1301,0,3,383067,0.0216496,True,False,2036,244,1
shrinking_b_decay_channels_1_r05,branch_count,T=100,1301,0,4,383067,0.0163464,True,False,1696,416,1
shrinking_b_decay_channels_1_r05,branch_count,T=150,1301,0,5,383067,0.0138598,True,False,1282,618,1
shrinking_b_decay_channels_1_r05,branch_count,T=250,1301,0,6,383067,0.0100517,True,False,424,1036,1
shrinking_b_decay_channels_1_r05,branch_count,T=400,1301,0,7,383067,0.008466,True,False,1,1238,1
shrinking_b_decay_channels_1_r05,branch_count,T=600,1301,0,8,383067,0.0112072,True,False,1,1238,1
shrinking_b_decay_channels_1_r05,branch_count,T=1000,1301,0,9,383067,0.0169546,True,False,1,1238,1
shrinking_b_decay_channels_1_r05,branch_count,cost_model_warm,1301,1,0,383067,0.011954,True,False,1,1238,1
shrinking_b_decay_channels_1_r05,branch_count,timing,1301,1,1,383067,0.0219889,True,False,2556,2,2
shrinking_b_decay_channels_1_r05,branch_count,T=60,1301,1,2,383067,0.028031,True,False,2036,244,1
shrinking_b_decay_channels_1_r05,branch_count,T=100,1301,1,3,383067,0.0264499,True,False,1696,416,1
shrinking_b_decay_channels_1_r05,branch_count,T=150,1301,1,4,383067,0.020663,True,False,1282,618,1
shrinking_b_decay_channels_1_r05,branch_count,T=250,1301,1,5,383067,0.0152272,True,False,424,1036,1
shrinking_b_decay_channels_1_r05,branch_count,T=400,1301,1,6,383067,0.0193662,True,False,1,1238,1
shrinking_b_decay_channels_1_r05,branch_count,T=600,1301,1,7,383067,0.0232987,True,False,1,1238,1
shrinking_b_decay_channels_1_r05,branch_count,T=1000,1301,1,8,383067,0.0148548,True,False,1,1238,1
shrinking_b_decay_channels_1_r05,branch_count,cost_model_cold,1301,1,9,383067,0.0171645,True,False,912,799,1
shrinking_b_decay_channels_1_r05,branch_count,timing,1302,0,0,383067,0.0178854,True,False,1481,502,3
shrinking_b_decay_channels_1_r05,branch_count,T=60,1302,0,1,383067,0.0221041,True,False,2039,246,1
shrinking_b_decay_channels_1_r05,branch_count,T=100,1302,0,2,383067,0.0155485,True,False,1701,411,1
shrinking_b_decay_channels_1_r05,branch_count,T=150,1302,0,3,383067,0.0204724,True,False,1276,620,1
shrinking_b_decay_channels_1_r05,branch_count,T=250,1302,0,4,383067,0.011967,True,False,410,1034,1
shrinking_b_decay_channels_1_r05,branch_count,T=400,1302,0,5,383067,0.0190565,True,False,1,1240,1
shrinking_b_decay_channels_1_r05,branch_count,T=600,1302,0,6,383067,0.010708,True,False,1,1240,1
shrinking_b_decay_channels_1_r05,branch_count,T=1000,1302,0,7,383067,0.011969,True,False,1,1240,1
shrinking_b_decay_channels_1_r05,branch_count,cost_model_cold,1302,0,8,383067,0.0116721,True,False,889,799,1
shrinking_b_decay_channels_1_r05,branch_count,cost_model_warm,1302,0,9,383067,0.0095784,True,False,1,1240,1
shrinking_b_decay_channels_1_r05,branch_count,T=60,1302,1,0,383067,0.0167644,True,False,2039,246,1
shrinking_b_decay_channels_1_r05,branch_count,T=100,1302,1,1,383067,0.0161644,True,False,1701,411,1
shrinking_b_decay_channels_1_r05,branch_count,T=150,1302,1,2,383067,0.0119817,True,False,1276,620,1
shrinking_b_decay_channels_1_r05,branch_count,T=250,1302,1,3,383067,0.0079983,True,False,410,1034,1
shrinking_b_decay_channels_1_r05,branch_count,T=400,1302,1,4,383067,0.00876,True,False,1,1240,1
shrinking_b_decay_channels_1_r05,branch_count,T=600,1302,1,5,383067,0.0089866,True,False,1,1240,1
shrinking_b_decay_channels_1_r05,branch_count,T=1000,1302,1,6,383067,0.0085633,True,False,1,1240,1
shrinking_b_decay_channels_1_r05,branch_count,cost_model_cold,1302,1,7,383067,0.0157842,True,False,889,799,1
shrinking_b_decay_channels_1_r05,branch_count,cost_model_warm,1302,1,8,383067,0.0157304,True,False,1,1240,1
shrinking_b_decay_channels_1_r05,branch_count,timing,1302,1,9,383067,0.0209863,True,False,2499,2,2
shrinking_b_decay_channels_1_r05,branch_count,T=100,1303,0,0,383067,0.0161616,True,False,1687,411,1
shrinking_b_decay_channels_1_r05,branch_count,T=150,1303,0,1,383067,0.0175507,True,False,1261,619,1
shrinking_b_decay_channels_1_r05,branch_count,T=250,1303,0,2,383067,0.0137863,True,False,413,1031,1
shrinking_b_decay_channels_1_r05,branch_count,T=400,1303,0,3,383067,0.016341,True,False,1,1242,1
shrinking_b_decay_channels_1_r05,branch_count,T=600,1303,0,4,383067,0.0120641,True,False,1,1242,1
shrinking_b_decay_channels_1_r05,branch_count,T=1000,1303,0,5,383067,0.0084244,True,False,1,1242,1
shrinking_b_decay_channels_1_r05,branch_count,cost_model_cold,1303,0,6,383067,0.0099694,True,False,884,802,1
shrinking_b_decay_channels_1_r05,branch_count,cost_model_warm,1303,0,7,383067,0.0093936,True,False,1,1242,1
shrinking_b_decay_channels_1_r05,branch_count,timing,1303,0,8,383067,0.0156163,True,False,2505,19,4
shrinking_b_decay_channels_1_r05,branch_count,T=60,1303,0,9,383067,0.0243697,True,False,2030,244,1
shrinking_b_decay_channels_1_r05,branch_count,T=150,1303,1,0,383067,0.0167589,True,False,1261,619,1
shrinking_b_decay_channels_1_r05,branch_count,T=250,1303,1,1,383067,0.0102909,True,False,413,1031,1
shrinking_b_decay_channels_1_r05,branch_count,T=400,1303,1,2,383067,0.0089242,True,False,1,1242,1
shrinking_b_decay_channels_1_r05,branch_count,T=600,1303,1,3,383067,0.0086232,True,False,1,1242,1
shrinking_b_decay_channels_1_r05,branch_count,T=1000,1303,1,4,383067,0.0111457,True,False,1,1242,1
shrinking_b_decay_channels_1_r05,branch_count,cost_model_cold,1303,1,5,383067,0.0164692,True,False,884,802,1
shrinking_b_decay_channels_1_r05,branch_count,cost_model_warm,1303,1,6,383067,0.0105302,True,False,1,1242,1
shrinking_b_decay_channels_1_r05,branch_count,timing,1303,1,7,383067,0.0131043,True,False,915,805,5
shrinking_b_decay_channels_1_r05,branch_count,T=60,1303,1,8,383067,0.0189036,True,False,2030,244,1
shrinking_b_decay_channels_1_r05,branch_count,T=100,1303,1,9,383067,0.016885,True,False,1687,411,1
shrinking_b_decay_channels_1_r05,branch_count,T=250,1304,0,0,383067,0.0121088,True,False,429,1030,1
shrinking_b_decay_channels_1_r05,branch_count,T=400,1304,0,1,383067,0.0131579,True,False,1,1236,1
shrinking_b_decay_channels_1_r05,branch_count,T=600,1304,0,2,383067,0.0142302,True,False,1,1236,1
shrinking_b_decay_channels_1_r05,branch_count,T=1000,1304,0,3,383067,0.0132414,True,False,1,1236,1
shrinking_b_decay_channels_1_r05,branch_count,cost_model_cold,1304,0,4,383067,0.0174311,True,False,909,799,1
shrinking_b_decay_channels_1_r05,branch_count,cost_model_warm,1304,0,5,383067,0.010186,True,False,1,1236,1
shrinking_b_decay_channels_1_r05,branch_count,timing,1304,0,6,383067,0.0113662,True,False,831,828,3
shrinking_b_decay_channels_1_r05,branch_count,T=60,1304,0,7,383067,0.0217607,True,False,2063,248,1
shrinking_b_decay_channels_1_r05,branch_count,T=100,1304,0,8,383067,0.0169865,True,False,1726,409,1
shrinking_b_decay_channels_1_r05,branch_count,T=150,1304,0,9,383067,0.0230702,True,False,1296,620,1
shrinking_b_decay_channels_1_r05,branch_count,T=400,1304,1,0,383067,0.0114228,True,False,1,1236,1
shrinking_b_decay_channels_1_r05,branch_count,T=600,1304,1,1,383067,0.0096717,True,False,1,1236,1
shrinking_b_decay_channels_1_r05,branch_count,T=1000,1304,1,2,383067,0.0085455,True,False,1,1236,1
shrinking_b_decay_channels_1_r05,branch_count,cost_model_cold,1304,1,3,383067,0.0111591,True,False,909,799,1
shrinking_b_decay_channels_1_r05,branch_count,cost_model_warm,1304,1,4,383067,0.0088914,True,False,1,1236,1
shrinking_b_decay_channels_1_r05,branch_count,timing,1304,1,5,383067,0.0185887,True,False,2516,2,2
shrinking_b_decay_channels_1_r05,branch_count,T=60,1304,1,6,383067,0.0189993,True,False,2063,248,1
shrinking_b_decay_channels_1_r05,branch_count,T=100,1304,1,7,383067,0.0226876,True,False,1726,409,1
shrinking_b_decay_channels_1_r05,branch_count,T=150,1304,1,8,383067,0.0129539,True,False,1296,620,1
shrinking_b_decay_channels_1_r05,branch_count,T=250,1304,1,9,383067,0.014985,True,False,429,1030,1
shrinking_b_decay_channels_1_r05,branch_count,T=600,1305,0,0,383067,0.0133336,True,False,1,1240,1
shrinking_b_decay_channels_1_r05,branch_count,T=1000,1305,0,1,383067,0.0115038,True,False,1,1240,1
shrinking_b_decay_channels_1_r05,branch_count,cost_model_cold,1305,0,2,383067,0.0201496,True,False,905,798,1
shrinking_b_decay_channels_1_r05,branch_count,cost_model_warm,1305,0,3,383067,0.0138205,True,False,1,1240,1
shrinking_b_decay_channels_1_r05,branch_count,timing,1305,0,4,383067,0.0187235,True,False,2048,234,4
shrinking_b_decay_channels_1_r05,branch_count,T=60,1305,0,5,383067,0.0156678,True,False,2064,240,1
shrinking_b_decay_channels_1_r05,branch_count,T=100,1305,0,6,383067,0.0151216,True,False,1708,413,1
shrinking_b_decay_channels_1_r05,branch_count,T=150,1305,0,7,383067,0.0110893,True,False,1279,619,1
shrinking_b_decay_channels_1_r05,branch_count,T=250,1305,0,8,383067,0.0111443,True,False,415,1029,1
shrinking_b_decay_channels_1_r05,branch_count,T=400,1305,0,9,383067,0.011997,True,False,1,1240,1
shrinking_b_decay_channels_1_r05,branch_count,T=1000,1305,1,0,383067,0.010438,True,False,1,1240,1
shrinking_b_decay_channels_1_r05,branch_count,cost_model_cold,1305,1,1,383067,0.0119633,True,False,905,798,1
shrinking_b_decay_channels_1_r05,branch_count,cost_model_warm,1305,1,2,383067,0.0110083,True,False,1,1240,1
shrinking_b_decay_channels_1_r05,branch_count,timing,1305,1,3,383067,0.0094011,True,False,349,1055,3
shrinking_b_decay_channels_1_r05,branch_count,T=60,1305,1,4,383067,0.0209418,True,False,2064,240,1
shrinking_b_decay_channels_1_r05,branch_count,T=100,1305,1,5,383067,0.0182031,True,False,1708,413,1
shrinking_b_decay_channels_1_r05,branch_count,T=150,1305,1,6,383067,0.0124588,True,False,1279,619,1
shrinking_b_decay_channels_1_r05,branch_count,T=250,1305,1,7,383067,0.0154506,True,False,415,1029,1
shrinking_b_decay_channels_1_r05,branch_count,T=400,1305,1,8,383067,0.0118732,True,False,1,1240,1
shrinking_b_decay_channels_1_r05,branch_count,T=600,1305,1,9,383067,0.0089872,True,False,1,1240,1
shrinking_b_decay_channels_1_r05,branch_count,cost_model_cold,1306,0,0,383067,0.0190763,True,False,924,800,1
shrinking_b_decay_channels_1_r05,branch_count,cost_model_warm,1306,0,1,383067,0.0170052,True,False,1,1241,1
shrinking_b_decay_channels_1_r05,branch_count,timing,1306,0,2,383067,0.0239912,True,False,717,894,3
shrinking_b_decay_channels_1_r05,branch_count,T=60,1306,0,3,383067,0.0149349,True,False,2048,246,1
shrinking_b_decay_channels_1_r05,branch_count,T=100,1306,0,4,383067,0.0200002,True,False,1720,408,1
shrinking_b_decay_channels_1_r05,branch_count,T=150,1306,0,5,383067,0.0149449,True,False,1288,619,1
shrinking_b_decay_channels_1_r05,branch_count,T=250,1306,0,6,383067,0.012213,True,False,432,1035,1
shrinking_b_decay_channels_1_r05,branch_count,T=400,1306,0,7,383067,0.0117121,True,False,1,1241,1
shrinking_b_decay_channels_1_r05,branch_count,T=600,1306,0,8,383067,0.0130451,True,False,1,1241,1
shrinking_b_decay_channels_1_r05,branch_count,T=1000,1306,0,9,383067,0.0098706,True,False,1,1241,1
shrinking_b_decay_channels_1_r05,branch_count,cost_model_warm,1306,1,0,383067,0.0155057,True,False,1,1241,1
shrinking_b_decay_channels_1_r05,branch_count,timing,1306,1,1,383067,0.0282126,True,False,2558,2,2
shrinking_b_decay_channels_1_r05,branch_count,T=60,1306,1,2,383067,0.018911,True,False,2048,246,1
shrinking_b_decay_channels_1_r05,branch_count,T=100,1306,1,3,383067,0.019234,True,False,1720,408,1
shrinking_b_decay_channels_1_r05,branch_count,T=150,1306,1,4,383067,0.0186639,True,False,1288,619,1
shrinking_b_decay_channels_1_r05,branch_count,T=250,1306,1,5,383067,0.0108987,True,False,432,1035,1
shrinking_b_decay_channels_1_r05,branch_count,T=400,1306,1,6,383067,0.0114641,True,False,1,1241,1
shrinking_b_decay_channels_1_r05,branch_count,T=600,1306,1,7,383067,0.0124973,True,False,1,1241,1
shrinking_b_decay_channels_1_r05,branch_count,T=1000,1306,1,8,383067,0.0181905,True,False,1,1241,1
shrinking_b_decay_channels_1_r05,branch_count,cost_model_cold,1306,1,9,383067,0.0192803,True,False,924,800,1
shrinking_b_decay_channels_1_r1,branch_count,timing,1301,0,0,1532269,0.0676484,True,False,5057,2,2
shrinking_b_decay_channels_1_r1,branch_count,T=60,1301,0,1,1532269,0.052056,True,False,4583,236,1
shrinking_b_decay_channels_1_r1,branch_count,T=100,1301,0,2,1532269,0.0404883,True,False,4240,404,1
shrinking_b_decay_channels_1_r1,branch_count,T=150,1301,0,3,1532269,0.0494561,True,False,3810,611,1
shrinking_b_decay_channels_1_r1,branch_count,T=250,1301,0,4,1532269,0.0463338,True,False,2953,1025,1
shrinking_b_decay_channels_1_r1,branch_count,T=400,1301,0,5,1532269,0.038316,True,False,1694,1644,1
shrinking_b_decay_channels_1_r1,branch_count,T=600,1301,0,6,1532269,0.0454891,True,False,1,2468,1
shrinking_b_decay_channels_1_r1,branch_count,T=1000,1301,0,7,1532269,0.0582444,True,False,1,2468,1
shrinking_b_decay_channels_1_r1,branch_count,cost_model_cold,1301,0,8,1532269,0.0353426,True,False,3439,793,1
shrinking_b_decay_channels_1_r1,branch_count,cost_model_warm,1301,0,9,1532269,0.0307933,True,False,2469,1262,1
shrinking_b_decay_channels_1_r1,branch_count,T=60,1301,1,0,1532269,0.0328564,True,False,4583,236,1
shrinking_b_decay_channels_1_r1,branch_count,T=100,1301,1,1,1532269,0.0413619,True,False,4240,404,1
shrinking_b_decay_channels_1_r1,branch_count,T=150,1301,1,2,1532269,0.0389022,True,False,3810,611,1
shrinking_b_decay_channels_1_r1,branch_count,T=250,1301,1,3,1532269,0.0357764,True,False,2953,1025,1
shrinking_b_decay_channels_1_r1,branch_count,T=400,1301,1,4,1532269,0.0414237,True,False,1694,1644,1
shrinking_b_decay_channels_1_r1,branch_count,T=600,1301,1,5,1532269,0.0433133,True,False,1,2468,1
shrinking_b_decay_channels_1_r1,branch_count,T=1000,1301,1,6,1532269,0.0385931,True,False,1,2468,1
shrinking_b_decay_channels_1_r1,branch_count,cost_model_cold,1301,1,7,1532269,0.0347167,True,False,3439,793,1
shrinking_b_decay_channels_1_r1,branch_count,cost_model_warm,1301,1,8,1532269,0.0380562,True,False,2469,1262,1
shrinking_b_decay_channels_1_r1,branch_count,timing,1301,1,9,1532269,0.0495508,True,False,5057,2,2
shrinking_b_decay_channels_1_r1,branch_count,T=100,1302,0,0,1532269,0.0459093,True,False,4261,403,1
shrinking_b_decay_channels_1_r1,branch_count,T=150,1302,0,1,1532269,0.0314308,True,False,3827,607,1
shrinking_b_decay_channels_1_r1,branch_count,T=250,1302,0,2,1532269,0.0346365,True,False,2982,1026,1
shrinking_b_decay_channels_1_r1,branch_count,T=400,1302,0,3,1532269,0.0319545,True,False,1704,1651,1
shrinking_b_decay_channels_1_r1,branch_count,T=600,1302,0,4,1532269,0.0406765,True,False,1,2470,1
shrinking_b_decay_channels_1_r1,branch_count,T=1000,1302,0,5,1532269,0.0408791,True,False,1,2470,1
shrinking_b_decay_channels_1_r1,branch_count,cost_model_cold,1302,0,6,1532269,0.035271,True,False,3462,791,1
shrinking_b_decay_channels_1_r1,branch_count,cost_model_warm,1302,0,7,1532269,0.0343438,True,False,2485,1261,1
shrinking_b_decay_channels_1_r1,branch_count,timing,1302,0,8,1532269,0.041747,True,False,5090,2,2
shrinking_b_decay_channels_1_r1,branch_count,T=60,1302,0,9,1532269,0.0323359,True,False,4607,237,1
shrinking_b_decay_channels_1_r1,branch_count,T=150,1302,1,0,1532269,0.0405874,True,False,3827,607,1
shrinking_b_decay_channels_1_r1,branch_count,T=250,1302,1,1,1532269,0.0316212,True,False,2982,1026,1
shrinking_b_decay_channels_1_r1,branch_count,T=400,1302,1,2,1532269,0.0314942,True,False,1704,1651,1
shrinking_b_decay_channels_1_r1,branch_count,T=600,1302,1,3,1532269,0.0574336,True,False,1,2470,1
shrinking_b_decay_channels_1_r1,branch_count,T=1000,1302,1,4,1532269,0.0407066,True,False,1,2470,1
shrinking_b_decay_channels_1_r1,branch_count,cost_model_cold,1302,1,5,1532269,0.0577017,True,False,3462,791,1
shrinking_b_decay_channels_1_r1,branch_count,cost_model_warm,1302,1,6,1532269,0.0637536,True,False,2485,1261,1
shrinking_b_decay_channels_1_r1,branch_count,timing,1302,1,7,1532269,0.075829,True,False,5090,2,2
shrinking_b_decay_channels_1_r1,branch_count,T=60,1302,1,8,1532269,0.0459907,True,False,4607,237,1
shrinking_b_decay_channels_1_r1,branch_count,T=100,1302,1,9,1532269,0.0449214,True,False,4261,403,1
shrinking_b_decay_channels_1_r1,branch_count,T=250,1303,0,0,1532269,0.0439477,True,False,3003,1021,1
shrinking_b_decay_channels_1_r1,branch_count,T=400,1303,0,1,1532269,0.0641243,True,False,1701,1645,1
shrinking_b_decay_channels_1_r1,branch_count,T=600,1303,0,2,1532269,0.077915,True,False,1,2472,1
shrinking_b_decay_channels_1_r1,branch_count,T=1000,1303,0,3,1532269,0.0813661,True,False,1,2472,1
shrinking_b_decay_channels_1_r1,branch_count,cost_model_cold,1303,0,4,1532269,0.0470547,True,False,3494,789,1
shrinking_b_decay_channels_1_r1,branch_count,cost_model_warm,1303,0,5,1532269,0.0391296,True,False,2496,1264,1
shrinking_b_decay_channels_1_r1,branch_count,timing,1303,0,6,1532269,0.0590197,True,False,5079,2,2
shrinking_b_decay_channels_1_r1,branch_count,T=60,1303,0,7,1532269,0.0415985,True,False,4624,232,1
shrinking_b_decay_channels_1_r1,branch_count,T=100,1303,0,8,1532269,0.0477369,True,False,4272,403,1
shrinking_b_decay_channels_1_r1,branch_count,T=150,1303,0,9,1532269,0.0394639,True,False,3858,613,1
shrinking_b_decay_channels_1_r1,branch_count,T=400,1303,1,0,1532269,0.0297962,True,False,1701,1645,1
shrinking_b_decay_channels_1_r1,branch_count,T=600,1303,1,1,1532269,0.0362945,True,False,1,2472,1
shrinking_b_decay_channels_1_r1,branch_count,T=1000,1303,1,2,1532269,0.0344886,True,False,1,2472,1
shrinking_b_decay_channels_1_r1,branch_count,cost_model_cold,1303,1,3,1532269,0.0550505,True,False,3494,789,1
shrinking_b_decay_channels_1_r1,branch_count,cost_model_warm,1303,1,4,1532269,0.0407249,True,False,2496,1264,1
shrinking_b_decay_channels_1_r1,branch_count,timing,1303,1,5,1532269,0.0600418,True,False,5104,6,4
shrinking_b_decay_channels_1_r1,branch_count,T=60,1303,1,6,1532269,0.0503358,True,False,4624,232,1
shrinking_b_decay_channels_1_r1,branch_count,T=100,1303,1,7,1532269,0.0509739,True,False,4272,403,1
shrinking_b_decay_channels_1_r1,branch_count,T=150,1303,1,8,1532269,0.0368574,True,False,3858,613,1
shrinking_b_decay_channels_1_r1,branch_count,T=250,1303,1,9,1532269,0.0333812,True,False,3003,1021,1
shrinking_b_decay_channels_1_r1,branch_count,T=600,1304,0,0,1532269,0.0455115,True,False,1,2469,1
shrinking_b_decay_channels_1_r1,branch_count,T=1000,1304,0,1,1532269,0.0441352,True,False,1,2469,1
shrinking_b_decay_channels_1_r1,branch_count,cost_model_cold,1304,0,2,1532269,0.0427253,True,False,3456,799,1
shrinking_b_decay_channels_1_r1,branch_count,cost_model_warm,1304,0,3,1532269,0.0413692,True,False,2474,1260,1
shrinking_b_decay_channels_1_r1,branch_count,timing,1304,0,4,1532269,0.03398,True,False,954,2016,3
shrinking_b_decay_channels_1_r1,branch_count,T=60,1304,0,5,1532269,0.0354817,True,False,4593,235,1
shrinking_b_decay_channels_1_r1,branch_count,T=100,1304,0,6,1532269,0.0354096,True,False,4257,406,1
shrinking_b_decay_channels_1_r1,branch_count,T=150,1304,0,7,1532269,0.0395546,True,False,3834,609,1
shrinking_b_decay_channels_1_r1,branch_count,T=250,1304,0,8,1532269,0.0413976,True,False,2973,1023,1
shrinking_b_decay_channels_1_r1,branch_count,T=400,1304,0,9,1532269,0.0434724,True,False,1686,1650,1
shrinking_b_decay_channels_1_r1,branch_count,T=1000,1304,1,0,1532269,0.0445453,True,False,1,2469,1
shrinking_b_decay_channels_1_r1,branch_count,cost_model_cold,1304,1,1,1532269,0.0441667,True,False,3456,799,1
shrinking_b_decay_channels_1_r1,branch_count,cost_model_warm,1304,1,2,1532269,0.0372779,True,False,2474,1260,1
shrinking_b_decay_channels_1_r1,branch_count,timing,1304,1,3,1532269,0.0389625,True,False,5117,2,2
shrinking_b_decay_channels_1_r1,branch_count,T=60,1304,1,4,1532269,0.0438059,True,False,4593,235,1
shrinking_b_decay_channels_1_r1,branch_count,T=100,1304,1,5,1532269,0.0436231,True,False,4257,406,1
shrinking_b_decay_channels_1_r1,branch_count,T=150,1304,1,6,1532269,0.0423207,True,False,3834,609,1
shrinking_b_decay_channels_1_r1,branch_count,T=250,1304,1,7,1532269,0.0483509,True,False,2973,1023,1
shrinking_b_decay_channels_1_r1,branch_count,T=400,1304,1,8,1532269,0.0400077,True,False,1686,1650,1
shrinking_b_decay_channels_1_r1,branch_count,T=600,1304,1,9,1532269,0.0564602,True,False,1,2469,1
shrinking_b_decay_channels_1_r1,branch_count,cost_model_cold,1305,0,0,1532269,0.0383176,True,False,3434,792,1
shrinking_b_decay_channels_1_r1,branch_count,cost_model_warm,1305,0,1,1532269,0.0424208,True,False,2469,1263,1
shrinking_b_decay_channels_1_r1,branch_count,timing,1305,0,2,1532269,0.0419914,True,False,3329,854,3
shrinking_b_decay_channels_1_r1,branch_count,T=60,1305,0,3,1532269,0.0434253,True,False,4560,235,1
shrinking_b_decay_channels_1_r1,branch_count,T=100,1305,0,4,1532269,0.049533,True,False,4232,405,1
shrinking_b_decay_channels_1_r1,branch_count,T=150,1305,0,5,1532269,0.0451628,True,False,3796,611,1
shrinking_b_decay_channels_1_r1,branch_count,T=250,1305,0,6,1532269,0.0423487,True,False,2968,1029,1
shrinking_b_decay_channels_1_r1,branch_count,T=400,1305,0,7,1532269,0.0324302,True,False,1664,1650,1
shrinking_b_decay_channels_1_r1,branch_count,T=600,1305,0,8,1532269,0.0321987,True,False,1,2470,1
shrinking_b_decay_channels_1_r1,branch_count,T=1000,1305,0,9,1532269,0.0332583,True,False,1,2470,1
shrinking_b_decay_channels_1_r1,branch_count,cost_model_warm,1305,1,0,1532269,0.0339877,True,False,2469,1263,1
shrinking_b_decay_channels_1_r1,branch_count,timing,1305,1,1,1532269,0.0496235,True,False,5049,4,4
shrinking_b_decay_channels_1_r1,branch_count,T=60,1305,1,2,1532269,0.0665596,True,False,4560,235,1
shrinking_b_decay_channels_1_r1,branch_count,T=100,1305,1,3,1532269,0.048285,True,False,4232,405,1
shrinking_b_decay_channels_1_r1,branch_count,T=150,1305,1,4,1532269,0.0377326,True,False,3796,611,1
shrinking_b_decay_channels_1_r1,branch_count,T=250,1305,1,5,1532269,0.0465954,True,False,2968,1029,1
shrinking_b_decay_channels_1_r1,branch_count,T=400,1305,1,6,1532269,0.0417893,True,False,1664,1650,1
shrinking_b_decay_channels_1_r1,branch_count,T=600,1305,1,7,1532269,0.0347116,True,False,1,2470,1
shrinking_b_decay_channels_1_r1,branch_count,T=1000,1305,1,8,1532269,0.0541874,True,False,1,2470,1
shrinking_b_decay_channels_1_r1,branch_count,cost_model_cold,1305,1,9,1532269,0.035605,True,False,3434,792,1
shrinking_b_decay_channels_1_r1,branch_count,timing,1306,0,0,1532269,0.0535494,True,False,5040,2,2
shrinking_b_decay_channels_1_r1,branch_count,T=60,1306,0,1,1532269,0.0495158,True,False,4582,237,1
shrinking_b_decay_channels_1_r1,branch_count,T=100,1306,0,2,1532269,0.047782,True,False,4246,402,1
shrinking_b_decay_channels_1_r1,branch_count,T=150,1306,0,3,1532269,0.0403825,True,False,3808,610,1
shrinking_b_decay_channels_1_r1,branch_count,T=250,1306,0,4,1532269,0.0279663,True,False,2990,1024,1
shrinking_b_decay_channels_1_r1,branch_count,T=400,1306,0,5,1532269,0.0382178,True,False,1697,1649,1
shrinking_b_decay_channels_1_r1,branch_count,T=600,1306,0,6,1532269,0.0501106,True,False,1,2468,1
shrinking_b_decay_channels_1_r1,branch_count,T=1000,1306,0,7,1532269,0.0393717,True,False,1,2468,1
shrinking_b_decay_channels_1_r1,branch_count,cost_model_cold,1306,0,8,1532269,0.0367514,True,False,3443,792,1
shrinking_b_decay_channels_1_r1,branch_count,cost_model_warm,1306,0,9,1532269,0.02632,True,False,2487,1262,1
shrinking_b_decay_channels_1_r1,branch_count,T=60,1306,1,0,1532269,0.0312344,True,False,4582,237,1
shrinking_b_decay_channels_1_r1,branch_count,T=100,1306,1,1,1532269,0.0338422,True,False,4246,402,1
shrinking_b_decay_channels_1_r1,branch_count,T=150,1306,1,2,1532269,0.032142,True,False,3808,610,1
shrinking_b_decay_channels_1_r1,branch_count,T=250,1306,1,3,1532269,0.0341,True,False,2990,1024,1
shrinking_b_decay_channels_1_r1,branch_count,T=400,1306,1,4,1532269,0.0354633,True,False,1697,1649,1
shrinking_b_decay_channels_1_r1,branch_count,T=600,1306,1,5,1532269,0.0390096,True,False,1,2468,1
shrinking_b_decay_channels_1_r1,branch_count,T=1000,1306,1,6,1532269,0.0466458,True,False,1,2468,1
shrinking_b_decay_channels_1_r1,branch_count,cost_model_cold,1306,1,7,1532269,0.0433103,True,False,3443,792,1
shrinking_b_decay_channels_1_r1,branch_count,cost_model_warm,1306,1,8,1532269,0.0374483,True,False,2487,1262,1
shrinking_b_decay_channels_1_r1,branch_count,timing,1306,1,9,1532269,0.0708651,True,False,5040,2,2
shrinking_b_decay_channels_1_r2,branch_count,T=100,1301,0,0,6129079,0.0961571,True,False,9375,382,1
shrinking_b_decay_channels_1_r2,branch_count,T=150,1301,0,1,6129079,0.0992428,True,False,8946,594,1
shrinking_b_decay_channels_1_r2,branch_count,T=250,1301,0,2,6129079,0.0933817,True,False,8090,1009,1
shrinking_b_decay_channels_1_r2,branch_count,T=400,1301,0,3,6129079,0.0919172,True,False,6793,1630,1
shrinking_b_decay_channels_1_r2,branch_count,T=600,1301,0,4,6129079,0.0969474,True,False,5095,2459,1
shrinking_b_decay_channels_1_r2,branch_count,T=1000,1301,0,5,6129079,0.137021,True,False,1694,4115,1
shrinking_b_decay_channels_1_r2,branch_count,cost_model_cold,1301,0,6,6129079,0.0788606,True,False,8559,774,1
shrinking_b_decay_channels_1_r2,branch_count,cost_model_warm,1301,0,7,6129079,0.0753856,True,False,7573,1243,1
shrinking_b_decay_channels_1_r2,branch_count,timing,1301,0,8,6129079,0.0993071,True,False,10077,7,6
shrinking_b_decay_channels_1_r2,branch_count,T=60,1301,0,9,6129079,0.1126651,True,False,9725,219,1
shrinking_b_decay_channels_1_r2,branch_count,T=150,1301,1,0,6129079,0.1030015,True,False,8946,594,1
shrinking_b_decay_channels_1_r2,branch_count,T=250,1301,1,1,6129079,0.1426476,True,False,8090,1009,1
shrinking_b_decay_channels_1_r2,branch_count,T=400,1301,1,2,6129079,0.1388154,True,False,6793,1630,1
shrinking_b_decay_channels_1_r2,branch_count,T=600,1301,1,3,6129079,0.1165639,True,False,5095,2459,1
shrinking_b_decay_channels_1_r2,branch_count,T=1000,1301,1,4,6129079,0.2000551,True,False,1694,4115,1
shrinking_b_decay_channels_1_r2,branch_count,cost_model_cold,1301,1,5,6129079,0.0936655,True,False,8559,774,1
shrinking_b_decay_channels_1_r2,branch_count,cost_model_warm,1301,1,6,6129079,0.1033094,True,False,7573,1243,1
shrinking_b_decay_channels_1_r2,branch_count,timing,1301,1,7,6129079,0.110258,True,False,10106,13,6
shrinking_b_decay_channels_1_r2,branch_count,T=60,1301,1,8,6129079,0.0889806,True,False,9725,219,1
shrinking_b_decay_channels_1_r2,branch_count,T=100,1301,1,9,6129079,0.0890807,True,False,9375,382,1
shrinking_b_decay_channels_1_r2,branch_count,T=250,1302,0,0,6129079,0.0885433,True,False,8125,1010,1
shrinking_b_decay_channels_1_r2,branch_count,T=400,1302,0,1,6129079,0.0854936,True,False,6819,1631,1
shrinking_b_decay_channels_1_r2,branch_count,T=600,1302,0,2,6129079,0.0842764,True,False,5086,2456,1
shrinking_b_decay_channels_1_r2,branch_count,T=1000,1302,0,3,6129079,0.2331131,True,False,1660,4118,1
shrinking_b_decay_channels_1_r2,branch_count,cost_model_cold,1302,0,4,6129079,0.094284,True,False,8615,774,1
shrinking_b_decay_channels_1_r2,branch_count,cost_model_warm,1302,0,5,6129079,0.0925692,True,False,7633,1244,1
shrinking_b_decay_channels_1_r2,branch_count,timing,1302,0,6,6129079,0.1047886,True,False,5326,2354,3
shrinking_b_decay_channels_1_r2,branch_count,T=60,1302,0,7,6129079,0.147905,True,False,9771,219,1
shrinking_b_decay_channels_1_r2,branch_count,T=100,1302,0,8,6129079,0.1208714,True,False,9421,385,1
shrinking_b_decay_channels_1_r2,branch_count,T=150,1302,0,9,6129079,0.1144193,True,False,9001,592,1
shrinking_b_decay_channels_1_r2,branch_count,T=400,1302,1,0,6129079,0.1129967,True,False,6819,1631,1
shrinking_b_decay_channels_1_r2,branch_count,T=600,1302,1,1,6129079,0.0916925,True,False,5086,2456,1
shrinking_b_decay_channels_1_r2,branch_count,T=1000,1302,1,2,6129079,0.1215474,True,False,1660,4118,1
shrinking_b_decay_channels_1_r2,branch_count,cost_model_cold,1302,1,3,6129079,0.07409,True,False,8615,774,1
shrinking_b_decay_channels_1_r2,branch_count,cost_model_warm,1302,1,4,6129079,0.095959,True,False,7633,1244,1
shrinking_b_decay_channels_1_r2,branch_count,timing,1302,1,5,6129079,0.1408433,True,False,10014,76,8
shrinking_b_decay_channels_1_r2,branch_count,T=60,1302,1,6,6129079,0.1440278,True,False,9771,219,1
shrinking_b_decay_channels_1_r2,branch_count,T=100,1302,1,7,6129079,0.1078952,True,False,9421,385,1
shrinking_b_decay_channels_1_r2,branch_count,T=150,1302,1,8,6129079,0.1134513,True,False,9001,592,1
shrinking_b_decay_channels_1_r2,branch_count,T=250,1302,1,9,6129079,0.0979206,True,False,8125,1010,1
shrinking_b_decay_channels_1_r2,branch_count,T=600,1303,0,0,6129079,0.118324,True,False,5141,2459,1
shrinking_b_decay_channels_1_r2,branch_count,T=1000,1303,0,1,6129079,0.1627927,True,False,1705,4113,1
shrinking_b_decay_channels_1_r2,branch_count,cost_model_cold,1303,0,2,6129079,0.1464065,True,False,8602,771,1
shrinking_b_decay_channels_1_r2,branch_count,cost_model_warm,1303,0,3,6129079,0.1091636,True,False,7642,1246,1
shrinking_b_decay_channels_1_r2,branch_count,timing,1303,0,4,6129079,0.2460886,True,False,1198,4347,3
shrinking_b_decay_channels_1_r2,branch_count,T=60,1303,0,5,6129079,0.1316843,True,False,9765,219,1
shrinking_b_decay_channels_1_r2,branch_count,T=100,1303,0,6,6129079,0.1084504,True,False,9406,386,1
shrinking_b_decay_channels_1_r2,branch_count,T=150,1303,0,7,6129079,0.1249594,True,False,8975,593,1
shrinking_b_decay_channels_1_r2,branch_count,T=250,1303,0,8,6129079,0.073758,True,False,8125,1010,1
shrinking_b_decay_channels_1_r2,branch_count,T=400,1303,0,9,6129079,0.0878671,True,False,6836,1631,1
shrinking_b_decay_channels_1_r2,branch_count,T=1000,1303,1,0,6129079,0.1378375,True,False,1705,4113,1
shrinking_b_decay_channels_1_r2,branch_count,cost_model_cold,1303,1,1,6129079,0.0874023,True,False,8602,771,1
shrinking_b_decay_channels_1_r2,branch_count,cost_model_warm,1303,1,2,6129079,0.1192509,True,False,7642,1246,1
shrinking_b_decay_channels_1_r2,branch_count,timing,1303,1,3,6129079,0.0871629,True,False,6814,1625,3
shrinking_b_decay_channels_1_r2,branch_count,T=60,1303,1,4,6129079,0.1297845,True,False,9765,219,1
shrinking_b_decay_channels_1_r2,branch_count,T=100,1303,1,5,6129079,0.1050516,True,False,9406,386,1
shrinking_b_decay_channels_1_r2,branch_count,T=150,1303,1,6,6129079,0.1288489,True,False,8975,593,1
shrinking_b_decay_channels_1_r2,branch_count,T=250,1303,1,7,6129079,0.0969786,True,False,8125,1010,1
shrinking_b_decay_channels_1_r2,branch_count,T=400,1303,1,8,6129079,0.0686125,True,False,6836,1631,1
shrinking_b_decay_channels_1_r2,branch_count,T=600,1303,1,9,6129079,0.0865744,True,False,5141,2459,1
shrinking_b_decay_channels_1_r2,branch_count,cost_model_cold,1304,0,0,6129079,0.0812242,True,False,8671,775,1
shrinking_b_decay_channels_1_r2,branch_count,cost_model_warm,1304,0,1,6129079,0.1036168,True,False,7703,1244,1
shrinking_b_decay_channels_1_r2,branch_count,timing,1304,0,2,6129079,0.1105359,True,False,10223,4,4
shrinking_b_decay_channels_1_r2,branch_count,T=60,1304,0,3,6129079,0.1107558,True,False,9829,220,1
shrinking_b_decay_channels_1_r2,branch_count,T=100,1304,0,4,6129079,0.1424334,True,False,9505,386,1
shrinking_b_decay_channels_1_r2,branch_count,T=150,1304,0,5,6129079,0.116257,True,False,9054,594,1
shrinking_b_decay_channels_1_r2,branch_count,T=250,1304,0,6,6129079,0.1093444,True,False,8185,1006,1
shrinking_b_decay_channels_1_r2,branch_count,T=400,1304,0,7,6129079,0.1247225,True,False,6887,1627,1
shrinking_b_decay_channels_1_r2,branch_count,T=600,1304,0,8,6129079,0.133011,True,False,5138,2461,1
shrinking_b_decay_channels_1_r2,branch_count,T=1000,1304,0,9,6129079,0.2016242,True,False,1702,4113,1
shrinking_b_decay_channels_1_r2,branch_count,cost_model_warm,1304,1,0,6129079,0.1217507,True,False,7703,1244,1
shrinking_b_decay_channels_1_r2,branch_count,timing,1304,1,1,6129079,0.103544,True,False,10223,4,4
shrinking_b_decay_channels_1_r2,branch_count,T=60,1304,1,2,6129079,0.1057649,True,False,9829,220,1
shrinking_b_decay_channels_1_r2,branch_count,T=100,1304,1,3,6129079,0.1257779,True,False,9505,386,1
shrinking_b_decay_channels_1_r2,branch_count,T=150,1304,1,4,6129079,0.1060227,True,False,9054,594,1
shrinking_b_decay_channels_1_r2,branch_count,T=250,1304,1,5,6129079,0.1102674,True,False,8185,1006,1
shrinking_b_decay_channels_1_r2,branch_count,T=400,1304,1,6,6129079,0.0973419,True,False,6887,1627,1
shrinking_b_decay_channels_1_r2,branch_count,T=600,1304,1,7,6129079,0.1022882,True,False,5138,2461,1
shrinking_b_decay_channels_1_r2,branch_count,T=1000,1304,1,8,6129079,0.1380998,True,False,1702,4113,1
shrinking_b_decay_channels_1_r2,branch_count,cost_model_cold,1304,1,9,6129079,0.0982065,True,False,8671,775,1
shrinking_b_decay_channels_1_r2,branch_count,timing,1305,0,0,6129079,0.1258018,True,False,9572,234,6
shrinking_b_decay_channels_1_r2,branch_count,T=60,1305,0,1,6129079,0.1191642,True,False,9742,220,1
shrinking_b_decay_channels_1_r2,branch_count,T=100,1305,0,2,6129079,0.1067057,True,False,9403,384,1
shrinking_b_decay_channels_1_r2,branch_count,T=150,1305,0,3,6129079,0.1094528,True,False,8971,594,1
shrinking_b_decay_channels_1_r2,branch_count,T=250,1305,0,4,6129079,0.0982782,True,False,8088,1008,1
shrinking_b_decay_channels_1_r2,branch_count,T=400,1305,0,5,6129079,0.1073952,True,False,6797,1628,1
shrinking_b_decay_channels_1_r2,branch_count,T=600,1305,0,6,6129079,0.0878966,True,False,5089,2458,1
shrinking_b_decay_channels_1_r2,branch_count,T=1000,1305,0,7,6129079,0.119771,True,False,1684,4113,1
shrinking_b_decay_channels_1_r2,branch_count,cost_model_cold,1305,0,8,6129079,0.1074437,True,False,8588,776,1
shrinking_b_decay_channels_1_r2,branch_count,cost_model_warm,1305,0,9,6129079,0.1387362,True,False,7610,1245,1
shrinking_b_decay_channels_1_r2,branch_count,T=60,1305,1,0,6129079,0.1442934,True,False,9742,220,1
shrinking_b_decay_channels_1_r2,branch_count,T=100,1305,1,1,6129079,0.1082474,True,False,9403,384,1
shrinking_b_decay_channels_1_r2,branch_count,T=150,1305,1,2,6129079,0.0918014,True,False,8971,594,1
shrinking_b_decay_channels_1_r2,branch_count,T=250,1305,1,3,6129079,0.0839997,True,False,8088,1008,1
shrinking_b_decay_channels_1_r2,branch_count,T=400,1305,1,4,6129079,0.0715855,True,False,6797,1628,1
shrinking_b_decay_channels_1_r2,branch_count,T=600,1305,1,5,6129079,0.086508,True,False,5089,2458,1
shrinking_b_decay_channels_1_r2,branch_count,T=1000,1305,1,6,6129079,0.2049721,True,False,1684,4113,1
shrinking_b_decay_channels_1_r2,branch_count,cost_model_cold,1305,1,7,6129079,0.124147,True,False,8588,776,1
shrinking_b_decay_channels_1_r2,branch_count,cost_model_warm,1305,1,8,6129079,0.1199075,True,False,7610,1245,1
shrinking_b_decay_channels_1_r2,branch_count,timing,1305,1,9,6129079,0.1260162,True,False,10082,4,4
shrinking_b_decay_channels_1_r2,branch_count,T=100,1306,0,0,6129079,0.0983153,True,False,9359,388,1
shrinking_b_decay_channels_1_r2,branch_count,T=150,1306,0,1,6129079,0.0820799,True,False,8943,594,1
shrinking_b_decay_channels_1_r2,branch_count,T=250,1306,0,2,6129079,0.0749971,True,False,8086,1011,1
shrinking_b_decay_channels_1_r2,branch_count,T=400,1306,0,3,6129079,0.0732182,True,False,6788,1628,1
shrinking_b_decay_channels_1_r2,branch_count,T=600,1306,0,4,6129079,0.0945046,True,False,5082,2461,1
shrinking_b_decay_channels_1_r2,branch_count,T=1000,1306,0,5,6129079,0.1473972,True,False,1672,4117,1
shrinking_b_decay_channels_1_r2,branch_count,cost_model_cold,1306,0,6,6129079,0.122095,True,False,8567,774,1
shrinking_b_decay_channels_1_r2,branch_count,cost_model_warm,1306,0,7,6129079,0.1114511,True,False,7606,1245,1
shrinking_b_decay_channels_1_r2,branch_count,timing,1306,0,8,6129079,0.1012219,True,False,10122,4,4
shrinking_b_decay_channels_1_r2,branch_count,T=60,1306,0,9,6129079,0.0899764,True,False,9712,221,1
shrinking_b_decay_channels_1_r2,branch_count,T=150,1306,1,0,6129079,0.0868756,True,False,8943,594,1
shrinking_b_decay_channels_1_r2,branch_count,T=250,1306,1,1,6129079,0.1058883,True,False,8086,1011,1
shrinking_b_decay_channels_1_r2,branch_count,T=400,1306,1,2,6129079,0.1178938,True,False,6788,1628,1
shrinking_b_decay_channels_1_r2,branch_count,T=600,1306,1,3,6129079,0.0894538,True,False,5082,2461,1
shrinking_b_decay_channels_1_r2,branch_count,T=1000,1306,1,4,6129079,0.1237051,True,False,1672,4117,1
shrinking_b_decay_channels_1_r2,branch_count,cost_model_cold,1306,1,5,6129079,0.1135633,True,False,8567,774,1
shrinking_b_decay_channels_1_r2,branch_count,cost_model_warm,1306,1,6,6129079,0.1307965,True,False,7606,1245,1
shrinking_b_decay_channels_1_r2,branch_count,timing,1306,1,7,6129079,0.1393009,True,False,10122,4,4
shrinking_b_decay_channels_1_r2,branch_count,T=60,1306,1,8,6129079,0.1313652,True,False,9712,221,1
shrinking_b_decay_channels_1_r2,branch_count,T=100,1306,1,9,6129079,0.1028174,True,False,9359,388,1
shrinking_b_decay_channels_2_r05,branch_count,T=250,1301,0,0,203711,0.0098824,True,False,1,903,1
shrinking_b_decay_channels_2_r05,branch_count,T=400,1301,0,1,203711,0.0137958,True,False,1,903,1
shrinking_b_decay_channels_2_r05,branch_count,T=600,1301,0,2,203711,0.0092376,True,False,1,903,1
shrinking_b_decay_channels_2_r05,branch_count,T=1000,1301,0,3,203711,0.0052182,True,False,1,903,1
shrinking_b_decay_channels_2_r05,branch_count,cost_model_cold,1301,0,4,203711,0.0065683,True,False,289,757,1
shrinking_b_decay_channels_2_r05,branch_count,cost_model_warm,1301,0,5,203711,0.0072586,True,False,1,903,1
shrinking_b_decay_channels_2_r05,branch_count,timing,1301,0,6,203711,0.0080159,True,False,774,514,3
shrinking_b_decay_channels_2_r05,branch_count,T=60,1301,0,7,203711,0.0099554,True,False,1360,249,1
shrinking_b_decay_channels_2_r05,branch_count,T=100,1301,0,8,203711,0.0119598,True,False,1006,413,1
shrinking_b_decay_channels_2_r05,branch_count,T=150,1301,0,9,203711,0.0066938,True,False,575,622,1
shrinking_b_decay_channels_2_r05,branch_count,T=400,1301,1,0,203711,0.0070116,True,False,1,903,1
shrinking_b_decay_channels_2_r05,branch_count,T=600,1301,1,1,203711,0.0074074,True,False,1,903,1
shrinking_b_decay_channels_2_r05,branch_count,T=1000,1301,1,2,203711,0.0079733,True,False,1,903,1
shrinking_b_decay_channels_2_r05,branch_count,cost_model_cold,1301,1,3,203711,0.0078753,True,False,289,757,1
shrinking_b_decay_channels_2_r05,branch_count,cost_model_warm,1301,1,4,203711,0.0092396,True,False,1,903,1
shrinking_b_decay_channels_2_r05,branch_count,timing,1301,1,5,203711,0.0117584,True,False,1831,2,2
shrinking_b_decay_channels_2_r05,branch_count,T=60,1301,1,6,203711,0.0117956,True,False,1360,249,1
shrinking_b_decay_channels_2_r05,branch_count,T=100,1301,1,7,203711,0.0102391,True,False,1006,413,1
shrinking_b_decay_channels_2_r05,branch_count,T=150,1301,1,8,203711,0.0069456,True,False,575,622,1
shrinking_b_decay_channels_2_r05,branch_count,T=250,1301,1,9,203711,0.0063394,True,False,1,903,1
shrinking_b_decay_channels_2_r05,branch_count,T=600,1302,0,0,203711,0.0059518,True,False,1,908,1
shrinking_b_decay_channels_2_r05,branch_count,T=1000,1302,0,1,203711,0.0071159,True,False,1,908,1
shrinking_b_decay_channels_2_r05,branch_count,cost_model_cold,1302,0,2,203711,0.011916,True,False,306,757,1
shrinking_b_decay_channels_2_r05,branch_count,cost_model_warm,1302,0,3,203711,0.0078957,True,False,1,908,1
shrinking_b_decay_channels_2_r05,branch_count,timing,1302,0,4,203711,0.0255581,True,False,1792,26,4
shrinking_b_decay_channels_2_r05,branch_count,T=60,1302,0,5,203711,0.0174789,True,False,1344,246,1
shrinking_b_decay_channels_2_r05,branch_count,T=100,1302,0,6,203711,0.011812,True,False,997,416,1
shrinking_b_decay_channels_2_r05,branch_count,T=150,1302,0,7,203711,0.008883,True,False,584,623,1
shrinking_b_decay_channels_2_r05,branch_count,T=250,1302,0,8,203711,0.0085995,True,False,1,908,1
shrinking_b_decay_channels_2_r05,branch_count,T=400,1302,0,9,203711,0.0134832,True,False,1,908,1
shrinking_b_decay_channels_2_r05,branch_count,T=1000,1302,1,0,203711,0.0117023,True,False,1,908,1
shrinking_b_decay_channels_2_r05,branch_count,cost_model_cold,1302,1,1,203711,0.0112668,True,False,306,757,1
shrinking_b_decay_channels_2_r05,branch_count,cost_model_warm,1302,1,2,203711,0.0119481,True,False,1,908,1
shrinking_b_decay_channels_2_r05,branch_count,timing,1302,1,3,203711,0.0119721,True,False,612,607,3
shrinking_b_decay_channels_2_r05,branch_count,T=60,1302,1,4,203711,0.0160736,True,False,1344,246,1
shrinking_b_decay_channels_2_r05,branch_count,T=100,1302,1,5,203711,0.0129264,True,False,997,416,1
shrinking_b_decay_channels_2_r05,branch_count,T=150,1302,1,6,203711,0.0093598,True,False,584,623,1
shrinking_b_decay_channels_2_r05,branch_count,T=250,1302,1,7,203711,0.0077499,True,False,1,908,1
shrinking_b_decay_channels_2_r05,branch_count,T=400,1302,1,8,203711,0.0104056,True,False,1,908,1
shrinking_b_decay_channels_2_r05,branch_count,T=600,1302,1,9,203711,0.0127986,True,False,1,908,1
shrinking_b_decay_channels_2_r05,branch_count,cost_model_cold,1303,0,0,203711,0.011737,True,False,313,757,1
shrinking_b_decay_channels_2_r05,branch_count,cost_model_warm,1303,0,1,203711,0.0127201,True,False,1,910,1
shrinking_b_decay_channels_2_r05,branch_count,timing,1303,0,2,203711,0.0113238,True,False,732,543,3
shrinking_b_decay_channels_2_r05,branch_count,T=60,1303,0,3,203711,0.0155144,True,False,1355,248,1
shrinking_b_decay_channels_2_r05,branch_count,T=100,1303,0,4,203711,0.0137379,True,False,1005,416,1
shrinking_b_decay_channels_2_r05,branch_count,T=150,1303,0,5,203711,0.0125246,True,False,592,622,1
shrinking_b_decay_channels_2_r05,branch_count,T=250,1303,0,6,203711,0.0081287,True,False,1,910,1
shrinking_b_decay_channels_2_r05,branch_count,T=400,1303,0,7,203711,0.0143598,True,False,1,910,1
shrinking_b_decay_channels_2_r05,branch_count,T=600,1303,0,8,203711,0.0114011,True,False,1,910,1
shrinking_b_decay_channels_2_r05,branch_count,T=1000,1303,0,9,203711,0.0113291,True,False,1,910,1
shrinking_b_decay_channels_2_r05,branch_count,cost_model_warm,1303,1,0,203711,0.0057199,True,False,1,910,1
shrinking_b_decay_channels_2_r05,branch_count,timing,1303,1,1,203711,0.0122074,True,False,1476,186,3
shrinking_b_decay_channels_2_r05,branch_count,T=60,1303,1,2,203711,0.0139076,True,False,1355,248,1
shrinking_b_decay_channels_2_r05,branch_count,T=100,1303,1,3,203711,0.0110789,True,False,1005,416,1
shrinking_b_decay_channels_2_r05,branch_count,T=150,1303,1,4,203711,0.021142,True,False,592,622,1
shrinking_b_decay_channels_2_r05,branch_count,T=250,1303,1,5,203711,0.0120395,True,False,1,910,1
shrinking_b_decay_channels_2_r05,branch_count,T=400,1303,1,6,203711,0.0105598,True,False,1,910,1
shrinking_b_decay_channels_2_r05,branch_count,T=600,1303,1,7,203711,0.0105377,True,False,1,910,1
shrinking_b_decay_channels_2_r05,branch_count,T=1000,1303,1,8,203711,0.0128614,True,False,1,910,1
shrinking_b_decay_channels_2_r05,branch_count,cost_model_cold,1303,1,9,203711,0.0107705,True,False,313,757,1
shrinking_b_decay_channels_2_r05,branch_count,timing,1304,0,0,203711,0.0245778,True,False,1846,2,2
shrinking_b_decay_channels_2_r05,branch_count,T=60,1304,0,1,203711,0.0150726,True,False,1360,250,1
shrinking_b_decay_channels_2_r05,branch_count,T=100,1304,0,2,203711,0.0138907,True,False,1024,419,1
shrinking_b_decay_channels_2_r05,branch_count,T=150,1304,0,3,203711,0.0119909,True,False,575,627,1
shrinking_b_decay_channels_2_r05,branch_count,T=250,1304,0,4,203711,0.0080529,True,False,1,903,1
shrinking_b_decay_channels_2_r05,branch_count,T=400,1304,0,5,203711,0.0070617,True,False,1,903,1
shrinking_b_decay_channels_2_r05,branch_count,T=600,1304,0,6,203711,0.0087024,True,False,1,903,1
shrinking_b_decay_channels_2_r05,branch_count,T=1000,1304,0,7,203711,0.0128293,True,False,1,903,1
shrinking_b_decay_channels_2_r05,branch_count,cost_model_cold,1304,0,8,203711,0.013769,True,False,299,758,1
shrinking_b_decay_channels_2_r05,branch_count,cost_model_warm,1304,0,9,203711,0.0092694,True,False,1,903,1
shrinking_b_decay_channels_2_r05,branch_count,T=60,1304,1,0,203711,0.0129055,True,False,1360,250,1
shrinking_b_decay_channels_2_r05,branch_count,T=100,1304,1,1,203711,0.0086504,True,False,1024,419,1
shrinking_b_decay_channels_2_r05,branch_count,T=150,1304,1,2,203711,0.0077839,True,False,575,627,1
shrinking_b_decay_channels_2_r05,branch_count,T=250,1304,1,3,203711,0.0057885,True,False,1,903,1
shrinking_b_decay_channels_2_r05,branch_count,T=400,1304,1,4,203711,0.0061318,True,False,1,903,1
shrinking_b_decay_channels_2_r05,branch_count,T=600,1304,1,5,203711,0.0099834,True,False,1,903,1
shrinking_b_decay_channels_2_r05,branch_count,T=1000,1304,1,6,203711,0.0049009,True,False,1,903,1
shrinking_b_decay_channels_2_r05,branch_count,cost_model_cold,1304,1,7,203711,0.0074161,True,False,299,758,1
shrinking_b_decay_channels_2_r05,branch_count,cost_model_warm,1304,1,8,203711,0.0094694,True,False,1,903,1
shrinking_b_decay_channels_2_r05,branch_count,timing,1304,1,9,203711,0.0316875,True,False,1846,2,2
shrinking_b_decay_channels_2_r05,branch_count,T=100,1305,0,0,203711,0.0200151,True,False,1018,416,1
shrinking_b_decay_channels_2_r05,branch_count,T=150,1305,0,1,203711,0.0163275,True,False,579,624,1
shrinking_b_decay_channels_2_r05,branch_count,T=250,1305,0,2,203711,0.0138576,True,False,1,908,1
shrinking_b_decay_channels_2_r05,branch_count,T=400,1305,0,3,203711,0.0135795,True,False,1,908,1
shrinking_b_decay_channels_2_r05,branch_count,T=600,1305,0,4,203711,0.0128427,True,False,1,908,1
shrinking_b_decay_channels_2_r05,branch_count,T=1000,1305,0,5,203711,0.0112866,True,False,1,908,1
shrinking_b_decay_channels_2_r05,branch_count,cost_model_cold,1305,0,6,203711,0.0133239,True,False,318,754,1
shrinking_b_decay_channels_2_r05,branch_count,cost_model_warm,1305,0,7,203711,0.01307,True,False,1,908,1
shrinking_b_decay_channels_2_r05,branch_count,timing,1305,0,8,203711,0.0110091,True,False,656,592,9
shrinking_b_decay_channels_2_r05,branch_count,T=60,1305,0,9,203711,0.0147283,True,False,1360,251,1
shrinking_b_decay_channels_2_r05,branch_count,T=150,1305,1,0,203711,0.0086734,True,False,579,624,1
shrinking_b_decay_channels_2_r05,branch_count,T=250,1305,1,1,203711,0.0117172,True,False,1,908,1
shrinking_b_decay_channels_2_r05,branch_count,T=400,1305,1,2,203711,0.008009,True,False,1,908,1
shrinking_b_decay_channels_2_r05,branch_count,T=600,1305,1,3,203711,0.0073535,True,False,1,908,1
shrinking_b_decay_channels_2_r05,branch_count,T=1000,1305,1,4,203711,0.0073381,True,False,1,908,1
shrinking_b_decay_channels_2_r05,branch_count,cost_model_cold,1305,1,5,203711,0.008128,True,False,318,754,1
shrinking_b_decay_channels_2_r05,branch_count,cost_model_warm,1305,1,6,203711,0.0078473,True,False,1,908,1
shrinking_b_decay_channels_2_r05,branch_count,timing,1305,1,7,203711,0.0096399,True,False,284,775,3
shrinking_b_decay_channels_2_r05,branch_count,T=60,1305,1,8,203711,0.0118859,True,False,1360,251,1
shrinking_b_decay_channels_2_r05,branch_count,T=100,1305,1,9,203711,0.0102624,True,False,1018,416,1
shrinking_b_decay_channels_2_r05,branch_count,T=250,1306,0,0,203711,0.0101575,True,False,1,899,1
shrinking_b_decay_channels_2_r05,branch_count,T=400,1306,0,1,203711,0.0095271,True,False,1,899,1
shrinking_b_decay_channels_2_r05,branch_count,T=600,1306,0,2,203711,0.0064892,True,False,1,899,1
shrinking_b_decay_channels_2_r05,branch_count,T=1000,1306,0,3,203711,0.0062294,True,False,1,899,1
shrinking_b_decay_channels_2_r05,branch_count,cost_model_cold,1306,0,4,203711,0.0103112,True,False,303,759,1
shrinking_b_decay_channels_2_r05,branch_count,cost_model_warm,1306,0,5,203711,0.0095948,True,False,1,899,1
shrinking_b_decay_channels_2_r05,branch_count,timing,1306,0,6,203711,0.0179742,True,False,1833,2,2
shrinking_b_decay_channels_2_r05,branch_count,T=60,1306,0,7,203711,0.0119045,True,False,1356,248,1
shrinking_b_decay_channels_2_r05,branch_count,T=100,1306,0,8,203711,0.0139248,True,False,1002,412,1
shrinking_b_decay_channels_2_r05,branch_count,T=150,1306,0,9,203711,0.0134802,True,False,571,624,1
shrinking_b_decay_channels_2_r05,branch_count,T=400,1306,1,0,203711,0.0107248,True,False,1,899,1
shrinking_b_decay_channels_2_r05,branch_count,T=600,1306,1,1,203711,0.0083856,True,False,1,899,1
shrinking_b_decay_channels_2_r05,branch_count,T=1000,1306,1,2,203711,0.0104446,True,False,1,899,1
shrinking_b_decay_channels_2_r05,branch_count,cost_model_cold,1306,1,3,203711,0.0101013,True,False,303,759,1
shrinking_b_decay_channels_2_r05,branch_count,cost_model_warm,1306,1,4,203711,0.0094191,True,False,1,899,1
shrinking_b_decay_channels_2_r05,branch_count,timing,1306,1,5,203711,0.0175444,True,False,1833,2,2
shrinking_b_decay_channels_2_r05,branch_count,T=60,1306,1,6,203711,0.0141793,True,False,1356,248,1
shrinking_b_decay_channels_2_r05,branch_count,T=100,1306,1,7,203711,0.01263,True,False,1002,412,1
shrinking_b_decay_channels_2_r05,branch_count,T=150,1306,1,8,203711,0.0142185,True,False,571,624,1
shrinking_b_decay_channels_2_r05,branch_count,T=250,1306,1,9,203711,0.0084438,True,False,1,899,1
shrinking_b_decay_channels_2_r1,branch_count,T=600,1301,0,0,814846,0.0321265,True,False,1,1799,1
shrinking_b_decay_channels_2_r1,branch_count,T=1000,1301,0,1,814846,0.0333552,True,False,1,1799,1
shrinking_b_decay_channels_2_r1,branch_count,cost_model_cold,1301,0,2,814846,0.0242807,True,False,2160,746,1
shrinking_b_decay_channels_2_r1,branch_count,cost_model_warm,1301,0,3,814846,0.0235453,True,False,1256,1185,1
shrinking_b_decay_channels_2_r1,branch_count,timing,1301,0,4,814846,0.0252354,True,False,1047,1275,3
shrinking_b_decay_channels_2_r1,branch_count,T=60,1301,0,5,814846,0.031812,True,False,3216,243,1
shrinking_b_decay_channels_2_r1,branch_count,T=100,1301,0,6,814846,0.0316305,True,False,2869,405,1
shrinking_b_decay_channels_2_r1,branch_count,T=150,1301,0,7,814846,0.0238893,True,False,2448,614,1
shrinking_b_decay_channels_2_r1,branch_count,T=250,1301,0,8,814846,0.0303023,True,False,1585,1031,1
shrinking_b_decay_channels_2_r1,branch_count,T=400,1301,0,9,814846,0.0258902,True,False,289,1649,1
shrinking_b_decay_channels_2_r1,branch_count,T=1000,1301,1,0,814846,0.0228272,True,False,1,1799,1
shrinking_b_decay_channels_2_r1,branch_count,cost_model_cold,1301,1,1,814846,0.0248978,True,False,2160,746,1
shrinking_b_decay_channels_2_r1,branch_count,cost_model_warm,1301,1,2,814846,0.0294443,True,False,1256,1185,1
shrinking_b_decay_channels_2_r1,branch_count,timing,1301,1,3,814846,0.0274178,True,False,3644,2,2
shrinking_b_decay_channels_2_r1,branch_count,T=60,1301,1,4,814846,0.0299455,True,False,3216,243,1
shrinking_b_decay_channels_2_r1,branch_count,T=100,1301,1,5,814846,0.0227156,True,False,2869,405,1
shrinking_b_decay_channels_2_r1,branch_count,T=150,1301,1,6,814846,0.0203986,True,False,2448,614,1
shrinking_b_decay_channels_2_r1,branch_count,T=250,1301,1,7,814846,0.020264,True,False,1585,1031,1
shrinking_b_decay_channels_2_r1,branch_count,T=400,1301,1,8,814846,0.0239593,True,False,289,1649,1
shrinking_b_decay_channels_2_r1,branch_count,T=600,1301,1,9,814846,0.0381394,True,False,1,1799,1
shrinking_b_decay_channels_2_r1,branch_count,cost_model_cold,1302,0,0,814846,0.0286205,True,False,2198,750,1
shrinking_b_decay_channels_2_r1,branch_count,cost_model_warm,1302,0,1,814846,0.0308825,True,False,1283,1191,1
shrinking_b_decay_channels_2_r1,branch_count,timing,1302,0,2,814846,0.0361027,True,False,3663,2,2
shrinking_b_decay_channels_2_r1,branch_count,T=60,1302,0,3,814846,0.0342555,True,False,3231,241,1
shrinking_b_decay_channels_2_r1,branch_count,T=100,1302,0,4,814846,0.0355529,True,False,2892,405,1
shrinking_b_decay_channels_2_r1,branch_count,T=150,1302,0,5,814846,0.0213136,True,False,2470,618,1
shrinking_b_decay_channels_2_r1,branch_count,T=250,1302,0,6,814846,0.0280568,True,False,1616,1031,1
shrinking_b_decay_channels_2_r1,branch_count,T=400,1302,0,7,814846,0.0234847,True,False,312,1652,1
shrinking_b_decay_channels_2_r1,branch_count,T=600,1302,0,8,814846,0.0290135,True,False,1,1805,1
shrinking_b_decay_channels_2_r1,branch_count,T=1000,1302,0,9,814846,0.0302493,True,False,1,1805,1
shrinking_b_decay_channels_2_r1,branch_count,cost_model_warm,1302,1,0,814846,0.027266,True,False,1283,1191,1
shrinking_b_decay_channels_2_r1,branch_count,timing,1302,1,1,814846,0.0416828,True,False,3724,5,4
shrinking_b_decay_channels_2_r1,branch_count,T=60,1302,1,2,814846,0.0320145,True,False,3231,241,1
shrinking_b_decay_channels_2_r1,branch_count,T=100,1302,1,3,814846,0.0370378,True,False,2892,405,1
shrinking_b_decay_channels_2_r1,branch_count,T=150,1302,1,4,814846,0.0299644,True,False,2470,618,1
shrinking_b_decay_channels_2_r1,branch_count,T=250,1302,1,5,814846,0.0291602,True,False,1616,1031,1
shrinking_b_decay_channels_2_r1,branch_count,T=400,1302,1,6,814846,0.0274284,True,False,312,1652,1
shrinking_b_decay_channels_2_r1,branch_count,T=600,1302,1,7,814846,0.0268322,True,False,1,1805,1
shrinking_b_decay_channels_2_r1,branch_count,T=1000,1302,1,8,814846,0.0281592,True,False,1,1805,1
shrinking_b_decay_channels_2_r1,branch_count,cost_model_cold,1302,1,9,814846,0.0224244,True,False,2198,750,1
shrinking_b_decay_channels_2_r1,branch_count,timing,1303,0,0,814846,0.0203503,True,False,491,1571,3
shrinking_b_decay_channels_2_r1,branch_count,T=60,1303,0,1,814846,0.0255966,True,False,3196,245,1
shrinking_b_decay_channels_2_r1,branch_count,T=100,1303,0,2,814846,0.0257593,True,False,2867,409,1
shrinking_b_decay_channels_2_r1,branch_count,T=150,1303,0,3,814846,0.0281049,True,False,2446,612,1
shrinking_b_decay_channels_2_r1,branch_count,T=250,1303,0,4,814846,0.0266847,True,False,1595,1033,1
shrinking_b_decay_channels_2_r1,branch_count,T=400,1303,0,5,814846,0.0300259,True,False,318,1654,1
shrinking_b_decay_channels_2_r1,branch_count,T=600,1303,0,6,814846,0.0245573,True,False,1,1799,1
shrinking_b_decay_channels_2_r1,branch_count,T=1000,1303,0,7,814846,0.0322019,True,False,1,1799,1
shrinking_b_decay_channels_2_r1,branch_count,cost_model_cold,1303,0,8,814846,0.0331876,True,False,2173,754,1
shrinking_b_decay_channels_2_r1,branch_count,cost_model_warm,1303,0,9,814846,0.0304761,True,False,1275,1184,1
shrinking_b_decay_channels_2_r1,branch_count,T=60,1303,1,0,814846,0.0347814,True,False,3196,245,1
shrinking_b_decay_channels_2_r1,branch_count,T=100,1303,1,1,814846,0.0370079,True,False,2867,409,1
shrinking_b_decay_channels_2_r1,branch_count,T=150,1303,1,2,814846,0.0272524,True,False,2446,612,1
shrinking_b_decay_channels_2_r1,branch_count,T=250,1303,1,3,814846,0.0314851,True,False,1595,1033,1
shrinking_b_decay_channels_2_r1,branch_count,T=400,1303,1,4,814846,0.0448357,True,False,318,1654,1
shrinking_b_decay_channels_2_r1,branch_count,T=600,1303,1,5,814846,0.0369732,True,False,1,1799,1
shrinking_b_decay_channels_2_r1,branch_count,T=1000,1303,1,6,814846,0.0406636,True,False,1,1799,1
shrinking_b_decay_channels_2_r1,branch_count,cost_model_cold,1303,1,7,814846,0.0494082,True,False,2173,754,1
shrinking_b_decay_channels_2_r1,branch_count,cost_model_warm,1303,1,8,814846,0.0441268,True,False,1275,1184,1
shrinking_b_decay_channels_2_r1,branch_count,timing,1303,1,9,814846,0.0441287,True,False,1283,1191,3
shrinking_b_decay_channels_2_r1,branch_count,T=100,1304,0,0,814846,0.0511125,True,False,2831,407,1
shrinking_b_decay_channels_2_r1,branch_count,T=150,1304,0,1,814846,0.0444299,True,False,2393,612,1
shrinking_b_decay_channels_2_r1,branch_count,T=250,1304,0,2,814846,0.0306681,True,False,1562,1031,1
shrinking_b_decay_channels_2_r1,branch_count,T=400,1304,0,3,814846,0.0448144,True,False,301,1649,1
shrinking_b_decay_channels_2_r1,branch_count,T=600,1304,0,4,814846,0.0449434,True,False,1,1798,1
shrinking_b_decay_channels_2_r1,branch_count,T=1000,1304,0,5,814846,0.0371819,True,False,1,1798,1
shrinking_b_decay_channels_2_r1,branch_count,cost_model_cold,1304,0,6,814846,0.0345502,True,False,2137,749,1
shrinking_b_decay_channels_2_r1,branch_count,cost_model_warm,1304,0,7,814846,0.0314941,True,False,1245,1189,1
shrinking_b_decay_channels_2_r1,branch_count,timing,1304,0,8,814846,0.0331747,True,False,3714,2,2
shrinking_b_decay_channels_2_r1,branch_count,T=60,1304,0,9,814846,0.0445419,True,False,3188,244,1
shrinking_b_decay_channels_2_r1,branch_count,T=150,1304,1,0,814846,0.0355329,True,False,2393,612,1
shrinking_b_decay_channels_2_r1,branch_count,T=250,1304,1,1,814846,0.0381473,True,False,1562,1031,1
shrinking_b_decay_channels_2_r1,branch_count,T=400,1304,1,2,814846,0.0280257,True,False,301,1649,1
shrinking_b_decay_channels_2_r1,branch_count,T=600,1304,1,3,814846,0.0277575,True,False,1,1798,1
shrinking_b_decay_channels_2_r1,branch_count,T=1000,1304,1,4,814846,0.0349201,True,False,1,1798,1
shrinking_b_decay_channels_2_r1,branch_count,cost_model_cold,1304,1,5,814846,0.0309736,True,False,2137,749,1
shrinking_b_decay_channels_2_r1,branch_count,cost_model_warm,1304,1,6,814846,0.0316437,True,False,1245,1189,1
shrinking_b_decay_channels_2_r1,branch_count,timing,1304,1,7,814846,0.0349544,True,False,3714,2,2
shrinking_b_decay_channels_2_r1,branch_count,T=60,1304,1,8,814846,0.0343296,True,False,3188,244,1
shrinking_b_decay_channels_2_r1,branch_count,T=100,1304,1,9,814846,0.0498692,True,False,2831,407,1
shrinking_b_decay_channels_2_r1,branch_count,T=250,1305,0,0,814846,0.0395627,True,False,1606,1029,1
shrinking_b_decay_channels_2_r1,branch_count,T=400,1305,0,1,814846,0.0492099,True,False,315,1649,1
shrinking_b_decay_channels_2_r1,branch_count,T=600,1305,0,2,814846,0.0398806,True,False,1,1801,1
shrinking_b_decay_channels_2_r1,branch_count,T=1000,1305,0,3,814846,0.0351346,True,False,1,1801,1
shrinking_b_decay_channels_2_r1,branch_count,cost_model_cold,1305,0,4,814846,0.0329071,True,False,2176,751,1
shrinking_b_decay_channels_2_r1,branch_count,cost_model_warm,1305,0,5,814846,0.036886,True,False,1290,1191,1
shrinking_b_decay_channels_2_r1,branch_count,timing,1305,0,6,814846,0.0575815,True,False,3709,2,2
shrinking_b_decay_channels_2_r1,branch_count,T=60,1305,0,7,814846,0.0468956,True,False,3212,240,1
shrinking_b_decay_channels_2_r1,branch_count,T=100,1305,0,8,814846,0.0376523,True,False,2865,410,1
shrinking_b_decay_channels_2_r1,branch_count,T=150,1305,0,9,814846,0.0297151,True,False,2444,614,1
shrinking_b_decay_channels_2_r1,branch_count,T=400,1305,1,0,814846,0.0310566,True,False,315,1649,1
shrinking_b_decay_channels_2_r1,branch_count,T=600,1305,1,1,814846,0.0344191,True,False,1,1801,1
shrinking_b_decay_channels_2_r1,branch_count,T=1000,1305,1,2,814846,0.0380939,True,False,1,1801,1
shrinking_b_decay_channels_2_r1,branch_count,cost_model_cold,1305,1,3,814846,0.0349508,True,False,2176,751,1
shrinking_b_decay_channels_2_r1,branch_count,cost_model_warm,1305,1,4,814846,0.0418571,True,False,1290,1191,1
shrinking_b_decay_channels_2_r1,branch_count,timing,1305,1,5,814846,0.0355638,True,False,1663,987,3
shrinking_b_decay_channels_2_r1,branch_count,T=60,1305,1,6,814846,0.0244672,True,False,3212,240,1
shrinking_b_decay_channels_2_r1,branch_count,T=100,1305,1,7,814846,0.0253219,True,False,2865,410,1
shrinking_b_decay_channels_2_r1,branch_count,T=150,1305,1,8,814846,0.0457718,True,False,2444,614,1
shrinking_b_decay_channels_2_r1,branch_count,T=250,1305,1,9,814846,0.038903,True,False,1606,1029,1
shrinking_b_decay_channels_2_r1,branch_count,T=600,1306,0,0,814846,0.0369735,True,False,1,1798,1
shrinking_b_decay_channels_2_r1,branch_count,T=1000,1306,0,1,814846,0.033443,True,False,1,1798,1
shrinking_b_decay_channels_2_r1,branch_count,cost_model_cold,1306,0,2,814846,0.0395548,True,False,2238,753,1
shrinking_b_decay_channels_2_r1,branch_count,cost_model_warm,1306,0,3,814846,0.0335217,True,False,1291,1188,1
shrinking_b_decay_channels_2_r1,branch_count,timing,1306,0,4,814846,0.0446315,True,False,3702,2,2
shrinking_b_decay_channels_2_r1,branch_count,T=60,1306,0,5,814846,0.0406322,True,False,3297,239,1
shrinking_b_decay_channels_2_r1,branch_count,T=100,1306,0,6,814846,0.0425076,True,False,2964,406,1
shrinking_b_decay_channels_2_r1,branch_count,T=150,1306,0,7,814846,0.044113,True,False,2522,619,1
shrinking_b_decay_channels_2_r1,branch_count,T=250,1306,0,8,814846,0.0419734,True,False,1623,1030,1
shrinking_b_decay_channels_2_r1,branch_count,T=400,1306,0,9,814846,0.0459358,True,False,313,1653,1
shrinking_b_decay_channels_2_r1,branch_count,T=1000,1306,1,0,814846,0.0378884,True,False,1,1798,1
shrinking_b_decay_channels_2_r1,branch_count,cost_model_cold,1306,1,1,814846,0.0386293,True,False,2238,753,1
shrinking_b_decay_channels_2_r1,branch_count,cost_model_warm,1306,1,2,814846,0.0329547,True,False,1291,1188,1
shrinking_b_decay_channels_2_r1,branch_count,timing,1306,1,3,814846,0.0365947,True,False,3702,2,2
shrinking_b_decay_channels_2_r1,branch_count,T=60,1306,1,4,814846,0.0261713,True,False,3297,239,1
shrinking_b_decay_channels_2_r1,branch_count,T=100,1306,1,5,814846,0.027142,True,False,2964,406,1
shrinking_b_decay_channels_2_r1,branch_count,T=150,1306,1,6,814846,0.0245188,True,False,2522,619,1
shrinking_b_decay_channels_2_r1,branch_count,T=250,1306,1,7,814846,0.0269376,True,False,1623,1030,1
shrinking_b_decay_channels_2_r1,branch_count,T=400,1306,1,8,814846,0.0195342,True,False,313,1653,1
shrinking_b_decay_channels_2_r1,branch_count,T=600,1306,1,9,814846,0.0461574,True,False,1,1798,1
shrinking_b_decay_channels_2_r2,branch_count,cost_model_cold,1301,0,0,3259386,0.0693495,True,False,5955,735,1
shrinking_b_decay_channels_2_r2,branch_count,cost_model_warm,1301,0,1,3259386,0.0544815,True,False,5043,1178,1
shrinking_b_decay_channels_2_r2,branch_count,timing,1301,0,2,3259386,0.0646052,True,False,7455,2,2
shrinking_b_decay_channels_2_r2,branch_count,T=60,1301,0,3,3259386,0.0878072,True,False,7048,229,1
shrinking_b_decay_channels_2_r2,branch_count,T=100,1301,0,4,3259386,0.094212,True,False,6700,395,1
shrinking_b_decay_channels_2_r2,branch_count,T=150,1301,0,5,3259386,0.0929231,True,False,6255,604,1
shrinking_b_decay_channels_2_r2,branch_count,T=250,1301,0,6,3259386,0.0930874,True,False,5367,1016,1
shrinking_b_decay_channels_2_r2,branch_count,T=400,1301,0,7,3259386,0.1097381,True,False,4058,1642,1
shrinking_b_decay_channels_2_r2,branch_count,T=600,1301,0,8,3259386,0.1269569,True,False,2324,2469,1
shrinking_b_decay_channels_2_r2,branch_count,T=1000,1301,0,9,3259386,0.1433187,True,False,1,3599,1
shrinking_b_decay_channels_2_r2,branch_count,cost_model_warm,1301,1,0,3259386,0.1017335,True,False,5043,1178,1
shrinking_b_decay_channels_2_r2,branch_count,timing,1301,1,1,3259386,0.0992888,True,False,7455,2,2
shrinking_b_decay_channels_2_r2,branch_count,T=60,1301,1,2,3259386,0.0990511,True,False,7048,229,1
shrinking_b_decay_channels_2_r2,branch_count,T=100,1301,1,3,3259386,0.0667219,True,False,6700,395,1
shrinking_b_decay_channels_2_r2,branch_count,T=150,1301,1,4,3259386,0.0876415,True,False,6255,604,1
shrinking_b_decay_channels_2_r2,branch_count,T=250,1301,1,5,3259386,0.0991866,True,False,5367,1016,1
shrinking_b_decay_channels_2_r2,branch_count,T=400,1301,1,6,3259386,0.0727819,True,False,4058,1642,1
shrinking_b_decay_channels_2_r2,branch_count,T=600,1301,1,7,3259386,0.1058468,True,False,2324,2469,1
shrinking_b_decay_channels_2_r2,branch_count,T=1000,1301,1,8,3259386,0.1360794,True,False,1,3599,1
shrinking_b_decay_channels_2_r2,branch_count,cost_model_cold,1301,1,9,3259386,0.0934788,True,False,5955,735,1
shrinking_b_decay_channels_2_r2,branch_count,timing,1302,0,0,3259386,0.1096837,True,False,2146,2569,3
shrinking_b_decay_channels_2_r2,branch_count,T=60,1302,0,1,3259386,0.1108263,True,False,6990,227,1
shrinking_b_decay_channels_2_r2,branch_count,T=100,1302,0,2,3259386,0.0852518,True,False,6647,395,1
shrinking_b_decay_channels_2_r2,branch_count,T=150,1302,0,3,3259386,0.0674198,True,False,6209,604,1
shrinking_b_decay_channels_2_r2,branch_count,T=250,1302,0,4,3259386,0.0936744,True,False,5362,1023,1
shrinking_b_decay_channels_2_r2,branch_count,T=400,1302,0,5,3259386,0.0840799,True,False,4065,1643,1
shrinking_b_decay_channels_2_r2,branch_count,T=600,1302,0,6,3259386,0.1031724,True,False,2329,2471,1
shrinking_b_decay_channels_2_r2,branch_count,T=1000,1302,0,7,3259386,0.1409568,True,False,1,3599,1
shrinking_b_decay_channels_2_r2,branch_count,cost_model_cold,1302,0,8,3259386,0.0929713,True,False,5933,734,1
shrinking_b_decay_channels_2_r2,branch_count,cost_model_warm,1302,0,9,3259386,0.0928118,True,False,5019,1177,1
shrinking_b_decay_channels_2_r2,branch_count,T=60,1302,1,0,3259386,0.0962229,True,False,6990,227,1
shrinking_b_decay_channels_2_r2,branch_count,T=100,1302,1,1,3259386,0.0851674,True,False,6647,395,1
shrinking_b_decay_channels_2_r2,branch_count,T=150,1302,1,2,3259386,0.1034374,True,False,6209,604,1
shrinking_b_decay_channels_2_r2,branch_count,T=250,1302,1,3,3259386,0.062656,True,False,5362,1023,1
shrinking_b_decay_channels_2_r2,branch_count,T=400,1302,1,4,3259386,0.0497382,True,False,4065,1643,1
shrinking_b_decay_channels_2_r2,branch_count,T=600,1302,1,5,3259386,0.0868806,True,False,2329,2471,1
shrinking_b_decay_channels_2_r2,branch_count,T=1000,1302,1,6,3259386,0.1347174,True,False,1,3599,1
shrinking_b_decay_channels_2_r2,branch_count,cost_model_cold,1302,1,7,3259386,0.059154,True,False,5933,734,1
shrinking_b_decay_channels_2_r2,branch_count,cost_model_warm,1302,1,8,3259386,0.0669825,True,False,5019,1177,1
shrinking_b_decay_channels_2_r2,branch_count,timing,1302,1,9,3259386,0.082755,True,False,6558,396,4
shrinking_b_decay_channels_2_r2,branch_count,T=100,1303,0,0,3259386,0.0638087,True,False,6597,396,1
shrinking_b_decay_channels_2_r2,branch_count,T=150,1303,0,1,3259386,0.0742591,True,False,6178,600,1
shrinking_b_decay_channels_2_r2,branch_count,T=250,1303,0,2,3259386,0.0658038,True,False,5324,1020,1
shrinking_b_decay_channels_2_r2,branch_count,T=400,1303,0,3,3259386,0.0897797,True,False,4044,1640,1
shrinking_b_decay_channels_2_r2,branch_count,T=600,1303,0,4,3259386,0.0843579,True,False,2331,2465,1
shrinking_b_decay_channels_2_r2,branch_count,T=1000,1303,0,5,3259386,0.1183915,True,False,1,3594,1
shrinking_b_decay_channels_2_r2,branch_count,cost_model_cold,1303,0,6,3259386,0.0534926,True,False,5901,735,1
shrinking_b_decay_channels_2_r2,branch_count,cost_model_warm,1303,0,7,3259386,0.0521716,True,False,5007,1176,1
shrinking_b_decay_channels_2_r2,branch_count,timing,1303,0,8,3259386,0.0972814,True,False,7512,2,2
shrinking_b_decay_channels_2_r2,branch_count,T=60,1303,0,9,3259386,0.063251,True,False,6915,229,1
shrinking_b_decay_channels_2_r2,branch_count,T=150,1303,1,0,3259386,0.0556582,True,False,6178,600,1
shrinking_b_decay_channels_2_r2,branch_count,T=250,1303,1,1,3259386,0.1051619,True,False,5324,1020,1
shrinking_b_decay_channels_2_r2,branch_count,T=400,1303,1,2,3259386,0.1002977,True,False,4044,1640,1
shrinking_b_decay_channels_2_r2,branch_count,T=600,1303,1,3,3259386,0.1048316,True,False,2331,2465,1
shrinking_b_decay_channels_2_r2,branch_count,T=1000,1303,1,4,3259386,0.1372479,True,False,1,3594,1
shrinking_b_decay_channels_2_r2,branch_count,cost_model_cold,1303,1,5,3259386,0.058703,True,False,5901,735,1
shrinking_b_decay_channels_2_r2,branch_count,cost_model_warm,1303,1,6,3259386,0.0929825,True,False,5007,1176,1
shrinking_b_decay_channels_2_r2,branch_count,timing,1303,1,7,3259386,0.094518,True,False,7512,2,2
shrinking_b_decay_channels_2_r2,branch_count,T=60,1303,1,8,3259386,0.0966226,True,False,6915,229,1
shrinking_b_decay_channels_2_r2,branch_count,T=100,1303,1,9,3259386,0.0933588,True,False,6597,396,1
shrinking_b_decay_channels_2_r2,branch_count,T=250,1304,0,0,3259386,0.0963826,True,False,5358,1020,1
shrinking_b_decay_channels_2_r2,branch_count,T=400,1304,0,1,3259386,0.0968365,True,False,4095,1643,1
shrinking_b_decay_channels_2_r2,branch_count,T=600,1304,0,2,3259386,0.1041702,True,False,2382,2466,1
shrinking_b_decay_channels_2_r2,branch_count,T=1000,1304,0,3,3259386,0.1517079,True,False,1,3593,1
shrinking_b_decay_channels_2_r2,branch_count,cost_model_cold,1304,0,4,3259386,0.102199,True,False,5933,736,1
shrinking_b_decay_channels_2_r2,branch_count,cost_model_warm,1304,0,5,3259386,0.0656985,True,False,5043,1179,1
shrinking_b_decay_channels_2_r2,branch_count,timing,1304,0,6,3259386,0.079165,True,False,7427,11,6
shrinking_b_decay_channels_2_r2,branch_count,T=60,1304,0,7,3259386,0.0563395,True,False,6993,227,1
shrinking_b_decay_channels_2_r2,branch_count,T=100,1304,0,8,3259386,0.0636455,True,False,6641,393,1
shrinking_b_decay_channels_2_r2,branch_count,T=150,1304,0,9,3259386,0.0888621,True,False,6208,599,1
shrinking_b_decay_channels_2_r2,branch_count,T=400,1304,1,0,3259386,0.0876711,True,False,4095,1643,1
shrinking_b_decay_channels_2_r2,branch_count,T=600,1304,1,1,3259386,0.1098357,True,False,2382,2466,1
shrinking_b_decay_channels_2_r2,branch_count,T=1000,1304,1,2,3259386,0.121711,True,False,1,3593,1
shrinking_b_decay_channels_2_r2,branch_count,cost_model_cold,1304,1,3,3259386,0.1034631,True,False,5933,736,1
shrinking_b_decay_channels_2_r2,branch_count,cost_model_warm,1304,1,4,3259386,0.0855894,True,False,5043,1179,1
shrinking_b_decay_channels_2_r2,branch_count,timing,1304,1,5,3259386,0.0747689,True,False,7430,2,2
shrinking_b_decay_channels_2_r2,branch_count,T=60,1304,1,6,3259386,0.1141346,True,False,6993,227,1
shrinking_b_decay_channels_2_r2,branch_count,T=100,1304,1,7,3259386,0.1031128,True,False,6641,393,1
shrinking_b_decay_channels_2_r2,branch_count,T=150,1304,1,8,3259386,0.0857641,True,False,6208,599,1
shrinking_b_decay_channels_2_r2,branch_count,T=250,1304,1,9,3259386,0.067298,True,False,5358,1020,1
shrinking_b_decay_channels_2_r2,branch_count,T=600,1305,0,0,3259386,0.0982709,True,False,2324,2469,1
shrinking_b_decay_channels_2_r2,branch_count,T=1000,1305,0,1,3259386,0.1507944,True,False,1,3597,1
shrinking_b_decay_channels_2_r2,branch_count,cost_model_cold,1305,0,2,3259386,0.0650863,True,False,5928,735,1
shrinking_b_decay_channels_2_r2,branch_count,cost_model_warm,1305,0,3,3259386,0.0592608,True,False,5031,1175,1
shrinking_b_decay_channels_2_r2,branch_count,timing,1305,0,4,3259386,0.0627449,True,False,7411,2,2
shrinking_b_decay_channels_2_r2,branch_count,T=60,1305,0,5,3259386,0.0596773,True,False,6970,228,1
shrinking_b_decay_channels_2_r2,branch_count,T=100,1305,0,6,3259386,0.058054,True,False,6633,393,1
shrinking_b_decay_channels_2_r2,branch_count,T=150,1305,0,7,3259386,0.0962951,True,False,6216,601,1
shrinking_b_decay_channels_2_r2,branch_count,T=250,1305,0,8,3259386,0.093019,True,False,5352,1016,1
shrinking_b_decay_channels_2_r2,branch_count,T=400,1305,0,9,3259386,0.10668,True,False,4056,1637,1
shrinking_b_decay_channels_2_r2,branch_count,T=1000,1305,1,0,3259386,0.1530397,True,False,1,3597,1
shrinking_b_decay_channels_2_r2,branch_count,cost_model_cold,1305,1,1,3259386,0.0610491,True,False,5928,735,1
shrinking_b_decay_channels_2_r2,branch_count,cost_model_warm,1305,1,2,3259386,0.0779682,True,False,5031,1175,1
shrinking_b_decay_channels_2_r2,branch_count,timing,1305,1,3,3259386,0.0922068,True,False,7411,2,2
shrinking_b_decay_channels_2_r2,branch_count,T=60,1305,1,4,3259386,0.0839925,True,False,6970,228,1
shrinking_b_decay_channels_2_r2,branch_count,T=100,1305,1,5,3259386,0.1064378,True,False,6633,393,1
shrinking_b_decay_channels_2_r2,branch_count,T=150,1305,1,6,3259386,0.0885972,True,False,6216,601,1
shrinking_b_decay_channels_2_r2,branch_count,T=250,1305,1,7,3259386,0.0817994,True,False,5352,1016,1
shrinking_b_decay_channels_2_r2,branch_count,T=400,1305,1,8,3259386,0.0609623,True,False,4056,1637,1
shrinking_b_decay_channels_2_r2,branch_count,T=600,1305,1,9,3259386,0.1028812,True,False,2324,2469,1
shrinking_b_decay_channels_2_r2,branch_count,cost_model_cold,1306,0,0,3259386,0.0806021,True,False,5949,739,1
shrinking_b_decay_channels_2_r2,branch_count,cost_model_warm,1306,0,1,3259386,0.0778825,True,False,5031,1176,1
shrinking_b_decay_channels_2_r2,branch_count,timing,1306,0,2,3259386,0.0720524,True,False,7438,2,2
shrinking_b_decay_channels_2_r2,branch_count,T=60,1306,0,3,3259386,0.0769393,True,False,6985,227,1
shrinking_b_decay_channels_2_r2,branch_count,T=100,1306,0,4,3259386,0.0568668,True,False,6649,395,1
shrinking_b_decay_channels_2_r2,branch_count,T=150,1306,0,5,3259386,0.0534632,True,False,6220,601,1
shrinking_b_decay_channels_2_r2,branch_count,T=250,1306,0,6,3259386,0.0612985,True,False,5356,1017,1
shrinking_b_decay_channels_2_r2,branch_count,T=400,1306,0,7,3259386,0.0641339,True,False,4072,1638,1
shrinking_b_decay_channels_2_r2,branch_count,T=600,1306,0,8,3259386,0.0658024,True,False,2363,2473,1
shrinking_b_decay_channels_2_r2,branch_count,T=1000,1306,0,9,3259386,0.10138,True,False,1,3594,1
shrinking_b_decay_channels_2_r2,branch_count,cost_model_warm,1306,1,0,3259386,0.0639326,True,False,5031,1176,1
shrinking_b_decay_channels_2_r2,branch_count,timing,1306,1,1,3259386,0.0712842,True,False,7438,2,2
shrinking_b_decay_channels_2_r2,branch_count,T=60,1306,1,2,3259386,0.0785645,True,False,6985,227,1
shrinking_b_decay_channels_2_r2,branch_count,T=100,1306,1,3,3259386,0.0706991,True,False,6649,395,1
shrinking_b_decay_channels_2_r2,branch_count,T=150,1306,1,4,3259386,0.0844087,True,False,6220,601,1
shrinking_b_decay_channels_2_r2,branch_count,T=250,1306,1,5,3259386,0.1054816,True,False,5356,1017,1
shrinking_b_decay_channels_2_r2,branch_count,T=400,1306,1,6,3259386,0.0787684,True,False,4072,1638,1
shrinking_b_decay_channels_2_r2,branch_count,T=600,1306,1,7,3259386,0.1080724,True,False,2363,2473,1
shrinking_b_decay_channels_2_r2,branch_count,T=1000,1306,1,8,3259386,0.1298433,True,False,1,3594,1
shrinking_b_decay_channels_2_r2,branch_count,cost_model_cold,1306,1,9,3259386,0.067399,True,False,5949,739,1
shrinking_b_decay_channels_4_r05,branch_count,timing,1301,0,0,278717,0.0125155,True,False,1242,440,3
shrinking_b_decay_channels_4_r05,branch_count,T=60,1301,0,1,278717,0.0161691,True,False,1655,247,1
shrinking_b_decay_channels_4_r05,branch_count,T=100,1301,0,2,278717,0.0129428,True,False,1319,408,1
shrinking_b_decay_channels_4_r05,branch_count,T=150,1301,0,3,278717,0.0107553,True,False,905,621,1
shrinking_b_decay_channels_4_r05,branch_count,T=250,1301,0,4,278717,0.0285995,True,False,43,1041,1
shrinking_b_decay_channels_4_r05,branch_count,T=400,1301,0,5,278717,0.0190008,True,False,1,1055,1
shrinking_b_decay_channels_4_r05,branch_count,T=600,1301,0,6,278717,0.0105937,True,False,1,1055,1
shrinking_b_decay_channels_4_r05,branch_count,T=1000,1301,0,7,278717,0.0095694,True,False,1,1055,1
shrinking_b_decay_channels_4_r05,branch_count,cost_model_cold,1301,0,8,278717,0.0237842,True,False,766,681,1
shrinking_b_decay_channels_4_r05,branch_count,cost_model_warm,1301,0,9,278717,0.008026,True,False,1,1055,1
shrinking_b_decay_channels_4_r05,branch_count,T=60,1301,1,0,278717,0.0158065,True,False,1655,247,1
shrinking_b_decay_channels_4_r05,branch_count,T=100,1301,1,1,278717,0.0203418,True,False,1319,408,1
shrinking_b_decay_channels_4_r05,branch_count,T=150,1301,1,2,278717,0.0178241,True,False,905,621,1
shrinking_b_decay_channels_4_r05,branch_count,T=250,1301,1,3,278717,0.0175253,True,False,43,1041,1
shrinking_b_decay_channels_4_r05,branch_count,T=400,1301,1,4,278717,0.0171029,True,False,1,1055,1
shrinking_b_decay_channels_4_r05,branch_count,T=600,1301,1,5,278717,0.022918,True,False,1,1055,1
shrinking_b_decay_channels_4_r05,branch_count,T=1000,1301,1,6,278717,0.0160557,True,False,1,1055,1
shrinking_b_decay_channels_4_r05,branch_count,cost_model_cold,1301,1,7,278717,0.0164027,True,False,766,681,1
shrinking_b_decay_channels_4_r05,branch_count,cost_model_warm,1301,1,8,278717,0.013888,True,False,1,1055,1
shrinking_b_decay_channels_4_r05,branch_count,timing,1301,1,9,278717,0.0228074,True,False,2128,2,2
shrinking_b_decay_channels_4_r05,branch_count,T=100,1302,0,0,278717,0.0151755,True,False,1363,416,1
shrinking_b_decay_channels_4_r05,branch_count,T=150,1302,0,1,278717,0.0223226,True,False,933,621,1
shrinking_b_decay_channels_4_r05,branch_count,T=250,1302,0,2,278717,0.0199943,True,False,52,1036,1
shrinking_b_decay_channels_4_r05,branch_count,T=400,1302,0,3,278717,0.0230272,True,False,1,1059,1
shrinking_b_decay_channels_4_r05,branch_count,T=600,1302,0,4,278717,0.016065,True,False,1,1059,1
shrinking_b_decay_channels_4_r05,branch_count,T=1000,1302,0,5,278717,0.0116746,True,False,1,1059,1
shrinking_b_decay_channels_4_r05,branch_count,cost_model_cold,1302,0,6,278717,0.0109408,True,False,802,685,1
shrinking_b_decay_channels_4_r05,branch_count,cost_model_warm,1302,0,7,278717,0.0120112,True,False,1,1059,1
shrinking_b_decay_channels_4_r05,branch_count,timing,1302,0,8,278717,0.0178707,True,False,995,579,3
shrinking_b_decay_channels_4_r05,branch_count,T=60,1302,0,9,278717,0.0245128,True,False,1724,246,1
shrinking_b_decay_channels_4_r05,branch_count,T=150,1302,1,0,278717,0.0174943,True,False,933,621,1
shrinking_b_decay_channels_4_r05,branch_count,T=250,1302,1,1,278717,0.012538,True,False,52,1036,1
shrinking_b_decay_channels_4_r05,branch_count,T=400,1302,1,2,278717,0.0120101,True,False,1,1059,1
shrinking_b_decay_channels_4_r05,branch_count,T=600,1302,1,3,278717,0.0098224,True,False,1,1059,1
shrinking_b_decay_channels_4_r05,branch_count,T=1000,1302,1,4,278717,0.0137594,True,False,1,1059,1
shrinking_b_decay_channels_4_r05,branch_count,cost_model_cold,1302,1,5,278717,0.0148777,True,False,802,685,1
shrinking_b_decay_channels_4_r05,branch_count,cost_model_warm,1302,1,6,278717,0.0115284,True,False,1,1059,1
shrinking_b_decay_channels_4_r05,branch_count,timing,1302,1,7,278717,0.028391,True,False,2169,2,2
shrinking_b_decay_channels_4_r05,branch_count,T=60,1302,1,8,278717,0.0240943,True,False,1724,246,1
shrinking_b_decay_channels_4_r05,branch_count,T=100,1302,1,9,278717,0.0321192,True,False,1363,416,1
shrinking_b_decay_channels_4_r05,branch_count,T=250,1303,0,0,278717,0.011454,True,False,41,1035,1
shrinking_b_decay_channels_4_r05,branch_count,T=400,1303,0,1,278717,0.0200295,True,False,1,1055,1
shrinking_b_decay_channels_4_r05,branch_count,T=600,1303,0,2,278717,0.0212239,True,False,1,1055,1
shrinking_b_decay_channels_4_r05,branch_count,T=1000,1303,0,3,278717,0.0210036,True,False,1,1055,1
shrinking_b_decay_channels_4_r05,branch_count,cost_model_cold,1303,0,4,278717,0.0222962,True,False,768,683,1
shrinking_b_decay_channels_4_r05,branch_count,cost_model_warm,1303,0,5,278717,0.0204048,True,False,1,1055,1
shrinking_b_decay_channels_4_r05,branch_count,timing,1303,0,6,278717,0.0296703,True,False,2003,63,4
shrinking_b_decay_channels_4_r05,branch_count,T=60,1303,0,7,278717,0.0202766,True,False,1671,247,1
shrinking_b_decay_channels_4_r05,branch_count,T=100,1303,0,8,278717,0.02097,True,False,1327,413,1
shrinking_b_decay_channels_4_r05,branch_count,T=150,1303,0,9,278717,0.0163369,True,False,906,617,1
shrinking_b_decay_channels_4_r05,branch_count,T=400,1303,1,0,278717,0.0116361,True,False,1,1055,1
shrinking_b_decay_channels_4_r05,branch_count,T=600,1303,1,1,278717,0.0177304,True,False,1,1055,1
shrinking_b_decay_channels_4_r05,branch_count,T=1000,1303,1,2,278717,0.0157721,True,False,1,1055,1
shrinking_b_decay_channels_4_r05,branch_count,cost_model_cold,1303,1,3,278717,0.0222433,True,False,768,683,1
shrinking_b_decay_channels_4_r05,branch_count,cost_model_warm,1303,1,4,278717,0.0192083,True,False,1,1055,1
shrinking_b_decay_channels_4_r05,branch_count,timing,1303,1,5,278717,0.0292531,True,False,1930,100,4
shrinking_b_decay_channels_4_r05,branch_count,T=60,1303,1,6,278717,0.0238005,True,False,1671,247,1
shrinking_b_decay_channels_4_r05,branch_count,T=100,1303,1,7,278717,0.0205472,True,False,1327,413,1
shrinking_b_decay_channels_4_r05,branch_count,T=150,1303,1,8,278717,0.0158344,True,False,906,617,1
shrinking_b_decay_channels_4_r05,branch_count,T=250,1303,1,9,278717,0.0112347,True,False,41,1035,1
shrinking_b_decay_channels_4_r05,branch_count,T=600,1304,0,0,278717,0.0093918,True,False,1,1054,1
shrinking_b_decay_channels_4_r05,branch_count,T=1000,1304,0,1,278717,0.0080688,True,False,1,1054,1
shrinking_b_decay_channels_4_r05,branch_count,cost_model_cold,1304,0,2,278717,0.014039,True,False,758,683,1
shrinking_b_decay_channels_4_r05,branch_count,cost_model_warm,1304,0,3,278717,0.016411,True,False,1,1054,1
shrinking_b_decay_channels_4_r05,branch_count,timing,1304,0,4,278717,0.030059,True,False,2115,2,2
shrinking_b_decay_channels_4_r05,branch_count,T=60,1304,0,5,278717,0.02213,True,False,1638,248,1
shrinking_b_decay_channels_4_r05,branch_count,T=100,1304,0,6,278717,0.0181671,True,False,1296,417,1
shrinking_b_decay_channels_4_r05,branch_count,T=150,1304,0,7,278717,0.0171869,True,False,883,621,1
shrinking_b_decay_channels_4_r05,branch_count,T=250,1304,0,8,278717,0.0222361,True,False,42,1036,1
shrinking_b_decay_channels_4_r05,branch_count,T=400,1304,0,9,278717,0.0206409,True,False,1,1054,1
shrinking_b_decay_channels_4_r05,branch_count,T=1000,1304,1,0,278717,0.0141259,True,False,1,1054,1
shrinking_b_decay_channels_4_r05,branch_count,cost_model_cold,1304,1,1,278717,0.013277,True,False,758,683,1
shrinking_b_decay_channels_4_r05,branch_count,cost_model_warm,1304,1,2,278717,0.0109807,True,False,1,1054,1
shrinking_b_decay_channels_4_r05,branch_count,timing,1304,1,3,278717,0.0218782,True,False,2115,2,2
shrinking_b_decay_channels_4_r05,branch_count,T=60,1304,1,4,278717,0.0190025,True,False,1638,248,1
shrinking_b_decay_channels_4_r05,branch_count,T=100,1304,1,5,278717,0.0147267,True,False,1296,417,1
shrinking_b_decay_channels_4_r05,branch_count,T=150,1304,1,6,278717,0.0128636,True,False,883,621,1
shrinking_b_decay_channels_4_r05,branch_count,T=250,1304,1,7,278717,0.0135719,True,False,42,1036,1
shrinking_b_decay_channels_4_r05,branch_count,T=400,1304,1,8,278717,0.021209,True,False,1,1054,1
shrinking_b_decay_channels_4_r05,branch_count,T=600,1304,1,9,278717,0.0163493,True,False,1,1054,1
shrinking_b_decay_channels_4_r05,branch_count,cost_model_cold,1305,0,0,278717,0.0168078,True,False,738,687,1
shrinking_b_decay_channels_4_r05,branch_count,cost_model_warm,1305,0,1,278717,0.0138022,True,False,1,1058,1
shrinking_b_decay_channels_4_r05,branch_count,timing,1305,0,2,278717,0.0172536,True,False,609,756,3
shrinking_b_decay_channels_4_r05,branch_count,T=60,1305,0,3,278717,0.0213655,True,False,1653,245,1
shrinking_b_decay_channels_4_r05,branch_count,T=100,1305,0,4,278717,0.0162789,True,False,1301,415,1
shrinking_b_decay_channels_4_r05,branch_count,T=150,1305,0,5,278717,0.0202926,True,False,862,622,1
shrinking_b_decay_channels_4_r05,branch_count,T=250,1305,0,6,278717,0.0152021,True,False,45,1044,1
shrinking_b_decay_channels_4_r05,branch_count,T=400,1305,0,7,278717,0.0209546,True,False,1,1058,1
shrinking_b_decay_channels_4_r05,branch_count,T=600,1305,0,8,278717,0.019615,True,False,1,1058,1
shrinking_b_decay_channels_4_r05,branch_count,T=1000,1305,0,9,278717,0.0131177,True,False,1,1058,1
shrinking_b_decay_channels_4_r05,branch_count,cost_model_warm,1305,1,0,278717,0.0170557,True,False,1,1058,1
shrinking_b_decay_channels_4_r05,branch_count,timing,1305,1,1,278717,0.0350338,True,False,2135,2,2
shrinking_b_decay_channels_4_r05,branch_count,T=60,1305,1,2,278717,0.0275754,True,False,1653,245,1
shrinking_b_decay_channels_4_r05,branch_count,T=100,1305,1,3,278717,0.0242345,True,False,1301,415,1
shrinking_b_decay_channels_4_r05,branch_count,T=150,1305,1,4,278717,0.0172397,True,False,862,622,1
shrinking_b_decay_channels_4_r05,branch_count,T=250,1305,1,5,278717,0.0184469,True,False,45,1044,1
shrinking_b_decay_channels_4_r05,branch_count,T=400,1305,1,6,278717,0.014592,True,False,1,1058,1
shrinking_b_decay_channels_4_r05,branch_count,T=600,1305,1,7,278717,0.0119685,True,False,1,1058,1
shrinking_b_decay_channels_4_r05,branch_count,T=1000,1305,1,8,278717,0.0110053,True,False,1,1058,1
shrinking_b_decay_channels_4_r05,branch_count,cost_model_cold,1305,1,9,278717,0.0134796,True,False,738,687,1
shrinking_b_decay_channels_4_r05,branch_count,timing,1306,0,0,278717,0.0241774,True,False,2131,9,4
shrinking_b_decay_channels_4_r05,branch_count,T=60,1306,0,1,278717,0.0208233,True,False,1652,245,1
shrinking_b_decay_channels_4_r05,branch_count,T=100,1306,0,2,278717,0.0210047,True,False,1316,412,1
shrinking_b_decay_channels_4_r05,branch_count,T=150,1306,0,3,278717,0.0215548,True,False,888,621,1
shrinking_b_decay_channels_4_r05,branch_count,T=250,1306,0,4,278717,0.0198227,True,False,41,1034,1
shrinking_b_decay_channels_4_r05,branch_count,T=400,1306,0,5,278717,0.0164053,True,False,1,1053,1
shrinking_b_decay_channels_4_r05,branch_count,T=600,1306,0,6,278717,0.0214554,True,False,1,1053,1
shrinking_b_decay_channels_4_r05,branch_count,T=1000,1306,0,7,278717,0.0159755,True,False,1,1053,1
shrinking_b_decay_channels_4_r05,branch_count,cost_model_cold,1306,0,8,278717,0.0192399,True,False,757,684,1
shrinking_b_decay_channels_4_r05,branch_count,cost_model_warm,1306,0,9,278717,0.0114159,True,False,1,1053,1
shrinking_b_decay_channels_4_r05,branch_count,T=60,1306,1,0,278717,0.0191631,True,False,1652,245,1
shrinking_b_decay_channels_4_r05,branch_count,T=100,1306,1,1,278717,0.012165,True,False,1316,412,1
shrinking_b_decay_channels_4_r05,branch_count,T=150,1306,1,2,278717,0.014258,True,False,888,621,1
shrinking_b_decay_channels_4_r05,branch_count,T=250,1306,1,3,278717,0.0100396,True,False,41,1034,1
shrinking_b_decay_channels_4_r05,branch_count,T=400,1306,1,4,278717,0.0079713,True,False,1,1053,1
shrinking_b_decay_channels_4_r05,branch_count,T=600,1306,1,5,278717,0.0108312,True,False,1,1053,1
shrinking_b_decay_channels_4_r05,branch_count,T=1000,1306,1,6,278717,0.0134237,True,False,1,1053,1
shrinking_b_decay_channels_4_r05,branch_count,cost_model_cold,1306,1,7,278717,0.0092443,True,False,757,684,1
shrinking_b_decay_channels_4_r05,branch_count,cost_model_warm,1306,1,8,278717,0.0155061,True,False,1,1053,1
shrinking_b_decay_channels_4_r05,branch_count,timing,1306,1,9,278717,0.0201309,True,False,2161,2,2
shrinking_b_decay_channels_4_r1,branch_count,T=100,1301,0,0,1114871,0.0316429,True,False,3525,404,1
shrinking_b_decay_channels_4_r1,branch_count,T=150,1301,0,1,1114871,0.0254575,True,False,3087,618,1
shrinking_b_decay_channels_4_r1,branch_count,T=250,1301,0,2,1114871,0.0343605,True,False,2210,1031,1
shrinking_b_decay_channels_4_r1,branch_count,T=400,1301,0,3,1114871,0.0298104,True,False,913,1654,1
shrinking_b_decay_channels_4_r1,branch_count,T=600,1301,0,4,1114871,0.0459609,True,False,1,2103,1
shrinking_b_decay_channels_4_r1,branch_count,T=1000,1301,0,5,1114871,0.0474089,True,False,1,2103,1
shrinking_b_decay_channels_4_r1,branch_count,cost_model_cold,1301,0,6,1114871,0.0351735,True,False,2957,681,1
shrinking_b_decay_channels_4_r1,branch_count,cost_model_warm,1301,0,7,1114871,0.0627175,True,False,2124,1067,1
shrinking_b_decay_channels_4_r1,branch_count,timing,1301,0,8,1114871,0.0779029,True,False,4347,2,2
shrinking_b_decay_channels_4_r1,branch_count,T=60,1301,0,9,1114871,0.0833528,True,False,3883,236,1
shrinking_b_decay_channels_4_r1,branch_count,T=150,1301,1,0,1114871,0.05476,True,False,3087,618,1
shrinking_b_decay_channels_4_r1,branch_count,T=250,1301,1,1,1114871,0.0459377,True,False,2210,1031,1
shrinking_b_decay_channels_4_r1,branch_count,T=400,1301,1,2,1114871,0.0546989,True,False,913,1654,1
shrinking_b_decay_channels_4_r1,branch_count,T=600,1301,1,3,1114871,0.0558219,True,False,1,2103,1
shrinking_b_decay_channels_4_r1,branch_count,T=1000,1301,1,4,1114871,0.0699227,True,False,1,2103,1
shrinking_b_decay_channels_4_r1,branch_count,cost_model_cold,1301,1,5,1114871,0.0620687,True,False,2957,681,1
shrinking_b_decay_channels_4_r1,branch_count,cost_model_warm,1301,1,6,1114871,0.0543752,True,False,2124,1067,1
shrinking_b_decay_channels_4_r1,branch_count,timing,1301,1,7,1114871,0.0758382,True,False,4347,2,2
shrinking_b_decay_channels_4_r1,branch_count,T=60,1301,1,8,1114871,0.0482769,True,False,3883,236,1
shrinking_b_decay_channels_4_r1,branch_count,T=100,1301,1,9,1114871,0.0416113,True,False,3525,404,1
shrinking_b_decay_channels_4_r1,branch_count,T=250,1302,0,0,1114871,0.0512768,True,False,2225,1031,1
shrinking_b_decay_channels_4_r1,branch_count,T=400,1302,0,1,1114871,0.0353783,True,False,945,1648,1
shrinking_b_decay_channels_4_r1,branch_count,T=600,1302,0,2,1114871,0.0359148,True,False,1,2101,1
shrinking_b_decay_channels_4_r1,branch_count,T=1000,1302,0,3,1114871,0.0376264,True,False,1,2101,1
shrinking_b_decay_channels_4_r1,branch_count,cost_model_cold,1302,0,4,1114871,0.0420712,True,False,2951,677,1
shrinking_b_decay_channels_4_r1,branch_count,cost_model_warm,1302,0,5,1114871,0.0518835,True,False,2139,1068,1
shrinking_b_decay_channels_4_r1,branch_count,timing,1302,0,6,1114871,0.0699051,True,False,4364,2,2
shrinking_b_decay_channels_4_r1,branch_count,T=60,1302,0,7,1114871,0.0658612,True,False,3860,237,1
shrinking_b_decay_channels_4_r1,branch_count,T=100,1302,0,8,1114871,0.0512166,True,False,3519,405,1
shrinking_b_decay_channels_4_r1,branch_count,T=150,1302,0,9,1114871,0.0613438,True,False,3082,614,1
shrinking_b_decay_channels_4_r1,branch_count,T=400,1302,1,0,1114871,0.0610595,True,False,945,1648,1
shrinking_b_decay_channels_4_r1,branch_count,T=600,1302,1,1,1114871,0.0656085,True,False,1,2101,1
shrinking_b_decay_channels_4_r1,branch_count,T=1000,1302,1,2,1114871,0.0437141,True,False,1,2101,1
shrinking_b_decay_channels_4_r1,branch_count,cost_model_cold,1302,1,3,1114871,0.0372085,True,False,2951,677,1
shrinking_b_decay_channels_4_r1,branch_count,cost_model_warm,1302,1,4,1114871,0.0357205,True,False,2139,1068,1
shrinking_b_decay_channels_4_r1,branch_count,timing,1302,1,5,1114871,0.0455038,True,False,4364,2,2
shrinking_b_decay_channels_4_r1,branch_count,T=60,1302,1,6,1114871,0.0491572,True,False,3860,237,1
shrinking_b_decay_channels_4_r1,branch_count,T=100,1302,1,7,1114871,0.0333895,True,False,3519,405,1
shrinking_b_decay_channels_4_r1,branch_count,T=150,1302,1,8,1114871,0.0321526,True,False,3082,614,1
shrinking_b_decay_channels_4_r1,branch_count,T=250,1302,1,9,1114871,0.0412653,True,False,2225,1031,1
shrinking_b_decay_channels_4_r1,branch_count,T=600,1303,0,0,1114871,0.0727671,True,False,1,2105,1
shrinking_b_decay_channels_4_r1,branch_count,T=1000,1303,0,1,1114871,0.0741019,True,False,1,2105,1
shrinking_b_decay_channels_4_r1,branch_count,cost_model_cold,1303,0,2,1114871,0.0501041,True,False,2941,676,1
shrinking_b_decay_channels_4_r1,branch_count,cost_model_warm,1303,0,3,1114871,0.0557007,True,False,2149,1068,1
shrinking_b_decay_channels_4_r1,branch_count,timing,1303,0,4,1114871,0.0680342,True,False,4316,2,2
shrinking_b_decay_channels_4_r1,branch_count,T=60,1303,0,5,1114871,0.05598,True,False,3852,239,1
shrinking_b_decay_channels_4_r1,branch_count,T=100,1303,0,6,1114871,0.0602222,True,False,3513,404,1
shrinking_b_decay_channels_4_r1,branch_count,T=150,1303,0,7,1114871,0.0596584,True,False,3077,610,1
shrinking_b_decay_channels_4_r1,branch_count,T=250,1303,0,8,1114871,0.0534197,True,False,2225,1031,1
shrinking_b_decay_channels_4_r1,branch_count,T=400,1303,0,9,1114871,0.0422886,True,False,943,1651,1
shrinking_b_decay_channels_4_r1,branch_count,T=1000,1303,1,0,1114871,0.0494929,True,False,1,2105,1
shrinking_b_decay_channels_4_r1,branch_count,cost_model_cold,1303,1,1,1114871,0.028336,True,False,2941,676,1
shrinking_b_decay_channels_4_r1,branch_count,cost_model_warm,1303,1,2,1114871,0.0274099,True,False,2149,1068,1
shrinking_b_decay_channels_4_r1,branch_count,timing,1303,1,3,1114871,0.0349658,True,False,4316,2,2
shrinking_b_decay_channels_4_r1,branch_count,T=60,1303,1,4,1114871,0.0538037,True,False,3852,239,1
shrinking_b_decay_channels_4_r1,branch_count,T=100,1303,1,5,1114871,0.0636835,True,False,3513,404,1
shrinking_b_decay_channels_4_r1,branch_count,T=150,1303,1,6,1114871,0.0537553,True,False,3077,610,1
shrinking_b_decay_channels_4_r1,branch_count,T=250,1303,1,7,1114871,0.0383211,True,False,2225,1031,1
shrinking_b_decay_channels_4_r1,branch_count,T=400,1303,1,8,1114871,0.0517524,True,False,943,1651,1
shrinking_b_decay_channels_4_r1,branch_count,T=600,1303,1,9,1114871,0.072382,True,False,1,2105,1
shrinking_b_decay_channels_4_r1,branch_count,cost_model_cold,1304,0,0,1114871,0.0538407,True,False,2977,680,1
shrinking_b_decay_channels_4_r1,branch_count,cost_model_warm,1304,0,1,1114871,0.0443801,True,False,2170,1070,1
shrinking_b_decay_channels_4_r1,branch_count,timing,1304,0,2,1114871,0.0438088,True,False,2048,1121,3
shrinking_b_decay_channels_4_r1,branch_count,T=60,1304,0,3,1114871,0.0492692,True,False,3886,241,1
shrinking_b_decay_channels_4_r1,branch_count,T=100,1304,0,4,1114871,0.0346455,True,False,3523,402,1
shrinking_b_decay_channels_4_r1,branch_count,T=150,1304,0,5,1114871,0.0355105,True,False,3105,612,1
shrinking_b_decay_channels_4_r1,branch_count,T=250,1304,0,6,1114871,0.0312573,True,False,2258,1023,1
shrinking_b_decay_channels_4_r1,branch_count,T=400,1304,0,7,1114871,0.0569756,True,False,969,1648,1
shrinking_b_decay_channels_4_r1,branch_count,T=600,1304,0,8,1114871,0.0466815,True,False,1,2107,1
shrinking_b_decay_channels_4_r1,branch_count,T=1000,1304,0,9,1114871,0.0578585,True,False,1,2107,1
shrinking_b_decay_channels_4_r1,branch_count,cost_model_warm,1304,1,0,1114871,0.0601956,True,False,2170,1070,1
shrinking_b_decay_channels_4_r1,branch_count,timing,1304,1,1,1114871,0.0479544,True,False,1326,1459,3
shrinking_b_decay_channels_4_r1,branch_count,T=60,1304,1,2,1114871,0.0423964,True,False,3886,241,1
shrinking_b_decay_channels_4_r1,branch_count,T=100,1304,1,3,1114871,0.0425255,True,False,3523,402,1
shrinking_b_decay_channels_4_r1,branch_count,T=150,1304,1,4,1114871,0.0362924,True,False,3105,612,1
shrinking_b_decay_channels_4_r1,branch_count,T=250,1304,1,5,1114871,0.0315395,True,False,2258,1023,1
shrinking_b_decay_channels_4_r1,branch_count,T=400,1304,1,6,1114871,0.0315531,True,False,969,1648,1
shrinking_b_decay_channels_4_r1,branch_count,T=600,1304,1,7,1114871,0.0399031,True,False,1,2107,1
shrinking_b_decay_channels_4_r1,branch_count,T=1000,1304,1,8,1114871,0.0608788,True,False,1,2107,1
shrinking_b_decay_channels_4_r1,branch_count,cost_model_cold,1304,1,9,1114871,0.03856,True,False,2977,680,1
shrinking_b_decay_channels_4_r1,branch_count,timing,1305,0,0,1114871,0.044013,True,False,4399,2,2
shrinking_b_decay_channels_4_r1,branch_count,T=60,1305,0,1,1114871,0.0643458,True,False,3852,239,1
shrinking_b_decay_channels_4_r1,branch_count,T=100,1305,0,2,1114871,0.0527881,True,False,3512,406,1
shrinking_b_decay_channels_4_r1,branch_count,T=150,1305,0,3,1114871,0.0392121,True,False,3085,614,1
shrinking_b_decay_channels_4_r1,branch_count,T=250,1305,0,4,1114871,0.048181,True,False,2227,1026,1
shrinking_b_decay_channels_4_r1,branch_count,T=400,1305,0,5,1114871,0.0273249,True,False,946,1653,1
shrinking_b_decay_channels_4_r1,branch_count,T=600,1305,0,6,1114871,0.0556752,True,False,1,2105,1
shrinking_b_decay_channels_4_r1,branch_count,T=1000,1305,0,7,1114871,0.0435646,True,False,1,2105,1
shrinking_b_decay_channels_4_r1,branch_count,cost_model_cold,1305,0,8,1114871,0.0526659,True,False,2950,678,1
shrinking_b_decay_channels_4_r1,branch_count,cost_model_warm,1305,0,9,1114871,0.0349928,True,False,2148,1066,1
shrinking_b_decay_channels_4_r1,branch_count,T=60,1305,1,0,1114871,0.0561482,True,False,3852,239,1
shrinking_b_decay_channels_4_r1,branch_count,T=100,1305,1,1,1114871,0.0414728,True,False,3512,406,1
shrinking_b_decay_channels_4_r1,branch_count,T=150,1305,1,2,1114871,0.0462186,True,False,3085,614,1
shrinking_b_decay_channels_4_r1,branch_count,T=250,1305,1,3,1114871,0.0487745,True,False,2227,1026,1
shrinking_b_decay_channels_4_r1,branch_count,T=400,1305,1,4,1114871,0.0355146,True,False,946,1653,1
shrinking_b_decay_channels_4_r1,branch_count,T=600,1305,1,5,1114871,0.0547877,True,False,1,2105,1
shrinking_b_decay_channels_4_r1,branch_count,T=1000,1305,1,6,1114871,0.0428799,True,False,1,2105,1
shrinking_b_decay_channels_4_r1,branch_count,cost_model_cold,1305,1,7,1114871,0.0447792,True,False,2950,678,1
shrinking_b_decay_channels_4_r1,branch_count,cost_model_warm,1305,1,8,1114871,0.0412218,True,False,2148,1066,1
shrinking_b_decay_channels_4_r1,branch_count,timing,1305,1,9,1114871,0.0639331,True,False,4217,67,4
shrinking_b_decay_channels_4_r1,branch_count,T=100,1306,0,0,1114871,0.0523858,True,False,3524,406,1
shrinking_b_decay_channels_4_r1,branch_count,T=150,1306,0,1,1114871,0.0415104,True,False,3071,611,1
shrinking_b_decay_channels_4_r1,branch_count,T=250,1306,0,2,1114871,0.0344903,True,False,2195,1031,1
shrinking_b_decay_channels_4_r1,branch_count,T=400,1306,0,3,1114871,0.0405745,True,False,942,1649,1
shrinking_b_decay_channels_4_r1,branch_count,T=600,1306,0,4,1114871,0.0424501,True,False,1,2105,1
shrinking_b_decay_channels_4_r1,branch_count,T=1000,1306,0,5,1114871,0.0481723,True,False,1,2105,1
shrinking_b_decay_channels_4_r1,branch_count,cost_model_cold,1306,0,6,1114871,0.0442418,True,False,2940,675,1
shrinking_b_decay_channels_4_r1,branch_count,cost_model_warm,1306,0,7,1114871,0.0307669,True,False,2116,1072,1
shrinking_b_decay_channels_4_r1,branch_count,timing,1306,0,8,1114871,0.0310899,True,False,1193,1536,3
shrinking_b_decay_channels_4_r1,branch_count,T=60,1306,0,9,1114871,0.0429945,True,False,3877,239,1
shrinking_b_decay_channels_4_r1,branch_count,T=150,1306,1,0,1114871,0.0283127,True,False,3071,611,1
shrinking_b_decay_channels_4_r1,branch_count,T=250,1306,1,1,1114871,0.0250723,True,False,2195,1031,1
shrinking_b_decay_channels_4_r1,branch_count,T=400,1306,1,2,1114871,0.054761,True,False,942,1649,1
shrinking_b_decay_channels_4_r1,branch_count,T=600,1306,1,3,1114871,0.0467041,True,False,1,2105,1
shrinking_b_decay_channels_4_r1,branch_count,T=1000,1306,1,4,1114871,0.0459436,True,False,1,2105,1
shrinking_b_decay_channels_4_r1,branch_count,cost_model_cold,1306,1,5,1114871,0.0290576,True,False,2940,675,1
shrinking_b_decay_channels_4_r1,branch_count,cost_model_warm,1306,1,6,1114871,0.0297242,True,False,2116,1072,1
shrinking_b_decay_channels_4_r1,branch_count,timing,1306,1,7,1114871,0.0419264,True,False,4327,2,2
shrinking_b_decay_channels_4_r1,branch_count,T=60,1306,1,8,1114871,0.0383583,True,False,3877,239,1
shrinking_b_decay_channels_4_r1,branch_count,T=100,1306,1,9,1114871,0.0341037,True,False,3524,406,1
shrinking_b_decay_channels_4_r2,branch_count,T=250,1301,0,0,4459484,0.0781174,True,False,6597,1011,1
shrinking_b_decay_channels_4_r2,branch_count,T=400,1301,0,1,4459484,0.1096846,True,False,5302,1633,1
shrinking_b_decay_channels_4_r2,branch_count,T=600,1301,0,2,4459484,0.1148732,True,False,3616,2464,1
shrinking_b_decay_channels_4_r2,branch_count,T=1000,1301,0,3,4459484,0.1525978,True,False,176,4121,1
shrinking_b_decay_channels_4_r2,branch_count,cost_model_cold,1301,0,4,4459484,0.0831818,True,False,7320,660,1
shrinking_b_decay_channels_4_r2,branch_count,cost_model_warm,1301,0,5,4459484,0.0963643,True,False,6508,1055,1
shrinking_b_decay_channels_4_r2,branch_count,timing,1301,0,6,4459484,0.0977117,True,False,8664,4,4
shrinking_b_decay_channels_4_r2,branch_count,T=60,1301,0,7,4459484,0.0871308,True,False,8241,224,1
shrinking_b_decay_channels_4_r2,branch_count,T=100,1301,0,8,4459484,0.1003323,True,False,7909,391,1
shrinking_b_decay_channels_4_r2,branch_count,T=150,1301,0,9,4459484,0.0933588,True,False,7459,598,1
shrinking_b_decay_channels_4_r2,branch_count,T=400,1301,1,0,4459484,0.0972997,True,False,5302,1633,1
shrinking_b_decay_channels_4_r2,branch_count,T=600,1301,1,1,4459484,0.0866013,True,False,3616,2464,1
shrinking_b_decay_channels_4_r2,branch_count,T=1000,1301,1,2,4459484,0.2348641,True,False,176,4121,1
shrinking_b_decay_channels_4_r2,branch_count,cost_model_cold,1301,1,3,4459484,0.1068498,True,False,7320,660,1
shrinking_b_decay_channels_4_r2,branch_count,cost_model_warm,1301,1,4,4459484,0.0858678,True,False,6508,1055,1
shrinking_b_decay_channels_4_r2,branch_count,timing,1301,1,5,4459484,0.1379067,True,False,8664,4,4
shrinking_b_decay_channels_4_r2,branch_count,T=60,1301,1,6,4459484,0.1171939,True,False,8241,224,1
shrinking_b_decay_channels_4_r2,branch_count,T=100,1301,1,7,4459484,0.0732955,True,False,7909,391,1
shrinking_b_decay_channels_4_r2,branch_count,T=150,1301,1,8,4459484,0.1259822,True,False,7459,598,1
shrinking_b_decay_channels_4_r2,branch_count,T=250,1301,1,9,4459484,0.1214868,True,False,6597,1011,1
shrinking_b_decay_channels_4_r2,branch_count,T=600,1302,0,0,4459484,0.1563369,True,False,3666,2462,1
shrinking_b_decay_channels_4_r2,branch_count,T=1000,1302,0,1,4459484,0.2647921,True,False,175,4117,1
shrinking_b_decay_channels_4_r2,branch_count,cost_model_cold,1302,0,2,4459484,0.0999583,True,False,7343,664,1
shrinking_b_decay_channels_4_r2,branch_count,cost_model_warm,1302,0,3,4459484,0.0971138,True,False,6522,1058,1
shrinking_b_decay_channels_4_r2,branch_count,timing,1302,0,4,4459484,0.0983673,True,False,8713,4,4
shrinking_b_decay_channels_4_r2,branch_count,T=60,1302,0,5,4459484,0.1020735,True,False,8266,223,1
shrinking_b_decay_channels_4_r2,branch_count,T=100,1302,0,6,4459484,0.1148823,True,False,7922,389,1
shrinking_b_decay_channels_4_r2,branch_count,T=150,1302,0,7,4459484,0.1272055,True,False,7474,598,1
shrinking_b_decay_channels_4_r2,branch_count,T=250,1302,0,8,4459484,0.1038902,True,False,6604,1012,1
shrinking_b_decay_channels_4_r2,branch_count,T=400,1302,0,9,4459484,0.1122599,True,False,5335,1638,1
shrinking_b_decay_channels_4_r2,branch_count,T=1000,1302,1,0,4459484,0.2247884,True,False,175,4117,1
shrinking_b_decay_channels_4_r2,branch_count,cost_model_cold,1302,1,1,4459484,0.1169467,True,False,7343,664,1
shrinking_b_decay_channels_4_r2,branch_count,cost_model_warm,1302,1,2,4459484,0.1236902,True,False,6522,1058,1
shrinking_b_decay_channels_4_r2,branch_count,timing,1302,1,3,4459484,0.1298977,True,False,8713,4,4
shrinking_b_decay_channels_4_r2,branch_count,T=60,1302,1,4,4459484,0.1549759,True,False,8266,223,1
shrinking_b_decay_channels_4_r2,branch_count,T=100,1302,1,5,4459484,0.1764421,True,False,7922,389,1
shrinking_b_decay_channels_4_r2,branch_count,T=150,1302,1,6,4459484,0.1291678,True,False,7474,598,1
shrinking_b_decay_channels_4_r2,branch_count,T=250,1302,1,7,4459484,0.13254,True,False,6604,1012,1
shrinking_b_decay_channels_4_r2,branch_count,T=400,1302,1,8,4459484,0.1064953,True,False,5335,1638,1
shrinking_b_decay_channels_4_r2,branch_count,T=600,1302,1,9,4459484,0.1543308,True,False,3666,2462,1
shrinking_b_decay_channels_4_r2,branch_count,cost_model_cold,1303,0,0,4459484,0.1333023,True,False,7386,660,1
shrinking_b_decay_channels_4_r2,branch_count,cost_model_warm,1303,0,1,4459484,0.1098695,True,False,6577,1053,1
shrinking_b_decay_channels_4_r2,branch_count,timing,1303,0,2,4459484,0.1402786,True,False,8690,4,4
shrinking_b_decay_channels_4_r2,branch_count,T=60,1303,0,3,4459484,0.1965227,True,False,8318,222,1
shrinking_b_decay_channels_4_r2,branch_count,T=100,1303,0,4,4459484,0.1290809,True,False,7963,388,1
shrinking_b_decay_channels_4_r2,branch_count,T=150,1303,0,5,4459484,0.1329653,True,False,7517,598,1
shrinking_b_decay_channels_4_r2,branch_count,T=250,1303,0,6,4459484,0.1670596,True,False,6663,1009,1
shrinking_b_decay_channels_4_r2,branch_count,T=400,1303,0,7,4459484,0.1607677,True,False,5366,1638,1
shrinking_b_decay_channels_4_r2,branch_count,T=600,1303,0,8,4459484,0.1752543,True,False,3641,2459,1
shrinking_b_decay_channels_4_r2,branch_count,T=1000,1303,0,9,4459484,0.2310998,True,False,174,4122,1
shrinking_b_decay_channels_4_r2,branch_count,cost_model_warm,1303,1,0,4459484,0.119079,True,False,6577,1053,1
shrinking_b_decay_channels_4_r2,branch_count,timing,1303,1,1,4459484,0.1236992,True,False,8690,4,4
shrinking_b_decay_channels_4_r2,branch_count,T=60,1303,1,2,4459484,0.1360303,True,False,8318,222,1
shrinking_b_decay_channels_4_r2,branch_count,T=100,1303,1,3,4459484,0.1320599,True,False,7963,388,1
shrinking_b_decay_channels_4_r2,branch_count,T=150,1303,1,4,4459484,0.1329963,True,False,7517,598,1
shrinking_b_decay_channels_4_r2,branch_count,T=250,1303,1,5,4459484,0.1098125,True,False,6663,1009,1
shrinking_b_decay_channels_4_r2,branch_count,T=400,1303,1,6,4459484,0.1566194,True,False,5366,1638,1
shrinking_b_decay_channels_4_r2,branch_count,T=600,1303,1,7,4459484,0.1516951,True,False,3641,2459,1
shrinking_b_decay_channels_4_r2,branch_count,T=1000,1303,1,8,4459484,0.3256092,True,False,174,4122,1
shrinking_b_decay_channels_4_r2,branch_count,cost_model_cold,1303,1,9,4459484,0.150142,True,False,7386,660,1
shrinking_b_decay_channels_4_r2,branch_count,timing,1304,0,0,4459484,0.1053126,True,False,8665,4,4
shrinking_b_decay_channels_4_r2,branch_count,T=60,1304,0,1,4459484,0.1148814,True,False,8276,219,1
shrinking_b_decay_channels_4_r2,branch_count,T=100,1304,0,2,4459484,0.1023755,True,False,7916,393,1
shrinking_b_decay_channels_4_r2,branch_count,T=150,1304,0,3,4459484,0.1050432,True,False,7478,599,1
shrinking_b_decay_channels_4_r2,branch_count,T=250,1304,0,4,4459484,0.0925859,True,False,6634,1013,1
shrinking_b_decay_channels_4_r2,branch_count,T=400,1304,0,5,4459484,0.0962478,True,False,5323,1638,1
shrinking_b_decay_channels_4_r2,branch_count,T=600,1304,0,6,4459484,0.1184884,True,False,3595,2466,1
shrinking_b_decay_channels_4_r2,branch_count,T=1000,1304,0,7,4459484,0.1905695,True,False,182,4123,1
shrinking_b_decay_channels_4_r2,branch_count,cost_model_cold,1304,0,8,4459484,0.0876138,True,False,7357,660,1
shrinking_b_decay_channels_4_r2,branch_count,cost_model_warm,1304,0,9,4459484,0.0891027,True,False,6544,1055,1
shrinking_b_decay_channels_4_r2,branch_count,T=60,1304,1,0,4459484,0.0907302,True,False,8276,219,1
shrinking_b_decay_channels_4_r2,branch_count,T=100,1304,1,1,4459484,0.0954749,True,False,7916,393,1
shrinking_b_decay_channels_4_r2,branch_count,T=150,1304,1,2,4459484,0.1022664,True,False,7478,599,1
shrinking_b_decay_channels_4_r2,branch_count,T=250,1304,1,3,4459484,0.101954,True,False,6634,1013,1
shrinking_b_decay_channels_4_r2,branch_count,T=400,1304,1,4,4459484,0.0970764,True,False,5323,1638,1
shrinking_b_decay_channels_4_r2,branch_count,T=600,1304,1,5,4459484,0.1459168,True,False,3595,2466,1
shrinking_b_decay_channels_4_r2,branch_count,T=1000,1304,1,6,4459484,0.2078868,True,False,182,4123,1
shrinking_b_decay_channels_4_r2,branch_count,cost_model_cold,1304,1,7,4459484,0.1202296,True,False,7357,660,1
shrinking_b_decay_channels_4_r2,branch_count,cost_model_warm,1304,1,8,4459484,0.1157337,True,False,6544,1055,1
shrinking_b_decay_channels_4_r2,branch_count,timing,1304,1,9,4459484,0.1398644,True,False,8665,4,4
shrinking_b_decay_channels_4_r2,branch_count,T=100,1305,0,0,4459484,0.0970609,True,False,7956,391,1
shrinking_b_decay_channels_4_r2,branch_count,T=150,1305,0,1,4459484,0.0998331,True,False,7529,600,1
shrinking_b_decay_channels_4_r2,branch_count,T=250,1305,0,2,4459484,0.1202043,True,False,6686,1012,1
shrinking_b_decay_channels_4_r2,branch_count,T=400,1305,0,3,4459484,0.0861999,True,False,5401,1635,1
shrinking_b_decay_channels_4_r2,branch_count,T=600,1305,0,4,4459484,0.1536295,True,False,3652,2466,1
shrinking_b_decay_channels_4_r2,branch_count,T=1000,1305,0,5,4459484,0.2166218,True,False,180,4119,1
shrinking_b_decay_channels_4_r2,branch_count,cost_model_cold,1305,0,6,4459484,0.1363124,True,False,7395,662,1
shrinking_b_decay_channels_4_r2,branch_count,cost_model_warm,1305,0,7,4459484,0.1020902,True,False,6601,1055,1
shrinking_b_decay_channels_4_r2,branch_count,timing,1305,0,8,4459484,0.0958826,True,False,8643,4,4
shrinking_b_decay_channels_4_r2,branch_count,T=60,1305,0,9,4459484,0.1107899,True,False,8283,223,1
shrinking_b_decay_channels_4_r2,branch_count,T=150,1305,1,0,4459484,0.1030643,True,False,7529,600,1
shrinking_b_decay_channels_4_r2,branch_count,T=250,1305,1,1,4459484,0.0765096,True,False,6686,1012,1
shrinking_b_decay_channels_4_r2,branch_count,T=400,1305,1,2,4459484,0.1328988,True,False,5401,1635,1
shrinking_b_decay_channels_4_r2,branch_count,T=600,1305,1,3,4459484,0.1346801,True,False,3652,2466,1
shrinking_b_decay_channels_4_r2,branch_count,T=1000,1305,1,4,4459484,0.2618009,True,False,180,4119,1
shrinking_b_decay_channels_4_r2,branch_count,cost_model_cold,1305,1,5,4459484,0.1863836,True,False,7395,662,1
shrinking_b_decay_channels_4_r2,branch_count,cost_model_warm,1305,1,6,4459484,0.1767363,True,False,6601,1055,1
shrinking_b_decay_channels_4_r2,branch_count,timing,1305,1,7,4459484,0.1881591,True,False,8701,8,8
shrinking_b_decay_channels_4_r2,branch_count,T=60,1305,1,8,4459484,0.107015,True,False,8283,223,1
shrinking_b_decay_channels_4_r2,branch_count,T=100,1305,1,9,4459484,0.1210766,True,False,7956,391,1
shrinking_b_decay_channels_4_r2,branch_count,T=250,1306,0,0,4459484,0.0980736,True,False,6583,1015,1
shrinking_b_decay_channels_4_r2,branch_count,T=400,1306,0,1,4459484,0.0830004,True,False,5306,1631,1
shrinking_b_decay_channels_4_r2,branch_count,T=600,1306,0,2,4459484,0.1072764,True,False,3600,2467,1
shrinking_b_decay_channels_4_r2,branch_count,T=1000,1306,0,3,4459484,0.1608142,True,False,180,4118,1
shrinking_b_decay_channels_4_r2,branch_count,cost_model_cold,1306,0,4,4459484,0.0806882,True,False,7304,660,1
shrinking_b_decay_channels_4_r2,branch_count,cost_model_warm,1306,0,5,4459484,0.0794928,True,False,6497,1058,1
shrinking_b_decay_channels_4_r2,branch_count,timing,1306,0,6,4459484,0.1078846,True,False,8640,4,4
shrinking_b_decay_channels_4_r2,branch_count,T=60,1306,0,7,4459484,0.1299476,True,False,8197,224,1
shrinking_b_decay_channels_4_r2,branch_count,T=100,1306,0,8,4459484,0.0990216,True,False,7846,391,1
shrinking_b_decay_channels_4_r2,branch_count,T=150,1306,0,9,4459484,0.1058734,True,False,7431,599,1
shrinking_b_decay_channels_4_r2,branch_count,T=400,1306,1,0,4459484,0.1192275,True,False,5306,1631,1
shrinking_b_decay_channels_4_r2,branch_count,T=600,1306,1,1,4459484,0.1616997,True,False,3600,2467,1
shrinking_b_decay_channels_4_r2,branch_count,T=1000,1306,1,2,4459484,0.2347891,True,False,180,4118,1
shrinking_b_decay_channels_4_r2,branch_count,cost_model_cold,1306,1,3,4459484,0.1190749,True,False,7304,660,1
shrinking_b_decay_channels_4_r2,branch_count,cost_model_warm,1306,1,4,4459484,0.1209042,True,False,6497,1058,1
shrinking_b_decay_channels_4_r2,branch_count,timing,1306,1,5,4459484,0.1264336,True,False,8640,4,4
shrinking_b_decay_channels_4_r2,branch_count,T=60,1306,1,6,4459484,0.1205067,True,False,8197,224,1
shrinking_b_decay_channels_4_r2,branch_count,T=100,1306,1,7,4459484,0.1185726,True,False,7846,391,1
shrinking_b_decay_channels_4_r2,branch_count,T=150,1306,1,8,4459484,0.1321002,True,False,7431,599,1
shrinking_b_decay_channels_4_r2,branch_count,T=250,1306,1,9,4459484,0.135253,True,False,6583,1015,1
shrinking_b_decay_channels_8_r05,branch_count,T=600,1301,0,0,113763,0.0082188,True,False,1,682,1
shrinking_b_decay_channels_8_r05,branch_count,T=1000,1301,0,1,113763,0.0136584,True,False,1,682,1
shrinking_b_decay_channels_8_r05,branch_count,cost_model_cold,1301,0,2,113763,0.0164429,True,False,158,601,1
shrinking_b_decay_channels_8_r05,branch_count,cost_model_warm,1301,0,3,113763,0.0131105,True,False,1,682,1
shrinking_b_decay_channels_8_r05,branch_count,timing,1301,0,4,113763,0.0315621,True,False,1348,19,4
shrinking_b_decay_channels_8_r05,branch_count,T=60,1301,0,5,113763,0.0119601,True,False,892,250,1
shrinking_b_decay_channels_8_r05,branch_count,T=100,1301,0,6,113763,0.0110451,True,False,534,411,1
shrinking_b_decay_channels_8_r05,branch_count,T=150,1301,0,7,113763,0.0141863,True,False,111,622,1
shrinking_b_decay_channels_8_r05,branch_count,T=250,1301,0,8,113763,0.0077471,True,False,1,682,1
shrinking_b_decay_channels_8_r05,branch_count,T=400,1301,0,9,113763,0.0076941,True,False,1,682,1
shrinking_b_decay_channels_8_r05,branch_count,T=1000,1301,1,0,113763,0.0160672,True,False,1,682,1
shrinking_b_decay_channels_8_r05,branch_count,cost_model_cold,1301,1,1,113763,0.0109649,True,False,158,601,1
shrinking_b_decay_channels_8_r05,branch_count,cost_model_warm,1301,1,2,113763,0.006076,True,False,1,682,1
shrinking_b_decay_channels_8_r05,branch_count,timing,1301,1,3,113763,0.0258442,True,False,1355,9,6
shrinking_b_decay_channels_8_r05,branch_count,T=60,1301,1,4,113763,0.0115646,True,False,892,250,1
shrinking_b_decay_channels_8_r05,branch_count,T=100,1301,1,5,113763,0.0100199,True,False,534,411,1
shrinking_b_decay_channels_8_r05,branch_count,T=150,1301,1,6,113763,0.0094002,True,False,111,622,1
shrinking_b_decay_channels_8_r05,branch_count,T=250,1301,1,7,113763,0.0101025,True,False,1,682,1
shrinking_b_decay_channels_8_r05,branch_count,T=400,1301,1,8,113763,0.0062937,True,False,1,682,1
shrinking_b_decay_channels_8_r05,branch_count,T=600,1301,1,9,113763,0.0145406,True,False,1,682,1
shrinking_b_decay_channels_8_r05,branch_count,cost_model_cold,1302,0,0,113763,0.0074712,True,False,152,601,1
shrinking_b_decay_channels_8_r05,branch_count,cost_model_warm,1302,0,1,113763,0.0106542,True,False,1,679,1
shrinking_b_decay_channels_8_r05,branch_count,timing,1302,0,2,113763,0.0153971,True,False,1344,2,2
shrinking_b_decay_channels_8_r05,branch_count,T=60,1302,0,3,113763,0.0198125,True,False,876,248,1
shrinking_b_decay_channels_8_r05,branch_count,T=100,1302,0,4,113763,0.0083014,True,False,524,417,1
shrinking_b_decay_channels_8_r05,branch_count,T=150,1302,0,5,113763,0.0072147,True,False,105,625,1
shrinking_b_decay_channels_8_r05,branch_count,T=250,1302,0,6,113763,0.0069934,True,False,1,679,1
shrinking_b_decay_channels_8_r05,branch_count,T=400,1302,0,7,113763,0.0106448,True,False,1,679,1
shrinking_b_decay_channels_8_r05,branch_count,T=600,1302,0,8,113763,0.0084139,True,False,1,679,1
shrinking_b_decay_channels_8_r05,branch_count,T=1000,1302,0,9,113763,0.0110832,True,False,1,679,1
shrinking_b_decay_channels_8_r05,branch_count,cost_model_warm,1302,1,0,113763,0.0111599,True,False,1,679,1
shrinking_b_decay_channels_8_r05,branch_count,timing,1302,1,1,113763,0.0168979,True,False,1344,2,2
shrinking_b_decay_channels_8_r05,branch_count,T=60,1302,1,2,113763,0.0187631,True,False,876,248,1
shrinking_b_decay_channels_8_r05,branch_count,T=100,1302,1,3,113763,0.0150581,True,False,524,417,1
shrinking_b_decay_channels_8_r05,branch_count,T=150,1302,1,4,113763,0.0107933,True,False,105,625,1
shrinking_b_decay_channels_8_r05,branch_count,T=250,1302,1,5,113763,0.0071447,True,False,1,679,1
shrinking_b_decay_channels_8_r05,branch_count,T=400,1302,1,6,113763,0.0088041,True,False,1,679,1
shrinking_b_decay_channels_8_r05,branch_count,T=600,1302,1,7,113763,0.0089728,True,False,1,679,1
shrinking_b_decay_channels_8_r05,branch_count,T=1000,1302,1,8,113763,0.0080407,True,False,1,679,1
shrinking_b_decay_channels_8_r05,branch_count,cost_model_cold,1302,1,9,113763,0.0145702,True,False,152,601,1
shrinking_b_decay_channels_8_r05,branch_count,timing,1303,0,0,113763,0.0077587,True,False,302,541,3
shrinking_b_decay_channels_8_r05,branch_count,T=60,1303,0,1,113763,0.0234477,True,False,905,250,1
shrinking_b_decay_channels_8_r05,branch_count,T=100,1303,0,2,113763,0.0078718,True,False,558,415,1
shrinking_b_decay_channels_8_r05,branch_count,T=150,1303,0,3,113763,0.0107368,True,False,121,622,1
shrinking_b_decay_channels_8_r05,branch_count,T=250,1303,0,4,113763,0.0082646,True,False,1,678,1
shrinking_b_decay_channels_8_r05,branch_count,T=400,1303,0,5,113763,0.0068226,True,False,1,678,1
shrinking_b_decay_channels_8_r05,branch_count,T=600,1303,0,6,113763,0.0074825,True,False,1,678,1
shrinking_b_decay_channels_8_r05,branch_count,T=1000,1303,0,7,113763,0.014128,True,False,1,678,1
shrinking_b_decay_channels_8_r05,branch_count,cost_model_cold,1303,0,8,113763,0.0154478,True,False,170,603,1
shrinking_b_decay_channels_8_r05,branch_count,cost_model_warm,1303,0,9,113763,0.0097028,True,False,1,678,1
shrinking_b_decay_channels_8_r05,branch_count,T=60,1303,1,0,113763,0.0199572,True,False,905,250,1
shrinking_b_decay_channels_8_r05,branch_count,T=100,1303,1,1,113763,0.0121746,True,False,558,415,1
shrinking_b_decay_channels_8_r05,branch_count,T=150,1303,1,2,113763,0.0122468,True,False,121,622,1
shrinking_b_decay_channels_8_r05,branch_count,T=250,1303,1,3,113763,0.0067725,True,False,1,678,1
shrinking_b_decay_channels_8_r05,branch_count,T=400,1303,1,4,113763,0.0077316,True,False,1,678,1
shrinking_b_decay_channels_8_r05,branch_count,T=600,1303,1,5,113763,0.0077598,True,False,1,678,1
shrinking_b_decay_channels_8_r05,branch_count,T=1000,1303,1,6,113763,0.0064696,True,False,1,678,1
shrinking_b_decay_channels_8_r05,branch_count,cost_model_cold,1303,1,7,113763,0.0077111,True,False,170,603,1
shrinking_b_decay_channels_8_r05,branch_count,cost_model_warm,1303,1,8,113763,0.0096137,True,False,1,678,1
shrinking_b_decay_channels_8_r05,branch_count,timing,1303,1,9,113763,0.0194316,True,False,1246,61,4
shrinking_b_decay_channels_8_r05,branch_count,T=100,1304,0,0,113763,0.0089973,True,False,557,413,1
shrinking_b_decay_channels_8_r05,branch_count,T=150,1304,0,1,113763,0.0104128,True,False,121,623,1
shrinking_b_decay_channels_8_r05,branch_count,T=250,1304,0,2,113763,0.0098599,True,False,1,678,1
shrinking_b_decay_channels_8_r05,branch_count,T=400,1304,0,3,113763,0.0066907,True,False,1,678,1
shrinking_b_decay_channels_8_r05,branch_count,T=600,1304,0,4,113763,0.0068669,True,False,1,678,1
shrinking_b_decay_channels_8_r05,branch_count,T=1000,1304,0,5,113763,0.0063159,True,False,1,678,1
shrinking_b_decay_channels_8_r05,branch_count,cost_model_cold,1304,0,6,113763,0.0089506,True,False,174,601,1
shrinking_b_decay_channels_8_r05,branch_count,cost_model_warm,1304,0,7,113763,0.0070535,True,False,1,678,1
shrinking_b_decay_channels_8_r05,branch_count,timing,1304,0,8,113763,0.0114796,True,False,1372,2,2
shrinking_b_decay_channels_8_r05,branch_count,T=60,1304,0,9,113763,0.014275,True,False,886,248,1
shrinking_b_decay_channels_8_r05,branch_count,T=150,1304,1,0,113763,0.0079005,True,False,121,623,1
shrinking_b_decay_channels_8_r05,branch_count,T=250,1304,1,1,113763,0.0115431,True,False,1,678,1
shrinking_b_decay_channels_8_r05,branch_count,T=400,1304,1,2,113763,0.0071046,True,False,1,678,1
shrinking_b_decay_channels_8_r05,branch_count,T=600,1304,1,3,113763,0.0061825,True,False,1,678,1
shrinking_b_decay_channels_8_r05,branch_count,T=1000,1304,1,4,113763,0.0062251,True,False,1,678,1
shrinking_b_decay_channels_8_r05,branch_count,cost_model_cold,1304,1,5,113763,0.0068539,True,False,174,601,1
shrinking_b_decay_channels_8_r05,branch_count,cost_model_warm,1304,1,6,113763,0.0062352,True,False,1,678,1
shrinking_b_decay_channels_8_r05,branch_count,timing,1304,1,7,113763,0.01307,True,False,1347,26,8
shrinking_b_decay_channels_8_r05,branch_count,T=60,1304,1,8,113763,0.0099557,True,False,886,248,1
shrinking_b_decay_channels_8_r05,branch_count,T=100,1304,1,9,113763,0.0076289,True,False,557,413,1
shrinking_b_decay_channels_8_r05,branch_count,T=250,1305,0,0,113763,0.0072819,True,False,1,682,1
shrinking_b_decay_channels_8_r05,branch_count,T=400,1305,0,1,113763,0.0089289,True,False,1,682,1
shrinking_b_decay_channels_8_r05,branch_count,T=600,1305,0,2,113763,0.0062378,True,False,1,682,1
shrinking_b_decay_channels_8_r05,branch_count,T=1000,1305,0,3,113763,0.0070692,True,False,1,682,1
shrinking_b_decay_channels_8_r05,branch_count,cost_model_cold,1305,0,4,113763,0.0104191,True,False,164,602,1
shrinking_b_decay_channels_8_r05,branch_count,cost_model_warm,1305,0,5,113763,0.0067108,True,False,1,682,1
shrinking_b_decay_channels_8_r05,branch_count,timing,1305,0,6,113763,0.0167047,True,False,1284,57,4
shrinking_b_decay_channels_8_r05,branch_count,T=60,1305,0,7,113763,0.0128057,True,False,887,253,1
shrinking_b_decay_channels_8_r05,branch_count,T=100,1305,0,8,113763,0.0095228,True,False,547,421,1
shrinking_b_decay_channels_8_r05,branch_count,T=150,1305,0,9,113763,0.0090997,True,False,114,625,1
shrinking_b_decay_channels_8_r05,branch_count,T=400,1305,1,0,113763,0.0122186,True,False,1,682,1
shrinking_b_decay_channels_8_r05,branch_count,T=600,1305,1,1,113763,0.0065178,True,False,1,682,1
shrinking_b_decay_channels_8_r05,branch_count,T=1000,1305,1,2,113763,0.0073954,True,False,1,682,1
shrinking_b_decay_channels_8_r05,branch_count,cost_model_cold,1305,1,3,113763,0.0064715,True,False,164,602,1
shrinking_b_decay_channels_8_r05,branch_count,cost_model_warm,1305,1,4,113763,0.0065676,True,False,1,682,1
shrinking_b_decay_channels_8_r05,branch_count,timing,1305,1,5,113763,0.0132868,True,False,1402,2,2
shrinking_b_decay_channels_8_r05,branch_count,T=60,1305,1,6,113763,0.0090138,True,False,887,253,1
shrinking_b_decay_channels_8_r05,branch_count,T=100,1305,1,7,113763,0.0083526,True,False,547,421,1
shrinking_b_decay_channels_8_r05,branch_count,T=150,1305,1,8,113763,0.0063451,True,False,114,625,1
shrinking_b_decay_channels_8_r05,branch_count,T=250,1305,1,9,113763,0.0070359,True,False,1,682,1
shrinking_b_decay_channels_8_r05,branch_count,T=600,1306,0,0,113763,0.0062663,True,False,1,678,1
shrinking_b_decay_channels_8_r05,branch_count,T=1000,1306,0,1,113763,0.0087978,True,False,1,678,1
shrinking_b_decay_channels_8_r05,branch_count,cost_model_cold,1306,0,2,113763,0.0089393,True,False,155,605,1
shrinking_b_decay_channels_8_r05,branch_count,cost_model_warm,1306,0,3,113763,0.0061583,True,False,1,678,1
shrinking_b_decay_channels_8_r05,branch_count,timing,1306,0,4,113763,0.0125785,True,False,1398,2,2
shrinking_b_decay_channels_8_r05,branch_count,T=60,1306,0,5,113763,0.0099191,True,False,877,254,1
shrinking_b_decay_channels_8_r05,branch_count,T=100,1306,0,6,113763,0.0082056,True,False,529,415,1
shrinking_b_decay_channels_8_r05,branch_count,T=150,1306,0,7,113763,0.0063074,True,False,108,621,1
shrinking_b_decay_channels_8_r05,branch_count,T=250,1306,0,8,113763,0.0069274,True,False,1,678,1
shrinking_b_decay_channels_8_r05,branch_count,T=400,1306,0,9,113763,0.0101763,True,False,1,678,1
shrinking_b_decay_channels_8_r05,branch_count,T=1000,1306,1,0,113763,0.0089863,True,False,1,678,1
shrinking_b_decay_channels_8_r05,branch_count,cost_model_cold,1306,1,1,113763,0.0068293,True,False,155,605,1
shrinking_b_decay_channels_8_r05,branch_count,cost_model_warm,1306,1,2,113763,0.0085034,True,False,1,678,1
shrinking_b_decay_channels_8_r05,branch_count,timing,1306,1,3,113763,0.013808,True,False,1398,2,2
shrinking_b_decay_channels_8_r05,branch_count,T=60,1306,1,4,113763,0.0095148,True,False,877,254,1
shrinking_b_decay_channels_8_r05,branch_count,T=100,1306,1,5,113763,0.0083485,True,False,529,415,1
shrinking_b_decay_channels_8_r05,branch_count,T=150,1306,1,6,113763,0.0111899,True,False,108,621,1
shrinking_b_decay_channels_8_r05,branch_count,T=250,1306,1,7,113763,0.0077485,True,False,1,678,1
shrinking_b_decay_channels_8_r05,branch_count,T=400,1306,1,8,113763,0.0080515,True,False,1,678,1
shrinking_b_decay_channels_8_r05,branch_count,T=600,1306,1,9,113763,0.0070657,True,False,1,678,1
shrinking_b_decay_channels_8_r1,branch_count,cost_model_cold,1301,0,0,455052,0.0239786,True,False,1556,595,1
shrinking_b_decay_channels_8_r1,branch_count,cost_model_warm,1301,0,1,455052,0.024419,True,False,837,930,1
shrinking_b_decay_channels_8_r1,branch_count,timing,1301,0,2,455052,0.0551253,True,False,2682,43,4
shrinking_b_decay_channels_8_r1,branch_count,T=60,1301,0,3,455052,0.0384596,True,False,2297,244,1
shrinking_b_decay_channels_8_r1,branch_count,T=100,1301,0,4,455052,0.0321665,True,False,1946,409,1
shrinking_b_decay_channels_8_r1,branch_count,T=150,1301,0,5,455052,0.0373685,True,False,1507,620,1
shrinking_b_decay_channels_8_r1,branch_count,T=250,1301,0,6,455052,0.1022497,True,False,622,1035,1
shrinking_b_decay_channels_8_r1,branch_count,T=400,1301,0,7,455052,0.0500865,True,False,1,1349,1
shrinking_b_decay_channels_8_r1,branch_count,T=600,1301,0,8,455052,0.0475533,True,False,1,1349,1
shrinking_b_decay_channels_8_r1,branch_count,T=1000,1301,0,9,455052,0.0391556,True,False,1,1349,1
shrinking_b_decay_channels_8_r1,branch_count,cost_model_warm,1301,1,0,455052,0.0423145,True,False,837,930,1
shrinking_b_decay_channels_8_r1,branch_count,timing,1301,1,1,455052,0.0304109,True,False,2126,307,3
shrinking_b_decay_channels_8_r1,branch_count,T=60,1301,1,2,455052,0.0307763,True,False,2297,244,1
shrinking_b_decay_channels_8_r1,branch_count,T=100,1301,1,3,455052,0.0454057,True,False,1946,409,1
shrinking_b_decay_channels_8_r1,branch_count,T=150,1301,1,4,455052,0.0263328,True,False,1507,620,1
shrinking_b_decay_channels_8_r1,branch_count,T=250,1301,1,5,455052,0.0274079,True,False,622,1035,1
shrinking_b_decay_channels_8_r1,branch_count,T=400,1301,1,6,455052,0.0361072,True,False,1,1349,1
shrinking_b_decay_channels_8_r1,branch_count,T=600,1301,1,7,455052,0.0317182,True,False,1,1349,1
shrinking_b_decay_channels_8_r1,branch_count,T=1000,1301,1,8,455052,0.0318169,True,False,1,1349,1
shrinking_b_decay_channels_8_r1,branch_count,cost_model_cold,1301,1,9,455052,0.0260842,True,False,1556,595,1
shrinking_b_decay_channels_8_r1,branch_count,timing,1302,0,0,455052,0.0310974,True,False,2771,2,2
shrinking_b_decay_channels_8_r1,branch_count,T=60,1302,0,1,455052,0.0306369,True,False,2274,243,1
shrinking_b_decay_channels_8_r1,branch_count,T=100,1302,0,2,455052,0.0286113,True,False,1927,414,1
shrinking_b_decay_channels_8_r1,branch_count,T=150,1302,0,3,455052,0.0237363,True,False,1506,618,1
shrinking_b_decay_channels_8_r1,branch_count,T=250,1302,0,4,455052,0.0242063,True,False,657,1034,1
shrinking_b_decay_channels_8_r1,branch_count,T=400,1302,0,5,455052,0.0275429,True,False,1,1349,1
shrinking_b_decay_channels_8_r1,branch_count,T=600,1302,0,6,455052,0.0285558,True,False,1,1349,1
shrinking_b_decay_channels_8_r1,branch_count,T=1000,1302,0,7,455052,0.0246455,True,False,1,1349,1
shrinking_b_decay_channels_8_r1,branch_count,cost_model_cold,1302,0,8,455052,0.0221155,True,False,1558,597,1
shrinking_b_decay_channels_8_r1,branch_count,cost_model_warm,1302,0,9,455052,0.0329469,True,False,870,932,1
shrinking_b_decay_channels_8_r1,branch_count,T=60,1302,1,0,455052,0.0368397,True,False,2274,243,1
shrinking_b_decay_channels_8_r1,branch_count,T=100,1302,1,1,455052,0.0393167,True,False,1927,414,1
shrinking_b_decay_channels_8_r1,branch_count,T=150,1302,1,2,455052,0.0266565,True,False,1506,618,1
shrinking_b_decay_channels_8_r1,branch_count,T=250,1302,1,3,455052,0.0296295,True,False,657,1034,1
shrinking_b_decay_channels_8_r1,branch_count,T=400,1302,1,4,455052,0.0335936,True,False,1,1349,1
shrinking_b_decay_channels_8_r1,branch_count,T=600,1302,1,5,455052,0.0328025,True,False,1,1349,1
shrinking_b_decay_channels_8_r1,branch_count,T=1000,1302,1,6,455052,0.0283003,True,False,1,1349,1
shrinking_b_decay_channels_8_r1,branch_count,cost_model_cold,1302,1,7,455052,0.0304177,True,False,1558,597,1
shrinking_b_decay_channels_8_r1,branch_count,cost_model_warm,1302,1,8,455052,0.0340839,True,False,870,932,1
shrinking_b_decay_channels_8_r1,branch_count,timing,1302,1,9,455052,0.0457697,True,False,2771,2,2
shrinking_b_decay_channels_8_r1,branch_count,T=100,1303,0,0,455052,0.0346528,True,False,1915,408,1
shrinking_b_decay_channels_8_r1,branch_count,T=150,1303,0,1,455052,0.0360219,True,False,1494,623,1
shrinking_b_decay_channels_8_r1,branch_count,T=250,1303,0,2,455052,0.0383849,True,False,647,1034,1
shrinking_b_decay_channels_8_r1,branch_count,T=400,1303,0,3,455052,0.0325192,True,False,1,1347,1
shrinking_b_decay_channels_8_r1,branch_count,T=600,1303,0,4,455052,0.0329905,True,False,1,1347,1
shrinking_b_decay_channels_8_r1,branch_count,T=1000,1303,0,5,455052,0.031348,True,False,1,1347,1
shrinking_b_decay_channels_8_r1,branch_count,cost_model_cold,1303,0,6,455052,0.0283173,True,False,1544,591,1
shrinking_b_decay_channels_8_r1,branch_count,cost_model_warm,1303,0,7,455052,0.0274542,True,False,872,934,1
shrinking_b_decay_channels_8_r1,branch_count,timing,1303,0,8,455052,0.0300507,True,False,2756,2,2
shrinking_b_decay_channels_8_r1,branch_count,T=60,1303,0,9,455052,0.0240822,True,False,2270,248,1
shrinking_b_decay_channels_8_r1,branch_count,T=150,1303,1,0,455052,0.0211041,True,False,1494,623,1
shrinking_b_decay_channels_8_r1,branch_count,T=250,1303,1,1,455052,0.0265457,True,False,647,1034,1
shrinking_b_decay_channels_8_r1,branch_count,T=400,1303,1,2,455052,0.0290759,True,False,1,1347,1
shrinking_b_decay_channels_8_r1,branch_count,T=600,1303,1,3,455052,0.0315258,True,False,1,1347,1
shrinking_b_decay_channels_8_r1,branch_count,T=1000,1303,1,4,455052,0.0273138,True,False,1,1347,1
shrinking_b_decay_channels_8_r1,branch_count,cost_model_cold,1303,1,5,455052,0.0227501,True,False,1544,591,1
shrinking_b_decay_channels_8_r1,branch_count,cost_model_warm,1303,1,6,455052,0.0310702,True,False,872,934,1
shrinking_b_decay_channels_8_r1,branch_count,timing,1303,1,7,455052,0.0311837,True,False,2756,2,2
shrinking_b_decay_channels_8_r1,branch_count,T=60,1303,1,8,455052,0.043541,True,False,2270,248,1
shrinking_b_decay_channels_8_r1,branch_count,T=100,1303,1,9,455052,0.0275841,True,False,1915,408,1
shrinking_b_decay_channels_8_r1,branch_count,T=250,1304,0,0,455052,0.0259343,True,False,655,1034,1
shrinking_b_decay_channels_8_r1,branch_count,T=400,1304,0,1,455052,0.0238069,True,False,1,1349,1
shrinking_b_decay_channels_8_r1,branch_count,T=600,1304,0,2,455052,0.0302269,True,False,1,1349,1
shrinking_b_decay_channels_8_r1,branch_count,T=1000,1304,0,3,455052,0.0285653,True,False,1,1349,1
shrinking_b_decay_channels_8_r1,branch_count,cost_model_cold,1304,0,4,455052,0.0201265,True,False,1571,596,1
shrinking_b_decay_channels_8_r1,branch_count,cost_model_warm,1304,0,5,455052,0.0235501,True,False,868,926,1
shrinking_b_decay_channels_8_r1,branch_count,timing,1304,0,6,455052,0.0306364,True,False,2801,2,2
shrinking_b_decay_channels_8_r1,branch_count,T=60,1304,0,7,455052,0.0257138,True,False,2317,243,1
shrinking_b_decay_channels_8_r1,branch_count,T=100,1304,0,8,455052,0.0282044,True,False,1965,407,1
shrinking_b_decay_channels_8_r1,branch_count,T=150,1304,0,9,455052,0.0254918,True,False,1523,621,1
shrinking_b_decay_channels_8_r1,branch_count,T=400,1304,1,0,455052,0.0407037,True,False,1,1349,1
shrinking_b_decay_channels_8_r1,branch_count,T=600,1304,1,1,455052,0.0457027,True,False,1,1349,1
shrinking_b_decay_channels_8_r1,branch_count,T=1000,1304,1,2,455052,0.0355918,True,False,1,1349,1
shrinking_b_decay_channels_8_r1,branch_count,cost_model_cold,1304,1,3,455052,0.0301121,True,False,1571,596,1
shrinking_b_decay_channels_8_r1,branch_count,cost_model_warm,1304,1,4,455052,0.0274375,True,False,868,926,1
shrinking_b_decay_channels_8_r1,branch_count,timing,1304,1,5,455052,0.0285628,True,False,2752,14,4
shrinking_b_decay_channels_8_r1,branch_count,T=60,1304,1,6,455052,0.0369449,True,False,2317,243,1
shrinking_b_decay_channels_8_r1,branch_count,T=100,1304,1,7,455052,0.0335369,True,False,1965,407,1
shrinking_b_decay_channels_8_r1,branch_count,T=150,1304,1,8,455052,0.0306296,True,False,1523,621,1
shrinking_b_decay_channels_8_r1,branch_count,T=250,1304,1,9,455052,0.0409618,True,False,655,1034,1
shrinking_b_decay_channels_8_r1,branch_count,T=600,1305,0,0,455052,0.0321311,True,False,1,1347,1
shrinking_b_decay_channels_8_r1,branch_count,T=1000,1305,0,1,455052,0.0308961,True,False,1,1347,1
shrinking_b_decay_channels_8_r1,branch_count,cost_model_cold,1305,0,2,455052,0.0253205,True,False,1540,597,1
shrinking_b_decay_channels_8_r1,branch_count,cost_model_warm,1305,0,3,455052,0.029475,True,False,853,932,1
shrinking_b_decay_channels_8_r1,branch_count,timing,1305,0,4,455052,0.0330324,True,False,2718,2,2
shrinking_b_decay_channels_8_r1,branch_count,T=60,1305,0,5,455052,0.0288144,True,False,2275,246,1
shrinking_b_decay_channels_8_r1,branch_count,T=100,1305,0,6,455052,0.0350828,True,False,1940,412,1
shrinking_b_decay_channels_8_r1,branch_count,T=150,1305,0,7,455052,0.0251932,True,False,1495,620,1
shrinking_b_decay_channels_8_r1,branch_count,T=250,1305,0,8,455052,0.0186368,True,False,637,1035,1
shrinking_b_decay_channels_8_r1,branch_count,T=400,1305,0,9,455052,0.0236029,True,False,1,1347,1
shrinking_b_decay_channels_8_r1,branch_count,T=1000,1305,1,0,455052,0.0305791,True,False,1,1347,1
shrinking_b_decay_channels_8_r1,branch_count,cost_model_cold,1305,1,1,455052,0.0205367,True,False,1540,597,1
shrinking_b_decay_channels_8_r1,branch_count,cost_model_warm,1305,1,2,455052,0.0237116,True,False,853,932,1
shrinking_b_decay_channels_8_r1,branch_count,timing,1305,1,3,455052,0.028641,True,False,1452,638,5
shrinking_b_decay_channels_8_r1,branch_count,T=60,1305,1,4,455052,0.0309298,True,False,2275,246,1
shrinking_b_decay_channels_8_r1,branch_count,T=100,1305,1,5,455052,0.0341402,True,False,1940,412,1
shrinking_b_decay_channels_8_r1,branch_count,T=150,1305,1,6,455052,0.0371008,True,False,1495,620,1
shrinking_b_decay_channels_8_r1,branch_count,T=250,1305,1,7,455052,0.0321995,True,False,637,1035,1
shrinking_b_decay_channels_8_r1,branch_count,T=400,1305,1,8,455052,0.0285813,True,False,1,1347,1
shrinking_b_decay_channels_8_r1,branch_count,T=600,1305,1,9,455052,0.0279433,True,False,1,1347,1
shrinking_b_decay_channels_8_r1,branch_count,cost_model_cold,1306,0,0,455052,0.0309968,True,False,1557,594,1
shrinking_b_decay_channels_8_r1,branch_count,cost_model_warm,1306,0,1,455052,0.0233001,True,False,870,929,1
shrinking_b_decay_channels_8_r1,branch_count,timing,1306,0,2,455052,0.0402595,True,False,2745,2,2
shrinking_b_decay_channels_8_r1,branch_count,T=60,1306,0,3,455052,0.0295605,True,False,2281,246,1
shrinking_b_decay_channels_8_r1,branch_count,T=100,1306,0,4,455052,0.0212078,True,False,1939,414,1
shrinking_b_decay_channels_8_r1,branch_count,T=150,1306,0,5,455052,0.0207555,True,False,1510,620,1
shrinking_b_decay_channels_8_r1,branch_count,T=250,1306,0,6,455052,0.0239119,True,False,657,1034,1
shrinking_b_decay_channels_8_r1,branch_count,T=400,1306,0,7,455052,0.0237271,True,False,1,1348,1
shrinking_b_decay_channels_8_r1,branch_count,T=600,1306,0,8,455052,0.0311618,True,False,1,1348,1
shrinking_b_decay_channels_8_r1,branch_count,T=1000,1306,0,9,455052,0.0276881,True,False,1,1348,1
shrinking_b_decay_channels_8_r1,branch_count,cost_model_warm,1306,1,0,455052,0.0254584,True,False,870,929,1
shrinking_b_decay_channels_8_r1,branch_count,timing,1306,1,1,455052,0.0257832,True,False,2745,2,2
shrinking_b_decay_channels_8_r1,branch_count,T=60,1306,1,2,455052,0.0266567,True,False,2281,246,1
shrinking_b_decay_channels_8_r1,branch_count,T=100,1306,1,3,455052,0.0226322,True,False,1939,414,1
shrinking_b_decay_channels_8_r1,branch_count,T=150,1306,1,4,455052,0.0205308,True,False,1510,620,1
shrinking_b_decay_channels_8_r1,branch_count,T=250,1306,1,5,455052,0.0208713,True,False,657,1034,1
shrinking_b_decay_channels_8_r1,branch_count,T=400,1306,1,6,455052,0.0255779,True,False,1,1348,1
shrinking_b_decay_channels_8_r1,branch_count,T=600,1306,1,7,455052,0.0234662,True,False,1,1348,1
shrinking_b_decay_channels_8_r1,branch_count,T=1000,1306,1,8,455052,0.0244302,True,False,1,1348,1
shrinking_b_decay_channels_8_r1,branch_count,cost_model_cold,1306,1,9,455052,0.0203186,True,False,1557,594,1
shrinking_b_decay_channels_8_r2,branch_count,timing,1301,0,0,1820208,0.0640883,True,False,5527,2,2
shrinking_b_decay_channels_8_r2,branch_count,T=60,1301,0,1,1820208,0.0656652,True,False,5064,234,1
shrinking_b_decay_channels_8_r2,branch_count,T=100,1301,0,2,1820208,0.0574564,True,False,4732,402,1
shrinking_b_decay_channels_8_r2,branch_count,T=150,1301,0,3,1820208,0.0534662,True,False,4295,613,1
shrinking_b_decay_channels_8_r2,branch_count,T=250,1301,0,4,1820208,0.0501235,True,False,3450,1019,1
shrinking_b_decay_channels_8_r2,branch_count,T=400,1301,0,5,1820208,0.0738982,True,False,2156,1644,1
shrinking_b_decay_channels_8_r2,branch_count,T=600,1301,0,6,1820208,0.1118733,True,False,417,2474,1
shrinking_b_decay_channels_8_r2,branch_count,T=1000,1301,0,7,1820208,0.1308482,True,False,1,2686,1
shrinking_b_decay_channels_8_r2,branch_count,cost_model_cold,1301,0,8,1820208,0.0783942,True,False,4349,585,1
shrinking_b_decay_channels_8_r2,branch_count,cost_model_warm,1301,0,9,1820208,0.0654628,True,False,3653,916,1
shrinking_b_decay_channels_8_r2,branch_count,T=60,1301,1,0,1820208,0.0690304,True,False,5064,234,1
shrinking_b_decay_channels_8_r2,branch_count,T=100,1301,1,1,1820208,0.0959196,True,False,4732,402,1
shrinking_b_decay_channels_8_r2,branch_count,T=150,1301,1,2,1820208,0.0682706,True,False,4295,613,1
shrinking_b_decay_channels_8_r2,branch_count,T=250,1301,1,3,1820208,0.0726211,True,False,3450,1019,1
shrinking_b_decay_channels_8_r2,branch_count,T=400,1301,1,4,1820208,0.0821661,True,False,2156,1644,1
shrinking_b_decay_channels_8_r2,branch_count,T=600,1301,1,5,1820208,0.1185477,True,False,417,2474,1
shrinking_b_decay_channels_8_r2,branch_count,T=1000,1301,1,6,1820208,0.1104085,True,False,1,2686,1
shrinking_b_decay_channels_8_r2,branch_count,cost_model_cold,1301,1,7,1820208,0.0536947,True,False,4349,585,1
shrinking_b_decay_channels_8_r2,branch_count,cost_model_warm,1301,1,8,1820208,0.0563409,True,False,3653,916,1
shrinking_b_decay_channels_8_r2,branch_count,timing,1301,1,9,1820208,0.0661324,True,False,5527,2,2
shrinking_b_decay_channels_8_r2,branch_count,T=100,1302,0,0,1820208,0.0548491,True,False,4739,401,1
shrinking_b_decay_channels_8_r2,branch_count,T=150,1302,0,1,1820208,0.0525607,True,False,4296,608,1
shrinking_b_decay_channels_8_r2,branch_count,T=250,1302,0,2,1820208,0.0557327,True,False,3452,1028,1
shrinking_b_decay_channels_8_r2,branch_count,T=400,1302,0,3,1820208,0.0818678,True,False,2165,1650,1
shrinking_b_decay_channels_8_r2,branch_count,T=600,1302,0,4,1820208,0.1142555,True,False,461,2475,1
shrinking_b_decay_channels_8_r2,branch_count,T=1000,1302,0,5,1820208,0.1246348,True,False,1,2688,1
shrinking_b_decay_channels_8_r2,branch_count,cost_model_cold,1302,0,6,1820208,0.0702048,True,False,4350,584,1
shrinking_b_decay_channels_8_r2,branch_count,cost_model_warm,1302,0,7,1820208,0.0767616,True,False,3660,922,1
shrinking_b_decay_channels_8_r2,branch_count,timing,1302,0,8,1820208,0.092603,True,False,5527,2,2
shrinking_b_decay_channels_8_r2,branch_count,T=60,1302,0,9,1820208,0.0794343,True,False,5092,233,1
shrinking_b_decay_channels_8_r2,branch_count,T=150,1302,1,0,1820208,0.0833058,True,False,4296,608,1
shrinking_b_decay_channels_8_r2,branch_count,T=250,1302,1,1,1820208,0.0840186,True,False,3452,1028,1
shrinking_b_decay_channels_8_r2,branch_count,T=400,1302,1,2,1820208,0.0837757,True,False,2165,1650,1
shrinking_b_decay_channels_8_r2,branch_count,T=600,1302,1,3,1820208,0.1311243,True,False,461,2475,1
shrinking_b_decay_channels_8_r2,branch_count,T=1000,1302,1,4,1820208,0.1611947,True,False,1,2688,1
shrinking_b_decay_channels_8_r2,branch_count,cost_model_cold,1302,1,5,1820208,0.0997261,True,False,4350,584,1
shrinking_b_decay_channels_8_r2,branch_count,cost_model_warm,1302,1,6,1820208,0.0904628,True,False,3660,922,1
shrinking_b_decay_channels_8_r2,branch_count,timing,1302,1,7,1820208,0.0822152,True,False,5527,2,2
shrinking_b_decay_channels_8_r2,branch_count,T=60,1302,1,8,1820208,0.1118157,True,False,5092,233,1
shrinking_b_decay_channels_8_r2,branch_count,T=100,1302,1,9,1820208,0.0815426,True,False,4739,401,1
shrinking_b_decay_channels_8_r2,branch_count,T=250,1303,0,0,1820208,0.0788429,True,False,3453,1024,1
shrinking_b_decay_channels_8_r2,branch_count,T=400,1303,0,1,1820208,0.1028457,True,False,2159,1649,1
shrinking_b_decay_channels_8_r2,branch_count,T=600,1303,0,2,1820208,0.1282143,True,False,446,2474,1
shrinking_b_decay_channels_8_r2,branch_count,T=1000,1303,0,3,1820208,0.1275976,True,False,1,2687,1
shrinking_b_decay_channels_8_r2,branch_count,cost_model_cold,1303,0,4,1820208,0.0639505,True,False,4345,587,1
shrinking_b_decay_channels_8_r2,branch_count,cost_model_warm,1303,0,5,1820208,0.0551259,True,False,3665,919,1
shrinking_b_decay_channels_8_r2,branch_count,timing,1303,0,6,1820208,0.069677,True,False,5563,2,2
shrinking_b_decay_channels_8_r2,branch_count,T=60,1303,0,7,1820208,0.063544,True,False,5054,238,1
shrinking_b_decay_channels_8_r2,branch_count,T=100,1303,0,8,1820208,0.068118,True,False,4713,404,1
shrinking_b_decay_channels_8_r2,branch_count,T=150,1303,0,9,1820208,0.0778862,True,False,4294,611,1
shrinking_b_decay_channels_8_r2,branch_count,T=400,1303,1,0,1820208,0.0820722,True,False,2159,1649,1
shrinking_b_decay_channels_8_r2,branch_count,T=600,1303,1,1,1820208,0.0941911,True,False,446,2474,1
shrinking_b_decay_channels_8_r2,branch_count,T=1000,1303,1,2,1820208,0.104632,True,False,1,2687,1
shrinking_b_decay_channels_8_r2,branch_count,cost_model_cold,1303,1,3,1820208,0.0639524,True,False,4345,587,1
shrinking_b_decay_channels_8_r2,branch_count,cost_model_warm,1303,1,4,1820208,0.0560535,True,False,3665,919,1
shrinking_b_decay_channels_8_r2,branch_count,timing,1303,1,5,1820208,0.0752419,True,False,5563,2,2
shrinking_b_decay_channels_8_r2,branch_count,T=60,1303,1,6,1820208,0.0719183,True,False,5054,238,1
shrinking_b_decay_channels_8_r2,branch_count,T=100,1303,1,7,1820208,0.080189,True,False,4713,404,1
shrinking_b_decay_channels_8_r2,branch_count,T=150,1303,1,8,1820208,0.0695719,True,False,4294,611,1
shrinking_b_decay_channels_8_r2,branch_count,T=250,1303,1,9,1820208,0.0570392,True,False,3453,1024,1
shrinking_b_decay_channels_8_r2,branch_count,T=600,1304,0,0,1820208,0.1211418,True,False,454,2477,1
shrinking_b_decay_channels_8_r2,branch_count,T=1000,1304,0,1,1820208,0.1273777,True,False,1,2690,1
shrinking_b_decay_channels_8_r2,branch_count,cost_model_cold,1304,0,2,1820208,0.076748,True,False,4385,586,1
shrinking_b_decay_channels_8_r2,branch_count,cost_model_warm,1304,0,3,1820208,0.0703989,True,False,3661,920,1
shrinking_b_decay_channels_8_r2,branch_count,timing,1304,0,4,1820208,0.0669246,True,False,5566,2,2
shrinking_b_decay_channels_8_r2,branch_count,T=60,1304,0,5,1820208,0.0674879,True,False,5127,234,1
shrinking_b_decay_channels_8_r2,branch_count,T=100,1304,0,6,1820208,0.0868544,True,False,4775,400,1
shrinking_b_decay_channels_8_r2,branch_count,T=150,1304,0,7,1820208,0.0604522,True,False,4333,608,1
shrinking_b_decay_channels_8_r2,branch_count,T=250,1304,0,8,1820208,0.0660071,True,False,3451,1023,1
shrinking_b_decay_channels_8_r2,branch_count,T=400,1304,0,9,1820208,0.0832736,True,False,2172,1649,1
shrinking_b_decay_channels_8_r2,branch_count,T=1000,1304,1,0,1820208,0.1268368,True,False,1,2690,1
shrinking_b_decay_channels_8_r2,branch_count,cost_model_cold,1304,1,1,1820208,0.0715614,True,False,4385,586,1
shrinking_b_decay_channels_8_r2,branch_count,cost_model_warm,1304,1,2,1820208,0.0674136,True,False,3661,920,1
shrinking_b_decay_channels_8_r2,branch_count,timing,1304,1,3,1820208,0.0798954,True,False,5566,2,2
shrinking_b_decay_channels_8_r2,branch_count,T=60,1304,1,4,1820208,0.1224808,True,False,5127,234,1
shrinking_b_decay_channels_8_r2,branch_count,T=100,1304,1,5,1820208,0.0856278,True,False,4775,400,1
shrinking_b_decay_channels_8_r2,branch_count,T=150,1304,1,6,1820208,0.0917262,True,False,4333,608,1
shrinking_b_decay_channels_8_r2,branch_count,T=250,1304,1,7,1820208,0.0795959,True,False,3451,1023,1
shrinking_b_decay_channels_8_r2,branch_count,T=400,1304,1,8,1820208,0.0967292,True,False,2172,1649,1
shrinking_b_decay_channels_8_r2,branch_count,T=600,1304,1,9,1820208,0.1321555,True,False,454,2477,1
shrinking_b_decay_channels_8_r2,branch_count,cost_model_cold,1305,0,0,1820208,0.0763964,True,False,4388,586,1
shrinking_b_decay_channels_8_r2,branch_count,cost_model_warm,1305,0,1,1820208,0.0730722,True,False,3688,917,1
shrinking_b_decay_channels_8_r2,branch_count,timing,1305,0,2,1820208,0.0806907,True,False,5557,2,2
shrinking_b_decay_channels_8_r2,branch_count,T=60,1305,0,3,1820208,0.0617507,True,False,5094,234,1
shrinking_b_decay_channels_8_r2,branch_count,T=100,1305,0,4,1820208,0.0635933,True,False,4763,400,1
shrinking_b_decay_channels_8_r2,branch_count,T=150,1305,0,5,1820208,0.0574236,True,False,4342,608,1
shrinking_b_decay_channels_8_r2,branch_count,T=250,1305,0,6,1820208,0.0800482,True,False,3479,1027,1
shrinking_b_decay_channels_8_r2,branch_count,T=400,1305,0,7,1820208,0.1104694,True,False,2173,1644,1
shrinking_b_decay_channels_8_r2,branch_count,T=600,1305,0,8,1820208,0.1266625,True,False,443,2472,1
shrinking_b_decay_channels_8_r2,branch_count,T=1000,1305,0,9,1820208,0.1300628,True,False,1,2689,1
shrinking_b_decay_channels_8_r2,branch_count,cost_model_warm,1305,1,0,1820208,0.0621393,True,False,3688,917,1
shrinking_b_decay_channels_8_r2,branch_count,timing,1305,1,1,1820208,0.0696473,True,False,5557,2,2
shrinking_b_decay_channels_8_r2,branch_count,T=60,1305,1,2,1820208,0.0609933,True,False,5094,234,1
shrinking_b_decay_channels_8_r2,branch_count,T=100,1305,1,3,1820208,0.055395,True,False,4763,400,1
shrinking_b_decay_channels_8_r2,branch_count,T=150,1305,1,4,1820208,0.0567695,True,False,4342,608,1
shrinking_b_decay_channels_8_r2,branch_count,T=250,1305,1,5,1820208,0.0591639,True,False,3479,1027,1
shrinking_b_decay_channels_8_r2,branch_count,T=400,1305,1,6,1820208,0.0737371,True,False,2173,1644,1
shrinking_b_decay_channels_8_r2,branch_count,T=600,1305,1,7,1820208,0.1226962,True,False,443,2472,1
shrinking_b_decay_channels_8_r2,branch_count,T=1000,1305,1,8,1820208,0.1184723,True,False,1,2689,1
shrinking_b_decay_channels_8_r2,branch_count,cost_model_cold,1305,1,9,1820208,0.0748942,True,False,4388,586,1
shrinking_b_decay_channels_8_r2,branch_count,timing,1306,0,0,1820208,0.0759157,True,False,5513,5,4
shrinking_b_decay_channels_8_r2,branch_count,T=60,1306,0,1,1820208,0.0587033,True,False,5080,235,1
shrinking_b_decay_channels_8_r2,branch_count,T=100,1306,0,2,1820208,0.0672582,True,False,4734,397,1
shrinking_b_decay_channels_8_r2,branch_count,T=150,1306,0,3,1820208,0.0638799,True,False,4319,611,1
shrinking_b_decay_channels_8_r2,branch_count,T=250,1306,0,4,1820208,0.0576091,True,False,3429,1026,1
shrinking_b_decay_channels_8_r2,branch_count,T=400,1306,0,5,1820208,0.0808456,True,False,2145,1645,1
shrinking_b_decay_channels_8_r2,branch_count,T=600,1306,0,6,1820208,0.1045869,True,False,439,2477,1
shrinking_b_decay_channels_8_r2,branch_count,T=1000,1306,0,7,1820208,0.1444192,True,False,1,2689,1
shrinking_b_decay_channels_8_r2,branch_count,cost_model_cold,1306,0,8,1820208,0.0858769,True,False,4365,584,1
shrinking_b_decay_channels_8_r2,branch_count,cost_model_warm,1306,0,9,1820208,0.0655891,True,False,3657,921,1
shrinking_b_decay_channels_8_r2,branch_count,T=60,1306,1,0,1820208,0.0630351,True,False,5080,235,1
shrinking_b_decay_channels_8_r2,branch_count,T=100,1306,1,1,1820208,0.0692671,True,False,4734,397,1
shrinking_b_decay_channels_8_r2,branch_count,T=150,1306,1,2,1820208,0.0793125,True,False,4319,611,1
shrinking_b_decay_channels_8_r2,branch_count,T=250,1306,1,3,1820208,0.0654287,True,False,3429,1026,1
shrinking_b_decay_channels_8_r2,branch_count,T=400,1306,1,4,1820208,0.078022,True,False,2145,1645,1
shrinking_b_decay_channels_8_r2,branch_count,T=600,1306,1,5,1820208,0.1098004,True,False,439,2477,1
shrinking_b_decay_channels_8_r2,branch_count,T=1000,1306,1,6,1820208,0.1217989,True,False,1,2689,1
shrinking_b_decay_channels_8_r2,branch_count,cost_model_cold,1306,1,7,1820208,0.0746973,True,False,4365,584,1
shrinking_b_decay_channels_8_r2,branch_count,cost_model_warm,1306,1,8,1820208,0.0846285,True,False,3657,921,1
shrinking_b_decay_channels_8_r2,branch_count,timing,1306,1,9,1820208,0.0824306,True,False,5543,2,2
dense_support_q4_r05,dense_support,T=100,1301,0,0,23968145,0.2450314,True,False,14576,305,1
dense_support_q4_r05,dense_support,T=150,1301,0,1,23968145,0.2063052,True,False,8151,466,1
dense_support_q4_r05,dense_support,T=250,1301,0,2,23968145,0.1746803,True,False,1746,720,1
dense_support_q4_r05,dense_support,T=400,1301,0,3,23968145,0.1748017,True,False,1,818,1
dense_support_q4_r05,dense_support,T=600,1301,0,4,23968145,0.1745669,True,False,1,818,1
dense_support_q4_r05,dense_support,T=1000,1301,0,5,23968145,0.2564386,True,False,1,818,1
dense_support_q4_r05,dense_support,cost_model_cold,1301,0,6,23968145,0.1781808,True,False,2008,707,1
dense_support_q4_r05,dense_support,cost_model_warm,1301,0,7,23968145,0.2135379,True,False,1,818,1
dense_support_q4_r05,dense_support,timing,1301,0,8,23968145,0.2011927,True,False,966,761,5
dense_support_q4_r05,dense_support,T=60,1301,0,9,23968145,0.3330937,True,False,24743,145,1
dense_support_q4_r05,dense_support,T=150,1301,1,0,23968145,0.1999674,True,False,8151,466,1
dense_support_q4_r05,dense_support,T=250,1301,1,1,23968145,0.1981534,True,False,1746,720,1
dense_support_q4_r05,dense_support,T=400,1301,1,2,23968145,0.2072435,True,False,1,818,1
dense_support_q4_r05,dense_support,T=600,1301,1,3,23968145,0.2155866,True,False,1,818,1
dense_support_q4_r05,dense_support,T=1000,1301,1,4,23968145,0.2070166,True,False,1,818,1
dense_support_q4_r05,dense_support,cost_model_cold,1301,1,5,23968145,0.2104824,True,False,2008,707,1
dense_support_q4_r05,dense_support,cost_model_warm,1301,1,6,23968145,0.1755446,True,False,1,818,1
dense_support_q4_r05,dense_support,timing,1301,1,7,23968145,0.1922137,True,False,6829,512,5
dense_support_q4_r05,dense_support,T=60,1301,1,8,23968145,0.3109536,True,False,24743,145,1
dense_support_q4_r05,dense_support,T=100,1301,1,9,23968145,0.2227738,True,False,14576,305,1
dense_support_q4_r05,dense_support,T=250,1302,0,0,23968145,0.1876312,True,False,1774,720,1
dense_support_q4_r05,dense_support,T=400,1302,0,1,23968145,0.1958385,True,False,1,818,1
dense_support_q4_r05,dense_support,T=600,1302,0,2,23968145,0.2126371,True,False,1,818,1
dense_support_q4_r05,dense_support,T=1000,1302,0,3,23968145,0.1939262,True,False,1,818,1
dense_support_q4_r05,dense_support,cost_model_cold,1302,0,4,23968145,0.1631049,True,False,2035,707,1
dense_support_q4_r05,dense_support,cost_model_warm,1302,0,5,23968145,0.1823777,True,False,1,818,1
dense_support_q4_r05,dense_support,timing,1302,0,6,23968145,0.1828985,True,False,4129,613,5
dense_support_q4_r05,dense_support,T=60,1302,0,7,23968145,0.3132869,True,False,24785,145,1
dense_support_q4_r05,dense_support,T=100,1302,0,8,23968145,0.235313,True,False,14667,305,1
dense_support_q4_r05,dense_support,T=150,1302,0,9,23968145,0.2056504,True,False,8152,466,1
dense_support_q4_r05,dense_support,T=400,1302,1,0,23968145,0.2107965,True,False,1,818,1
dense_support_q4_r05,dense_support,T=600,1302,1,1,23968145,0.1939245,True,False,1,818,1
dense_support_q4_r05,dense_support,T=1000,1302,1,2,23968145,0.2093476,True,False,1,818,1
dense_support_q4_r05,dense_support,cost_model_cold,1302,1,3,23968145,0.2155221,True,False,2035,707,1
dense_support_q4_r05,dense_support,cost_model_warm,1302,1,4,23968145,0.2042413,True,False,1,818,1
dense_support_q4_r05,dense_support,timing,1302,1,5,23968145,0.2007751,True,False,5457,560,3
dense_support_q4_r05,dense_support,T=60,1302,1,6,23968145,0.3038333,True,False,24785,145,1
dense_support_q4_r05,dense_support,T=100,1302,1,7,23968145,0.2475286,True,False,14667,305,1
dense_support_q4_r05,dense_support,T=150,1302,1,8,23968145,0.1886205,True,False,8152,466,1
dense_support_q4_r05,dense_support,T=250,1302,1,9,23968145,0.1977648,True,False,1774,720,1
dense_support_q4_r05,dense_support,T=600,1303,0,0,23968145,0.183441,True,False,1,818,1
dense_support_q4_r05,dense_support,T=1000,1303,0,1,23968145,0.1957296,True,False,1,818,1
dense_support_q4_r05,dense_support,cost_model_cold,1303,0,2,23968145,0.1721835,True,False,2058,707,1
dense_support_q4_r05,dense_support,cost_model_warm,1303,0,3,23968145,0.1707666,True,False,1,818,1
dense_support_q4_r05,dense_support,timing,1303,0,4,23968145,0.1645052,True,False,3392,644,5
dense_support_q4_r05,dense_support,T=60,1303,0,5,23968145,0.2785859,True,False,24757,145,1
dense_support_q4_r05,dense_support,T=100,1303,0,6,23968145,0.2037403,True,False,14644,305,1
dense_support_q4_r05,dense_support,T=150,1303,0,7,23968145,0.1718315,True,False,8208,466,1
dense_support_q4_r05,dense_support,T=250,1303,0,8,23968145,0.1776799,True,False,1786,720,1
dense_support_q4_r05,dense_support,T=400,1303,0,9,23968145,0.1750819,True,False,1,818,1
dense_support_q4_r05,dense_support,T=1000,1303,1,0,23968145,0.2062157,True,False,1,818,1
dense_support_q4_r05,dense_support,cost_model_cold,1303,1,1,23968145,0.222978,True,False,2058,707,1
dense_support_q4_r05,dense_support,cost_model_warm,1303,1,2,23968145,0.2095799,True,False,1,818,1
dense_support_q4_r05,dense_support,timing,1303,1,3,23968145,0.1900889,True,False,1649,727,3
dense_support_q4_r05,dense_support,T=60,1303,1,4,23968145,0.3016763,True,False,24757,145,1
dense_support_q4_r05,dense_support,T=100,1303,1,5,23968145,0.2598844,True,False,14644,305,1
dense_support_q4_r05,dense_support,T=150,1303,1,6,23968145,0.1810615,True,False,8208,466,1
dense_support_q4_r05,dense_support,T=250,1303,1,7,23968145,0.1912077,True,False,1786,720,1
dense_support_q4_r05,dense_support,T=400,1303,1,8,23968145,0.176247,True,False,1,818,1
dense_support_q4_r05,dense_support,T=600,1303,1,9,23968145,0.1828738,True,False,1,818,1
dense_support_q4_r05,dense_support,cost_model_cold,1304,0,0,23968145,0.1802649,True,False,2039,707,1
dense_support_q4_r05,dense_support,cost_model_warm,1304,0,1,23968145,0.2094473,True,False,1,817,1
dense_support_q4_r05,dense_support,timing,1304,0,2,23968145,0.1990277,True,False,7742,564,5
dense_support_q4_r05,dense_support,T=60,1304,0,3,23968145,0.3362425,True,False,24591,145,1
dense_support_q4_r05,dense_support,T=100,1304,0,4,23968145,0.2288452,True,False,14521,306,1
dense_support_q4_r05,dense_support,T=150,1304,0,5,23968145,0.1844085,True,False,8188,466,1
dense_support_q4_r05,dense_support,T=250,1304,0,6,23968145,0.1712641,True,False,1769,720,1
dense_support_q4_r05,dense_support,T=400,1304,0,7,23968145,0.2141718,True,False,1,817,1
dense_support_q4_r05,dense_support,T=600,1304,0,8,23968145,0.2826387,True,False,1,817,1
dense_support_q4_r05,dense_support,T=1000,1304,0,9,23968145,0.1630958,True,False,1,817,1
dense_support_q4_r05,dense_support,cost_model_warm,1304,1,0,23968145,0.15853,True,False,1,817,1
dense_support_q4_r05,dense_support,timing,1304,1,1,23968145,0.1877188,True,False,6684,515,3
dense_support_q4_r05,dense_support,T=60,1304,1,2,23968145,0.3420538,True,False,24591,145,1
dense_support_q4_r05,dense_support,T=100,1304,1,3,23968145,0.2605249,True,False,14521,306,1
dense_support_q4_r05,dense_support,T=150,1304,1,4,23968145,0.1949595,True,False,8188,466,1
dense_support_q4_r05,dense_support,T=250,1304,1,5,23968145,0.1828678,True,False,1769,720,1
dense_support_q4_r05,dense_support,T=400,1304,1,6,23968145,0.2055842,True,False,1,817,1
dense_support_q4_r05,dense_support,T=600,1304,1,7,23968145,0.2128886,True,False,1,817,1
dense_support_q4_r05,dense_support,T=1000,1304,1,8,23968145,0.2678967,True,False,1,817,1
dense_support_q4_r05,dense_support,cost_model_cold,1304,1,9,23968145,0.1758724,True,False,2039,707,1
dense_support_q4_r05,dense_support,timing,1305,0,0,23968145,0.1795844,True,False,826,771,3
dense_support_q4_r05,dense_support,T=60,1305,0,1,23968145,0.3127667,True,False,24686,145,1
dense_support_q4_r05,dense_support,T=100,1305,0,2,23968145,0.2468367,True,False,14559,305,1
dense_support_q4_r05,dense_support,T=150,1305,0,3,23968145,0.1948608,True,False,8113,466,1
dense_support_q4_r05,dense_support,T=250,1305,0,4,23968145,0.1882436,True,False,1779,720,1
dense_support_q4_r05,dense_support,T=400,1305,0,5,23968145,0.1922161,True,False,1,818,1
dense_support_q4_r05,dense_support,T=600,1305,0,6,23968145,0.1962244,True,False,1,818,1
dense_support_q4_r05,dense_support,T=1000,1305,0,7,23968145,0.1918753,True,False,1,818,1
dense_support_q4_r05,dense_support,cost_model_cold,1305,0,8,23968145,0.1964136,True,False,2026,707,1
dense_support_q4_r05,dense_support,cost_model_warm,1305,0,9,23968145,0.2235831,True,False,1,818,1
dense_support_q4_r05,dense_support,T=60,1305,1,0,23968145,0.3161374,True,False,24686,145,1
dense_support_q4_r05,dense_support,T=100,1305,1,1,23968145,0.2175443,True,False,14559,305,1
dense_support_q4_r05,dense_support,T=150,1305,1,2,23968145,0.1902255,True,False,8113,466,1
dense_support_q4_r05,dense_support,T=250,1305,1,3,23968145,0.1631462,True,False,1779,720,1
dense_support_q4_r05,dense_support,T=400,1305,1,4,23968145,0.1872455,True,False,1,818,1
dense_support_q4_r05,dense_support,T=600,1305,1,5,23968145,0.1703725,True,False,1,818,1
dense_support_q4_r05,dense_support,T=1000,1305,1,6,23968145,0.2433908,True,False,1,818,1
dense_support_q4_r05,dense_support,cost_model_cold,1305,1,7,23968145,0.1803833,True,False,2026,707,1
dense_support_q4_r05,dense_support,cost_model_warm,1305,1,8,23968145,0.1750603,True,False,1,818,1
dense_support_q4_r05,dense_support,timing,1305,1,9,23968145,0.1812123,True,False,972,763,3
dense_support_q4_r05,dense_support,T=100,1306,0,0,23968145,0.2116401,True,False,14608,305,1
dense_support_q4_r05,dense_support,T=150,1306,0,1,23968145,0.2253356,True,False,8206,466,1
dense_support_q4_r05,dense_support,T=250,1306,0,2,23968145,0.231522,True,False,1756,720,1
dense_support_q4_r05,dense_support,T=400,1306,0,3,23968145,0.2245251,True,False,1,817,1
dense_support_q4_r05,dense_support,T=600,1306,0,4,23968145,0.1868884,True,False,1,817,1
dense_support_q4_r05,dense_support,T=1000,1306,0,5,23968145,0.184687,True,False,1,817,1
dense_support_q4_r05,dense_support,cost_model_cold,1306,0,6,23968145,0.1803653,True,False,2031,706,1
dense_support_q4_r05,dense_support,cost_model_warm,1306,0,7,23968145,0.1993424,True,False,1,817,1
dense_support_q4_r05,dense_support,timing,1306,0,8,23968145,0.2242799,True,False,12600,379,7
dense_support_q4_r05,dense_support,T=60,1306,0,9,23968145,0.2883068,True,False,24738,145,1
dense_support_q4_r05,dense_support,T=150,1306,1,0,23968145,0.2034717,True,False,8206,466,1
dense_support_q4_r05,dense_support,T=250,1306,1,1,23968145,0.1926869,True,False,1756,720,1
dense_support_q4_r05,dense_support,T=400,1306,1,2,23968145,0.1800703,True,False,1,817,1
dense_support_q4_r05,dense_support,T=600,1306,1,3,23968145,0.169689,True,False,1,817,1
dense_support_q4_r05,dense_support,T=1000,1306,1,4,23968145,0.1575064,True,False,1,817,1
dense_support_q4_r05,dense_support,cost_model_cold,1306,1,5,23968145,0.242329,True,False,2031,706,1
dense_support_q4_r05,dense_support,cost_model_warm,1306,1,6,23968145,0.2908668,True,False,1,817,1
dense_support_q4_r05,dense_support,timing,1306,1,7,23968145,0.2239571,True,False,2452,700,5
dense_support_q4_r05,dense_support,T=60,1306,1,8,23968145,0.3113895,True,False,24738,145,1
dense_support_q4_r05,dense_support,T=100,1306,1,9,23968145,0.2166586,True,False,14608,305,1
dense_support_q4_r1,dense_support,T=250,1301,0,0,95872580,0.6413554,True,False,21825,778,1
dense_support_q4_r1,dense_support,T=400,1301,0,1,95872580,0.6302428,True,False,8709,1200,1
dense_support_q4_r1,dense_support,T=600,1301,0,2,95872580,0.7237486,True,False,1,1634,1
dense_support_q4_r1,dense_support,T=1000,1301,0,3,95872580,0.8122023,True,False,1,1634,1
dense_support_q4_r1,dense_support,cost_model_cold,1301,0,4,95872580,0.5948781,True,False,21878,777,1
dense_support_q4_r1,dense_support,cost_model_warm,1301,0,5,95872580,0.6200606,True,False,8882,1194,1
dense_support_q4_r1,dense_support,timing,1301,0,6,95872580,0.6402845,True,False,5199,1356,5
dense_support_q4_r1,dense_support,T=60,1301,0,7,95872580,0.9042906,True,False,81344,0,0
dense_support_q4_r1,dense_support,T=100,1301,0,8,95872580,0.801243,True,False,58254,192,1
dense_support_q4_r1,dense_support,T=150,1301,0,9,95872580,0.6542855,True,False,40080,419,1
dense_support_q4_r1,dense_support,T=400,1301,1,0,95872580,0.7259545,True,False,8709,1200,1
dense_support_q4_r1,dense_support,T=600,1301,1,1,95872580,0.7481164,True,False,1,1634,1
dense_support_q4_r1,dense_support,T=1000,1301,1,2,95872580,0.8765955,True,False,1,1634,1
dense_support_q4_r1,dense_support,cost_model_cold,1301,1,3,95872580,0.6929631,True,False,21878,777,1
dense_support_q4_r1,dense_support,cost_model_warm,1301,1,4,95872580,0.7378432,True,False,8882,1194,1
dense_support_q4_r1,dense_support,timing,1301,1,5,95872580,0.6229288,True,False,18846,860,7
dense_support_q4_r1,dense_support,T=60,1301,1,6,95872580,1.1721165,True,False,81344,0,0
dense_support_q4_r1,dense_support,T=100,1301,1,7,95872580,0.9061936,True,False,58254,192,1
dense_support_q4_r1,dense_support,T=150,1301,1,8,95872580,0.7289027,True,False,40080,419,1
dense_support_q4_r1,dense_support,T=250,1301,1,9,95872580,0.7207919,True,False,21825,778,1
dense_support_q4_r1,dense_support,T=600,1302,0,0,95872580,0.7742537,True,False,1,1634,1
dense_support_q4_r1,dense_support,T=1000,1302,0,1,95872580,0.7149697,True,False,1,1634,1
dense_support_q4_r1,dense_support,cost_model_cold,1302,0,2,95872580,0.6618339,True,False,21927,777,1
dense_support_q4_r1,dense_support,cost_model_warm,1302,0,3,95872580,0.6276429,True,False,8885,1193,1
dense_support_q4_r1,dense_support,timing,1302,0,4,95872580,0.7753546,True,False,28017,640,11
dense_support_q4_r1,dense_support,T=60,1302,0,5,95872580,0.9410325,True,False,81319,0,0
dense_support_q4_r1,dense_support,T=100,1302,0,6,95872580,0.6976524,True,False,58134,192,1
dense_support_q4_r1,dense_support,T=150,1302,0,7,95872580,0.6722188,True,False,39978,419,1
dense_support_q4_r1,dense_support,T=250,1302,0,8,95872580,0.6986194,True,False,21871,778,1
dense_support_q4_r1,dense_support,T=400,1302,0,9,95872580,0.7415577,True,False,8717,1200,1
dense_support_q4_r1,dense_support,T=1000,1302,1,0,95872580,0.9358705,True,False,1,1634,1
dense_support_q4_r1,dense_support,cost_model_cold,1302,1,1,95872580,0.657145,True,False,21927,777,1
dense_support_q4_r1,dense_support,cost_model_warm,1302,1,2,95872580,0.9843698,True,False,8885,1193,1
dense_support_q4_r1,dense_support,timing,1302,1,3,95872580,0.829203,True,False,21694,785,7
dense_support_q4_r1,dense_support,T=60,1302,1,4,95872580,1.2763609,True,False,81319,0,0
dense_support_q4_r1,dense_support,T=100,1302,1,5,95872580,1.0358756,True,False,58134,192,1
dense_support_q4_r1,dense_support,T=150,1302,1,6,95872580,0.8413417,True,False,39978,419,1
dense_support_q4_r1,dense_support,T=250,1302,1,7,95872580,0.9292896,True,False,21871,778,1
dense_support_q4_r1,dense_support,T=400,1302,1,8,95872580,0.9964191,True,False,8717,1200,1
dense_support_q4_r1,dense_support,T=600,1302,1,9,95872580,1.0615197,True,False,1,1634,1
dense_support_q4_r1,dense_support,cost_model_cold,1303,0,0,95872580,0.7486553,True,False,21878,777,1
dense_support_q4_r1,dense_support,cost_model_warm,1303,0,1,95872580,0.7201959,True,False,8940,1193,1
dense_support_q4_r1,dense_support,timing,1303,0,2,95872580,0.8186452,True,False,33396,574,15
dense_support_q4_r1,dense_support,T=60,1303,0,3,95872580,1.1535048,True,False,81116,0,0
dense_support_q4_r1,dense_support,T=100,1303,0,4,95872580,0.8967831,True,False,58112,192,1
dense_support_q4_r1,dense_support,T=150,1303,0,5,95872580,0.6859165,True,False,39993,419,1
dense_support_q4_r1,dense_support,T=250,1303,0,6,95872580,0.5626159,True,False,21831,778,1
dense_support_q4_r1,dense_support,T=400,1303,0,7,95872580,0.674883,True,False,8752,1200,1
dense_support_q4_r1,dense_support,T=600,1303,0,8,95872580,0.7979644,True,False,1,1633,1
dense_support_q4_r1,dense_support,T=1000,1303,0,9,95872580,0.7870789,True,False,1,1633,1
dense_support_q4_r1,dense_support,cost_model_warm,1303,1,0,95872580,0.7239089,True,False,8940,1193,1
dense_support_q4_r1,dense_support,timing,1303,1,1,95872580,0.6866924,True,False,3311,1464,5
dense_support_q4_r1,dense_support,T=60,1303,1,2,95872580,1.0069797,True,False,81116,0,0
dense_support_q4_r1,dense_support,T=100,1303,1,3,95872580,0.8211512,True,False,58112,192,1
dense_support_q4_r1,dense_support,T=150,1303,1,4,95872580,0.5451771,True,False,39993,419,1
dense_support_q4_r1,dense_support,T=250,1303,1,5,95872580,0.6542799,True,False,21831,778,1
dense_support_q4_r1,dense_support,T=400,1303,1,6,95872580,0.7225304,True,False,8752,1200,1
dense_support_q4_r1,dense_support,T=600,1303,1,7,95872580,0.8887919,True,False,1,1633,1
dense_support_q4_r1,dense_support,T=1000,1303,1,8,95872580,0.87473,True,False,1,1633,1
dense_support_q4_r1,dense_support,cost_model_cold,1303,1,9,95872580,0.7075805,True,False,21878,777,1
dense_support_q4_r1,dense_support,timing,1304,0,0,95872580,0.8245599,True,False,841,1586,3
dense_support_q4_r1,dense_support,T=60,1304,0,1,95872580,1.112837,True,False,81188,0,0
dense_support_q4_r1,dense_support,T=100,1304,0,2,95872580,0.7638602,True,False,58012,192,1
dense_support_q4_r1,dense_support,T=150,1304,0,3,95872580,0.6339195,True,False,39883,419,1
dense_support_q4_r1,dense_support,T=250,1304,0,4,95872580,0.6630192,True,False,21648,778,1
dense_support_q4_r1,dense_support,T=400,1304,0,5,95872580,0.6639237,True,False,8741,1201,1
dense_support_q4_r1,dense_support,T=600,1304,0,6,95872580,0.9706012,True,False,1,1633,1
dense_support_q4_r1,dense_support,T=1000,1304,0,7,95872580,1.1098908,True,False,1,1633,1
dense_support_q4_r1,dense_support,cost_model_cold,1304,0,8,95872580,0.6802423,True,False,21708,777,1
dense_support_q4_r1,dense_support,cost_model_warm,1304,0,9,95872580,0.9364663,True,False,8918,1193,1
dense_support_q4_r1,dense_support,T=60,1304,1,0,95872580,1.1916893,True,False,81188,0,0
dense_support_q4_r1,dense_support,T=100,1304,1,1,95872580,0.924271,True,False,58012,192,1
dense_support_q4_r1,dense_support,T=150,1304,1,2,95872580,0.7634079,True,False,39883,419,1
dense_support_q4_r1,dense_support,T=250,1304,1,3,95872580,0.7436485,True,False,21648,778,1
dense_support_q4_r1,dense_support,T=400,1304,1,4,95872580,0.8886986,True,False,8741,1201,1
dense_support_q4_r1,dense_support,T=600,1304,1,5,95872580,0.9944776,True,False,1,1633,1
dense_support_q4_r1,dense_support,T=1000,1304,1,6,95872580,0.9328688,True,False,1,1633,1
dense_support_q4_r1,dense_support,cost_model_cold,1304,1,7,95872580,0.7772119,True,False,21708,777,1
dense_support_q4_r1,dense_support,cost_model_warm,1304,1,8,95872580,0.8059264,True,False,8918,1193,1
dense_support_q4_r1,dense_support,timing,1304,1,9,95872580,0.7319948,True,False,14345,994,5
dense_support_q4_r1,dense_support,T=100,1305,0,0,95872580,0.8845689,True,False,58133,192,1
dense_support_q4_r1,dense_support,T=150,1305,0,1,95872580,0.7599403,True,False,39901,419,1
dense_support_q4_r1,dense_support,T=250,1305,0,2,95872580,0.6753943,True,False,21734,778,1
dense_support_q4_r1,dense_support,T=400,1305,0,3,95872580,0.7335986,True,False,8639,1200,1
dense_support_q4_r1,dense_support,T=600,1305,0,4,95872580,0.8484058,True,False,1,1634,1
dense_support_q4_r1,dense_support,T=1000,1305,0,5,95872580,0.9371051,True,False,1,1634,1
dense_support_q4_r1,dense_support,cost_model_cold,1305,0,6,95872580,0.7172316,True,False,21792,777,1
dense_support_q4_r1,dense_support,cost_model_warm,1305,0,7,95872580,0.7509632,True,False,8805,1193,1
dense_support_q4_r1,dense_support,timing,1305,0,8,95872580,0.7018886,True,False,8604,1203,5
dense_support_q4_r1,dense_support,T=60,1305,0,9,95872580,1.0412504,True,False,81182,0,0
dense_support_q4_r1,dense_support,T=150,1305,1,0,95872580,0.6874169,True,False,39901,419,1
dense_support_q4_r1,dense_support,T=250,1305,1,1,95872580,0.6660875,True,False,21734,778,1
dense_support_q4_r1,dense_support,T=400,1305,1,2,95872580,0.711699,True,False,8639,1200,1
dense_support_q4_r1,dense_support,T=600,1305,1,3,95872580,0.8809946,True,False,1,1634,1
dense_support_q4_r1,dense_support,T=1000,1305,1,4,95872580,0.9028842,True,False,1,1634,1
dense_support_q4_r1,dense_support,cost_model_cold,1305,1,5,95872580,0.6308145,True,False,21792,777,1
dense_support_q4_r1,dense_support,cost_model_warm,1305,1,6,95872580,0.651189,True,False,8805,1193,1
dense_support_q4_r1,dense_support,timing,1305,1,7,95872580,0.6940927,True,False,9335,1173,5
dense_support_q4_r1,dense_support,T=60,1305,1,8,95872580,1.0198799,True,False,81182,0,0
dense_support_q4_r1,dense_support,T=100,1305,1,9,95872580,0.9105731,True,False,58133,192,1
dense_support_q4_r1,dense_support,T=250,1306,0,0,95872580,0.8456359,True,False,21795,778,1
dense_support_q4_r1,dense_support,T=400,1306,0,1,95872580,0.7386447,True,False,8749,1200,1
dense_support_q4_r1,dense_support,T=600,1306,0,2,95872580,0.8477142,True,False,1,1633,1
dense_support_q4_r1,dense_support,T=1000,1306,0,3,95872580,0.8651428,True,False,1,1633,1
dense_support_q4_r1,dense_support,cost_model_cold,1306,0,4,95872580,0.7378172,True,False,21858,777,1
dense_support_q4_r1,dense_support,cost_model_warm,1306,0,5,95872580,0.7791432,True,False,8923,1193,1
dense_support_q4_r1,dense_support,timing,1306,0,6,95872580,1.0920469,True,False,7338,1261,5
dense_support_q4_r1,dense_support,T=60,1306,0,7,95872580,1.226788,True,False,81347,0,0
dense_support_q4_r1,dense_support,T=100,1306,0,8,95872580,0.9497028,True,False,58157,192,1
dense_support_q4_r1,dense_support,T=150,1306,0,9,95872580,0.8692734,True,False,39951,419,1
dense_support_q4_r1,dense_support,T=400,1306,1,0,95872580,0.7301245,True,False,8749,1200,1
dense_support_q4_r1,dense_support,T=600,1306,1,1,95872580,0.976594,True,False,1,1633,1
dense_support_q4_r1,dense_support,T=1000,1306,1,2,95872580,0.8102179,True,False,1,1633,1
dense_support_q4_r1,dense_support,cost_model_cold,1306,1,3,95872580,0.6287789,True,False,21858,777,1
dense_support_q4_r1,dense_support,cost_model_warm,1306,1,4,95872580,0.7243252,True,False,8923,1193,1
dense_support_q4_r1,dense_support,timing,1306,1,5,95872580,0.6667309,True,False,25997,685,15
dense_support_q4_r1,dense_support,T=60,1306,1,6,95872580,1.0442754,True,False,81347,0,0
dense_support_q4_r1,dense_support,T=100,1306,1,7,95872580,0.9551966,True,False,58157,192,1
dense_support_q4_r1,dense_support,T=150,1306,1,8,95872580,0.910086,True,False,39951,419,1
dense_support_q4_r1,dense_support,T=250,1306,1,9,95872580,0.7167268,True,False,21795,778,1
dense_support_q6_r05,dense_support,T=600,1301,0,0,18957560,0.2765527,True,False,1,727,1
dense_support_q6_r05,dense_support,T=1000,1301,0,1,18957560,0.3110184,True,False,1,727,1
dense_support_q6_r05,dense_support,cost_model_cold,1301,0,2,18957560,0.2887676,True,False,2535,592,1
dense_support_q6_r05,dense_support,cost_model_warm,1301,0,3,18957560,0.2352703,True,False,1,727,1
dense_support_q6_r05,dense_support,timing,1301,0,4,18957560,0.268372,True,False,13751,286,11
dense_support_q6_r05,dense_support,T=60,1301,0,5,18957560,0.2864831,True,False,19774,158,1
dense_support_q6_r05,dense_support,T=100,1301,0,6,18957560,0.2612337,True,False,11186,310,1
dense_support_q6_r05,dense_support,T=150,1301,0,7,18957560,0.2486698,True,False,5818,461,1
dense_support_q6_r05,dense_support,T=250,1301,0,8,18957560,0.3471006,True,False,446,701,1
dense_support_q6_r05,dense_support,T=400,1301,0,9,18957560,0.3122106,True,False,1,727,1
dense_support_q6_r05,dense_support,T=1000,1301,1,0,18957560,0.3125086,True,False,1,727,1
dense_support_q6_r05,dense_support,cost_model_cold,1301,1,1,18957560,0.2456301,True,False,2535,592,1
dense_support_q6_r05,dense_support,cost_model_warm,1301,1,2,18957560,0.2625979,True,False,1,727,1
dense_support_q6_r05,dense_support,timing,1301,1,3,18957560,0.3342159,True,False,16969,202,7
dense_support_q6_r05,dense_support,T=60,1301,1,4,18957560,0.3393076,True,False,19774,158,1
dense_support_q6_r05,dense_support,T=100,1301,1,5,18957560,0.2896755,True,False,11186,310,1
dense_support_q6_r05,dense_support,T=150,1301,1,6,18957560,0.2543762,True,False,5818,461,1
dense_support_q6_r05,dense_support,T=250,1301,1,7,18957560,0.3287159,True,False,446,701,1
dense_support_q6_r05,dense_support,T=400,1301,1,8,18957560,0.2520598,True,False,1,727,1
dense_support_q6_r05,dense_support,T=600,1301,1,9,18957560,0.2815789,True,False,1,727,1
dense_support_q6_r05,dense_support,cost_model_cold,1302,0,0,18957560,0.318242,True,False,2545,593,1
dense_support_q6_r05,dense_support,cost_model_warm,1302,0,1,18957560,0.3363287,True,False,1,727,1
dense_support_q6_r05,dense_support,timing,1302,0,2,18957560,0.2426874,True,False,3218,563,3
dense_support_q6_r05,dense_support,T=60,1302,0,3,18957560,0.3142574,True,False,19794,158,1
dense_support_q6_r05,dense_support,T=100,1302,0,4,18957560,0.2675587,True,False,11222,310,1
dense_support_q6_r05,dense_support,T=150,1302,0,5,18957560,0.2685332,True,False,5834,461,1
dense_support_q6_r05,dense_support,T=250,1302,0,6,18957560,0.2610963,True,False,418,701,1
dense_support_q6_r05,dense_support,T=400,1302,0,7,18957560,0.2734627,True,False,1,727,1
dense_support_q6_r05,dense_support,T=600,1302,0,8,18957560,0.3380582,True,False,1,727,1
dense_support_q6_r05,dense_support,T=1000,1302,0,9,18957560,0.2616556,True,False,1,727,1
dense_support_q6_r05,dense_support,cost_model_warm,1302,1,0,18957560,0.2520343,True,False,1,727,1
dense_support_q6_r05,dense_support,timing,1302,1,1,18957560,0.3984816,True,False,18576,179,9
dense_support_q6_r05,dense_support,T=60,1302,1,2,18957560,0.4656555,True,False,19794,158,1
dense_support_q6_r05,dense_support,T=100,1302,1,3,18957560,0.2989071,True,False,11222,310,1
dense_support_q6_r05,dense_support,T=150,1302,1,4,18957560,0.3256372,True,False,5834,461,1
dense_support_q6_r05,dense_support,T=250,1302,1,5,18957560,0.362259,True,False,418,701,1
dense_support_q6_r05,dense_support,T=400,1302,1,6,18957560,0.3179754,True,False,1,727,1
dense_support_q6_r05,dense_support,T=600,1302,1,7,18957560,0.2399923,True,False,1,727,1
dense_support_q6_r05,dense_support,T=1000,1302,1,8,18957560,0.2308364,True,False,1,727,1
dense_support_q6_r05,dense_support,cost_model_cold,1302,1,9,18957560,0.2303439,True,False,2545,593,1
dense_support_q6_r05,dense_support,timing,1303,0,0,18957560,0.3326958,True,False,13763,301,9
dense_support_q6_r05,dense_support,T=60,1303,0,1,18957560,0.3704427,True,False,19760,158,1
dense_support_q6_r05,dense_support,T=100,1303,0,2,18957560,0.2888548,True,False,11282,310,1
dense_support_q6_r05,dense_support,T=150,1303,0,3,18957560,0.3169029,True,False,5874,461,1
dense_support_q6_r05,dense_support,T=250,1303,0,4,18957560,0.2914916,True,False,450,701,1
dense_support_q6_r05,dense_support,T=400,1303,0,5,18957560,0.308296,True,False,1,727,1
dense_support_q6_r05,dense_support,T=600,1303,0,6,18957560,0.2919984,True,False,1,727,1
dense_support_q6_r05,dense_support,T=1000,1303,0,7,18957560,0.3357612,True,False,1,727,1
dense_support_q6_r05,dense_support,cost_model_cold,1303,0,8,18957560,0.3240181,True,False,2584,593,1
dense_support_q6_r05,dense_support,cost_model_warm,1303,0,9,18957560,0.3363207,True,False,1,727,1
dense_support_q6_r05,dense_support,T=60,1303,1,0,18957560,0.3930255,True,False,19760,158,1
dense_support_q6_r05,dense_support,T=100,1303,1,1,18957560,0.2889515,True,False,11282,310,1
dense_support_q6_r05,dense_support,T=150,1303,1,2,18957560,0.2925732,True,False,5874,461,1
dense_support_q6_r05,dense_support,T=250,1303,1,3,18957560,0.3482534,True,False,450,701,1
dense_support_q6_r05,dense_support,T=400,1303,1,4,18957560,0.3645198,True,False,1,727,1
dense_support_q6_r05,dense_support,T=600,1303,1,5,18957560,0.2942795,True,False,1,727,1
dense_support_q6_r05,dense_support,T=1000,1303,1,6,18957560,0.2762594,True,False,1,727,1
dense_support_q6_r05,dense_support,cost_model_cold,1303,1,7,18957560,0.3032022,True,False,2584,593,1
dense_support_q6_r05,dense_support,cost_model_warm,1303,1,8,18957560,0.3069492,True,False,1,727,1
dense_support_q6_r05,dense_support,timing,1303,1,9,18957560,0.2923199,True,False,1160,663,3
dense_support_q6_r05,dense_support,T=100,1304,0,0,18957560,0.2365462,True,False,11225,310,1
dense_support_q6_r05,dense_support,T=150,1304,0,1,18957560,0.2312898,True,False,5838,461,1
dense_support_q6_r05,dense_support,T=250,1304,0,2,18957560,0.3313221,True,False,460,701,1
dense_support_q6_r05,dense_support,T=400,1304,0,3,18957560,0.3081863,True,False,1,727,1
dense_support_q6_r05,dense_support,T=600,1304,0,4,18957560,0.259291,True,False,1,727,1
dense_support_q6_r05,dense_support,T=1000,1304,0,5,18957560,0.3013923,True,False,1,727,1
dense_support_q6_r05,dense_support,cost_model_cold,1304,0,6,18957560,0.341693,True,False,2563,593,1
dense_support_q6_r05,dense_support,cost_model_warm,1304,0,7,18957560,0.2862329,True,False,1,727,1
dense_support_q6_r05,dense_support,timing,1304,0,8,18957560,0.2560938,True,False,1939,622,3
dense_support_q6_r05,dense_support,T=60,1304,0,9,18957560,0.3482548,True,False,19599,158,1
dense_support_q6_r05,dense_support,T=150,1304,1,0,18957560,0.2897917,True,False,5838,461,1
dense_support_q6_r05,dense_support,T=250,1304,1,1,18957560,0.2728738,True,False,460,701,1
dense_support_q6_r05,dense_support,T=400,1304,1,2,18957560,0.2524904,True,False,1,727,1
dense_support_q6_r05,dense_support,T=600,1304,1,3,18957560,0.214881,True,False,1,727,1
dense_support_q6_r05,dense_support,T=1000,1304,1,4,18957560,0.2199971,True,False,1,727,1
dense_support_q6_r05,dense_support,cost_model_cold,1304,1,5,18957560,0.211933,True,False,2563,593,1
dense_support_q6_r05,dense_support,cost_model_warm,1304,1,6,18957560,0.188967,True,False,1,727,1
dense_support_q6_r05,dense_support,timing,1304,1,7,18957560,0.1864598,True,False,6251,451,7
dense_support_q6_r05,dense_support,T=60,1304,1,8,18957560,0.2329107,True,False,19599,158,1
dense_support_q6_r05,dense_support,T=100,1304,1,9,18957560,0.2193639,True,False,11225,310,1
dense_support_q6_r05,dense_support,T=250,1305,0,0,18957560,0.1990115,True,False,442,701,1
dense_support_q6_r05,dense_support,T=400,1305,0,1,18957560,0.2061323,True,False,1,727,1
dense_support_q6_r05,dense_support,T=600,1305,0,2,18957560,0.2250352,True,False,1,727,1
dense_support_q6_r05,dense_support,T=1000,1305,0,3,18957560,0.2174002,True,False,1,727,1
dense_support_q6_r05,dense_support,cost_model_cold,1305,0,4,18957560,0.1906607,True,False,2547,593,1
dense_support_q6_r05,dense_support,cost_model_warm,1305,0,5,18957560,0.2063948,True,False,1,727,1
dense_support_q6_r05,dense_support,timing,1305,0,6,18957560,0.1761642,True,False,6405,443,5
dense_support_q6_r05,dense_support,T=60,1305,0,7,18957560,0.254574,True,False,19652,158,1
dense_support_q6_r05,dense_support,T=100,1305,0,8,18957560,0.1852571,True,False,11111,310,1
dense_support_q6_r05,dense_support,T=150,1305,0,9,18957560,0.1799249,True,False,5794,461,1
dense_support_q6_r05,dense_support,T=400,1305,1,0,18957560,0.1965479,True,False,1,727,1
dense_support_q6_r05,dense_support,T=600,1305,1,1,18957560,0.1802542,True,False,1,727,1
dense_support_q6_r05,dense_support,T=1000,1305,1,2,18957560,0.2073782,True,False,1,727,1
dense_support_q6_r05,dense_support,cost_model_cold,1305,1,3,18957560,0.1791393,True,False,2547,593,1
dense_support_q6_r05,dense_support,cost_model_warm,1305,1,4,18957560,0.1838245,True,False,1,727,1
dense_support_q6_r05,dense_support,timing,1305,1,5,18957560,0.1803507,True,False,6695,483,5
dense_support_q6_r05,dense_support,T=60,1305,1,6,18957560,0.2227214,True,False,19652,158,1
dense_support_q6_r05,dense_support,T=100,1305,1,7,18957560,0.2005038,True,False,11111,310,1
dense_support_q6_r05,dense_support,T=150,1305,1,8,18957560,0.1873377,True,False,5794,461,1
dense_support_q6_r05,dense_support,T=250,1305,1,9,18957560,0.1771381,True,False,442,701,1
dense_support_q6_r05,dense_support,T=600,1306,0,0,18957560,0.1755353,True,False,1,727,1
dense_support_q6_r05,dense_support,T=1000,1306,0,1,18957560,0.1768817,True,False,1,727,1
dense_support_q6_r05,dense_support,cost_model_cold,1306,0,2,18957560,0.1852205,True,False,2545,593,1
dense_support_q6_r05,dense_support,cost_model_warm,1306,0,3,18957560,0.1822042,True,False,1,727,1
dense_support_q6_r05,dense_support,timing,1306,0,4,18957560,0.1758084,True,False,1228,662,5
dense_support_q6_r05,dense_support,T=60,1306,0,5,18957560,0.2298136,True,False,19709,158,1
dense_support_q6_r05,dense_support,T=100,1306,0,6,18957560,0.1860818,True,False,11218,310,1
dense_support_q6_r05,dense_support,T=150,1306,0,7,18957560,0.1712024,True,False,5840,461,1
dense_support_q6_r05,dense_support,T=250,1306,0,8,18957560,0.182078,True,False,465,701,1
dense_support_q6_r05,dense_support,T=400,1306,0,9,18957560,0.1857306,True,False,1,727,1
dense_support_q6_r05,dense_support,T=1000,1306,1,0,18957560,0.1947109,True,False,1,727,1
dense_support_q6_r05,dense_support,cost_model_cold,1306,1,1,18957560,0.1720033,True,False,2545,593,1
dense_support_q6_r05,dense_support,cost_model_warm,1306,1,2,18957560,0.1719296,True,False,1,727,1
dense_support_q6_r05,dense_support,timing,1306,1,3,18957560,0.1683824,True,False,5403,480,5
dense_support_q6_r05,dense_support,T=60,1306,1,4,18957560,0.2326621,True,False,19709,158,1
dense_support_q6_r05,dense_support,T=100,1306,1,5,18957560,0.183836,True,False,11218,310,1
dense_support_q6_r05,dense_support,T=150,1306,1,6,18957560,0.1746801,True,False,5840,461,1
dense_support_q6_r05,dense_support,T=250,1306,1,7,18957560,0.1770612,True,False,465,701,1
dense_support_q6_r05,dense_support,T=400,1306,1,8,18957560,0.1765957,True,False,1,727,1
dense_support_q6_r05,dense_support,T=600,1306,1,9,18957560,0.1833121,True,False,1,727,1
dense_support_q6_r1,dense_support,cost_model_cold,1301,0,0,75830243,0.5403268,True,False,21665,637,1
dense_support_q6_r1,dense_support,cost_model_warm,1301,0,1,75830243,0.5957346,True,False,8950,1020,1
dense_support_q6_r1,dense_support,timing,1301,0,2,75830243,0.5477702,True,False,35619,408,13
dense_support_q6_r1,dense_support,T=60,1301,0,3,75830243,0.6864925,True,False,70881,11,1
dense_support_q6_r1,dense_support,T=100,1301,0,4,75830243,0.5920743,True,False,46789,225,1
dense_support_q6_r1,dense_support,T=150,1301,0,5,75830243,0.5943427,True,False,31549,439,1
dense_support_q6_r1,dense_support,T=250,1301,0,6,75830243,0.568052,True,False,16255,778,1
dense_support_q6_r1,dense_support,T=400,1301,0,7,75830243,0.6560646,True,False,5268,1176,1
dense_support_q6_r1,dense_support,T=600,1301,0,8,75830243,0.7437604,True,False,1,1453,1
dense_support_q6_r1,dense_support,T=1000,1301,0,9,75830243,0.7455342,True,False,1,1453,1
dense_support_q6_r1,dense_support,cost_model_warm,1301,1,0,75830243,0.6114088,True,False,8950,1020,1
dense_support_q6_r1,dense_support,timing,1301,1,1,75830243,0.5947674,True,False,18447,723,9
dense_support_q6_r1,dense_support,T=60,1301,1,2,75830243,0.7571557,True,False,70881,11,1
dense_support_q6_r1,dense_support,T=100,1301,1,3,75830243,0.603846,True,False,46789,225,1
dense_support_q6_r1,dense_support,T=150,1301,1,4,75830243,0.4999678,True,False,31549,439,1
dense_support_q6_r1,dense_support,T=250,1301,1,5,75830243,0.4971977,True,False,16255,778,1
dense_support_q6_r1,dense_support,T=400,1301,1,6,75830243,0.5730513,True,False,5268,1176,1
dense_support_q6_r1,dense_support,T=600,1301,1,7,75830243,0.6788327,True,False,1,1453,1
dense_support_q6_r1,dense_support,T=1000,1301,1,8,75830243,0.8439441,True,False,1,1453,1
dense_support_q6_r1,dense_support,cost_model_cold,1301,1,9,75830243,0.560889,True,False,21665,637,1
dense_support_q6_r1,dense_support,timing,1302,0,0,75830243,0.7256935,True,False,739,1409,3
dense_support_q6_r1,dense_support,T=60,1302,0,1,75830243,0.7861842,True,False,70855,10,1
dense_support_q6_r1,dense_support,T=100,1302,0,2,75830243,0.6183042,True,False,46661,225,1
dense_support_q6_r1,dense_support,T=150,1302,0,3,75830243,0.6206577,True,False,31498,439,1
dense_support_q6_r1,dense_support,T=250,1302,0,4,75830243,0.581993,True,False,16301,778,1
dense_support_q6_r1,dense_support,T=400,1302,0,5,75830243,0.782024,True,False,5274,1176,1
dense_support_q6_r1,dense_support,T=600,1302,0,6,75830243,0.7791408,True,False,1,1453,1
dense_support_q6_r1,dense_support,T=1000,1302,0,7,75830243,0.8014925,True,False,1,1453,1
dense_support_q6_r1,dense_support,cost_model_cold,1302,0,8,75830243,0.5932351,True,False,21710,637,1
dense_support_q6_r1,dense_support,cost_model_warm,1302,0,9,75830243,0.6164687,True,False,8961,1020,1
dense_support_q6_r1,dense_support,T=60,1302,1,0,75830243,0.6480856,True,False,70855,10,1
dense_support_q6_r1,dense_support,T=100,1302,1,1,75830243,0.6565649,True,False,46661,225,1
dense_support_q6_r1,dense_support,T=150,1302,1,2,75830243,0.6744122,True,False,31498,439,1
dense_support_q6_r1,dense_support,T=250,1302,1,3,75830243,0.6612286,True,False,16301,778,1
dense_support_q6_r1,dense_support,T=400,1302,1,4,75830243,0.8515885,True,False,5274,1176,1
dense_support_q6_r1,dense_support,T=600,1302,1,5,75830243,0.7803044,True,False,1,1453,1
dense_support_q6_r1,dense_support,T=1000,1302,1,6,75830243,0.7704549,True,False,1,1453,1
dense_support_q6_r1,dense_support,cost_model_cold,1302,1,7,75830243,0.5751997,True,False,21710,637,1
dense_support_q6_r1,dense_support,cost_model_warm,1302,1,8,75830243,0.6315655,True,False,8961,1020,1
dense_support_q6_r1,dense_support,timing,1302,1,9,75830243,0.6460424,True,False,9979,984,7
dense_support_q6_r1,dense_support,T=100,1303,0,0,75830243,0.5857083,True,False,46676,225,1
dense_support_q6_r1,dense_support,T=150,1303,0,1,75830243,0.5128324,True,False,31458,439,1
dense_support_q6_r1,dense_support,T=250,1303,0,2,75830243,0.5308042,True,False,16279,778,1
dense_support_q6_r1,dense_support,T=400,1303,0,3,75830243,0.6581812,True,False,5321,1176,1
dense_support_q6_r1,dense_support,T=600,1303,0,4,75830243,0.6908031,True,False,1,1453,1
dense_support_q6_r1,dense_support,T=1000,1303,0,5,75830243,0.7445618,True,False,1,1453,1
dense_support_q6_r1,dense_support,cost_model_cold,1303,0,6,75830243,0.4923709,True,False,21659,637,1
dense_support_q6_r1,dense_support,cost_model_warm,1303,0,7,75830243,0.6496572,True,False,9009,1020,1
dense_support_q6_r1,dense_support,timing,1303,0,8,75830243,0.4542539,True,False,18339,722,7
dense_support_q6_r1,dense_support,T=60,1303,0,9,75830243,0.7913142,True,False,70743,11,1
dense_support_q6_r1,dense_support,T=150,1303,1,0,75830243,0.5626241,True,False,31458,439,1
dense_support_q6_r1,dense_support,T=250,1303,1,1,75830243,0.5198461,True,False,16279,778,1
dense_support_q6_r1,dense_support,T=400,1303,1,2,75830243,0.6307099,True,False,5321,1176,1
dense_support_q6_r1,dense_support,T=600,1303,1,3,75830243,1.2324007,True,False,1,1453,1
dense_support_q6_r1,dense_support,T=1000,1303,1,4,75830243,1.1306814,True,False,1,1453,1
dense_support_q6_r1,dense_support,cost_model_cold,1303,1,5,75830243,0.8238854,True,False,21659,637,1
dense_support_q6_r1,dense_support,cost_model_warm,1303,1,6,75830243,0.6745394,True,False,9009,1020,1
dense_support_q6_r1,dense_support,timing,1303,1,7,75830243,0.6516137,True,False,24825,569,9
dense_support_q6_r1,dense_support,T=60,1303,1,8,75830243,0.9355945,True,False,70743,11,1
dense_support_q6_r1,dense_support,T=100,1303,1,9,75830243,0.5915996,True,False,46676,225,1
dense_support_q6_r1,dense_support,T=250,1304,0,0,75830243,0.675777,True,False,16149,778,1
dense_support_q6_r1,dense_support,T=400,1304,0,1,75830243,0.6996918,True,False,5258,1176,1
dense_support_q6_r1,dense_support,T=600,1304,0,2,75830243,0.8103858,True,False,1,1453,1
dense_support_q6_r1,dense_support,T=1000,1304,0,3,75830243,0.8577381,True,False,1,1453,1
dense_support_q6_r1,dense_support,cost_model_cold,1304,0,4,75830243,0.5876369,True,False,21479,637,1
dense_support_q6_r1,dense_support,cost_model_warm,1304,0,5,75830243,0.5504554,True,False,8994,1019,1
dense_support_q6_r1,dense_support,timing,1304,0,6,75830243,0.5128605,True,False,35600,374,11
dense_support_q6_r1,dense_support,T=60,1304,0,7,75830243,0.7342708,True,False,70685,11,1
dense_support_q6_r1,dense_support,T=100,1304,0,8,75830243,0.555087,True,False,46611,225,1
dense_support_q6_r1,dense_support,T=150,1304,0,9,75830243,0.518928,True,False,31304,439,1
dense_support_q6_r1,dense_support,T=400,1304,1,0,75830243,0.6755435,True,False,5258,1176,1
dense_support_q6_r1,dense_support,T=600,1304,1,1,75830243,1.0748712,True,False,1,1453,1
dense_support_q6_r1,dense_support,T=1000,1304,1,2,75830243,0.9815947,True,False,1,1453,1
dense_support_q6_r1,dense_support,cost_model_cold,1304,1,3,75830243,0.6287842,True,False,21479,637,1
dense_support_q6_r1,dense_support,cost_model_warm,1304,1,4,75830243,0.691219,True,False,8994,1019,1
dense_support_q6_r1,dense_support,timing,1304,1,5,75830243,0.6870076,True,False,34025,398,11
dense_support_q6_r1,dense_support,T=60,1304,1,6,75830243,0.916113,True,False,70685,11,1
dense_support_q6_r1,dense_support,T=100,1304,1,7,75830243,0.7110369,True,False,46611,225,1
dense_support_q6_r1,dense_support,T=150,1304,1,8,75830243,0.6203484,True,False,31304,439,1
dense_support_q6_r1,dense_support,T=250,1304,1,9,75830243,0.6415843,True,False,16149,778,1
dense_support_q6_r1,dense_support,T=600,1305,0,0,75830243,0.7361771,True,False,1,1453,1
dense_support_q6_r1,dense_support,T=1000,1305,0,1,75830243,0.666614,True,False,1,1453,1
dense_support_q6_r1,dense_support,cost_model_cold,1305,0,2,75830243,0.5478273,True,False,21559,637,1
dense_support_q6_r1,dense_support,cost_model_warm,1305,0,3,75830243,0.6072554,True,False,8879,1020,1
dense_support_q6_r1,dense_support,timing,1305,0,4,75830243,0.5274029,True,False,19172,698,7
dense_support_q6_r1,dense_support,T=60,1305,0,5,75830243,0.6451045,True,False,70730,11,1
dense_support_q6_r1,dense_support,T=100,1305,0,6,75830243,0.5038184,True,False,46582,225,1
dense_support_q6_r1,dense_support,T=150,1305,0,7,75830243,0.4280932,True,False,31315,439,1
dense_support_q6_r1,dense_support,T=250,1305,0,8,75830243,0.4513506,True,False,16203,778,1
dense_support_q6_r1,dense_support,T=400,1305,0,9,75830243,0.5057319,True,False,5226,1176,1
dense_support_q6_r1,dense_support,T=1000,1305,1,0,75830243,0.5916418,True,False,1,1453,1
dense_support_q6_r1,dense_support,cost_model_cold,1305,1,1,75830243,0.456928,True,False,21559,637,1
dense_support_q6_r1,dense_support,cost_model_warm,1305,1,2,75830243,0.4786715,True,False,8879,1020,1
dense_support_q6_r1,dense_support,timing,1305,1,3,75830243,0.4788892,True,False,32147,428,9
dense_support_q6_r1,dense_support,T=60,1305,1,4,75830243,0.6445783,True,False,70730,11,1
dense_support_q6_r1,dense_support,T=100,1305,1,5,75830243,0.5183898,True,False,46582,225,1
dense_support_q6_r1,dense_support,T=150,1305,1,6,75830243,0.4702676,True,False,31315,439,1
dense_support_q6_r1,dense_support,T=250,1305,1,7,75830243,0.5448015,True,False,16203,778,1
dense_support_q6_r1,dense_support,T=400,1305,1,8,75830243,0.6173191,True,False,5226,1176,1
dense_support_q6_r1,dense_support,T=600,1305,1,9,75830243,0.7033568,True,False,1,1453,1
dense_support_q6_r1,dense_support,cost_model_cold,1306,0,0,75830243,0.5379569,True,False,21632,637,1
dense_support_q6_r1,dense_support,cost_model_warm,1306,0,1,75830243,0.4893777,True,False,8998,1020,1
dense_support_q6_r1,dense_support,timing,1306,0,2,75830243,0.6311929,True,False,8298,1109,7
dense_support_q6_r1,dense_support,T=60,1306,0,3,75830243,0.7378773,True,False,70861,11,1
dense_support_q6_r1,dense_support,T=100,1306,0,4,75830243,0.5059182,True,False,46663,225,1
dense_support_q6_r1,dense_support,T=150,1306,0,5,75830243,0.4758699,True,False,31487,439,1
dense_support_q6_r1,dense_support,T=250,1306,0,6,75830243,0.4940052,True,False,16284,778,1
dense_support_q6_r1,dense_support,T=400,1306,0,7,75830243,0.6413328,True,False,5277,1176,1
dense_support_q6_r1,dense_support,T=600,1306,0,8,75830243,0.6898612,True,False,1,1453,1
dense_support_q6_r1,dense_support,T=1000,1306,0,9,75830243,0.6955204,True,False,1,1453,1
dense_support_q6_r1,dense_support,cost_model_warm,1306,1,0,75830243,0.5283708,True,False,8998,1020,1
dense_support_q6_r1,dense_support,timing,1306,1,1,75830243,0.5295447,True,False,8182,1052,5
dense_support_q6_r1,dense_support,T=60,1306,1,2,75830243,0.6155918,True,False,70861,11,1
dense_support_q6_r1,dense_support,T=100,1306,1,3,75830243,0.5029669,True,False,46663,225,1
dense_support_q6_r1,dense_support,T=150,1306,1,4,75830243,0.4323091,True,False,31487,439,1
dense_support_q6_r1,dense_support,T=250,1306,1,5,75830243,0.4351444,True,False,16284,778,1
dense_support_q6_r1,dense_support,T=400,1306,1,6,75830243,0.4986504,True,False,5277,1176,1
dense_support_q6_r1,dense_support,T=600,1306,1,7,75830243,0.5659503,True,False,1,1453,1
dense_support_q6_r1,dense_support,T=1000,1306,1,8,75830243,0.6608125,True,False,1,1453,1
dense_support_q6_r1,dense_support,cost_model_cold,1306,1,9,75830243,0.4455771,True,False,21632,637,1
dense_support_q8_r05,dense_support,timing,1301,0,0,11613720,0.1599137,True,False,9605,227,9
dense_support_q8_r05,dense_support,T=60,1301,0,1,11613720,0.1656363,True,False,12023,177,1
dense_support_q8_r05,dense_support,T=100,1301,0,2,11613720,0.1428866,True,False,6133,312,1
dense_support_q8_r05,dense_support,T=150,1301,0,3,11613720,0.1443019,True,False,2409,446,1
dense_support_q8_r05,dense_support,T=250,1301,0,4,11613720,0.1508523,True,False,1,570,1
dense_support_q8_r05,dense_support,T=400,1301,0,5,11613720,0.1647336,True,False,1,570,1
dense_support_q8_r05,dense_support,T=600,1301,0,6,11613720,0.1701535,True,False,1,570,1
dense_support_q8_r05,dense_support,T=1000,1301,0,7,11613720,0.152871,True,False,1,570,1
dense_support_q8_r05,dense_support,cost_model_cold,1301,0,8,11613720,0.1390684,True,False,1693,478,1
dense_support_q8_r05,dense_support,cost_model_warm,1301,0,9,11613720,0.1434036,True,False,1,570,1
dense_support_q8_r05,dense_support,T=60,1301,1,0,11613720,0.1684241,True,False,12023,177,1
dense_support_q8_r05,dense_support,T=100,1301,1,1,11613720,0.13648,True,False,6133,312,1
dense_support_q8_r05,dense_support,T=150,1301,1,2,11613720,0.1436659,True,False,2409,446,1
dense_support_q8_r05,dense_support,T=250,1301,1,3,11613720,0.1542962,True,False,1,570,1
dense_support_q8_r05,dense_support,T=400,1301,1,4,11613720,0.1486906,True,False,1,570,1
dense_support_q8_r05,dense_support,T=600,1301,1,5,11613720,0.1508748,True,False,1,570,1
dense_support_q8_r05,dense_support,T=1000,1301,1,6,11613720,0.1466736,True,False,1,570,1
dense_support_q8_r05,dense_support,cost_model_cold,1301,1,7,11613720,0.1380874,True,False,1693,478,1
dense_support_q8_r05,dense_support,cost_model_warm,1301,1,8,11613720,0.1477461,True,False,1,570,1
dense_support_q8_r05,dense_support,timing,1301,1,9,11613720,0.1412224,True,False,7171,284,3
dense_support_q8_r05,dense_support,T=100,1302,0,0,11613720,0.1382531,True,False,6112,312,1
dense_support_q8_r05,dense_support,T=150,1302,0,1,11613720,0.1361534,True,False,2417,446,1
dense_support_q8_r05,dense_support,T=250,1302,0,2,11613720,0.14234,True,False,1,570,1
dense_support_q8_r05,dense_support,T=400,1302,0,3,11613720,0.1450992,True,False,1,570,1
dense_support_q8_r05,dense_support,T=600,1302,0,4,11613720,0.1440382,True,False,1,570,1
dense_support_q8_r05,dense_support,T=1000,1302,0,5,11613720,0.1404432,True,False,1,570,1
dense_support_q8_r05,dense_support,cost_model_cold,1302,0,6,11613720,0.1334952,True,False,1714,477,1
dense_support_q8_r05,dense_support,cost_model_warm,1302,0,7,11613720,0.1450459,True,False,1,570,1
dense_support_q8_r05,dense_support,timing,1302,0,8,11613720,0.1597782,True,False,9021,238,5
dense_support_q8_r05,dense_support,T=60,1302,0,9,11613720,0.1615605,True,False,12081,177,1
dense_support_q8_r05,dense_support,T=150,1302,1,0,11613720,0.1371406,True,False,2417,446,1
dense_support_q8_r05,dense_support,T=250,1302,1,1,11613720,0.136367,True,False,1,570,1
dense_support_q8_r05,dense_support,T=400,1302,1,2,11613720,0.1440688,True,False,1,570,1
dense_support_q8_r05,dense_support,T=600,1302,1,3,11613720,0.1912602,True,False,1,570,1
dense_support_q8_r05,dense_support,T=1000,1302,1,4,11613720,0.1891438,True,False,1,570,1
dense_support_q8_r05,dense_support,cost_model_cold,1302,1,5,11613720,0.1771974,True,False,1714,477,1
dense_support_q8_r05,dense_support,cost_model_warm,1302,1,6,11613720,0.1960904,True,False,1,570,1
dense_support_q8_r05,dense_support,timing,1302,1,7,11613720,0.3002759,True,False,17633,116,11
dense_support_q8_r05,dense_support,T=60,1302,1,8,11613720,0.2176691,True,False,12081,177,1
dense_support_q8_r05,dense_support,T=100,1302,1,9,11613720,0.1779445,True,False,6112,312,1
dense_support_q8_r05,dense_support,T=250,1303,0,0,11613720,0.2029093,True,False,1,570,1
dense_support_q8_r05,dense_support,T=400,1303,0,1,11613720,0.2182759,True,False,1,570,1
dense_support_q8_r05,dense_support,T=600,1303,0,2,11613720,0.228662,True,False,1,570,1
dense_support_q8_r05,dense_support,T=1000,1303,0,3,11613720,0.1923239,True,False,1,570,1
dense_support_q8_r05,dense_support,cost_model_cold,1303,0,4,11613720,0.1737781,True,False,1735,477,1
dense_support_q8_r05,dense_support,cost_model_warm,1303,0,5,11613720,0.1879759,True,False,1,570,1
dense_support_q8_r05,dense_support,timing,1303,0,6,11613720,0.1610734,True,False,6136,313,3
dense_support_q8_r05,dense_support,T=60,1303,0,7,11613720,0.2227957,True,False,12096,177,1
dense_support_q8_r05,dense_support,T=100,1303,0,8,11613720,0.1897292,True,False,6167,312,1
dense_support_q8_r05,dense_support,T=150,1303,0,9,11613720,0.1644718,True,False,2452,445,1
dense_support_q8_r05,dense_support,T=400,1303,1,0,11613720,0.1693083,True,False,1,570,1
dense_support_q8_r05,dense_support,T=600,1303,1,1,11613720,0.1795087,True,False,1,570,1
dense_support_q8_r05,dense_support,T=1000,1303,1,2,11613720,0.1985658,True,False,1,570,1
dense_support_q8_r05,dense_support,cost_model_cold,1303,1,3,11613720,0.1510936,True,False,1735,477,1
dense_support_q8_r05,dense_support,cost_model_warm,1303,1,4,11613720,0.1503948,True,False,1,570,1
dense_support_q8_r05,dense_support,timing,1303,1,5,11613720,0.1411561,True,False,3282,411,3
dense_support_q8_r05,dense_support,T=60,1303,1,6,11613720,0.1611034,True,False,12096,177,1
dense_support_q8_r05,dense_support,T=100,1303,1,7,11613720,0.137694,True,False,6167,312,1
dense_support_q8_r05,dense_support,T=150,1303,1,8,11613720,0.1371819,True,False,2452,445,1
dense_support_q8_r05,dense_support,T=250,1303,1,9,11613720,0.1367693,True,False,1,570,1
dense_support_q8_r05,dense_support,T=600,1304,0,0,11613720,0.1463431,True,False,1,569,1
dense_support_q8_r05,dense_support,T=1000,1304,0,1,11613720,0.1406399,True,False,1,569,1
dense_support_q8_r05,dense_support,cost_model_cold,1304,0,2,11613720,0.1380146,True,False,1721,478,1
dense_support_q8_r05,dense_support,cost_model_warm,1304,0,3,11613720,0.1431077,True,False,1,569,1
dense_support_q8_r05,dense_support,timing,1304,0,4,11613720,0.1371801,True,False,3849,388,3
dense_support_q8_r05,dense_support,T=60,1304,0,5,11613720,0.1693993,True,False,12024,177,1
dense_support_q8_r05,dense_support,T=100,1304,0,6,11613720,0.1364194,True,False,6130,312,1
dense_support_q8_r05,dense_support,T=150,1304,0,7,11613720,0.1346845,True,False,2424,445,1
dense_support_q8_r05,dense_support,T=250,1304,0,8,11613720,0.1363254,True,False,1,569,1
dense_support_q8_r05,dense_support,T=400,1304,0,9,11613720,0.1409488,True,False,1,569,1
dense_support_q8_r05,dense_support,T=1000,1304,1,0,11613720,0.1531302,True,False,1,569,1
dense_support_q8_r05,dense_support,cost_model_cold,1304,1,1,11613720,0.134693,True,False,1721,478,1
dense_support_q8_r05,dense_support,cost_model_warm,1304,1,2,11613720,0.1401313,True,False,1,569,1
dense_support_q8_r05,dense_support,timing,1304,1,3,11613720,0.1469778,True,False,10254,214,7
dense_support_q8_r05,dense_support,T=60,1304,1,4,11613720,0.157585,True,False,12024,177,1
dense_support_q8_r05,dense_support,T=100,1304,1,5,11613720,0.1311279,True,False,6130,312,1
dense_support_q8_r05,dense_support,T=150,1304,1,6,11613720,0.1304299,True,False,2424,445,1
dense_support_q8_r05,dense_support,T=250,1304,1,7,11613720,0.1367254,True,False,1,569,1
dense_support_q8_r05,dense_support,T=400,1304,1,8,11613720,0.1378226,True,False,1,569,1
dense_support_q8_r05,dense_support,T=600,1304,1,9,11613720,0.1382297,True,False,1,569,1
dense_support_q8_r05,dense_support,cost_model_cold,1305,0,0,11613720,0.1361616,True,False,1727,478,1
dense_support_q8_r05,dense_support,cost_model_warm,1305,0,1,11613720,0.1446202,True,False,1,569,1
dense_support_q8_r05,dense_support,timing,1305,0,2,11613720,0.14382,True,False,9157,234,5
dense_support_q8_r05,dense_support,T=60,1305,0,3,11613720,0.2355163,True,False,11939,177,1
dense_support_q8_r05,dense_support,T=100,1305,0,4,11613720,0.2713384,True,False,6074,311,1
dense_support_q8_r05,dense_support,T=150,1305,0,5,11613720,0.2620567,True,False,2417,446,1
dense_support_q8_r05,dense_support,T=250,1305,0,6,11613720,0.2117376,True,False,1,569,1
dense_support_q8_r05,dense_support,T=400,1305,0,7,11613720,0.1749665,True,False,1,569,1
dense_support_q8_r05,dense_support,T=600,1305,0,8,11613720,0.1938731,True,False,1,569,1
dense_support_q8_r05,dense_support,T=1000,1305,0,9,11613720,0.2151394,True,False,1,569,1
dense_support_q8_r05,dense_support,cost_model_warm,1305,1,0,11613720,0.2275421,True,False,1,569,1
dense_support_q8_r05,dense_support,timing,1305,1,1,11613720,0.2899081,True,False,16499,191,11
dense_support_q8_r05,dense_support,T=60,1305,1,2,11613720,0.2317149,True,False,11939,177,1
dense_support_q8_r05,dense_support,T=100,1305,1,3,11613720,0.1882286,True,False,6074,311,1
dense_support_q8_r05,dense_support,T=150,1305,1,4,11613720,0.1730997,True,False,2417,446,1
dense_support_q8_r05,dense_support,T=250,1305,1,5,11613720,0.1794777,True,False,1,569,1
dense_support_q8_r05,dense_support,T=400,1305,1,6,11613720,0.18251,True,False,1,569,1
dense_support_q8_r05,dense_support,T=600,1305,1,7,11613720,0.1832923,True,False,1,569,1
dense_support_q8_r05,dense_support,T=1000,1305,1,8,11613720,0.1763519,True,False,1,569,1
dense_support_q8_r05,dense_support,cost_model_cold,1305,1,9,11613720,0.1764338,True,False,1727,478,1
dense_support_q8_r05,dense_support,timing,1306,0,0,11613720,0.1477973,True,False,8496,251,5
dense_support_q8_r05,dense_support,T=60,1306,0,1,11613720,0.1602308,True,False,12065,177,1
dense_support_q8_r05,dense_support,T=100,1306,0,2,11613720,0.1392768,True,False,6132,312,1
dense_support_q8_r05,dense_support,T=150,1306,0,3,11613720,0.1396277,True,False,2414,445,1
dense_support_q8_r05,dense_support,T=250,1306,0,4,11613720,0.1716551,True,False,1,569,1
dense_support_q8_r05,dense_support,T=400,1306,0,5,11613720,0.1762615,True,False,1,569,1
dense_support_q8_r05,dense_support,T=600,1306,0,6,11613720,0.1646736,True,False,1,569,1
dense_support_q8_r05,dense_support,T=1000,1306,0,7,11613720,0.1438491,True,False,1,569,1
dense_support_q8_r05,dense_support,cost_model_cold,1306,0,8,11613720,0.1330642,True,False,1707,477,1
dense_support_q8_r05,dense_support,cost_model_warm,1306,0,9,11613720,0.1332896,True,False,1,569,1
dense_support_q8_r05,dense_support,T=60,1306,1,0,11613720,0.1541817,True,False,12065,177,1
dense_support_q8_r05,dense_support,T=100,1306,1,1,11613720,0.1315109,True,False,6132,312,1
dense_support_q8_r05,dense_support,T=150,1306,1,2,11613720,0.1265351,True,False,2414,445,1
dense_support_q8_r05,dense_support,T=250,1306,1,3,11613720,0.1528741,True,False,1,569,1
dense_support_q8_r05,dense_support,T=400,1306,1,4,11613720,0.1621779,True,False,1,569,1
dense_support_q8_r05,dense_support,T=600,1306,1,5,11613720,0.1653727,True,False,1,569,1
dense_support_q8_r05,dense_support,T=1000,1306,1,6,11613720,0.1716343,True,False,1,569,1
dense_support_q8_r05,dense_support,cost_model_cold,1306,1,7,11613720,0.1423455,True,False,1707,477,1
dense_support_q8_r05,dense_support,cost_model_warm,1306,1,8,11613720,0.1344629,True,False,1,569,1
dense_support_q8_r05,dense_support,timing,1306,1,9,11613720,0.1268553,True,False,5329,338,3
dense_support_q8_r1,dense_support,T=100,1301,0,0,46454881,0.4491423,True,False,29151,273,1
dense_support_q8_r1,dense_support,T=150,1301,0,1,46454881,0.4736764,True,False,18574,463,1
dense_support_q8_r1,dense_support,T=250,1301,0,2,46454881,0.5108381,True,False,7955,762,1
dense_support_q8_r1,dense_support,T=400,1301,0,3,46454881,0.5625376,True,False,381,1114,1
dense_support_q8_r1,dense_support,T=600,1301,0,4,46454881,0.9312588,True,False,1,1138,1
dense_support_q8_r1,dense_support,T=1000,1301,0,5,46454881,0.6416013,True,False,1,1138,1
dense_support_q8_r1,dense_support,cost_model_cold,1301,0,6,46454881,0.404889,True,False,16240,516,1
dense_support_q8_r1,dense_support,cost_model_warm,1301,0,7,46454881,0.4460021,True,False,5964,840,1
dense_support_q8_r1,dense_support,timing,1301,0,8,46454881,0.4165299,True,False,26989,309,9
dense_support_q8_r1,dense_support,T=60,1301,0,9,46454881,0.5431841,True,False,45886,84,1
dense_support_q8_r1,dense_support,T=150,1301,1,0,46454881,0.3944857,True,False,18574,463,1
dense_support_q8_r1,dense_support,T=250,1301,1,1,46454881,0.501141,True,False,7955,762,1
dense_support_q8_r1,dense_support,T=400,1301,1,2,46454881,0.5178663,True,False,381,1114,1
dense_support_q8_r1,dense_support,T=600,1301,1,3,46454881,0.5369728,True,False,1,1138,1
dense_support_q8_r1,dense_support,T=1000,1301,1,4,46454881,0.5318014,True,False,1,1138,1
dense_support_q8_r1,dense_support,cost_model_cold,1301,1,5,46454881,0.4503713,True,False,16240,516,1
dense_support_q8_r1,dense_support,cost_model_warm,1301,1,6,46454881,0.4539932,True,False,5964,840,1
dense_support_q8_r1,dense_support,timing,1301,1,7,46454881,0.4455992,True,False,40458,141,13
dense_support_q8_r1,dense_support,T=60,1301,1,8,46454881,0.4918556,True,False,45886,84,1
dense_support_q8_r1,dense_support,T=100,1301,1,9,46454881,0.4395526,True,False,29151,273,1
dense_support_q8_r1,dense_support,T=250,1302,0,0,46454881,0.4266938,True,False,7959,762,1
dense_support_q8_r1,dense_support,T=400,1302,0,1,46454881,0.5247289,True,False,363,1115,1
dense_support_q8_r1,dense_support,T=600,1302,0,2,46454881,0.5283157,True,False,1,1138,1
dense_support_q8_r1,dense_support,T=1000,1302,0,3,46454881,0.5341446,True,False,1,1138,1
dense_support_q8_r1,dense_support,cost_model_cold,1302,0,4,46454881,0.3944305,True,False,16279,516,1
dense_support_q8_r1,dense_support,cost_model_warm,1302,0,5,46454881,0.5064689,True,False,5971,840,1
dense_support_q8_r1,dense_support,timing,1302,0,6,46454881,0.3857804,True,False,18146,475,7
dense_support_q8_r1,dense_support,T=60,1302,0,7,46454881,0.481409,True,False,45735,84,1
dense_support_q8_r1,dense_support,T=100,1302,0,8,46454881,0.4935353,True,False,29055,273,1
dense_support_q8_r1,dense_support,T=150,1302,0,9,46454881,0.3866616,True,False,18574,463,1
dense_support_q8_r1,dense_support,T=400,1302,1,0,46454881,0.5314681,True,False,363,1115,1
dense_support_q8_r1,dense_support,T=600,1302,1,1,46454881,0.5320971,True,False,1,1138,1
dense_support_q8_r1,dense_support,T=1000,1302,1,2,46454881,0.593607,True,False,1,1138,1
dense_support_q8_r1,dense_support,cost_model_cold,1302,1,3,46454881,0.3963538,True,False,16279,516,1
dense_support_q8_r1,dense_support,cost_model_warm,1302,1,4,46454881,0.4967302,True,False,5971,840,1
dense_support_q8_r1,dense_support,timing,1302,1,5,46454881,0.4144861,True,False,21325,408,7
dense_support_q8_r1,dense_support,T=60,1302,1,6,46454881,0.4853647,True,False,45735,84,1
dense_support_q8_r1,dense_support,T=100,1302,1,7,46454881,0.46497,True,False,29055,273,1
dense_support_q8_r1,dense_support,T=150,1302,1,8,46454881,0.3897005,True,False,18574,463,1
dense_support_q8_r1,dense_support,T=250,1302,1,9,46454881,0.4378317,True,False,7959,762,1
dense_support_q8_r1,dense_support,T=600,1303,0,0,46454881,0.5367279,True,False,1,1138,1
dense_support_q8_r1,dense_support,T=1000,1303,0,1,46454881,0.519905,True,False,1,1138,1
dense_support_q8_r1,dense_support,cost_model_cold,1303,0,2,46454881,0.388351,True,False,16264,516,1
dense_support_q8_r1,dense_support,cost_model_warm,1303,0,3,46454881,0.5050548,True,False,6012,840,1
dense_support_q8_r1,dense_support,timing,1303,0,4,46454881,0.4171408,True,False,33776,213,11
dense_support_q8_r1,dense_support,T=60,1303,0,5,46454881,0.4883913,True,False,45725,84,1
dense_support_q8_r1,dense_support,T=100,1303,0,6,46454881,0.4361603,True,False,29076,273,1
dense_support_q8_r1,dense_support,T=150,1303,0,7,46454881,0.3875941,True,False,18573,462,1
dense_support_q8_r1,dense_support,T=250,1303,0,8,46454881,0.5192097,True,False,8017,762,1
dense_support_q8_r1,dense_support,T=400,1303,0,9,46454881,0.5179084,True,False,391,1115,1
dense_support_q8_r1,dense_support,T=1000,1303,1,0,46454881,0.5251602,True,False,1,1138,1
dense_support_q8_r1,dense_support,cost_model_cold,1303,1,1,46454881,0.3902525,True,False,16264,516,1
dense_support_q8_r1,dense_support,cost_model_warm,1303,1,2,46454881,0.510796,True,False,6012,840,1
dense_support_q8_r1,dense_support,timing,1303,1,3,46454881,0.3880227,True,False,25414,334,9
dense_support_q8_r1,dense_support,T=60,1303,1,4,46454881,0.4958392,True,False,45725,84,1
dense_support_q8_r1,dense_support,T=100,1303,1,5,46454881,0.4162424,True,False,29076,273,1
dense_support_q8_r1,dense_support,T=150,1303,1,6,46454881,0.3798741,True,False,18573,462,1
dense_support_q8_r1,dense_support,T=250,1303,1,7,46454881,0.4720031,True,False,8017,762,1
dense_support_q8_r1,dense_support,T=400,1303,1,8,46454881,0.5194884,True,False,391,1115,1
dense_support_q8_r1,dense_support,T=600,1303,1,9,46454881,0.5178633,True,False,1,1138,1
dense_support_q8_r1,dense_support,cost_model_cold,1304,0,0,46454881,0.4401547,True,False,16122,516,1
dense_support_q8_r1,dense_support,cost_model_warm,1304,0,1,46454881,0.4381869,True,False,5972,840,1
dense_support_q8_r1,dense_support,timing,1304,0,2,46454881,0.4454315,True,False,43372,111,15
dense_support_q8_r1,dense_support,T=60,1304,0,3,46454881,0.5109136,True,False,45660,84,1
dense_support_q8_r1,dense_support,T=100,1304,0,4,46454881,0.4238751,True,False,28924,273,1
dense_support_q8_r1,dense_support,T=150,1304,0,5,46454881,0.3817019,True,False,18413,463,1
dense_support_q8_r1,dense_support,T=250,1304,0,6,46454881,0.4362135,True,False,7978,762,1
dense_support_q8_r1,dense_support,T=400,1304,0,7,46454881,0.5331222,True,False,397,1115,1
dense_support_q8_r1,dense_support,T=600,1304,0,8,46454881,0.6252289,True,False,1,1137,1
dense_support_q8_r1,dense_support,T=1000,1304,0,9,46454881,0.5268854,True,False,1,1137,1
dense_support_q8_r1,dense_support,cost_model_warm,1304,1,0,46454881,0.5011345,True,False,5972,840,1
dense_support_q8_r1,dense_support,timing,1304,1,1,46454881,0.4179569,True,False,37617,168,11
dense_support_q8_r1,dense_support,T=60,1304,1,2,46454881,0.4660939,True,False,45660,84,1
dense_support_q8_r1,dense_support,T=100,1304,1,3,46454881,0.4212647,True,False,28924,273,1
dense_support_q8_r1,dense_support,T=150,1304,1,4,46454881,0.4136022,True,False,18413,463,1
dense_support_q8_r1,dense_support,T=250,1304,1,5,46454881,0.5485583,True,False,7978,762,1
dense_support_q8_r1,dense_support,T=400,1304,1,6,46454881,0.6590452,True,False,397,1115,1
dense_support_q8_r1,dense_support,T=600,1304,1,7,46454881,0.5245087,True,False,1,1137,1
dense_support_q8_r1,dense_support,T=1000,1304,1,8,46454881,0.6059329,True,False,1,1137,1
dense_support_q8_r1,dense_support,cost_model_cold,1304,1,9,46454881,0.4608274,True,False,16122,516,1
dense_support_q8_r1,dense_support,timing,1305,0,0,46454881,0.4769325,True,False,26991,307,9
dense_support_q8_r1,dense_support,T=60,1305,0,1,46454881,0.5050466,True,False,45652,84,1
dense_support_q8_r1,dense_support,T=100,1305,0,2,46454881,0.4388199,True,False,28928,273,1
dense_support_q8_r1,dense_support,T=150,1305,0,3,46454881,0.4586488,True,False,18488,463,1
dense_support_q8_r1,dense_support,T=250,1305,0,4,46454881,0.4794277,True,False,7905,762,1
dense_support_q8_r1,dense_support,T=400,1305,0,5,46454881,0.5588363,True,False,379,1114,1
dense_support_q8_r1,dense_support,T=600,1305,0,6,46454881,0.557693,True,False,1,1138,1
dense_support_q8_r1,dense_support,T=1000,1305,0,7,46454881,0.5676377,True,False,1,1138,1
dense_support_q8_r1,dense_support,cost_model_cold,1305,0,8,46454881,0.4727895,True,False,16186,516,1
dense_support_q8_r1,dense_support,cost_model_warm,1305,0,9,46454881,0.5126907,True,False,5923,840,1
dense_support_q8_r1,dense_support,T=60,1305,1,0,46454881,0.5148867,True,False,45652,84,1
dense_support_q8_r1,dense_support,T=100,1305,1,1,46454881,0.42943,True,False,28928,273,1
dense_support_q8_r1,dense_support,T=150,1305,1,2,46454881,0.4548729,True,False,18488,463,1
dense_support_q8_r1,dense_support,T=250,1305,1,3,46454881,0.4635355,True,False,7905,762,1
dense_support_q8_r1,dense_support,T=400,1305,1,4,46454881,0.5779332,True,False,379,1114,1
dense_support_q8_r1,dense_support,T=600,1305,1,5,46454881,0.5944667,True,False,1,1138,1
dense_support_q8_r1,dense_support,T=1000,1305,1,6,46454881,0.5689492,True,False,1,1138,1
dense_support_q8_r1,dense_support,cost_model_cold,1305,1,7,46454881,0.3903576,True,False,16186,516,1
dense_support_q8_r1,dense_support,cost_model_warm,1305,1,8,46454881,0.4430442,True,False,5923,840,1
dense_support_q8_r1,dense_support,timing,1305,1,9,46454881,0.4151052,True,False,30010,263,11
dense_support_q8_r1,dense_support,T=100,1306,0,0,46454881,0.6028506,True,False,29082,273,1
dense_support_q8_r1,dense_support,T=150,1306,0,1,46454881,0.5562261,True,False,18572,463,1
dense_support_q8_r1,dense_support,T=250,1306,0,2,46454881,0.5289556,True,False,7999,763,1
dense_support_q8_r1,dense_support,T=400,1306,0,3,46454881,0.5633543,True,False,396,1115,1
dense_support_q8_r1,dense_support,T=600,1306,0,4,46454881,0.6867088,True,False,1,1137,1
dense_support_q8_r1,dense_support,T=1000,1306,0,5,46454881,0.7237215,True,False,1,1137,1
dense_support_q8_r1,dense_support,cost_model_cold,1306,0,6,46454881,0.577924,True,False,16263,516,1
dense_support_q8_r1,dense_support,cost_model_warm,1306,0,7,46454881,0.6401875,True,False,5982,840,1
dense_support_q8_r1,dense_support,timing,1306,0,8,46454881,0.603677,True,False,39431,166,15
dense_support_q8_r1,dense_support,T=60,1306,0,9,46454881,0.5564773,True,False,45734,84,1
dense_support_q8_r1,dense_support,T=150,1306,1,0,46454881,0.4506546,True,False,18572,463,1
dense_support_q8_r1,dense_support,T=250,1306,1,1,46454881,0.4996741,True,False,7999,763,1
dense_support_q8_r1,dense_support,T=400,1306,1,2,46454881,0.5916773,True,False,396,1115,1
dense_support_q8_r1,dense_support,T=600,1306,1,3,46454881,0.6209701,True,False,1,1137,1
dense_support_q8_r1,dense_support,T=1000,1306,1,4,46454881,0.594627,True,False,1,1137,1
dense_support_q8_r1,dense_support,cost_model_cold,1306,1,5,46454881,0.558443,True,False,16263,516,1
dense_support_q8_r1,dense_support,cost_model_warm,1306,1,6,46454881,0.6602091,True,False,5982,840,1
dense_support_q8_r1,dense_support,timing,1306,1,7,46454881,0.6198184,True,False,4873,888,3
dense_support_q8_r1,dense_support,T=60,1306,1,8,46454881,0.6658129,True,False,45734,84,1
dense_support_q8_r1,dense_support,T=100,1306,1,9,46454881,0.5028303,True,False,29082,273,1
dense_support_q8_r2,dense_support,T=250,1301,0,0,185819525,1.6136395,True,False,46131,745,1
dense_support_q8_r2,dense_support,T=400,1301,0,1,185819525,1.9204752,True,False,24524,1242,1
dense_support_q8_r2,dense_support,T=600,1301,0,2,185819525,2.283272,True,False,9621,1777,1
dense_support_q8_r2,dense_support,T=1000,1301,0,3,185819525,2.6836598,True,False,1,2274,1
dense_support_q8_r2,dense_support,cost_model_cold,1301,0,4,185819525,1.4469612,True,False,68497,408,1
dense_support_q8_r2,dense_support,cost_model_warm,1301,0,5,185819525,1.5089469,True,False,39721,869,1
dense_support_q8_r2,dense_support,timing,1301,0,6,185819525,1.4145827,True,False,52392,643,15
dense_support_q8_r2,dense_support,T=60,1301,0,7,185819525,1.6050733,True,False,113154,0,0
dense_support_q8_r2,dense_support,T=100,1301,0,8,185819525,1.590403,True,False,105615,53,1
dense_support_q8_r2,dense_support,T=150,1301,0,9,185819525,1.6317059,True,False,76006,321,1
dense_support_q8_r2,dense_support,T=400,1301,1,0,185819525,1.9775063,True,False,24524,1242,1
dense_support_q8_r2,dense_support,T=600,1301,1,1,185819525,2.3740829,True,False,9621,1777,1
dense_support_q8_r2,dense_support,T=1000,1301,1,2,185819525,2.8334326,True,False,1,2274,1
dense_support_q8_r2,dense_support,cost_model_cold,1301,1,3,185819525,1.4361111,True,False,68497,408,1
dense_support_q8_r2,dense_support,cost_model_warm,1301,1,4,185819525,1.4859918,True,False,39721,869,1
dense_support_q8_r2,dense_support,timing,1301,1,5,185819525,1.478401,True,False,43006,809,13
dense_support_q8_r2,dense_support,T=60,1301,1,6,185819525,1.2502684,True,False,113154,0,0
dense_support_q8_r2,dense_support,T=100,1301,1,7,185819525,1.2634547,True,False,105615,53,1
dense_support_q8_r2,dense_support,T=150,1301,1,8,185819525,1.2654572,True,False,76006,321,1
dense_support_q8_r2,dense_support,T=250,1301,1,9,185819525,1.4651594,True,False,46131,745,1
dense_support_q8_r2,dense_support,T=600,1302,0,0,185819525,2.402304,True,False,9639,1777,1
dense_support_q8_r2,dense_support,T=1000,1302,0,1,185819525,2.547764,True,False,1,2274,1
dense_support_q8_r2,dense_support,cost_model_cold,1302,0,2,185819525,1.2445813,True,False,68422,408,1
dense_support_q8_r2,dense_support,cost_model_warm,1302,0,3,185819525,1.6026682,True,False,39599,869,1
dense_support_q8_r2,dense_support,timing,1302,0,4,185819525,1.6371779,True,False,24227,1255,9
dense_support_q8_r2,dense_support,T=60,1302,0,5,185819525,1.3697857,True,False,113149,0,0
dense_support_q8_r2,dense_support,T=100,1302,0,6,185819525,1.3871213,True,False,105603,53,1
dense_support_q8_r2,dense_support,T=150,1302,0,7,185819525,1.5952199,True,False,75876,321,1
dense_support_q8_r2,dense_support,T=250,1302,0,8,185819525,1.5619816,True,False,45993,745,1
dense_support_q8_r2,dense_support,T=400,1302,0,9,185819525,1.6660516,True,False,24573,1243,1
dense_support_q8_r2,dense_support,T=1000,1302,1,0,185819525,2.6342013,True,False,1,2274,1
dense_support_q8_r2,dense_support,cost_model_cold,1302,1,1,185819525,1.2370799,True,False,68422,408,1
dense_support_q8_r2,dense_support,cost_model_warm,1302,1,2,185819525,1.4200694,True,False,39599,869,1
dense_support_q8_r2,dense_support,timing,1302,1,3,185819525,2.377672,True,False,36792,935,13
dense_support_q8_r2,dense_support,T=60,1302,1,4,185819525,2.8887022,True,False,113149,0,0
dense_support_q8_r2,dense_support,T=100,1302,1,5,185819525,2.539623,True,False,105603,53,1
dense_support_q8_r2,dense_support,T=150,1302,1,6,185819525,2.4415083,True,False,75876,321,1
dense_support_q8_r2,dense_support,T=250,1302,1,7,185819525,2.6812707,True,False,45993,745,1
dense_support_q8_r2,dense_support,T=400,1302,1,8,185819525,2.4216833,True,False,24573,1243,1
dense_support_q8_r2,dense_support,T=600,1302,1,9,185819525,3.3136045,True,False,9639,1777,1
dense_support_q8_r2,dense_support,cost_model_cold,1303,0,0,185819525,2.5219077,True,False,68357,408,1
dense_support_q8_r2,dense_support,cost_model_warm,1303,0,1,185819525,2.6025705,True,False,39613,869,1
dense_support_q8_r2,dense_support,timing,1303,0,2,185819525,2.842301,True,False,28957,1123,9
dense_support_q8_r2,dense_support,T=60,1303,0,3,185819525,2.1940255,True,False,113049,0,0
dense_support_q8_r2,dense_support,T=100,1303,0,4,185819525,2.576564,True,False,105544,53,1
dense_support_q8_r2,dense_support,T=150,1303,0,5,185819525,2.2556508,True,False,75787,320,1
dense_support_q8_r2,dense_support,T=250,1303,0,6,185819525,2.2754198,True,False,46011,744,1
dense_support_q8_r2,dense_support,T=400,1303,0,7,185819525,2.6876735,True,False,24553,1242,1
dense_support_q8_r2,dense_support,T=600,1303,0,8,185819525,3.3308506,True,False,9698,1777,1
dense_support_q8_r2,dense_support,T=1000,1303,0,9,185819525,4.0170951,True,False,1,2273,1
dense_support_q8_r2,dense_support,cost_model_warm,1303,1,0,185819525,2.2605224,True,False,39613,869,1
dense_support_q8_r2,dense_support,timing,1303,1,1,185819525,2.0928841,True,False,81137,274,23
dense_support_q8_r2,dense_support,T=60,1303,1,2,185819525,2.3173851,True,False,113049,0,0
dense_support_q8_r2,dense_support,T=100,1303,1,3,185819525,2.4029979,True,False,105544,53,1
dense_support_q8_r2,dense_support,T=150,1303,1,4,185819525,2.1852851,True,False,75787,320,1
dense_support_q8_r2,dense_support,T=250,1303,1,5,185819525,2.4600768,True,False,46011,744,1
dense_support_q8_r2,dense_support,T=400,1303,1,6,185819525,3.1467784,True,False,24553,1242,1
dense_support_q8_r2,dense_support,T=600,1303,1,7,185819525,3.2373476,True,False,9698,1777,1
dense_support_q8_r2,dense_support,T=1000,1303,1,8,185819525,4.4665035,True,False,1,2273,1
dense_support_q8_r2,dense_support,cost_model_cold,1303,1,9,185819525,2.4875365,True,False,68357,408,1
dense_support_q8_r2,dense_support,timing,1304,0,0,185819525,2.5939504,True,False,34970,972,11
dense_support_q8_r2,dense_support,T=60,1304,0,1,185819525,2.6602252,True,False,112811,0,0
dense_support_q8_r2,dense_support,T=100,1304,0,2,185819525,3.2121262,True,False,105355,53,1
dense_support_q8_r2,dense_support,T=150,1304,0,3,185819525,2.8294874,True,False,75775,321,1
dense_support_q8_r2,dense_support,T=250,1304,0,4,185819525,2.3254278,True,False,45924,744,1
dense_support_q8_r2,dense_support,T=400,1304,0,5,185819525,2.7667451,True,False,24357,1242,1
dense_support_q8_r2,dense_support,T=600,1304,0,6,185819525,3.6330985,True,False,9674,1777,1
dense_support_q8_r2,dense_support,T=1000,1304,0,7,185819525,4.1336456,True,False,1,2274,1
dense_support_q8_r2,dense_support,cost_model_cold,1304,0,8,185819525,2.1763871,True,False,68236,408,1
dense_support_q8_r2,dense_support,cost_model_warm,1304,0,9,185819525,2.7735684,True,False,39516,869,1
dense_support_q8_r2,dense_support,T=60,1304,1,0,185819525,2.4900106,True,False,112811,0,0
dense_support_q8_r2,dense_support,T=100,1304,1,1,185819525,2.4159445,True,False,105355,53,1
dense_support_q8_r2,dense_support,T=150,1304,1,2,185819525,2.4059731,True,False,75775,321,1
dense_support_q8_r2,dense_support,T=250,1304,1,3,185819525,2.6584205,True,False,45924,744,1
dense_support_q8_r2,dense_support,T=400,1304,1,4,185819525,3.2556715,True,False,24357,1242,1
dense_support_q8_r2,dense_support,T=600,1304,1,5,185819525,3.8278218,True,False,9674,1777,1
dense_support_q8_r2,dense_support,T=1000,1304,1,6,185819525,4.5042766,True,False,1,2274,1
dense_support_q8_r2,dense_support,cost_model_cold,1304,1,7,185819525,2.301942,True,False,68236,408,1
dense_support_q8_r2,dense_support,cost_model_warm,1304,1,8,185819525,2.7428267,True,False,39516,869,1
dense_support_q8_r2,dense_support,timing,1304,1,9,185819525,2.6587925,True,False,46403,742,15
dense_support_q8_r2,dense_support,T=100,1305,0,0,185819525,2.1784615,True,False,105649,53,1
dense_support_q8_r2,dense_support,T=150,1305,0,1,185819525,2.2909398,True,False,75776,321,1
dense_support_q8_r2,dense_support,T=250,1305,0,2,185819525,2.4320912,True,False,45931,745,1
dense_support_q8_r2,dense_support,T=400,1305,0,3,185819525,2.8756226,True,False,24472,1243,1
dense_support_q8_r2,dense_support,T=600,1305,0,4,185819525,3.471547,True,False,9556,1777,1
dense_support_q8_r2,dense_support,T=1000,1305,0,5,185819525,4.923677,True,False,1,2274,1
dense_support_q8_r2,dense_support,cost_model_cold,1305,0,6,185819525,2.3652688,True,False,68359,408,1
dense_support_q8_r2,dense_support,cost_model_warm,1305,0,7,185819525,2.4273251,True,False,39535,869,1
dense_support_q8_r2,dense_support,timing,1305,0,8,185819525,2.2604812,True,False,78567,300,21
dense_support_q8_r2,dense_support,T=60,1305,0,9,185819525,2.3251552,True,False,113139,0,0
dense_support_q8_r2,dense_support,T=150,1305,1,0,185819525,2.1741837,True,False,75776,321,1
dense_support_q8_r2,dense_support,T=250,1305,1,1,185819525,2.4838504,True,False,45931,745,1
dense_support_q8_r2,dense_support,T=400,1305,1,2,185819525,2.7603488,True,False,24472,1243,1
dense_support_q8_r2,dense_support,T=600,1305,1,3,185819525,3.3936827,True,False,9556,1777,1
dense_support_q8_r2,dense_support,T=1000,1305,1,4,185819525,4.0292905,True,False,1,2274,1
dense_support_q8_r2,dense_support,cost_model_cold,1305,1,5,185819525,2.6159566,True,False,68359,408,1
dense_support_q8_r2,dense_support,cost_model_warm,1305,1,6,185819525,2.8143349,True,False,39535,869,1
dense_support_q8_r2,dense_support,timing,1305,1,7,185819525,2.5340595,True,False,67165,434,21
dense_support_q8_r2,dense_support,T=60,1305,1,8,185819525,2.5823327,True,False,113139,0,0
dense_support_q8_r2,dense_support,T=100,1305,1,9,185819525,2.5234345,True,False,105649,53,1
dense_support_q8_r2,dense_support,T=250,1306,0,0,185819525,2.8165067,True,False,45982,745,1
dense_support_q8_r2,dense_support,T=400,1306,0,1,185819525,3.5717493,True,False,24524,1243,1
dense_support_q8_r2,dense_support,T=600,1306,0,2,185819525,4.3589049,True,False,9666,1777,1
dense_support_q8_r2,dense_support,T=1000,1306,0,3,185819525,5.0038501,True,False,1,2273,1
dense_support_q8_r2,dense_support,cost_model_cold,1306,0,4,185819525,2.8201931,True,False,68445,408,1
dense_support_q8_r2,dense_support,cost_model_warm,1306,0,5,185819525,2.9830919,True,False,39606,869,1
dense_support_q8_r2,dense_support,timing,1306,0,6,185819525,2.508625,True,False,79609,291,21
dense_support_q8_r2,dense_support,T=60,1306,0,7,185819525,2.5577596,True,False,113214,0,0
dense_support_q8_r2,dense_support,T=100,1306,0,8,185819525,2.6077225,True,False,105699,53,1
dense_support_q8_r2,dense_support,T=150,1306,0,9,185819525,2.3357035,True,False,75934,321,1
dense_support_q8_r2,dense_support,T=400,1306,1,0,185819525,3.1574451,True,False,24524,1243,1
dense_support_q8_r2,dense_support,T=600,1306,1,1,185819525,3.7975226,True,False,9666,1777,1
dense_support_q8_r2,dense_support,T=1000,1306,1,2,185819525,4.2553183,True,False,1,2273,1
dense_support_q8_r2,dense_support,cost_model_cold,1306,1,3,185819525,2.4419639,True,False,68445,408,1
dense_support_q8_r2,dense_support,cost_model_warm,1306,1,4,185819525,2.6082404,True,False,39606,869,1
dense_support_q8_r2,dense_support,timing,1306,1,5,185819525,2.6800379,True,False,55178,602,21
dense_support_q8_r2,dense_support,T=60,1306,1,6,185819525,3.0298206,True,False,113214,0,0
dense_support_q8_r2,dense_support,T=100,1306,1,7,185819525,2.9067384,True,False,105699,53,1
dense_support_q8_r2,dense_support,T=150,1306,1,8,185819525,2.4116652,True,False,75934,321,1
dense_support_q8_r2,dense_support,T=250,1306,1,9,185819525,2.6641741,True,False,45982,745,1
dense_support_q12_r05,dense_support,T=600,1301,0,0,6349717,0.2505346,True,False,1,422,1
dense_support_q12_r05,dense_support,T=1000,1301,0,1,6349717,0.284184,True,False,1,422,1
dense_support_q12_r05,dense_support,cost_model_cold,1301,0,2,6349717,0.2541335,True,False,1410,345,1
dense_support_q12_r05,dense_support,cost_model_warm,1301,0,3,6349717,0.2510345,True,False,1,422,1
dense_support_q12_r05,dense_support,timing,1301,0,4,6349717,0.3305444,True,False,8361,142,5
dense_support_q12_r05,dense_support,T=60,1301,0,5,6349717,0.3574467,True,False,6175,187,1
dense_support_q12_r05,dense_support,T=100,1301,0,6,6349717,0.3616177,True,False,2424,302,1
dense_support_q12_r05,dense_support,T=150,1301,0,7,6349717,0.3241901,True,False,65,418,1
dense_support_q12_r05,dense_support,T=250,1301,0,8,6349717,0.3369619,True,False,1,422,1
dense_support_q12_r05,dense_support,T=400,1301,0,9,6349717,0.2928533,True,False,1,422,1
dense_support_q12_r05,dense_support,T=1000,1301,1,0,6349717,0.3388995,True,False,1,422,1
dense_support_q12_r05,dense_support,cost_model_cold,1301,1,1,6349717,0.3228883,True,False,1410,345,1
dense_support_q12_r05,dense_support,cost_model_warm,1301,1,2,6349717,0.366755,True,False,1,422,1
dense_support_q12_r05,dense_support,timing,1301,1,3,6349717,0.319993,True,False,8673,136,5
dense_support_q12_r05,dense_support,T=60,1301,1,4,6349717,0.3272894,True,False,6175,187,1
dense_support_q12_r05,dense_support,T=100,1301,1,5,6349717,0.3618051,True,False,2424,302,1
dense_support_q12_r05,dense_support,T=150,1301,1,6,6349717,0.3516597,True,False,65,418,1
dense_support_q12_r05,dense_support,T=250,1301,1,7,6349717,0.3856669,True,False,1,422,1
dense_support_q12_r05,dense_support,T=400,1301,1,8,6349717,0.3920821,True,False,1,422,1
dense_support_q12_r05,dense_support,T=600,1301,1,9,6349717,0.387447,True,False,1,422,1
dense_support_q12_r05,dense_support,cost_model_cold,1302,0,0,6349717,0.3058817,True,False,1440,345,1
dense_support_q12_r05,dense_support,cost_model_warm,1302,0,1,6349717,0.3398319,True,False,1,422,1
dense_support_q12_r05,dense_support,timing,1302,0,2,6349717,0.4037919,True,False,13124,73,5
dense_support_q12_r05,dense_support,T=60,1302,0,3,6349717,0.3776768,True,False,6161,187,1
dense_support_q12_r05,dense_support,T=100,1302,0,4,6349717,0.3674778,True,False,2438,302,1
dense_support_q12_r05,dense_support,T=150,1302,0,5,6349717,0.3536895,True,False,67,418,1
dense_support_q12_r05,dense_support,T=250,1302,0,6,6349717,0.3009428,True,False,1,422,1
dense_support_q12_r05,dense_support,T=400,1302,0,7,6349717,0.3241138,True,False,1,422,1
dense_support_q12_r05,dense_support,T=600,1302,0,8,6349717,0.306157,True,False,1,422,1
dense_support_q12_r05,dense_support,T=1000,1302,0,9,6349717,0.3739969,True,False,1,422,1
dense_support_q12_r05,dense_support,cost_model_warm,1302,1,0,6349717,0.3921073,True,False,1,422,1
dense_support_q12_r05,dense_support,timing,1302,1,1,6349717,0.4528868,True,False,11503,93,5
dense_support_q12_r05,dense_support,T=60,1302,1,2,6349717,0.3867514,True,False,6161,187,1
dense_support_q12_r05,dense_support,T=100,1302,1,3,6349717,0.3282192,True,False,2438,302,1
dense_support_q12_r05,dense_support,T=150,1302,1,4,6349717,0.355313,True,False,67,418,1
dense_support_q12_r05,dense_support,T=250,1302,1,5,6349717,0.3368261,True,False,1,422,1
dense_support_q12_r05,dense_support,T=400,1302,1,6,6349717,0.3722156,True,False,1,422,1
dense_support_q12_r05,dense_support,T=600,1302,1,7,6349717,0.3710264,True,False,1,422,1
dense_support_q12_r05,dense_support,T=1000,1302,1,8,6349717,0.3565945,True,False,1,422,1
dense_support_q12_r05,dense_support,cost_model_cold,1302,1,9,6349717,0.3237665,True,False,1440,345,1
dense_support_q12_r05,dense_support,timing,1303,0,0,6349717,0.4141364,True,False,9669,123,7
dense_support_q12_r05,dense_support,T=60,1303,0,1,6349717,0.3540513,True,False,6214,187,1
dense_support_q12_r05,dense_support,T=100,1303,0,2,6349717,0.3188263,True,False,2471,303,1
dense_support_q12_r05,dense_support,T=150,1303,0,3,6349717,0.3781002,True,False,67,418,1
dense_support_q12_r05,dense_support,T=250,1303,0,4,6349717,0.3457633,True,False,1,422,1
dense_support_q12_r05,dense_support,T=400,1303,0,5,6349717,0.3300704,True,False,1,422,1
dense_support_q12_r05,dense_support,T=600,1303,0,6,6349717,0.3841788,True,False,1,422,1
dense_support_q12_r05,dense_support,T=1000,1303,0,7,6349717,0.3922607,True,False,1,422,1
dense_support_q12_r05,dense_support,cost_model_cold,1303,0,8,6349717,0.3798994,True,False,1468,345,1
dense_support_q12_r05,dense_support,cost_model_warm,1303,0,9,6349717,0.4003095,True,False,1,422,1
dense_support_q12_r05,dense_support,T=60,1303,1,0,6349717,0.3820235,True,False,6214,187,1
dense_support_q12_r05,dense_support,T=100,1303,1,1,6349717,0.3656747,True,False,2471,303,1
dense_support_q12_r05,dense_support,T=150,1303,1,2,6349717,0.3531565,True,False,67,418,1
dense_support_q12_r05,dense_support,T=250,1303,1,3,6349717,0.3791589,True,False,1,422,1
dense_support_q12_r05,dense_support,T=400,1303,1,4,6349717,0.3754206,True,False,1,422,1
dense_support_q12_r05,dense_support,T=600,1303,1,5,6349717,0.3985301,True,False,1,422,1
dense_support_q12_r05,dense_support,T=1000,1303,1,6,6349717,0.3821931,True,False,1,422,1
dense_support_q12_r05,dense_support,cost_model_cold,1303,1,7,6349717,0.3795351,True,False,1468,345,1
dense_support_q12_r05,dense_support,cost_model_warm,1303,1,8,6349717,0.3769738,True,False,1,422,1
dense_support_q12_r05,dense_support,timing,1303,1,9,6349717,0.3802981,True,False,9332,126,5
dense_support_q12_r05,dense_support,T=100,1304,0,0,6349717,0.3630779,True,False,2437,303,1
dense_support_q12_r05,dense_support,T=150,1304,0,1,6349717,0.3647918,True,False,72,418,1
dense_support_q12_r05,dense_support,T=250,1304,0,2,6349717,0.2738129,True,False,1,422,1
dense_support_q12_r05,dense_support,T=400,1304,0,3,6349717,0.4043523,True,False,1,422,1
dense_support_q12_r05,dense_support,T=600,1304,0,4,6349717,0.4021886,True,False,1,422,1
dense_support_q12_r05,dense_support,T=1000,1304,0,5,6349717,0.4099027,True,False,1,422,1
dense_support_q12_r05,dense_support,cost_model_cold,1304,0,6,6349717,0.3713255,True,False,1457,345,1
dense_support_q12_r05,dense_support,cost_model_warm,1304,0,7,6349717,0.3713238,True,False,1,422,1
dense_support_q12_r05,dense_support,timing,1304,0,8,6349717,0.4865734,True,False,12336,82,5
dense_support_q12_r05,dense_support,T=60,1304,0,9,6349717,0.356042,True,False,6172,187,1
dense_support_q12_r05,dense_support,T=150,1304,1,0,6349717,0.3581061,True,False,72,418,1
dense_support_q12_r05,dense_support,T=250,1304,1,1,6349717,0.3825174,True,False,1,422,1
dense_support_q12_r05,dense_support,T=400,1304,1,2,6349717,0.3698065,True,False,1,422,1
dense_support_q12_r05,dense_support,T=600,1304,1,3,6349717,0.3393104,True,False,1,422,1
dense_support_q12_r05,dense_support,T=1000,1304,1,4,6349717,0.382414,True,False,1,422,1
dense_support_q12_r05,dense_support,cost_model_cold,1304,1,5,6349717,0.3414503,True,False,1457,345,1
dense_support_q12_r05,dense_support,cost_model_warm,1304,1,6,6349717,0.3649,True,False,1,422,1
dense_support_q12_r05,dense_support,timing,1304,1,7,6349717,0.3396662,True,False,4615,232,7
dense_support_q12_r05,dense_support,T=60,1304,1,8,6349717,0.3584961,True,False,6172,187,1
dense_support_q12_r05,dense_support,T=100,1304,1,9,6349717,0.3271839,True,False,2437,303,1
dense_support_q12_r05,dense_support,T=250,1305,0,0,6349717,0.3759746,True,False,1,422,1
dense_support_q12_r05,dense_support,T=400,1305,0,1,6349717,0.3516124,True,False,1,422,1
dense_support_q12_r05,dense_support,T=600,1305,0,2,6349717,0.3250136,True,False,1,422,1
dense_support_q12_r05,dense_support,T=1000,1305,0,3,6349717,0.2928806,True,False,1,422,1
dense_support_q12_r05,dense_support,cost_model_cold,1305,0,4,6349717,0.3278745,True,False,1453,345,1
dense_support_q12_r05,dense_support,cost_model_warm,1305,0,5,6349717,0.3259942,True,False,1,422,1
dense_support_q12_r05,dense_support,timing,1305,0,6,6349717,0.3562939,True,False,4888,221,3
dense_support_q12_r05,dense_support,T=60,1305,0,7,6349717,0.2834978,True,False,6136,187,1
dense_support_q12_r05,dense_support,T=100,1305,0,8,6349717,0.3370833,True,False,2439,303,1
dense_support_q12_r05,dense_support,T=150,1305,0,9,6349717,0.3637964,True,False,70,418,1
dense_support_q12_r05,dense_support,T=400,1305,1,0,6349717,0.3438329,True,False,1,422,1
dense_support_q12_r05,dense_support,T=600,1305,1,1,6349717,0.2773814,True,False,1,422,1
dense_support_q12_r05,dense_support,T=1000,1305,1,2,6349717,0.3547881,True,False,1,422,1
dense_support_q12_r05,dense_support,cost_model_cold,1305,1,3,6349717,0.3150106,True,False,1453,345,1
dense_support_q12_r05,dense_support,cost_model_warm,1305,1,4,6349717,0.3859076,True,False,1,422,1
dense_support_q12_r05,dense_support,timing,1305,1,5,6349717,0.6323067,True,False,16837,35,7
dense_support_q12_r05,dense_support,T=60,1305,1,6,6349717,0.3795554,True,False,6136,187,1
dense_support_q12_r05,dense_support,T=100,1305,1,7,6349717,0.3022071,True,False,2439,303,1
dense_support_q12_r05,dense_support,T=150,1305,1,8,6349717,0.2934436,True,False,70,418,1
dense_support_q12_r05,dense_support,T=250,1305,1,9,6349717,0.3346651,True,False,1,422,1
dense_support_q12_r05,dense_support,T=600,1306,0,0,6349717,0.2933678,True,False,1,422,1
dense_support_q12_r05,dense_support,T=1000,1306,0,1,6349717,0.2961398,True,False,1,422,1
dense_support_q12_r05,dense_support,cost_model_cold,1306,0,2,6349717,0.2591625,True,False,1451,345,1
dense_support_q12_r05,dense_support,cost_model_warm,1306,0,3,6349717,0.2858236,True,False,1,422,1
dense_support_q12_r05,dense_support,timing,1306,0,4,6349717,0.3872058,True,False,8735,136,5
dense_support_q12_r05,dense_support,T=60,1306,0,5,6349717,0.3181607,True,False,6187,187,1
dense_support_q12_r05,dense_support,T=100,1306,0,6,6349717,0.2891492,True,False,2437,302,1
dense_support_q12_r05,dense_support,T=150,1306,0,7,6349717,0.3483054,True,False,71,418,1
dense_support_q12_r05,dense_support,T=250,1306,0,8,6349717,0.3497733,True,False,1,422,1
dense_support_q12_r05,dense_support,T=400,1306,0,9,6349717,0.3112867,True,False,1,422,1
dense_support_q12_r05,dense_support,T=1000,1306,1,0,6349717,0.2493922,True,False,1,422,1
dense_support_q12_r05,dense_support,cost_model_cold,1306,1,1,6349717,0.2603162,True,False,1451,345,1
dense_support_q12_r05,dense_support,cost_model_warm,1306,1,2,6349717,0.3314852,True,False,1,422,1
dense_support_q12_r05,dense_support,timing,1306,1,3,6349717,0.2629595,True,False,6471,182,3
dense_support_q12_r05,dense_support,T=60,1306,1,4,6349717,0.2407922,True,False,6187,187,1
dense_support_q12_r05,dense_support,T=100,1306,1,5,6349717,0.2548566,True,False,2437,302,1
dense_support_q12_r05,dense_support,T=150,1306,1,6,6349717,0.2835502,True,False,71,418,1
dense_support_q12_r05,dense_support,T=250,1306,1,7,6349717,0.2955999,True,False,1,422,1
dense_support_q12_r05,dense_support,T=400,1306,1,8,6349717,0.2664677,True,False,1,422,1
dense_support_q12_r05,dense_support,T=600,1306,1,9,6349717,0.3087237,True,False,1,422,1
dense_support_q12_r1,dense_support,cost_model_cold,1301,0,0,25398871,1.0898292,True,False,12540,368,1
dense_support_q12_r1,dense_support,cost_model_warm,1301,0,1,25398871,1.197023,True,False,4183,632,1
dense_support_q12_r1,dense_support,timing,1301,0,2,25398871,1.0066565,True,False,7762,501,3
dense_support_q12_r1,dense_support,T=60,1301,0,3,25398871,1.163205,True,False,26196,141,1
dense_support_q12_r1,dense_support,T=100,1301,0,4,25398871,1.0155742,True,False,15546,304,1
dense_support_q12_r1,dense_support,T=150,1301,0,5,25398871,1.0377201,True,False,8829,466,1
dense_support_q12_r1,dense_support,T=250,1301,0,6,25398871,0.9778143,True,False,2134,724,1
dense_support_q12_r1,dense_support,T=400,1301,0,7,25398871,1.302608,True,False,1,842,1
dense_support_q12_r1,dense_support,T=600,1301,0,8,25398871,1.3095377,True,False,1,842,1
dense_support_q12_r1,dense_support,T=1000,1301,0,9,25398871,1.5159791,True,False,1,842,1
dense_support_q12_r1,dense_support,cost_model_warm,1301,1,0,25398871,1.2375279,True,False,4183,632,1
dense_support_q12_r1,dense_support,timing,1301,1,1,25398871,1.0690292,True,False,10691,417,7
dense_support_q12_r1,dense_support,T=60,1301,1,2,25398871,1.1122589,True,False,26196,141,1
dense_support_q12_r1,dense_support,T=100,1301,1,3,25398871,1.0081835,True,False,15546,304,1
dense_support_q12_r1,dense_support,T=150,1301,1,4,25398871,1.1640578,True,False,8829,466,1
dense_support_q12_r1,dense_support,T=250,1301,1,5,25398871,1.4214539,True,False,2134,724,1
dense_support_q12_r1,dense_support,T=400,1301,1,6,25398871,1.3936414,True,False,1,842,1
dense_support_q12_r1,dense_support,T=600,1301,1,7,25398871,1.2620852,True,False,1,842,1
dense_support_q12_r1,dense_support,T=1000,1301,1,8,25398871,1.2600905,True,False,1,842,1
dense_support_q12_r1,dense_support,cost_model_cold,1301,1,9,25398871,0.8766934,True,False,12540,368,1
dense_support_q12_r1,dense_support,timing,1302,0,0,25398871,1.1041861,True,False,33125,73,11
dense_support_q12_r1,dense_support,T=60,1302,0,1,25398871,1.0725203,True,False,26193,141,1
dense_support_q12_r1,dense_support,T=100,1302,0,2,25398871,0.9871164,True,False,15621,304,1
dense_support_q12_r1,dense_support,T=150,1302,0,3,25398871,0.9078814,True,False,8842,467,1
dense_support_q12_r1,dense_support,T=250,1302,0,4,25398871,1.0866915,True,False,2158,724,1
dense_support_q12_r1,dense_support,T=400,1302,0,5,25398871,1.4379675,True,False,1,842,1
dense_support_q12_r1,dense_support,T=600,1302,0,6,25398871,1.4557652,True,False,1,842,1
dense_support_q12_r1,dense_support,T=1000,1302,0,7,25398871,1.4243209,True,False,1,842,1
dense_support_q12_r1,dense_support,cost_model_cold,1302,0,8,25398871,0.9463733,True,False,12626,368,1
dense_support_q12_r1,dense_support,cost_model_warm,1302,0,9,25398871,1.0094196,True,False,4190,632,1
dense_support_q12_r1,dense_support,T=60,1302,1,0,25398871,0.9863519,True,False,26193,141,1
dense_support_q12_r1,dense_support,T=100,1302,1,1,25398871,0.9356908,True,False,15621,304,1
dense_support_q12_r1,dense_support,T=150,1302,1,2,25398871,0.9989058,True,False,8842,467,1
dense_support_q12_r1,dense_support,T=250,1302,1,3,25398871,0.9757819,True,False,2158,724,1
dense_support_q12_r1,dense_support,T=400,1302,1,4,25398871,1.2023766,True,False,1,842,1
dense_support_q12_r1,dense_support,T=600,1302,1,5,25398871,0.6793797,True,False,1,842,1
dense_support_q12_r1,dense_support,T=1000,1302,1,6,25398871,0.6634496,True,False,1,842,1
dense_support_q12_r1,dense_support,cost_model_cold,1302,1,7,25398871,0.5055671,True,False,12626,368,1
dense_support_q12_r1,dense_support,cost_model_warm,1302,1,8,25398871,0.5820232,True,False,4190,632,1
dense_support_q12_r1,dense_support,timing,1302,1,9,25398871,0.5162314,True,False,22545,191,7
dense_support_q12_r1,dense_support,T=100,1303,0,0,25398871,0.5496538,True,False,15599,304,1
dense_support_q12_r1,dense_support,T=150,1303,0,1,25398871,0.6700159,True,False,8883,466,1
dense_support_q12_r1,dense_support,T=250,1303,0,2,25398871,0.7638452,True,False,2185,724,1
dense_support_q12_r1,dense_support,T=400,1303,0,3,25398871,0.8675437,True,False,1,842,1
dense_support_q12_r1,dense_support,T=600,1303,0,4,25398871,0.8516583,True,False,1,842,1
dense_support_q12_r1,dense_support,T=1000,1303,0,5,25398871,0.9970948,True,False,1,842,1
dense_support_q12_r1,dense_support,cost_model_cold,1303,0,6,25398871,0.7147752,True,False,12641,368,1
dense_support_q12_r1,dense_support,cost_model_warm,1303,0,7,25398871,0.8355815,True,False,4233,632,1
dense_support_q12_r1,dense_support,timing,1303,0,8,25398871,0.7284744,True,False,15042,317,5
dense_support_q12_r1,dense_support,T=60,1303,0,9,25398871,0.7646509,True,False,26187,141,1
dense_support_q12_r1,dense_support,T=150,1303,1,0,25398871,0.7412351,True,False,8883,466,1
dense_support_q12_r1,dense_support,T=250,1303,1,1,25398871,0.8652032,True,False,2185,724,1
dense_support_q12_r1,dense_support,T=400,1303,1,2,25398871,0.9971768,True,False,1,842,1
dense_support_q12_r1,dense_support,T=600,1303,1,3,25398871,1.0468754,True,False,1,842,1
dense_support_q12_r1,dense_support,T=1000,1303,1,4,25398871,0.9058058,True,False,1,842,1
dense_support_q12_r1,dense_support,cost_model_cold,1303,1,5,25398871,0.7058575,True,False,12641,368,1
dense_support_q12_r1,dense_support,cost_model_warm,1303,1,6,25398871,1.180705,True,False,4233,632,1
dense_support_q12_r1,dense_support,timing,1303,1,7,25398871,0.8807808,True,False,25096,157,9
dense_support_q12_r1,dense_support,T=60,1303,1,8,25398871,0.7160959,True,False,26187,141,1
dense_support_q12_r1,dense_support,T=100,1303,1,9,25398871,0.5893898,True,False,15599,304,1
dense_support_q12_r1,dense_support,T=250,1304,0,0,25398871,0.6864085,True,False,2170,724,1
dense_support_q12_r1,dense_support,T=400,1304,0,1,25398871,0.8245227,True,False,1,841,1
dense_support_q12_r1,dense_support,T=600,1304,0,2,25398871,1.0204082,True,False,1,841,1
dense_support_q12_r1,dense_support,T=1000,1304,0,3,25398871,0.9682015,True,False,1,841,1
dense_support_q12_r1,dense_support,cost_model_cold,1304,0,4,25398871,0.7729398,True,False,12534,369,1
dense_support_q12_r1,dense_support,cost_model_warm,1304,0,5,25398871,0.8163024,True,False,4161,632,1
dense_support_q12_r1,dense_support,timing,1304,0,6,25398871,0.7429677,True,False,19022,242,7
dense_support_q12_r1,dense_support,T=60,1304,0,7,25398871,0.646355,True,False,26000,141,1
dense_support_q12_r1,dense_support,T=100,1304,0,8,25398871,0.6545296,True,False,15470,304,1
dense_support_q12_r1,dense_support,T=150,1304,0,9,25398871,0.6601287,True,False,8870,466,1
dense_support_q12_r1,dense_support,T=400,1304,1,0,25398871,0.6725187,True,False,1,841,1
dense_support_q12_r1,dense_support,T=600,1304,1,1,25398871,0.7077107,True,False,1,841,1
dense_support_q12_r1,dense_support,T=1000,1304,1,2,25398871,0.6843051,True,False,1,841,1
dense_support_q12_r1,dense_support,cost_model_cold,1304,1,3,25398871,0.4992987,True,False,12534,369,1
dense_support_q12_r1,dense_support,cost_model_warm,1304,1,4,25398871,0.644137,True,False,4161,632,1
dense_support_q12_r1,dense_support,timing,1304,1,5,25398871,0.6223718,True,False,19049,241,7
dense_support_q12_r1,dense_support,T=60,1304,1,6,25398871,0.6196747,True,False,26000,141,1
dense_support_q12_r1,dense_support,T=100,1304,1,7,25398871,0.5187786,True,False,15470,304,1
dense_support_q12_r1,dense_support,T=150,1304,1,8,25398871,0.5846456,True,False,8870,466,1
dense_support_q12_r1,dense_support,T=250,1304,1,9,25398871,0.7123319,True,False,2170,724,1
dense_support_q12_r1,dense_support,T=600,1305,0,0,25398871,0.7147147,True,False,1,842,1
dense_support_q12_r1,dense_support,T=1000,1305,0,1,25398871,0.764237,True,False,1,842,1
dense_support_q12_r1,dense_support,cost_model_cold,1305,0,2,25398871,0.7402917,True,False,12478,368,1
dense_support_q12_r1,dense_support,cost_model_warm,1305,0,3,25398871,0.6690077,True,False,4138,631,1
dense_support_q12_r1,dense_support,timing,1305,0,4,25398871,0.5774341,True,False,13256,354,7
dense_support_q12_r1,dense_support,T=60,1305,0,5,25398871,0.5527529,True,False,26082,141,1
dense_support_q12_r1,dense_support,T=100,1305,0,6,25398871,0.5295634,True,False,15516,304,1
dense_support_q12_r1,dense_support,T=150,1305,0,7,25398871,0.4938505,True,False,8760,467,1
dense_support_q12_r1,dense_support,T=250,1305,0,8,25398871,0.7304311,True,False,2146,724,1
dense_support_q12_r1,dense_support,T=400,1305,0,9,25398871,0.7508249,True,False,1,842,1
dense_support_q12_r1,dense_support,T=1000,1305,1,0,25398871,0.7493705,True,False,1,842,1
dense_support_q12_r1,dense_support,cost_model_cold,1305,1,1,25398871,0.5281377,True,False,12478,368,1
dense_support_q12_r1,dense_support,cost_model_warm,1305,1,2,25398871,0.6338183,True,False,4138,631,1
dense_support_q12_r1,dense_support,timing,1305,1,3,25398871,0.5557661,True,False,20411,220,7
dense_support_q12_r1,dense_support,T=60,1305,1,4,25398871,0.6227976,True,False,26082,141,1
dense_support_q12_r1,dense_support,T=100,1305,1,5,25398871,0.5411055,True,False,15516,304,1
dense_support_q12_r1,dense_support,T=150,1305,1,6,25398871,0.5672146,True,False,8760,467,1
dense_support_q12_r1,dense_support,T=250,1305,1,7,25398871,0.6034767,True,False,2146,724,1
dense_support_q12_r1,dense_support,T=400,1305,1,8,25398871,0.6658853,True,False,1,842,1
dense_support_q12_r1,dense_support,T=600,1305,1,9,25398871,0.7863939,True,False,1,842,1
dense_support_q12_r1,dense_support,cost_model_cold,1306,0,0,25398871,0.7057996,True,False,12605,368,1
dense_support_q12_r1,dense_support,cost_model_warm,1306,0,1,25398871,0.7266541,True,False,4192,631,1
dense_support_q12_r1,dense_support,timing,1306,0,2,25398871,0.6450467,True,False,11159,405,5
dense_support_q12_r1,dense_support,T=60,1306,0,3,25398871,0.7563205,True,False,26182,141,1
dense_support_q12_r1,dense_support,T=100,1306,0,4,25398871,0.6603914,True,False,15602,304,1
dense_support_q12_r1,dense_support,T=150,1306,0,5,25398871,0.6382009,True,False,8884,466,1
dense_support_q12_r1,dense_support,T=250,1306,0,6,25398871,0.8264293,True,False,2158,724,1
dense_support_q12_r1,dense_support,T=400,1306,0,7,25398871,0.832565,True,False,1,841,1
dense_support_q12_r1,dense_support,T=600,1306,0,8,25398871,0.8528374,True,False,1,841,1
dense_support_q12_r1,dense_support,T=1000,1306,0,9,25398871,0.872214,True,False,1,841,1
dense_support_q12_r1,dense_support,cost_model_warm,1306,1,0,25398871,0.7293497,True,False,4192,631,1
dense_support_q12_r1,dense_support,timing,1306,1,1,25398871,0.5898071,True,False,10203,430,5
dense_support_q12_r1,dense_support,T=60,1306,1,2,25398871,0.6151781,True,False,26182,141,1
dense_support_q12_r1,dense_support,T=100,1306,1,3,25398871,0.5649378,True,False,15602,304,1
dense_support_q12_r1,dense_support,T=150,1306,1,4,25398871,0.5020042,True,False,8884,466,1
dense_support_q12_r1,dense_support,T=250,1306,1,5,25398871,0.5464986,True,False,2158,724,1
dense_support_q12_r1,dense_support,T=400,1306,1,6,25398871,0.5933283,True,False,1,841,1
dense_support_q12_r1,dense_support,T=600,1306,1,7,25398871,0.6279369,True,False,1,841,1
dense_support_q12_r1,dense_support,T=1000,1306,1,8,25398871,0.656227,True,False,1,841,1
dense_support_q12_r1,dense_support,cost_model_cold,1306,1,9,25398871,0.4802878,True,False,12605,368,1
dense_support_q12_r2,dense_support,timing,1301,0,0,101595486,1.2534035,True,False,65872,149,19
dense_support_q12_r2,dense_support,T=60,1301,0,1,101595486,1.5504525,True,False,83751,0,0
dense_support_q12_r2,dense_support,T=100,1301,0,2,101595486,1.3473347,True,False,61495,183,1
dense_support_q12_r2,dense_support,T=150,1301,0,3,101595486,1.3929129,True,False,42522,413,1
dense_support_q12_r2,dense_support,T=250,1301,0,4,101595486,1.5876983,True,False,23424,777,1
dense_support_q12_r2,dense_support,T=400,1301,0,5,101595486,2.1950012,True,False,9702,1206,1
dense_support_q12_r2,dense_support,T=600,1301,0,6,101595486,2.286441,True,False,266,1665,1
dense_support_q12_r2,dense_support,T=1000,1301,0,7,101595486,2.6172819,True,False,1,1682,1
dense_support_q12_r2,dense_support,cost_model_cold,1301,0,8,101595486,1.1787113,True,False,52512,280,1
dense_support_q12_r2,dense_support,cost_model_warm,1301,0,9,101595486,1.3379397,True,False,28883,653,1
dense_support_q12_r2,dense_support,T=60,1301,1,0,101595486,1.2531871,True,False,83751,0,0
dense_support_q12_r2,dense_support,T=100,1301,1,1,101595486,1.3128165,True,False,61495,183,1
dense_support_q12_r2,dense_support,T=150,1301,1,2,101595486,1.3061855,True,False,42522,413,1
dense_support_q12_r2,dense_support,T=250,1301,1,3,101595486,1.8628242,True,False,23424,777,1
dense_support_q12_r2,dense_support,T=400,1301,1,4,101595486,2.0554907,True,False,9702,1206,1
dense_support_q12_r2,dense_support,T=600,1301,1,5,101595486,2.4596383,True,False,266,1665,1
dense_support_q12_r2,dense_support,T=1000,1301,1,6,101595486,3.2179045,True,False,1,1682,1
dense_support_q12_r2,dense_support,cost_model_cold,1301,1,7,101595486,1.4105152,True,False,52512,280,1
dense_support_q12_r2,dense_support,cost_model_warm,1301,1,8,101595486,2.3048357,True,False,28883,653,1
dense_support_q12_r2,dense_support,timing,1301,1,9,101595486,1.4570773,True,False,70744,107,19
dense_support_q12_r2,dense_support,T=100,1302,0,0,101595486,1.3474022,True,False,61362,183,1
dense_support_q12_r2,dense_support,T=150,1302,0,1,101595486,1.4357095,True,False,42340,413,1
dense_support_q12_r2,dense_support,T=250,1302,0,2,101595486,1.6507609,True,False,23435,777,1
dense_support_q12_r2,dense_support,T=400,1302,0,3,101595486,2.1097923,True,False,9743,1206,1
dense_support_q12_r2,dense_support,T=600,1302,0,4,101595486,2.6005454,True,False,258,1666,1
dense_support_q12_r2,dense_support,T=1000,1302,0,5,101595486,2.5282431,True,False,1,1682,1
dense_support_q12_r2,dense_support,cost_model_cold,1302,0,6,101595486,1.4089221,True,False,52395,280,1
dense_support_q12_r2,dense_support,cost_model_warm,1302,0,7,101595486,1.9766961,True,False,28790,653,1
dense_support_q12_r2,dense_support,timing,1302,0,8,101595486,1.6303628,True,False,36963,503,11
dense_support_q12_r2,dense_support,T=60,1302,0,9,101595486,1.6534916,True,False,83658,0,0
dense_support_q12_r2,dense_support,T=150,1302,1,0,101595486,1.6026234,True,False,42340,413,1
dense_support_q12_r2,dense_support,T=250,1302,1,1,101595486,1.8487232,True,False,23435,777,1
dense_support_q12_r2,dense_support,T=400,1302,1,2,101595486,2.361829,True,False,9743,1206,1
dense_support_q12_r2,dense_support,T=600,1302,1,3,101595486,3.0408737,True,False,258,1666,1
dense_support_q12_r2,dense_support,T=1000,1302,1,4,101595486,2.9517032,True,False,1,1682,1
dense_support_q12_r2,dense_support,cost_model_cold,1302,1,5,101595486,1.5236993,True,False,52395,280,1
dense_support_q12_r2,dense_support,cost_model_warm,1302,1,6,101595486,1.7447337,True,False,28790,653,1
dense_support_q12_r2,dense_support,timing,1302,1,7,101595486,1.4661882,True,False,42441,417,13
dense_support_q12_r2,dense_support,T=60,1302,1,8,101595486,1.579561,True,False,83658,0,0
dense_support_q12_r2,dense_support,T=100,1302,1,9,101595486,1.5025563,True,False,61362,183,1
dense_support_q12_r2,dense_support,T=250,1303,0,0,101595486,1.7600021,True,False,23417,777,1
dense_support_q12_r2,dense_support,T=400,1303,0,1,101595486,2.3046329,True,False,9788,1206,1
dense_support_q12_r2,dense_support,T=600,1303,0,2,101595486,3.0496537,True,False,273,1665,1
dense_support_q12_r2,dense_support,T=1000,1303,0,3,101595486,4.142901,True,False,1,1681,1
dense_support_q12_r2,dense_support,cost_model_cold,1303,0,4,101595486,2.0365905,True,False,52349,280,1
dense_support_q12_r2,dense_support,cost_model_warm,1303,0,5,101595486,2.3586348,True,False,28830,653,1
dense_support_q12_r2,dense_support,timing,1303,0,6,101595486,2.8941637,True,False,24034,801,9
dense_support_q12_r2,dense_support,T=60,1303,0,7,101595486,2.2580516,True,False,83512,0,0
dense_support_q12_r2,dense_support,T=100,1303,0,8,101595486,2.103509,True,False,61250,183,1
dense_support_q12_r2,dense_support,T=150,1303,0,9,101595486,2.2597606,True,False,42337,413,1
dense_support_q12_r2,dense_support,T=400,1303,1,0,101595486,3.3301274,True,False,9788,1206,1
dense_support_q12_r2,dense_support,T=600,1303,1,1,101595486,4.3499838,True,False,273,1665,1
dense_support_q12_r2,dense_support,T=1000,1303,1,2,101595486,4.1522038,True,False,1,1681,1
dense_support_q12_r2,dense_support,cost_model_cold,1303,1,3,101595486,2.1002412,True,False,52349,280,1
dense_support_q12_r2,dense_support,cost_model_warm,1303,1,4,101595486,2.8080016,True,False,28830,653,1
dense_support_q12_r2,dense_support,timing,1303,1,5,101595486,2.6080385,True,False,35574,526,11
dense_support_q12_r2,dense_support,T=60,1303,1,6,101595486,2.4787333,True,False,83512,0,0
dense_support_q12_r2,dense_support,T=100,1303,1,7,101595486,2.2508616,True,False,61250,183,1
dense_support_q12_r2,dense_support,T=150,1303,1,8,101595486,2.5077877,True,False,42337,413,1
dense_support_q12_r2,dense_support,T=250,1303,1,9,101595486,2.5519168,True,False,23417,777,1
dense_support_q12_r2,dense_support,T=600,1304,0,0,101595486,4.7526457,True,False,276,1665,1
dense_support_q12_r2,dense_support,T=1000,1304,0,1,101595486,4.7921907,True,False,1,1681,1
dense_support_q12_r2,dense_support,cost_model_cold,1304,0,2,101595486,2.2815213,True,False,52311,280,1
dense_support_q12_r2,dense_support,cost_model_warm,1304,0,3,101595486,2.4458441,True,False,28671,653,1
dense_support_q12_r2,dense_support,timing,1304,0,4,101595486,2.5261316,True,False,42977,408,13
dense_support_q12_r2,dense_support,T=60,1304,0,5,101595486,2.6300464,True,False,83583,0,0
dense_support_q12_r2,dense_support,T=100,1304,0,6,101595486,2.5740726,True,False,61228,183,1
dense_support_q12_r2,dense_support,T=150,1304,0,7,101595486,2.3411443,True,False,42276,413,1
dense_support_q12_r2,dense_support,T=250,1304,0,8,101595486,3.1496509,True,False,23228,778,1
dense_support_q12_r2,dense_support,T=400,1304,0,9,101595486,3.3891084,True,False,9762,1206,1
dense_support_q12_r2,dense_support,T=1000,1304,1,0,101595486,4.9099402,True,False,1,1681,1
dense_support_q12_r2,dense_support,cost_model_cold,1304,1,1,101595486,2.5906671,True,False,52311,280,1
dense_support_q12_r2,dense_support,cost_model_warm,1304,1,2,101595486,2.9284462,True,False,28671,653,1
dense_support_q12_r2,dense_support,timing,1304,1,3,101595486,2.4728071,True,False,46900,354,13
dense_support_q12_r2,dense_support,T=60,1304,1,4,101595486,2.5888836,True,False,83583,0,0
dense_support_q12_r2,dense_support,T=100,1304,1,5,101595486,2.196437,True,False,61228,183,1
dense_support_q12_r2,dense_support,T=150,1304,1,6,101595486,2.3016225,True,False,42276,413,1
dense_support_q12_r2,dense_support,T=250,1304,1,7,101595486,2.7995631,True,False,23228,778,1
dense_support_q12_r2,dense_support,T=400,1304,1,8,101595486,3.9072804,True,False,9762,1206,1
dense_support_q12_r2,dense_support,T=600,1304,1,9,101595486,4.7250204,True,False,276,1665,1
dense_support_q12_r2,dense_support,cost_model_cold,1305,0,0,101595486,2.5639595,True,False,52302,280,1
dense_support_q12_r2,dense_support,cost_model_warm,1305,0,1,101595486,2.6244226,True,False,28686,653,1
dense_support_q12_r2,dense_support,timing,1305,0,2,101595486,1.8981044,True,False,33541,561,11
dense_support_q12_r2,dense_support,T=60,1305,0,3,101595486,1.5422983,True,False,83535,0,0
dense_support_q12_r2,dense_support,T=100,1305,0,4,101595486,1.3487415,True,False,61283,183,1
dense_support_q12_r2,dense_support,T=150,1305,0,5,101595486,1.497619,True,False,42308,413,1
dense_support_q12_r2,dense_support,T=250,1305,0,6,101595486,1.5490876,True,False,23328,777,1
dense_support_q12_r2,dense_support,T=400,1305,0,7,101595486,2.3071721,True,False,9641,1206,1
dense_support_q12_r2,dense_support,T=600,1305,0,8,101595486,3.5753104,True,False,267,1665,1
dense_support_q12_r2,dense_support,T=1000,1305,0,9,101595486,2.9475137,True,False,1,1682,1
dense_support_q12_r2,dense_support,cost_model_warm,1305,1,0,101595486,1.5115315,True,False,28686,653,1
dense_support_q12_r2,dense_support,timing,1305,1,1,101595486,1.3235084,True,False,70702,106,19
dense_support_q12_r2,dense_support,T=60,1305,1,2,101595486,1.5031483,True,False,83535,0,0
dense_support_q12_r2,dense_support,T=100,1305,1,3,101595486,1.321251,True,False,61283,183,1
dense_support_q12_r2,dense_support,T=150,1305,1,4,101595486,1.3143914,True,False,42308,413,1
dense_support_q12_r2,dense_support,T=250,1305,1,5,101595486,1.6324352,True,False,23328,777,1
dense_support_q12_r2,dense_support,T=400,1305,1,6,101595486,2.5602018,True,False,9641,1206,1
dense_support_q12_r2,dense_support,T=600,1305,1,7,101595486,2.6062453,True,False,267,1665,1
dense_support_q12_r2,dense_support,T=1000,1305,1,8,101595486,2.7398426,True,False,1,1682,1
dense_support_q12_r2,dense_support,cost_model_cold,1305,1,9,101595486,1.2361301,True,False,52302,280,1
dense_support_q12_r2,dense_support,timing,1306,0,0,101595486,1.2719833,True,False,62964,176,17
dense_support_q12_r2,dense_support,T=60,1306,0,1,101595486,1.4501259,True,False,83744,0,0
dense_support_q12_r2,dense_support,T=100,1306,0,2,101595486,1.4011946,True,False,61377,183,1
dense_support_q12_r2,dense_support,T=150,1306,0,3,101595486,1.5493454,True,False,42350,413,1
dense_support_q12_r2,dense_support,T=250,1306,0,4,101595486,1.6323966,True,False,23375,777,1
dense_support_q12_r2,dense_support,T=400,1306,0,5,101595486,2.1731752,True,False,9745,1206,1
dense_support_q12_r2,dense_support,T=600,1306,0,6,101595486,2.7458771,True,False,286,1666,1
dense_support_q12_r2,dense_support,T=1000,1306,0,7,101595486,2.5917789,True,False,1,1681,1
dense_support_q12_r2,dense_support,cost_model_cold,1306,0,8,101595486,1.2320031,True,False,52363,280,1
dense_support_q12_r2,dense_support,cost_model_warm,1306,0,9,101595486,1.4344629,True,False,28829,653,1
dense_support_q12_r2,dense_support,T=60,1306,1,0,101595486,1.3468968,True,False,83744,0,0
dense_support_q12_r2,dense_support,T=100,1306,1,1,101595486,1.2157551,True,False,61377,183,1
dense_support_q12_r2,dense_support,T=150,1306,1,2,101595486,1.2647291,True,False,42350,413,1
dense_support_q12_r2,dense_support,T=250,1306,1,3,101595486,1.5813551,True,False,23375,777,1
dense_support_q12_r2,dense_support,T=400,1306,1,4,101595486,1.8067371,True,False,9745,1206,1
dense_support_q12_r2,dense_support,T=600,1306,1,5,101595486,2.3253239,True,False,286,1666,1
dense_support_q12_r2,dense_support,T=1000,1306,1,6,101595486,2.4758238,True,False,1,1681,1
dense_support_q12_r2,dense_support,cost_model_cold,1306,1,7,101595486,1.2670883,True,False,52363,280,1
dense_support_q12_r2,dense_support,cost_model_warm,1306,1,8,101595486,1.6700309,True,False,28829,653,1
dense_support_q12_r2,dense_support,timing,1306,1,9,101595486,1.4711236,True,False,31014,612,9
collision_o2_g0_n1000000_r05,collision,T=100,1301,0,0,24645121,0.1691029,True,False,15037,305,1
collision_o2_g0_n1000000_r05,collision,T=150,1301,0,1,24645121,0.125992,True,False,8483,466,1
collision_o2_g0_n1000000_r05,collision,T=250,1301,0,2,24645121,0.1220257,True,False,1926,722,1
collision_o2_g0_n1000000_r05,collision,T=400,1301,0,3,24645121,0.1296322,True,False,1,829,1
collision_o2_g0_n1000000_r05,collision,T=600,1301,0,4,24645121,0.136578,True,False,1,829,1
collision_o2_g0_n1000000_r05,collision,T=1000,1301,0,5,24645121,0.1378044,True,False,1,829,1
collision_o2_g0_n1000000_r05,collision,cost_model_cold,1301,0,6,24645121,0.1367667,True,False,2192,709,1
collision_o2_g0_n1000000_r05,collision,cost_model_warm,1301,0,7,24645121,0.1376155,True,False,1,829,1
collision_o2_g0_n1000000_r05,collision,timing,1301,0,8,24645121,0.1400993,True,False,5750,559,5
collision_o2_g0_n1000000_r05,collision,T=60,1301,0,9,24645121,0.1858634,True,False,25411,143,1
collision_o2_g0_n1000000_r05,collision,T=150,1301,1,0,24645121,0.1257237,True,False,8483,466,1
collision_o2_g0_n1000000_r05,collision,T=250,1301,1,1,24645121,0.1270616,True,False,1926,722,1
collision_o2_g0_n1000000_r05,collision,T=400,1301,1,2,24645121,0.1309814,True,False,1,829,1
collision_o2_g0_n1000000_r05,collision,T=600,1301,1,3,24645121,0.1416753,True,False,1,829,1
collision_o2_g0_n1000000_r05,collision,T=1000,1301,1,4,24645121,0.1250306,True,False,1,829,1
collision_o2_g0_n1000000_r05,collision,cost_model_cold,1301,1,5,24645121,0.1182312,True,False,2192,709,1
collision_o2_g0_n1000000_r05,collision,cost_model_warm,1301,1,6,24645121,0.1288874,True,False,1,829,1
collision_o2_g0_n1000000_r05,collision,timing,1301,1,7,24645121,0.1214169,True,False,1897,724,3
collision_o2_g0_n1000000_r05,collision,T=60,1301,1,8,24645121,0.1807077,True,False,25411,143,1
collision_o2_g0_n1000000_r05,collision,T=100,1301,1,9,24645121,0.1449017,True,False,15037,305,1
collision_o2_g0_n1000000_r05,collision,T=250,1302,0,0,24645121,0.1159259,True,False,1950,722,1
collision_o2_g0_n1000000_r05,collision,T=400,1302,0,1,24645121,0.1237458,True,False,1,829,1
collision_o2_g0_n1000000_r05,collision,T=600,1302,0,2,24645121,0.1319417,True,False,1,829,1
collision_o2_g0_n1000000_r05,collision,T=1000,1302,0,3,24645121,0.1300219,True,False,1,829,1
collision_o2_g0_n1000000_r05,collision,cost_model_cold,1302,0,4,24645121,0.1386876,True,False,2220,709,1
collision_o2_g0_n1000000_r05,collision,cost_model_warm,1302,0,5,24645121,0.1343632,True,False,1,829,1
collision_o2_g0_n1000000_r05,collision,timing,1302,0,6,24645121,0.152141,True,False,12241,371,7
collision_o2_g0_n1000000_r05,collision,T=60,1302,0,7,24645121,0.1989376,True,False,25445,143,1
collision_o2_g0_n1000000_r05,collision,T=100,1302,0,8,24645121,0.1566569,True,False,15112,305,1
collision_o2_g0_n1000000_r05,collision,T=150,1302,0,9,24645121,0.1401715,True,False,8475,466,1
collision_o2_g0_n1000000_r05,collision,T=400,1302,1,0,24645121,0.1431123,True,False,1,829,1
collision_o2_g0_n1000000_r05,collision,T=600,1302,1,1,24645121,0.1280349,True,False,1,829,1
collision_o2_g0_n1000000_r05,collision,T=1000,1302,1,2,24645121,0.1266966,True,False,1,829,1
collision_o2_g0_n1000000_r05,collision,cost_model_cold,1302,1,3,24645121,0.1301767,True,False,2220,709,1
collision_o2_g0_n1000000_r05,collision,cost_model_warm,1302,1,4,24645121,0.1283709,True,False,1,829,1
collision_o2_g0_n1000000_r05,collision,timing,1302,1,5,24645121,0.1247337,True,False,1242,759,3
collision_o2_g0_n1000000_r05,collision,T=60,1302,1,6,24645121,0.18241,True,False,25445,143,1
collision_o2_g0_n1000000_r05,collision,T=100,1302,1,7,24645121,0.1437777,True,False,15112,305,1
collision_o2_g0_n1000000_r05,collision,T=150,1302,1,8,24645121,0.1298131,True,False,8475,466,1
collision_o2_g0_n1000000_r05,collision,T=250,1302,1,9,24645121,0.1196235,True,False,1950,722,1
collision_o2_g0_n1000000_r05,collision,T=600,1303,0,0,24645121,0.1315123,True,False,1,829,1
collision_o2_g0_n1000000_r05,collision,T=1000,1303,0,1,24645121,0.134975,True,False,1,829,1
collision_o2_g0_n1000000_r05,collision,cost_model_cold,1303,0,2,24645121,0.1297603,True,False,2243,709,1
collision_o2_g0_n1000000_r05,collision,cost_model_warm,1303,0,3,24645121,0.1268466,True,False,1,829,1
collision_o2_g0_n1000000_r05,collision,timing,1303,0,4,24645121,0.1255634,True,False,8563,468,7
collision_o2_g0_n1000000_r05,collision,T=60,1303,0,5,24645121,0.1895211,True,False,25424,143,1
collision_o2_g0_n1000000_r05,collision,T=100,1303,0,6,24645121,0.1434165,True,False,15091,305,1
collision_o2_g0_n1000000_r05,collision,T=150,1303,0,7,24645121,0.122182,True,False,8513,466,1
collision_o2_g0_n1000000_r05,collision,T=250,1303,0,8,24645121,0.1546015,True,False,1972,722,1
collision_o2_g0_n1000000_r05,collision,T=400,1303,0,9,24645121,0.1301401,True,False,1,829,1
collision_o2_g0_n1000000_r05,collision,T=1000,1303,1,0,24645121,0.1345175,True,False,1,829,1
collision_o2_g0_n1000000_r05,collision,cost_model_cold,1303,1,1,24645121,0.1296403,True,False,2243,709,1
collision_o2_g0_n1000000_r05,collision,cost_model_warm,1303,1,2,24645121,0.1246646,True,False,1,829,1
collision_o2_g0_n1000000_r05,collision,timing,1303,1,3,24645121,0.1246814,True,False,8977,454,7
collision_o2_g0_n1000000_r05,collision,T=60,1303,1,4,24645121,0.1971747,True,False,25424,143,1
collision_o2_g0_n1000000_r05,collision,T=100,1303,1,5,24645121,0.1502945,True,False,15091,305,1
collision_o2_g0_n1000000_r05,collision,T=150,1303,1,6,24645121,0.1371391,True,False,8513,466,1
collision_o2_g0_n1000000_r05,collision,T=250,1303,1,7,24645121,0.1397448,True,False,1972,722,1
collision_o2_g0_n1000000_r05,collision,T=400,1303,1,8,24645121,0.1350322,True,False,1,829,1
collision_o2_g0_n1000000_r05,collision,T=600,1303,1,9,24645121,0.1497581,True,False,1,829,1
collision_o2_g0_n1000000_r05,collision,cost_model_cold,1304,0,0,24645121,0.162404,True,False,2225,709,1
collision_o2_g0_n1000000_r05,collision,cost_model_warm,1304,0,1,24645121,0.2017265,True,False,1,829,1
collision_o2_g0_n1000000_r05,collision,timing,1304,0,2,24645121,0.2077615,True,False,6311,538,3
collision_o2_g0_n1000000_r05,collision,T=60,1304,0,3,24645121,0.233511,True,False,25276,143,1
collision_o2_g0_n1000000_r05,collision,T=100,1304,0,4,24645121,0.177382,True,False,14979,305,1
collision_o2_g0_n1000000_r05,collision,T=150,1304,0,5,24645121,0.1561159,True,False,8514,466,1
collision_o2_g0_n1000000_r05,collision,T=250,1304,0,6,24645121,0.1236166,True,False,1947,722,1
collision_o2_g0_n1000000_r05,collision,T=400,1304,0,7,24645121,0.1404743,True,False,1,829,1
collision_o2_g0_n1000000_r05,collision,T=600,1304,0,8,24645121,0.1404912,True,False,1,829,1
collision_o2_g0_n1000000_r05,collision,T=1000,1304,0,9,24645121,0.1512821,True,False,1,829,1
collision_o2_g0_n1000000_r05,collision,cost_model_warm,1304,1,0,24645121,0.1350717,True,False,1,829,1
collision_o2_g0_n1000000_r05,collision,timing,1304,1,1,24645121,0.1283722,True,False,2022,719,5
collision_o2_g0_n1000000_r05,collision,T=60,1304,1,2,24645121,0.1979446,True,False,25276,143,1
collision_o2_g0_n1000000_r05,collision,T=100,1304,1,3,24645121,0.1580105,True,False,14979,305,1
collision_o2_g0_n1000000_r05,collision,T=150,1304,1,4,24645121,0.1431411,True,False,8514,466,1
collision_o2_g0_n1000000_r05,collision,T=250,1304,1,5,24645121,0.1319906,True,False,1947,722,1
collision_o2_g0_n1000000_r05,collision,T=400,1304,1,6,24645121,0.1382592,True,False,1,829,1
collision_o2_g0_n1000000_r05,collision,T=600,1304,1,7,24645121,0.1369667,True,False,1,829,1
collision_o2_g0_n1000000_r05,collision,T=1000,1304,1,8,24645121,0.1448546,True,False,1,829,1
collision_o2_g0_n1000000_r05,collision,cost_model_cold,1304,1,9,24645121,0.1378487,True,False,2225,709,1
collision_o2_g0_n1000000_r05,collision,timing,1305,0,0,24645121,0.1439778,True,False,13383,341,7
collision_o2_g0_n1000000_r05,collision,T=60,1305,0,1,24645121,0.2039427,True,False,25338,143,1
collision_o2_g0_n1000000_r05,collision,T=100,1305,0,2,24645121,0.1710603,True,False,15007,305,1
collision_o2_g0_n1000000_r05,collision,T=150,1305,0,3,24645121,0.138661,True,False,8421,466,1
collision_o2_g0_n1000000_r05,collision,T=250,1305,0,4,24645121,0.1408666,True,False,1944,722,1
collision_o2_g0_n1000000_r05,collision,T=400,1305,0,5,24645121,0.1414199,True,False,1,829,1
collision_o2_g0_n1000000_r05,collision,T=600,1305,0,6,24645121,0.143543,True,False,1,829,1
collision_o2_g0_n1000000_r05,collision,T=1000,1305,0,7,24645121,0.1471777,True,False,1,829,1
collision_o2_g0_n1000000_r05,collision,cost_model_cold,1305,0,8,24645121,0.1419099,True,False,2205,709,1
collision_o2_g0_n1000000_r05,collision,cost_model_warm,1305,0,9,24645121,0.1356987,True,False,1,829,1
collision_o2_g0_n1000000_r05,collision,T=60,1305,1,0,24645121,0.2073985,True,False,25338,143,1
collision_o2_g0_n1000000_r05,collision,T=100,1305,1,1,24645121,0.1669834,True,False,15007,305,1
collision_o2_g0_n1000000_r05,collision,T=150,1305,1,2,24645121,0.1282926,True,False,8421,466,1
collision_o2_g0_n1000000_r05,collision,T=250,1305,1,3,24645121,0.1303962,True,False,1944,722,1
collision_o2_g0_n1000000_r05,collision,T=400,1305,1,4,24645121,0.1421105,True,False,1,829,1
collision_o2_g0_n1000000_r05,collision,T=600,1305,1,5,24645121,0.1474849,True,False,1,829,1
collision_o2_g0_n1000000_r05,collision,T=1000,1305,1,6,24645121,0.1374903,True,False,1,829,1
collision_o2_g0_n1000000_r05,collision,cost_model_cold,1305,1,7,24645121,0.1441495,True,False,2205,709,1
collision_o2_g0_n1000000_r05,collision,cost_model_warm,1305,1,8,24645121,0.1418611,True,False,1,829,1
collision_o2_g0_n1000000_r05,collision,timing,1305,1,9,24645121,0.1340387,True,False,4157,622,5
collision_o2_g0_n1000000_r05,collision,T=100,1306,0,0,24645121,0.16587,True,False,15088,305,1
collision_o2_g0_n1000000_r05,collision,T=150,1306,0,1,24645121,0.1385647,True,False,8522,466,1
collision_o2_g0_n1000000_r05,collision,T=250,1306,0,2,24645121,0.1421354,True,False,1956,722,1
collision_o2_g0_n1000000_r05,collision,T=400,1306,0,3,24645121,0.1420626,True,False,1,829,1
collision_o2_g0_n1000000_r05,collision,T=600,1306,0,4,24645121,0.1318145,True,False,1,829,1
collision_o2_g0_n1000000_r05,collision,T=1000,1306,0,5,24645121,0.1472375,True,False,1,829,1
collision_o2_g0_n1000000_r05,collision,cost_model_cold,1306,0,6,24645121,0.1826655,True,False,2218,709,1
collision_o2_g0_n1000000_r05,collision,cost_model_warm,1306,0,7,24645121,0.1487579,True,False,1,829,1
collision_o2_g0_n1000000_r05,collision,timing,1306,0,8,24645121,0.1339721,True,False,1046,770,3
collision_o2_g0_n1000000_r05,collision,T=60,1306,0,9,24645121,0.199047,True,False,25417,143,1
collision_o2_g0_n1000000_r05,collision,T=150,1306,1,0,24645121,0.1421929,True,False,8522,466,1
collision_o2_g0_n1000000_r05,collision,T=250,1306,1,1,24645121,0.1399844,True,False,1956,722,1
collision_o2_g0_n1000000_r05,collision,T=400,1306,1,2,24645121,0.1473202,True,False,1,829,1
collision_o2_g0_n1000000_r05,collision,T=600,1306,1,3,24645121,0.1768603,True,False,1,829,1
collision_o2_g0_n1000000_r05,collision,T=1000,1306,1,4,24645121,0.1846362,True,False,1,829,1
collision_o2_g0_n1000000_r05,collision,cost_model_cold,1306,1,5,24645121,0.1615241,True,False,2218,709,1
collision_o2_g0_n1000000_r05,collision,cost_model_warm,1306,1,6,24645121,0.1698816,True,False,1,829,1
collision_o2_g0_n1000000_r05,collision,timing,1306,1,7,24645121,0.1610187,True,False,3512,649,3
collision_o2_g0_n1000000_r05,collision,T=60,1306,1,8,24645121,0.255442,True,False,25417,143,1
collision_o2_g0_n1000000_r05,collision,T=100,1306,1,9,24645121,0.2005574,True,False,15088,305,1
collision_o2_g0_n1000000_r1,collision,T=250,1301,0,0,98580484,0.5774115,True,False,22578,778,1
collision_o2_g0_n1000000_r1,collision,T=400,1301,0,1,98580484,0.596535,True,False,9191,1203,1
collision_o2_g0_n1000000_r1,collision,T=600,1301,0,2,98580484,0.6817604,True,False,1,1657,1
collision_o2_g0_n1000000_r1,collision,T=1000,1301,0,3,98580484,0.6764005,True,False,1,1657,1
collision_o2_g0_n1000000_r1,collision,cost_model_cold,1301,0,4,98580484,0.5215072,True,False,22622,777,1
collision_o2_g0_n1000000_r1,collision,cost_model_warm,1301,0,5,98580484,0.5411298,True,False,9350,1196,1
collision_o2_g0_n1000000_r1,collision,timing,1301,0,6,98580484,0.4778702,True,False,10990,1134,7
collision_o2_g0_n1000000_r1,collision,T=60,1301,0,7,98580484,0.8821211,True,False,82476,0,0
collision_o2_g0_n1000000_r1,collision,T=100,1301,0,8,98580484,0.6962944,True,False,59823,188,1
collision_o2_g0_n1000000_r1,collision,T=150,1301,0,9,98580484,0.6185101,True,False,41244,416,1
collision_o2_g0_n1000000_r1,collision,T=400,1301,1,0,98580484,0.5966762,True,False,9191,1203,1
collision_o2_g0_n1000000_r1,collision,T=600,1301,1,1,98580484,0.7556478,True,False,1,1657,1
collision_o2_g0_n1000000_r1,collision,T=1000,1301,1,2,98580484,0.7158502,True,False,1,1657,1
collision_o2_g0_n1000000_r1,collision,cost_model_cold,1301,1,3,98580484,0.5135715,True,False,22622,777,1
collision_o2_g0_n1000000_r1,collision,cost_model_warm,1301,1,4,98580484,0.5512163,True,False,9350,1196,1
collision_o2_g0_n1000000_r1,collision,timing,1301,1,5,98580484,0.5841146,True,False,7062,1293,3
collision_o2_g0_n1000000_r1,collision,T=60,1301,1,6,98580484,0.8658117,True,False,82476,0,0
collision_o2_g0_n1000000_r1,collision,T=100,1301,1,7,98580484,0.7065019,True,False,59823,188,1
collision_o2_g0_n1000000_r1,collision,T=150,1301,1,8,98580484,0.5880039,True,False,41244,416,1
collision_o2_g0_n1000000_r1,collision,T=250,1301,1,9,98580484,0.5322163,True,False,22578,778,1
collision_o2_g0_n1000000_r1,collision,T=600,1302,0,0,98580484,0.6454702,True,False,1,1657,1
collision_o2_g0_n1000000_r1,collision,T=1000,1302,0,1,98580484,0.6096759,True,False,1,1657,1
collision_o2_g0_n1000000_r1,collision,cost_model_cold,1302,0,2,98580484,0.5102533,True,False,22671,777,1
collision_o2_g0_n1000000_r1,collision,cost_model_warm,1302,0,3,98580484,0.5489596,True,False,9352,1196,1
collision_o2_g0_n1000000_r1,collision,timing,1302,0,4,98580484,0.5357812,True,False,31068,693,15
collision_o2_g0_n1000000_r1,collision,T=60,1302,0,5,98580484,0.7803066,True,False,82398,0,0
collision_o2_g0_n1000000_r1,collision,T=100,1302,0,6,98580484,0.6644276,True,False,59662,188,1
collision_o2_g0_n1000000_r1,collision,T=150,1302,0,7,98580484,0.5487769,True,False,41118,416,1
collision_o2_g0_n1000000_r1,collision,T=250,1302,0,8,98580484,0.5101008,True,False,22625,778,1
collision_o2_g0_n1000000_r1,collision,T=400,1302,0,9,98580484,0.5678535,True,False,9182,1203,1
collision_o2_g0_n1000000_r1,collision,T=1000,1302,1,0,98580484,0.6639347,True,False,1,1657,1
collision_o2_g0_n1000000_r1,collision,cost_model_cold,1302,1,1,98580484,0.6287478,True,False,22671,777,1
collision_o2_g0_n1000000_r1,collision,cost_model_warm,1302,1,2,98580484,0.4320996,True,False,9352,1196,1
collision_o2_g0_n1000000_r1,collision,timing,1302,1,3,98580484,0.4067533,True,False,23767,751,7
collision_o2_g0_n1000000_r1,collision,T=60,1302,1,4,98580484,0.5915826,True,False,82398,0,0
collision_o2_g0_n1000000_r1,collision,T=100,1302,1,5,98580484,0.4728463,True,False,59662,188,1
collision_o2_g0_n1000000_r1,collision,T=150,1302,1,6,98580484,0.4211603,True,False,41118,416,1
collision_o2_g0_n1000000_r1,collision,T=250,1302,1,7,98580484,0.4202307,True,False,22625,778,1
collision_o2_g0_n1000000_r1,collision,T=400,1302,1,8,98580484,0.4873864,True,False,9182,1203,1
collision_o2_g0_n1000000_r1,collision,T=600,1302,1,9,98580484,0.5424774,True,False,1,1657,1
collision_o2_g0_n1000000_r1,collision,cost_model_cold,1303,0,0,98580484,0.4245811,True,False,22620,777,1
collision_o2_g0_n1000000_r1,collision,cost_model_warm,1303,0,1,98580484,0.4731002,True,False,9417,1196,1
collision_o2_g0_n1000000_r1,collision,timing,1303,0,2,98580484,0.4231491,True,False,31603,589,11
collision_o2_g0_n1000000_r1,collision,T=60,1303,0,3,98580484,0.6371224,True,False,82282,0,0
collision_o2_g0_n1000000_r1,collision,T=100,1303,0,4,98580484,0.5261884,True,False,59620,188,1
collision_o2_g0_n1000000_r1,collision,T=150,1303,0,5,98580484,0.4818778,True,False,41124,416,1
collision_o2_g0_n1000000_r1,collision,T=250,1303,0,6,98580484,0.3878304,True,False,22581,778,1
collision_o2_g0_n1000000_r1,collision,T=400,1303,0,7,98580484,0.4322436,True,False,9253,1203,1
collision_o2_g0_n1000000_r1,collision,T=600,1303,0,8,98580484,0.5000377,True,False,1,1656,1
collision_o2_g0_n1000000_r1,collision,T=1000,1303,0,9,98580484,0.5112866,True,False,1,1656,1
collision_o2_g0_n1000000_r1,collision,cost_model_warm,1303,1,0,98580484,0.4298544,True,False,9417,1196,1
collision_o2_g0_n1000000_r1,collision,timing,1303,1,1,98580484,0.427738,True,False,10109,1171,5
collision_o2_g0_n1000000_r1,collision,T=60,1303,1,2,98580484,0.613436,True,False,82282,0,0
collision_o2_g0_n1000000_r1,collision,T=100,1303,1,3,98580484,0.4781743,True,False,59620,188,1
collision_o2_g0_n1000000_r1,collision,T=150,1303,1,4,98580484,0.4052604,True,False,41124,416,1
collision_o2_g0_n1000000_r1,collision,T=250,1303,1,5,98580484,0.417944,True,False,22581,778,1
collision_o2_g0_n1000000_r1,collision,T=400,1303,1,6,98580484,0.4461938,True,False,9253,1203,1
collision_o2_g0_n1000000_r1,collision,T=600,1303,1,7,98580484,0.5280332,True,False,1,1656,1
collision_o2_g0_n1000000_r1,collision,T=1000,1303,1,8,98580484,0.5596686,True,False,1,1656,1
collision_o2_g0_n1000000_r1,collision,cost_model_cold,1303,1,9,98580484,0.4260694,True,False,22620,777,1
collision_o2_g0_n1000000_r1,collision,timing,1304,0,0,98580484,0.5330969,True,False,1460,1573,3
collision_o2_g0_n1000000_r1,collision,T=60,1304,0,1,98580484,0.5897838,True,False,82304,0,0
collision_o2_g0_n1000000_r1,collision,T=100,1304,0,2,98580484,0.5576433,True,False,59541,188,1
collision_o2_g0_n1000000_r1,collision,T=150,1304,0,3,98580484,0.5041475,True,False,41040,416,1
collision_o2_g0_n1000000_r1,collision,T=250,1304,0,4,98580484,0.4259445,True,False,22382,778,1
collision_o2_g0_n1000000_r1,collision,T=400,1304,0,5,98580484,0.4463017,True,False,9239,1203,1
collision_o2_g0_n1000000_r1,collision,T=600,1304,0,6,98580484,0.5294135,True,False,1,1656,1
collision_o2_g0_n1000000_r1,collision,T=1000,1304,0,7,98580484,0.5253453,True,False,1,1656,1
collision_o2_g0_n1000000_r1,collision,cost_model_cold,1304,0,8,98580484,0.4005717,True,False,22425,777,1
collision_o2_g0_n1000000_r1,collision,cost_model_warm,1304,0,9,98580484,0.5389691,True,False,9398,1196,1
collision_o2_g0_n1000000_r1,collision,T=60,1304,1,0,98580484,0.6076734,True,False,82304,0,0
collision_o2_g0_n1000000_r1,collision,T=100,1304,1,1,98580484,0.5523268,True,False,59541,188,1
collision_o2_g0_n1000000_r1,collision,T=150,1304,1,2,98580484,0.4797382,True,False,41040,416,1
collision_o2_g0_n1000000_r1,collision,T=250,1304,1,3,98580484,0.6368158,True,False,22382,778,1
collision_o2_g0_n1000000_r1,collision,T=400,1304,1,4,98580484,0.7110313,True,False,9239,1203,1
collision_o2_g0_n1000000_r1,collision,T=600,1304,1,5,98580484,0.8151262,True,False,1,1656,1
collision_o2_g0_n1000000_r1,collision,T=1000,1304,1,6,98580484,0.8039164,True,False,1,1656,1
collision_o2_g0_n1000000_r1,collision,cost_model_cold,1304,1,7,98580484,0.7239936,True,False,22425,777,1
collision_o2_g0_n1000000_r1,collision,cost_model_warm,1304,1,8,98580484,0.6818088,True,False,9398,1196,1
collision_o2_g0_n1000000_r1,collision,timing,1304,1,9,98580484,0.7313901,True,False,19391,860,7
collision_o2_g0_n1000000_r1,collision,T=100,1305,0,0,98580484,0.859034,True,False,59583,188,1
collision_o2_g0_n1000000_r1,collision,T=150,1305,0,1,98580484,0.8620523,True,False,41026,416,1
collision_o2_g0_n1000000_r1,collision,T=250,1305,0,2,98580484,0.7585833,True,False,22493,778,1
collision_o2_g0_n1000000_r1,collision,T=400,1305,0,3,98580484,0.7451034,True,False,9122,1203,1
collision_o2_g0_n1000000_r1,collision,T=600,1305,0,4,98580484,1.0293647,True,False,1,1657,1
collision_o2_g0_n1000000_r1,collision,T=1000,1305,0,5,98580484,0.8939527,True,False,1,1657,1
collision_o2_g0_n1000000_r1,collision,cost_model_cold,1305,0,6,98580484,0.7450838,True,False,22538,777,1
collision_o2_g0_n1000000_r1,collision,cost_model_warm,1305,0,7,98580484,0.8356869,True,False,9285,1196,1
collision_o2_g0_n1000000_r1,collision,timing,1305,0,8,98580484,0.7410066,True,False,16715,940,7
collision_o2_g0_n1000000_r1,collision,T=60,1305,0,9,98580484,1.2632344,True,False,82295,0,0
collision_o2_g0_n1000000_r1,collision,T=150,1305,1,0,98580484,0.9485334,True,False,41026,416,1
collision_o2_g0_n1000000_r1,collision,T=250,1305,1,1,98580484,0.6668484,True,False,22493,778,1
collision_o2_g0_n1000000_r1,collision,T=400,1305,1,2,98580484,0.7898392,True,False,9122,1203,1
collision_o2_g0_n1000000_r1,collision,T=600,1305,1,3,98580484,0.808053,True,False,1,1657,1
collision_o2_g0_n1000000_r1,collision,T=1000,1305,1,4,98580484,0.8430826,True,False,1,1657,1
collision_o2_g0_n1000000_r1,collision,cost_model_cold,1305,1,5,98580484,0.672364,True,False,22538,777,1
collision_o2_g0_n1000000_r1,collision,cost_model_warm,1305,1,6,98580484,0.6564129,True,False,9285,1196,1
collision_o2_g0_n1000000_r1,collision,timing,1305,1,7,98580484,0.8759919,True,False,9185,1207,9
collision_o2_g0_n1000000_r1,collision,T=60,1305,1,8,98580484,1.2216913,True,False,82295,0,0
collision_o2_g0_n1000000_r1,collision,T=100,1305,1,9,98580484,1.0502093,True,False,59583,188,1
collision_o2_g0_n1000000_r1,collision,T=250,1306,0,0,98580484,0.7647809,True,False,22539,778,1
collision_o2_g0_n1000000_r1,collision,T=400,1306,0,1,98580484,0.7463508,True,False,9241,1203,1
collision_o2_g0_n1000000_r1,collision,T=600,1306,0,2,98580484,0.7635243,True,False,1,1656,1
collision_o2_g0_n1000000_r1,collision,T=1000,1306,0,3,98580484,0.7974547,True,False,1,1656,1
collision_o2_g0_n1000000_r1,collision,cost_model_cold,1306,0,4,98580484,0.7911121,True,False,22576,777,1
collision_o2_g0_n1000000_r1,collision,cost_model_warm,1306,0,5,98580484,0.9747012,True,False,9399,1196,1
collision_o2_g0_n1000000_r1,collision,timing,1306,0,6,98580484,0.8113102,True,False,11797,1106,5
collision_o2_g0_n1000000_r1,collision,T=60,1306,0,7,98580484,1.25573,True,False,82497,0,0
collision_o2_g0_n1000000_r1,collision,T=100,1306,0,8,98580484,1.0700499,True,False,59684,188,1
collision_o2_g0_n1000000_r1,collision,T=150,1306,0,9,98580484,0.878997,True,False,41066,416,1
collision_o2_g0_n1000000_r1,collision,T=400,1306,1,0,98580484,0.8134643,True,False,9241,1203,1
collision_o2_g0_n1000000_r1,collision,T=600,1306,1,1,98580484,0.8787137,True,False,1,1656,1
collision_o2_g0_n1000000_r1,collision,T=1000,1306,1,2,98580484,0.9725195,True,False,1,1656,1
collision_o2_g0_n1000000_r1,collision,cost_model_cold,1306,1,3,98580484,0.7954943,True,False,22576,777,1
collision_o2_g0_n1000000_r1,collision,cost_model_warm,1306,1,4,98580484,0.8064516,True,False,9399,1196,1
collision_o2_g0_n1000000_r1,collision,timing,1306,1,5,98580484,0.7889901,True,False,2714,1503,5
collision_o2_g0_n1000000_r1,collision,T=60,1306,1,6,98580484,1.1621822,True,False,82497,0,0
collision_o2_g0_n1000000_r1,collision,T=100,1306,1,7,98580484,0.8723202,True,False,59684,188,1
collision_o2_g0_n1000000_r1,collision,T=150,1306,1,8,98580484,0.7238122,True,False,41066,416,1
collision_o2_g0_n1000000_r1,collision,T=250,1306,1,9,98580484,0.6882508,True,False,22539,778,1
collision_o2_g1_n1000000_r05,collision,T=600,1301,0,0,76940614,0.5474187,True,False,1,1359,1
collision_o2_g1_n1000000_r05,collision,T=1000,1301,0,1,76940614,0.6225039,True,False,1,1359,1
collision_o2_g1_n1000000_r05,collision,cost_model_cold,1301,0,2,76940614,0.6558264,True,False,3696,1194,1
collision_o2_g1_n1000000_r05,collision,cost_model_warm,1301,0,3,76940614,0.6689427,True,False,1,1359,1
collision_o2_g1_n1000000_r05,collision,timing,1301,0,4,76940614,0.6749955,True,False,1996,1265,3
collision_o2_g1_n1000000_r05,collision,T=60,1301,0,5,76940614,1.4642132,True,False,67357,220,1
collision_o2_g1_n1000000_r05,collision,T=100,1301,0,6,76940614,1.0286709,True,False,40541,439,1
collision_o2_g1_n1000000_r05,collision,T=150,1301,0,7,76940614,0.7488042,True,False,25017,647,1
collision_o2_g1_n1000000_r05,collision,T=250,1301,0,8,76940614,0.6097952,True,False,10454,958,1
collision_o2_g1_n1000000_r05,collision,T=400,1301,0,9,76940614,0.6329951,True,False,1251,1298,1
collision_o2_g1_n1000000_r05,collision,T=1000,1301,1,0,76940614,0.7111575,True,False,1,1359,1
collision_o2_g1_n1000000_r05,collision,cost_model_cold,1301,1,1,76940614,0.8549657,True,False,3696,1194,1
collision_o2_g1_n1000000_r05,collision,cost_model_warm,1301,1,2,76940614,0.485199,True,False,1,1359,1
collision_o2_g1_n1000000_r05,collision,timing,1301,1,3,76940614,0.5545257,True,False,9014,1006,11
collision_o2_g1_n1000000_r05,collision,T=60,1301,1,4,76940614,1.4438444,True,False,67357,220,1
collision_o2_g1_n1000000_r05,collision,T=100,1301,1,5,76940614,0.9893289,True,False,40541,439,1
collision_o2_g1_n1000000_r05,collision,T=150,1301,1,6,76940614,0.7929519,True,False,25017,647,1
collision_o2_g1_n1000000_r05,collision,T=250,1301,1,7,76940614,0.8608408,True,False,10454,958,1
collision_o2_g1_n1000000_r05,collision,T=400,1301,1,8,76940614,1.446099,True,False,1251,1298,1
collision_o2_g1_n1000000_r05,collision,T=600,1301,1,9,76940614,0.6386622,True,False,1,1359,1
collision_o2_g1_n1000000_r05,collision,cost_model_cold,1302,0,0,76940614,0.6876276,True,False,3698,1193,1
collision_o2_g1_n1000000_r05,collision,cost_model_warm,1302,0,1,76940614,0.6862964,True,False,1,1359,1
collision_o2_g1_n1000000_r05,collision,timing,1302,0,2,76940614,0.7499324,True,False,8632,1074,7
collision_o2_g1_n1000000_r05,collision,T=60,1302,0,3,76940614,1.287176,True,False,67303,220,1
collision_o2_g1_n1000000_r05,collision,T=100,1302,0,4,76940614,1.0187415,True,False,40396,439,1
collision_o2_g1_n1000000_r05,collision,T=150,1302,0,5,76940614,0.8434238,True,False,25073,647,1
collision_o2_g1_n1000000_r05,collision,T=250,1302,0,6,76940614,0.7223322,True,False,10497,959,1
collision_o2_g1_n1000000_r05,collision,T=400,1302,0,7,76940614,0.5718581,True,False,1273,1298,1
collision_o2_g1_n1000000_r05,collision,T=600,1302,0,8,76940614,0.5906031,True,False,1,1359,1
collision_o2_g1_n1000000_r05,collision,T=1000,1302,0,9,76940614,0.6449065,True,False,1,1359,1
collision_o2_g1_n1000000_r05,collision,cost_model_warm,1302,1,0,76940614,0.7662035,True,False,1,1359,1
collision_o2_g1_n1000000_r05,collision,timing,1302,1,1,76940614,0.8221265,True,False,1213,1305,5
collision_o2_g1_n1000000_r05,collision,T=60,1302,1,2,76940614,1.7291429,True,False,67303,220,1
collision_o2_g1_n1000000_r05,collision,T=100,1302,1,3,76940614,1.0454986,True,False,40396,439,1
collision_o2_g1_n1000000_r05,collision,T=150,1302,1,4,76940614,0.8600643,True,False,25073,647,1
collision_o2_g1_n1000000_r05,collision,T=250,1302,1,5,76940614,0.5963428,True,False,10497,959,1
collision_o2_g1_n1000000_r05,collision,T=400,1302,1,6,76940614,0.6117353,True,False,1273,1298,1
collision_o2_g1_n1000000_r05,collision,T=600,1302,1,7,76940614,0.6427692,True,False,1,1359,1
collision_o2_g1_n1000000_r05,collision,T=1000,1302,1,8,76940614,0.603604,True,False,1,1359,1
collision_o2_g1_n1000000_r05,collision,cost_model_cold,1302,1,9,76940614,0.5973953,True,False,3698,1193,1
collision_o2_g1_n1000000_r05,collision,timing,1303,0,0,76940614,0.6087352,True,False,6948,1081,5
collision_o2_g1_n1000000_r05,collision,T=60,1303,0,1,76940614,1.3898733,True,False,67214,220,1
collision_o2_g1_n1000000_r05,collision,T=100,1303,0,2,76940614,1.0217801,True,False,40392,439,1
collision_o2_g1_n1000000_r05,collision,T=150,1303,0,3,76940614,0.8104239,True,False,25036,647,1
collision_o2_g1_n1000000_r05,collision,T=250,1303,0,4,76940614,0.6630515,True,False,10554,958,1
collision_o2_g1_n1000000_r05,collision,T=400,1303,0,5,76940614,0.6597945,True,False,1294,1298,1
collision_o2_g1_n1000000_r05,collision,T=600,1303,0,6,76940614,0.7622204,True,False,1,1359,1
collision_o2_g1_n1000000_r05,collision,T=1000,1303,0,7,76940614,0.8702724,True,False,1,1359,1
collision_o2_g1_n1000000_r05,collision,cost_model_cold,1303,0,8,76940614,0.5512195,True,False,3729,1194,1
collision_o2_g1_n1000000_r05,collision,cost_model_warm,1303,0,9,76940614,0.5809693,True,False,1,1359,1
collision_o2_g1_n1000000_r05,collision,T=60,1303,1,0,76940614,1.3391094,True,False,67214,220,1
collision_o2_g1_n1000000_r05,collision,T=100,1303,1,1,76940614,0.8341919,True,False,40392,439,1
collision_o2_g1_n1000000_r05,collision,T=150,1303,1,2,76940614,0.5416539,True,False,25036,647,1
collision_o2_g1_n1000000_r05,collision,T=250,1303,1,3,76940614,0.5882766,True,False,10554,958,1
collision_o2_g1_n1000000_r05,collision,T=400,1303,1,4,76940614,0.6588615,True,False,1294,1298,1
collision_o2_g1_n1000000_r05,collision,T=600,1303,1,5,76940614,0.731529,True,False,1,1359,1
collision_o2_g1_n1000000_r05,collision,T=1000,1303,1,6,76940614,0.6789839,True,False,1,1359,1
collision_o2_g1_n1000000_r05,collision,cost_model_cold,1303,1,7,76940614,0.5788474,True,False,3729,1194,1
collision_o2_g1_n1000000_r05,collision,cost_model_warm,1303,1,8,76940614,0.5700201,True,False,1,1359,1
collision_o2_g1_n1000000_r05,collision,timing,1303,1,9,76940614,0.5811784,True,False,8287,1041,13
collision_o2_g1_n1000000_r05,collision,T=100,1304,0,0,76940614,0.8053909,True,False,40334,439,1
collision_o2_g1_n1000000_r05,collision,T=150,1304,0,1,76940614,0.7478712,True,False,24864,647,1
collision_o2_g1_n1000000_r05,collision,T=250,1304,0,2,76940614,0.5509318,True,False,10494,958,1
collision_o2_g1_n1000000_r05,collision,T=400,1304,0,3,76940614,0.5724941,True,False,1288,1298,1
collision_o2_g1_n1000000_r05,collision,T=600,1304,0,4,76940614,0.5630608,True,False,1,1358,1
collision_o2_g1_n1000000_r05,collision,T=1000,1304,0,5,76940614,0.555515,True,False,1,1358,1
collision_o2_g1_n1000000_r05,collision,cost_model_cold,1304,0,6,76940614,0.398057,True,False,3698,1193,1
collision_o2_g1_n1000000_r05,collision,cost_model_warm,1304,0,7,76940614,0.3978713,True,False,1,1358,1
collision_o2_g1_n1000000_r05,collision,timing,1304,0,8,76940614,0.4061312,True,False,4518,1167,5
collision_o2_g1_n1000000_r05,collision,T=60,1304,0,9,76940614,0.7673364,True,False,67128,220,1
collision_o2_g1_n1000000_r05,collision,T=150,1304,1,0,76940614,0.5029171,True,False,24864,647,1
collision_o2_g1_n1000000_r05,collision,T=250,1304,1,1,76940614,0.429743,True,False,10494,958,1
collision_o2_g1_n1000000_r05,collision,T=400,1304,1,2,76940614,0.4177698,True,False,1288,1298,1
collision_o2_g1_n1000000_r05,collision,T=600,1304,1,3,76940614,0.4502023,True,False,1,1358,1
collision_o2_g1_n1000000_r05,collision,T=1000,1304,1,4,76940614,0.5558051,True,False,1,1358,1
collision_o2_g1_n1000000_r05,collision,cost_model_cold,1304,1,5,76940614,0.4516236,True,False,3698,1193,1
collision_o2_g1_n1000000_r05,collision,cost_model_warm,1304,1,6,76940614,0.4631981,True,False,1,1358,1
collision_o2_g1_n1000000_r05,collision,timing,1304,1,7,76940614,0.4598415,True,False,2496,1247,9
collision_o2_g1_n1000000_r05,collision,T=60,1304,1,8,76940614,0.8635931,True,False,67128,220,1
collision_o2_g1_n1000000_r05,collision,T=100,1304,1,9,76940614,0.6983686,True,False,40334,439,1
collision_o2_g1_n1000000_r05,collision,T=250,1305,0,0,76940614,0.5208344,True,False,10414,959,1
collision_o2_g1_n1000000_r05,collision,T=400,1305,0,1,76940614,0.5294939,True,False,1278,1298,1
collision_o2_g1_n1000000_r05,collision,T=600,1305,0,2,76940614,0.5132193,True,False,1,1359,1
collision_o2_g1_n1000000_r05,collision,T=1000,1305,0,3,76940614,0.5521902,True,False,1,1359,1
collision_o2_g1_n1000000_r05,collision,cost_model_cold,1305,0,4,76940614,0.6943207,True,False,3680,1193,1
collision_o2_g1_n1000000_r05,collision,cost_model_warm,1305,0,5,76940614,0.6722536,True,False,1,1359,1
collision_o2_g1_n1000000_r05,collision,timing,1305,0,6,76940614,0.6959349,True,False,1579,1285,3
collision_o2_g1_n1000000_r05,collision,T=60,1305,0,7,76940614,1.4933789,True,False,67232,220,1
collision_o2_g1_n1000000_r05,collision,T=100,1305,0,8,76940614,1.0206457,True,False,40322,439,1
collision_o2_g1_n1000000_r05,collision,T=150,1305,0,9,76940614,0.8039605,True,False,24920,647,1
collision_o2_g1_n1000000_r05,collision,T=400,1305,1,0,76940614,0.5671188,True,False,1278,1298,1
collision_o2_g1_n1000000_r05,collision,T=600,1305,1,1,76940614,0.5126062,True,False,1,1359,1
collision_o2_g1_n1000000_r05,collision,T=1000,1305,1,2,76940614,0.7274057,True,False,1,1359,1
collision_o2_g1_n1000000_r05,collision,cost_model_cold,1305,1,3,76940614,0.5435603,True,False,3680,1193,1
collision_o2_g1_n1000000_r05,collision,cost_model_warm,1305,1,4,76940614,0.5474554,True,False,1,1359,1
collision_o2_g1_n1000000_r05,collision,timing,1305,1,5,76940614,0.5316931,True,False,5032,1141,3
collision_o2_g1_n1000000_r05,collision,T=60,1305,1,6,76940614,1.3157637,True,False,67232,220,1
collision_o2_g1_n1000000_r05,collision,T=100,1305,1,7,76940614,0.9287613,True,False,40322,439,1
collision_o2_g1_n1000000_r05,collision,T=150,1305,1,8,76940614,0.8060654,True,False,24920,647,1
collision_o2_g1_n1000000_r05,collision,T=250,1305,1,9,76940614,0.8318507,True,False,10414,959,1
collision_o2_g1_n1000000_r05,collision,T=600,1306,0,0,76940614,0.5943361,True,False,1,1358,1
collision_o2_g1_n1000000_r05,collision,T=1000,1306,0,1,76940614,0.6485021,True,False,1,1358,1
collision_o2_g1_n1000000_r05,collision,cost_model_cold,1306,0,2,76940614,0.5345893,True,False,3722,1193,1
collision_o2_g1_n1000000_r05,collision,cost_model_warm,1306,0,3,76940614,0.6453172,True,False,1,1358,1
collision_o2_g1_n1000000_r05,collision,timing,1306,0,4,76940614,0.6883691,True,False,7311,1075,9
collision_o2_g1_n1000000_r05,collision,T=60,1306,0,5,76940614,1.4886025,True,False,67368,220,1
collision_o2_g1_n1000000_r05,collision,T=100,1306,0,6,76940614,0.9998145,True,False,40365,439,1
collision_o2_g1_n1000000_r05,collision,T=150,1306,0,7,76940614,1.0988867,True,False,25018,647,1
collision_o2_g1_n1000000_r05,collision,T=250,1306,0,8,76940614,0.7256726,True,False,10496,958,1
collision_o2_g1_n1000000_r05,collision,T=400,1306,0,9,76940614,1.111375,True,False,1284,1299,1
collision_o2_g1_n1000000_r05,collision,T=1000,1306,1,0,76940614,0.8244391,True,False,1,1358,1
collision_o2_g1_n1000000_r05,collision,cost_model_cold,1306,1,1,76940614,0.6491715,True,False,3722,1193,1
collision_o2_g1_n1000000_r05,collision,cost_model_warm,1306,1,2,76940614,0.7239652,True,False,1,1358,1
collision_o2_g1_n1000000_r05,collision,timing,1306,1,3,76940614,0.7030826,True,False,7655,1057,11
collision_o2_g1_n1000000_r05,collision,T=60,1306,1,4,76940614,1.3764976,True,False,67368,220,1
collision_o2_g1_n1000000_r05,collision,T=100,1306,1,5,76940614,0.9424492,True,False,40365,439,1
collision_o2_g1_n1000000_r05,collision,T=150,1306,1,6,76940614,0.7989837,True,False,25018,647,1
collision_o2_g1_n1000000_r05,collision,T=250,1306,1,7,76940614,0.6890071,True,False,10496,958,1
collision_o2_g1_n1000000_r05,collision,T=400,1306,1,8,76940614,0.8119464,True,False,1284,1299,1
collision_o2_g1_n1000000_r05,collision,T=600,1306,1,9,76940614,0.5818157,True,False,1,1358,1
collision_o2_g2_n1000000_r05,collision,cost_model_cold,1301,0,0,117636279,0.8218023,True,False,3439,1444,1
collision_o2_g2_n1000000_r05,collision,cost_model_warm,1301,0,1,117636279,0.9511409,True,False,1,1580,1
collision_o2_g2_n1000000_r05,collision,timing,1301,0,2,117636279,0.9177087,True,False,5850,1367,9
collision_o2_g2_n1000000_r05,collision,T=60,1301,0,3,117636279,2.1510069,True,False,95745,339,1
collision_o2_g2_n1000000_r05,collision,T=100,1301,0,4,117636279,1.3409928,True,False,56341,583,1
collision_o2_g2_n1000000_r05,collision,T=150,1301,0,5,117636279,1.1410847,True,False,33924,808,1
collision_o2_g2_n1000000_r05,collision,T=250,1301,0,6,117636279,1.1869254,True,False,14445,1132,1
collision_o2_g2_n1000000_r05,collision,T=400,1301,0,7,117636279,1.0459305,True,False,2755,1469,1
collision_o2_g2_n1000000_r05,collision,T=600,1301,0,8,117636279,0.9506913,True,False,1,1580,1
collision_o2_g2_n1000000_r05,collision,T=1000,1301,0,9,117636279,0.857231,True,False,1,1580,1
collision_o2_g2_n1000000_r05,collision,cost_model_warm,1301,1,0,117636279,0.8215813,True,False,1,1580,1
collision_o2_g2_n1000000_r05,collision,timing,1301,1,1,117636279,0.9315561,True,False,1211,1529,3
collision_o2_g2_n1000000_r05,collision,T=60,1301,1,2,117636279,2.2501113,True,False,95745,339,1
collision_o2_g2_n1000000_r05,collision,T=100,1301,1,3,117636279,1.8648419,True,False,56341,583,1
collision_o2_g2_n1000000_r05,collision,T=150,1301,1,4,117636279,1.3104468,True,False,33924,808,1
collision_o2_g2_n1000000_r05,collision,T=250,1301,1,5,117636279,1.1289841,True,False,14445,1132,1
collision_o2_g2_n1000000_r05,collision,T=400,1301,1,6,117636279,1.0075747,True,False,2755,1469,1
collision_o2_g2_n1000000_r05,collision,T=600,1301,1,7,117636279,0.8453443,True,False,1,1580,1
collision_o2_g2_n1000000_r05,collision,T=1000,1301,1,8,117636279,1.0729786,True,False,1,1580,1
collision_o2_g2_n1000000_r05,collision,cost_model_cold,1301,1,9,117636279,1.1697336,True,False,3439,1444,1
collision_o2_g2_n1000000_r05,collision,timing,1302,0,0,117636279,1.0249403,True,False,2486,1481,3
collision_o2_g2_n1000000_r05,collision,T=60,1302,0,1,117636279,2.428561,True,False,95699,339,1
collision_o2_g2_n1000000_r05,collision,T=100,1302,0,2,117636279,1.7871732,True,False,56234,583,1
collision_o2_g2_n1000000_r05,collision,T=150,1302,0,3,117636279,1.5560252,True,False,33863,808,1
collision_o2_g2_n1000000_r05,collision,T=250,1302,0,4,117636279,1.2093256,True,False,14532,1132,1
collision_o2_g2_n1000000_r05,collision,T=400,1302,0,5,117636279,1.1485257,True,False,2759,1469,1
collision_o2_g2_n1000000_r05,collision,T=600,1302,0,6,117636279,1.1161477,True,False,1,1580,1
collision_o2_g2_n1000000_r05,collision,T=1000,1302,0,7,117636279,1.0650103,True,False,1,1580,1
collision_o2_g2_n1000000_r05,collision,cost_model_cold,1302,0,8,117636279,1.1397678,True,False,3435,1443,1
collision_o2_g2_n1000000_r05,collision,cost_model_warm,1302,0,9,117636279,0.9527252,True,False,1,1580,1
collision_o2_g2_n1000000_r05,collision,T=60,1302,1,0,117636279,2.3999054,True,False,95699,339,1
collision_o2_g2_n1000000_r05,collision,T=100,1302,1,1,117636279,1.6838181,True,False,56234,583,1
collision_o2_g2_n1000000_r05,collision,T=150,1302,1,2,117636279,1.2033759,True,False,33863,808,1
collision_o2_g2_n1000000_r05,collision,T=250,1302,1,3,117636279,1.0017354,True,False,14532,1132,1
collision_o2_g2_n1000000_r05,collision,T=400,1302,1,4,117636279,1.1225574,True,False,2759,1469,1
collision_o2_g2_n1000000_r05,collision,T=600,1302,1,5,117636279,0.9406917,True,False,1,1580,1
collision_o2_g2_n1000000_r05,collision,T=1000,1302,1,6,117636279,0.9720392,True,False,1,1580,1
collision_o2_g2_n1000000_r05,collision,cost_model_cold,1302,1,7,117636279,0.9865759,True,False,3435,1443,1
collision_o2_g2_n1000000_r05,collision,cost_model_warm,1302,1,8,117636279,0.9525698,True,False,1,1580,1
collision_o2_g2_n1000000_r05,collision,timing,1302,1,9,117636279,1.0664528,True,False,8990,1268,5
collision_o2_g2_n1000000_r05,collision,T=100,1303,0,0,117636279,1.5570203,True,False,56232,583,1
collision_o2_g2_n1000000_r05,collision,T=150,1303,0,1,117636279,1.3102105,True,False,33794,808,1
collision_o2_g2_n1000000_r05,collision,T=250,1303,0,2,117636279,1.0368179,True,False,14522,1132,1
collision_o2_g2_n1000000_r05,collision,T=400,1303,0,3,117636279,1.016907,True,False,2813,1469,1
collision_o2_g2_n1000000_r05,collision,T=600,1303,0,4,117636279,1.1415365,True,False,1,1580,1
collision_o2_g2_n1000000_r05,collision,T=1000,1303,0,5,117636279,1.1216934,True,False,1,1580,1
collision_o2_g2_n1000000_r05,collision,cost_model_cold,1303,0,6,117636279,1.3959857,True,False,3491,1444,1
collision_o2_g2_n1000000_r05,collision,cost_model_warm,1303,0,7,117636279,1.0309225,True,False,1,1580,1
collision_o2_g2_n1000000_r05,collision,timing,1303,0,8,117636279,1.2151219,True,False,23948,1039,17
collision_o2_g2_n1000000_r05,collision,T=60,1303,0,9,117636279,2.5377696,True,False,95656,339,1
collision_o2_g2_n1000000_r05,collision,T=150,1303,1,0,117636279,1.2922859,True,False,33794,808,1
collision_o2_g2_n1000000_r05,collision,T=250,1303,1,1,117636279,1.0100662,True,False,14522,1132,1
collision_o2_g2_n1000000_r05,collision,T=400,1303,1,2,117636279,0.9425388,True,False,2813,1469,1
collision_o2_g2_n1000000_r05,collision,T=600,1303,1,3,117636279,0.9698208,True,False,1,1580,1
collision_o2_g2_n1000000_r05,collision,T=1000,1303,1,4,117636279,1.0456663,True,False,1,1580,1
collision_o2_g2_n1000000_r05,collision,cost_model_cold,1303,1,5,117636279,0.9893208,True,False,3491,1444,1
collision_o2_g2_n1000000_r05,collision,cost_model_warm,1303,1,6,117636279,1.0370683,True,False,1,1580,1
collision_o2_g2_n1000000_r05,collision,timing,1303,1,7,117636279,0.9521791,True,False,9611,1253,5
collision_o2_g2_n1000000_r05,collision,T=60,1303,1,8,117636279,2.5815475,True,False,95656,339,1
collision_o2_g2_n1000000_r05,collision,T=100,1303,1,9,117636279,1.9070969,True,False,56232,583,1
collision_o2_g2_n1000000_r05,collision,T=250,1304,0,0,117636279,1.2251425,True,False,14396,1132,1
collision_o2_g2_n1000000_r05,collision,T=400,1304,0,1,117636279,1.0046514,True,False,2773,1469,1
collision_o2_g2_n1000000_r05,collision,T=600,1304,0,2,117636279,1.0208136,True,False,1,1580,1
collision_o2_g2_n1000000_r05,collision,T=1000,1304,0,3,117636279,0.974606,True,False,1,1580,1
collision_o2_g2_n1000000_r05,collision,cost_model_cold,1304,0,4,117636279,1.0207565,True,False,3462,1444,1
collision_o2_g2_n1000000_r05,collision,cost_model_warm,1304,0,5,117636279,1.0982462,True,False,1,1580,1
collision_o2_g2_n1000000_r05,collision,timing,1304,0,6,117636279,1.1040392,True,False,1064,1540,5
collision_o2_g2_n1000000_r05,collision,T=60,1304,0,7,117636279,2.5690915,True,False,95582,339,1
collision_o2_g2_n1000000_r05,collision,T=100,1304,0,8,117636279,1.7495784,True,False,56124,583,1
collision_o2_g2_n1000000_r05,collision,T=150,1304,0,9,117636279,1.5861767,True,False,33678,808,1
collision_o2_g2_n1000000_r05,collision,T=400,1304,1,0,117636279,0.9900531,True,False,2773,1469,1
collision_o2_g2_n1000000_r05,collision,T=600,1304,1,1,117636279,1.0214666,True,False,1,1580,1
collision_o2_g2_n1000000_r05,collision,T=1000,1304,1,2,117636279,1.1640677,True,False,1,1580,1
collision_o2_g2_n1000000_r05,collision,cost_model_cold,1304,1,3,117636279,0.9679985,True,False,3462,1444,1
collision_o2_g2_n1000000_r05,collision,cost_model_warm,1304,1,4,117636279,0.9748376,True,False,1,1580,1
collision_o2_g2_n1000000_r05,collision,timing,1304,1,5,117636279,0.9092071,True,False,10195,1247,15
collision_o2_g2_n1000000_r05,collision,T=60,1304,1,6,117636279,2.348421,True,False,95582,339,1
collision_o2_g2_n1000000_r05,collision,T=100,1304,1,7,117636279,1.5541863,True,False,56124,583,1
collision_o2_g2_n1000000_r05,collision,T=150,1304,1,8,117636279,1.4670258,True,False,33678,808,1
collision_o2_g2_n1000000_r05,collision,T=250,1304,1,9,117636279,1.1115226,True,False,14396,1132,1
collision_o2_g2_n1000000_r05,collision,T=600,1305,0,0,117636279,1.0863129,True,False,1,1580,1
collision_o2_g2_n1000000_r05,collision,T=1000,1305,0,1,117636279,0.9739272,True,False,1,1580,1
collision_o2_g2_n1000000_r05,collision,cost_model_cold,1305,0,2,117636279,0.8663417,True,False,3425,1444,1
collision_o2_g2_n1000000_r05,collision,cost_model_warm,1305,0,3,117636279,0.9327243,True,False,1,1580,1
collision_o2_g2_n1000000_r05,collision,timing,1305,0,4,117636279,0.914934,True,False,932,1542,9
collision_o2_g2_n1000000_r05,collision,T=60,1305,0,5,117636279,2.3022108,True,False,95632,339,1
collision_o2_g2_n1000000_r05,collision,T=100,1305,0,6,117636279,1.8509077,True,False,56139,583,1
collision_o2_g2_n1000000_r05,collision,T=150,1305,0,7,117636279,1.4811734,True,False,33716,808,1
collision_o2_g2_n1000000_r05,collision,T=250,1305,0,8,117636279,1.1345712,True,False,14406,1132,1
collision_o2_g2_n1000000_r05,collision,T=400,1305,0,9,117636279,1.2098996,True,False,2763,1469,1
collision_o2_g2_n1000000_r05,collision,T=1000,1305,1,0,117636279,1.5264436,True,False,1,1580,1
collision_o2_g2_n1000000_r05,collision,cost_model_cold,1305,1,1,117636279,1.1192226,True,False,3425,1444,1
collision_o2_g2_n1000000_r05,collision,cost_model_warm,1305,1,2,117636279,1.1412059,True,False,1,1580,1
collision_o2_g2_n1000000_r05,collision,timing,1305,1,3,117636279,1.2093505,True,False,11623,1198,5
collision_o2_g2_n1000000_r05,collision,T=60,1305,1,4,117636279,2.7462814,True,False,95632,339,1
collision_o2_g2_n1000000_r05,collision,T=100,1305,1,5,117636279,1.7999101,True,False,56139,583,1
collision_o2_g2_n1000000_r05,collision,T=150,1305,1,6,117636279,1.4859196,True,False,33716,808,1
collision_o2_g2_n1000000_r05,collision,T=250,1305,1,7,117636279,1.1234106,True,False,14406,1132,1
collision_o2_g2_n1000000_r05,collision,T=400,1305,1,8,117636279,1.1115691,True,False,2763,1469,1
collision_o2_g2_n1000000_r05,collision,T=600,1305,1,9,117636279,1.0353152,True,False,1,1580,1
collision_o2_g2_n1000000_r05,collision,cost_model_cold,1306,0,0,117636279,1.042309,True,False,3456,1444,1
collision_o2_g2_n1000000_r05,collision,cost_model_warm,1306,0,1,117636279,1.0938621,True,False,1,1580,1
collision_o2_g2_n1000000_r05,collision,timing,1306,0,2,117636279,0.9600653,True,False,1223,1530,3
collision_o2_g2_n1000000_r05,collision,T=60,1306,0,3,117636279,2.5449022,True,False,95823,339,1
collision_o2_g2_n1000000_r05,collision,T=100,1306,0,4,117636279,1.6648841,True,False,56191,583,1
collision_o2_g2_n1000000_r05,collision,T=150,1306,0,5,117636279,1.4512722,True,False,33839,808,1
collision_o2_g2_n1000000_r05,collision,T=250,1306,0,6,117636279,1.0998844,True,False,14473,1132,1
collision_o2_g2_n1000000_r05,collision,T=400,1306,0,7,117636279,1.0213646,True,False,2776,1469,1
collision_o2_g2_n1000000_r05,collision,T=600,1306,0,8,117636279,1.0275425,True,False,1,1580,1
collision_o2_g2_n1000000_r05,collision,T=1000,1306,0,9,117636279,0.9587233,True,False,1,1580,1
collision_o2_g2_n1000000_r05,collision,cost_model_warm,1306,1,0,117636279,0.8939855,True,False,1,1580,1
collision_o2_g2_n1000000_r05,collision,timing,1306,1,1,117636279,1.0559226,True,False,383,1564,3
collision_o2_g2_n1000000_r05,collision,T=60,1306,1,2,117636279,2.5130995,True,False,95823,339,1
collision_o2_g2_n1000000_r05,collision,T=100,1306,1,3,117636279,1.6156128,True,False,56191,583,1
collision_o2_g2_n1000000_r05,collision,T=150,1306,1,4,117636279,1.4101504,True,False,33839,808,1
collision_o2_g2_n1000000_r05,collision,T=250,1306,1,5,117636279,1.1568553,True,False,14473,1132,1
collision_o2_g2_n1000000_r05,collision,T=400,1306,1,6,117636279,1.042732,True,False,2776,1469,1
collision_o2_g2_n1000000_r05,collision,T=600,1306,1,7,117636279,1.079925,True,False,1,1580,1
collision_o2_g2_n1000000_r05,collision,T=1000,1306,1,8,117636279,1.4423616,True,False,1,1580,1
collision_o2_g2_n1000000_r05,collision,cost_model_cold,1306,1,9,117636279,0.9685657,True,False,3456,1444,1
oregonator_n1e5,oregonator,timing,1301,0,0,100000,0.2286736,True,False,177,13657,9
oregonator_n1e5,oregonator,T=60,1301,0,1,100000,0.1687223,True,False,1,12020,1
oregonator_n1e5,oregonator,T=100,1301,0,2,100000,0.2263646,True,False,1,12020,1
oregonator_n1e5,oregonator,T=150,1301,0,3,100000,0.2426949,True,False,1,12020,1
oregonator_n1e5,oregonator,T=250,1301,0,4,100000,0.1816805,True,False,1,12020,1
oregonator_n1e5,oregonator,T=400,1301,0,5,100000,0.1838674,True,False,1,12020,1
oregonator_n1e5,oregonator,T=600,1301,0,6,100000,0.2333576,True,False,1,12020,1
oregonator_n1e5,oregonator,T=1000,1301,0,7,100000,0.2308948,True,False,1,12020,1
oregonator_n1e5,oregonator,cost_model_cold,1301,0,8,100000,0.2480335,True,False,1,12020,1
oregonator_n1e5,oregonator,cost_model_warm,1301,0,9,100000,0.1976419,True,False,1,12020,1
oregonator_n1e5,oregonator,T=60,1301,1,0,100000,0.2244889,True,False,1,12020,1
oregonator_n1e5,oregonator,T=100,1301,1,1,100000,0.2479928,True,False,1,12020,1
oregonator_n1e5,oregonator,T=150,1301,1,2,100000,0.2353889,True,False,1,12020,1
oregonator_n1e5,oregonator,T=250,1301,1,3,100000,0.2534909,True,False,1,12020,1
oregonator_n1e5,oregonator,T=400,1301,1,4,100000,0.2663402,True,False,1,12020,1
oregonator_n1e5,oregonator,T=600,1301,1,5,100000,0.2583976,True,False,1,12020,1
oregonator_n1e5,oregonator,T=1000,1301,1,6,100000,0.2388285,True,False,1,12020,1
oregonator_n1e5,oregonator,cost_model_cold,1301,1,7,100000,0.2351658,True,False,1,12020,1
oregonator_n1e5,oregonator,cost_model_warm,1301,1,8,100000,0.244278,True,False,1,12020,1
oregonator_n1e5,oregonator,timing,1301,1,9,100000,0.2888723,True,False,3128,11695,11
oregonator_n1e5,oregonator,T=100,1302,0,0,100000,0.4040797,True,False,1,19555,1
oregonator_n1e5,oregonator,T=150,1302,0,1,100000,0.3049773,True,False,1,19555,1
oregonator_n1e5,oregonator,T=250,1302,0,2,100000,0.3225988,True,False,1,19555,1
oregonator_n1e5,oregonator,T=400,1302,0,3,100000,0.3216922,True,False,1,19555,1
oregonator_n1e5,oregonator,T=600,1302,0,4,100000,0.2997678,True,False,1,19555,1
oregonator_n1e5,oregonator,T=1000,1302,0,5,100000,0.3250171,True,False,1,19555,1
oregonator_n1e5,oregonator,cost_model_cold,1302,0,6,100000,0.3318494,True,False,1,19555,1
oregonator_n1e5,oregonator,cost_model_warm,1302,0,7,100000,0.3404738,True,False,1,19555,1
oregonator_n1e5,oregonator,timing,1302,0,8,100000,0.3044589,True,False,5,17374,5
oregonator_n1e5,oregonator,T=60,1302,0,9,100000,0.2679326,True,False,1,19555,1
oregonator_n1e5,oregonator,T=150,1302,1,0,100000,0.32782,True,False,1,19555,1
oregonator_n1e5,oregonator,T=250,1302,1,1,100000,0.3039739,True,False,1,19555,1
oregonator_n1e5,oregonator,T=400,1302,1,2,100000,0.3198796,True,False,1,19555,1
oregonator_n1e5,oregonator,T=600,1302,1,3,100000,0.3271311,True,False,1,19555,1
oregonator_n1e5,oregonator,T=1000,1302,1,4,100000,0.2854948,True,False,1,19555,1
oregonator_n1e5,oregonator,cost_model_cold,1302,1,5,100000,0.3977331,True,False,1,19555,1
oregonator_n1e5,oregonator,cost_model_warm,1302,1,6,100000,0.3600893,True,False,1,19555,1
oregonator_n1e5,oregonator,timing,1302,1,7,100000,0.3582548,True,False,637,18883,11
oregonator_n1e5,oregonator,T=60,1302,1,8,100000,0.3591386,True,False,1,19555,1
oregonator_n1e5,oregonator,T=100,1302,1,9,100000,0.3354961,True,False,1,19555,1
oregonator_n1e5,oregonator,T=250,1303,0,0,100000,0.3604995,True,False,1,19459,1
oregonator_n1e5,oregonator,T=400,1303,0,1,100000,0.3723068,True,False,1,19459,1
oregonator_n1e5,oregonator,T=600,1303,0,2,100000,0.355857,True,False,1,19459,1
oregonator_n1e5,oregonator,T=1000,1303,0,3,100000,0.2976813,True,False,1,19459,1
oregonator_n1e5,oregonator,cost_model_cold,1303,0,4,100000,0.3320387,True,False,1,19459,1
oregonator_n1e5,oregonator,cost_model_warm,1303,0,5,100000,0.3747916,True,False,1,19459,1
oregonator_n1e5,oregonator,timing,1303,0,6,100000,0.2881059,True,False,294,14997,9
oregonator_n1e5,oregonator,T=60,1303,0,7,100000,0.3739847,True,False,1,19459,1
oregonator_n1e5,oregonator,T=100,1303,0,8,100000,0.3746567,True,False,1,19459,1
oregonator_n1e5,oregonator,T=150,1303,0,9,100000,0.2854574,True,False,1,19459,1
oregonator_n1e5,oregonator,T=400,1303,1,0,100000,0.3250883,True,False,1,19459,1
oregonator_n1e5,oregonator,T=600,1303,1,1,100000,0.3995475,True,False,1,19459,1
oregonator_n1e5,oregonator,T=1000,1303,1,2,100000,0.3130917,True,False,1,19459,1
oregonator_n1e5,oregonator,cost_model_cold,1303,1,3,100000,0.3294792,True,False,1,19459,1
oregonator_n1e5,oregonator,cost_model_warm,1303,1,4,100000,0.2715353,True,False,1,19459,1
oregonator_n1e5,oregonator,timing,1303,1,5,100000,0.1971536,True,False,68,12305,7
oregonator_n1e5,oregonator,T=60,1303,1,6,100000,0.2972529,True,False,1,19459,1
oregonator_n1e5,oregonator,T=100,1303,1,7,100000,0.2866977,True,False,1,19459,1
oregonator_n1e5,oregonator,T=150,1303,1,8,100000,0.3112175,True,False,1,19459,1
oregonator_n1e5,oregonator,T=250,1303,1,9,100000,0.3385708,True,False,1,19459,1
oregonator_n1e5,oregonator,T=600,1304,0,0,100000,0.2478299,True,False,1,11765,1
oregonator_n1e5,oregonator,T=1000,1304,0,1,100000,0.2164143,True,False,1,11765,1
oregonator_n1e5,oregonator,cost_model_cold,1304,0,2,100000,0.2473203,True,False,1,11765,1
oregonator_n1e5,oregonator,cost_model_warm,1304,0,3,100000,0.2127808,True,False,1,11765,1
oregonator_n1e5,oregonator,timing,1304,0,4,100000,0.2478264,True,False,577,13176,15
oregonator_n1e5,oregonator,T=60,1304,0,5,100000,0.2163456,True,False,1,11765,1
oregonator_n1e5,oregonator,T=100,1304,0,6,100000,0.2419285,True,False,1,11765,1
oregonator_n1e5,oregonator,T=150,1304,0,7,100000,0.186178,True,False,1,11765,1
oregonator_n1e5,oregonator,T=250,1304,0,8,100000,0.2146222,True,False,1,11765,1
oregonator_n1e5,oregonator,T=400,1304,0,9,100000,0.1925719,True,False,1,11765,1
oregonator_n1e5,oregonator,T=1000,1304,1,0,100000,0.1786035,True,False,1,11765,1
oregonator_n1e5,oregonator,cost_model_cold,1304,1,1,100000,0.2069636,True,False,1,11765,1
oregonator_n1e5,oregonator,cost_model_warm,1304,1,2,100000,0.2379573,True,False,1,11765,1
oregonator_n1e5,oregonator,timing,1304,1,3,100000,0.3504118,True,False,61,18513,15
oregonator_n1e5,oregonator,T=60,1304,1,4,100000,0.21294,True,False,1,11765,1
oregonator_n1e5,oregonator,T=100,1304,1,5,100000,0.2132477,True,False,1,11765,1
oregonator_n1e5,oregonator,T=150,1304,1,6,100000,0.1946171,True,False,1,11765,1
oregonator_n1e5,oregonator,T=250,1304,1,7,100000,0.2247112,True,False,1,11765,1
oregonator_n1e5,oregonator,T=400,1304,1,8,100000,0.1823817,True,False,1,11765,1
oregonator_n1e5,oregonator,T=600,1304,1,9,100000,0.1966885,True,False,1,11765,1
oregonator_n1e5,oregonator,cost_model_cold,1305,0,0,100000,0.3433407,True,False,1,17968,1
oregonator_n1e5,oregonator,cost_model_warm,1305,0,1,100000,0.3569476,True,False,1,17968,1
oregonator_n1e5,oregonator,timing,1305,0,2,100000,0.2639237,True,False,3,14375,3
oregonator_n1e5,oregonator,T=60,1305,0,3,100000,0.2796664,True,False,1,17968,1
oregonator_n1e5,oregonator,T=100,1305,0,4,100000,0.3493567,True,False,1,17968,1
oregonator_n1e5,oregonator,T=150,1305,0,5,100000,0.3141262,True,False,1,17968,1
oregonator_n1e5,oregonator,T=250,1305,0,6,100000,0.23033,True,False,1,17968,1
oregonator_n1e5,oregonator,T=400,1305,0,7,100000,0.2837279,True,False,1,17968,1
oregonator_n1e5,oregonator,T=600,1305,0,8,100000,0.3044428,True,False,1,17968,1
oregonator_n1e5,oregonator,T=1000,1305,0,9,100000,0.3545677,True,False,1,17968,1
oregonator_n1e5,oregonator,cost_model_warm,1305,1,0,100000,0.3974333,True,False,1,17968,1
oregonator_n1e5,oregonator,timing,1305,1,1,100000,0.2078814,True,False,3,14375,3
oregonator_n1e5,oregonator,T=60,1305,1,2,100000,0.3034306,True,False,1,17968,1
oregonator_n1e5,oregonator,T=100,1305,1,3,100000,0.2902695,True,False,1,17968,1
oregonator_n1e5,oregonator,T=150,1305,1,4,100000,0.2581764,True,False,1,17968,1
oregonator_n1e5,oregonator,T=250,1305,1,5,100000,0.3560427,True,False,1,17968,1
oregonator_n1e5,oregonator,T=400,1305,1,6,100000,0.3698392,True,False,1,17968,1
oregonator_n1e5,oregonator,T=600,1305,1,7,100000,0.3854475,True,False,1,17968,1
oregonator_n1e5,oregonator,T=1000,1305,1,8,100000,0.3231925,True,False,1,17968,1
oregonator_n1e5,oregonator,cost_model_cold,1305,1,9,100000,0.3564979,True,False,1,17968,1
oregonator_n1e5,oregonator,timing,1306,0,0,100000,0.4131207,True,False,3566,18902,11
oregonator_n1e5,oregonator,T=60,1306,0,1,100000,0.4545072,True,False,1,21460,1
oregonator_n1e5,oregonator,T=100,1306,0,2,100000,0.5142417,True,False,1,21460,1
oregonator_n1e5,oregonator,T=150,1306,0,3,100000,0.3657969,True,False,1,21460,1
oregonator_n1e5,oregonator,T=250,1306,0,4,100000,0.3797692,True,False,1,21460,1
oregonator_n1e5,oregonator,T=400,1306,0,5,100000,0.3037951,True,False,1,21460,1
oregonator_n1e5,oregonator,T=600,1306,0,6,100000,0.4033592,True,False,1,21460,1
oregonator_n1e5,oregonator,T=1000,1306,0,7,100000,0.4110607,True,False,1,21460,1
oregonator_n1e5,oregonator,cost_model_cold,1306,0,8,100000,0.3587264,True,False,1,21460,1
oregonator_n1e5,oregonator,cost_model_warm,1306,0,9,100000,0.3638646,True,False,1,21460,1
oregonator_n1e5,oregonator,T=60,1306,1,0,100000,0.3777607,True,False,1,21460,1
oregonator_n1e5,oregonator,T=100,1306,1,1,100000,0.3999268,True,False,1,21460,1
oregonator_n1e5,oregonator,T=150,1306,1,2,100000,0.3643231,True,False,1,21460,1
oregonator_n1e5,oregonator,T=250,1306,1,3,100000,0.4070552,True,False,1,21460,1
oregonator_n1e5,oregonator,T=400,1306,1,4,100000,0.3673771,True,False,1,21460,1
oregonator_n1e5,oregonator,T=600,1306,1,5,100000,0.4212773,True,False,1,21460,1
oregonator_n1e5,oregonator,T=1000,1306,1,6,100000,0.4374914,True,False,1,21460,1
oregonator_n1e5,oregonator,cost_model_cold,1306,1,7,100000,0.3985691,True,False,1,21460,1
oregonator_n1e5,oregonator,cost_model_warm,1306,1,8,100000,0.3909808,True,False,1,21460,1
oregonator_n1e5,oregonator,timing,1306,1,9,100000,0.3822903,True,False,269,21749,13
brusselator_n2e4,brusselator,T=100,1301,0,0,20000,0.1391524,True,False,1,5469,1
brusselator_n2e4,brusselator,T=150,1301,0,1,20000,0.1594517,True,False,1,5469,1
brusselator_n2e4,brusselator,T=250,1301,0,2,20000,0.1811305,True,False,1,5469,1
brusselator_n2e4,brusselator,T=400,1301,0,3,20000,0.1442669,True,False,1,5469,1
brusselator_n2e4,brusselator,T=600,1301,0,4,20000,0.1528991,True,False,1,5469,1
brusselator_n2e4,brusselator,T=1000,1301,0,5,20000,0.1564873,True,False,1,5469,1
brusselator_n2e4,brusselator,cost_model_cold,1301,0,6,20000,0.1915751,True,False,1,5469,1
brusselator_n2e4,brusselator,cost_model_warm,1301,0,7,20000,0.1518332,True,False,1,5469,1
brusselator_n2e4,brusselator,timing,1301,0,8,20000,0.2378991,True,False,256,5447,1
brusselator_n2e4,brusselator,T=60,1301,0,9,20000,0.1959081,True,False,1,5469,1
brusselator_n2e4,brusselator,T=150,1301,1,0,20000,0.1834526,True,False,1,5469,1
brusselator_n2e4,brusselator,T=250,1301,1,1,20000,0.1628747,True,False,1,5469,1
brusselator_n2e4,brusselator,T=400,1301,1,2,20000,0.1328059,True,False,1,5469,1
brusselator_n2e4,brusselator,T=600,1301,1,3,20000,0.2045714,True,False,1,5469,1
brusselator_n2e4,brusselator,T=1000,1301,1,4,20000,0.1658508,True,False,1,5469,1
brusselator_n2e4,brusselator,cost_model_cold,1301,1,5,20000,0.1642618,True,False,1,5469,1
brusselator_n2e4,brusselator,cost_model_warm,1301,1,6,20000,0.1824314,True,False,1,5469,1
brusselator_n2e4,brusselator,timing,1301,1,7,20000,0.1596886,True,False,256,5447,1
brusselator_n2e4,brusselator,T=60,1301,1,8,20000,0.1670748,True,False,1,5469,1
brusselator_n2e4,brusselator,T=100,1301,1,9,20000,0.1886586,True,False,1,5469,1
brusselator_n2e4,brusselator,T=250,1302,0,0,20000,0.183698,True,False,1,5463,1
brusselator_n2e4,brusselator,T=400,1302,0,1,20000,0.1478498,True,False,1,5463,1
brusselator_n2e4,brusselator,T=600,1302,0,2,20000,0.1415893,True,False,1,5463,1
brusselator_n2e4,brusselator,T=1000,1302,0,3,20000,0.1510372,True,False,1,5463,1
brusselator_n2e4,brusselator,cost_model_cold,1302,0,4,20000,0.1999189,True,False,1,5463,1
brusselator_n2e4,brusselator,cost_model_warm,1302,0,5,20000,0.216626,True,False,1,5463,1
brusselator_n2e4,brusselator,timing,1302,0,6,20000,0.2219225,True,False,256,5474,1
brusselator_n2e4,brusselator,T=60,1302,0,7,20000,0.1358719,True,False,1,5463,1
brusselator_n2e4,brusselator,T=100,1302,0,8,20000,0.1392391,True,False,1,5463,1
brusselator_n2e4,brusselator,T=150,1302,0,9,20000,0.1753369,True,False,1,5463,1
brusselator_n2e4,brusselator,T=400,1302,1,0,20000,0.1332586,True,False,1,5463,1
brusselator_n2e4,brusselator,T=600,1302,1,1,20000,0.1674942,True,False,1,5463,1
brusselator_n2e4,brusselator,T=1000,1302,1,2,20000,0.1766967,True,False,1,5463,1
brusselator_n2e4,brusselator,cost_model_cold,1302,1,3,20000,0.1672086,True,False,1,5463,1
brusselator_n2e4,brusselator,cost_model_warm,1302,1,4,20000,0.1904974,True,False,1,5463,1
brusselator_n2e4,brusselator,timing,1302,1,5,20000,0.1968035,True,False,256,5474,1
brusselator_n2e4,brusselator,T=60,1302,1,6,20000,0.1469981,True,False,1,5463,1
brusselator_n2e4,brusselator,T=100,1302,1,7,20000,0.1469219,True,False,1,5463,1
brusselator_n2e4,brusselator,T=150,1302,1,8,20000,0.1794181,True,False,1,5463,1
brusselator_n2e4,brusselator,T=250,1302,1,9,20000,0.1888966,True,False,1,5463,1
brusselator_n2e4,brusselator,T=600,1303,0,0,20000,0.1402763,True,False,1,5477,1
brusselator_n2e4,brusselator,T=1000,1303,0,1,20000,0.1552105,True,False,1,5477,1
brusselator_n2e4,brusselator,cost_model_cold,1303,0,2,20000,0.165217,True,False,1,5477,1
brusselator_n2e4,brusselator,cost_model_warm,1303,0,3,20000,0.1847558,True,False,1,5477,1
brusselator_n2e4,brusselator,timing,1303,0,4,20000,0.201734,True,False,259,5452,3
brusselator_n2e4,brusselator,T=60,1303,0,5,20000,0.1886438,True,False,1,5477,1
brusselator_n2e4,brusselator,T=100,1303,0,6,20000,0.1617799,True,False,1,5477,1
brusselator_n2e4,brusselator,T=150,1303,0,7,20000,0.1374722,True,False,1,5477,1
brusselator_n2e4,brusselator,T=250,1303,0,8,20000,0.1597203,True,False,1,5477,1
brusselator_n2e4,brusselator,T=400,1303,0,9,20000,0.1777078,True,False,1,5477,1
brusselator_n2e4,brusselator,T=1000,1303,1,0,20000,0.1723548,True,False,1,5477,1
brusselator_n2e4,brusselator,cost_model_cold,1303,1,1,20000,0.1300114,True,False,1,5477,1
brusselator_n2e4,brusselator,cost_model_warm,1303,1,2,20000,0.1909524,True,False,1,5477,1
brusselator_n2e4,brusselator,timing,1303,1,3,20000,0.1788398,True,False,256,5456,1
brusselator_n2e4,brusselator,T=60,1303,1,4,20000,0.1878283,True,False,1,5477,1
brusselator_n2e4,brusselator,T=100,1303,1,5,20000,0.1470654,True,False,1,5477,1
brusselator_n2e4,brusselator,T=150,1303,1,6,20000,0.1599932,True,False,1,5477,1
brusselator_n2e4,brusselator,T=250,1303,1,7,20000,0.1573272,True,False,1,5477,1
brusselator_n2e4,brusselator,T=400,1303,1,8,20000,0.1561832,True,False,1,5477,1
brusselator_n2e4,brusselator,T=600,1303,1,9,20000,0.2036362,True,False,1,5477,1
brusselator_n2e4,brusselator,cost_model_cold,1304,0,0,20000,0.1530034,True,False,1,5478,1
brusselator_n2e4,brusselator,cost_model_warm,1304,0,1,20000,0.1752656,True,False,1,5478,1
brusselator_n2e4,brusselator,timing,1304,0,2,20000,0.1556144,True,False,256,5471,1
brusselator_n2e4,brusselator,T=60,1304,0,3,20000,0.1744729,True,False,1,5478,1
brusselator_n2e4,brusselator,T=100,1304,0,4,20000,0.0961207,True,False,1,5478,1
brusselator_n2e4,brusselator,T=150,1304,0,5,20000,0.1227267,True,False,1,5478,1
brusselator_n2e4,brusselator,T=250,1304,0,6,20000,0.1389469,True,False,1,5478,1
brusselator_n2e4,brusselator,T=400,1304,0,7,20000,0.1700301,True,False,1,5478,1
brusselator_n2e4,brusselator,T=600,1304,0,8,20000,0.1665621,True,False,1,5478,1
brusselator_n2e4,brusselator,T=1000,1304,0,9,20000,0.1764976,True,False,1,5478,1
brusselator_n2e4,brusselator,cost_model_warm,1304,1,0,20000,0.1509778,True,False,1,5478,1
brusselator_n2e4,brusselator,timing,1304,1,1,20000,0.2160263,True,False,256,5471,1
brusselator_n2e4,brusselator,T=60,1304,1,2,20000,0.1371921,True,False,1,5478,1
brusselator_n2e4,brusselator,T=100,1304,1,3,20000,0.133661,True,False,1,5478,1
brusselator_n2e4,brusselator,T=150,1304,1,4,20000,0.1818607,True,False,1,5478,1
brusselator_n2e4,brusselator,T=250,1304,1,5,20000,0.1759143,True,False,1,5478,1
brusselator_n2e4,brusselator,T=400,1304,1,6,20000,0.1860731,True,False,1,5478,1
brusselator_n2e4,brusselator,T=600,1304,1,7,20000,0.1530642,True,False,1,5478,1
brusselator_n2e4,brusselator,T=1000,1304,1,8,20000,0.1390989,True,False,1,5478,1
brusselator_n2e4,brusselator,cost_model_cold,1304,1,9,20000,0.129228,True,False,1,5478,1
brusselator_n2e4,brusselator,timing,1305,0,0,20000,0.1885011,True,False,256,5458,1
brusselator_n2e4,brusselator,T=60,1305,0,1,20000,0.1997525,True,False,1,5481,1
brusselator_n2e4,brusselator,T=100,1305,0,2,20000,0.2079716,True,False,1,5481,1
brusselator_n2e4,brusselator,T=150,1305,0,3,20000,0.2023638,True,False,1,5481,1
brusselator_n2e4,brusselator,T=250,1305,0,4,20000,0.1533089,True,False,1,5481,1
brusselator_n2e4,brusselator,T=400,1305,0,5,20000,0.1790681,True,False,1,5481,1
brusselator_n2e4,brusselator,T=600,1305,0,6,20000,0.1386401,True,False,1,5481,1
brusselator_n2e4,brusselator,T=1000,1305,0,7,20000,0.1646214,True,False,1,5481,1
brusselator_n2e4,brusselator,cost_model_cold,1305,0,8,20000,0.1911944,True,False,1,5481,1
brusselator_n2e4,brusselator,cost_model_warm,1305,0,9,20000,0.1560871,True,False,1,5481,1
brusselator_n2e4,brusselator,T=60,1305,1,0,20000,0.1769889,True,False,1,5481,1
brusselator_n2e4,brusselator,T=100,1305,1,1,20000,0.1820034,True,False,1,5481,1
brusselator_n2e4,brusselator,T=150,1305,1,2,20000,0.213476,True,False,1,5481,1
brusselator_n2e4,brusselator,T=250,1305,1,3,20000,0.2041734,True,False,1,5481,1
brusselator_n2e4,brusselator,T=400,1305,1,4,20000,0.208438,True,False,1,5481,1
brusselator_n2e4,brusselator,T=600,1305,1,5,20000,0.177895,True,False,1,5481,1
brusselator_n2e4,brusselator,T=1000,1305,1,6,20000,0.1582459,True,False,1,5481,1
brusselator_n2e4,brusselator,cost_model_cold,1305,1,7,20000,0.2180931,True,False,1,5481,1
brusselator_n2e4,brusselator,cost_model_warm,1305,1,8,20000,0.1824491,True,False,1,5481,1
brusselator_n2e4,brusselator,timing,1305,1,9,20000,0.1901724,True,False,256,5458,1
brusselator_n2e4,brusselator,T=100,1306,0,0,20000,0.1770037,True,False,1,5483,1
brusselator_n2e4,brusselator,T=150,1306,0,1,20000,0.193012,True,False,1,5483,1
brusselator_n2e4,brusselator,T=250,1306,0,2,20000,0.1726919,True,False,1,5483,1
brusselator_n2e4,brusselator,T=400,1306,0,3,20000,0.1741554,True,False,1,5483,1
brusselator_n2e4,brusselator,T=600,1306,0,4,20000,0.1388854,True,False,1,5483,1
brusselator_n2e4,brusselator,T=1000,1306,0,5,20000,0.1731951,True,False,1,5483,1
brusselator_n2e4,brusselator,cost_model_cold,1306,0,6,20000,0.1836491,True,False,1,5483,1
brusselator_n2e4,brusselator,cost_model_warm,1306,0,7,20000,0.1766386,True,False,1,5483,1
brusselator_n2e4,brusselator,timing,1306,0,8,20000,0.1500702,True,False,256,5477,1
brusselator_n2e4,brusselator,T=60,1306,0,9,20000,0.1791134,True,False,1,5483,1
brusselator_n2e4,brusselator,T=150,1306,1,0,20000,0.139263,True,False,1,5483,1
brusselator_n2e4,brusselator,T=250,1306,1,1,20000,0.1678022,True,False,1,5483,1
brusselator_n2e4,brusselator,T=400,1306,1,2,20000,0.1845967,True,False,1,5483,1
brusselator_n2e4,brusselator,T=600,1306,1,3,20000,0.1362027,True,False,1,5483,1
brusselator_n2e4,brusselator,T=1000,1306,1,4,20000,0.193812,True,False,1,5483,1
brusselator_n2e4,brusselator,cost_model_cold,1306,1,5,20000,0.184841,True,False,1,5483,1
brusselator_n2e4,brusselator,cost_model_warm,1306,1,6,20000,0.1708069,True,False,1,5483,1
brusselator_n2e4,brusselator,timing,1306,1,7,20000,0.2001956,True,False,256,5477,1
brusselator_n2e4,brusselator,T=60,1306,1,8,20000,0.2050824,True,False,1,5483,1
brusselator_n2e4,brusselator,T=100,1306,1,9,20000,0.1858717,True,False,1,5483,1
