scenario,family,policy,threshold,seed,initial_n,elapsed_seconds,completed,timed_out,batch_calls,gillespie_calls,mode_switches,repeat
dimerization_r05,dimerization,wallclock_timing,,301,7592205,0.1997042,True,False,13092,415,8,0
dimerization_r05,dimerization,constant_250,250.0,301,7592205,0.1994528,True,False,15658,0,0,0
dimerization_r05,dimerization,constant_500,500.0,301,7592205,0.2001374,True,False,1,2385,1,0
dimerization_r05,dimerization,constant_1000,1000.0,301,7592205,0.1862989,True,False,1,2385,1,0
dimerization_r05,dimerization,cost_model,877.3585545919891,301,7592205,0.1917528,True,False,1,2385,1,0
dimerization_r1,dimerization,wallclock_timing,,301,30368820,0.4859846,True,False,23481,1240,9,0
dimerization_r1,dimerization,constant_250,250.0,301,30368820,0.4284138,True,False,31408,0,0,0
dimerization_r1,dimerization,constant_500,500.0,301,30368820,0.4626018,True,False,31408,0,0,0
dimerization_r1,dimerization,constant_1000,1000.0,301,30368820,0.7732177,True,False,1,4770,1,0
dimerization_r1,dimerization,cost_model,932.2035471203687,301,30368820,0.8053478,True,False,1,4770,1,0
lotka_volterra_r05,lotka_volterra,wallclock_timing,,301,678466,1.1380657,True,False,82174,1673,42,0
lotka_volterra_r05,lotka_volterra,constant_250,250.0,301,678466,1.1511409,True,False,86245,0,0,0
lotka_volterra_r05,lotka_volterra,constant_500,500.0,301,678466,1.0510622,True,False,32504,21256,7,0
lotka_volterra_r05,lotka_volterra,constant_1000,1000.0,301,678466,1.1594367,True,False,1,33214,1,0
lotka_volterra_r05,lotka_volterra,cost_model,756.2219268427195,301,678466,1.3319999,True,False,1,33214,1,0
lotka_volterra_r1,lotka_volterra,wallclock_timing,,301,2713864,3.0851574,True,False,171231,596,74,0
lotka_volterra_r1,lotka_volterra,constant_250,250.0,301,2713864,2.9650884,True,False,172705,0,0,0
lotka_volterra_r1,lotka_volterra,constant_500,500.0,301,2713864,3.2913809,True,False,172705,0,0,0
lotka_volterra_r1,lotka_volterra,constant_1000,1000.0,301,2713864,4.9231873,True,False,65176,42461,7,0
lotka_volterra_r1,lotka_volterra,cost_model,802.4739755516567,301,2713864,4.2743656,True,False,136870,15751,7,0
shrinking_r05,shrinking,wallclock_timing,,301,362139,0.0237333,True,False,2459,2,2,0
shrinking_r05,shrinking,constant_250,250.0,301,362139,0.0134281,True,False,346,1035,1,0
shrinking_r05,shrinking,constant_500,500.0,301,362139,0.0123008,True,False,1,1205,1,0
shrinking_r05,shrinking,constant_1000,1000.0,301,362139,0.0141684,True,False,1,1205,1,0
shrinking_r05,shrinking,cost_model,545.1177853622855,301,362139,0.0148786,True,False,1,1205,1,0
shrinking_r1,shrinking,wallclock_timing,,301,1448556,0.0419933,True,False,2282,1285,3,0
shrinking_r1,shrinking,constant_250,250.0,301,1448556,0.0517489,True,False,2822,1027,1,0
shrinking_r1,shrinking,constant_500,500.0,301,1448556,0.0572174,True,False,697,2064,1,0
shrinking_r1,shrinking,constant_1000,1000.0,301,1448556,0.0561786,True,False,1,2401,1,0
shrinking_r1,shrinking,cost_model,579.6362044598512,301,1448556,0.0615568,True,False,13,2388,1,0
shrinking_r2,shrinking,wallclock_timing,,301,5794227,0.1062659,True,False,9913,4,4,0
shrinking_r2,shrinking,constant_250,250.0,301,5794227,0.1220274,True,False,7784,1011,1,0
shrinking_r2,shrinking,constant_500,500.0,301,5794227,0.1448144,True,False,5673,2047,1,0
shrinking_r2,shrinking,constant_1000,1000.0,301,5794227,0.2262113,True,False,1422,4115,1,0
shrinking_r2,shrinking,cost_model,639.1055103573202,301,5794227,0.1442435,True,False,4480,2622,1,0
shrinking_no_b_decay_r05,shrinking,wallclock_timing,,301,1313630,0.0310727,True,False,1389,496,3,0
shrinking_no_b_decay_r05,shrinking,constant_250,250.0,301,1313630,0.0336456,True,False,880,607,1,0
shrinking_no_b_decay_r05,shrinking,constant_500,500.0,301,1313630,0.0305381,True,False,1,841,1,0
shrinking_no_b_decay_r05,shrinking,constant_1000,1000.0,301,1313630,0.0282809,True,False,1,841,1,0
shrinking_no_b_decay_r05,shrinking,cost_model,620.040095011383,301,1313630,0.0327853,True,False,1,841,1,0
shrinking_no_b_decay_r1,shrinking,wallclock_timing,,301,5254522,0.1056961,True,False,3030,926,3,0
shrinking_no_b_decay_r1,shrinking,constant_250,250.0,301,5254522,0.1115957,True,False,5103,567,1,0
shrinking_no_b_decay_r1,shrinking,constant_500,500.0,301,5254522,0.1066356,True,False,1768,1214,1,0
shrinking_no_b_decay_r1,shrinking,constant_1000,1000.0,301,5254522,0.1229919,True,False,1,1680,1,0
shrinking_no_b_decay_r1,shrinking,cost_model,664.3160114316831,301,5254522,0.1201536,True,False,9,1676,1,0
shrinking_no_b_decay_r2,shrinking,wallclock_timing,,301,21018089,0.3388387,True,False,25379,213,11,0
shrinking_no_b_decay_r2,shrinking,constant_250,250.0,301,21018089,0.2544711,True,False,15555,544,1,0
shrinking_no_b_decay_r2,shrinking,constant_500,500.0,301,21018089,0.3136803,True,False,10209,1130,1,0
shrinking_no_b_decay_r2,shrinking,constant_1000,1000.0,301,21018089,0.3416813,True,False,3487,2424,1,0
shrinking_no_b_decay_r2,shrinking,cost_model,741.7536545355321,301,21018089,0.2885998,True,False,6613,1735,1,0
shrinking_split_b_decay_r05,shrinking,wallclock_timing,,301,299138,0.0339523,True,False,2234,27,4,0
shrinking_split_b_decay_r05,shrinking,constant_250,250.0,301,299138,0.0185701,True,False,117,1035,1,0
shrinking_split_b_decay_r05,shrinking,constant_500,500.0,301,299138,0.0171616,True,False,1,1093,1,0
shrinking_split_b_decay_r05,shrinking,constant_1000,1000.0,301,299138,0.0186322,True,False,1,1093,1,0
shrinking_split_b_decay_r05,shrinking,cost_model,496.310046439432,301,299138,0.0185396,True,False,1,1093,1,0
shrinking_split_b_decay_r1,shrinking,wallclock_timing,,301,1196554,0.0646726,True,False,4465,19,4,0
shrinking_split_b_decay_r1,shrinking,constant_250,250.0,301,1196554,0.0422767,True,False,2384,1028,1,0
shrinking_split_b_decay_r1,shrinking,constant_500,500.0,301,1196554,0.0424627,True,False,246,2064,1,0
shrinking_split_b_decay_r1,shrinking,constant_1000,1000.0,301,1196554,0.0521539,True,False,1,2183,1,0
shrinking_split_b_decay_r1,shrinking,cost_model,524.6153875326295,301,1196554,0.0465944,True,False,31,2161,1,0
shrinking_split_b_decay_r2,shrinking,wallclock_timing,,301,4786217,0.0979117,True,False,9029,8,6,0
shrinking_split_b_decay_r2,shrinking,constant_250,250.0,301,4786217,0.0802782,True,False,6865,1013,1,0
shrinking_split_b_decay_r2,shrinking,constant_500,500.0,301,4786217,0.0890033,True,False,4723,2048,1,0
shrinking_split_b_decay_r2,shrinking,constant_1000,1000.0,301,4786217,0.2041925,True,False,469,4115,1,0
shrinking_split_b_decay_r2,shrinking,cost_model,572.8273366107297,301,4786217,0.1154972,True,False,4112,2350,1,0
shrinking_b_decay_channels_1_r05,branch_count,wallclock_timing,,301,351289,0.0154242,True,False,430,982,3,0
shrinking_b_decay_channels_1_r05,branch_count,constant_250,250.0,301,351289,0.0185041,True,False,304,1034,1,0
shrinking_b_decay_channels_1_r05,branch_count,constant_500,500.0,301,351289,0.0152671,True,False,1,1187,1,0
shrinking_b_decay_channels_1_r05,branch_count,constant_1000,1000.0,301,351289,0.0197661,True,False,1,1187,1,0
shrinking_b_decay_channels_1_r05,branch_count,cost_model,544.531232273166,301,351289,0.0181592,True,False,1,1187,1,0
shrinking_b_decay_channels_1_r1,branch_count,wallclock_timing,,301,1405158,0.0760117,True,False,4854,2,2,0
shrinking_b_decay_channels_1_r1,branch_count,constant_250,250.0,301,1405158,0.054103,True,False,2753,1030,1,0
shrinking_b_decay_channels_1_r1,branch_count,constant_500,500.0,301,1405158,0.0671648,True,False,621,2061,1,0
shrinking_b_decay_channels_1_r1,branch_count,constant_1000,1000.0,301,1405158,0.0717215,True,False,1,2362,1,0
shrinking_b_decay_channels_1_r1,branch_count,cost_model,578.673056335076,301,1405158,0.0574227,True,False,1,2362,1,0
shrinking_b_decay_channels_1_r2,branch_count,wallclock_timing,,301,5620633,0.1110935,True,False,9709,4,4,0
shrinking_b_decay_channels_1_r2,branch_count,constant_250,250.0,301,5620633,0.1063806,True,False,7669,1011,1,0
shrinking_b_decay_channels_1_r2,branch_count,constant_500,500.0,301,5620633,0.1108137,True,False,5514,2048,1,0
shrinking_b_decay_channels_1_r2,branch_count,constant_1000,1000.0,301,5620633,0.1681164,True,False,1237,4115,1,0
shrinking_b_decay_channels_1_r2,branch_count,cost_model,637.3891639672992,301,5620633,0.1498015,True,False,4358,2620,1,0
shrinking_b_decay_channels_2_r05,branch_count,wallclock_timing,,301,277166,0.0130781,True,False,415,851,3,0
shrinking_b_decay_channels_2_r05,branch_count,constant_250,250.0,301,277166,0.0118494,True,False,37,1035,1,0
shrinking_b_decay_channels_2_r05,branch_count,constant_500,500.0,301,277166,0.0100749,True,False,1,1055,1,0
shrinking_b_decay_channels_2_r05,branch_count,constant_1000,1000.0,301,277166,0.0104628,True,False,1,1055,1,0
shrinking_b_decay_channels_2_r05,branch_count,cost_model,495.1028400505285,301,277166,0.0124645,True,False,1,1055,1,0
shrinking_b_decay_channels_2_r1,branch_count,wallclock_timing,,301,1108665,0.0401465,True,False,4321,2,2,0
shrinking_b_decay_channels_2_r1,branch_count,constant_250,250.0,301,1108665,0.0334698,True,False,2234,1029,1,0
shrinking_b_decay_channels_2_r1,branch_count,constant_500,500.0,301,1108665,0.0563051,True,False,77,2063,1,0
shrinking_b_decay_channels_2_r1,branch_count,constant_1000,1000.0,301,1108665,0.0479066,True,False,1,2098,1,0
shrinking_b_decay_channels_2_r1,branch_count,cost_model,522.6631618755257,301,1108665,0.042776,True,False,1,2098,1,0
shrinking_b_decay_channels_2_r2,branch_count,wallclock_timing,,301,4434661,0.1339364,True,False,8631,4,4,0
shrinking_b_decay_channels_2_r2,branch_count,constant_250,250.0,301,4434661,0.1184292,True,False,6711,1014,1,0
shrinking_b_decay_channels_2_r2,branch_count,constant_500,500.0,301,4434661,0.1331847,True,False,4493,2051,1,0
shrinking_b_decay_channels_2_r2,branch_count,constant_1000,1000.0,301,4434661,0.2173252,True,False,156,4117,1,0
shrinking_b_decay_channels_2_r2,branch_count,cost_model,569.3850275231152,301,4434661,0.1263379,True,False,3905,2339,1,0
shrinking_b_decay_channels_4_r1,branch_count,wallclock_timing,,301,819554,0.0534421,True,False,3726,11,4,0
shrinking_b_decay_channels_4_r1,branch_count,constant_250,250.0,301,819554,0.0437446,True,False,1618,1029,1,0
shrinking_b_decay_channels_4_r1,branch_count,constant_500,500.0,301,819554,0.0452563,True,False,1,1804,1,0
shrinking_b_decay_channels_4_r1,branch_count,constant_1000,1000.0,301,819554,0.0526593,True,False,1,1804,1,0
shrinking_b_decay_channels_4_r1,branch_count,cost_model,447.9038995693453,301,819554,0.0568567,True,False,1,1804,1,0
shrinking_b_decay_channels_4_r2,branch_count,wallclock_timing,,301,3278217,0.1253086,True,False,7501,2,2,0
shrinking_b_decay_channels_4_r2,branch_count,constant_250,250.0,301,3278217,0.1061737,True,False,5406,1017,1,0
shrinking_b_decay_channels_4_r2,branch_count,constant_500,500.0,301,3278217,0.1263222,True,False,3235,2053,1,0
shrinking_b_decay_channels_4_r2,branch_count,constant_1000,1000.0,301,3278217,0.1997988,True,False,1,3603,1,0
shrinking_b_decay_channels_4_r2,branch_count,cost_model,481.13328192109236,301,3278217,0.127719,True,False,3403,1977,1,0
shrinking_b_decay_channels_8_r1,branch_count,wallclock_timing,,301,359061,0.0295093,True,False,495,967,3,0
shrinking_b_decay_channels_8_r1,branch_count,constant_250,250.0,301,359061,0.0299679,True,False,342,1038,1,0
shrinking_b_decay_channels_8_r1,branch_count,constant_500,500.0,301,359061,0.0364424,True,False,1,1192,1,0
shrinking_b_decay_channels_8_r1,branch_count,constant_1000,1000.0,301,359061,0.0296936,True,False,1,1192,1,0
shrinking_b_decay_channels_8_r1,branch_count,cost_model,360.6268828473997,301,359061,0.0347753,True,False,1,1192,1,0
shrinking_b_decay_channels_8_r2,branch_count,wallclock_timing,,301,1436245,0.092018,True,False,4976,2,2,0
shrinking_b_decay_channels_8_r2,branch_count,constant_250,250.0,301,1436245,0.0733337,True,False,2846,1028,1,0
shrinking_b_decay_channels_8_r2,branch_count,constant_500,500.0,301,1436245,0.1015947,True,False,708,2063,1,0
shrinking_b_decay_channels_8_r2,branch_count,constant_1000,1000.0,301,1436245,0.1065143,True,False,1,2389,1,0
shrinking_b_decay_channels_8_r2,branch_count,cost_model,378.0581639295689,301,1436245,0.0626132,True,False,1763,1562,1,0
dense_support_q4_r05,dense_support,wallclock_timing,,301,27282031,0.2568222,True,False,303,854,3,0
dense_support_q4_r05,dense_support,constant_250,250.0,301,27282031,0.2406629,True,False,2657,730,1,0
dense_support_q4_r05,dense_support,constant_500,500.0,301,27282031,0.2887678,True,False,1,872,1,0
dense_support_q4_r05,dense_support,constant_1000,1000.0,301,27282031,0.2509811,True,False,1,872,1,0
dense_support_q4_r05,dense_support,cost_model,733.4496986580547,301,27282031,0.1976691,True,False,1,872,1,0
dense_support_q4_r1,dense_support,wallclock_timing,,301,109128124,0.8503236,True,False,35762,565,11,0
dense_support_q4_r1,dense_support,constant_250,250.0,301,109128124,0.7540097,True,False,25422,776,1,0
dense_support_q4_r1,dense_support,constant_500,500.0,301,109128124,0.697064,True,False,5304,1458,1,0
dense_support_q4_r1,dense_support,constant_1000,1000.0,301,109128124,0.946657,True,False,1,1743,1,0
dense_support_q4_r1,dense_support,cost_model,784.1508317724135,301,109128124,1.0115012,True,False,1,1743,1,0
dense_support_q6_r1,dense_support,wallclock_timing,,301,60230891,0.6997881,True,False,17578,611,9,0
dense_support_q6_r1,dense_support,constant_250,250.0,301,60230891,0.6556119,True,False,11820,773,1,0
dense_support_q6_r1,dense_support,constant_500,500.0,301,60230891,0.815017,True,False,1,1295,1,0
dense_support_q6_r1,dense_support,constant_1000,1000.0,301,60230891,0.9176063,True,False,1,1295,1,0
dense_support_q6_r1,dense_support,cost_model,524.0311084918889,301,60230891,0.7597327,True,False,1,1295,1,0
dense_support_q8_r1,dense_support,wallclock_timing,,301,28645269,0.5184704,True,False,17477,305,7,0
dense_support_q8_r1,dense_support,constant_250,250.0,301,28645269,0.5407273,True,False,3008,733,1,0
dense_support_q8_r1,dense_support,constant_500,500.0,301,28645269,0.6784929,True,False,1,893,1,0
dense_support_q8_r1,dense_support,constant_1000,1000.0,301,28645269,0.5871009,True,False,1,893,1,0
dense_support_q8_r1,dense_support,cost_model,373.7486016086209,301,28645269,0.6872692,True,False,1,893,1,0
dense_support_q8_r2,dense_support,wallclock_timing,,301,114581078,1.6367954,True,False,42547,481,13,0
dense_support_q8_r2,dense_support,constant_250,250.0,301,114581078,1.7632446,True,False,26915,774,1,0
dense_support_q8_r2,dense_support,constant_500,500.0,301,114581078,2.3627294,True,False,6020,1465,1,0
dense_support_q8_r2,dense_support,constant_1000,1000.0,301,114581078,2.5155964,True,False,1,1786,1,0
dense_support_q8_r2,dense_support,cost_model,391.9064517682382,301,114581078,1.9035739,True,False,12534,1195,1,0
dense_support_q12_r2,dense_support,wallclock_timing,,301,51176333,1.0647028,True,False,35302,226,11,0
dense_support_q12_r2,dense_support,constant_250,250.0,301,51176333,1.4622713,True,False,9264,767,1,0
dense_support_q12_r2,dense_support,constant_500,500.0,301,51176333,2.0359648,True,False,1,1194,1,0
dense_support_q12_r2,dense_support,constant_1000,1000.0,301,51176333,2.2674998,True,False,1,1194,1,0
dense_support_q12_r2,dense_support,cost_model,246.80058779803193,301,51176333,1.7889315,True,False,9513,758,1,0
collision_o2_g0_n1000000_r05,collision,wallclock_timing,,301,26300816,0.2025397,True,False,6945,580,7,0
collision_o2_g0_n1000000_r05,collision,constant_250,250.0,301,26300816,0.1621311,True,False,2392,727,1,0
collision_o2_g0_n1000000_r05,collision,constant_500,500.0,301,26300816,0.1685098,True,False,1,856,1,0
collision_o2_g0_n1000000_r05,collision,constant_1000,1000.0,301,26300816,0.1587405,True,False,1,856,1,0
collision_o2_g0_n1000000_r05,collision,cost_model,732.4199056555001,301,26300816,0.1334716,True,False,1,856,1,0
collision_o2_g0_n1000000_r1,collision,wallclock_timing,,301,105203267,0.4706494,True,False,37824,519,13,0
collision_o2_g0_n1000000_r1,collision,constant_250,250.0,301,105203267,0.4432799,True,False,24333,777,1,0
collision_o2_g0_n1000000_r1,collision,constant_500,500.0,301,105203267,0.5130947,True,False,4775,1452,1,0
collision_o2_g0_n1000000_r1,collision,constant_1000,1000.0,301,105203267,0.557864,True,False,1,1711,1,0
collision_o2_g0_n1000000_r1,collision,cost_model,782.4415315341369,301,105203267,0.6493342,True,False,1,1711,1,0
collision_o2_g1_n1000000_r05,collision,wallclock_timing,,301,76002738,0.4185964,True,False,13556,879,9,0
collision_o2_g1_n1000000_r05,collision,constant_250,250.0,301,76002738,0.4586955,True,False,10235,956,1,0
collision_o2_g1_n1000000_r05,collision,constant_500,500.0,301,76002738,0.4342981,True,False,1,1350,1,0
collision_o2_g1_n1000000_r05,collision,constant_1000,1000.0,301,76002738,0.4009147,True,False,1,1350,1,0
collision_o2_g1_n1000000_r05,collision,cost_model,1061.7164377819856,301,76002738,0.4069373,True,False,1,1350,1,0
collision_o2_g2_n1000000_r05,collision,wallclock_timing,,301,118139087,0.6584568,True,False,16018,1111,11,0
collision_o2_g2_n1000000_r05,collision,constant_250,250.0,301,118139087,0.6489175,True,False,14495,1133,1,0
collision_o2_g2_n1000000_r05,collision,constant_500,500.0,301,118139087,0.6383829,True,False,1,1583,1,0
collision_o2_g2_n1000000_r05,collision,constant_1000,1000.0,301,118139087,0.6297044,True,False,1,1583,1,0
collision_o2_g2_n1000000_r05,collision,cost_model,1165.0584408123102,301,118139087,0.6314596,True,False,1,1583,1,0
dimerization_r05,dimerization,wallclock_timing,,302,7592205,0.1483279,True,False,516,2315,5,0
dimerization_r05,dimerization,constant_250,250.0,302,7592205,0.1732233,True,False,15802,0,0,0
dimerization_r05,dimerization,constant_500,500.0,302,7592205,0.1707158,True,False,1,2385,1,0
dimerization_r05,dimerization,constant_1000,1000.0,302,7592205,0.1824407,True,False,1,2385,1,0
dimerization_r05,dimerization,cost_model,877.3585545919891,302,7592205,0.1490159,True,False,1,2385,1,0
dimerization_r1,dimerization,wallclock_timing,,302,30368820,0.3805336,True,False,23866,1179,10,0
dimerization_r1,dimerization,constant_250,250.0,302,30368820,0.3844831,True,False,31429,0,0,0
dimerization_r1,dimerization,constant_500,500.0,302,30368820,0.355245,True,False,31429,0,0,0
dimerization_r1,dimerization,constant_1000,1000.0,302,30368820,0.7356087,True,False,1,4770,1,0
dimerization_r1,dimerization,cost_model,932.2035471203687,302,30368820,0.6133261,True,False,1,4770,1,0
lotka_volterra_r05,lotka_volterra,wallclock_timing,,302,678466,0.9004083,True,False,77092,3414,44,0
lotka_volterra_r05,lotka_volterra,constant_250,250.0,302,678466,0.9230598,True,False,86194,0,0,0
lotka_volterra_r05,lotka_volterra,constant_500,500.0,302,678466,0.8897974,True,False,32593,21249,7,0
lotka_volterra_r05,lotka_volterra,constant_1000,1000.0,302,678466,0.8948675,True,False,1,33214,1,0
lotka_volterra_r05,lotka_volterra,cost_model,756.2219268427195,302,678466,0.9458836,True,False,1,33214,1,0
lotka_volterra_r1,lotka_volterra,wallclock_timing,,302,2713864,2.0113442,True,False,159074,4920,60,0
lotka_volterra_r1,lotka_volterra,constant_250,250.0,302,2713864,1.8306584,True,False,172505,0,0,0
lotka_volterra_r1,lotka_volterra,constant_500,500.0,302,2713864,1.9996592,True,False,172505,0,0,0
lotka_volterra_r1,lotka_volterra,constant_1000,1000.0,302,2713864,2.5521636,True,False,64990,42485,7,0
lotka_volterra_r1,lotka_volterra,cost_model,802.4739755516567,302,2713864,2.1335804,True,False,136356,15832,7,0
shrinking_r05,shrinking,wallclock_timing,,302,362139,0.0161239,True,False,2516,2,2,0
shrinking_r05,shrinking,constant_250,250.0,302,362139,0.00843,True,False,346,1029,1,0
shrinking_r05,shrinking,constant_500,500.0,302,362139,0.0106852,True,False,1,1198,1,0
shrinking_r05,shrinking,constant_1000,1000.0,302,362139,0.0089448,True,False,1,1198,1,0
shrinking_r05,shrinking,cost_model,545.1177853622855,302,362139,0.0089748,True,False,1,1198,1,0
shrinking_r1,shrinking,wallclock_timing,,302,1448556,0.0324567,True,False,4880,2,2,0
shrinking_r1,shrinking,constant_250,250.0,302,1448556,0.026177,True,False,2832,1024,1,0
shrinking_r1,shrinking,constant_500,500.0,302,1448556,0.0306026,True,False,713,2063,1,0
shrinking_r1,shrinking,constant_1000,1000.0,302,1448556,0.0316873,True,False,1,2400,1,0
shrinking_r1,shrinking,cost_model,579.6362044598512,302,1448556,0.034231,True,False,21,2394,1,0
shrinking_r2,shrinking,wallclock_timing,,302,5794227,0.0738484,True,False,9884,4,4,0
shrinking_r2,shrinking,constant_250,250.0,302,5794227,0.0646445,True,False,7811,1008,1,0
shrinking_r2,shrinking,constant_500,500.0,302,5794227,0.0687541,True,False,5685,2050,1,0
shrinking_r2,shrinking,constant_1000,1000.0,302,5794227,0.1073965,True,False,1414,4117,1,0
shrinking_r2,shrinking,cost_model,639.1055103573202,302,5794227,0.0719579,True,False,4467,2625,1,0
shrinking_no_b_decay_r05,shrinking,wallclock_timing,,302,1313630,0.0146028,True,False,394,730,3,0
shrinking_no_b_decay_r05,shrinking,constant_250,250.0,302,1313630,0.0160955,True,False,869,610,1,0
shrinking_no_b_decay_r05,shrinking,constant_500,500.0,302,1313630,0.0143716,True,False,1,840,1,0
shrinking_no_b_decay_r05,shrinking,constant_1000,1000.0,302,1313630,0.0142323,True,False,1,840,1,0
shrinking_no_b_decay_r05,shrinking,cost_model,620.040095011383,302,1313630,0.0165141,True,False,1,840,1,0
shrinking_no_b_decay_r1,shrinking,wallclock_timing,,302,5254522,0.0488323,True,False,3790,775,3,0
shrinking_no_b_decay_r1,shrinking,constant_250,250.0,302,5254522,0.0525607,True,False,5064,566,1,0
shrinking_no_b_decay_r1,shrinking,constant_500,500.0,302,5254522,0.0494535,True,False,1767,1213,1,0
shrinking_no_b_decay_r1,shrinking,constant_1000,1000.0,302,5254522,0.0590288,True,False,1,1677,1,0
shrinking_no_b_decay_r1,shrinking,cost_model,664.3160114316831,302,5254522,0.0564097,True,False,14,1675,1,0
shrinking_no_b_decay_r2,shrinking,wallclock_timing,,302,21018089,0.154671,True,False,17978,379,7,0
shrinking_no_b_decay_r2,shrinking,constant_250,250.0,302,21018089,0.1450117,True,False,15528,545,1,0
shrinking_no_b_decay_r2,shrinking,constant_500,500.0,302,21018089,0.1477495,True,False,10176,1129,1,0
shrinking_no_b_decay_r2,shrinking,constant_1000,1000.0,302,21018089,0.2115644,True,False,3509,2421,1,0
shrinking_no_b_decay_r2,shrinking,cost_model,741.7536545355321,302,21018089,0.1793013,True,False,6606,1736,1,0
shrinking_split_b_decay_r05,shrinking,wallclock_timing,,302,299138,0.013638,True,False,1989,127,6,0
shrinking_split_b_decay_r05,shrinking,constant_250,250.0,302,299138,0.0076666,True,False,130,1035,1,0
shrinking_split_b_decay_r05,shrinking,constant_500,500.0,302,299138,0.0075062,True,False,1,1094,1,0
shrinking_split_b_decay_r05,shrinking,constant_1000,1000.0,302,299138,0.0077334,True,False,1,1094,1,0
shrinking_split_b_decay_r05,shrinking,cost_model,496.310046439432,302,299138,0.0076793,True,False,1,1094,1,0
shrinking_split_b_decay_r1,shrinking,wallclock_timing,,302,1196554,0.0335738,True,False,4484,2,2,0
shrinking_split_b_decay_r1,shrinking,constant_250,250.0,302,1196554,0.0258288,True,False,2466,1028,1,0
shrinking_split_b_decay_r1,shrinking,constant_500,500.0,302,1196554,0.0292312,True,False,272,2062,1,0
shrinking_split_b_decay_r1,shrinking,constant_1000,1000.0,302,1196554,0.0309153,True,False,1,2183,1,0
shrinking_split_b_decay_r1,shrinking,cost_model,524.6153875326295,302,1196554,0.0293528,True,False,38,2170,1,0
shrinking_split_b_decay_r2,shrinking,wallclock_timing,,302,4786217,0.067144,True,False,8967,4,4,0
shrinking_split_b_decay_r2,shrinking,constant_250,250.0,302,4786217,0.0625752,True,False,6897,1013,1,0
shrinking_split_b_decay_r2,shrinking,constant_500,500.0,302,4786217,0.0660502,True,False,4766,2051,1,0
shrinking_split_b_decay_r2,shrinking,constant_1000,1000.0,302,4786217,0.1158392,True,False,499,4119,1,0
shrinking_split_b_decay_r2,shrinking,cost_model,572.8273366107297,302,4786217,0.0683845,True,False,4155,2351,1,0
shrinking_b_decay_channels_1_r05,branch_count,wallclock_timing,,302,351289,0.0143037,True,False,1873,274,4,0
shrinking_b_decay_channels_1_r05,branch_count,constant_250,250.0,302,351289,0.0083823,True,False,316,1034,1,0
shrinking_b_decay_channels_1_r05,branch_count,constant_500,500.0,302,351289,0.0088864,True,False,1,1177,1,0
shrinking_b_decay_channels_1_r05,branch_count,constant_1000,1000.0,302,351289,0.0099522,True,False,1,1177,1,0
shrinking_b_decay_channels_1_r05,branch_count,cost_model,544.531232273166,302,351289,0.0082575,True,False,1,1177,1,0
shrinking_b_decay_channels_1_r1,branch_count,wallclock_timing,,302,1405158,0.0321026,True,False,4810,2,2,0
shrinking_b_decay_channels_1_r1,branch_count,constant_250,250.0,302,1405158,0.0271832,True,False,2773,1027,1,0
shrinking_b_decay_channels_1_r1,branch_count,constant_500,500.0,302,1405158,0.0332499,True,False,628,2064,1,0
shrinking_b_decay_channels_1_r1,branch_count,constant_1000,1000.0,302,1405158,0.0348269,True,False,1,2362,1,0
shrinking_b_decay_channels_1_r1,branch_count,cost_model,578.673056335076,302,1405158,0.0313061,True,False,1,2362,1,0
shrinking_b_decay_channels_1_r2,branch_count,wallclock_timing,,302,5620633,0.07731,True,False,9701,17,6,0
shrinking_b_decay_channels_1_r2,branch_count,constant_250,250.0,302,5620633,0.0634758,True,False,7641,1010,1,0
shrinking_b_decay_channels_1_r2,branch_count,constant_500,500.0,302,5620633,0.0644525,True,False,5527,2052,1,0
shrinking_b_decay_channels_1_r2,branch_count,constant_1000,1000.0,302,5620633,0.1060764,True,False,1266,4118,1,0
shrinking_b_decay_channels_1_r2,branch_count,cost_model,637.3891639672992,302,5620633,0.0758772,True,False,4342,2616,1,0
shrinking_b_decay_channels_2_r05,branch_count,wallclock_timing,,302,277166,0.0113978,True,False,1634,270,3,0
shrinking_b_decay_channels_2_r05,branch_count,constant_250,250.0,302,277166,0.008333,True,False,42,1032,1,0
shrinking_b_decay_channels_2_r05,branch_count,constant_500,500.0,302,277166,0.0089047,True,False,1,1054,1,0
shrinking_b_decay_channels_2_r05,branch_count,constant_1000,1000.0,302,277166,0.0081631,True,False,1,1054,1,0
shrinking_b_decay_channels_2_r05,branch_count,cost_model,495.1028400505285,302,277166,0.0075128,True,False,1,1054,1,0
shrinking_b_decay_channels_2_r1,branch_count,wallclock_timing,,302,1108665,0.0250891,True,False,2228,988,3,0
shrinking_b_decay_channels_2_r1,branch_count,constant_250,250.0,302,1108665,0.0252059,True,False,2228,1025,1,0
shrinking_b_decay_channels_2_r1,branch_count,constant_500,500.0,302,1108665,0.0296569,True,False,74,2063,1,0
shrinking_b_decay_channels_2_r1,branch_count,constant_1000,1000.0,302,1108665,0.0293554,True,False,1,2102,1,0
shrinking_b_decay_channels_2_r1,branch_count,cost_model,522.6631618755257,302,1108665,0.0308069,True,False,1,2102,1,0
shrinking_b_decay_channels_2_r2,branch_count,wallclock_timing,,302,4434661,0.0726113,True,False,7935,378,4,0
shrinking_b_decay_channels_2_r2,branch_count,constant_250,250.0,302,4434661,0.059452,True,False,6604,1017,1,0
shrinking_b_decay_channels_2_r2,branch_count,constant_500,500.0,302,4434661,0.0636924,True,False,4472,2050,1,0
shrinking_b_decay_channels_2_r2,branch_count,constant_1000,1000.0,302,4434661,0.113915,True,False,164,4121,1,0
shrinking_b_decay_channels_2_r2,branch_count,cost_model,569.3850275231152,302,4434661,0.0680161,True,False,3877,2337,1,0
shrinking_b_decay_channels_4_r1,branch_count,wallclock_timing,,302,819554,0.0279509,True,False,3616,26,4,0
shrinking_b_decay_channels_4_r1,branch_count,constant_250,250.0,302,819554,0.0207328,True,False,1611,1031,1,0
shrinking_b_decay_channels_4_r1,branch_count,constant_500,500.0,302,819554,0.0294362,True,False,1,1809,1,0
shrinking_b_decay_channels_4_r1,branch_count,constant_1000,1000.0,302,819554,0.029474,True,False,1,1809,1,0
shrinking_b_decay_channels_4_r1,branch_count,cost_model,447.9038995693453,302,819554,0.0287351,True,False,1,1809,1,0
shrinking_b_decay_channels_4_r2,branch_count,wallclock_timing,,302,3278217,0.0611698,True,False,7156,124,4,0
shrinking_b_decay_channels_4_r2,branch_count,constant_250,250.0,302,3278217,0.0522042,True,False,5329,1020,1,0
shrinking_b_decay_channels_4_r2,branch_count,constant_500,500.0,302,3278217,0.0611668,True,False,3219,2052,1,0
shrinking_b_decay_channels_4_r2,branch_count,constant_1000,1000.0,302,3278217,0.107743,True,False,1,3605,1,0
shrinking_b_decay_channels_4_r2,branch_count,cost_model,481.13328192109236,302,3278217,0.0616513,True,False,3371,1977,1,0
shrinking_b_decay_channels_8_r1,branch_count,wallclock_timing,,302,359061,0.0213198,True,False,2340,52,4,0
shrinking_b_decay_channels_8_r1,branch_count,constant_250,250.0,302,359061,0.0156519,True,False,358,1033,1,0
shrinking_b_decay_channels_8_r1,branch_count,constant_500,500.0,302,359061,0.0198822,True,False,1,1198,1,0
shrinking_b_decay_channels_8_r1,branch_count,constant_1000,1000.0,302,359061,0.0202876,True,False,1,1198,1,0
shrinking_b_decay_channels_8_r1,branch_count,cost_model,360.6268828473997,302,359061,0.0212301,True,False,1,1198,1,0
shrinking_b_decay_channels_8_r2,branch_count,wallclock_timing,,302,1436245,0.0457896,True,False,4875,2,2,0
shrinking_b_decay_channels_8_r2,branch_count,constant_250,250.0,302,1436245,0.0477963,True,False,2839,1025,1,0
shrinking_b_decay_channels_8_r2,branch_count,constant_500,500.0,302,1436245,0.0730521,True,False,674,2060,1,0
shrinking_b_decay_channels_8_r2,branch_count,constant_1000,1000.0,302,1436245,0.0890152,True,False,1,2391,1,0
shrinking_b_decay_channels_8_r2,branch_count,cost_model,378.0581639295689,302,1436245,0.0542493,True,False,1725,1557,1,0
dense_support_q4_r05,dense_support,wallclock_timing,,302,27282031,0.1655588,True,False,774,828,3,0
dense_support_q4_r05,dense_support,constant_250,250.0,302,27282031,0.1478687,True,False,2636,729,1,0
dense_support_q4_r05,dense_support,constant_500,500.0,302,27282031,0.160532,True,False,1,872,1,0
dense_support_q4_r05,dense_support,constant_1000,1000.0,302,27282031,0.1653115,True,False,1,872,1,0
dense_support_q4_r05,dense_support,cost_model,733.4496986580547,302,27282031,0.1540067,True,False,1,872,1,0
dense_support_q4_r1,dense_support,wallclock_timing,,302,109128124,0.5198938,True,False,17116,1004,9,0
dense_support_q4_r1,dense_support,constant_250,250.0,302,109128124,0.5097996,True,False,25394,776,1,0
dense_support_q4_r1,dense_support,constant_500,500.0,302,109128124,0.5764356,True,False,5307,1457,1,0
dense_support_q4_r1,dense_support,constant_1000,1000.0,302,109128124,0.6563418,True,False,1,1743,1,0
dense_support_q4_r1,dense_support,cost_model,784.1508317724135,302,109128124,0.5637705,True,False,1,1743,1,0
dense_support_q6_r1,dense_support,wallclock_timing,,302,60230891,0.4359483,True,False,18657,585,7,0
dense_support_q6_r1,dense_support,constant_250,250.0,302,60230891,0.4950378,True,False,11793,773,1,0
dense_support_q6_r1,dense_support,constant_500,500.0,302,60230891,0.6050034,True,False,1,1295,1,0
dense_support_q6_r1,dense_support,constant_1000,1000.0,302,60230891,0.6187837,True,False,1,1295,1,0
dense_support_q6_r1,dense_support,cost_model,524.0311084918889,302,60230891,0.5010817,True,False,1,1295,1,0
dense_support_q8_r1,dense_support,wallclock_timing,,302,28645269,0.3588246,True,False,8890,511,5,0
dense_support_q8_r1,dense_support,constant_250,250.0,302,28645269,0.3999641,True,False,3021,733,1,0
dense_support_q8_r1,dense_support,constant_500,500.0,302,28645269,0.4284193,True,False,1,894,1,0
dense_support_q8_r1,dense_support,constant_1000,1000.0,302,28645269,0.5156396,True,False,1,894,1,0
dense_support_q8_r1,dense_support,cost_model,373.7486016086209,302,28645269,0.4261511,True,False,1,894,1,0
dense_support_q8_r2,dense_support,wallclock_timing,,302,114581078,1.1401835,True,False,31518,677,9,0
dense_support_q8_r2,dense_support,constant_250,250.0,302,114581078,1.2242244,True,False,26900,774,1,0
dense_support_q8_r2,dense_support,constant_500,500.0,302,114581078,1.5870881,True,False,6052,1465,1,0
dense_support_q8_r2,dense_support,constant_1000,1000.0,302,114581078,1.8509309,True,False,1,1786,1,0
dense_support_q8_r2,dense_support,cost_model,391.9064517682382,302,114581078,1.3894075,True,False,12534,1194,1,0
dense_support_q12_r2,dense_support,wallclock_timing,,302,51176333,1.0465906,True,False,40541,165,11,0
dense_support_q12_r2,dense_support,constant_250,250.0,302,51176333,1.4035997,True,False,9289,767,1,0
dense_support_q12_r2,dense_support,constant_500,500.0,302,51176333,1.8076383,True,False,1,1194,1,0
dense_support_q12_r2,dense_support,constant_1000,1000.0,302,51176333,1.6760208,True,False,1,1194,1,0
dense_support_q12_r2,dense_support,cost_model,246.80058779803193,302,51176333,1.1658972,True,False,9535,758,1,0
collision_o2_g0_n1000000_r05,collision,wallclock_timing,,302,26300816,0.1518116,True,False,10456,506,7,0
collision_o2_g0_n1000000_r05,collision,constant_250,250.0,302,26300816,0.1352562,True,False,2379,727,1,0
collision_o2_g0_n1000000_r05,collision,constant_500,500.0,302,26300816,0.1425108,True,False,1,856,1,0
collision_o2_g0_n1000000_r05,collision,constant_1000,1000.0,302,26300816,0.16864,True,False,1,856,1,0
collision_o2_g0_n1000000_r05,collision,cost_model,732.4199056555001,302,26300816,0.1959489,True,False,1,856,1,0
collision_o2_g0_n1000000_r1,collision,wallclock_timing,,302,105203267,0.6459315,True,False,15054,1047,9,0
collision_o2_g0_n1000000_r1,collision,constant_250,250.0,302,105203267,0.4919502,True,False,24333,777,1,0
collision_o2_g0_n1000000_r1,collision,constant_500,500.0,302,105203267,0.5319482,True,False,4781,1452,1,0
collision_o2_g0_n1000000_r1,collision,constant_1000,1000.0,302,105203267,0.6845701,True,False,1,1711,1,0
collision_o2_g0_n1000000_r1,collision,cost_model,782.4415315341369,302,105203267,0.5798614,True,False,1,1711,1,0
collision_o2_g1_n1000000_r05,collision,wallclock_timing,,302,76002738,0.4747963,True,False,4565,1165,5,0
collision_o2_g1_n1000000_r05,collision,constant_250,250.0,302,76002738,0.4647496,True,False,10246,957,1,0
collision_o2_g1_n1000000_r05,collision,constant_500,500.0,302,76002738,0.467193,True,False,1,1350,1,0
collision_o2_g1_n1000000_r05,collision,constant_1000,1000.0,302,76002738,0.4709986,True,False,1,1350,1,0
collision_o2_g1_n1000000_r05,collision,cost_model,1061.7164377819856,302,76002738,0.4823563,True,False,1,1350,1,0
collision_o2_g2_n1000000_r05,collision,wallclock_timing,,302,118139087,0.7506285,True,False,11294,1212,7,0
collision_o2_g2_n1000000_r05,collision,constant_250,250.0,302,118139087,0.821828,True,False,14515,1133,1,0
collision_o2_g2_n1000000_r05,collision,constant_500,500.0,302,118139087,0.7069478,True,False,1,1583,1,0
collision_o2_g2_n1000000_r05,collision,constant_1000,1000.0,302,118139087,0.7498666,True,False,1,1583,1,0
collision_o2_g2_n1000000_r05,collision,cost_model,1165.0584408123102,302,118139087,0.8495152,True,False,1,1583,1,0
dimerization_r05,dimerization,wallclock_timing,,303,7592205,0.2346649,True,False,8004,1221,7,0
dimerization_r05,dimerization,constant_250,250.0,303,7592205,0.2039234,True,False,15681,0,0,0
dimerization_r05,dimerization,constant_500,500.0,303,7592205,0.1701768,True,False,1,2385,1,0
dimerization_r05,dimerization,constant_1000,1000.0,303,7592205,0.1635994,True,False,1,2385,1,0
dimerization_r05,dimerization,cost_model,877.3585545919891,303,7592205,0.1553451,True,False,1,2385,1,0
dimerization_r1,dimerization,wallclock_timing,,303,30368820,0.398478,True,False,31069,57,10,0
dimerization_r1,dimerization,constant_250,250.0,303,30368820,0.3888861,True,False,31463,0,0,0
dimerization_r1,dimerization,constant_500,500.0,303,30368820,0.3352773,True,False,31463,0,0,0
dimerization_r1,dimerization,constant_1000,1000.0,303,30368820,0.6858368,True,False,1,4770,1,0
dimerization_r1,dimerization,cost_model,932.2035471203687,303,30368820,0.6541823,True,False,1,4770,1,0
lotka_volterra_r05,lotka_volterra,wallclock_timing,,303,678466,1.0446207,True,False,81371,1944,40,0
lotka_volterra_r05,lotka_volterra,constant_250,250.0,303,678466,1.0018554,True,False,86158,0,0,0
lotka_volterra_r05,lotka_volterra,constant_500,500.0,303,678466,0.832248,True,False,32555,21257,7,0
lotka_volterra_r05,lotka_volterra,constant_1000,1000.0,303,678466,0.8636229,True,False,1,33207,1,0
lotka_volterra_r05,lotka_volterra,cost_model,756.2219268427195,303,678466,0.88695,True,False,1,33207,1,0
lotka_volterra_r1,lotka_volterra,wallclock_timing,,303,2713864,2.1199341,True,False,168168,1596,58,0
lotka_volterra_r1,lotka_volterra,constant_250,250.0,303,2713864,2.0822887,True,False,172575,0,0,0
lotka_volterra_r1,lotka_volterra,constant_500,500.0,303,2713864,1.9725014,True,False,172575,0,0,0
lotka_volterra_r1,lotka_volterra,constant_1000,1000.0,303,2713864,2.7716634,True,False,65151,42488,7,0
lotka_volterra_r1,lotka_volterra,cost_model,802.4739755516567,303,2713864,2.0634507,True,False,136501,15871,7,0
shrinking_r05,shrinking,wallclock_timing,,303,362139,0.016486,True,False,2508,2,2,0
shrinking_r05,shrinking,constant_250,250.0,303,362139,0.0095795,True,False,348,1033,1,0
shrinking_r05,shrinking,constant_500,500.0,303,362139,0.008137,True,False,1,1211,1,0
shrinking_r05,shrinking,constant_1000,1000.0,303,362139,0.008102,True,False,1,1211,1,0
shrinking_r05,shrinking,cost_model,545.1177853622855,303,362139,0.0082015,True,False,1,1211,1,0
shrinking_r1,shrinking,wallclock_timing,,303,1448556,0.0304228,True,False,4907,2,2,0
shrinking_r1,shrinking,constant_250,250.0,303,1448556,0.0251307,True,False,2825,1026,1,0
shrinking_r1,shrinking,constant_500,500.0,303,1448556,0.0287225,True,False,696,2064,1,0
shrinking_r1,shrinking,constant_1000,1000.0,303,1448556,0.0316607,True,False,1,2393,1,0
shrinking_r1,shrinking,cost_model,579.6362044598512,303,1448556,0.0341054,True,False,15,2397,1,0
shrinking_r2,shrinking,wallclock_timing,,303,5794227,0.069772,True,False,9955,4,4,0
shrinking_r2,shrinking,constant_250,250.0,303,5794227,0.0654032,True,False,7811,1013,1,0
shrinking_r2,shrinking,constant_500,500.0,303,5794227,0.0725428,True,False,5690,2046,1,0
shrinking_r2,shrinking,constant_1000,1000.0,303,5794227,0.1228257,True,False,1401,4115,1,0
shrinking_r2,shrinking,cost_model,639.1055103573202,303,5794227,0.082442,True,False,4502,2622,1,0
shrinking_no_b_decay_r05,shrinking,wallclock_timing,,303,1313630,0.0170915,True,False,345,745,3,0
shrinking_no_b_decay_r05,shrinking,constant_250,250.0,303,1313630,0.0183827,True,False,884,609,1,0
shrinking_no_b_decay_r05,shrinking,constant_500,500.0,303,1313630,0.017774,True,False,1,842,1,0
shrinking_no_b_decay_r05,shrinking,constant_1000,1000.0,303,1313630,0.0162971,True,False,1,842,1,0
shrinking_no_b_decay_r05,shrinking,cost_model,620.040095011383,303,1313630,0.0161771,True,False,1,842,1,0
shrinking_no_b_decay_r1,shrinking,wallclock_timing,,303,5254522,0.0819103,True,False,10334,130,5,0
shrinking_no_b_decay_r1,shrinking,constant_250,250.0,303,5254522,0.0575053,True,False,5104,567,1,0
shrinking_no_b_decay_r1,shrinking,constant_500,500.0,303,5254522,0.0559479,True,False,1745,1211,1,0
shrinking_no_b_decay_r1,shrinking,constant_1000,1000.0,303,5254522,0.0638688,True,False,1,1678,1,0
shrinking_no_b_decay_r1,shrinking,cost_model,664.3160114316831,303,5254522,0.0523078,True,False,11,1676,1,0
shrinking_no_b_decay_r2,shrinking,wallclock_timing,,303,21018089,0.12668,True,False,14065,683,5,0
shrinking_no_b_decay_r2,shrinking,constant_250,250.0,303,21018089,0.1346672,True,False,15502,545,1,0
shrinking_no_b_decay_r2,shrinking,constant_500,500.0,303,21018089,0.1389998,True,False,10173,1129,1,0
shrinking_no_b_decay_r2,shrinking,constant_1000,1000.0,303,21018089,0.1692444,True,False,3500,2421,1,0
shrinking_no_b_decay_r2,shrinking,cost_model,741.7536545355321,303,21018089,0.1639413,True,False,6606,1736,1,0
shrinking_split_b_decay_r05,shrinking,wallclock_timing,,303,299138,0.0154717,True,False,2234,2,2,0
shrinking_split_b_decay_r05,shrinking,constant_250,250.0,303,299138,0.0090194,True,False,130,1036,1,0
shrinking_split_b_decay_r05,shrinking,constant_500,500.0,303,299138,0.0093751,True,False,1,1099,1,0
shrinking_split_b_decay_r05,shrinking,constant_1000,1000.0,303,299138,0.0083345,True,False,1,1099,1,0
shrinking_split_b_decay_r05,shrinking,cost_model,496.310046439432,303,299138,0.0084136,True,False,1,1099,1,0
shrinking_split_b_decay_r1,shrinking,wallclock_timing,,303,1196554,0.0330253,True,False,4413,2,2,0
shrinking_split_b_decay_r1,shrinking,constant_250,250.0,303,1196554,0.0280991,True,False,2374,1029,1,0
shrinking_split_b_decay_r1,shrinking,constant_500,500.0,303,1196554,0.0387641,True,False,248,2067,1,0
shrinking_split_b_decay_r1,shrinking,constant_1000,1000.0,303,1196554,0.0369442,True,False,1,2185,1,0
shrinking_split_b_decay_r1,shrinking,cost_model,524.6153875326295,303,1196554,0.0393762,True,False,33,2165,1,0
shrinking_split_b_decay_r2,shrinking,wallclock_timing,,303,4786217,0.072074,True,False,8996,4,4,0
shrinking_split_b_decay_r2,shrinking,constant_250,250.0,303,4786217,0.0661082,True,False,6914,1011,1,0
shrinking_split_b_decay_r2,shrinking,constant_500,500.0,303,4786217,0.0721214,True,False,4769,2047,1,0
shrinking_split_b_decay_r2,shrinking,constant_1000,1000.0,303,4786217,0.1442571,True,False,505,4122,1,0
shrinking_split_b_decay_r2,shrinking,cost_model,572.8273366107297,303,4786217,0.0874083,True,False,4149,2349,1,0
shrinking_b_decay_channels_1_r05,branch_count,wallclock_timing,,303,351289,0.0260785,True,False,2440,2,2,0
shrinking_b_decay_channels_1_r05,branch_count,constant_250,250.0,303,351289,0.0141439,True,False,302,1035,1,0
shrinking_b_decay_channels_1_r05,branch_count,constant_500,500.0,303,351289,0.0139475,True,False,1,1189,1,0
shrinking_b_decay_channels_1_r05,branch_count,constant_1000,1000.0,303,351289,0.0135554,True,False,1,1189,1,0
shrinking_b_decay_channels_1_r05,branch_count,cost_model,544.531232273166,303,351289,0.0134816,True,False,1,1189,1,0
shrinking_b_decay_channels_1_r1,branch_count,wallclock_timing,,303,1405158,0.0368815,True,False,1723,1532,5,0
shrinking_b_decay_channels_1_r1,branch_count,constant_250,250.0,303,1405158,0.0399082,True,False,2747,1028,1,0
shrinking_b_decay_channels_1_r1,branch_count,constant_500,500.0,303,1405158,0.0425611,True,False,618,2062,1,0
shrinking_b_decay_channels_1_r1,branch_count,constant_1000,1000.0,303,1405158,0.0404772,True,False,1,2365,1,0
shrinking_b_decay_channels_1_r1,branch_count,cost_model,578.673056335076,303,1405158,0.047162,True,False,1,2365,1,0
shrinking_b_decay_channels_1_r2,branch_count,wallclock_timing,,303,5620633,0.0843443,True,False,9735,4,4,0
shrinking_b_decay_channels_1_r2,branch_count,constant_250,250.0,303,5620633,0.0768901,True,False,7750,1012,1,0
shrinking_b_decay_channels_1_r2,branch_count,constant_500,500.0,303,5620633,0.0732046,True,False,5613,2051,1,0
shrinking_b_decay_channels_1_r2,branch_count,constant_1000,1000.0,303,5620633,0.1226865,True,False,1279,4118,1,0
shrinking_b_decay_channels_1_r2,branch_count,cost_model,637.3891639672992,303,5620633,0.089291,True,False,4433,2618,1,0
shrinking_b_decay_channels_2_r05,branch_count,wallclock_timing,,303,277166,0.0126387,True,False,1833,173,3,0
shrinking_b_decay_channels_2_r05,branch_count,constant_250,250.0,303,277166,0.0075588,True,False,39,1037,1,0
shrinking_b_decay_channels_2_r05,branch_count,constant_500,500.0,303,277166,0.010428,True,False,1,1055,1,0
shrinking_b_decay_channels_2_r05,branch_count,constant_1000,1000.0,303,277166,0.009178,True,False,1,1055,1,0
shrinking_b_decay_channels_2_r05,branch_count,cost_model,495.1028400505285,303,277166,0.0079019,True,False,1,1055,1,0
shrinking_b_decay_channels_2_r1,branch_count,wallclock_timing,,303,1108665,0.0321317,True,False,4297,2,2,0
shrinking_b_decay_channels_2_r1,branch_count,constant_250,250.0,303,1108665,0.024927,True,False,2166,1028,1,0
shrinking_b_decay_channels_2_r1,branch_count,constant_500,500.0,303,1108665,0.029557,True,False,74,2064,1,0
shrinking_b_decay_channels_2_r1,branch_count,constant_1000,1000.0,303,1108665,0.033361,True,False,1,2097,1,0
shrinking_b_decay_channels_2_r1,branch_count,cost_model,522.6631618755257,303,1108665,0.0321555,True,False,1,2097,1,0
shrinking_b_decay_channels_2_r2,branch_count,wallclock_timing,,303,4434661,0.0733323,True,False,8654,4,4,0
shrinking_b_decay_channels_2_r2,branch_count,constant_250,250.0,303,4434661,0.0748445,True,False,6533,1012,1,0
shrinking_b_decay_channels_2_r2,branch_count,constant_500,500.0,303,4434661,0.0825454,True,False,4394,2048,1,0
shrinking_b_decay_channels_2_r2,branch_count,constant_1000,1000.0,303,4434661,0.118897,True,False,157,4122,1,0
shrinking_b_decay_channels_2_r2,branch_count,cost_model,569.3850275231152,303,4434661,0.0740605,True,False,3801,2338,1,0
shrinking_b_decay_channels_4_r1,branch_count,wallclock_timing,,303,819554,0.0356393,True,False,1943,855,4,0
shrinking_b_decay_channels_4_r1,branch_count,constant_250,250.0,303,819554,0.0261873,True,False,1595,1034,1,0
shrinking_b_decay_channels_4_r1,branch_count,constant_500,500.0,303,819554,0.0302806,True,False,1,1807,1,0
shrinking_b_decay_channels_4_r1,branch_count,constant_1000,1000.0,303,819554,0.0285115,True,False,1,1807,1,0
shrinking_b_decay_channels_4_r1,branch_count,cost_model,447.9038995693453,303,819554,0.0296151,True,False,1,1807,1,0
shrinking_b_decay_channels_4_r2,branch_count,wallclock_timing,,303,3278217,0.0598929,True,False,7423,7,4,0
shrinking_b_decay_channels_4_r2,branch_count,constant_250,250.0,303,3278217,0.0575674,True,False,5327,1018,1,0
shrinking_b_decay_channels_4_r2,branch_count,constant_500,500.0,303,3278217,0.0698483,True,False,3210,2051,1,0
shrinking_b_decay_channels_4_r2,branch_count,constant_1000,1000.0,303,3278217,0.1119318,True,False,1,3606,1,0
shrinking_b_decay_channels_4_r2,branch_count,cost_model,481.13328192109236,303,3278217,0.0679618,True,False,3376,1972,1,0
shrinking_b_decay_channels_8_r1,branch_count,wallclock_timing,,303,359061,0.0169912,True,False,2433,2,2,0
shrinking_b_decay_channels_8_r1,branch_count,constant_250,250.0,303,359061,0.0173685,True,False,337,1035,1,0
shrinking_b_decay_channels_8_r1,branch_count,constant_500,500.0,303,359061,0.0189879,True,False,1,1200,1,0
shrinking_b_decay_channels_8_r1,branch_count,constant_1000,1000.0,303,359061,0.018845,True,False,1,1200,1,0
shrinking_b_decay_channels_8_r1,branch_count,cost_model,360.6268828473997,303,359061,0.0212386,True,False,1,1200,1,0
shrinking_b_decay_channels_8_r2,branch_count,wallclock_timing,,303,1436245,0.0503689,True,False,4915,2,2,0
shrinking_b_decay_channels_8_r2,branch_count,constant_250,250.0,303,1436245,0.0446011,True,False,2830,1028,1,0
shrinking_b_decay_channels_8_r2,branch_count,constant_500,500.0,303,1436245,0.0697831,True,False,697,2062,1,0
shrinking_b_decay_channels_8_r2,branch_count,constant_1000,1000.0,303,1436245,0.0786136,True,False,1,2390,1,0
shrinking_b_decay_channels_8_r2,branch_count,cost_model,378.0581639295689,303,1436245,0.0493952,True,False,1733,1562,1,0
dense_support_q4_r05,dense_support,wallclock_timing,,303,27282031,0.1462724,True,False,1390,794,3,0
dense_support_q4_r05,dense_support,constant_250,250.0,303,27282031,0.1333493,True,False,2648,730,1,0
dense_support_q4_r05,dense_support,constant_500,500.0,303,27282031,0.1815976,True,False,1,872,1,0
dense_support_q4_r05,dense_support,constant_1000,1000.0,303,27282031,0.1530022,True,False,1,872,1,0
dense_support_q4_r05,dense_support,cost_model,733.4496986580547,303,27282031,0.1526961,True,False,1,872,1,0
dense_support_q4_r1,dense_support,wallclock_timing,,303,109128124,0.5896392,True,False,11040,1214,5,0
dense_support_q4_r1,dense_support,constant_250,250.0,303,109128124,0.5858167,True,False,25543,776,1,0
dense_support_q4_r1,dense_support,constant_500,500.0,303,109128124,0.8498404,True,False,5353,1458,1,0
dense_support_q4_r1,dense_support,constant_1000,1000.0,303,109128124,0.9239054,True,False,1,1742,1,0
dense_support_q4_r1,dense_support,cost_model,784.1508317724135,303,109128124,0.8823161,True,False,1,1742,1,0
dense_support_q6_r1,dense_support,wallclock_timing,,303,60230891,0.8873773,True,False,7952,922,11,0
dense_support_q6_r1,dense_support,constant_250,250.0,303,60230891,0.6592561,True,False,11823,773,1,0
dense_support_q6_r1,dense_support,constant_500,500.0,303,60230891,0.8025927,True,False,1,1295,1,0
dense_support_q6_r1,dense_support,constant_1000,1000.0,303,60230891,1.0432175,True,False,1,1295,1,0
dense_support_q6_r1,dense_support,cost_model,524.0311084918889,303,60230891,1.2007174,True,False,1,1295,1,0
dense_support_q8_r1,dense_support,wallclock_timing,,303,28645269,0.9738974,True,False,27656,155,9,0
dense_support_q8_r1,dense_support,constant_250,250.0,303,28645269,0.8682229,True,False,3011,733,1,0
dense_support_q8_r1,dense_support,constant_500,500.0,303,28645269,1.1576447,True,False,1,893,1,0
dense_support_q8_r1,dense_support,constant_1000,1000.0,303,28645269,0.6828404,True,False,1,893,1,0
dense_support_q8_r1,dense_support,cost_model,373.7486016086209,303,28645269,0.7460942,True,False,1,893,1,0
dense_support_q8_r2,dense_support,wallclock_timing,,303,114581078,1.75324,True,False,57861,278,17,0
dense_support_q8_r2,dense_support,constant_250,250.0,303,114581078,3.7048816,True,False,27031,775,1,0
dense_support_q8_r2,dense_support,constant_500,500.0,303,114581078,2.842123,True,False,6093,1465,1,0
dense_support_q8_r2,dense_support,constant_1000,1000.0,303,114581078,2.807446,True,False,1,1785,1,0
dense_support_q8_r2,dense_support,cost_model,391.9064517682382,303,114581078,2.1704589,True,False,12534,1195,1,0
dense_support_q12_r2,dense_support,wallclock_timing,,303,51176333,1.4759981,True,False,41133,161,13,0
dense_support_q12_r2,dense_support,constant_250,250.0,303,51176333,2.0335705,True,False,9341,767,1,0
dense_support_q12_r2,dense_support,constant_500,500.0,303,51176333,2.601703,True,False,1,1194,1,0
dense_support_q12_r2,dense_support,constant_1000,1000.0,303,51176333,2.7044069,True,False,1,1194,1,0
dense_support_q12_r2,dense_support,cost_model,246.80058779803193,303,51176333,1.9211365,True,False,9599,758,1,0
collision_o2_g0_n1000000_r05,collision,wallclock_timing,,303,26300816,0.1991019,True,False,836,808,3,0
collision_o2_g0_n1000000_r05,collision,constant_250,250.0,303,26300816,0.2356883,True,False,2374,727,1,0
collision_o2_g0_n1000000_r05,collision,constant_500,500.0,303,26300816,0.2398369,True,False,1,856,1,0
collision_o2_g0_n1000000_r05,collision,constant_1000,1000.0,303,26300816,0.2481782,True,False,1,856,1,0
collision_o2_g0_n1000000_r05,collision,cost_model,732.4199056555001,303,26300816,0.2441966,True,False,1,856,1,0
collision_o2_g0_n1000000_r1,collision,wallclock_timing,,303,105203267,0.8805218,True,False,3166,1535,7,0
collision_o2_g0_n1000000_r1,collision,constant_250,250.0,303,105203267,0.7030605,True,False,24433,777,1,0
collision_o2_g0_n1000000_r1,collision,constant_500,500.0,303,105203267,0.8856776,True,False,4816,1452,1,0
collision_o2_g0_n1000000_r1,collision,constant_1000,1000.0,303,105203267,0.9618384,True,False,1,1711,1,0
collision_o2_g0_n1000000_r1,collision,cost_model,782.4415315341369,303,105203267,0.8573238,True,False,1,1711,1,0
collision_o2_g1_n1000000_r05,collision,wallclock_timing,,303,76002738,0.542815,True,False,1988,1257,3,0
collision_o2_g1_n1000000_r05,collision,constant_250,250.0,303,76002738,0.6276965,True,False,10302,957,1,0
collision_o2_g1_n1000000_r05,collision,constant_500,500.0,303,76002738,0.5654975,True,False,1,1350,1,0
collision_o2_g1_n1000000_r05,collision,constant_1000,1000.0,303,76002738,0.6588932,True,False,1,1350,1,0
collision_o2_g1_n1000000_r05,collision,cost_model,1061.7164377819856,303,76002738,0.689759,True,False,1,1350,1,0
collision_o2_g2_n1000000_r05,collision,wallclock_timing,,303,118139087,1.0368429,True,False,1842,1509,7,0
collision_o2_g2_n1000000_r05,collision,constant_250,250.0,303,118139087,1.1183801,True,False,14518,1133,1,0
collision_o2_g2_n1000000_r05,collision,constant_500,500.0,303,118139087,1.0811056,True,False,1,1583,1,0
collision_o2_g2_n1000000_r05,collision,constant_1000,1000.0,303,118139087,1.032535,True,False,1,1583,1,0
collision_o2_g2_n1000000_r05,collision,cost_model,1165.0584408123102,303,118139087,1.0426534,True,False,1,1583,1,0
dimerization_r05,dimerization,wallclock_timing,,304,7592205,0.3001929,True,False,10583,749,7,0
dimerization_r05,dimerization,constant_250,250.0,304,7592205,0.2551885,True,False,15581,0,0,0
dimerization_r05,dimerization,constant_500,500.0,304,7592205,0.2581739,True,False,1,2385,1,0
dimerization_r05,dimerization,constant_1000,1000.0,304,7592205,0.2525621,True,False,1,2385,1,0
dimerization_r05,dimerization,cost_model,877.3585545919891,304,7592205,0.2694508,True,False,1,2385,1,0
dimerization_r1,dimerization,wallclock_timing,,304,30368820,0.5388537,True,False,31090,24,16,0
dimerization_r1,dimerization,constant_250,250.0,304,30368820,0.6037473,True,False,31257,0,0,0
dimerization_r1,dimerization,constant_500,500.0,304,30368820,0.6274628,True,False,31257,0,0,0
dimerization_r1,dimerization,constant_1000,1000.0,304,30368820,1.0712982,True,False,1,4770,1,0
dimerization_r1,dimerization,cost_model,932.2035471203687,304,30368820,1.0408796,True,False,1,4770,1,0
lotka_volterra_r05,lotka_volterra,wallclock_timing,,304,678466,1.671574,True,False,75275,4078,44,0
lotka_volterra_r05,lotka_volterra,constant_250,250.0,304,678466,1.5575819,True,False,85874,0,0,0
lotka_volterra_r05,lotka_volterra,constant_500,500.0,304,678466,1.4044563,True,False,32402,21241,7,0
lotka_volterra_r05,lotka_volterra,constant_1000,1000.0,304,678466,1.3375974,True,False,1,33204,1,0
lotka_volterra_r05,lotka_volterra,cost_model,756.2219268427195,304,678466,1.4813905,True,False,1,33204,1,0
lotka_volterra_r1,lotka_volterra,wallclock_timing,,304,2713864,3.7776859,True,False,171078,425,82,0
lotka_volterra_r1,lotka_volterra,constant_250,250.0,304,2713864,3.7097379,True,False,172180,0,0,0
lotka_volterra_r1,lotka_volterra,constant_500,500.0,304,2713864,3.5789405,True,False,172180,0,0,0
lotka_volterra_r1,lotka_volterra,constant_1000,1000.0,304,2713864,4.5277865,True,False,64754,42469,7,0
lotka_volterra_r1,lotka_volterra,cost_model,802.4739755516567,304,2713864,3.4702082,True,False,136250,15634,7,0
shrinking_r05,shrinking,wallclock_timing,,304,362139,0.0229986,True,False,2437,2,2,0
shrinking_r05,shrinking,constant_250,250.0,304,362139,0.0196459,True,False,359,1035,1,0
shrinking_r05,shrinking,constant_500,500.0,304,362139,0.0198669,True,False,1,1204,1,0
shrinking_r05,shrinking,constant_1000,1000.0,304,362139,0.0187436,True,False,1,1204,1,0
shrinking_r05,shrinking,cost_model,545.1177853622855,304,362139,0.012481,True,False,1,1204,1,0
shrinking_r1,shrinking,wallclock_timing,,304,1448556,0.0663803,True,False,4454,234,4,0
shrinking_r1,shrinking,constant_250,250.0,304,1448556,0.055677,True,False,2828,1031,1,0
shrinking_r1,shrinking,constant_500,500.0,304,1448556,0.0491187,True,False,694,2063,1,0
shrinking_r1,shrinking,constant_1000,1000.0,304,1448556,0.0584674,True,False,1,2399,1,0
shrinking_r1,shrinking,cost_model,579.6362044598512,304,1448556,0.0479101,True,False,18,2392,1,0
shrinking_r2,shrinking,wallclock_timing,,304,5794227,0.1217035,True,False,9770,4,4,0
shrinking_r2,shrinking,constant_250,250.0,304,5794227,0.0985097,True,False,7743,1010,1,0
shrinking_r2,shrinking,constant_500,500.0,304,5794227,0.1197651,True,False,5623,2048,1,0
shrinking_r2,shrinking,constant_1000,1000.0,304,5794227,0.1678506,True,False,1400,4121,1,0
shrinking_r2,shrinking,cost_model,639.1055103573202,304,5794227,0.1294036,True,False,4453,2625,1,0
shrinking_no_b_decay_r05,shrinking,wallclock_timing,,304,1313630,0.0259899,True,False,722,643,3,0
shrinking_no_b_decay_r05,shrinking,constant_250,250.0,304,1313630,0.0318427,True,False,852,607,1,0
shrinking_no_b_decay_r05,shrinking,constant_500,500.0,304,1313630,0.0222833,True,False,1,843,1,0
shrinking_no_b_decay_r05,shrinking,constant_1000,1000.0,304,1313630,0.0219464,True,False,1,843,1,0
shrinking_no_b_decay_r05,shrinking,cost_model,620.040095011383,304,1313630,0.0253222,True,False,1,843,1,0
shrinking_no_b_decay_r1,shrinking,wallclock_timing,,304,5254522,0.1186821,True,False,7656,282,3,0
shrinking_no_b_decay_r1,shrinking,constant_250,250.0,304,5254522,0.1134674,True,False,5041,567,1,0
shrinking_no_b_decay_r1,shrinking,constant_500,500.0,304,5254522,0.0988277,True,False,1747,1212,1,0
shrinking_no_b_decay_r1,shrinking,constant_1000,1000.0,304,5254522,0.111563,True,False,1,1679,1,0
shrinking_no_b_decay_r1,shrinking,cost_model,664.3160114316831,304,5254522,0.1171768,True,False,12,1676,1,0
shrinking_no_b_decay_r2,shrinking,wallclock_timing,,304,21018089,0.2536701,True,False,17577,398,7,0
shrinking_no_b_decay_r2,shrinking,constant_250,250.0,304,21018089,0.252376,True,False,15474,545,1,0
shrinking_no_b_decay_r2,shrinking,constant_500,500.0,304,21018089,0.2093532,True,False,10110,1129,1,0
shrinking_no_b_decay_r2,shrinking,constant_1000,1000.0,304,21018089,0.3151032,True,False,3466,2422,1,0
shrinking_no_b_decay_r2,shrinking,cost_model,741.7536545355321,304,21018089,0.2463079,True,False,6581,1735,1,0
shrinking_split_b_decay_r05,shrinking,wallclock_timing,,304,299138,0.0188929,True,False,1677,255,4,0
shrinking_split_b_decay_r05,shrinking,constant_250,250.0,304,299138,0.012528,True,False,122,1038,1,0
shrinking_split_b_decay_r05,shrinking,constant_500,500.0,304,299138,0.0163947,True,False,1,1099,1,0
shrinking_split_b_decay_r05,shrinking,constant_1000,1000.0,304,299138,0.0129816,True,False,1,1099,1,0
shrinking_split_b_decay_r05,shrinking,cost_model,496.310046439432,304,299138,0.0131963,True,False,1,1099,1,0
shrinking_split_b_decay_r1,shrinking,wallclock_timing,,304,1196554,0.0441162,True,False,4464,2,2,0
shrinking_split_b_decay_r1,shrinking,constant_250,250.0,304,1196554,0.045652,True,False,2411,1029,1,0
shrinking_split_b_decay_r1,shrinking,constant_500,500.0,304,1196554,0.0490075,True,False,254,2062,1,0
shrinking_split_b_decay_r1,shrinking,constant_1000,1000.0,304,1196554,0.0425976,True,False,1,2183,1,0
shrinking_split_b_decay_r1,shrinking,cost_model,524.6153875326295,304,1196554,0.0539917,True,False,36,2168,1,0
shrinking_split_b_decay_r2,shrinking,wallclock_timing,,304,4786217,0.1215784,True,False,8918,4,4,0
shrinking_split_b_decay_r2,shrinking,constant_250,250.0,304,4786217,0.1197679,True,False,6927,1013,1,0
shrinking_split_b_decay_r2,shrinking,constant_500,500.0,304,4786217,0.1017152,True,False,4778,2051,1,0
shrinking_split_b_decay_r2,shrinking,constant_1000,1000.0,304,4786217,0.209288,True,False,491,4119,1,0
shrinking_split_b_decay_r2,shrinking,cost_model,572.8273366107297,304,4786217,0.1239274,True,False,4147,2348,1,0
shrinking_b_decay_channels_1_r05,branch_count,wallclock_timing,,304,351289,0.0183899,True,False,1782,325,3,0
shrinking_b_decay_channels_1_r05,branch_count,constant_250,250.0,304,351289,0.0147527,True,False,320,1036,1,0
shrinking_b_decay_channels_1_r05,branch_count,constant_500,500.0,304,351289,0.0118097,True,False,1,1188,1,0
shrinking_b_decay_channels_1_r05,branch_count,constant_1000,1000.0,304,351289,0.014126,True,False,1,1188,1,0
shrinking_b_decay_channels_1_r05,branch_count,cost_model,544.531232273166,304,351289,0.0105302,True,False,1,1188,1,0
shrinking_b_decay_channels_1_r1,branch_count,wallclock_timing,,304,1405158,0.0498782,True,False,4828,2,2,0
shrinking_b_decay_channels_1_r1,branch_count,constant_250,250.0,304,1405158,0.0357115,True,False,2742,1025,1,0
shrinking_b_decay_channels_1_r1,branch_count,constant_500,500.0,304,1405158,0.0392136,True,False,620,2064,1,0
shrinking_b_decay_channels_1_r1,branch_count,constant_1000,1000.0,304,1405158,0.045498,True,False,1,2363,1,0
shrinking_b_decay_channels_1_r1,branch_count,cost_model,578.673056335076,304,1405158,0.0486952,True,False,1,2363,1,0
shrinking_b_decay_channels_1_r2,branch_count,wallclock_timing,,304,5620633,0.1012267,True,False,9682,4,4,0
shrinking_b_decay_channels_1_r2,branch_count,constant_250,250.0,304,5620633,0.0936404,True,False,7640,1006,1,0
shrinking_b_decay_channels_1_r2,branch_count,constant_500,500.0,304,5620633,0.1155549,True,False,5513,2048,1,0
shrinking_b_decay_channels_1_r2,branch_count,constant_1000,1000.0,304,5620633,0.1647907,True,False,1245,4115,1,0
shrinking_b_decay_channels_1_r2,branch_count,cost_model,637.3891639672992,304,5620633,0.1264232,True,False,4341,2617,1,0
shrinking_b_decay_channels_2_r05,branch_count,wallclock_timing,,304,277166,0.0197768,True,False,2145,2,2,0
shrinking_b_decay_channels_2_r05,branch_count,constant_250,250.0,304,277166,0.0117608,True,False,43,1036,1,0
shrinking_b_decay_channels_2_r05,branch_count,constant_500,500.0,304,277166,0.0099103,True,False,1,1050,1,0
shrinking_b_decay_channels_2_r05,branch_count,constant_1000,1000.0,304,277166,0.0088645,True,False,1,1050,1,0
shrinking_b_decay_channels_2_r05,branch_count,cost_model,495.1028400505285,304,277166,0.009692,True,False,1,1050,1,0
shrinking_b_decay_channels_2_r1,branch_count,wallclock_timing,,304,1108665,0.0442846,True,False,4302,13,4,0
shrinking_b_decay_channels_2_r1,branch_count,constant_250,250.0,304,1108665,0.0346632,True,False,2209,1033,1,0
shrinking_b_decay_channels_2_r1,branch_count,constant_500,500.0,304,1108665,0.0423779,True,False,80,2064,1,0
shrinking_b_decay_channels_2_r1,branch_count,constant_1000,1000.0,304,1108665,0.0515673,True,False,1,2096,1,0
shrinking_b_decay_channels_2_r1,branch_count,cost_model,522.6631618755257,304,1108665,0.0447717,True,False,1,2096,1,0
shrinking_b_decay_channels_2_r2,branch_count,wallclock_timing,,304,4434661,0.0902718,True,False,8650,4,4,0
shrinking_b_decay_channels_2_r2,branch_count,constant_250,250.0,304,4434661,0.0786833,True,False,6484,1014,1,0
shrinking_b_decay_channels_2_r2,branch_count,constant_500,500.0,304,4434661,0.0938152,True,False,4370,2051,1,0
shrinking_b_decay_channels_2_r2,branch_count,constant_1000,1000.0,304,4434661,0.2533993,True,False,149,4117,1,0
shrinking_b_decay_channels_2_r2,branch_count,cost_model,569.3850275231152,304,4434661,0.1053739,True,False,3766,2341,1,0
shrinking_b_decay_channels_4_r1,branch_count,wallclock_timing,,304,819554,0.0511139,True,False,3768,2,2,0
shrinking_b_decay_channels_4_r1,branch_count,constant_250,250.0,304,819554,0.0316443,True,False,1601,1032,1,0
shrinking_b_decay_channels_4_r1,branch_count,constant_500,500.0,304,819554,0.0412326,True,False,1,1806,1,0
shrinking_b_decay_channels_4_r1,branch_count,constant_1000,1000.0,304,819554,0.0413902,True,False,1,1806,1,0
shrinking_b_decay_channels_4_r1,branch_count,cost_model,447.9038995693453,304,819554,0.0497183,True,False,1,1806,1,0
shrinking_b_decay_channels_4_r2,branch_count,wallclock_timing,,304,3278217,0.0879484,True,False,7459,2,2,0
shrinking_b_decay_channels_4_r2,branch_count,constant_250,250.0,304,3278217,0.0868314,True,False,5346,1019,1,0
shrinking_b_decay_channels_4_r2,branch_count,constant_500,500.0,304,3278217,0.1034823,True,False,3180,2053,1,0
shrinking_b_decay_channels_4_r2,branch_count,constant_1000,1000.0,304,3278217,0.1602995,True,False,1,3607,1,0
shrinking_b_decay_channels_4_r2,branch_count,cost_model,481.13328192109236,304,3278217,0.0750739,True,False,3349,1977,1,0
shrinking_b_decay_channels_8_r1,branch_count,wallclock_timing,,304,359061,0.022903,True,False,2426,2,2,0
shrinking_b_decay_channels_8_r1,branch_count,constant_250,250.0,304,359061,0.0229771,True,False,347,1034,1,0
shrinking_b_decay_channels_8_r1,branch_count,constant_500,500.0,304,359061,0.0271138,True,False,1,1198,1,0
shrinking_b_decay_channels_8_r1,branch_count,constant_1000,1000.0,304,359061,0.030418,True,False,1,1198,1,0
shrinking_b_decay_channels_8_r1,branch_count,cost_model,360.6268828473997,304,359061,0.0287719,True,False,1,1198,1,0
shrinking_b_decay_channels_8_r2,branch_count,wallclock_timing,,304,1436245,0.0652592,True,False,4959,2,2,0
shrinking_b_decay_channels_8_r2,branch_count,constant_250,250.0,304,1436245,0.064037,True,False,2820,1024,1,0
shrinking_b_decay_channels_8_r2,branch_count,constant_500,500.0,304,1436245,0.0801169,True,False,670,2063,1,0
shrinking_b_decay_channels_8_r2,branch_count,constant_1000,1000.0,304,1436245,0.0897676,True,False,1,2393,1,0
shrinking_b_decay_channels_8_r2,branch_count,cost_model,378.0581639295689,304,1436245,0.0663112,True,False,1714,1557,1,0
dense_support_q4_r05,dense_support,wallclock_timing,,304,27282031,0.1894784,True,False,578,837,3,0
dense_support_q4_r05,dense_support,constant_250,250.0,304,27282031,0.2320583,True,False,2591,729,1,0
dense_support_q4_r05,dense_support,constant_500,500.0,304,27282031,0.2248677,True,False,1,872,1,0
dense_support_q4_r05,dense_support,constant_1000,1000.0,304,27282031,0.2113513,True,False,1,872,1,0
dense_support_q4_r05,dense_support,cost_model,733.4496986580547,304,27282031,0.2319393,True,False,1,872,1,0
dense_support_q4_r1,dense_support,wallclock_timing,,304,109128124,0.7716072,True,False,26692,748,11,0
dense_support_q4_r1,dense_support,constant_250,250.0,304,109128124,0.8104243,True,False,25289,776,1,0
dense_support_q4_r1,dense_support,constant_500,500.0,304,109128124,0.8528394,True,False,5203,1458,1,0
dense_support_q4_r1,dense_support,constant_1000,1000.0,304,109128124,0.9980145,True,False,1,1742,1,0
dense_support_q4_r1,dense_support,cost_model,784.1508317724135,304,109128124,1.0242542,True,False,1,1742,1,0
dense_support_q6_r1,dense_support,wallclock_timing,,304,60230891,0.6638443,True,False,23464,476,7,0
dense_support_q6_r1,dense_support,constant_250,250.0,304,60230891,0.8040397,True,False,11740,773,1,0
dense_support_q6_r1,dense_support,constant_500,500.0,304,60230891,0.9248161,True,False,1,1295,1,0
dense_support_q6_r1,dense_support,constant_1000,1000.0,304,60230891,0.9009424,True,False,1,1295,1,0
dense_support_q6_r1,dense_support,cost_model,524.0311084918889,304,60230891,0.7783773,True,False,1,1295,1,0
dense_support_q8_r1,dense_support,wallclock_timing,,304,28645269,0.5314775,True,False,20511,263,9,0
dense_support_q8_r1,dense_support,constant_250,250.0,304,28645269,0.6174151,True,False,2961,733,1,0
dense_support_q8_r1,dense_support,constant_500,500.0,304,28645269,0.6884558,True,False,1,893,1,0
dense_support_q8_r1,dense_support,constant_1000,1000.0,304,28645269,0.7401303,True,False,1,893,1,0
dense_support_q8_r1,dense_support,cost_model,373.7486016086209,304,28645269,0.6191937,True,False,1,893,1,0
dense_support_q8_r2,dense_support,wallclock_timing,,304,114581078,1.5613993,True,False,52137,342,15,0
dense_support_q8_r2,dense_support,constant_250,250.0,304,114581078,1.9636437,True,False,26772,775,1,0
dense_support_q8_r2,dense_support,constant_500,500.0,304,114581078,2.4302657,True,False,5940,1465,1,0
dense_support_q8_r2,dense_support,constant_1000,1000.0,304,114581078,2.7629974,True,False,1,1785,1,0
dense_support_q8_r2,dense_support,cost_model,391.9064517682382,304,114581078,2.2212571,True,False,12443,1194,1,0
dense_support_q12_r2,dense_support,wallclock_timing,,304,51176333,1.4023211,True,False,35077,226,11,0
dense_support_q12_r2,dense_support,constant_250,250.0,304,51176333,1.9933573,True,False,9159,767,1,0
dense_support_q12_r2,dense_support,constant_500,500.0,304,51176333,2.4774276,True,False,1,1194,1,0
dense_support_q12_r2,dense_support,constant_1000,1000.0,304,51176333,2.6716963,True,False,1,1194,1,0
dense_support_q12_r2,dense_support,cost_model,246.80058779803193,304,51176333,1.8104019,True,False,9421,758,1,0
collision_o2_g0_n1000000_r05,collision,wallclock_timing,,304,26300816,0.2033106,True,False,8987,472,5,0
collision_o2_g0_n1000000_r05,collision,constant_250,250.0,304,26300816,0.2073993,True,False,2337,727,1,0
collision_o2_g0_n1000000_r05,collision,constant_500,500.0,304,26300816,0.2109377,True,False,1,856,1,0
collision_o2_g0_n1000000_r05,collision,constant_1000,1000.0,304,26300816,0.2208573,True,False,1,856,1,0
collision_o2_g0_n1000000_r05,collision,cost_model,732.4199056555001,304,26300816,0.2276163,True,False,1,856,1,0
collision_o2_g0_n1000000_r1,collision,wallclock_timing,,304,105203267,0.7724289,True,False,20455,876,7,0
collision_o2_g0_n1000000_r1,collision,constant_250,250.0,304,105203267,0.6462477,True,False,24228,777,1,0
collision_o2_g0_n1000000_r1,collision,constant_500,500.0,304,105203267,0.7618911,True,False,4684,1452,1,0
collision_o2_g0_n1000000_r1,collision,constant_1000,1000.0,304,105203267,0.8172348,True,False,1,1711,1,0
collision_o2_g0_n1000000_r1,collision,cost_model,782.4415315341369,304,105203267,0.7937033,True,False,1,1711,1,0
collision_o2_g1_n1000000_r05,collision,wallclock_timing,,304,76002738,0.6553532,True,False,5402,1130,7,0
collision_o2_g1_n1000000_r05,collision,constant_250,250.0,304,76002738,0.7143993,True,False,10141,957,1,0
collision_o2_g1_n1000000_r05,collision,constant_500,500.0,304,76002738,0.6420197,True,False,1,1350,1,0
collision_o2_g1_n1000000_r05,collision,constant_1000,1000.0,304,76002738,0.646362,True,False,1,1350,1,0
collision_o2_g1_n1000000_r05,collision,cost_model,1061.7164377819856,304,76002738,0.6191181,True,False,1,1350,1,0
collision_o2_g2_n1000000_r05,collision,wallclock_timing,,304,118139087,1.0310867,True,False,4465,1412,7,0
collision_o2_g2_n1000000_r05,collision,constant_250,250.0,304,118139087,1.156336,True,False,14389,1133,1,0
collision_o2_g2_n1000000_r05,collision,constant_500,500.0,304,118139087,1.0461632,True,False,1,1583,1,0
collision_o2_g2_n1000000_r05,collision,constant_1000,1000.0,304,118139087,1.124772,True,False,1,1583,1,0
collision_o2_g2_n1000000_r05,collision,cost_model,1165.0584408123102,304,118139087,1.1164639,True,False,1,1583,1,0
dimerization_r05,dimerization,wallclock_timing,,305,7592205,0.278351,True,False,4739,1710,3,0
dimerization_r05,dimerization,constant_250,250.0,305,7592205,0.3455858,True,False,15677,0,0,0
dimerization_r05,dimerization,constant_500,500.0,305,7592205,0.2622024,True,False,1,2385,1,0
dimerization_r05,dimerization,constant_1000,1000.0,305,7592205,0.3042517,True,False,1,2385,1,0
dimerization_r05,dimerization,cost_model,877.3585545919891,305,7592205,0.2849277,True,False,1,2385,1,0
dimerization_r1,dimerization,wallclock_timing,,305,30368820,0.659434,True,False,31266,8,8,0
dimerization_r1,dimerization,constant_250,250.0,305,30368820,0.6314784,True,False,31316,0,0,0
dimerization_r1,dimerization,constant_500,500.0,305,30368820,0.6692157,True,False,31316,0,0,0
dimerization_r1,dimerization,constant_1000,1000.0,305,30368820,1.0660476,True,False,1,4770,1,0
dimerization_r1,dimerization,cost_model,932.2035471203687,305,30368820,1.0620568,True,False,1,4770,1,0
lotka_volterra_r05,lotka_volterra,wallclock_timing,,305,678466,1.5927221,True,False,74289,4386,44,0
lotka_volterra_r05,lotka_volterra,constant_250,250.0,305,678466,1.6057103,True,False,86078,0,0,0
lotka_volterra_r05,lotka_volterra,constant_500,500.0,305,678466,1.359252,True,False,32413,21244,7,0
lotka_volterra_r05,lotka_volterra,constant_1000,1000.0,305,678466,1.44281,True,False,1,33222,1,0
lotka_volterra_r05,lotka_volterra,cost_model,756.2219268427195,305,678466,1.5966102,True,False,1,33222,1,0
lotka_volterra_r1,lotka_volterra,wallclock_timing,,305,2713864,4.4896746,True,False,109924,23949,66,0
lotka_volterra_r1,lotka_volterra,constant_250,250.0,305,2713864,3.2839613,True,False,172342,0,0,0
lotka_volterra_r1,lotka_volterra,constant_500,500.0,305,2713864,3.4386893,True,False,172342,0,0,0
lotka_volterra_r1,lotka_volterra,constant_1000,1000.0,305,2713864,4.4686759,True,False,64810,42492,7,0
lotka_volterra_r1,lotka_volterra,cost_model,802.4739755516567,305,2713864,3.5767469,True,False,136443,15762,7,0
shrinking_r05,shrinking,wallclock_timing,,305,362139,0.025819,True,False,1241,600,3,0
shrinking_r05,shrinking,constant_250,250.0,305,362139,0.0161407,True,False,341,1037,1,0
shrinking_r05,shrinking,constant_500,500.0,305,362139,0.0205685,True,False,1,1200,1,0
shrinking_r05,shrinking,constant_1000,1000.0,305,362139,0.0180417,True,False,1,1200,1,0
shrinking_r05,shrinking,cost_model,545.1177853622855,305,362139,0.0115436,True,False,1,1200,1,0
shrinking_r1,shrinking,wallclock_timing,,305,1448556,0.0577147,True,False,930,1952,3,0
shrinking_r1,shrinking,constant_250,250.0,305,1448556,0.0355165,True,False,2807,1024,1,0
shrinking_r1,shrinking,constant_500,500.0,305,1448556,0.054132,True,False,680,2064,1,0
shrinking_r1,shrinking,constant_1000,1000.0,305,1448556,0.0499365,True,False,1,2407,1,0
shrinking_r1,shrinking,cost_model,579.6362044598512,305,1448556,0.0510678,True,False,14,2388,1,0
shrinking_r2,shrinking,wallclock_timing,,305,5794227,0.0884668,True,False,9783,4,4,0
shrinking_r2,shrinking,constant_250,250.0,305,5794227,0.095067,True,False,7798,1009,1,0
shrinking_r2,shrinking,constant_500,500.0,305,5794227,0.0994146,True,False,5646,2048,1,0
shrinking_r2,shrinking,constant_1000,1000.0,305,5794227,0.1588216,True,False,1382,4117,1,0
shrinking_r2,shrinking,cost_model,639.1055103573202,305,5794227,0.1333187,True,False,4467,2623,1,0
shrinking_no_b_decay_r05,shrinking,wallclock_timing,,305,1313630,0.0291461,True,False,390,730,3,0
shrinking_no_b_decay_r05,shrinking,constant_250,250.0,305,1313630,0.0195746,True,False,875,609,1,0
shrinking_no_b_decay_r05,shrinking,constant_500,500.0,305,1313630,0.0196109,True,False,1,841,1,0
shrinking_no_b_decay_r05,shrinking,constant_1000,1000.0,305,1313630,0.0211092,True,False,1,841,1,0
shrinking_no_b_decay_r05,shrinking,cost_model,620.040095011383,305,1313630,0.02935,True,False,1,841,1,0
shrinking_no_b_decay_r1,shrinking,wallclock_timing,,305,5254522,0.1057121,True,False,9255,183,7,0
shrinking_no_b_decay_r1,shrinking,constant_250,250.0,305,5254522,0.080759,True,False,5079,568,1,0
shrinking_no_b_decay_r1,shrinking,constant_500,500.0,305,5254522,0.0748052,True,False,1778,1214,1,0
shrinking_no_b_decay_r1,shrinking,constant_1000,1000.0,305,5254522,0.0840352,True,False,1,1679,1,0
shrinking_no_b_decay_r1,shrinking,cost_model,664.3160114316831,305,5254522,0.0941472,True,False,9,1676,1,0
shrinking_no_b_decay_r2,shrinking,wallclock_timing,,305,21018089,0.2156375,True,False,14263,661,9,0
shrinking_no_b_decay_r2,shrinking,constant_250,250.0,305,21018089,0.3306192,True,False,15520,545,1,0
shrinking_no_b_decay_r2,shrinking,constant_500,500.0,305,21018089,0.250256,True,False,10211,1131,1,0
shrinking_no_b_decay_r2,shrinking,constant_1000,1000.0,305,21018089,0.3063677,True,False,3495,2423,1,0
shrinking_no_b_decay_r2,shrinking,cost_model,741.7536545355321,305,21018089,0.3069353,True,False,6624,1734,1,0
shrinking_split_b_decay_r05,shrinking,wallclock_timing,,305,299138,0.0319235,True,False,2176,38,4,0
shrinking_split_b_decay_r05,shrinking,constant_250,250.0,305,299138,0.0185313,True,False,115,1036,1,0
shrinking_split_b_decay_r05,shrinking,constant_500,500.0,305,299138,0.0167899,True,False,1,1094,1,0
shrinking_split_b_decay_r05,shrinking,constant_1000,1000.0,305,299138,0.0107325,True,False,1,1094,1,0
shrinking_split_b_decay_r05,shrinking,cost_model,496.310046439432,305,299138,0.0147672,True,False,1,1094,1,0
shrinking_split_b_decay_r1,shrinking,wallclock_timing,,305,1196554,0.047425,True,False,4496,2,2,0
shrinking_split_b_decay_r1,shrinking,constant_250,250.0,305,1196554,0.0490069,True,False,2393,1030,1,0
shrinking_split_b_decay_r1,shrinking,constant_500,500.0,305,1196554,0.0622097,True,False,239,2062,1,0
shrinking_split_b_decay_r1,shrinking,constant_1000,1000.0,305,1196554,0.0530523,True,False,1,2184,1,0
shrinking_split_b_decay_r1,shrinking,cost_model,524.6153875326295,305,1196554,0.062454,True,False,36,2165,1,0
shrinking_split_b_decay_r2,shrinking,wallclock_timing,,305,4786217,0.1457061,True,False,8984,4,4,0
shrinking_split_b_decay_r2,shrinking,constant_250,250.0,305,4786217,0.0972108,True,False,6872,1015,1,0
shrinking_split_b_decay_r2,shrinking,constant_500,500.0,305,4786217,0.0940927,True,False,4740,2045,1,0
shrinking_split_b_decay_r2,shrinking,constant_1000,1000.0,305,4786217,0.1944966,True,False,489,4115,1,0
shrinking_split_b_decay_r2,shrinking,cost_model,572.8273366107297,305,4786217,0.1372995,True,False,4120,2352,1,0
shrinking_b_decay_channels_1_r05,branch_count,wallclock_timing,,305,351289,0.012455,True,False,885,759,3,0
shrinking_b_decay_channels_1_r05,branch_count,constant_250,250.0,305,351289,0.012122,True,False,312,1033,1,0
shrinking_b_decay_channels_1_r05,branch_count,constant_500,500.0,305,351289,0.0117064,True,False,1,1180,1,0
shrinking_b_decay_channels_1_r05,branch_count,constant_1000,1000.0,305,351289,0.0091469,True,False,1,1180,1,0
shrinking_b_decay_channels_1_r05,branch_count,cost_model,544.531232273166,305,351289,0.0094533,True,False,1,1180,1,0
shrinking_b_decay_channels_1_r1,branch_count,wallclock_timing,,305,1405158,0.0520297,True,False,4675,84,4,0
shrinking_b_decay_channels_1_r1,branch_count,constant_250,250.0,305,1405158,0.049082,True,False,2733,1025,1,0
shrinking_b_decay_channels_1_r1,branch_count,constant_500,500.0,305,1405158,0.0388311,True,False,609,2058,1,0
shrinking_b_decay_channels_1_r1,branch_count,constant_1000,1000.0,305,1405158,0.0464334,True,False,1,2367,1,0
shrinking_b_decay_channels_1_r1,branch_count,cost_model,578.673056335076,305,1405158,0.0600861,True,False,1,2367,1,0
shrinking_b_decay_channels_1_r2,branch_count,wallclock_timing,,305,5620633,0.0921937,True,False,9640,4,4,0
shrinking_b_decay_channels_1_r2,branch_count,constant_250,250.0,305,5620633,0.0896289,True,False,7669,1008,1,0
shrinking_b_decay_channels_1_r2,branch_count,constant_500,500.0,305,5620633,0.1110842,True,False,5511,2043,1,0
shrinking_b_decay_channels_1_r2,branch_count,constant_1000,1000.0,305,5620633,0.1762994,True,False,1247,4119,1,0
shrinking_b_decay_channels_1_r2,branch_count,cost_model,637.3891639672992,305,5620633,0.1521196,True,False,4346,2617,1,0
shrinking_b_decay_channels_2_r05,branch_count,wallclock_timing,,305,277166,0.0338133,True,False,2170,2,2,0
shrinking_b_decay_channels_2_r05,branch_count,constant_250,250.0,305,277166,0.0158264,True,False,43,1033,1,0
shrinking_b_decay_channels_2_r05,branch_count,constant_500,500.0,305,277166,0.0124023,True,False,1,1053,1,0
shrinking_b_decay_channels_2_r05,branch_count,constant_1000,1000.0,305,277166,0.0123079,True,False,1,1053,1,0
shrinking_b_decay_channels_2_r05,branch_count,cost_model,495.1028400505285,305,277166,0.0150264,True,False,1,1053,1,0
shrinking_b_decay_channels_2_r1,branch_count,wallclock_timing,,305,1108665,0.040224,True,False,4296,2,2,0
shrinking_b_decay_channels_2_r1,branch_count,constant_250,250.0,305,1108665,0.0450386,True,False,2175,1032,1,0
shrinking_b_decay_channels_2_r1,branch_count,constant_500,500.0,305,1108665,0.0482432,True,False,69,2064,1,0
shrinking_b_decay_channels_2_r1,branch_count,constant_1000,1000.0,305,1108665,0.0575241,True,False,1,2100,1,0
shrinking_b_decay_channels_2_r1,branch_count,cost_model,522.6631618755257,305,1108665,0.0497197,True,False,1,2100,1,0
shrinking_b_decay_channels_2_r2,branch_count,wallclock_timing,,305,4434661,0.1125521,True,False,8620,4,4,0
shrinking_b_decay_channels_2_r2,branch_count,constant_250,250.0,305,4434661,0.0924478,True,False,6622,1016,1,0
shrinking_b_decay_channels_2_r2,branch_count,constant_500,500.0,305,4434661,0.1103281,True,False,4459,2049,1,0
shrinking_b_decay_channels_2_r2,branch_count,constant_1000,1000.0,305,4434661,0.1818831,True,False,156,4126,1,0
shrinking_b_decay_channels_2_r2,branch_count,cost_model,569.3850275231152,305,4434661,0.1026524,True,False,3862,2340,1,0
shrinking_b_decay_channels_4_r1,branch_count,wallclock_timing,,305,819554,0.0519124,True,False,3713,2,2,0
shrinking_b_decay_channels_4_r1,branch_count,constant_250,250.0,305,819554,0.035594,True,False,1570,1028,1,0
shrinking_b_decay_channels_4_r1,branch_count,constant_500,500.0,305,819554,0.0424396,True,False,1,1806,1,0
shrinking_b_decay_channels_4_r1,branch_count,constant_1000,1000.0,305,819554,0.0510632,True,False,1,1806,1,0
shrinking_b_decay_channels_4_r1,branch_count,cost_model,447.9038995693453,305,819554,0.0521011,True,False,1,1806,1,0
shrinking_b_decay_channels_4_r2,branch_count,wallclock_timing,,305,3278217,0.1160048,True,False,7439,2,2,0
shrinking_b_decay_channels_4_r2,branch_count,constant_250,250.0,305,3278217,0.0787553,True,False,5295,1019,1,0
shrinking_b_decay_channels_4_r2,branch_count,constant_500,500.0,305,3278217,0.1000673,True,False,3176,2058,1,0
shrinking_b_decay_channels_4_r2,branch_count,constant_1000,1000.0,305,3278217,0.1681006,True,False,1,3613,1,0
shrinking_b_decay_channels_4_r2,branch_count,cost_model,481.13328192109236,305,3278217,0.0731765,True,False,3333,1976,1,0
shrinking_b_decay_channels_8_r1,branch_count,wallclock_timing,,305,359061,0.0257199,True,False,2285,51,4,0
shrinking_b_decay_channels_8_r1,branch_count,constant_250,250.0,305,359061,0.0231737,True,False,351,1035,1,0
shrinking_b_decay_channels_8_r1,branch_count,constant_500,500.0,305,359061,0.0305812,True,False,1,1194,1,0
shrinking_b_decay_channels_8_r1,branch_count,constant_1000,1000.0,305,359061,0.0327859,True,False,1,1194,1,0
shrinking_b_decay_channels_8_r1,branch_count,cost_model,360.6268828473997,305,359061,0.0339716,True,False,1,1194,1,0
shrinking_b_decay_channels_8_r2,branch_count,wallclock_timing,,305,1436245,0.0939132,True,False,4916,2,2,0
shrinking_b_decay_channels_8_r2,branch_count,constant_250,250.0,305,1436245,0.0733777,True,False,2813,1024,1,0
shrinking_b_decay_channels_8_r2,branch_count,constant_500,500.0,305,1436245,0.0860069,True,False,668,2066,1,0
shrinking_b_decay_channels_8_r2,branch_count,constant_1000,1000.0,305,1436245,0.1101112,True,False,1,2387,1,0
shrinking_b_decay_channels_8_r2,branch_count,cost_model,378.0581639295689,305,1436245,0.055289,True,False,1697,1560,1,0
dense_support_q4_r05,dense_support,wallclock_timing,,305,27282031,0.251806,True,False,2544,736,3,0
dense_support_q4_r05,dense_support,constant_250,250.0,305,27282031,0.244599,True,False,2668,730,1,0
dense_support_q4_r05,dense_support,constant_500,500.0,305,27282031,0.2730218,True,False,1,872,1,0
dense_support_q4_r05,dense_support,constant_1000,1000.0,305,27282031,0.2504701,True,False,1,872,1,0
dense_support_q4_r05,dense_support,cost_model,733.4496986580547,305,27282031,0.2492444,True,False,1,872,1,0
dense_support_q4_r1,dense_support,wallclock_timing,,305,109128124,0.9478,True,False,11285,1203,5,0
dense_support_q4_r1,dense_support,constant_250,250.0,305,109128124,0.8778755,True,False,25357,776,1,0
dense_support_q4_r1,dense_support,constant_500,500.0,305,109128124,0.9019818,True,False,5310,1458,1,0
dense_support_q4_r1,dense_support,constant_1000,1000.0,305,109128124,0.918398,True,False,1,1743,1,0
dense_support_q4_r1,dense_support,cost_model,784.1508317724135,305,109128124,1.0088287,True,False,1,1743,1,0
dense_support_q6_r1,dense_support,wallclock_timing,,305,60230891,0.6627753,True,False,25691,436,11,0
dense_support_q6_r1,dense_support,constant_250,250.0,305,60230891,0.733893,True,False,11835,773,1,0
dense_support_q6_r1,dense_support,constant_500,500.0,305,60230891,0.9070427,True,False,1,1295,1,0
dense_support_q6_r1,dense_support,constant_1000,1000.0,305,60230891,0.8705909,True,False,1,1295,1,0
dense_support_q6_r1,dense_support,cost_model,524.0311084918889,305,60230891,0.8992433,True,False,1,1295,1,0
dense_support_q8_r1,dense_support,wallclock_timing,,305,28645269,0.6175241,True,False,13085,398,5,0
dense_support_q8_r1,dense_support,constant_250,250.0,305,28645269,0.7023637,True,False,3048,733,1,0
dense_support_q8_r1,dense_support,constant_500,500.0,305,28645269,0.7039112,True,False,1,894,1,0
dense_support_q8_r1,dense_support,constant_1000,1000.0,305,28645269,0.7502576,True,False,1,894,1,0
dense_support_q8_r1,dense_support,cost_model,373.7486016086209,305,28645269,0.7743382,True,False,1,894,1,0
dense_support_q8_r2,dense_support,wallclock_timing,,305,114581078,1.6871929,True,False,46740,416,13,0
dense_support_q8_r2,dense_support,constant_250,250.0,305,114581078,1.9452722,True,False,26830,775,1,0
dense_support_q8_r2,dense_support,constant_500,500.0,305,114581078,2.5410614,True,False,6040,1465,1,0
dense_support_q8_r2,dense_support,constant_1000,1000.0,305,114581078,3.1776672,True,False,1,1786,1,0
dense_support_q8_r2,dense_support,cost_model,391.9064517682382,305,114581078,2.1943787,True,False,12558,1195,1,0
dense_support_q12_r2,dense_support,wallclock_timing,,305,51176333,1.6529646,True,False,41470,155,13,0
dense_support_q12_r2,dense_support,constant_250,250.0,305,51176333,2.1495833,True,False,9272,767,1,0
dense_support_q12_r2,dense_support,constant_500,500.0,305,51176333,2.6826891,True,False,1,1194,1,0
dense_support_q12_r2,dense_support,constant_1000,1000.0,305,51176333,2.8887853,True,False,1,1194,1,0
dense_support_q12_r2,dense_support,cost_model,246.80058779803193,305,51176333,1.8726439,True,False,9528,758,1,0
collision_o2_g0_n1000000_r05,collision,wallclock_timing,,305,26300816,0.2179933,True,False,530,824,3,0
collision_o2_g0_n1000000_r05,collision,constant_250,250.0,305,26300816,0.2058911,True,False,2411,727,1,0
collision_o2_g0_n1000000_r05,collision,constant_500,500.0,305,26300816,0.2726133,True,False,1,856,1,0
collision_o2_g0_n1000000_r05,collision,constant_1000,1000.0,305,26300816,0.2544243,True,False,1,856,1,0
collision_o2_g0_n1000000_r05,collision,cost_model,732.4199056555001,305,26300816,0.2156409,True,False,1,856,1,0
collision_o2_g0_n1000000_r1,collision,wallclock_timing,,305,105203267,0.7250438,True,False,16141,1006,7,0
collision_o2_g0_n1000000_r1,collision,constant_250,250.0,305,105203267,0.7921468,True,False,24295,777,1,0
collision_o2_g0_n1000000_r1,collision,constant_500,500.0,305,105203267,0.9068921,True,False,4790,1453,1,0
collision_o2_g0_n1000000_r1,collision,constant_1000,1000.0,305,105203267,0.942947,True,False,1,1711,1,0
collision_o2_g0_n1000000_r1,collision,cost_model,782.4415315341369,305,105203267,0.9730428,True,False,1,1711,1,0
collision_o2_g1_n1000000_r05,collision,wallclock_timing,,305,76002738,0.6431812,True,False,690,1317,3,0
collision_o2_g1_n1000000_r05,collision,constant_250,250.0,305,76002738,0.691161,True,False,10240,957,1,0
collision_o2_g1_n1000000_r05,collision,constant_500,500.0,305,76002738,0.6242186,True,False,1,1351,1,0
collision_o2_g1_n1000000_r05,collision,constant_1000,1000.0,305,76002738,0.6194287,True,False,1,1351,1,0
collision_o2_g1_n1000000_r05,collision,cost_model,1061.7164377819856,305,76002738,0.649055,True,False,1,1351,1,0
collision_o2_g2_n1000000_r05,collision,wallclock_timing,,305,118139087,1.2240498,True,False,2144,1497,3,0
collision_o2_g2_n1000000_r05,collision,constant_250,250.0,305,118139087,1.1273592,True,False,14556,1133,1,0
collision_o2_g2_n1000000_r05,collision,constant_500,500.0,305,118139087,1.1678429,True,False,1,1583,1,0
collision_o2_g2_n1000000_r05,collision,constant_1000,1000.0,305,118139087,1.1035095,True,False,1,1583,1,0
collision_o2_g2_n1000000_r05,collision,cost_model,1165.0584408123102,305,118139087,1.068498,True,False,1,1583,1,0
dimerization_r05,dimerization,wallclock_timing,,306,7592205,0.3194092,True,False,2804,1994,3,0
dimerization_r05,dimerization,constant_250,250.0,306,7592205,0.3258429,True,False,15696,0,0,0
dimerization_r05,dimerization,constant_500,500.0,306,7592205,0.2562905,True,False,1,2386,1,0
dimerization_r05,dimerization,constant_1000,1000.0,306,7592205,0.2319962,True,False,1,2386,1,0
dimerization_r05,dimerization,cost_model,877.3585545919891,306,7592205,0.298705,True,False,1,2386,1,0
dimerization_r1,dimerization,wallclock_timing,,306,30368820,0.643942,True,False,31246,11,10,0
dimerization_r1,dimerization,constant_250,250.0,306,30368820,0.6718613,True,False,31308,0,0,0
dimerization_r1,dimerization,constant_500,500.0,306,30368820,0.6950172,True,False,31308,0,0,0
dimerization_r1,dimerization,constant_1000,1000.0,306,30368820,1.050711,True,False,1,4770,1,0
dimerization_r1,dimerization,cost_model,932.2035471203687,306,30368820,1.0687193,True,False,1,4770,1,0
lotka_volterra_r05,lotka_volterra,wallclock_timing,,306,678466,1.6337412,True,False,73639,4580,42,0
lotka_volterra_r05,lotka_volterra,constant_250,250.0,306,678466,1.8099906,True,False,86144,0,0,0
lotka_volterra_r05,lotka_volterra,constant_500,500.0,306,678466,1.6040696,True,False,32481,21249,7,0
lotka_volterra_r05,lotka_volterra,constant_1000,1000.0,306,678466,1.3771159,True,False,1,33211,1,0
lotka_volterra_r05,lotka_volterra,cost_model,756.2219268427195,306,678466,1.4766785,True,False,1,33211,1,0
lotka_volterra_r1,lotka_volterra,wallclock_timing,,306,2713864,3.5012968,True,False,171246,488,62,0
lotka_volterra_r1,lotka_volterra,constant_250,250.0,306,2713864,3.4267822,True,False,172509,0,0,0
lotka_volterra_r1,lotka_volterra,constant_500,500.0,306,2713864,3.4668907,True,False,172509,0,0,0
lotka_volterra_r1,lotka_volterra,constant_1000,1000.0,306,2713864,4.8865159,True,False,65009,42503,7,0
lotka_volterra_r1,lotka_volterra,cost_model,802.4739755516567,306,2713864,4.1477898,True,False,136308,15948,7,0
shrinking_r05,shrinking,wallclock_timing,,306,362139,0.0199441,True,False,2446,21,4,0
shrinking_r05,shrinking,constant_250,250.0,306,362139,0.0117265,True,False,357,1038,1,0
shrinking_r05,shrinking,constant_500,500.0,306,362139,0.0186795,True,False,1,1203,1,0
shrinking_r05,shrinking,constant_1000,1000.0,306,362139,0.0200746,True,False,1,1203,1,0
shrinking_r05,shrinking,cost_model,545.1177853622855,306,362139,0.020128,True,False,1,1203,1,0
shrinking_r1,shrinking,wallclock_timing,,306,1448556,0.0563348,True,False,4905,2,2,0
shrinking_r1,shrinking,constant_250,250.0,306,1448556,0.0532187,True,False,2802,1025,1,0
shrinking_r1,shrinking,constant_500,500.0,306,1448556,0.0491626,True,False,701,2061,1,0
shrinking_r1,shrinking,constant_1000,1000.0,306,1448556,0.066921,True,False,1,2401,1,0
shrinking_r1,shrinking,cost_model,579.6362044598512,306,1448556,0.0598862,True,False,17,2390,1,0
shrinking_r2,shrinking,wallclock_timing,,306,5794227,0.1569501,True,False,9886,4,4,0
shrinking_r2,shrinking,constant_250,250.0,306,5794227,0.1423286,True,False,7764,1009,1,0
shrinking_r2,shrinking,constant_500,500.0,306,5794227,0.140221,True,False,5626,2050,1,0
shrinking_r2,shrinking,constant_1000,1000.0,306,5794227,0.1992904,True,False,1357,4114,1,0
shrinking_r2,shrinking,cost_model,639.1055103573202,306,5794227,0.1213627,True,False,4433,2624,1,0
shrinking_no_b_decay_r05,shrinking,wallclock_timing,,306,1313630,0.0532279,True,False,5131,67,3,0
shrinking_no_b_decay_r05,shrinking,constant_250,250.0,306,1313630,0.0224813,True,False,866,610,1,0
shrinking_no_b_decay_r05,shrinking,constant_500,500.0,306,1313630,0.0384429,True,False,1,841,1,0
shrinking_no_b_decay_r05,shrinking,constant_1000,1000.0,306,1313630,0.0407183,True,False,1,841,1,0
shrinking_no_b_decay_r05,shrinking,cost_model,620.040095011383,306,1313630,0.0406555,True,False,1,841,1,0
shrinking_no_b_decay_r1,shrinking,wallclock_timing,,306,5254522,0.0750503,True,False,1015,1406,3,0
shrinking_no_b_decay_r1,shrinking,constant_250,250.0,306,5254522,0.0989251,True,False,5123,566,1,0
shrinking_no_b_decay_r1,shrinking,constant_500,500.0,306,5254522,0.1129617,True,False,1761,1213,1,0
shrinking_no_b_decay_r1,shrinking,constant_1000,1000.0,306,5254522,0.1245229,True,False,1,1678,1,0
shrinking_no_b_decay_r1,shrinking,cost_model,664.3160114316831,306,5254522,0.1037548,True,False,11,1675,1,0
shrinking_no_b_decay_r2,shrinking,wallclock_timing,,306,21018089,0.3255189,True,False,16720,458,7,0
shrinking_no_b_decay_r2,shrinking,constant_250,250.0,306,21018089,0.2713272,True,False,15429,544,1,0
shrinking_no_b_decay_r2,shrinking,constant_500,500.0,306,21018089,0.2944557,True,False,10059,1130,1,0
shrinking_no_b_decay_r2,shrinking,constant_1000,1000.0,306,21018089,0.3198993,True,False,3432,2422,1,0
shrinking_no_b_decay_r2,shrinking,cost_model,741.7536545355321,306,21018089,0.2773208,True,False,6504,1736,1,0
shrinking_split_b_decay_r05,shrinking,wallclock_timing,,306,299138,0.0248877,True,False,2179,60,6,0
shrinking_split_b_decay_r05,shrinking,constant_250,250.0,306,299138,0.0110714,True,False,137,1038,1,0
shrinking_split_b_decay_r05,shrinking,constant_500,500.0,306,299138,0.0112256,True,False,1,1089,1,0
shrinking_split_b_decay_r05,shrinking,constant_1000,1000.0,306,299138,0.0187722,True,False,1,1089,1,0
shrinking_split_b_decay_r05,shrinking,cost_model,496.310046439432,306,299138,0.016466,True,False,1,1089,1,0
shrinking_split_b_decay_r1,shrinking,wallclock_timing,,306,1196554,0.0390384,True,False,2690,869,5,0
shrinking_split_b_decay_r1,shrinking,constant_250,250.0,306,1196554,0.0376768,True,False,2400,1030,1,0
shrinking_split_b_decay_r1,shrinking,constant_500,500.0,306,1196554,0.0540073,True,False,252,2063,1,0
shrinking_split_b_decay_r1,shrinking,constant_1000,1000.0,306,1196554,0.0663247,True,False,1,2180,1,0
shrinking_split_b_decay_r1,shrinking,cost_model,524.6153875326295,306,1196554,0.0693937,True,False,36,2171,1,0
shrinking_split_b_decay_r2,shrinking,wallclock_timing,,306,4786217,0.1401845,True,False,8926,4,4,0
shrinking_split_b_decay_r2,shrinking,constant_250,250.0,306,4786217,0.1102487,True,False,6932,1012,1,0
shrinking_split_b_decay_r2,shrinking,constant_500,500.0,306,4786217,0.1051753,True,False,4749,2049,1,0
shrinking_split_b_decay_r2,shrinking,constant_1000,1000.0,306,4786217,0.1752834,True,False,481,4121,1,0
shrinking_split_b_decay_r2,shrinking,cost_model,572.8273366107297,306,4786217,0.1216378,True,False,4123,2345,1,0
shrinking_b_decay_channels_1_r05,branch_count,wallclock_timing,,306,351289,0.027752,True,False,1484,456,4,0
shrinking_b_decay_channels_1_r05,branch_count,constant_250,250.0,306,351289,0.0137282,True,False,298,1034,1,0
shrinking_b_decay_channels_1_r05,branch_count,constant_500,500.0,306,351289,0.0119068,True,False,1,1185,1,0
shrinking_b_decay_channels_1_r05,branch_count,constant_1000,1000.0,306,351289,0.0168546,True,False,1,1185,1,0
shrinking_b_decay_channels_1_r05,branch_count,cost_model,544.531232273166,306,351289,0.0178082,True,False,1,1185,1,0
shrinking_b_decay_channels_1_r1,branch_count,wallclock_timing,,306,1405158,0.0615171,True,False,1570,1604,3,0
shrinking_b_decay_channels_1_r1,branch_count,constant_250,250.0,306,1405158,0.0436828,True,False,2754,1026,1,0
shrinking_b_decay_channels_1_r1,branch_count,constant_500,500.0,306,1405158,0.0650771,True,False,611,2060,1,0
shrinking_b_decay_channels_1_r1,branch_count,constant_1000,1000.0,306,1405158,0.0693317,True,False,1,2363,1,0
shrinking_b_decay_channels_1_r1,branch_count,cost_model,578.673056335076,306,1405158,0.0706201,True,False,1,2363,1,0
shrinking_b_decay_channels_1_r2,branch_count,wallclock_timing,,306,5620633,0.1538406,True,False,9714,4,4,0
shrinking_b_decay_channels_1_r2,branch_count,constant_250,250.0,306,5620633,0.1318628,True,False,7681,1010,1,0
shrinking_b_decay_channels_1_r2,branch_count,constant_500,500.0,306,5620633,0.1356908,True,False,5566,2047,1,0
shrinking_b_decay_channels_1_r2,branch_count,constant_1000,1000.0,306,5620633,0.1882174,True,False,1280,4119,1,0
shrinking_b_decay_channels_1_r2,branch_count,cost_model,637.3891639672992,306,5620633,0.1388889,True,False,4395,2618,1,0
shrinking_b_decay_channels_2_r05,branch_count,wallclock_timing,,306,277166,0.0308626,True,False,2139,2,2,0
shrinking_b_decay_channels_2_r05,branch_count,constant_250,250.0,306,277166,0.0153719,True,False,40,1036,1,0
shrinking_b_decay_channels_2_r05,branch_count,constant_500,500.0,306,277166,0.0172025,True,False,1,1056,1,0
shrinking_b_decay_channels_2_r05,branch_count,constant_1000,1000.0,306,277166,0.0143476,True,False,1,1056,1,0
shrinking_b_decay_channels_2_r05,branch_count,cost_model,495.1028400505285,306,277166,0.0177142,True,False,1,1056,1,0
shrinking_b_decay_channels_2_r1,branch_count,wallclock_timing,,306,1108665,0.0654467,True,False,4291,2,2,0
shrinking_b_decay_channels_2_r1,branch_count,constant_250,250.0,306,1108665,0.0516235,True,False,2201,1028,1,0
shrinking_b_decay_channels_2_r1,branch_count,constant_500,500.0,306,1108665,0.0563164,True,False,73,2060,1,0
shrinking_b_decay_channels_2_r1,branch_count,constant_1000,1000.0,306,1108665,0.0424472,True,False,1,2103,1,0
shrinking_b_decay_channels_2_r1,branch_count,cost_model,522.6631618755257,306,1108665,0.0509326,True,False,1,2103,1,0
shrinking_b_decay_channels_2_r2,branch_count,wallclock_timing,,306,4434661,0.1310836,True,False,8635,4,4,0
shrinking_b_decay_channels_2_r2,branch_count,constant_250,250.0,306,4434661,0.1010614,True,False,6611,1014,1,0
shrinking_b_decay_channels_2_r2,branch_count,constant_500,500.0,306,4434661,0.0861217,True,False,4457,2055,1,0
shrinking_b_decay_channels_2_r2,branch_count,constant_1000,1000.0,306,4434661,0.1973508,True,False,159,4113,1,0
shrinking_b_decay_channels_2_r2,branch_count,cost_model,569.3850275231152,306,4434661,0.1461638,True,False,3853,2337,1,0
shrinking_b_decay_channels_4_r1,branch_count,wallclock_timing,,306,819554,0.0590877,True,False,3730,2,2,0
shrinking_b_decay_channels_4_r1,branch_count,constant_250,250.0,306,819554,0.0436907,True,False,1554,1031,1,0
shrinking_b_decay_channels_4_r1,branch_count,constant_500,500.0,306,819554,0.0516593,True,False,1,1808,1,0
shrinking_b_decay_channels_4_r1,branch_count,constant_1000,1000.0,306,819554,0.0412477,True,False,1,1808,1,0
shrinking_b_decay_channels_4_r1,branch_count,cost_model,447.9038995693453,306,819554,0.0462967,True,False,1,1808,1,0
shrinking_b_decay_channels_4_r2,branch_count,wallclock_timing,,306,3278217,0.1055506,True,False,7390,2,2,0
shrinking_b_decay_channels_4_r2,branch_count,constant_250,250.0,306,3278217,0.0955168,True,False,5412,1017,1,0
shrinking_b_decay_channels_4_r2,branch_count,constant_500,500.0,306,3278217,0.106258,True,False,3259,2052,1,0
shrinking_b_decay_channels_4_r2,branch_count,constant_1000,1000.0,306,3278217,0.189321,True,False,1,3607,1,0
shrinking_b_decay_channels_4_r2,branch_count,cost_model,481.13328192109236,306,3278217,0.1014124,True,False,3420,1977,1,0
shrinking_b_decay_channels_8_r1,branch_count,wallclock_timing,,306,359061,0.0240444,True,False,762,820,3,0
shrinking_b_decay_channels_8_r1,branch_count,constant_250,250.0,306,359061,0.024807,True,False,328,1030,1,0
shrinking_b_decay_channels_8_r1,branch_count,constant_500,500.0,306,359061,0.0306684,True,False,1,1195,1,0
shrinking_b_decay_channels_8_r1,branch_count,constant_1000,1000.0,306,359061,0.0308193,True,False,1,1195,1,0
shrinking_b_decay_channels_8_r1,branch_count,cost_model,360.6268828473997,306,359061,0.0374175,True,False,1,1195,1,0
shrinking_b_decay_channels_8_r2,branch_count,wallclock_timing,,306,1436245,0.0848908,True,False,4903,2,2,0
shrinking_b_decay_channels_8_r2,branch_count,constant_250,250.0,306,1436245,0.0802874,True,False,2789,1028,1,0
shrinking_b_decay_channels_8_r2,branch_count,constant_500,500.0,306,1436245,0.0875357,True,False,666,2065,1,0
shrinking_b_decay_channels_8_r2,branch_count,constant_1000,1000.0,306,1436245,0.1300311,True,False,1,2389,1,0
shrinking_b_decay_channels_8_r2,branch_count,cost_model,378.0581639295689,306,1436245,0.0756597,True,False,1712,1558,1,0
dense_support_q4_r05,dense_support,wallclock_timing,,306,27282031,0.2565662,True,False,6736,562,3,0
dense_support_q4_r05,dense_support,constant_250,250.0,306,27282031,0.2416926,True,False,2661,730,1,0
dense_support_q4_r05,dense_support,constant_500,500.0,306,27282031,0.281069,True,False,1,872,1,0
dense_support_q4_r05,dense_support,constant_1000,1000.0,306,27282031,0.2298748,True,False,1,872,1,0
dense_support_q4_r05,dense_support,cost_model,733.4496986580547,306,27282031,0.260695,True,False,1,872,1,0
dense_support_q4_r1,dense_support,wallclock_timing,,306,109128124,0.8670756,True,False,23999,811,7,0
dense_support_q4_r1,dense_support,constant_250,250.0,306,109128124,0.714165,True,False,25332,776,1,0
dense_support_q4_r1,dense_support,constant_500,500.0,306,109128124,0.8106171,True,False,5315,1458,1,0
dense_support_q4_r1,dense_support,constant_1000,1000.0,306,109128124,1.0608615,True,False,1,1743,1,0
dense_support_q4_r1,dense_support,cost_model,784.1508317724135,306,109128124,1.0337014,True,False,1,1743,1,0
dense_support_q6_r1,dense_support,wallclock_timing,,306,60230891,0.8047051,True,False,12748,744,5,0
dense_support_q6_r1,dense_support,constant_250,250.0,306,60230891,0.7316319,True,False,11807,773,1,0
dense_support_q6_r1,dense_support,constant_500,500.0,306,60230891,1.0706959,True,False,1,1295,1,0
dense_support_q6_r1,dense_support,constant_1000,1000.0,306,60230891,0.9951696,True,False,1,1295,1,0
dense_support_q6_r1,dense_support,cost_model,524.0311084918889,306,60230891,0.9721765,True,False,1,1295,1,0
dense_support_q8_r1,dense_support,wallclock_timing,,306,28645269,0.6467163,True,False,5359,634,3,0
dense_support_q8_r1,dense_support,constant_250,250.0,306,28645269,0.7236742,True,False,3043,733,1,0
dense_support_q8_r1,dense_support,constant_500,500.0,306,28645269,0.7569498,True,False,1,894,1,0
dense_support_q8_r1,dense_support,constant_1000,1000.0,306,28645269,0.7686753,True,False,1,894,1,0
dense_support_q8_r1,dense_support,cost_model,373.7486016086209,306,28645269,0.7395607,True,False,1,894,1,0
dense_support_q8_r2,dense_support,wallclock_timing,,306,114581078,1.4211436,True,False,43449,465,13,0
dense_support_q8_r2,dense_support,constant_250,250.0,306,114581078,1.7647654,True,False,26832,774,1,0
dense_support_q8_r2,dense_support,constant_500,500.0,306,114581078,2.3984569,True,False,6039,1465,1,0
dense_support_q8_r2,dense_support,constant_1000,1000.0,306,114581078,2.8934943,True,False,1,1786,1,0
dense_support_q8_r2,dense_support,cost_model,391.9064517682382,306,114581078,2.2755259,True,False,12517,1195,1,0
dense_support_q12_r2,dense_support,wallclock_timing,,306,51176333,1.690957,True,False,42957,140,13,0
dense_support_q12_r2,dense_support,constant_250,250.0,306,51176333,1.8792376,True,False,9258,767,1,0
dense_support_q12_r2,dense_support,constant_500,500.0,306,51176333,2.6497736,True,False,1,1194,1,0
dense_support_q12_r2,dense_support,constant_1000,1000.0,306,51176333,2.7733892,True,False,1,1194,1,0
dense_support_q12_r2,dense_support,cost_model,246.80058779803193,306,51176333,2.2377063,True,False,9505,758,1,0
collision_o2_g0_n1000000_r05,collision,wallclock_timing,,306,26300816,0.2249229,True,False,8735,483,5,0
collision_o2_g0_n1000000_r05,collision,constant_250,250.0,306,26300816,0.22499,True,False,2390,726,1,0
collision_o2_g0_n1000000_r05,collision,constant_500,500.0,306,26300816,0.2411601,True,False,1,856,1,0
collision_o2_g0_n1000000_r05,collision,constant_1000,1000.0,306,26300816,0.228735,True,False,1,856,1,0
collision_o2_g0_n1000000_r05,collision,cost_model,732.4199056555001,306,26300816,0.2000629,True,False,1,856,1,0
collision_o2_g0_n1000000_r1,collision,wallclock_timing,,306,105203267,0.6933143,True,False,12344,1133,5,0
collision_o2_g0_n1000000_r1,collision,constant_250,250.0,306,105203267,0.9733487,True,False,24269,777,1,0
collision_o2_g0_n1000000_r1,collision,constant_500,500.0,306,105203267,1.189909,True,False,4791,1452,1,0
collision_o2_g0_n1000000_r1,collision,constant_1000,1000.0,306,105203267,1.1872204,True,False,1,1711,1,0
collision_o2_g0_n1000000_r1,collision,cost_model,782.4415315341369,306,105203267,1.1033854,True,False,1,1711,1,0
collision_o2_g1_n1000000_r05,collision,wallclock_timing,,306,76002738,0.7753042,True,False,3170,1212,5,0
collision_o2_g1_n1000000_r05,collision,constant_250,250.0,306,76002738,0.6521747,True,False,10238,957,1,0
collision_o2_g1_n1000000_r05,collision,constant_500,500.0,306,76002738,0.8392404,True,False,1,1350,1,0
collision_o2_g1_n1000000_r05,collision,constant_1000,1000.0,306,76002738,1.601889,True,False,1,1350,1,0
collision_o2_g1_n1000000_r05,collision,cost_model,1061.7164377819856,306,76002738,1.5692927,True,False,1,1350,1,0
collision_o2_g2_n1000000_r05,collision,wallclock_timing,,306,118139087,1.6687314,True,False,11796,1201,7,0
collision_o2_g2_n1000000_r05,collision,constant_250,250.0,306,118139087,1.2084544,True,False,14510,1133,1,0
collision_o2_g2_n1000000_r05,collision,constant_500,500.0,306,118139087,1.0811987,True,False,1,1583,1,0
collision_o2_g2_n1000000_r05,collision,constant_1000,1000.0,306,118139087,1.1404088,True,False,1,1583,1,0
collision_o2_g2_n1000000_r05,collision,cost_model,1165.0584408123102,306,118139087,1.1785198,True,False,1,1583,1,0
dimerization_r05,dimerization,wallclock_timing,,301,7592205,0.2683417,True,False,13744,295,11,1
dimerization_r05,dimerization,constant_250,250.0,301,7592205,0.2546811,True,False,15658,0,0,1
dimerization_r05,dimerization,constant_500,500.0,301,7592205,0.2542342,True,False,1,2385,1,1
dimerization_r05,dimerization,constant_1000,1000.0,301,7592205,0.2928626,True,False,1,2385,1,1
dimerization_r05,dimerization,cost_model,877.3585545919891,301,7592205,0.3344142,True,False,1,2385,1,1
dimerization_r1,dimerization,wallclock_timing,,301,30368820,0.6357484,True,False,30763,104,12,1
dimerization_r1,dimerization,constant_250,250.0,301,30368820,0.7553866,True,False,31408,0,0,1
dimerization_r1,dimerization,constant_500,500.0,301,30368820,1.2051978,True,False,31408,0,0,1
dimerization_r1,dimerization,constant_1000,1000.0,301,30368820,1.4690195,True,False,1,4770,1,1
dimerization_r1,dimerization,cost_model,932.2035471203687,301,30368820,1.4166257,True,False,1,4770,1,1
lotka_volterra_r05,lotka_volterra,wallclock_timing,,301,678466,4.0553485,True,False,85324,433,42,1
lotka_volterra_r05,lotka_volterra,constant_250,250.0,301,678466,3.3156446,True,False,86245,0,0,1
lotka_volterra_r05,lotka_volterra,constant_500,500.0,301,678466,2.9585257,True,False,32504,21256,7,1
lotka_volterra_r05,lotka_volterra,constant_1000,1000.0,301,678466,3.1964243,True,False,1,33214,1,1
lotka_volterra_r05,lotka_volterra,cost_model,756.2219268427195,301,678466,3.4268908,True,False,1,33214,1,1
lotka_volterra_r1,lotka_volterra,wallclock_timing,,301,2713864,7.9396099,True,False,160295,4683,56,1
lotka_volterra_r1,lotka_volterra,constant_250,250.0,301,2713864,5.5457214,True,False,172705,0,0,1
lotka_volterra_r1,lotka_volterra,constant_500,500.0,301,2713864,4.4663086,True,False,172705,0,0,1
lotka_volterra_r1,lotka_volterra,constant_1000,1000.0,301,2713864,6.904176,True,False,65176,42461,7,1
lotka_volterra_r1,lotka_volterra,cost_model,802.4739755516567,301,2713864,2.4253019,True,False,136870,15751,7,1
shrinking_r05,shrinking,wallclock_timing,,301,362139,0.0212458,True,False,2459,2,2,1
shrinking_r05,shrinking,constant_250,250.0,301,362139,0.0176648,True,False,346,1035,1,1
shrinking_r05,shrinking,constant_500,500.0,301,362139,0.011687,True,False,1,1205,1,1
shrinking_r05,shrinking,constant_1000,1000.0,301,362139,0.0147251,True,False,1,1205,1,1
shrinking_r05,shrinking,cost_model,545.1177853622855,301,362139,0.0130118,True,False,1,1205,1,1
shrinking_r1,shrinking,wallclock_timing,,301,1448556,0.0434823,True,False,4920,2,2,1
shrinking_r1,shrinking,constant_250,250.0,301,1448556,0.0382988,True,False,2822,1027,1,1
shrinking_r1,shrinking,constant_500,500.0,301,1448556,0.0434825,True,False,697,2064,1,1
shrinking_r1,shrinking,constant_1000,1000.0,301,1448556,0.0570956,True,False,1,2401,1,1
shrinking_r1,shrinking,cost_model,579.6362044598512,301,1448556,0.0551152,True,False,13,2388,1,1
shrinking_r2,shrinking,wallclock_timing,,301,5794227,0.1064199,True,False,9913,4,4,1
shrinking_r2,shrinking,constant_250,250.0,301,5794227,0.0832761,True,False,7784,1011,1,1
shrinking_r2,shrinking,constant_500,500.0,301,5794227,0.0728724,True,False,5673,2047,1,1
shrinking_r2,shrinking,constant_1000,1000.0,301,5794227,0.124565,True,False,1422,4115,1,1
shrinking_r2,shrinking,cost_model,639.1055103573202,301,5794227,0.0753798,True,False,4480,2622,1,1
shrinking_no_b_decay_r05,shrinking,wallclock_timing,,301,1313630,0.041887,True,False,6199,37,3,1
shrinking_no_b_decay_r05,shrinking,constant_250,250.0,301,1313630,0.0150381,True,False,880,607,1,1
shrinking_no_b_decay_r05,shrinking,constant_500,500.0,301,1313630,0.0125175,True,False,1,841,1,1
shrinking_no_b_decay_r05,shrinking,constant_1000,1000.0,301,1313630,0.0135642,True,False,1,841,1,1
shrinking_no_b_decay_r05,shrinking,cost_model,620.040095011383,301,1313630,0.0151126,True,False,1,841,1,1
shrinking_no_b_decay_r1,shrinking,wallclock_timing,,301,5254522,0.0605084,True,False,1989,1159,3,1
shrinking_no_b_decay_r1,shrinking,constant_250,250.0,301,5254522,0.0614658,True,False,5103,567,1,1
shrinking_no_b_decay_r1,shrinking,constant_500,500.0,301,5254522,0.0600914,True,False,1768,1214,1,1
shrinking_no_b_decay_r1,shrinking,constant_1000,1000.0,301,5254522,0.0991047,True,False,1,1680,1,1
shrinking_no_b_decay_r1,shrinking,cost_model,664.3160114316831,301,5254522,0.0677899,True,False,9,1676,1,1
shrinking_no_b_decay_r2,shrinking,wallclock_timing,,301,21018089,0.1600157,True,False,16673,467,7,1
shrinking_no_b_decay_r2,shrinking,constant_250,250.0,301,21018089,0.2009349,True,False,15555,544,1,1
shrinking_no_b_decay_r2,shrinking,constant_500,500.0,301,21018089,0.14708,True,False,10209,1130,1,1
shrinking_no_b_decay_r2,shrinking,constant_1000,1000.0,301,21018089,0.1952432,True,False,3487,2424,1,1
shrinking_no_b_decay_r2,shrinking,cost_model,741.7536545355321,301,21018089,0.1668255,True,False,6613,1735,1,1
shrinking_split_b_decay_r05,shrinking,wallclock_timing,,301,299138,0.0155504,True,False,2209,2,2,1
shrinking_split_b_decay_r05,shrinking,constant_250,250.0,301,299138,0.0093022,True,False,117,1035,1,1
shrinking_split_b_decay_r05,shrinking,constant_500,500.0,301,299138,0.00859,True,False,1,1093,1,1
shrinking_split_b_decay_r05,shrinking,constant_1000,1000.0,301,299138,0.0086234,True,False,1,1093,1,1
shrinking_split_b_decay_r05,shrinking,cost_model,496.310046439432,301,299138,0.01053,True,False,1,1093,1,1
shrinking_split_b_decay_r1,shrinking,wallclock_timing,,301,1196554,0.0504394,True,False,4517,2,2,1
shrinking_split_b_decay_r1,shrinking,constant_250,250.0,301,1196554,0.0277779,True,False,2384,1028,1,1
shrinking_split_b_decay_r1,shrinking,constant_500,500.0,301,1196554,0.039448,True,False,246,2064,1,1
shrinking_split_b_decay_r1,shrinking,constant_1000,1000.0,301,1196554,0.0340508,True,False,1,2183,1,1
shrinking_split_b_decay_r1,shrinking,cost_model,524.6153875326295,301,1196554,0.0435053,True,False,31,2161,1,1
shrinking_split_b_decay_r2,shrinking,wallclock_timing,,301,4786217,0.0683537,True,False,9068,4,4,1
shrinking_split_b_decay_r2,shrinking,constant_250,250.0,301,4786217,0.0597009,True,False,6865,1013,1,1
shrinking_split_b_decay_r2,shrinking,constant_500,500.0,301,4786217,0.0705769,True,False,4723,2048,1,1
shrinking_split_b_decay_r2,shrinking,constant_1000,1000.0,301,4786217,0.1182636,True,False,469,4115,1,1
shrinking_split_b_decay_r2,shrinking,cost_model,572.8273366107297,301,4786217,0.0680163,True,False,4112,2350,1,1
shrinking_b_decay_channels_1_r05,branch_count,wallclock_timing,,301,351289,0.009567,True,False,339,1023,7,1
shrinking_b_decay_channels_1_r05,branch_count,constant_250,250.0,301,351289,0.0087835,True,False,304,1034,1,1
shrinking_b_decay_channels_1_r05,branch_count,constant_500,500.0,301,351289,0.0090908,True,False,1,1187,1,1
shrinking_b_decay_channels_1_r05,branch_count,constant_1000,1000.0,301,351289,0.0090962,True,False,1,1187,1,1
shrinking_b_decay_channels_1_r05,branch_count,cost_model,544.531232273166,301,351289,0.0085855,True,False,1,1187,1,1
shrinking_b_decay_channels_1_r1,branch_count,wallclock_timing,,301,1405158,0.0359875,True,False,4854,2,2,1
shrinking_b_decay_channels_1_r1,branch_count,constant_250,250.0,301,1405158,0.0260979,True,False,2753,1030,1,1
shrinking_b_decay_channels_1_r1,branch_count,constant_500,500.0,301,1405158,0.0308081,True,False,621,2061,1,1
shrinking_b_decay_channels_1_r1,branch_count,constant_1000,1000.0,301,1405158,0.0333281,True,False,1,2362,1,1
shrinking_b_decay_channels_1_r1,branch_count,cost_model,578.673056335076,301,1405158,0.0330317,True,False,1,2362,1,1
shrinking_b_decay_channels_1_r2,branch_count,wallclock_timing,,301,5620633,0.0669921,True,False,9709,4,4,1
shrinking_b_decay_channels_1_r2,branch_count,constant_250,250.0,301,5620633,0.0655147,True,False,7669,1011,1,1
shrinking_b_decay_channels_1_r2,branch_count,constant_500,500.0,301,5620633,0.0708223,True,False,5514,2048,1,1
shrinking_b_decay_channels_1_r2,branch_count,constant_1000,1000.0,301,5620633,0.11927,True,False,1237,4115,1,1
shrinking_b_decay_channels_1_r2,branch_count,cost_model,637.3891639672992,301,5620633,0.0718832,True,False,4358,2620,1,1
shrinking_b_decay_channels_2_r05,branch_count,wallclock_timing,,301,277166,0.0144262,True,False,2115,21,4,1
shrinking_b_decay_channels_2_r05,branch_count,constant_250,250.0,301,277166,0.0088236,True,False,37,1035,1,1
shrinking_b_decay_channels_2_r05,branch_count,constant_500,500.0,301,277166,0.0078155,True,False,1,1055,1,1
shrinking_b_decay_channels_2_r05,branch_count,constant_1000,1000.0,301,277166,0.0081808,True,False,1,1055,1,1
shrinking_b_decay_channels_2_r05,branch_count,cost_model,495.1028400505285,301,277166,0.0078245,True,False,1,1055,1,1
shrinking_b_decay_channels_2_r1,branch_count,wallclock_timing,,301,1108665,0.0316876,True,False,4321,2,2,1
shrinking_b_decay_channels_2_r1,branch_count,constant_250,250.0,301,1108665,0.0267838,True,False,2234,1029,1,1
shrinking_b_decay_channels_2_r1,branch_count,constant_500,500.0,301,1108665,0.0309483,True,False,77,2063,1,1
shrinking_b_decay_channels_2_r1,branch_count,constant_1000,1000.0,301,1108665,0.0311631,True,False,1,2098,1,1
shrinking_b_decay_channels_2_r1,branch_count,cost_model,522.6631618755257,301,1108665,0.0297281,True,False,1,2098,1,1
shrinking_b_decay_channels_2_r2,branch_count,wallclock_timing,,301,4434661,0.0643077,True,False,8631,4,4,1
shrinking_b_decay_channels_2_r2,branch_count,constant_250,250.0,301,4434661,0.0581844,True,False,6711,1014,1,1
shrinking_b_decay_channels_2_r2,branch_count,constant_500,500.0,301,4434661,0.0650609,True,False,4493,2051,1,1
shrinking_b_decay_channels_2_r2,branch_count,constant_1000,1000.0,301,4434661,0.1373623,True,False,156,4117,1,1
shrinking_b_decay_channels_2_r2,branch_count,cost_model,569.3850275231152,301,4434661,0.0812908,True,False,3905,2339,1,1
shrinking_b_decay_channels_4_r1,branch_count,wallclock_timing,,301,819554,0.0311153,True,False,3688,2,2,1
shrinking_b_decay_channels_4_r1,branch_count,constant_250,250.0,301,819554,0.0308442,True,False,1618,1029,1,1
shrinking_b_decay_channels_4_r1,branch_count,constant_500,500.0,301,819554,0.0388291,True,False,1,1804,1,1
shrinking_b_decay_channels_4_r1,branch_count,constant_1000,1000.0,301,819554,0.0295528,True,False,1,1804,1,1
shrinking_b_decay_channels_4_r1,branch_count,cost_model,447.9038995693453,301,819554,0.0307272,True,False,1,1804,1,1
shrinking_b_decay_channels_4_r2,branch_count,wallclock_timing,,301,3278217,0.0669212,True,False,7501,2,2,1
shrinking_b_decay_channels_4_r2,branch_count,constant_250,250.0,301,3278217,0.0576298,True,False,5406,1017,1,1
shrinking_b_decay_channels_4_r2,branch_count,constant_500,500.0,301,3278217,0.0729932,True,False,3235,2053,1,1
shrinking_b_decay_channels_4_r2,branch_count,constant_1000,1000.0,301,3278217,0.1432826,True,False,1,3603,1,1
shrinking_b_decay_channels_4_r2,branch_count,cost_model,481.13328192109236,301,3278217,0.0853542,True,False,3403,1977,1,1
shrinking_b_decay_channels_8_r1,branch_count,wallclock_timing,,301,359061,0.0204187,True,False,2449,2,2,1
shrinking_b_decay_channels_8_r1,branch_count,constant_250,250.0,301,359061,0.0198643,True,False,342,1038,1,1
shrinking_b_decay_channels_8_r1,branch_count,constant_500,500.0,301,359061,0.024512,True,False,1,1192,1,1
shrinking_b_decay_channels_8_r1,branch_count,constant_1000,1000.0,301,359061,0.0217232,True,False,1,1192,1,1
shrinking_b_decay_channels_8_r1,branch_count,cost_model,360.6268828473997,301,359061,0.0255971,True,False,1,1192,1,1
shrinking_b_decay_channels_8_r2,branch_count,wallclock_timing,,301,1436245,0.0517486,True,False,4976,2,2,1
shrinking_b_decay_channels_8_r2,branch_count,constant_250,250.0,301,1436245,0.0529811,True,False,2846,1028,1,1
shrinking_b_decay_channels_8_r2,branch_count,constant_500,500.0,301,1436245,0.0844893,True,False,708,2063,1,1
shrinking_b_decay_channels_8_r2,branch_count,constant_1000,1000.0,301,1436245,0.0808774,True,False,1,2389,1,1
shrinking_b_decay_channels_8_r2,branch_count,cost_model,378.0581639295689,301,1436245,0.0471876,True,False,1763,1562,1,1
dense_support_q4_r05,dense_support,wallclock_timing,,301,27282031,0.1844067,True,False,4430,654,3,1
dense_support_q4_r05,dense_support,constant_250,250.0,301,27282031,0.2174145,True,False,2657,730,1,1
dense_support_q4_r05,dense_support,constant_500,500.0,301,27282031,0.2037319,True,False,1,872,1,1
dense_support_q4_r05,dense_support,constant_1000,1000.0,301,27282031,0.1963134,True,False,1,872,1,1
dense_support_q4_r05,dense_support,cost_model,733.4496986580547,301,27282031,0.1654974,True,False,1,872,1,1
dense_support_q4_r1,dense_support,wallclock_timing,,301,109128124,0.4608015,True,False,26190,761,9,1
dense_support_q4_r1,dense_support,constant_250,250.0,301,109128124,0.4662416,True,False,25422,776,1,1
dense_support_q4_r1,dense_support,constant_500,500.0,301,109128124,0.5315531,True,False,5304,1458,1,1
dense_support_q4_r1,dense_support,constant_1000,1000.0,301,109128124,0.5920539,True,False,1,1743,1,1
dense_support_q4_r1,dense_support,cost_model,784.1508317724135,301,109128124,0.5810201,True,False,1,1743,1,1
dense_support_q6_r1,dense_support,wallclock_timing,,301,60230891,0.4193223,True,False,11286,790,5,1
dense_support_q6_r1,dense_support,constant_250,250.0,301,60230891,0.4163202,True,False,11820,773,1,1
dense_support_q6_r1,dense_support,constant_500,500.0,301,60230891,0.5771057,True,False,1,1295,1,1
dense_support_q6_r1,dense_support,constant_1000,1000.0,301,60230891,0.5323163,True,False,1,1295,1,1
dense_support_q6_r1,dense_support,cost_model,524.0311084918889,301,60230891,0.5120052,True,False,1,1295,1,1
dense_support_q8_r1,dense_support,wallclock_timing,,301,28645269,0.3435155,True,False,11459,438,5,1
dense_support_q8_r1,dense_support,constant_250,250.0,301,28645269,0.3686556,True,False,3008,733,1,1
dense_support_q8_r1,dense_support,constant_500,500.0,301,28645269,0.4254382,True,False,1,893,1,1
dense_support_q8_r1,dense_support,constant_1000,1000.0,301,28645269,0.4308409,True,False,1,893,1,1
dense_support_q8_r1,dense_support,cost_model,373.7486016086209,301,28645269,0.4269219,True,False,1,893,1,1
dense_support_q8_r2,dense_support,wallclock_timing,,301,114581078,0.9408511,True,False,52511,343,15,1
dense_support_q8_r2,dense_support,constant_250,250.0,301,114581078,1.1108334,True,False,26915,774,1,1
dense_support_q8_r2,dense_support,constant_500,500.0,301,114581078,1.4776154,True,False,6020,1465,1,1
dense_support_q8_r2,dense_support,constant_1000,1000.0,301,114581078,1.5754115,True,False,1,1786,1,1
dense_support_q8_r2,dense_support,cost_model,391.9064517682382,301,114581078,1.2824316,True,False,12534,1195,1,1
dense_support_q12_r2,dense_support,wallclock_timing,,301,51176333,0.9311495,True,False,23523,405,7,1
dense_support_q12_r2,dense_support,constant_250,250.0,301,51176333,1.1796626,True,False,9264,767,1,1
dense_support_q12_r2,dense_support,constant_500,500.0,301,51176333,1.5963861,True,False,1,1194,1,1
dense_support_q12_r2,dense_support,constant_1000,1000.0,301,51176333,1.5904855,True,False,1,1194,1,1
dense_support_q12_r2,dense_support,cost_model,246.80058779803193,301,51176333,1.1879447,True,False,9513,758,1,1
collision_o2_g0_n1000000_r05,collision,wallclock_timing,,301,26300816,0.1482351,True,False,8471,490,5,1
collision_o2_g0_n1000000_r05,collision,constant_250,250.0,301,26300816,0.1372832,True,False,2392,727,1,1
collision_o2_g0_n1000000_r05,collision,constant_500,500.0,301,26300816,0.1318908,True,False,1,856,1,1
collision_o2_g0_n1000000_r05,collision,constant_1000,1000.0,301,26300816,0.135193,True,False,1,856,1,1
collision_o2_g0_n1000000_r05,collision,cost_model,732.4199056555001,301,26300816,0.1331535,True,False,1,856,1,1
collision_o2_g0_n1000000_r1,collision,wallclock_timing,,301,105203267,0.4594598,True,False,7772,1314,5,1
collision_o2_g0_n1000000_r1,collision,constant_250,250.0,301,105203267,0.4240277,True,False,24333,777,1,1
collision_o2_g0_n1000000_r1,collision,constant_500,500.0,301,105203267,0.5430686,True,False,4775,1452,1,1
collision_o2_g0_n1000000_r1,collision,constant_1000,1000.0,301,105203267,0.5453043,True,False,1,1711,1,1
collision_o2_g0_n1000000_r1,collision,cost_model,782.4415315341369,301,105203267,0.5198182,True,False,1,1711,1,1
collision_o2_g1_n1000000_r05,collision,wallclock_timing,,301,76002738,0.383691,True,False,3440,1218,5,1
collision_o2_g1_n1000000_r05,collision,constant_250,250.0,301,76002738,0.4178044,True,False,10235,956,1,1
collision_o2_g1_n1000000_r05,collision,constant_500,500.0,301,76002738,0.3962474,True,False,1,1350,1,1
collision_o2_g1_n1000000_r05,collision,constant_1000,1000.0,301,76002738,0.3835222,True,False,1,1350,1,1
collision_o2_g1_n1000000_r05,collision,cost_model,1061.7164377819856,301,76002738,0.3795898,True,False,1,1350,1,1
collision_o2_g2_n1000000_r05,collision,wallclock_timing,,301,118139087,0.6087772,True,False,10304,1237,11,1
collision_o2_g2_n1000000_r05,collision,constant_250,250.0,301,118139087,0.6408503,True,False,14495,1133,1,1
collision_o2_g2_n1000000_r05,collision,constant_500,500.0,301,118139087,0.6219255,True,False,1,1583,1,1
collision_o2_g2_n1000000_r05,collision,constant_1000,1000.0,301,118139087,0.7037985,True,False,1,1583,1,1
collision_o2_g2_n1000000_r05,collision,cost_model,1165.0584408123102,301,118139087,0.6722405,True,False,1,1583,1,1
dimerization_r05,dimerization,wallclock_timing,,302,7592205,0.152787,True,False,4186,1794,7,1
dimerization_r05,dimerization,constant_250,250.0,302,7592205,0.1763986,True,False,15802,0,0,1
dimerization_r05,dimerization,constant_500,500.0,302,7592205,0.1521488,True,False,1,2385,1,1
dimerization_r05,dimerization,constant_1000,1000.0,302,7592205,0.1625114,True,False,1,2385,1,1
dimerization_r05,dimerization,cost_model,877.3585545919891,302,7592205,0.1690264,True,False,1,2385,1,1
dimerization_r1,dimerization,wallclock_timing,,302,30368820,0.3825539,True,False,26263,808,10,1
dimerization_r1,dimerization,constant_250,250.0,302,30368820,0.3038511,True,False,31429,0,0,1
dimerization_r1,dimerization,constant_500,500.0,302,30368820,0.3059236,True,False,31429,0,0,1
dimerization_r1,dimerization,constant_1000,1000.0,302,30368820,0.5705505,True,False,1,4770,1,1
dimerization_r1,dimerization,cost_model,932.2035471203687,302,30368820,0.6192964,True,False,1,4770,1,1
lotka_volterra_r05,lotka_volterra,wallclock_timing,,302,678466,0.8298444,True,False,82163,1489,46,1
lotka_volterra_r05,lotka_volterra,constant_250,250.0,302,678466,0.879885,True,False,86194,0,0,1
lotka_volterra_r05,lotka_volterra,constant_500,500.0,302,678466,0.8084275,True,False,32593,21249,7,1
lotka_volterra_r05,lotka_volterra,constant_1000,1000.0,302,678466,0.8025428,True,False,1,33214,1,1
lotka_volterra_r05,lotka_volterra,cost_model,756.2219268427195,302,678466,0.8315742,True,False,1,33214,1,1
lotka_volterra_r1,lotka_volterra,wallclock_timing,,302,2713864,1.800734,True,False,169089,1238,64,1
lotka_volterra_r1,lotka_volterra,constant_250,250.0,302,2713864,1.7368653,True,False,172505,0,0,1
lotka_volterra_r1,lotka_volterra,constant_500,500.0,302,2713864,1.8018262,True,False,172505,0,0,1
lotka_volterra_r1,lotka_volterra,constant_1000,1000.0,302,2713864,2.4748148,True,False,64990,42485,7,1
lotka_volterra_r1,lotka_volterra,cost_model,802.4739755516567,302,2713864,1.9679099,True,False,136356,15832,7,1
shrinking_r05,shrinking,wallclock_timing,,302,362139,0.0140503,True,False,2516,2,2,1
shrinking_r05,shrinking,constant_250,250.0,302,362139,0.0076313,True,False,346,1029,1,1
shrinking_r05,shrinking,constant_500,500.0,302,362139,0.0078652,True,False,1,1198,1,1
shrinking_r05,shrinking,constant_1000,1000.0,302,362139,0.0079484,True,False,1,1198,1,1
shrinking_r05,shrinking,cost_model,545.1177853622855,302,362139,0.0080108,True,False,1,1198,1,1
shrinking_r1,shrinking,wallclock_timing,,302,1448556,0.0292854,True,False,4880,2,2,1
shrinking_r1,shrinking,constant_250,250.0,302,1448556,0.0264693,True,False,2832,1024,1,1
shrinking_r1,shrinking,constant_500,500.0,302,1448556,0.0291289,True,False,713,2063,1,1
shrinking_r1,shrinking,constant_1000,1000.0,302,1448556,0.0311209,True,False,1,2400,1,1
shrinking_r1,shrinking,cost_model,579.6362044598512,302,1448556,0.0302323,True,False,21,2394,1,1
shrinking_r2,shrinking,wallclock_timing,,302,5794227,0.062972,True,False,9884,4,4,1
shrinking_r2,shrinking,constant_250,250.0,302,5794227,0.0580387,True,False,7811,1008,1,1
shrinking_r2,shrinking,constant_500,500.0,302,5794227,0.0647279,True,False,5685,2050,1,1
shrinking_r2,shrinking,constant_1000,1000.0,302,5794227,0.1045638,True,False,1414,4117,1,1
shrinking_r2,shrinking,cost_model,639.1055103573202,302,5794227,0.0723387,True,False,4467,2625,1,1
shrinking_no_b_decay_r05,shrinking,wallclock_timing,,302,1313630,0.0264172,True,False,3598,163,3,1
shrinking_no_b_decay_r05,shrinking,constant_250,250.0,302,1313630,0.0164208,True,False,869,610,1,1
shrinking_no_b_decay_r05,shrinking,constant_500,500.0,302,1313630,0.0151304,True,False,1,840,1,1
shrinking_no_b_decay_r05,shrinking,constant_1000,1000.0,302,1313630,0.0157243,True,False,1,840,1,1
shrinking_no_b_decay_r05,shrinking,cost_model,620.040095011383,302,1313630,0.0150245,True,False,1,840,1,1
shrinking_no_b_decay_r1,shrinking,wallclock_timing,,302,5254522,0.0519462,True,False,3182,893,3,1
shrinking_no_b_decay_r1,shrinking,constant_250,250.0,302,5254522,0.0618273,True,False,5064,566,1,1
shrinking_no_b_decay_r1,shrinking,constant_500,500.0,302,5254522,0.0872076,True,False,1767,1213,1,1
shrinking_no_b_decay_r1,shrinking,constant_1000,1000.0,302,5254522,0.0821613,True,False,1,1677,1,1
shrinking_no_b_decay_r1,shrinking,cost_model,664.3160114316831,302,5254522,0.0494947,True,False,14,1675,1,1
shrinking_no_b_decay_r2,shrinking,wallclock_timing,,302,21018089,0.1764592,True,False,24943,134,9,1
shrinking_no_b_decay_r2,shrinking,constant_250,250.0,302,21018089,0.1320818,True,False,15528,545,1,1
shrinking_no_b_decay_r2,shrinking,constant_500,500.0,302,21018089,0.1291252,True,False,10176,1129,1,1
shrinking_no_b_decay_r2,shrinking,constant_1000,1000.0,302,21018089,0.1666273,True,False,3509,2421,1,1
shrinking_no_b_decay_r2,shrinking,cost_model,741.7536545355321,302,21018089,0.142553,True,False,6606,1736,1,1
shrinking_split_b_decay_r05,shrinking,wallclock_timing,,302,299138,0.0148248,True,False,2128,50,4,1
shrinking_split_b_decay_r05,shrinking,constant_250,250.0,302,299138,0.0084203,True,False,130,1035,1,1
shrinking_split_b_decay_r05,shrinking,constant_500,500.0,302,299138,0.0091096,True,False,1,1094,1,1
shrinking_split_b_decay_r05,shrinking,constant_1000,1000.0,302,299138,0.0087959,True,False,1,1094,1,1
shrinking_split_b_decay_r05,shrinking,cost_model,496.310046439432,302,299138,0.0088399,True,False,1,1094,1,1
shrinking_split_b_decay_r1,shrinking,wallclock_timing,,302,1196554,0.0329194,True,False,4484,2,2,1
shrinking_split_b_decay_r1,shrinking,constant_250,250.0,302,1196554,0.0273588,True,False,2466,1028,1,1
shrinking_split_b_decay_r1,shrinking,constant_500,500.0,302,1196554,0.0338203,True,False,272,2062,1,1
shrinking_split_b_decay_r1,shrinking,constant_1000,1000.0,302,1196554,0.0337739,True,False,1,2183,1,1
shrinking_split_b_decay_r1,shrinking,cost_model,524.6153875326295,302,1196554,0.0334533,True,False,38,2170,1,1
shrinking_split_b_decay_r2,shrinking,wallclock_timing,,302,4786217,0.0685238,True,False,8967,4,4,1
shrinking_split_b_decay_r2,shrinking,constant_250,250.0,302,4786217,0.0650651,True,False,6897,1013,1,1
shrinking_split_b_decay_r2,shrinking,constant_500,500.0,302,4786217,0.0709491,True,False,4766,2051,1,1
shrinking_split_b_decay_r2,shrinking,constant_1000,1000.0,302,4786217,0.1025218,True,False,499,4119,1,1
shrinking_split_b_decay_r2,shrinking,cost_model,572.8273366107297,302,4786217,0.0636121,True,False,4155,2351,1,1
shrinking_b_decay_channels_1_r05,branch_count,wallclock_timing,,302,351289,0.0142418,True,False,2442,2,2,1
shrinking_b_decay_channels_1_r05,branch_count,constant_250,250.0,302,351289,0.0083165,True,False,316,1034,1,1
shrinking_b_decay_channels_1_r05,branch_count,constant_500,500.0,302,351289,0.0082272,True,False,1,1177,1,1
shrinking_b_decay_channels_1_r05,branch_count,constant_1000,1000.0,302,351289,0.0080376,True,False,1,1177,1,1
shrinking_b_decay_channels_1_r05,branch_count,cost_model,544.531232273166,302,351289,0.0082807,True,False,1,1177,1,1
shrinking_b_decay_channels_1_r1,branch_count,wallclock_timing,,302,1405158,0.0303521,True,False,4828,5,4,1
shrinking_b_decay_channels_1_r1,branch_count,constant_250,250.0,302,1405158,0.0245143,True,False,2773,1027,1,1
shrinking_b_decay_channels_1_r1,branch_count,constant_500,500.0,302,1405158,0.0268559,True,False,628,2064,1,1
shrinking_b_decay_channels_1_r1,branch_count,constant_1000,1000.0,302,1405158,0.0300242,True,False,1,2362,1,1
shrinking_b_decay_channels_1_r1,branch_count,cost_model,578.673056335076,302,1405158,0.030894,True,False,1,2362,1,1
shrinking_b_decay_channels_1_r2,branch_count,wallclock_timing,,302,5620633,0.064685,True,False,9771,4,4,1
shrinking_b_decay_channels_1_r2,branch_count,constant_250,250.0,302,5620633,0.0569983,True,False,7641,1010,1,1
shrinking_b_decay_channels_1_r2,branch_count,constant_500,500.0,302,5620633,0.0600259,True,False,5527,2052,1,1
shrinking_b_decay_channels_1_r2,branch_count,constant_1000,1000.0,302,5620633,0.0977831,True,False,1266,4118,1,1
shrinking_b_decay_channels_1_r2,branch_count,cost_model,637.3891639672992,302,5620633,0.0691391,True,False,4342,2616,1,1
shrinking_b_decay_channels_2_r05,branch_count,wallclock_timing,,302,277166,0.0146916,True,False,2154,8,4,1
shrinking_b_decay_channels_2_r05,branch_count,constant_250,250.0,302,277166,0.0081983,True,False,42,1032,1,1
shrinking_b_decay_channels_2_r05,branch_count,constant_500,500.0,302,277166,0.0082189,True,False,1,1054,1,1
shrinking_b_decay_channels_2_r05,branch_count,constant_1000,1000.0,302,277166,0.008051,True,False,1,1054,1,1
shrinking_b_decay_channels_2_r05,branch_count,cost_model,495.1028400505285,302,277166,0.0082518,True,False,1,1054,1,1
shrinking_b_decay_channels_2_r1,branch_count,wallclock_timing,,302,1108665,0.0306819,True,False,4279,2,2,1
shrinking_b_decay_channels_2_r1,branch_count,constant_250,250.0,302,1108665,0.02474,True,False,2228,1025,1,1
shrinking_b_decay_channels_2_r1,branch_count,constant_500,500.0,302,1108665,0.0316769,True,False,74,2063,1,1
shrinking_b_decay_channels_2_r1,branch_count,constant_1000,1000.0,302,1108665,0.0316421,True,False,1,2102,1,1
shrinking_b_decay_channels_2_r1,branch_count,cost_model,522.6631618755257,302,1108665,0.0348835,True,False,1,2102,1,1
shrinking_b_decay_channels_2_r2,branch_count,wallclock_timing,,302,4434661,0.067646,True,False,8650,4,4,1
shrinking_b_decay_channels_2_r2,branch_count,constant_250,250.0,302,4434661,0.0615802,True,False,6604,1017,1,1
shrinking_b_decay_channels_2_r2,branch_count,constant_500,500.0,302,4434661,0.0673683,True,False,4472,2050,1,1
shrinking_b_decay_channels_2_r2,branch_count,constant_1000,1000.0,302,4434661,0.10379,True,False,164,4121,1,1
shrinking_b_decay_channels_2_r2,branch_count,cost_model,569.3850275231152,302,4434661,0.0590794,True,False,3877,2337,1,1
shrinking_b_decay_channels_4_r1,branch_count,wallclock_timing,,302,819554,0.0252619,True,False,3737,2,2,1
shrinking_b_decay_channels_4_r1,branch_count,constant_250,250.0,302,819554,0.0205132,True,False,1611,1031,1,1
shrinking_b_decay_channels_4_r1,branch_count,constant_500,500.0,302,819554,0.0248569,True,False,1,1809,1,1
shrinking_b_decay_channels_4_r1,branch_count,constant_1000,1000.0,302,819554,0.025078,True,False,1,1809,1,1
shrinking_b_decay_channels_4_r1,branch_count,cost_model,447.9038995693453,302,819554,0.0262983,True,False,1,1809,1,1
shrinking_b_decay_channels_4_r2,branch_count,wallclock_timing,,302,3278217,0.0522703,True,False,7374,2,2,1
shrinking_b_decay_channels_4_r2,branch_count,constant_250,250.0,302,3278217,0.0479751,True,False,5329,1020,1,1
shrinking_b_decay_channels_4_r2,branch_count,constant_500,500.0,302,3278217,0.0570244,True,False,3219,2052,1,1
shrinking_b_decay_channels_4_r2,branch_count,constant_1000,1000.0,302,3278217,0.0989513,True,False,1,3605,1,1
shrinking_b_decay_channels_4_r2,branch_count,cost_model,481.13328192109236,302,3278217,0.0550002,True,False,3371,1977,1,1
shrinking_b_decay_channels_8_r1,branch_count,wallclock_timing,,302,359061,0.0187988,True,False,2506,2,2,1
shrinking_b_decay_channels_8_r1,branch_count,constant_250,250.0,302,359061,0.0151517,True,False,358,1033,1,1
shrinking_b_decay_channels_8_r1,branch_count,constant_500,500.0,302,359061,0.0167563,True,False,1,1198,1,1
shrinking_b_decay_channels_8_r1,branch_count,constant_1000,1000.0,302,359061,0.0171083,True,False,1,1198,1,1
shrinking_b_decay_channels_8_r1,branch_count,cost_model,360.6268828473997,302,359061,0.0168979,True,False,1,1198,1,1
shrinking_b_decay_channels_8_r2,branch_count,wallclock_timing,,302,1436245,0.0391836,True,False,4875,2,2,1
shrinking_b_decay_channels_8_r2,branch_count,constant_250,250.0,302,1436245,0.0384768,True,False,2839,1025,1,1
shrinking_b_decay_channels_8_r2,branch_count,constant_500,500.0,302,1436245,0.0591115,True,False,674,2060,1,1
shrinking_b_decay_channels_8_r2,branch_count,constant_1000,1000.0,302,1436245,0.0766247,True,False,1,2391,1,1
shrinking_b_decay_channels_8_r2,branch_count,cost_model,378.0581639295689,302,1436245,0.0491424,True,False,1725,1557,1,1
dense_support_q4_r05,dense_support,wallclock_timing,,302,27282031,0.1487186,True,False,3164,707,5,1
dense_support_q4_r05,dense_support,constant_250,250.0,302,27282031,0.1473007,True,False,2636,729,1,1
dense_support_q4_r05,dense_support,constant_500,500.0,302,27282031,0.1391507,True,False,1,872,1,1
dense_support_q4_r05,dense_support,constant_1000,1000.0,302,27282031,0.1271648,True,False,1,872,1,1
dense_support_q4_r05,dense_support,cost_model,733.4496986580547,302,27282031,0.125779,True,False,1,872,1,1
dense_support_q4_r1,dense_support,wallclock_timing,,302,109128124,0.4464486,True,False,13678,1133,7,1
dense_support_q4_r1,dense_support,constant_250,250.0,302,109128124,0.4309342,True,False,25394,776,1,1
dense_support_q4_r1,dense_support,constant_500,500.0,302,109128124,0.5224057,True,False,5307,1457,1,1
dense_support_q4_r1,dense_support,constant_1000,1000.0,302,109128124,0.6259072,True,False,1,1743,1,1
dense_support_q4_r1,dense_support,cost_model,784.1508317724135,302,109128124,0.5640603,True,False,1,1743,1,1
dense_support_q6_r1,dense_support,wallclock_timing,,302,60230891,0.4150404,True,False,16700,633,7,1
dense_support_q6_r1,dense_support,constant_250,250.0,302,60230891,0.3844004,True,False,11793,773,1,1
dense_support_q6_r1,dense_support,constant_500,500.0,302,60230891,0.5485669,True,False,1,1295,1,1
dense_support_q6_r1,dense_support,constant_1000,1000.0,302,60230891,0.5375097,True,False,1,1295,1,1
dense_support_q6_r1,dense_support,cost_model,524.0311084918889,302,60230891,0.4929529,True,False,1,1295,1,1
dense_support_q8_r1,dense_support,wallclock_timing,,302,28645269,0.356463,True,False,13531,387,5,1
dense_support_q8_r1,dense_support,constant_250,250.0,302,28645269,0.3508364,True,False,3021,733,1,1
dense_support_q8_r1,dense_support,constant_500,500.0,302,28645269,0.4233651,True,False,1,894,1,1
dense_support_q8_r1,dense_support,constant_1000,1000.0,302,28645269,0.425352,True,False,1,894,1,1
dense_support_q8_r1,dense_support,cost_model,373.7486016086209,302,28645269,0.4019331,True,False,1,894,1,1
dense_support_q8_r2,dense_support,wallclock_timing,,302,114581078,0.9584991,True,False,60678,246,19,1
dense_support_q8_r2,dense_support,constant_250,250.0,302,114581078,1.1017009,True,False,26900,774,1,1
dense_support_q8_r2,dense_support,constant_500,500.0,302,114581078,1.4693349,True,False,6052,1465,1,1
dense_support_q8_r2,dense_support,constant_1000,1000.0,302,114581078,1.7335154,True,False,1,1786,1,1
dense_support_q8_r2,dense_support,cost_model,391.9064517682382,302,114581078,1.2541052,True,False,12534,1194,1,1
dense_support_q12_r2,dense_support,wallclock_timing,,302,51176333,0.8810198,True,False,41761,151,13,1
dense_support_q12_r2,dense_support,constant_250,250.0,302,51176333,1.1483009,True,False,9289,767,1,1
dense_support_q12_r2,dense_support,constant_500,500.0,302,51176333,1.5537032,True,False,1,1194,1,1
dense_support_q12_r2,dense_support,constant_1000,1000.0,302,51176333,1.6189019,True,False,1,1194,1,1
dense_support_q12_r2,dense_support,cost_model,246.80058779803193,302,51176333,1.2385923,True,False,9535,758,1,1
collision_o2_g0_n1000000_r05,collision,wallclock_timing,,302,26300816,0.1616092,True,False,14797,331,7,1
collision_o2_g0_n1000000_r05,collision,constant_250,250.0,302,26300816,0.119243,True,False,2379,727,1,1
collision_o2_g0_n1000000_r05,collision,constant_500,500.0,302,26300816,0.1293967,True,False,1,856,1,1
collision_o2_g0_n1000000_r05,collision,constant_1000,1000.0,302,26300816,0.1266402,True,False,1,856,1,1
collision_o2_g0_n1000000_r05,collision,cost_model,732.4199056555001,302,26300816,0.1292887,True,False,1,856,1,1
collision_o2_g0_n1000000_r1,collision,wallclock_timing,,302,105203267,0.5198543,True,False,5561,1415,3,1
collision_o2_g0_n1000000_r1,collision,constant_250,250.0,302,105203267,0.4634248,True,False,24333,777,1,1
collision_o2_g0_n1000000_r1,collision,constant_500,500.0,302,105203267,0.4598904,True,False,4781,1452,1,1
collision_o2_g0_n1000000_r1,collision,constant_1000,1000.0,302,105203267,0.576104,True,False,1,1711,1,1
collision_o2_g0_n1000000_r1,collision,cost_model,782.4415315341369,302,105203267,0.5177193,True,False,1,1711,1,1
collision_o2_g1_n1000000_r05,collision,wallclock_timing,,302,76002738,0.400948,True,False,9569,982,5,1
collision_o2_g1_n1000000_r05,collision,constant_250,250.0,302,76002738,0.3872828,True,False,10246,957,1,1
collision_o2_g1_n1000000_r05,collision,constant_500,500.0,302,76002738,0.372305,True,False,1,1350,1,1
collision_o2_g1_n1000000_r05,collision,constant_1000,1000.0,302,76002738,0.4255547,True,False,1,1350,1,1
collision_o2_g1_n1000000_r05,collision,cost_model,1061.7164377819856,302,76002738,0.3854858,True,False,1,1350,1,1
collision_o2_g2_n1000000_r05,collision,wallclock_timing,,302,118139087,0.6277936,True,False,3223,1457,5,1
collision_o2_g2_n1000000_r05,collision,constant_250,250.0,302,118139087,0.5968566,True,False,14515,1133,1,1
collision_o2_g2_n1000000_r05,collision,constant_500,500.0,302,118139087,0.6217494,True,False,1,1583,1,1
collision_o2_g2_n1000000_r05,collision,constant_1000,1000.0,302,118139087,0.6061831,True,False,1,1583,1,1
collision_o2_g2_n1000000_r05,collision,cost_model,1165.0584408123102,302,118139087,0.669334,True,False,1,1583,1,1
dimerization_r05,dimerization,wallclock_timing,,303,7592205,0.1569732,True,False,12255,537,10,1
dimerization_r05,dimerization,constant_250,250.0,303,7592205,0.1444206,True,False,15681,0,0,1
dimerization_r05,dimerization,constant_500,500.0,303,7592205,0.1370513,True,False,1,2385,1,1
dimerization_r05,dimerization,constant_1000,1000.0,303,7592205,0.1404304,True,False,1,2385,1,1
dimerization_r05,dimerization,cost_model,877.3585545919891,303,7592205,0.1536218,True,False,1,2385,1,1
dimerization_r1,dimerization,wallclock_timing,,303,30368820,0.3427419,True,False,31411,8,8,1
dimerization_r1,dimerization,constant_250,250.0,303,30368820,0.3498861,True,False,31463,0,0,1
dimerization_r1,dimerization,constant_500,500.0,303,30368820,0.3160158,True,False,31463,0,0,1
dimerization_r1,dimerization,constant_1000,1000.0,303,30368820,0.5791167,True,False,1,4770,1,1
dimerization_r1,dimerization,cost_model,932.2035471203687,303,30368820,0.6063175,True,False,1,4770,1,1
lotka_volterra_r05,lotka_volterra,wallclock_timing,,303,678466,0.8909612,True,False,70166,6330,39,1
lotka_volterra_r05,lotka_volterra,constant_250,250.0,303,678466,0.8694166,True,False,86158,0,0,1
lotka_volterra_r05,lotka_volterra,constant_500,500.0,303,678466,0.8784096,True,False,32555,21257,7,1
lotka_volterra_r05,lotka_volterra,constant_1000,1000.0,303,678466,0.8199663,True,False,1,33207,1,1
lotka_volterra_r05,lotka_volterra,cost_model,756.2219268427195,303,678466,0.8886224,True,False,1,33207,1,1
lotka_volterra_r1,lotka_volterra,wallclock_timing,,303,2713864,2.1169966,True,False,138462,13495,58,1
lotka_volterra_r1,lotka_volterra,constant_250,250.0,303,2713864,1.8075576,True,False,172575,0,0,1
lotka_volterra_r1,lotka_volterra,constant_500,500.0,303,2713864,2.0081012,True,False,172575,0,0,1
lotka_volterra_r1,lotka_volterra,constant_1000,1000.0,303,2713864,3.0947308,True,False,65151,42488,7,1
lotka_volterra_r1,lotka_volterra,cost_model,802.4739755516567,303,2713864,2.5040761,True,False,136501,15871,7,1
shrinking_r05,shrinking,wallclock_timing,,303,362139,0.0181748,True,False,2508,2,2,1
shrinking_r05,shrinking,constant_250,250.0,303,362139,0.010667,True,False,348,1033,1,1
shrinking_r05,shrinking,constant_500,500.0,303,362139,0.0096073,True,False,1,1211,1,1
shrinking_r05,shrinking,constant_1000,1000.0,303,362139,0.0095372,True,False,1,1211,1,1
shrinking_r05,shrinking,cost_model,545.1177853622855,303,362139,0.0094449,True,False,1,1211,1,1
shrinking_r1,shrinking,wallclock_timing,,303,1448556,0.0376448,True,False,4907,2,2,1
shrinking_r1,shrinking,constant_250,250.0,303,1448556,0.0317097,True,False,2825,1026,1,1
shrinking_r1,shrinking,constant_500,500.0,303,1448556,0.0351902,True,False,696,2064,1,1
shrinking_r1,shrinking,constant_1000,1000.0,303,1448556,0.0365454,True,False,1,2393,1,1
shrinking_r1,shrinking,cost_model,579.6362044598512,303,1448556,0.0410072,True,False,15,2397,1,1
shrinking_r2,shrinking,wallclock_timing,,303,5794227,0.0844166,True,False,9955,4,4,1
shrinking_r2,shrinking,constant_250,250.0,303,5794227,0.0792225,True,False,7811,1013,1,1
shrinking_r2,shrinking,constant_500,500.0,303,5794227,0.0777159,True,False,5690,2046,1,1
shrinking_r2,shrinking,constant_1000,1000.0,303,5794227,0.121591,True,False,1401,4115,1,1
shrinking_r2,shrinking,cost_model,639.1055103573202,303,5794227,0.081509,True,False,4502,2622,1,1
shrinking_no_b_decay_r05,shrinking,wallclock_timing,,303,1313630,0.0188311,True,False,964,587,5,1
shrinking_no_b_decay_r05,shrinking,constant_250,250.0,303,1313630,0.0172127,True,False,884,609,1,1
shrinking_no_b_decay_r05,shrinking,constant_500,500.0,303,1313630,0.0158912,True,False,1,842,1,1
shrinking_no_b_decay_r05,shrinking,constant_1000,1000.0,303,1313630,0.0167235,True,False,1,842,1,1
shrinking_no_b_decay_r05,shrinking,cost_model,620.040095011383,303,1313630,0.0208419,True,False,1,842,1,1
shrinking_no_b_decay_r1,shrinking,wallclock_timing,,303,5254522,0.0983196,True,False,9736,157,7,1
shrinking_no_b_decay_r1,shrinking,constant_250,250.0,303,5254522,0.065155,True,False,5104,567,1,1
shrinking_no_b_decay_r1,shrinking,constant_500,500.0,303,5254522,0.0668764,True,False,1745,1211,1,1
shrinking_no_b_decay_r1,shrinking,constant_1000,1000.0,303,5254522,0.0811282,True,False,1,1678,1,1
shrinking_no_b_decay_r1,shrinking,cost_model,664.3160114316831,303,5254522,0.0714284,True,False,11,1676,1,1
shrinking_no_b_decay_r2,shrinking,wallclock_timing,,303,21018089,0.1697426,True,False,16647,469,7,1
shrinking_no_b_decay_r2,shrinking,constant_250,250.0,303,21018089,0.1825694,True,False,15502,545,1,1
shrinking_no_b_decay_r2,shrinking,constant_500,500.0,303,21018089,0.160762,True,False,10173,1129,1,1
shrinking_no_b_decay_r2,shrinking,constant_1000,1000.0,303,21018089,0.2152895,True,False,3500,2421,1,1
shrinking_no_b_decay_r2,shrinking,cost_model,741.7536545355321,303,21018089,0.1725448,True,False,6606,1736,1,1
shrinking_split_b_decay_r05,shrinking,wallclock_timing,,303,299138,0.0147664,True,False,1911,168,4,1
shrinking_split_b_decay_r05,shrinking,constant_250,250.0,303,299138,0.0087169,True,False,130,1036,1,1
shrinking_split_b_decay_r05,shrinking,constant_500,500.0,303,299138,0.0078763,True,False,1,1099,1,1
shrinking_split_b_decay_r05,shrinking,constant_1000,1000.0,303,299138,0.0078103,True,False,1,1099,1,1
shrinking_split_b_decay_r05,shrinking,cost_model,496.310046439432,303,299138,0.0081173,True,False,1,1099,1,1
shrinking_split_b_decay_r1,shrinking,wallclock_timing,,303,1196554,0.031475,True,False,4413,2,2,1
shrinking_split_b_decay_r1,shrinking,constant_250,250.0,303,1196554,0.0236887,True,False,2374,1029,1,1
shrinking_split_b_decay_r1,shrinking,constant_500,500.0,303,1196554,0.0285363,True,False,248,2067,1,1
shrinking_split_b_decay_r1,shrinking,constant_1000,1000.0,303,1196554,0.0296691,True,False,1,2185,1,1
shrinking_split_b_decay_r1,shrinking,cost_model,524.6153875326295,303,1196554,0.0309828,True,False,33,2165,1,1
shrinking_split_b_decay_r2,shrinking,wallclock_timing,,303,4786217,0.0627583,True,False,8996,4,4,1
shrinking_split_b_decay_r2,shrinking,constant_250,250.0,303,4786217,0.0590987,True,False,6914,1011,1,1
shrinking_split_b_decay_r2,shrinking,constant_500,500.0,303,4786217,0.060717,True,False,4769,2047,1,1
shrinking_split_b_decay_r2,shrinking,constant_1000,1000.0,303,4786217,0.1107696,True,False,505,4122,1,1
shrinking_split_b_decay_r2,shrinking,cost_model,572.8273366107297,303,4786217,0.0748659,True,False,4149,2349,1,1
shrinking_b_decay_channels_1_r05,branch_count,wallclock_timing,,303,351289,0.0160989,True,False,2440,2,2,1
shrinking_b_decay_channels_1_r05,branch_count,constant_250,250.0,303,351289,0.0095648,True,False,302,1035,1,1
shrinking_b_decay_channels_1_r05,branch_count,constant_500,500.0,303,351289,0.0092768,True,False,1,1189,1,1
shrinking_b_decay_channels_1_r05,branch_count,constant_1000,1000.0,303,351289,0.0112721,True,False,1,1189,1,1
shrinking_b_decay_channels_1_r05,branch_count,cost_model,544.531232273166,303,351289,0.009905,True,False,1,1189,1,1
shrinking_b_decay_channels_1_r1,branch_count,wallclock_timing,,303,1405158,0.0355881,True,False,4900,2,2,1
shrinking_b_decay_channels_1_r1,branch_count,constant_250,250.0,303,1405158,0.0283093,True,False,2747,1028,1,1
shrinking_b_decay_channels_1_r1,branch_count,constant_500,500.0,303,1405158,0.0323235,True,False,618,2062,1,1
shrinking_b_decay_channels_1_r1,branch_count,constant_1000,1000.0,303,1405158,0.0358834,True,False,1,2365,1,1
shrinking_b_decay_channels_1_r1,branch_count,cost_model,578.673056335076,303,1405158,0.0351855,True,False,1,2365,1,1
shrinking_b_decay_channels_1_r2,branch_count,wallclock_timing,,303,5620633,0.0744057,True,False,9735,4,4,1
shrinking_b_decay_channels_1_r2,branch_count,constant_250,250.0,303,5620633,0.0663665,True,False,7750,1012,1,1
shrinking_b_decay_channels_1_r2,branch_count,constant_500,500.0,303,5620633,0.0667014,True,False,5613,2051,1,1
shrinking_b_decay_channels_1_r2,branch_count,constant_1000,1000.0,303,5620633,0.0958661,True,False,1279,4118,1,1
shrinking_b_decay_channels_1_r2,branch_count,cost_model,637.3891639672992,303,5620633,0.0680707,True,False,4433,2618,1,1
shrinking_b_decay_channels_2_r05,branch_count,wallclock_timing,,303,277166,0.0134225,True,False,2155,2,2,1
shrinking_b_decay_channels_2_r05,branch_count,constant_250,250.0,303,277166,0.0069164,True,False,39,1037,1,1
shrinking_b_decay_channels_2_r05,branch_count,constant_500,500.0,303,277166,0.0072065,True,False,1,1055,1,1
shrinking_b_decay_channels_2_r05,branch_count,constant_1000,1000.0,303,277166,0.0072047,True,False,1,1055,1,1
shrinking_b_decay_channels_2_r05,branch_count,cost_model,495.1028400505285,303,277166,0.0079038,True,False,1,1055,1,1
shrinking_b_decay_channels_2_r1,branch_count,wallclock_timing,,303,1108665,0.02684,True,False,4297,2,2,1
shrinking_b_decay_channels_2_r1,branch_count,constant_250,250.0,303,1108665,0.024038,True,False,2166,1028,1,1
shrinking_b_decay_channels_2_r1,branch_count,constant_500,500.0,303,1108665,0.0277303,True,False,74,2064,1,1
shrinking_b_decay_channels_2_r1,branch_count,constant_1000,1000.0,303,1108665,0.0276542,True,False,1,2097,1,1
shrinking_b_decay_channels_2_r1,branch_count,cost_model,522.6631618755257,303,1108665,0.0277656,True,False,1,2097,1,1
shrinking_b_decay_channels_2_r2,branch_count,wallclock_timing,,303,4434661,0.0575179,True,False,8654,4,4,1
shrinking_b_decay_channels_2_r2,branch_count,constant_250,250.0,303,4434661,0.0532097,True,False,6533,1012,1,1
shrinking_b_decay_channels_2_r2,branch_count,constant_500,500.0,303,4434661,0.0601457,True,False,4394,2048,1,1
shrinking_b_decay_channels_2_r2,branch_count,constant_1000,1000.0,303,4434661,0.1180317,True,False,157,4122,1,1
shrinking_b_decay_channels_2_r2,branch_count,cost_model,569.3850275231152,303,4434661,0.0706668,True,False,3801,2338,1,1
shrinking_b_decay_channels_4_r1,branch_count,wallclock_timing,,303,819554,0.0290107,True,False,3694,7,4,1
shrinking_b_decay_channels_4_r1,branch_count,constant_250,250.0,303,819554,0.023177,True,False,1595,1034,1,1
shrinking_b_decay_channels_4_r1,branch_count,constant_500,500.0,303,819554,0.0288959,True,False,1,1807,1,1
shrinking_b_decay_channels_4_r1,branch_count,constant_1000,1000.0,303,819554,0.0309095,True,False,1,1807,1,1
shrinking_b_decay_channels_4_r1,branch_count,cost_model,447.9038995693453,303,819554,0.028887,True,False,1,1807,1,1
shrinking_b_decay_channels_4_r2,branch_count,wallclock_timing,,303,3278217,0.0573289,True,False,7426,2,2,1
shrinking_b_decay_channels_4_r2,branch_count,constant_250,250.0,303,3278217,0.0584827,True,False,5327,1018,1,1
shrinking_b_decay_channels_4_r2,branch_count,constant_500,500.0,303,3278217,0.065144,True,False,3210,2051,1,1
shrinking_b_decay_channels_4_r2,branch_count,constant_1000,1000.0,303,3278217,0.1167116,True,False,1,3606,1,1
shrinking_b_decay_channels_4_r2,branch_count,cost_model,481.13328192109236,303,3278217,0.0695541,True,False,3376,1972,1,1
shrinking_b_decay_channels_8_r1,branch_count,wallclock_timing,,303,359061,0.0214916,True,False,2433,2,2,1
shrinking_b_decay_channels_8_r1,branch_count,constant_250,250.0,303,359061,0.0206675,True,False,337,1035,1,1
shrinking_b_decay_channels_8_r1,branch_count,constant_500,500.0,303,359061,0.0191716,True,False,1,1200,1,1
shrinking_b_decay_channels_8_r1,branch_count,constant_1000,1000.0,303,359061,0.0214567,True,False,1,1200,1,1
shrinking_b_decay_channels_8_r1,branch_count,cost_model,360.6268828473997,303,359061,0.0232841,True,False,1,1200,1,1
shrinking_b_decay_channels_8_r2,branch_count,wallclock_timing,,303,1436245,0.0437495,True,False,4915,2,2,1
shrinking_b_decay_channels_8_r2,branch_count,constant_250,250.0,303,1436245,0.0477367,True,False,2830,1028,1,1
shrinking_b_decay_channels_8_r2,branch_count,constant_500,500.0,303,1436245,0.0698978,True,False,697,2062,1,1
shrinking_b_decay_channels_8_r2,branch_count,constant_1000,1000.0,303,1436245,0.0875027,True,False,1,2390,1,1
shrinking_b_decay_channels_8_r2,branch_count,cost_model,378.0581639295689,303,1436245,0.0519652,True,False,1733,1562,1,1
dense_support_q4_r05,dense_support,wallclock_timing,,303,27282031,0.1576817,True,False,7705,530,3,1
dense_support_q4_r05,dense_support,constant_250,250.0,303,27282031,0.1591231,True,False,2648,730,1,1
dense_support_q4_r05,dense_support,constant_500,500.0,303,27282031,0.1622561,True,False,1,872,1,1
dense_support_q4_r05,dense_support,constant_1000,1000.0,303,27282031,0.1662387,True,False,1,872,1,1
dense_support_q4_r05,dense_support,cost_model,733.4496986580547,303,27282031,0.1639712,True,False,1,872,1,1
dense_support_q4_r1,dense_support,wallclock_timing,,303,109128124,0.549296,True,False,5425,1455,5,1
dense_support_q4_r1,dense_support,constant_250,250.0,303,109128124,0.4432933,True,False,25543,776,1,1
dense_support_q4_r1,dense_support,constant_500,500.0,303,109128124,0.5657301,True,False,5353,1458,1,1
dense_support_q4_r1,dense_support,constant_1000,1000.0,303,109128124,0.6469509,True,False,1,1742,1,1
dense_support_q4_r1,dense_support,cost_model,784.1508317724135,303,109128124,0.6275929,True,False,1,1742,1,1
dense_support_q6_r1,dense_support,wallclock_timing,,303,60230891,0.4860494,True,False,6035,991,3,1
dense_support_q6_r1,dense_support,constant_250,250.0,303,60230891,0.4453262,True,False,11823,773,1,1
dense_support_q6_r1,dense_support,constant_500,500.0,303,60230891,0.4790332,True,False,1,1295,1,1
dense_support_q6_r1,dense_support,constant_1000,1000.0,303,60230891,0.5514474,True,False,1,1295,1,1
dense_support_q6_r1,dense_support,cost_model,524.0311084918889,303,60230891,0.5796576,True,False,1,1295,1,1
dense_support_q8_r1,dense_support,wallclock_timing,,303,28645269,0.344348,True,False,25453,183,9,1
dense_support_q8_r1,dense_support,constant_250,250.0,303,28645269,0.3720459,True,False,3011,733,1,1
dense_support_q8_r1,dense_support,constant_500,500.0,303,28645269,0.4578655,True,False,1,893,1,1
dense_support_q8_r1,dense_support,constant_1000,1000.0,303,28645269,0.3994233,True,False,1,893,1,1
dense_support_q8_r1,dense_support,cost_model,373.7486016086209,303,28645269,0.46002,True,False,1,893,1,1
dense_support_q8_r2,dense_support,wallclock_timing,,303,114581078,1.1755183,True,False,34369,671,13,1
dense_support_q8_r2,dense_support,constant_250,250.0,303,114581078,1.068594,True,False,27031,775,1,1
dense_support_q8_r2,dense_support,constant_500,500.0,303,114581078,1.512963,True,False,6093,1465,1,1
dense_support_q8_r2,dense_support,constant_1000,1000.0,303,114581078,1.7153593,True,False,1,1785,1,1
dense_support_q8_r2,dense_support,cost_model,391.9064517682382,303,114581078,1.3212774,True,False,12534,1195,1,1
dense_support_q12_r2,dense_support,wallclock_timing,,303,51176333,0.9751274,True,False,21664,442,7,1
dense_support_q12_r2,dense_support,constant_250,250.0,303,51176333,1.1723188,True,False,9341,767,1,1
dense_support_q12_r2,dense_support,constant_500,500.0,303,51176333,1.634642,True,False,1,1194,1,1
dense_support_q12_r2,dense_support,constant_1000,1000.0,303,51176333,1.598043,True,False,1,1194,1,1
dense_support_q12_r2,dense_support,cost_model,246.80058779803193,303,51176333,1.1719907,True,False,9599,758,1,1
collision_o2_g0_n1000000_r05,collision,wallclock_timing,,303,26300816,0.1541808,True,False,8798,495,7,1
collision_o2_g0_n1000000_r05,collision,constant_250,250.0,303,26300816,0.1473555,True,False,2374,727,1,1
collision_o2_g0_n1000000_r05,collision,constant_500,500.0,303,26300816,0.1441027,True,False,1,856,1,1
collision_o2_g0_n1000000_r05,collision,constant_1000,1000.0,303,26300816,0.1260285,True,False,1,856,1,1
collision_o2_g0_n1000000_r05,collision,cost_model,732.4199056555001,303,26300816,0.1313135,True,False,1,856,1,1
collision_o2_g0_n1000000_r1,collision,wallclock_timing,,303,105203267,0.4816609,True,False,10409,1209,5,1
collision_o2_g0_n1000000_r1,collision,constant_250,250.0,303,105203267,0.496859,True,False,24433,777,1,1
collision_o2_g0_n1000000_r1,collision,constant_500,500.0,303,105203267,0.54166,True,False,4816,1452,1,1
collision_o2_g0_n1000000_r1,collision,constant_1000,1000.0,303,105203267,0.5219192,True,False,1,1711,1,1
collision_o2_g0_n1000000_r1,collision,cost_model,782.4415315341369,303,105203267,0.5729772,True,False,1,1711,1,1
collision_o2_g1_n1000000_r05,collision,wallclock_timing,,303,76002738,0.3802038,True,False,5081,1137,7,1
collision_o2_g1_n1000000_r05,collision,constant_250,250.0,303,76002738,0.4193428,True,False,10302,957,1,1
collision_o2_g1_n1000000_r05,collision,constant_500,500.0,303,76002738,0.4265728,True,False,1,1350,1,1
collision_o2_g1_n1000000_r05,collision,constant_1000,1000.0,303,76002738,0.3723108,True,False,1,1350,1,1
collision_o2_g1_n1000000_r05,collision,cost_model,1061.7164377819856,303,76002738,0.4151394,True,False,1,1350,1,1
collision_o2_g2_n1000000_r05,collision,wallclock_timing,,303,118139087,0.6910382,True,False,430,1565,3,1
collision_o2_g2_n1000000_r05,collision,constant_250,250.0,303,118139087,0.7023973,True,False,14518,1133,1,1
collision_o2_g2_n1000000_r05,collision,constant_500,500.0,303,118139087,0.6067229,True,False,1,1583,1,1
collision_o2_g2_n1000000_r05,collision,constant_1000,1000.0,303,118139087,0.7434735,True,False,1,1583,1,1
collision_o2_g2_n1000000_r05,collision,cost_model,1165.0584408123102,303,118139087,0.7087864,True,False,1,1583,1,1
dimerization_r05,dimerization,wallclock_timing,,304,7592205,0.1551147,True,False,1239,2215,3,1
dimerization_r05,dimerization,constant_250,250.0,304,7592205,0.1564039,True,False,15581,0,0,1
dimerization_r05,dimerization,constant_500,500.0,304,7592205,0.1396378,True,False,1,2385,1,1
dimerization_r05,dimerization,constant_1000,1000.0,304,7592205,0.140923,True,False,1,2385,1,1
dimerization_r05,dimerization,cost_model,877.3585545919891,304,7592205,0.1571707,True,False,1,2385,1,1
dimerization_r1,dimerization,wallclock_timing,,304,30368820,0.4839288,True,False,16970,2254,9,1
dimerization_r1,dimerization,constant_250,250.0,304,30368820,0.3668893,True,False,31257,0,0,1
dimerization_r1,dimerization,constant_500,500.0,304,30368820,0.3068378,True,False,31257,0,0,1
dimerization_r1,dimerization,constant_1000,1000.0,304,30368820,0.6185329,True,False,1,4770,1,1
dimerization_r1,dimerization,cost_model,932.2035471203687,304,30368820,0.6481268,True,False,1,4770,1,1
lotka_volterra_r05,lotka_volterra,wallclock_timing,,304,678466,0.9486596,True,False,72367,5297,32,1
lotka_volterra_r05,lotka_volterra,constant_250,250.0,304,678466,0.9472202,True,False,85874,0,0,1
lotka_volterra_r05,lotka_volterra,constant_500,500.0,304,678466,0.7678339,True,False,32402,21241,7,1
lotka_volterra_r05,lotka_volterra,constant_1000,1000.0,304,678466,0.8161965,True,False,1,33204,1,1
lotka_volterra_r05,lotka_volterra,cost_model,756.2219268427195,304,678466,0.9016277,True,False,1,33204,1,1
lotka_volterra_r1,lotka_volterra,wallclock_timing,,304,2713864,1.9463152,True,False,161659,3896,54,1
lotka_volterra_r1,lotka_volterra,constant_250,250.0,304,2713864,1.7711461,True,False,172180,0,0,1
lotka_volterra_r1,lotka_volterra,constant_500,500.0,304,2713864,1.9574315,True,False,172180,0,0,1
lotka_volterra_r1,lotka_volterra,constant_1000,1000.0,304,2713864,2.575765,True,False,64754,42469,7,1
lotka_volterra_r1,lotka_volterra,cost_model,802.4739755516567,304,2713864,1.8547039,True,False,136250,15634,7,1
shrinking_r05,shrinking,wallclock_timing,,304,362139,0.0136399,True,False,2437,2,2,1
shrinking_r05,shrinking,constant_250,250.0,304,362139,0.0078485,True,False,359,1035,1,1
shrinking_r05,shrinking,constant_500,500.0,304,362139,0.0077429,True,False,1,1204,1,1
shrinking_r05,shrinking,constant_1000,1000.0,304,362139,0.0075909,True,False,1,1204,1,1
shrinking_r05,shrinking,cost_model,545.1177853622855,304,362139,0.0076844,True,False,1,1204,1,1
shrinking_r1,shrinking,wallclock_timing,,304,1448556,0.0281461,True,False,4923,2,2,1
shrinking_r1,shrinking,constant_250,250.0,304,1448556,0.0242485,True,False,2828,1031,1,1
shrinking_r1,shrinking,constant_500,500.0,304,1448556,0.0282623,True,False,694,2063,1,1
shrinking_r1,shrinking,constant_1000,1000.0,304,1448556,0.0294097,True,False,1,2399,1,1
shrinking_r1,shrinking,cost_model,579.6362044598512,304,1448556,0.0290986,True,False,18,2392,1,1
shrinking_r2,shrinking,wallclock_timing,,304,5794227,0.0647219,True,False,9770,4,4,1
shrinking_r2,shrinking,constant_250,250.0,304,5794227,0.0635916,True,False,7743,1010,1,1
shrinking_r2,shrinking,constant_500,500.0,304,5794227,0.0713485,True,False,5623,2048,1,1
shrinking_r2,shrinking,constant_1000,1000.0,304,5794227,0.1045144,True,False,1400,4121,1,1
shrinking_r2,shrinking,cost_model,639.1055103573202,304,5794227,0.0689902,True,False,4453,2625,1,1
shrinking_no_b_decay_r05,shrinking,wallclock_timing,,304,1313630,0.0170356,True,False,256,769,1,1
shrinking_no_b_decay_r05,shrinking,constant_250,250.0,304,1313630,0.0128472,True,False,852,607,1,1
shrinking_no_b_decay_r05,shrinking,constant_500,500.0,304,1313630,0.0126647,True,False,1,843,1,1
shrinking_no_b_decay_r05,shrinking,constant_1000,1000.0,304,1313630,0.0124947,True,False,1,843,1,1
shrinking_no_b_decay_r05,shrinking,cost_model,620.040095011383,304,1313630,0.013155,True,False,1,843,1,1
shrinking_no_b_decay_r1,shrinking,wallclock_timing,,304,5254522,0.1076079,True,False,16622,37,7,1
shrinking_no_b_decay_r1,shrinking,constant_250,250.0,304,5254522,0.0462829,True,False,5041,567,1,1
shrinking_no_b_decay_r1,shrinking,constant_500,500.0,304,5254522,0.0573897,True,False,1747,1212,1,1
shrinking_no_b_decay_r1,shrinking,constant_1000,1000.0,304,5254522,0.0618995,True,False,1,1679,1,1
shrinking_no_b_decay_r1,shrinking,cost_model,664.3160114316831,304,5254522,0.0543446,True,False,12,1676,1,1
shrinking_no_b_decay_r2,shrinking,wallclock_timing,,304,21018089,0.138657,True,False,18669,340,7,1
shrinking_no_b_decay_r2,shrinking,constant_250,250.0,304,21018089,0.1350497,True,False,15474,545,1,1
shrinking_no_b_decay_r2,shrinking,constant_500,500.0,304,21018089,0.1295888,True,False,10110,1129,1,1
shrinking_no_b_decay_r2,shrinking,constant_1000,1000.0,304,21018089,0.1720364,True,False,3466,2422,1,1
shrinking_no_b_decay_r2,shrinking,cost_model,741.7536545355321,304,21018089,0.1683496,True,False,6581,1735,1,1
shrinking_split_b_decay_r05,shrinking,wallclock_timing,,304,299138,0.0101854,True,False,700,752,3,1
shrinking_split_b_decay_r05,shrinking,constant_250,250.0,304,299138,0.0089517,True,False,122,1038,1,1
shrinking_split_b_decay_r05,shrinking,constant_500,500.0,304,299138,0.0108962,True,False,1,1099,1,1
shrinking_split_b_decay_r05,shrinking,constant_1000,1000.0,304,299138,0.009099,True,False,1,1099,1,1
shrinking_split_b_decay_r05,shrinking,cost_model,496.310046439432,304,299138,0.0085179,True,False,1,1099,1,1
shrinking_split_b_decay_r1,shrinking,wallclock_timing,,304,1196554,0.0351794,True,False,4464,2,2,1
shrinking_split_b_decay_r1,shrinking,constant_250,250.0,304,1196554,0.0294208,True,False,2411,1029,1,1
shrinking_split_b_decay_r1,shrinking,constant_500,500.0,304,1196554,0.0345847,True,False,254,2062,1,1
shrinking_split_b_decay_r1,shrinking,constant_1000,1000.0,304,1196554,0.0358925,True,False,1,2183,1,1
shrinking_split_b_decay_r1,shrinking,cost_model,524.6153875326295,304,1196554,0.0349584,True,False,36,2168,1,1
shrinking_split_b_decay_r2,shrinking,wallclock_timing,,304,4786217,0.0703754,True,False,8918,4,4,1
shrinking_split_b_decay_r2,shrinking,constant_250,250.0,304,4786217,0.0665333,True,False,6927,1013,1,1
shrinking_split_b_decay_r2,shrinking,constant_500,500.0,304,4786217,0.0714827,True,False,4778,2051,1,1
shrinking_split_b_decay_r2,shrinking,constant_1000,1000.0,304,4786217,0.1097057,True,False,491,4119,1,1
shrinking_split_b_decay_r2,shrinking,cost_model,572.8273366107297,304,4786217,0.0630871,True,False,4147,2348,1,1
shrinking_b_decay_channels_1_r05,branch_count,wallclock_timing,,304,351289,0.0137583,True,False,2381,16,4,1
shrinking_b_decay_channels_1_r05,branch_count,constant_250,250.0,304,351289,0.0086822,True,False,320,1036,1,1
shrinking_b_decay_channels_1_r05,branch_count,constant_500,500.0,304,351289,0.0081892,True,False,1,1188,1,1
shrinking_b_decay_channels_1_r05,branch_count,constant_1000,1000.0,304,351289,0.0080725,True,False,1,1188,1,1
shrinking_b_decay_channels_1_r05,branch_count,cost_model,544.531232273166,304,351289,0.0079578,True,False,1,1188,1,1
shrinking_b_decay_channels_1_r1,branch_count,wallclock_timing,,304,1405158,0.0308695,True,False,4828,2,2,1
shrinking_b_decay_channels_1_r1,branch_count,constant_250,250.0,304,1405158,0.0251259,True,False,2742,1025,1,1
shrinking_b_decay_channels_1_r1,branch_count,constant_500,500.0,304,1405158,0.0276357,True,False,620,2064,1,1
shrinking_b_decay_channels_1_r1,branch_count,constant_1000,1000.0,304,1405158,0.0312335,True,False,1,2363,1,1
shrinking_b_decay_channels_1_r1,branch_count,cost_model,578.673056335076,304,1405158,0.0315145,True,False,1,2363,1,1
shrinking_b_decay_channels_1_r2,branch_count,wallclock_timing,,304,5620633,0.0631979,True,False,9682,4,4,1
shrinking_b_decay_channels_1_r2,branch_count,constant_250,250.0,304,5620633,0.0578167,True,False,7640,1006,1,1
shrinking_b_decay_channels_1_r2,branch_count,constant_500,500.0,304,5620633,0.0611297,True,False,5513,2048,1,1
shrinking_b_decay_channels_1_r2,branch_count,constant_1000,1000.0,304,5620633,0.1076684,True,False,1245,4115,1,1
shrinking_b_decay_channels_1_r2,branch_count,cost_model,637.3891639672992,304,5620633,0.075325,True,False,4341,2617,1,1
shrinking_b_decay_channels_2_r05,branch_count,wallclock_timing,,304,277166,0.0148768,True,False,2145,2,2,1
shrinking_b_decay_channels_2_r05,branch_count,constant_250,250.0,304,277166,0.0084801,True,False,43,1036,1,1
shrinking_b_decay_channels_2_r05,branch_count,constant_500,500.0,304,277166,0.0086514,True,False,1,1050,1,1
shrinking_b_decay_channels_2_r05,branch_count,constant_1000,1000.0,304,277166,0.0085181,True,False,1,1050,1,1
shrinking_b_decay_channels_2_r05,branch_count,cost_model,495.1028400505285,304,277166,0.0085513,True,False,1,1050,1,1
shrinking_b_decay_channels_2_r1,branch_count,wallclock_timing,,304,1108665,0.0338126,True,False,4032,129,4,1
shrinking_b_decay_channels_2_r1,branch_count,constant_250,250.0,304,1108665,0.0263171,True,False,2209,1033,1,1
shrinking_b_decay_channels_2_r1,branch_count,constant_500,500.0,304,1108665,0.0318564,True,False,80,2064,1,1
shrinking_b_decay_channels_2_r1,branch_count,constant_1000,1000.0,304,1108665,0.0356854,True,False,1,2096,1,1
shrinking_b_decay_channels_2_r1,branch_count,cost_model,522.6631618755257,304,1108665,0.0335679,True,False,1,2096,1,1
shrinking_b_decay_channels_2_r2,branch_count,wallclock_timing,,304,4434661,0.0663301,True,False,8650,4,4,1
shrinking_b_decay_channels_2_r2,branch_count,constant_250,250.0,304,4434661,0.0575446,True,False,6484,1014,1,1
shrinking_b_decay_channels_2_r2,branch_count,constant_500,500.0,304,4434661,0.0534695,True,False,4370,2051,1,1
shrinking_b_decay_channels_2_r2,branch_count,constant_1000,1000.0,304,4434661,0.1042781,True,False,149,4117,1,1
shrinking_b_decay_channels_2_r2,branch_count,cost_model,569.3850275231152,304,4434661,0.0608902,True,False,3766,2341,1,1
shrinking_b_decay_channels_4_r1,branch_count,wallclock_timing,,304,819554,0.0208202,True,False,1674,1004,3,1
shrinking_b_decay_channels_4_r1,branch_count,constant_250,250.0,304,819554,0.0206873,True,False,1601,1032,1,1
shrinking_b_decay_channels_4_r1,branch_count,constant_500,500.0,304,819554,0.0267644,True,False,1,1806,1,1
shrinking_b_decay_channels_4_r1,branch_count,constant_1000,1000.0,304,819554,0.0255964,True,False,1,1806,1,1
shrinking_b_decay_channels_4_r1,branch_count,cost_model,447.9038995693453,304,819554,0.0258333,True,False,1,1806,1,1
shrinking_b_decay_channels_4_r2,branch_count,wallclock_timing,,304,3278217,0.0585093,True,False,7459,2,2,1
shrinking_b_decay_channels_4_r2,branch_count,constant_250,250.0,304,3278217,0.0473242,True,False,5346,1019,1,1
shrinking_b_decay_channels_4_r2,branch_count,constant_500,500.0,304,3278217,0.0550938,True,False,3180,2053,1,1
shrinking_b_decay_channels_4_r2,branch_count,constant_1000,1000.0,304,3278217,0.1114459,True,False,1,3607,1,1
shrinking_b_decay_channels_4_r2,branch_count,cost_model,481.13328192109236,304,3278217,0.0645671,True,False,3349,1977,1,1
shrinking_b_decay_channels_8_r1,branch_count,wallclock_timing,,304,359061,0.0204305,True,False,2426,2,2,1
shrinking_b_decay_channels_8_r1,branch_count,constant_250,250.0,304,359061,0.0175453,True,False,347,1034,1,1
shrinking_b_decay_channels_8_r1,branch_count,constant_500,500.0,304,359061,0.0196435,True,False,1,1198,1,1
shrinking_b_decay_channels_8_r1,branch_count,constant_1000,1000.0,304,359061,0.0190694,True,False,1,1198,1,1
shrinking_b_decay_channels_8_r1,branch_count,cost_model,360.6268828473997,304,359061,0.0193724,True,False,1,1198,1,1
shrinking_b_decay_channels_8_r2,branch_count,wallclock_timing,,304,1436245,0.0429594,True,False,4959,2,2,1
shrinking_b_decay_channels_8_r2,branch_count,constant_250,250.0,304,1436245,0.0401291,True,False,2820,1024,1,1
shrinking_b_decay_channels_8_r2,branch_count,constant_500,500.0,304,1436245,0.0645046,True,False,670,2063,1,1
shrinking_b_decay_channels_8_r2,branch_count,constant_1000,1000.0,304,1436245,0.0771653,True,False,1,2393,1,1
shrinking_b_decay_channels_8_r2,branch_count,cost_model,378.0581639295689,304,1436245,0.0491431,True,False,1714,1557,1,1
dense_support_q4_r05,dense_support,wallclock_timing,,304,27282031,0.1545383,True,False,2113,754,3,1
dense_support_q4_r05,dense_support,constant_250,250.0,304,27282031,0.1452955,True,False,2591,729,1,1
dense_support_q4_r05,dense_support,constant_500,500.0,304,27282031,0.12885,True,False,1,872,1,1
dense_support_q4_r05,dense_support,constant_1000,1000.0,304,27282031,0.1344449,True,False,1,872,1,1
dense_support_q4_r05,dense_support,cost_model,733.4496986580547,304,27282031,0.1328358,True,False,1,872,1,1
dense_support_q4_r1,dense_support,wallclock_timing,,304,109128124,0.4863847,True,False,14537,1082,5,1
dense_support_q4_r1,dense_support,constant_250,250.0,304,109128124,0.485517,True,False,25289,776,1,1
dense_support_q4_r1,dense_support,constant_500,500.0,304,109128124,0.4898072,True,False,5203,1458,1,1
dense_support_q4_r1,dense_support,constant_1000,1000.0,304,109128124,0.620706,True,False,1,1742,1,1
dense_support_q4_r1,dense_support,cost_model,784.1508317724135,304,109128124,0.6345103,True,False,1,1742,1,1
dense_support_q6_r1,dense_support,wallclock_timing,,304,60230891,0.3709509,True,False,19167,569,9,1
dense_support_q6_r1,dense_support,constant_250,250.0,304,60230891,0.4269081,True,False,11740,773,1,1
dense_support_q6_r1,dense_support,constant_500,500.0,304,60230891,0.4981313,True,False,1,1295,1,1
dense_support_q6_r1,dense_support,constant_1000,1000.0,304,60230891,0.5325038,True,False,1,1295,1,1
dense_support_q6_r1,dense_support,cost_model,524.0311084918889,304,60230891,0.4983631,True,False,1,1295,1,1
dense_support_q8_r1,dense_support,wallclock_timing,,304,28645269,0.3170532,True,False,13819,378,5,1
dense_support_q8_r1,dense_support,constant_250,250.0,304,28645269,0.405972,True,False,2961,733,1,1
dense_support_q8_r1,dense_support,constant_500,500.0,304,28645269,0.4513275,True,False,1,893,1,1
dense_support_q8_r1,dense_support,constant_1000,1000.0,304,28645269,0.407469,True,False,1,893,1,1
dense_support_q8_r1,dense_support,cost_model,373.7486016086209,304,28645269,0.4043638,True,False,1,893,1,1
dense_support_q8_r2,dense_support,wallclock_timing,,304,114581078,0.9959365,True,False,63241,216,17,1
dense_support_q8_r2,dense_support,constant_250,250.0,304,114581078,1.0495141,True,False,26772,775,1,1
dense_support_q8_r2,dense_support,constant_500,500.0,304,114581078,1.7200806,True,False,5940,1465,1,1
dense_support_q8_r2,dense_support,constant_1000,1000.0,304,114581078,1.8232254,True,False,1,1785,1,1
dense_support_q8_r2,dense_support,cost_model,391.9064517682382,304,114581078,1.3379053,True,False,12443,1194,1,1
dense_support_q12_r2,dense_support,wallclock_timing,,304,51176333,0.9438141,True,False,21148,449,7,1
dense_support_q12_r2,dense_support,constant_250,250.0,304,51176333,1.1901746,True,False,9159,767,1,1
dense_support_q12_r2,dense_support,constant_500,500.0,304,51176333,1.6929267,True,False,1,1194,1,1
dense_support_q12_r2,dense_support,constant_1000,1000.0,304,51176333,1.6048268,True,False,1,1194,1,1
dense_support_q12_r2,dense_support,cost_model,246.80058779803193,304,51176333,1.2738049,True,False,9421,758,1,1
collision_o2_g0_n1000000_r05,collision,wallclock_timing,,304,26300816,0.1517472,True,False,595,822,5,1
collision_o2_g0_n1000000_r05,collision,constant_250,250.0,304,26300816,0.12278,True,False,2337,727,1,1
collision_o2_g0_n1000000_r05,collision,constant_500,500.0,304,26300816,0.1334478,True,False,1,856,1,1
collision_o2_g0_n1000000_r05,collision,constant_1000,1000.0,304,26300816,0.1304967,True,False,1,856,1,1
collision_o2_g0_n1000000_r05,collision,cost_model,732.4199056555001,304,26300816,0.1334347,True,False,1,856,1,1
collision_o2_g0_n1000000_r1,collision,wallclock_timing,,304,105203267,0.4911441,True,False,15595,1020,5,1
collision_o2_g0_n1000000_r1,collision,constant_250,250.0,304,105203267,0.42292,True,False,24228,777,1,1
collision_o2_g0_n1000000_r1,collision,constant_500,500.0,304,105203267,0.5616476,True,False,4684,1452,1,1
collision_o2_g0_n1000000_r1,collision,constant_1000,1000.0,304,105203267,0.6390979,True,False,1,1711,1,1
collision_o2_g0_n1000000_r1,collision,cost_model,782.4415315341369,304,105203267,0.567908,True,False,1,1711,1,1
collision_o2_g1_n1000000_r05,collision,wallclock_timing,,304,76002738,0.4202212,True,False,909,1306,5,1
collision_o2_g1_n1000000_r05,collision,constant_250,250.0,304,76002738,0.4589303,True,False,10141,957,1,1
collision_o2_g1_n1000000_r05,collision,constant_500,500.0,304,76002738,0.3999204,True,False,1,1350,1,1
collision_o2_g1_n1000000_r05,collision,constant_1000,1000.0,304,76002738,0.3996216,True,False,1,1350,1,1
collision_o2_g1_n1000000_r05,collision,cost_model,1061.7164377819856,304,76002738,0.4420932,True,False,1,1350,1,1
collision_o2_g2_n1000000_r05,collision,wallclock_timing,,304,118139087,0.6877589,True,False,2929,1471,5,1
collision_o2_g2_n1000000_r05,collision,constant_250,250.0,304,118139087,0.6344958,True,False,14389,1133,1,1
collision_o2_g2_n1000000_r05,collision,constant_500,500.0,304,118139087,0.6939279,True,False,1,1583,1,1
collision_o2_g2_n1000000_r05,collision,constant_1000,1000.0,304,118139087,0.6978673,True,False,1,1583,1,1
collision_o2_g2_n1000000_r05,collision,cost_model,1165.0584408123102,304,118139087,0.6808134,True,False,1,1583,1,1
dimerization_r05,dimerization,wallclock_timing,,305,7592205,0.1527791,True,False,11650,579,8,1
dimerization_r05,dimerization,constant_250,250.0,305,7592205,0.1555152,True,False,15677,0,0,1
dimerization_r05,dimerization,constant_500,500.0,305,7592205,0.1460373,True,False,1,2385,1,1
dimerization_r05,dimerization,constant_1000,1000.0,305,7592205,0.1688396,True,False,1,2385,1,1
dimerization_r05,dimerization,cost_model,877.3585545919891,305,7592205,0.1750485,True,False,1,2385,1,1
dimerization_r1,dimerization,wallclock_timing,,305,30368820,0.5740267,True,False,10515,3270,5,1
dimerization_r1,dimerization,constant_250,250.0,305,30368820,0.3516714,True,False,31316,0,0,1
dimerization_r1,dimerization,constant_500,500.0,305,30368820,0.305453,True,False,31316,0,0,1
dimerization_r1,dimerization,constant_1000,1000.0,305,30368820,0.634257,True,False,1,4770,1,1
dimerization_r1,dimerization,cost_model,932.2035471203687,305,30368820,0.6615342,True,False,1,4770,1,1
lotka_volterra_r05,lotka_volterra,wallclock_timing,,305,678466,0.980694,True,False,81067,1847,46,1
lotka_volterra_r05,lotka_volterra,constant_250,250.0,305,678466,0.8876006,True,False,86078,0,0,1
lotka_volterra_r05,lotka_volterra,constant_500,500.0,305,678466,0.8533291,True,False,32413,21244,7,1
lotka_volterra_r05,lotka_volterra,constant_1000,1000.0,305,678466,0.8563688,True,False,1,33222,1,1
lotka_volterra_r05,lotka_volterra,cost_model,756.2219268427195,305,678466,0.8522731,True,False,1,33222,1,1
lotka_volterra_r1,lotka_volterra,wallclock_timing,,305,2713864,2.0422013,True,False,154728,7035,59,1
lotka_volterra_r1,lotka_volterra,constant_250,250.0,305,2713864,2.1153364,True,False,172342,0,0,1
lotka_volterra_r1,lotka_volterra,constant_500,500.0,305,2713864,1.8815047,True,False,172342,0,0,1
lotka_volterra_r1,lotka_volterra,constant_1000,1000.0,305,2713864,3.3046765,True,False,64810,42492,7,1
lotka_volterra_r1,lotka_volterra,cost_model,802.4739755516567,305,2713864,3.4513091,True,False,136443,15762,7,1
shrinking_r05,shrinking,wallclock_timing,,305,362139,0.019459,True,False,497,962,3,1
shrinking_r05,shrinking,constant_250,250.0,305,362139,0.0173955,True,False,341,1037,1,1
shrinking_r05,shrinking,constant_500,500.0,305,362139,0.0156806,True,False,1,1200,1,1
shrinking_r05,shrinking,constant_1000,1000.0,305,362139,0.0135401,True,False,1,1200,1,1
shrinking_r05,shrinking,cost_model,545.1177853622855,305,362139,0.011406,True,False,1,1200,1,1
shrinking_r1,shrinking,wallclock_timing,,305,1448556,0.0511761,True,False,4889,2,2,1
shrinking_r1,shrinking,constant_250,250.0,305,1448556,0.0417336,True,False,2807,1024,1,1
shrinking_r1,shrinking,constant_500,500.0,305,1448556,0.0409401,True,False,680,2064,1,1
shrinking_r1,shrinking,constant_1000,1000.0,305,1448556,0.0517561,True,False,1,2407,1,1
shrinking_r1,shrinking,cost_model,579.6362044598512,305,1448556,0.0723161,True,False,14,2388,1,1
shrinking_r2,shrinking,wallclock_timing,,305,5794227,0.1221752,True,False,9783,4,4,1
shrinking_r2,shrinking,constant_250,250.0,305,5794227,0.0891157,True,False,7798,1009,1,1
shrinking_r2,shrinking,constant_500,500.0,305,5794227,0.0819257,True,False,5646,2048,1,1
shrinking_r2,shrinking,constant_1000,1000.0,305,5794227,0.1452494,True,False,1382,4117,1,1
shrinking_r2,shrinking,cost_model,639.1055103573202,305,5794227,0.1081478,True,False,4467,2623,1,1
shrinking_no_b_decay_r05,shrinking,wallclock_timing,,305,1313630,0.0273642,True,False,917,595,3,1
shrinking_no_b_decay_r05,shrinking,constant_250,250.0,305,1313630,0.0222798,True,False,875,609,1,1
shrinking_no_b_decay_r05,shrinking,constant_500,500.0,305,1313630,0.0208405,True,False,1,841,1,1
shrinking_no_b_decay_r05,shrinking,constant_1000,1000.0,305,1313630,0.0226963,True,False,1,841,1,1
shrinking_no_b_decay_r05,shrinking,cost_model,620.040095011383,305,1313630,0.0219433,True,False,1,841,1,1
shrinking_no_b_decay_r1,shrinking,wallclock_timing,,305,5254522,0.1609671,True,False,16638,22,5,1
shrinking_no_b_decay_r1,shrinking,constant_250,250.0,305,5254522,0.0713811,True,False,5079,568,1,1
shrinking_no_b_decay_r1,shrinking,constant_500,500.0,305,5254522,0.0689567,True,False,1778,1214,1,1
shrinking_no_b_decay_r1,shrinking,constant_1000,1000.0,305,5254522,0.0609361,True,False,1,1679,1,1
shrinking_no_b_decay_r1,shrinking,cost_model,664.3160114316831,305,5254522,0.058931,True,False,9,1676,1,1
shrinking_no_b_decay_r2,shrinking,wallclock_timing,,305,21018089,0.1848661,True,False,9835,1184,5,1
shrinking_no_b_decay_r2,shrinking,constant_250,250.0,305,21018089,0.2089541,True,False,15520,545,1,1
shrinking_no_b_decay_r2,shrinking,constant_500,500.0,305,21018089,0.1542276,True,False,10211,1131,1,1
shrinking_no_b_decay_r2,shrinking,constant_1000,1000.0,305,21018089,0.2126905,True,False,3495,2423,1,1
shrinking_no_b_decay_r2,shrinking,cost_model,741.7536545355321,305,21018089,0.2329602,True,False,6624,1734,1,1
shrinking_split_b_decay_r05,shrinking,wallclock_timing,,305,299138,0.016851,True,False,2245,2,2,1
shrinking_split_b_decay_r05,shrinking,constant_250,250.0,305,299138,0.0108479,True,False,115,1036,1,1
shrinking_split_b_decay_r05,shrinking,constant_500,500.0,305,299138,0.0098123,True,False,1,1094,1,1
shrinking_split_b_decay_r05,shrinking,constant_1000,1000.0,305,299138,0.0122486,True,False,1,1094,1,1
shrinking_split_b_decay_r05,shrinking,cost_model,496.310046439432,305,299138,0.0091586,True,False,1,1094,1,1
shrinking_split_b_decay_r1,shrinking,wallclock_timing,,305,1196554,0.0362526,True,False,4454,15,4,1
shrinking_split_b_decay_r1,shrinking,constant_250,250.0,305,1196554,0.0356925,True,False,2393,1030,1,1
shrinking_split_b_decay_r1,shrinking,constant_500,500.0,305,1196554,0.073793,True,False,239,2062,1,1
shrinking_split_b_decay_r1,shrinking,constant_1000,1000.0,305,1196554,0.0602706,True,False,1,2184,1,1
shrinking_split_b_decay_r1,shrinking,cost_model,524.6153875326295,305,1196554,0.039048,True,False,36,2165,1,1
shrinking_split_b_decay_r2,shrinking,wallclock_timing,,305,4786217,0.0667517,True,False,8984,4,4,1
shrinking_split_b_decay_r2,shrinking,constant_250,250.0,305,4786217,0.0699213,True,False,6872,1015,1,1
shrinking_split_b_decay_r2,shrinking,constant_500,500.0,305,4786217,0.0689142,True,False,4740,2045,1,1
shrinking_split_b_decay_r2,shrinking,constant_1000,1000.0,305,4786217,0.1321324,True,False,489,4115,1,1
shrinking_split_b_decay_r2,shrinking,cost_model,572.8273366107297,305,4786217,0.0733049,True,False,4120,2352,1,1
shrinking_b_decay_channels_1_r05,branch_count,wallclock_timing,,305,351289,0.0116788,True,False,1201,608,3,1
shrinking_b_decay_channels_1_r05,branch_count,constant_250,250.0,305,351289,0.009353,True,False,312,1033,1,1
shrinking_b_decay_channels_1_r05,branch_count,constant_500,500.0,305,351289,0.0097377,True,False,1,1180,1,1
shrinking_b_decay_channels_1_r05,branch_count,constant_1000,1000.0,305,351289,0.0098049,True,False,1,1180,1,1
shrinking_b_decay_channels_1_r05,branch_count,cost_model,544.531232273166,305,351289,0.0091168,True,False,1,1180,1,1
shrinking_b_decay_channels_1_r1,branch_count,wallclock_timing,,305,1405158,0.0364991,True,False,4752,9,4,1
shrinking_b_decay_channels_1_r1,branch_count,constant_250,250.0,305,1405158,0.0306166,True,False,2733,1025,1,1
shrinking_b_decay_channels_1_r1,branch_count,constant_500,500.0,305,1405158,0.0302876,True,False,609,2058,1,1
shrinking_b_decay_channels_1_r1,branch_count,constant_1000,1000.0,305,1405158,0.0325947,True,False,1,2367,1,1
shrinking_b_decay_channels_1_r1,branch_count,cost_model,578.673056335076,305,1405158,0.0424256,True,False,1,2367,1,1
shrinking_b_decay_channels_1_r2,branch_count,wallclock_timing,,305,5620633,0.0751901,True,False,9640,4,4,1
shrinking_b_decay_channels_1_r2,branch_count,constant_250,250.0,305,5620633,0.0738143,True,False,7669,1008,1,1
shrinking_b_decay_channels_1_r2,branch_count,constant_500,500.0,305,5620633,0.0720095,True,False,5511,2043,1,1
shrinking_b_decay_channels_1_r2,branch_count,constant_1000,1000.0,305,5620633,0.1217887,True,False,1247,4119,1,1
shrinking_b_decay_channels_1_r2,branch_count,cost_model,637.3891639672992,305,5620633,0.0923641,True,False,4346,2617,1,1
shrinking_b_decay_channels_2_r05,branch_count,wallclock_timing,,305,277166,0.0153057,True,False,2170,2,2,1
shrinking_b_decay_channels_2_r05,branch_count,constant_250,250.0,305,277166,0.0084872,True,False,43,1033,1,1
shrinking_b_decay_channels_2_r05,branch_count,constant_500,500.0,305,277166,0.0085094,True,False,1,1053,1,1
shrinking_b_decay_channels_2_r05,branch_count,constant_1000,1000.0,305,277166,0.010452,True,False,1,1053,1,1
shrinking_b_decay_channels_2_r05,branch_count,cost_model,495.1028400505285,305,277166,0.008109,True,False,1,1053,1,1
shrinking_b_decay_channels_2_r1,branch_count,wallclock_timing,,305,1108665,0.033836,True,False,4296,2,2,1
shrinking_b_decay_channels_2_r1,branch_count,constant_250,250.0,305,1108665,0.0246721,True,False,2175,1032,1,1
shrinking_b_decay_channels_2_r1,branch_count,constant_500,500.0,305,1108665,0.03095,True,False,69,2064,1,1
shrinking_b_decay_channels_2_r1,branch_count,constant_1000,1000.0,305,1108665,0.0301539,True,False,1,2100,1,1
shrinking_b_decay_channels_2_r1,branch_count,cost_model,522.6631618755257,305,1108665,0.0331218,True,False,1,2100,1,1
shrinking_b_decay_channels_2_r2,branch_count,wallclock_timing,,305,4434661,0.0612891,True,False,8620,4,4,1
shrinking_b_decay_channels_2_r2,branch_count,constant_250,250.0,305,4434661,0.0646346,True,False,6622,1016,1,1
shrinking_b_decay_channels_2_r2,branch_count,constant_500,500.0,305,4434661,0.0617706,True,False,4459,2049,1,1
shrinking_b_decay_channels_2_r2,branch_count,constant_1000,1000.0,305,4434661,0.1143189,True,False,156,4126,1,1
shrinking_b_decay_channels_2_r2,branch_count,cost_model,569.3850275231152,305,4434661,0.0820579,True,False,3862,2340,1,1
shrinking_b_decay_channels_4_r1,branch_count,wallclock_timing,,305,819554,0.0330905,True,False,3713,2,2,1
shrinking_b_decay_channels_4_r1,branch_count,constant_250,250.0,305,819554,0.0288149,True,False,1570,1028,1,1
shrinking_b_decay_channels_4_r1,branch_count,constant_500,500.0,305,819554,0.0361553,True,False,1,1806,1,1
shrinking_b_decay_channels_4_r1,branch_count,constant_1000,1000.0,305,819554,0.0330915,True,False,1,1806,1,1
shrinking_b_decay_channels_4_r1,branch_count,cost_model,447.9038995693453,305,819554,0.0333173,True,False,1,1806,1,1
shrinking_b_decay_channels_4_r2,branch_count,wallclock_timing,,305,3278217,0.0769202,True,False,7439,2,2,1
shrinking_b_decay_channels_4_r2,branch_count,constant_250,250.0,305,3278217,0.0627782,True,False,5295,1019,1,1
shrinking_b_decay_channels_4_r2,branch_count,constant_500,500.0,305,3278217,0.077167,True,False,3176,2058,1,1
shrinking_b_decay_channels_4_r2,branch_count,constant_1000,1000.0,305,3278217,0.1556056,True,False,1,3613,1,1
shrinking_b_decay_channels_4_r2,branch_count,cost_model,481.13328192109236,305,3278217,0.0742242,True,False,3333,1976,1,1
shrinking_b_decay_channels_8_r1,branch_count,wallclock_timing,,305,359061,0.0234809,True,False,2445,2,2,1
shrinking_b_decay_channels_8_r1,branch_count,constant_250,250.0,305,359061,0.017609,True,False,351,1035,1,1
shrinking_b_decay_channels_8_r1,branch_count,constant_500,500.0,305,359061,0.0217746,True,False,1,1194,1,1
shrinking_b_decay_channels_8_r1,branch_count,constant_1000,1000.0,305,359061,0.0217855,True,False,1,1194,1,1
shrinking_b_decay_channels_8_r1,branch_count,cost_model,360.6268828473997,305,359061,0.0218728,True,False,1,1194,1,1
shrinking_b_decay_channels_8_r2,branch_count,wallclock_timing,,305,1436245,0.0401522,True,False,4916,2,2,1
shrinking_b_decay_channels_8_r2,branch_count,constant_250,250.0,305,1436245,0.0398501,True,False,2813,1024,1,1
shrinking_b_decay_channels_8_r2,branch_count,constant_500,500.0,305,1436245,0.0945074,True,False,668,2066,1,1
shrinking_b_decay_channels_8_r2,branch_count,constant_1000,1000.0,305,1436245,0.1361658,True,False,1,2387,1,1
shrinking_b_decay_channels_8_r2,branch_count,cost_model,378.0581639295689,305,1436245,0.0857525,True,False,1697,1560,1,1
dense_support_q4_r05,dense_support,wallclock_timing,,305,27282031,0.2365251,True,False,2783,725,5,1
dense_support_q4_r05,dense_support,constant_250,250.0,305,27282031,0.2682787,True,False,2668,730,1,1
dense_support_q4_r05,dense_support,constant_500,500.0,305,27282031,0.2486669,True,False,1,872,1,1
dense_support_q4_r05,dense_support,constant_1000,1000.0,305,27282031,0.2108165,True,False,1,872,1,1
dense_support_q4_r05,dense_support,cost_model,733.4496986580547,305,27282031,0.301377,True,False,1,872,1,1
dense_support_q4_r1,dense_support,wallclock_timing,,305,109128124,0.8519446,True,False,27463,760,15,1
dense_support_q4_r1,dense_support,constant_250,250.0,305,109128124,0.8008508,True,False,25357,776,1,1
dense_support_q4_r1,dense_support,constant_500,500.0,305,109128124,0.9959982,True,False,5310,1458,1,1
dense_support_q4_r1,dense_support,constant_1000,1000.0,305,109128124,1.0792101,True,False,1,1743,1,1
dense_support_q4_r1,dense_support,cost_model,784.1508317724135,305,109128124,0.8521577,True,False,1,1743,1,1
dense_support_q6_r1,dense_support,wallclock_timing,,305,60230891,0.7194941,True,False,16448,640,9,1
dense_support_q6_r1,dense_support,constant_250,250.0,305,60230891,0.7944172,True,False,11835,773,1,1
dense_support_q6_r1,dense_support,constant_500,500.0,305,60230891,0.8439267,True,False,1,1295,1,1
dense_support_q6_r1,dense_support,constant_1000,1000.0,305,60230891,0.9037213,True,False,1,1295,1,1
dense_support_q6_r1,dense_support,cost_model,524.0311084918889,305,60230891,0.9956545,True,False,1,1295,1,1
dense_support_q8_r1,dense_support,wallclock_timing,,305,28645269,0.6358221,True,False,8457,525,7,1
dense_support_q8_r1,dense_support,constant_250,250.0,305,28645269,0.6577826,True,False,3048,733,1,1
dense_support_q8_r1,dense_support,constant_500,500.0,305,28645269,0.6204851,True,False,1,894,1,1
dense_support_q8_r1,dense_support,constant_1000,1000.0,305,28645269,0.6252752,True,False,1,894,1,1
dense_support_q8_r1,dense_support,cost_model,373.7486016086209,305,28645269,0.8603073,True,False,1,894,1,1
dense_support_q8_r2,dense_support,wallclock_timing,,305,114581078,2.0583996,True,False,18151,1008,7,1
dense_support_q8_r2,dense_support,constant_250,250.0,305,114581078,1.3940194,True,False,26830,775,1,1
dense_support_q8_r2,dense_support,constant_500,500.0,305,114581078,1.9886797,True,False,6040,1465,1,1
dense_support_q8_r2,dense_support,constant_1000,1000.0,305,114581078,2.0029686,True,False,1,1786,1,1
dense_support_q8_r2,dense_support,cost_model,391.9064517682382,305,114581078,1.425983,True,False,12558,1195,1,1
dense_support_q12_r2,dense_support,wallclock_timing,,305,51176333,1.0082177,True,False,39715,173,11,1
dense_support_q12_r2,dense_support,constant_250,250.0,305,51176333,1.2856704,True,False,9272,767,1,1
dense_support_q12_r2,dense_support,constant_500,500.0,305,51176333,1.6814466,True,False,1,1194,1,1
dense_support_q12_r2,dense_support,constant_1000,1000.0,305,51176333,1.5893164,True,False,1,1194,1,1
dense_support_q12_r2,dense_support,cost_model,246.80058779803193,305,51176333,1.1660235,True,False,9528,758,1,1
collision_o2_g0_n1000000_r05,collision,wallclock_timing,,305,26300816,0.1308908,True,False,1744,759,3,1
collision_o2_g0_n1000000_r05,collision,constant_250,250.0,305,26300816,0.1309457,True,False,2411,727,1,1
collision_o2_g0_n1000000_r05,collision,constant_500,500.0,305,26300816,0.1427251,True,False,1,856,1,1
collision_o2_g0_n1000000_r05,collision,constant_1000,1000.0,305,26300816,0.1340304,True,False,1,856,1,1
collision_o2_g0_n1000000_r05,collision,cost_model,732.4199056555001,305,26300816,0.1375041,True,False,1,856,1,1
collision_o2_g0_n1000000_r1,collision,wallclock_timing,,305,105203267,0.4833172,True,False,6526,1370,3,1
collision_o2_g0_n1000000_r1,collision,constant_250,250.0,305,105203267,0.4503393,True,False,24295,777,1,1
collision_o2_g0_n1000000_r1,collision,constant_500,500.0,305,105203267,0.5138624,True,False,4790,1453,1,1
collision_o2_g0_n1000000_r1,collision,constant_1000,1000.0,305,105203267,0.5555986,True,False,1,1711,1,1
collision_o2_g0_n1000000_r1,collision,cost_model,782.4415315341369,305,105203267,0.5979492,True,False,1,1711,1,1
collision_o2_g1_n1000000_r05,collision,wallclock_timing,,305,76002738,0.399894,True,False,1209,1294,3,1
collision_o2_g1_n1000000_r05,collision,constant_250,250.0,305,76002738,0.4047721,True,False,10240,957,1,1
collision_o2_g1_n1000000_r05,collision,constant_500,500.0,305,76002738,0.4084406,True,False,1,1351,1,1
collision_o2_g1_n1000000_r05,collision,constant_1000,1000.0,305,76002738,0.3939979,True,False,1,1351,1,1
collision_o2_g1_n1000000_r05,collision,cost_model,1061.7164377819856,305,76002738,0.4083514,True,False,1,1351,1,1
collision_o2_g2_n1000000_r05,collision,wallclock_timing,,305,118139087,0.6332059,True,False,7509,1341,7,1
collision_o2_g2_n1000000_r05,collision,constant_250,250.0,305,118139087,0.6915504,True,False,14556,1133,1,1
collision_o2_g2_n1000000_r05,collision,constant_500,500.0,305,118139087,0.6642734,True,False,1,1583,1,1
collision_o2_g2_n1000000_r05,collision,constant_1000,1000.0,305,118139087,0.6338632,True,False,1,1583,1,1
collision_o2_g2_n1000000_r05,collision,cost_model,1165.0584408123102,305,118139087,0.7134046,True,False,1,1583,1,1
dimerization_r05,dimerization,wallclock_timing,,306,7592205,0.1575886,True,False,12161,541,8,1
dimerization_r05,dimerization,constant_250,250.0,306,7592205,0.1646472,True,False,15696,0,0,1
dimerization_r05,dimerization,constant_500,500.0,306,7592205,0.1514457,True,False,1,2386,1,1
dimerization_r05,dimerization,constant_1000,1000.0,306,7592205,0.1565012,True,False,1,2386,1,1
dimerization_r05,dimerization,cost_model,877.3585545919891,306,7592205,0.1469099,True,False,1,2386,1,1
dimerization_r1,dimerization,wallclock_timing,,306,30368820,0.4000607,True,False,25811,871,14,1
dimerization_r1,dimerization,constant_250,250.0,306,30368820,0.3313028,True,False,31308,0,0,1
dimerization_r1,dimerization,constant_500,500.0,306,30368820,0.3152733,True,False,31308,0,0,1
dimerization_r1,dimerization,constant_1000,1000.0,306,30368820,0.5828819,True,False,1,4770,1,1
dimerization_r1,dimerization,cost_model,932.2035471203687,306,30368820,0.5868763,True,False,1,4770,1,1
lotka_volterra_r05,lotka_volterra,wallclock_timing,,306,678466,0.8929316,True,False,83285,1196,50,1
lotka_volterra_r05,lotka_volterra,constant_250,250.0,306,678466,0.9115319,True,False,86144,0,0,1
lotka_volterra_r05,lotka_volterra,constant_500,500.0,306,678466,0.7768449,True,False,32481,21249,7,1
lotka_volterra_r05,lotka_volterra,constant_1000,1000.0,306,678466,0.8584472,True,False,1,33211,1,1
lotka_volterra_r05,lotka_volterra,cost_model,756.2219268427195,306,678466,0.8501276,True,False,1,33211,1,1
lotka_volterra_r1,lotka_volterra,wallclock_timing,,306,2713864,1.7824051,True,False,172299,81,62,1
lotka_volterra_r1,lotka_volterra,constant_250,250.0,306,2713864,1.8473143,True,False,172509,0,0,1
lotka_volterra_r1,lotka_volterra,constant_500,500.0,306,2713864,1.8008344,True,False,172509,0,0,1
lotka_volterra_r1,lotka_volterra,constant_1000,1000.0,306,2713864,2.5501729,True,False,65009,42503,7,1
lotka_volterra_r1,lotka_volterra,cost_model,802.4739755516567,306,2713864,2.1674924,True,False,136308,15948,7,1
shrinking_r05,shrinking,wallclock_timing,,306,362139,0.0169094,True,False,2464,2,2,1
shrinking_r05,shrinking,constant_250,250.0,306,362139,0.0112515,True,False,357,1038,1,1
shrinking_r05,shrinking,constant_500,500.0,306,362139,0.0092147,True,False,1,1203,1,1
shrinking_r05,shrinking,constant_1000,1000.0,306,362139,0.009731,True,False,1,1203,1,1
shrinking_r05,shrinking,cost_model,545.1177853622855,306,362139,0.0101539,True,False,1,1203,1,1
shrinking_r1,shrinking,wallclock_timing,,306,1448556,0.0370953,True,False,4891,4,4,1
shrinking_r1,shrinking,constant_250,250.0,306,1448556,0.0311919,True,False,2802,1025,1,1
shrinking_r1,shrinking,constant_500,500.0,306,1448556,0.0370934,True,False,701,2061,1,1
shrinking_r1,shrinking,constant_1000,1000.0,306,1448556,0.03584,True,False,1,2401,1,1
shrinking_r1,shrinking,cost_model,579.6362044598512,306,1448556,0.0370405,True,False,17,2390,1,1
shrinking_r2,shrinking,wallclock_timing,,306,5794227,0.0811845,True,False,9886,4,4,1
shrinking_r2,shrinking,constant_250,250.0,306,5794227,0.0695312,True,False,7764,1009,1,1
shrinking_r2,shrinking,constant_500,500.0,306,5794227,0.0785426,True,False,5626,2050,1,1
shrinking_r2,shrinking,constant_1000,1000.0,306,5794227,0.1248637,True,False,1357,4114,1,1
shrinking_r2,shrinking,cost_model,639.1055103573202,306,5794227,0.0871649,True,False,4433,2624,1,1
shrinking_no_b_decay_r05,shrinking,wallclock_timing,,306,1313630,0.0246401,True,False,2205,336,3,1
shrinking_no_b_decay_r05,shrinking,constant_250,250.0,306,1313630,0.0180447,True,False,866,610,1,1
shrinking_no_b_decay_r05,shrinking,constant_500,500.0,306,1313630,0.0180648,True,False,1,841,1,1
shrinking_no_b_decay_r05,shrinking,constant_1000,1000.0,306,1313630,0.015488,True,False,1,841,1,1
shrinking_no_b_decay_r05,shrinking,cost_model,620.040095011383,306,1313630,0.0151992,True,False,1,841,1,1
shrinking_no_b_decay_r1,shrinking,wallclock_timing,,306,5254522,0.074991,True,False,9796,159,7,1
shrinking_no_b_decay_r1,shrinking,constant_250,250.0,306,5254522,0.0508166,True,False,5123,566,1,1
shrinking_no_b_decay_r1,shrinking,constant_500,500.0,306,5254522,0.0513147,True,False,1761,1213,1,1
shrinking_no_b_decay_r1,shrinking,constant_1000,1000.0,306,5254522,0.0549401,True,False,1,1678,1,1
shrinking_no_b_decay_r1,shrinking,cost_model,664.3160114316831,306,5254522,0.0561236,True,False,11,1675,1,1
shrinking_no_b_decay_r2,shrinking,wallclock_timing,,306,21018089,0.1411057,True,False,9408,1237,5,1
shrinking_no_b_decay_r2,shrinking,constant_250,250.0,306,21018089,0.1441279,True,False,15429,544,1,1
shrinking_no_b_decay_r2,shrinking,constant_500,500.0,306,21018089,0.1634783,True,False,10059,1130,1,1
shrinking_no_b_decay_r2,shrinking,constant_1000,1000.0,306,21018089,0.2069064,True,False,3432,2422,1,1
shrinking_no_b_decay_r2,shrinking,cost_model,741.7536545355321,306,21018089,0.1563078,True,False,6504,1736,1,1
shrinking_split_b_decay_r05,shrinking,wallclock_timing,,306,299138,0.0137758,True,False,2246,2,2,1
shrinking_split_b_decay_r05,shrinking,constant_250,250.0,306,299138,0.0079948,True,False,137,1038,1,1
shrinking_split_b_decay_r05,shrinking,constant_500,500.0,306,299138,0.008206,True,False,1,1089,1,1
shrinking_split_b_decay_r05,shrinking,constant_1000,1000.0,306,299138,0.0087051,True,False,1,1089,1,1
shrinking_split_b_decay_r05,shrinking,cost_model,496.310046439432,306,299138,0.0086986,True,False,1,1089,1,1
shrinking_split_b_decay_r1,shrinking,wallclock_timing,,306,1196554,0.0301286,True,False,4464,2,2,1
shrinking_split_b_decay_r1,shrinking,constant_250,250.0,306,1196554,0.0239038,True,False,2400,1030,1,1
shrinking_split_b_decay_r1,shrinking,constant_500,500.0,306,1196554,0.0298509,True,False,252,2063,1,1
shrinking_split_b_decay_r1,shrinking,constant_1000,1000.0,306,1196554,0.0329901,True,False,1,2180,1,1
shrinking_split_b_decay_r1,shrinking,cost_model,524.6153875326295,306,1196554,0.0303831,True,False,36,2171,1,1
shrinking_split_b_decay_r2,shrinking,wallclock_timing,,306,4786217,0.068533,True,False,8926,4,4,1
shrinking_split_b_decay_r2,shrinking,constant_250,250.0,306,4786217,0.0687996,True,False,6932,1012,1,1
shrinking_split_b_decay_r2,shrinking,constant_500,500.0,306,4786217,0.068725,True,False,4749,2049,1,1
shrinking_split_b_decay_r2,shrinking,constant_1000,1000.0,306,4786217,0.1414636,True,False,481,4121,1,1
shrinking_split_b_decay_r2,shrinking,cost_model,572.8273366107297,306,4786217,0.0840996,True,False,4123,2345,1,1
shrinking_b_decay_channels_1_r05,branch_count,wallclock_timing,,306,351289,0.0217918,True,False,2422,2,2,1
shrinking_b_decay_channels_1_r05,branch_count,constant_250,250.0,306,351289,0.0106638,True,False,298,1034,1,1
shrinking_b_decay_channels_1_r05,branch_count,constant_500,500.0,306,351289,0.0103575,True,False,1,1185,1,1
shrinking_b_decay_channels_1_r05,branch_count,constant_1000,1000.0,306,351289,0.008963,True,False,1,1185,1,1
shrinking_b_decay_channels_1_r05,branch_count,cost_model,544.531232273166,306,351289,0.0114174,True,False,1,1185,1,1
shrinking_b_decay_channels_1_r1,branch_count,wallclock_timing,,306,1405158,0.0377715,True,False,4879,2,2,1
shrinking_b_decay_channels_1_r1,branch_count,constant_250,250.0,306,1405158,0.0314706,True,False,2754,1026,1,1
shrinking_b_decay_channels_1_r1,branch_count,constant_500,500.0,306,1405158,0.0362436,True,False,611,2060,1,1
shrinking_b_decay_channels_1_r1,branch_count,constant_1000,1000.0,306,1405158,0.0366253,True,False,1,2363,1,1
shrinking_b_decay_channels_1_r1,branch_count,cost_model,578.673056335076,306,1405158,0.0398239,True,False,1,2363,1,1
shrinking_b_decay_channels_1_r2,branch_count,wallclock_timing,,306,5620633,0.0783079,True,False,9714,4,4,1
shrinking_b_decay_channels_1_r2,branch_count,constant_250,250.0,306,5620633,0.0604793,True,False,7681,1010,1,1
shrinking_b_decay_channels_1_r2,branch_count,constant_500,500.0,306,5620633,0.0632892,True,False,5566,2047,1,1
shrinking_b_decay_channels_1_r2,branch_count,constant_1000,1000.0,306,5620633,0.1040769,True,False,1280,4119,1,1
shrinking_b_decay_channels_1_r2,branch_count,cost_model,637.3891639672992,306,5620633,0.0739625,True,False,4395,2618,1,1
shrinking_b_decay_channels_2_r05,branch_count,wallclock_timing,,306,277166,0.0129189,True,False,1707,210,4,1
shrinking_b_decay_channels_2_r05,branch_count,constant_250,250.0,306,277166,0.0081075,True,False,40,1036,1,1
shrinking_b_decay_channels_2_r05,branch_count,constant_500,500.0,306,277166,0.0072527,True,False,1,1056,1,1
shrinking_b_decay_channels_2_r05,branch_count,constant_1000,1000.0,306,277166,0.0103117,True,False,1,1056,1,1
shrinking_b_decay_channels_2_r05,branch_count,cost_model,495.1028400505285,306,277166,0.0074864,True,False,1,1056,1,1
shrinking_b_decay_channels_2_r1,branch_count,wallclock_timing,,306,1108665,0.0352454,True,False,4291,2,2,1
shrinking_b_decay_channels_2_r1,branch_count,constant_250,250.0,306,1108665,0.0235957,True,False,2201,1028,1,1
shrinking_b_decay_channels_2_r1,branch_count,constant_500,500.0,306,1108665,0.0301775,True,False,73,2060,1,1
shrinking_b_decay_channels_2_r1,branch_count,constant_1000,1000.0,306,1108665,0.0301548,True,False,1,2103,1,1
shrinking_b_decay_channels_2_r1,branch_count,cost_model,522.6631618755257,306,1108665,0.0318643,True,False,1,2103,1,1
shrinking_b_decay_channels_2_r2,branch_count,wallclock_timing,,306,4434661,0.0713968,True,False,8635,4,4,1
shrinking_b_decay_channels_2_r2,branch_count,constant_250,250.0,306,4434661,0.0636181,True,False,6611,1014,1,1
shrinking_b_decay_channels_2_r2,branch_count,constant_500,500.0,306,4434661,0.070819,True,False,4457,2055,1,1
shrinking_b_decay_channels_2_r2,branch_count,constant_1000,1000.0,306,4434661,0.1560298,True,False,159,4113,1,1
shrinking_b_decay_channels_2_r2,branch_count,cost_model,569.3850275231152,306,4434661,0.0760531,True,False,3853,2337,1,1
shrinking_b_decay_channels_4_r1,branch_count,wallclock_timing,,306,819554,0.0309454,True,False,3730,2,2,1
shrinking_b_decay_channels_4_r1,branch_count,constant_250,250.0,306,819554,0.0261769,True,False,1554,1031,1,1
shrinking_b_decay_channels_4_r1,branch_count,constant_500,500.0,306,819554,0.0280648,True,False,1,1808,1,1
shrinking_b_decay_channels_4_r1,branch_count,constant_1000,1000.0,306,819554,0.0272868,True,False,1,1808,1,1
shrinking_b_decay_channels_4_r1,branch_count,cost_model,447.9038995693453,306,819554,0.0272924,True,False,1,1808,1,1
shrinking_b_decay_channels_4_r2,branch_count,wallclock_timing,,306,3278217,0.0549492,True,False,7390,2,2,1
shrinking_b_decay_channels_4_r2,branch_count,constant_250,250.0,306,3278217,0.0540654,True,False,5412,1017,1,1
shrinking_b_decay_channels_4_r2,branch_count,constant_500,500.0,306,3278217,0.0650455,True,False,3259,2052,1,1
shrinking_b_decay_channels_4_r2,branch_count,constant_1000,1000.0,306,3278217,0.1066901,True,False,1,3607,1,1
shrinking_b_decay_channels_4_r2,branch_count,cost_model,481.13328192109236,306,3278217,0.0598899,True,False,3420,1977,1,1
shrinking_b_decay_channels_8_r1,branch_count,wallclock_timing,,306,359061,0.0183503,True,False,2427,2,2,1
shrinking_b_decay_channels_8_r1,branch_count,constant_250,250.0,306,359061,0.0180725,True,False,328,1030,1,1
shrinking_b_decay_channels_8_r1,branch_count,constant_500,500.0,306,359061,0.0183331,True,False,1,1195,1,1
shrinking_b_decay_channels_8_r1,branch_count,constant_1000,1000.0,306,359061,0.0188442,True,False,1,1195,1,1
shrinking_b_decay_channels_8_r1,branch_count,cost_model,360.6268828473997,306,359061,0.020879,True,False,1,1195,1,1
shrinking_b_decay_channels_8_r2,branch_count,wallclock_timing,,306,1436245,0.0443242,True,False,4903,2,2,1
shrinking_b_decay_channels_8_r2,branch_count,constant_250,250.0,306,1436245,0.0429913,True,False,2789,1028,1,1
shrinking_b_decay_channels_8_r2,branch_count,constant_500,500.0,306,1436245,0.0664167,True,False,666,2065,1,1
shrinking_b_decay_channels_8_r2,branch_count,constant_1000,1000.0,306,1436245,0.0826549,True,False,1,2389,1,1
shrinking_b_decay_channels_8_r2,branch_count,cost_model,378.0581639295689,306,1436245,0.0517165,True,False,1712,1558,1,1
dense_support_q4_r05,dense_support,wallclock_timing,,306,27282031,0.1530435,True,False,5448,611,5,1
dense_support_q4_r05,dense_support,constant_250,250.0,306,27282031,0.1322737,True,False,2661,730,1,1
dense_support_q4_r05,dense_support,constant_500,500.0,306,27282031,0.1402462,True,False,1,872,1,1
dense_support_q4_r05,dense_support,constant_1000,1000.0,306,27282031,0.1425447,True,False,1,872,1,1
dense_support_q4_r05,dense_support,cost_model,733.4496986580547,306,27282031,0.145508,True,False,1,872,1,1
dense_support_q4_r1,dense_support,wallclock_timing,,306,109128124,0.5918912,True,False,2760,1587,3,1
dense_support_q4_r1,dense_support,constant_250,250.0,306,109128124,0.4546738,True,False,25332,776,1,1
dense_support_q4_r1,dense_support,constant_500,500.0,306,109128124,0.5802363,True,False,5315,1458,1,1
dense_support_q4_r1,dense_support,constant_1000,1000.0,306,109128124,0.5749542,True,False,1,1743,1,1
dense_support_q4_r1,dense_support,cost_model,784.1508317724135,306,109128124,0.5965106,True,False,1,1743,1,1
dense_support_q6_r1,dense_support,wallclock_timing,,306,60230891,0.3935814,True,False,18087,597,7,1
dense_support_q6_r1,dense_support,constant_250,250.0,306,60230891,0.4516831,True,False,11807,773,1,1
dense_support_q6_r1,dense_support,constant_500,500.0,306,60230891,0.5121948,True,False,1,1295,1,1
dense_support_q6_r1,dense_support,constant_1000,1000.0,306,60230891,0.5570878,True,False,1,1295,1,1
dense_support_q6_r1,dense_support,cost_model,524.0311084918889,306,60230891,0.5040303,True,False,1,1295,1,1
dense_support_q8_r1,dense_support,wallclock_timing,,306,28645269,0.4139791,True,False,3390,717,3,1
dense_support_q8_r1,dense_support,constant_250,250.0,306,28645269,0.3752307,True,False,3043,733,1,1
dense_support_q8_r1,dense_support,constant_500,500.0,306,28645269,0.4626593,True,False,1,894,1,1
dense_support_q8_r1,dense_support,constant_1000,1000.0,306,28645269,0.4149456,True,False,1,894,1,1
dense_support_q8_r1,dense_support,cost_model,373.7486016086209,306,28645269,0.4350616,True,False,1,894,1,1
dense_support_q8_r2,dense_support,wallclock_timing,,306,114581078,0.93628,True,False,54660,313,15,1
dense_support_q8_r2,dense_support,constant_250,250.0,306,114581078,1.3275784,True,False,26832,774,1,1
dense_support_q8_r2,dense_support,constant_500,500.0,306,114581078,2.0088769,True,False,6039,1465,1,1
dense_support_q8_r2,dense_support,constant_1000,1000.0,306,114581078,1.8290738,True,False,1,1786,1,1
dense_support_q8_r2,dense_support,cost_model,391.9064517682382,306,114581078,1.6140921,True,False,12517,1195,1,1
dense_support_q12_r2,dense_support,wallclock_timing,,306,51176333,1.0532715,True,False,33993,241,11,1
dense_support_q12_r2,dense_support,constant_250,250.0,306,51176333,1.2493984,True,False,9258,767,1,1
dense_support_q12_r2,dense_support,constant_500,500.0,306,51176333,1.6183465,True,False,1,1194,1,1
dense_support_q12_r2,dense_support,constant_1000,1000.0,306,51176333,2.6664687,True,False,1,1194,1,1
dense_support_q12_r2,dense_support,cost_model,246.80058779803193,306,51176333,2.1476651,True,False,9505,758,1,1
collision_o2_g0_n1000000_r05,collision,wallclock_timing,,306,26300816,0.2477186,True,False,1253,785,3,1
collision_o2_g0_n1000000_r05,collision,constant_250,250.0,306,26300816,0.2238599,True,False,2390,726,1,1
collision_o2_g0_n1000000_r05,collision,constant_500,500.0,306,26300816,0.2348136,True,False,1,856,1,1
collision_o2_g0_n1000000_r05,collision,constant_1000,1000.0,306,26300816,0.2711661,True,False,1,856,1,1
collision_o2_g0_n1000000_r05,collision,cost_model,732.4199056555001,306,26300816,0.2440919,True,False,1,856,1,1
collision_o2_g0_n1000000_r1,collision,wallclock_timing,,306,105203267,0.761727,True,False,17655,974,11,1
collision_o2_g0_n1000000_r1,collision,constant_250,250.0,306,105203267,0.7273165,True,False,24269,777,1,1
collision_o2_g0_n1000000_r1,collision,constant_500,500.0,306,105203267,0.8481848,True,False,4791,1452,1,1
collision_o2_g0_n1000000_r1,collision,constant_1000,1000.0,306,105203267,0.8641533,True,False,1,1711,1,1
collision_o2_g0_n1000000_r1,collision,cost_model,782.4415315341369,306,105203267,0.7870406,True,False,1,1711,1,1
collision_o2_g1_n1000000_r05,collision,wallclock_timing,,306,76002738,0.6196944,True,False,2804,1225,5,1
collision_o2_g1_n1000000_r05,collision,constant_250,250.0,306,76002738,0.7524347,True,False,10238,957,1,1
collision_o2_g1_n1000000_r05,collision,constant_500,500.0,306,76002738,0.6666309,True,False,1,1350,1,1
collision_o2_g1_n1000000_r05,collision,constant_1000,1000.0,306,76002738,0.6647873,True,False,1,1350,1,1
collision_o2_g1_n1000000_r05,collision,cost_model,1061.7164377819856,306,76002738,0.5798501,True,False,1,1350,1,1
collision_o2_g2_n1000000_r05,collision,wallclock_timing,,306,118139087,1.0345174,True,False,4326,1434,11,1
collision_o2_g2_n1000000_r05,collision,constant_250,250.0,306,118139087,1.0589988,True,False,14510,1133,1,1
collision_o2_g2_n1000000_r05,collision,constant_500,500.0,306,118139087,1.1990246,True,False,1,1583,1,1
collision_o2_g2_n1000000_r05,collision,constant_1000,1000.0,306,118139087,1.235219,True,False,1,1583,1,1
collision_o2_g2_n1000000_r05,collision,cost_model,1165.0584408123102,306,118139087,1.2020625,True,False,1,1583,1,1
dimerization_r05,dimerization,wallclock_timing,,301,7592205,0.2877403,True,False,2151,2087,3,2
dimerization_r05,dimerization,constant_250,250.0,301,7592205,0.26548,True,False,15658,0,0,2
dimerization_r05,dimerization,constant_500,500.0,301,7592205,0.2753259,True,False,1,2385,1,2
dimerization_r05,dimerization,constant_1000,1000.0,301,7592205,0.2629094,True,False,1,2385,1,2
dimerization_r05,dimerization,cost_model,877.3585545919891,301,7592205,0.3073314,True,False,1,2385,1,2
dimerization_r1,dimerization,wallclock_timing,,301,30368820,0.6297809,True,False,31372,8,8,2
dimerization_r1,dimerization,constant_250,250.0,301,30368820,0.7088085,True,False,31408,0,0,2
dimerization_r1,dimerization,constant_500,500.0,301,30368820,0.6857534,True,False,31408,0,0,2
dimerization_r1,dimerization,constant_1000,1000.0,301,30368820,1.2306783,True,False,1,4770,1,2
dimerization_r1,dimerization,cost_model,932.2035471203687,301,30368820,1.1987231,True,False,1,4770,1,2
lotka_volterra_r05,lotka_volterra,wallclock_timing,,301,678466,1.7126445,True,False,80006,2423,48,2
lotka_volterra_r05,lotka_volterra,constant_250,250.0,301,678466,1.816188,True,False,86245,0,0,2
lotka_volterra_r05,lotka_volterra,constant_500,500.0,301,678466,1.5968067,True,False,32504,21256,7,2
lotka_volterra_r05,lotka_volterra,constant_1000,1000.0,301,678466,1.5960955,True,False,1,33214,1,2
lotka_volterra_r05,lotka_volterra,cost_model,756.2219268427195,301,678466,1.547525,True,False,1,33214,1,2
lotka_volterra_r1,lotka_volterra,wallclock_timing,,301,2713864,3.9382891,True,False,156147,6949,64,2
lotka_volterra_r1,lotka_volterra,constant_250,250.0,301,2713864,2.7758496,True,False,172705,0,0,2
lotka_volterra_r1,lotka_volterra,constant_500,500.0,301,2713864,2.4379183,True,False,172705,0,0,2
lotka_volterra_r1,lotka_volterra,constant_1000,1000.0,301,2713864,4.5537855,True,False,65176,42461,7,2
lotka_volterra_r1,lotka_volterra,cost_model,802.4739755516567,301,2713864,3.9592817,True,False,136870,15751,7,2
shrinking_r05,shrinking,wallclock_timing,,301,362139,0.03697,True,False,2459,2,2,2
shrinking_r05,shrinking,constant_250,250.0,301,362139,0.0191068,True,False,346,1035,1,2
shrinking_r05,shrinking,constant_500,500.0,301,362139,0.0205059,True,False,1,1205,1,2
shrinking_r05,shrinking,constant_1000,1000.0,301,362139,0.0147416,True,False,1,1205,1,2
shrinking_r05,shrinking,cost_model,545.1177853622855,301,362139,0.0140578,True,False,1,1205,1,2
shrinking_r1,shrinking,wallclock_timing,,301,1448556,0.0690518,True,False,4920,2,2,2
shrinking_r1,shrinking,constant_250,250.0,301,1448556,0.0593566,True,False,2822,1027,1,2
shrinking_r1,shrinking,constant_500,500.0,301,1448556,0.044372,True,False,697,2064,1,2
shrinking_r1,shrinking,constant_1000,1000.0,301,1448556,0.065587,True,False,1,2401,1,2
shrinking_r1,shrinking,cost_model,579.6362044598512,301,1448556,0.0606273,True,False,13,2388,1,2
shrinking_r2,shrinking,wallclock_timing,,301,5794227,0.1361437,True,False,9913,4,4,2
shrinking_r2,shrinking,constant_250,250.0,301,5794227,0.124355,True,False,7784,1011,1,2
shrinking_r2,shrinking,constant_500,500.0,301,5794227,0.1325364,True,False,5673,2047,1,2
shrinking_r2,shrinking,constant_1000,1000.0,301,5794227,0.1860443,True,False,1422,4115,1,2
shrinking_r2,shrinking,cost_model,639.1055103573202,301,5794227,0.1552311,True,False,4480,2622,1,2
shrinking_no_b_decay_r05,shrinking,wallclock_timing,,301,1313630,0.0329275,True,False,715,652,3,2
shrinking_no_b_decay_r05,shrinking,constant_250,250.0,301,1313630,0.0347617,True,False,880,607,1,2
shrinking_no_b_decay_r05,shrinking,constant_500,500.0,301,1313630,0.024705,True,False,1,841,1,2
shrinking_no_b_decay_r05,shrinking,constant_1000,1000.0,301,1313630,0.022306,True,False,1,841,1,2
shrinking_no_b_decay_r05,shrinking,cost_model,620.040095011383,301,1313630,0.0215422,True,False,1,841,1,2
shrinking_no_b_decay_r1,shrinking,wallclock_timing,,301,5254522,0.091956,True,False,3446,844,3,2
shrinking_no_b_decay_r1,shrinking,constant_250,250.0,301,5254522,0.110021,True,False,5103,567,1,2
shrinking_no_b_decay_r1,shrinking,constant_500,500.0,301,5254522,0.1048252,True,False,1768,1214,1,2
shrinking_no_b_decay_r1,shrinking,constant_1000,1000.0,301,5254522,0.1286208,True,False,1,1680,1,2
shrinking_no_b_decay_r1,shrinking,cost_model,664.3160114316831,301,5254522,0.1156851,True,False,9,1676,1,2
shrinking_no_b_decay_r2,shrinking,wallclock_timing,,301,21018089,0.3265718,True,False,17131,436,9,2
shrinking_no_b_decay_r2,shrinking,constant_250,250.0,301,21018089,0.3039587,True,False,15555,544,1,2
shrinking_no_b_decay_r2,shrinking,constant_500,500.0,301,21018089,0.3005801,True,False,10209,1130,1,2
shrinking_no_b_decay_r2,shrinking,constant_1000,1000.0,301,21018089,0.352298,True,False,3487,2424,1,2
shrinking_no_b_decay_r2,shrinking,cost_model,741.7536545355321,301,21018089,0.3088759,True,False,6613,1735,1,2
shrinking_split_b_decay_r05,shrinking,wallclock_timing,,301,299138,0.027312,True,False,2209,2,2,2
shrinking_split_b_decay_r05,shrinking,constant_250,250.0,301,299138,0.0170117,True,False,117,1035,1,2
shrinking_split_b_decay_r05,shrinking,constant_500,500.0,301,299138,0.0188201,True,False,1,1093,1,2
shrinking_split_b_decay_r05,shrinking,constant_1000,1000.0,301,299138,0.0189259,True,False,1,1093,1,2
shrinking_split_b_decay_r05,shrinking,cost_model,496.310046439432,301,299138,0.0151367,True,False,1,1093,1,2
shrinking_split_b_decay_r1,shrinking,wallclock_timing,,301,1196554,0.0745036,True,False,4517,2,2,2
shrinking_split_b_decay_r1,shrinking,constant_250,250.0,301,1196554,0.050385,True,False,2384,1028,1,2
shrinking_split_b_decay_r1,shrinking,constant_500,500.0,301,1196554,0.0639416,True,False,246,2064,1,2
shrinking_split_b_decay_r1,shrinking,constant_1000,1000.0,301,1196554,0.0639847,True,False,1,2183,1,2
shrinking_split_b_decay_r1,shrinking,cost_model,524.6153875326295,301,1196554,0.0625839,True,False,31,2161,1,2
shrinking_split_b_decay_r2,shrinking,wallclock_timing,,301,4786217,0.1377213,True,False,9068,4,4,2
shrinking_split_b_decay_r2,shrinking,constant_250,250.0,301,4786217,0.1149812,True,False,6865,1013,1,2
shrinking_split_b_decay_r2,shrinking,constant_500,500.0,301,4786217,0.1246748,True,False,4723,2048,1,2
shrinking_split_b_decay_r2,shrinking,constant_1000,1000.0,301,4786217,0.2074046,True,False,469,4115,1,2
shrinking_split_b_decay_r2,shrinking,cost_model,572.8273366107297,301,4786217,0.1456443,True,False,4112,2350,1,2
shrinking_b_decay_channels_1_r05,branch_count,wallclock_timing,,301,351289,0.0198539,True,False,260,1056,3,2
shrinking_b_decay_channels_1_r05,branch_count,constant_250,250.0,301,351289,0.0190889,True,False,304,1034,1,2
shrinking_b_decay_channels_1_r05,branch_count,constant_500,500.0,301,351289,0.0201113,True,False,1,1187,1,2
shrinking_b_decay_channels_1_r05,branch_count,constant_1000,1000.0,301,351289,0.01681,True,False,1,1187,1,2
shrinking_b_decay_channels_1_r05,branch_count,cost_model,544.531232273166,301,351289,0.0185894,True,False,1,1187,1,2
shrinking_b_decay_channels_1_r1,branch_count,wallclock_timing,,301,1405158,0.0556821,True,False,4854,2,2,2
shrinking_b_decay_channels_1_r1,branch_count,constant_250,250.0,301,1405158,0.0485371,True,False,2753,1030,1,2
shrinking_b_decay_channels_1_r1,branch_count,constant_500,500.0,301,1405158,0.0422214,True,False,621,2061,1,2
shrinking_b_decay_channels_1_r1,branch_count,constant_1000,1000.0,301,1405158,0.0533664,True,False,1,2362,1,2
shrinking_b_decay_channels_1_r1,branch_count,cost_model,578.673056335076,301,1405158,0.0574518,True,False,1,2362,1,2
shrinking_b_decay_channels_1_r2,branch_count,wallclock_timing,,301,5620633,0.1486201,True,False,9709,4,4,2
shrinking_b_decay_channels_1_r2,branch_count,constant_250,250.0,301,5620633,0.1318631,True,False,7669,1011,1,2
shrinking_b_decay_channels_1_r2,branch_count,constant_500,500.0,301,5620633,0.1320632,True,False,5514,2048,1,2
shrinking_b_decay_channels_1_r2,branch_count,constant_1000,1000.0,301,5620633,0.2261532,True,False,1237,4115,1,2
shrinking_b_decay_channels_1_r2,branch_count,cost_model,637.3891639672992,301,5620633,0.1711638,True,False,4358,2620,1,2
shrinking_b_decay_channels_2_r05,branch_count,wallclock_timing,,301,277166,0.0238081,True,False,1594,274,6,2
shrinking_b_decay_channels_2_r05,branch_count,constant_250,250.0,301,277166,0.0112756,True,False,37,1035,1,2
shrinking_b_decay_channels_2_r05,branch_count,constant_500,500.0,301,277166,0.0160441,True,False,1,1055,1,2
shrinking_b_decay_channels_2_r05,branch_count,constant_1000,1000.0,301,277166,0.0123132,True,False,1,1055,1,2
shrinking_b_decay_channels_2_r05,branch_count,cost_model,495.1028400505285,301,277166,0.0171402,True,False,1,1055,1,2
shrinking_b_decay_channels_2_r1,branch_count,wallclock_timing,,301,1108665,0.0710629,True,False,4321,2,2,2
shrinking_b_decay_channels_2_r1,branch_count,constant_250,250.0,301,1108665,0.0453019,True,False,2234,1029,1,2
shrinking_b_decay_channels_2_r1,branch_count,constant_500,500.0,301,1108665,0.0605305,True,False,77,2063,1,2
shrinking_b_decay_channels_2_r1,branch_count,constant_1000,1000.0,301,1108665,0.0606502,True,False,1,2098,1,2
shrinking_b_decay_channels_2_r1,branch_count,cost_model,522.6631618755257,301,1108665,0.0493853,True,False,1,2098,1,2
shrinking_b_decay_channels_2_r2,branch_count,wallclock_timing,,301,4434661,0.139028,True,False,8631,4,4,2
shrinking_b_decay_channels_2_r2,branch_count,constant_250,250.0,301,4434661,0.1256319,True,False,6711,1014,1,2
shrinking_b_decay_channels_2_r2,branch_count,constant_500,500.0,301,4434661,0.1240098,True,False,4493,2051,1,2
shrinking_b_decay_channels_2_r2,branch_count,constant_1000,1000.0,301,4434661,0.18448,True,False,156,4117,1,2
shrinking_b_decay_channels_2_r2,branch_count,cost_model,569.3850275231152,301,4434661,0.1328304,True,False,3905,2339,1,2
shrinking_b_decay_channels_4_r1,branch_count,wallclock_timing,,301,819554,0.0518965,True,False,3688,2,2,2
shrinking_b_decay_channels_4_r1,branch_count,constant_250,250.0,301,819554,0.0467054,True,False,1618,1029,1,2
shrinking_b_decay_channels_4_r1,branch_count,constant_500,500.0,301,819554,0.0555724,True,False,1,1804,1,2
shrinking_b_decay_channels_4_r1,branch_count,constant_1000,1000.0,301,819554,0.054748,True,False,1,1804,1,2
shrinking_b_decay_channels_4_r1,branch_count,cost_model,447.9038995693453,301,819554,0.0471574,True,False,1,1804,1,2
shrinking_b_decay_channels_4_r2,branch_count,wallclock_timing,,301,3278217,0.115959,True,False,7501,2,2,2
shrinking_b_decay_channels_4_r2,branch_count,constant_250,250.0,301,3278217,0.0644197,True,False,5406,1017,1,2
shrinking_b_decay_channels_4_r2,branch_count,constant_500,500.0,301,3278217,0.1247606,True,False,3235,2053,1,2
shrinking_b_decay_channels_4_r2,branch_count,constant_1000,1000.0,301,3278217,0.1791144,True,False,1,3603,1,2
shrinking_b_decay_channels_4_r2,branch_count,cost_model,481.13328192109236,301,3278217,0.0856564,True,False,3403,1977,1,2
shrinking_b_decay_channels_8_r1,branch_count,wallclock_timing,,301,359061,0.0333437,True,False,2449,2,2,2
shrinking_b_decay_channels_8_r1,branch_count,constant_250,250.0,301,359061,0.0265517,True,False,342,1038,1,2
shrinking_b_decay_channels_8_r1,branch_count,constant_500,500.0,301,359061,0.0253416,True,False,1,1192,1,2
shrinking_b_decay_channels_8_r1,branch_count,constant_1000,1000.0,301,359061,0.023675,True,False,1,1192,1,2
shrinking_b_decay_channels_8_r1,branch_count,cost_model,360.6268828473997,301,359061,0.027968,True,False,1,1192,1,2
shrinking_b_decay_channels_8_r2,branch_count,wallclock_timing,,301,1436245,0.0648446,True,False,4976,2,2,2
shrinking_b_decay_channels_8_r2,branch_count,constant_250,250.0,301,1436245,0.0673305,True,False,2846,1028,1,2
shrinking_b_decay_channels_8_r2,branch_count,constant_500,500.0,301,1436245,0.0985369,True,False,708,2063,1,2
shrinking_b_decay_channels_8_r2,branch_count,constant_1000,1000.0,301,1436245,0.115018,True,False,1,2389,1,2
shrinking_b_decay_channels_8_r2,branch_count,cost_model,378.0581639295689,301,1436245,0.0731045,True,False,1763,1562,1,2
dense_support_q4_r05,dense_support,wallclock_timing,,301,27282031,0.2061803,True,False,908,819,3,2
dense_support_q4_r05,dense_support,constant_250,250.0,301,27282031,0.21611,True,False,2657,730,1,2
dense_support_q4_r05,dense_support,constant_500,500.0,301,27282031,0.2555458,True,False,1,872,1,2
dense_support_q4_r05,dense_support,constant_1000,1000.0,301,27282031,0.2560392,True,False,1,872,1,2
dense_support_q4_r05,dense_support,cost_model,733.4496986580547,301,27282031,0.2239805,True,False,1,872,1,2
dense_support_q4_r1,dense_support,wallclock_timing,,301,109128124,0.9386059,True,False,11911,1233,7,2
dense_support_q4_r1,dense_support,constant_250,250.0,301,109128124,0.8788335,True,False,25422,776,1,2
dense_support_q4_r1,dense_support,constant_500,500.0,301,109128124,1.0254767,True,False,5304,1458,1,2
dense_support_q4_r1,dense_support,constant_1000,1000.0,301,109128124,1.110655,True,False,1,1743,1,2
dense_support_q4_r1,dense_support,cost_model,784.1508317724135,301,109128124,1.0603572,True,False,1,1743,1,2
dense_support_q6_r1,dense_support,wallclock_timing,,301,60230891,0.812271,True,False,16790,631,7,2
dense_support_q6_r1,dense_support,constant_250,250.0,301,60230891,0.8539229,True,False,11820,773,1,2
dense_support_q6_r1,dense_support,constant_500,500.0,301,60230891,0.995397,True,False,1,1295,1,2
dense_support_q6_r1,dense_support,constant_1000,1000.0,301,60230891,1.0238735,True,False,1,1295,1,2
dense_support_q6_r1,dense_support,cost_model,524.0311084918889,301,60230891,0.9232231,True,False,1,1295,1,2
dense_support_q8_r1,dense_support,wallclock_timing,,301,28645269,0.6288187,True,False,13219,395,5,2
dense_support_q8_r1,dense_support,constant_250,250.0,301,28645269,0.6741638,True,False,3008,733,1,2
dense_support_q8_r1,dense_support,constant_500,500.0,301,28645269,0.8317653,True,False,1,893,1,2
dense_support_q8_r1,dense_support,constant_1000,1000.0,301,28645269,0.8181356,True,False,1,893,1,2
dense_support_q8_r1,dense_support,cost_model,373.7486016086209,301,28645269,0.6783797,True,False,1,893,1,2
dense_support_q8_r2,dense_support,wallclock_timing,,301,114581078,1.5806985,True,False,46765,419,13,2
dense_support_q8_r2,dense_support,constant_250,250.0,301,114581078,2.0335912,True,False,26915,774,1,2
dense_support_q8_r2,dense_support,constant_500,500.0,301,114581078,2.8656555,True,False,6020,1465,1,2
dense_support_q8_r2,dense_support,constant_1000,1000.0,301,114581078,3.13985,True,False,1,1786,1,2
dense_support_q8_r2,dense_support,cost_model,391.9064517682382,301,114581078,2.2460191,True,False,12534,1195,1,2
dense_support_q12_r2,dense_support,wallclock_timing,,301,51176333,1.1801931,True,False,45712,115,13,2
dense_support_q12_r2,dense_support,constant_250,250.0,301,51176333,1.1623983,True,False,9264,767,1,2
dense_support_q12_r2,dense_support,constant_500,500.0,301,51176333,1.5334155,True,False,1,1194,1,2
dense_support_q12_r2,dense_support,constant_1000,1000.0,301,51176333,1.6040252,True,False,1,1194,1,2
dense_support_q12_r2,dense_support,cost_model,246.80058779803193,301,51176333,1.2557181,True,False,9513,758,1,2
collision_o2_g0_n1000000_r05,collision,wallclock_timing,,301,26300816,0.1444749,True,False,3220,687,3,2
collision_o2_g0_n1000000_r05,collision,constant_250,250.0,301,26300816,0.1334259,True,False,2392,727,1,2
collision_o2_g0_n1000000_r05,collision,constant_500,500.0,301,26300816,0.1433497,True,False,1,856,1,2
collision_o2_g0_n1000000_r05,collision,constant_1000,1000.0,301,26300816,0.1384878,True,False,1,856,1,2
collision_o2_g0_n1000000_r05,collision,cost_model,732.4199056555001,301,26300816,0.1389553,True,False,1,856,1,2
collision_o2_g0_n1000000_r1,collision,wallclock_timing,,301,105203267,0.4550594,True,False,22280,847,13,2
collision_o2_g0_n1000000_r1,collision,constant_250,250.0,301,105203267,0.4422464,True,False,24333,777,1,2
collision_o2_g0_n1000000_r1,collision,constant_500,500.0,301,105203267,0.537861,True,False,4775,1452,1,2
collision_o2_g0_n1000000_r1,collision,constant_1000,1000.0,301,105203267,0.5642645,True,False,1,1711,1,2
collision_o2_g0_n1000000_r1,collision,cost_model,782.4415315341369,301,105203267,0.5684899,True,False,1,1711,1,2
collision_o2_g1_n1000000_r05,collision,wallclock_timing,,301,76002738,0.4511471,True,False,11156,957,9,2
collision_o2_g1_n1000000_r05,collision,constant_250,250.0,301,76002738,0.4085245,True,False,10235,956,1,2
collision_o2_g1_n1000000_r05,collision,constant_500,500.0,301,76002738,0.407889,True,False,1,1350,1,2
collision_o2_g1_n1000000_r05,collision,constant_1000,1000.0,301,76002738,0.41904,True,False,1,1350,1,2
collision_o2_g1_n1000000_r05,collision,cost_model,1061.7164377819856,301,76002738,0.398243,True,False,1,1350,1,2
collision_o2_g2_n1000000_r05,collision,wallclock_timing,,301,118139087,0.6500543,True,False,5144,1392,9,2
collision_o2_g2_n1000000_r05,collision,constant_250,250.0,301,118139087,0.7291176,True,False,14495,1133,1,2
collision_o2_g2_n1000000_r05,collision,constant_500,500.0,301,118139087,0.8924006,True,False,1,1583,1,2
collision_o2_g2_n1000000_r05,collision,constant_1000,1000.0,301,118139087,0.8544005,True,False,1,1583,1,2
collision_o2_g2_n1000000_r05,collision,cost_model,1165.0584408123102,301,118139087,0.7594495,True,False,1,1583,1,2
dimerization_r05,dimerization,wallclock_timing,,302,7592205,0.1651076,True,False,7821,1243,7,2
dimerization_r05,dimerization,constant_250,250.0,302,7592205,0.1811385,True,False,15802,0,0,2
dimerization_r05,dimerization,constant_500,500.0,302,7592205,0.2150911,True,False,1,2385,1,2
dimerization_r05,dimerization,constant_1000,1000.0,302,7592205,0.2333078,True,False,1,2385,1,2
dimerization_r05,dimerization,cost_model,877.3585545919891,302,7592205,0.2287291,True,False,1,2385,1,2
dimerization_r1,dimerization,wallclock_timing,,302,30368820,0.4273525,True,False,30133,205,10,2
dimerization_r1,dimerization,constant_250,250.0,302,30368820,0.4433081,True,False,31429,0,0,2
dimerization_r1,dimerization,constant_500,500.0,302,30368820,0.3691828,True,False,31429,0,0,2
dimerization_r1,dimerization,constant_1000,1000.0,302,30368820,0.7028161,True,False,1,4770,1,2
dimerization_r1,dimerization,cost_model,932.2035471203687,302,30368820,0.7173228,True,False,1,4770,1,2
lotka_volterra_r05,lotka_volterra,wallclock_timing,,302,678466,1.0650245,True,False,50412,13704,26,2
lotka_volterra_r05,lotka_volterra,constant_250,250.0,302,678466,1.0694284,True,False,86194,0,0,2
lotka_volterra_r05,lotka_volterra,constant_500,500.0,302,678466,0.8173972,True,False,32593,21249,7,2
lotka_volterra_r05,lotka_volterra,constant_1000,1000.0,302,678466,0.893906,True,False,1,33214,1,2
lotka_volterra_r05,lotka_volterra,cost_model,756.2219268427195,302,678466,0.8260412,True,False,1,33214,1,2
lotka_volterra_r1,lotka_volterra,wallclock_timing,,302,2713864,2.0477779,True,False,153713,7224,58,2
lotka_volterra_r1,lotka_volterra,constant_250,250.0,302,2713864,1.8753322,True,False,172505,0,0,2
lotka_volterra_r1,lotka_volterra,constant_500,500.0,302,2713864,1.8313117,True,False,172505,0,0,2
lotka_volterra_r1,lotka_volterra,constant_1000,1000.0,302,2713864,2.5056053,True,False,64990,42485,7,2
lotka_volterra_r1,lotka_volterra,cost_model,802.4739755516567,302,2713864,2.163534,True,False,136356,15832,7,2
shrinking_r05,shrinking,wallclock_timing,,302,362139,0.0103092,True,False,1048,702,3,2
shrinking_r05,shrinking,constant_250,250.0,302,362139,0.0087916,True,False,346,1029,1,2
shrinking_r05,shrinking,constant_500,500.0,302,362139,0.0088846,True,False,1,1198,1,2
shrinking_r05,shrinking,constant_1000,1000.0,302,362139,0.0088422,True,False,1,1198,1,2
shrinking_r05,shrinking,cost_model,545.1177853622855,302,362139,0.008667,True,False,1,1198,1,2
shrinking_r1,shrinking,wallclock_timing,,302,1448556,0.0337228,True,False,4896,20,4,2
shrinking_r1,shrinking,constant_250,250.0,302,1448556,0.02695,True,False,2832,1024,1,2
shrinking_r1,shrinking,constant_500,500.0,302,1448556,0.0301653,True,False,713,2063,1,2
shrinking_r1,shrinking,constant_1000,1000.0,302,1448556,0.0340621,True,False,1,2400,1,2
shrinking_r1,shrinking,cost_model,579.6362044598512,302,1448556,0.0330446,True,False,21,2394,1,2
shrinking_r2,shrinking,wallclock_timing,,302,5794227,0.0679165,True,False,9884,4,4,2
shrinking_r2,shrinking,constant_250,250.0,302,5794227,0.0628298,True,False,7811,1008,1,2
shrinking_r2,shrinking,constant_500,500.0,302,5794227,0.0636531,True,False,5685,2050,1,2
shrinking_r2,shrinking,constant_1000,1000.0,302,5794227,0.1065749,True,False,1414,4117,1,2
shrinking_r2,shrinking,cost_model,639.1055103573202,302,5794227,0.0828845,True,False,4467,2625,1,2
shrinking_no_b_decay_r05,shrinking,wallclock_timing,,302,1313630,0.0258033,True,False,2784,268,5,2
shrinking_no_b_decay_r05,shrinking,constant_250,250.0,302,1313630,0.0185376,True,False,869,610,1,2
shrinking_no_b_decay_r05,shrinking,constant_500,500.0,302,1313630,0.018453,True,False,1,840,1,2
shrinking_no_b_decay_r05,shrinking,constant_1000,1000.0,302,1313630,0.0172663,True,False,1,840,1,2
shrinking_no_b_decay_r05,shrinking,cost_model,620.040095011383,302,1313630,0.0179437,True,False,1,840,1,2
shrinking_no_b_decay_r1,shrinking,wallclock_timing,,302,5254522,0.0589093,True,False,3325,865,3,2
shrinking_no_b_decay_r1,shrinking,constant_250,250.0,302,5254522,0.0594792,True,False,5064,566,1,2
shrinking_no_b_decay_r1,shrinking,constant_500,500.0,302,5254522,0.0593952,True,False,1767,1213,1,2
shrinking_no_b_decay_r1,shrinking,constant_1000,1000.0,302,5254522,0.065555,True,False,1,1677,1,2
shrinking_no_b_decay_r1,shrinking,cost_model,664.3160114316831,302,5254522,0.0497801,True,False,14,1675,1,2
shrinking_no_b_decay_r2,shrinking,wallclock_timing,,302,21018089,0.1554427,True,False,20090,277,7,2
shrinking_no_b_decay_r2,shrinking,constant_250,250.0,302,21018089,0.140724,True,False,15528,545,1,2
shrinking_no_b_decay_r2,shrinking,constant_500,500.0,302,21018089,0.1343019,True,False,10176,1129,1,2
shrinking_no_b_decay_r2,shrinking,constant_1000,1000.0,302,21018089,0.1767381,True,False,3509,2421,1,2
shrinking_no_b_decay_r2,shrinking,cost_model,741.7536545355321,302,21018089,0.1488194,True,False,6606,1736,1,2
shrinking_split_b_decay_r05,shrinking,wallclock_timing,,302,299138,0.0162336,True,False,2240,2,2,2
shrinking_split_b_decay_r05,shrinking,constant_250,250.0,302,299138,0.008472,True,False,130,1035,1,2
shrinking_split_b_decay_r05,shrinking,constant_500,500.0,302,299138,0.008156,True,False,1,1094,1,2
shrinking_split_b_decay_r05,shrinking,constant_1000,1000.0,302,299138,0.0117562,True,False,1,1094,1,2
shrinking_split_b_decay_r05,shrinking,cost_model,496.310046439432,302,299138,0.0082926,True,False,1,1094,1,2
shrinking_split_b_decay_r1,shrinking,wallclock_timing,,302,1196554,0.029862,True,False,4484,2,2,2
shrinking_split_b_decay_r1,shrinking,constant_250,250.0,302,1196554,0.0254857,True,False,2466,1028,1,2
shrinking_split_b_decay_r1,shrinking,constant_500,500.0,302,1196554,0.0311512,True,False,272,2062,1,2
shrinking_split_b_decay_r1,shrinking,constant_1000,1000.0,302,1196554,0.0316562,True,False,1,2183,1,2
shrinking_split_b_decay_r1,shrinking,cost_model,524.6153875326295,302,1196554,0.03106,True,False,38,2170,1,2
shrinking_split_b_decay_r2,shrinking,wallclock_timing,,302,4786217,0.0653189,True,False,8967,4,4,2
shrinking_split_b_decay_r2,shrinking,constant_250,250.0,302,4786217,0.0570128,True,False,6897,1013,1,2
shrinking_split_b_decay_r2,shrinking,constant_500,500.0,302,4786217,0.0620524,True,False,4766,2051,1,2
shrinking_split_b_decay_r2,shrinking,constant_1000,1000.0,302,4786217,0.1116496,True,False,499,4119,1,2
shrinking_split_b_decay_r2,shrinking,cost_model,572.8273366107297,302,4786217,0.070838,True,False,4155,2351,1,2
shrinking_b_decay_channels_1_r05,branch_count,wallclock_timing,,302,351289,0.0147128,True,False,2442,2,2,2
shrinking_b_decay_channels_1_r05,branch_count,constant_250,250.0,302,351289,0.0085728,True,False,316,1034,1,2
shrinking_b_decay_channels_1_r05,branch_count,constant_500,500.0,302,351289,0.0090903,True,False,1,1177,1,2
shrinking_b_decay_channels_1_r05,branch_count,constant_1000,1000.0,302,351289,0.0076052,True,False,1,1177,1,2
shrinking_b_decay_channels_1_r05,branch_count,cost_model,544.531232273166,302,351289,0.008225,True,False,1,1177,1,2
shrinking_b_decay_channels_1_r1,branch_count,wallclock_timing,,302,1405158,0.0334682,True,False,4867,5,4,2
shrinking_b_decay_channels_1_r1,branch_count,constant_250,250.0,302,1405158,0.0268506,True,False,2773,1027,1,2
shrinking_b_decay_channels_1_r1,branch_count,constant_500,500.0,302,1405158,0.0293853,True,False,628,2064,1,2
shrinking_b_decay_channels_1_r1,branch_count,constant_1000,1000.0,302,1405158,0.0327373,True,False,1,2362,1,2
shrinking_b_decay_channels_1_r1,branch_count,cost_model,578.673056335076,302,1405158,0.0326177,True,False,1,2362,1,2
shrinking_b_decay_channels_1_r2,branch_count,wallclock_timing,,302,5620633,0.067187,True,False,9771,4,4,2
shrinking_b_decay_channels_1_r2,branch_count,constant_250,250.0,302,5620633,0.0613402,True,False,7641,1010,1,2
shrinking_b_decay_channels_1_r2,branch_count,constant_500,500.0,302,5620633,0.0631767,True,False,5527,2052,1,2
shrinking_b_decay_channels_1_r2,branch_count,constant_1000,1000.0,302,5620633,0.1072597,True,False,1266,4118,1,2
shrinking_b_decay_channels_1_r2,branch_count,cost_model,637.3891639672992,302,5620633,0.0711376,True,False,4342,2616,1,2
shrinking_b_decay_channels_2_r05,branch_count,wallclock_timing,,302,277166,0.0079127,True,False,377,878,3,2
shrinking_b_decay_channels_2_r05,branch_count,constant_250,250.0,302,277166,0.0075236,True,False,42,1032,1,2
shrinking_b_decay_channels_2_r05,branch_count,constant_500,500.0,302,277166,0.0091899,True,False,1,1054,1,2
shrinking_b_decay_channels_2_r05,branch_count,constant_1000,1000.0,302,277166,0.0073771,True,False,1,1054,1,2
shrinking_b_decay_channels_2_r05,branch_count,cost_model,495.1028400505285,302,277166,0.0072566,True,False,1,1054,1,2
shrinking_b_decay_channels_2_r1,branch_count,wallclock_timing,,302,1108665,0.0319783,True,False,4279,2,2,2
shrinking_b_decay_channels_2_r1,branch_count,constant_250,250.0,302,1108665,0.0231025,True,False,2228,1025,1,2
shrinking_b_decay_channels_2_r1,branch_count,constant_500,500.0,302,1108665,0.03087,True,False,74,2063,1,2
shrinking_b_decay_channels_2_r1,branch_count,constant_1000,1000.0,302,1108665,0.0284869,True,False,1,2102,1,2
shrinking_b_decay_channels_2_r1,branch_count,cost_model,522.6631618755257,302,1108665,0.0281854,True,False,1,2102,1,2
shrinking_b_decay_channels_2_r2,branch_count,wallclock_timing,,302,4434661,0.0620052,True,False,8650,4,4,2
shrinking_b_decay_channels_2_r2,branch_count,constant_250,250.0,302,4434661,0.0584581,True,False,6604,1017,1,2
shrinking_b_decay_channels_2_r2,branch_count,constant_500,500.0,302,4434661,0.06169,True,False,4472,2050,1,2
shrinking_b_decay_channels_2_r2,branch_count,constant_1000,1000.0,302,4434661,0.1117365,True,False,164,4121,1,2
shrinking_b_decay_channels_2_r2,branch_count,cost_model,569.3850275231152,302,4434661,0.0639082,True,False,3877,2337,1,2
shrinking_b_decay_channels_4_r1,branch_count,wallclock_timing,,302,819554,0.0270697,True,False,3737,2,2,2
shrinking_b_decay_channels_4_r1,branch_count,constant_250,250.0,302,819554,0.020325,True,False,1611,1031,1,2
shrinking_b_decay_channels_4_r1,branch_count,constant_500,500.0,302,819554,0.0274906,True,False,1,1809,1,2
shrinking_b_decay_channels_4_r1,branch_count,constant_1000,1000.0,302,819554,0.0274178,True,False,1,1809,1,2
shrinking_b_decay_channels_4_r1,branch_count,cost_model,447.9038995693453,302,819554,0.0272887,True,False,1,1809,1,2
shrinking_b_decay_channels_4_r2,branch_count,wallclock_timing,,302,3278217,0.0770363,True,False,1539,2872,3,2
shrinking_b_decay_channels_4_r2,branch_count,constant_250,250.0,302,3278217,0.0512593,True,False,5329,1020,1,2
shrinking_b_decay_channels_4_r2,branch_count,constant_500,500.0,302,3278217,0.0645365,True,False,3219,2052,1,2
shrinking_b_decay_channels_4_r2,branch_count,constant_1000,1000.0,302,3278217,0.1028866,True,False,1,3605,1,2
shrinking_b_decay_channels_4_r2,branch_count,cost_model,481.13328192109236,302,3278217,0.0574961,True,False,3371,1977,1,2
shrinking_b_decay_channels_8_r1,branch_count,wallclock_timing,,302,359061,0.0179709,True,False,2506,2,2,2
shrinking_b_decay_channels_8_r1,branch_count,constant_250,250.0,302,359061,0.0166767,True,False,358,1033,1,2
shrinking_b_decay_channels_8_r1,branch_count,constant_500,500.0,302,359061,0.0182102,True,False,1,1198,1,2
shrinking_b_decay_channels_8_r1,branch_count,constant_1000,1000.0,302,359061,0.0178935,True,False,1,1198,1,2
shrinking_b_decay_channels_8_r1,branch_count,cost_model,360.6268828473997,302,359061,0.0173495,True,False,1,1198,1,2
shrinking_b_decay_channels_8_r2,branch_count,wallclock_timing,,302,1436245,0.0391205,True,False,4875,2,2,2
shrinking_b_decay_channels_8_r2,branch_count,constant_250,250.0,302,1436245,0.0365227,True,False,2839,1025,1,2
shrinking_b_decay_channels_8_r2,branch_count,constant_500,500.0,302,1436245,0.0590858,True,False,674,2060,1,2
shrinking_b_decay_channels_8_r2,branch_count,constant_1000,1000.0,302,1436245,0.0709921,True,False,1,2391,1,2
shrinking_b_decay_channels_8_r2,branch_count,cost_model,378.0581639295689,302,1436245,0.0448949,True,False,1725,1557,1,2
dense_support_q4_r05,dense_support,wallclock_timing,,302,27282031,0.1375124,True,False,3613,687,5,2
dense_support_q4_r05,dense_support,constant_250,250.0,302,27282031,0.1358071,True,False,2636,729,1,2
dense_support_q4_r05,dense_support,constant_500,500.0,302,27282031,0.1455544,True,False,1,872,1,2
dense_support_q4_r05,dense_support,constant_1000,1000.0,302,27282031,0.1461647,True,False,1,872,1,2
dense_support_q4_r05,dense_support,cost_model,733.4496986580547,302,27282031,0.1445694,True,False,1,872,1,2
dense_support_q4_r1,dense_support,wallclock_timing,,302,109128124,0.4987967,True,False,19976,920,7,2
dense_support_q4_r1,dense_support,constant_250,250.0,302,109128124,0.4934456,True,False,25394,776,1,2
dense_support_q4_r1,dense_support,constant_500,500.0,302,109128124,0.5196806,True,False,5307,1457,1,2
dense_support_q4_r1,dense_support,constant_1000,1000.0,302,109128124,0.5675548,True,False,1,1743,1,2
dense_support_q4_r1,dense_support,cost_model,784.1508317724135,302,109128124,0.6509295,True,False,1,1743,1,2
dense_support_q6_r1,dense_support,wallclock_timing,,302,60230891,0.4005266,True,False,10292,825,5,2
dense_support_q6_r1,dense_support,constant_250,250.0,302,60230891,0.4274293,True,False,11793,773,1,2
dense_support_q6_r1,dense_support,constant_500,500.0,302,60230891,0.57887,True,False,1,1295,1,2
dense_support_q6_r1,dense_support,constant_1000,1000.0,302,60230891,0.5056076,True,False,1,1295,1,2
dense_support_q6_r1,dense_support,cost_model,524.0311084918889,302,60230891,0.5077214,True,False,1,1295,1,2
dense_support_q8_r1,dense_support,wallclock_timing,,302,28645269,0.3297959,True,False,7435,558,3,2
dense_support_q8_r1,dense_support,constant_250,250.0,302,28645269,0.3853318,True,False,3021,733,1,2
dense_support_q8_r1,dense_support,constant_500,500.0,302,28645269,0.4607799,True,False,1,894,1,2
dense_support_q8_r1,dense_support,constant_1000,1000.0,302,28645269,0.408061,True,False,1,894,1,2
dense_support_q8_r1,dense_support,cost_model,373.7486016086209,302,28645269,0.4117525,True,False,1,894,1,2
dense_support_q8_r2,dense_support,wallclock_timing,,302,114581078,0.8995582,True,False,50332,368,15,2
dense_support_q8_r2,dense_support,constant_250,250.0,302,114581078,1.0257911,True,False,26900,774,1,2
dense_support_q8_r2,dense_support,constant_500,500.0,302,114581078,1.4602236,True,False,6052,1465,1,2
dense_support_q8_r2,dense_support,constant_1000,1000.0,302,114581078,1.6816673,True,False,1,1786,1,2
dense_support_q8_r2,dense_support,cost_model,391.9064517682382,302,114581078,1.3128566,True,False,12534,1194,1,2
dense_support_q12_r2,dense_support,wallclock_timing,,302,51176333,1.0977669,True,False,17124,541,7,2
dense_support_q12_r2,dense_support,constant_250,250.0,302,51176333,1.3303574,True,False,9289,767,1,2
dense_support_q12_r2,dense_support,constant_500,500.0,302,51176333,1.8049074,True,False,1,1194,1,2
dense_support_q12_r2,dense_support,constant_1000,1000.0,302,51176333,1.7983882,True,False,1,1194,1,2
dense_support_q12_r2,dense_support,cost_model,246.80058779803193,302,51176333,1.2437901,True,False,9535,758,1,2
collision_o2_g0_n1000000_r05,collision,wallclock_timing,,302,26300816,0.1481133,True,False,1254,786,3,2
collision_o2_g0_n1000000_r05,collision,constant_250,250.0,302,26300816,0.153635,True,False,2379,727,1,2
collision_o2_g0_n1000000_r05,collision,constant_500,500.0,302,26300816,0.1615301,True,False,1,856,1,2
collision_o2_g0_n1000000_r05,collision,constant_1000,1000.0,302,26300816,0.1337613,True,False,1,856,1,2
collision_o2_g0_n1000000_r05,collision,cost_model,732.4199056555001,302,26300816,0.1337835,True,False,1,856,1,2
collision_o2_g0_n1000000_r1,collision,wallclock_timing,,302,105203267,0.4810978,True,False,7616,1322,7,2
collision_o2_g0_n1000000_r1,collision,constant_250,250.0,302,105203267,0.4645011,True,False,24333,777,1,2
collision_o2_g0_n1000000_r1,collision,constant_500,500.0,302,105203267,0.5009267,True,False,4781,1452,1,2
collision_o2_g0_n1000000_r1,collision,constant_1000,1000.0,302,105203267,0.6170169,True,False,1,1711,1,2
collision_o2_g0_n1000000_r1,collision,cost_model,782.4415315341369,302,105203267,0.5351781,True,False,1,1711,1,2
collision_o2_g1_n1000000_r05,collision,wallclock_timing,,302,76002738,0.4723279,True,False,4087,1172,5,2
collision_o2_g1_n1000000_r05,collision,constant_250,250.0,302,76002738,0.4705227,True,False,10246,957,1,2
collision_o2_g1_n1000000_r05,collision,constant_500,500.0,302,76002738,0.4608801,True,False,1,1350,1,2
collision_o2_g1_n1000000_r05,collision,constant_1000,1000.0,302,76002738,0.4512192,True,False,1,1350,1,2
collision_o2_g1_n1000000_r05,collision,cost_model,1061.7164377819856,302,76002738,0.4009044,True,False,1,1350,1,2
collision_o2_g2_n1000000_r05,collision,wallclock_timing,,302,118139087,0.6534396,True,False,4311,1419,5,2
collision_o2_g2_n1000000_r05,collision,constant_250,250.0,302,118139087,0.732884,True,False,14515,1133,1,2
collision_o2_g2_n1000000_r05,collision,constant_500,500.0,302,118139087,0.7074287,True,False,1,1583,1,2
collision_o2_g2_n1000000_r05,collision,constant_1000,1000.0,302,118139087,0.6483215,True,False,1,1583,1,2
collision_o2_g2_n1000000_r05,collision,cost_model,1165.0584408123102,302,118139087,0.6890381,True,False,1,1583,1,2
dimerization_r05,dimerization,wallclock_timing,,303,7592205,0.1492417,True,False,4409,1713,4,2
dimerization_r05,dimerization,constant_250,250.0,303,7592205,0.1632178,True,False,15681,0,0,2
dimerization_r05,dimerization,constant_500,500.0,303,7592205,0.1501757,True,False,1,2385,1,2
dimerization_r05,dimerization,constant_1000,1000.0,303,7592205,0.1717384,True,False,1,2385,1,2
dimerization_r05,dimerization,cost_model,877.3585545919891,303,7592205,0.2293896,True,False,1,2385,1,2
dimerization_r1,dimerization,wallclock_timing,,303,30368820,0.7403633,True,False,26754,752,12,2
dimerization_r1,dimerization,constant_250,250.0,303,30368820,0.5983385,True,False,31463,0,0,2
dimerization_r1,dimerization,constant_500,500.0,303,30368820,0.5166909,True,False,31463,0,0,2
dimerization_r1,dimerization,constant_1000,1000.0,303,30368820,0.8721599,True,False,1,4770,1,2
dimerization_r1,dimerization,cost_model,932.2035471203687,303,30368820,0.9593711,True,False,1,4770,1,2
lotka_volterra_r05,lotka_volterra,wallclock_timing,,303,678466,1.7755102,True,False,72193,5192,42,2
lotka_volterra_r05,lotka_volterra,constant_250,250.0,303,678466,1.4811531,True,False,86158,0,0,2
lotka_volterra_r05,lotka_volterra,constant_500,500.0,303,678466,1.3628324,True,False,32555,21257,7,2
lotka_volterra_r05,lotka_volterra,constant_1000,1000.0,303,678466,1.3831404,True,False,1,33207,1,2
lotka_volterra_r05,lotka_volterra,cost_model,756.2219268427195,303,678466,1.291383,True,False,1,33207,1,2
lotka_volterra_r1,lotka_volterra,wallclock_timing,,303,2713864,2.9614378,True,False,166952,2239,66,2
lotka_volterra_r1,lotka_volterra,constant_250,250.0,303,2713864,3.3899829,True,False,172575,0,0,2
lotka_volterra_r1,lotka_volterra,constant_500,500.0,303,2713864,2.143402,True,False,172575,0,0,2
lotka_volterra_r1,lotka_volterra,constant_1000,1000.0,303,2713864,2.5811132,True,False,65151,42488,7,2
lotka_volterra_r1,lotka_volterra,cost_model,802.4739755516567,303,2713864,2.0755864,True,False,136501,15871,7,2
shrinking_r05,shrinking,wallclock_timing,,303,362139,0.0155385,True,False,2508,2,2,2
shrinking_r05,shrinking,constant_250,250.0,303,362139,0.0097096,True,False,348,1033,1,2
shrinking_r05,shrinking,constant_500,500.0,303,362139,0.0089002,True,False,1,1211,1,2
shrinking_r05,shrinking,constant_1000,1000.0,303,362139,0.0097102,True,False,1,1211,1,2
shrinking_r05,shrinking,cost_model,545.1177853622855,303,362139,0.0089845,True,False,1,1211,1,2
shrinking_r1,shrinking,wallclock_timing,,303,1448556,0.0329158,True,False,4907,2,2,2
shrinking_r1,shrinking,constant_250,250.0,303,1448556,0.0259199,True,False,2825,1026,1,2
shrinking_r1,shrinking,constant_500,500.0,303,1448556,0.0296669,True,False,696,2064,1,2
shrinking_r1,shrinking,constant_1000,1000.0,303,1448556,0.0329881,True,False,1,2393,1,2
shrinking_r1,shrinking,cost_model,579.6362044598512,303,1448556,0.0340448,True,False,15,2397,1,2
shrinking_r2,shrinking,wallclock_timing,,303,5794227,0.074125,True,False,9955,4,4,2
shrinking_r2,shrinking,constant_250,250.0,303,5794227,0.0648298,True,False,7811,1013,1,2
shrinking_r2,shrinking,constant_500,500.0,303,5794227,0.0680268,True,False,5690,2046,1,2
shrinking_r2,shrinking,constant_1000,1000.0,303,5794227,0.1123593,True,False,1401,4115,1,2
shrinking_r2,shrinking,cost_model,639.1055103573202,303,5794227,0.073274,True,False,4502,2622,1,2
shrinking_no_b_decay_r05,shrinking,wallclock_timing,,303,1313630,0.0223349,True,False,2735,274,5,2
shrinking_no_b_decay_r05,shrinking,constant_250,250.0,303,1313630,0.0154898,True,False,884,609,1,2
shrinking_no_b_decay_r05,shrinking,constant_500,500.0,303,1313630,0.0157442,True,False,1,842,1,2
shrinking_no_b_decay_r05,shrinking,constant_1000,1000.0,303,1313630,0.0149998,True,False,1,842,1,2
shrinking_no_b_decay_r05,shrinking,cost_model,620.040095011383,303,1313630,0.0151984,True,False,1,842,1,2
shrinking_no_b_decay_r1,shrinking,wallclock_timing,,303,5254522,0.085632,True,False,11612,90,5,2
shrinking_no_b_decay_r1,shrinking,constant_250,250.0,303,5254522,0.0538199,True,False,5104,567,1,2
shrinking_no_b_decay_r1,shrinking,constant_500,500.0,303,5254522,0.0511494,True,False,1745,1211,1,2
shrinking_no_b_decay_r1,shrinking,constant_1000,1000.0,303,5254522,0.0694445,True,False,1,1678,1,2
shrinking_no_b_decay_r1,shrinking,cost_model,664.3160114316831,303,5254522,0.0654686,True,False,11,1676,1,2
shrinking_no_b_decay_r2,shrinking,wallclock_timing,,303,21018089,0.1722505,True,False,21327,234,7,2
shrinking_no_b_decay_r2,shrinking,constant_250,250.0,303,21018089,0.1465006,True,False,15502,545,1,2
shrinking_no_b_decay_r2,shrinking,constant_500,500.0,303,21018089,0.1461346,True,False,10173,1129,1,2
shrinking_no_b_decay_r2,shrinking,constant_1000,1000.0,303,21018089,0.1885745,True,False,3500,2421,1,2
shrinking_no_b_decay_r2,shrinking,cost_model,741.7536545355321,303,21018089,0.1566315,True,False,6606,1736,1,2
shrinking_split_b_decay_r05,shrinking,wallclock_timing,,303,299138,0.0115817,True,False,1362,439,3,2
shrinking_split_b_decay_r05,shrinking,constant_250,250.0,303,299138,0.0083529,True,False,130,1036,1,2
shrinking_split_b_decay_r05,shrinking,constant_500,500.0,303,299138,0.008562,True,False,1,1099,1,2
shrinking_split_b_decay_r05,shrinking,constant_1000,1000.0,303,299138,0.0086534,True,False,1,1099,1,2
shrinking_split_b_decay_r05,shrinking,cost_model,496.310046439432,303,299138,0.0083775,True,False,1,1099,1,2
shrinking_split_b_decay_r1,shrinking,wallclock_timing,,303,1196554,0.0309967,True,False,4413,2,2,2
shrinking_split_b_decay_r1,shrinking,constant_250,250.0,303,1196554,0.0266608,True,False,2374,1029,1,2
shrinking_split_b_decay_r1,shrinking,constant_500,500.0,303,1196554,0.0320739,True,False,248,2067,1,2
shrinking_split_b_decay_r1,shrinking,constant_1000,1000.0,303,1196554,0.0335053,True,False,1,2185,1,2
shrinking_split_b_decay_r1,shrinking,cost_model,524.6153875326295,303,1196554,0.0323432,True,False,33,2165,1,2
shrinking_split_b_decay_r2,shrinking,wallclock_timing,,303,4786217,0.0660879,True,False,8996,4,4,2
shrinking_split_b_decay_r2,shrinking,constant_250,250.0,303,4786217,0.0601251,True,False,6914,1011,1,2
shrinking_split_b_decay_r2,shrinking,constant_500,500.0,303,4786217,0.0647919,True,False,4769,2047,1,2
shrinking_split_b_decay_r2,shrinking,constant_1000,1000.0,303,4786217,0.1155148,True,False,505,4122,1,2
shrinking_split_b_decay_r2,shrinking,cost_model,572.8273366107297,303,4786217,0.0677203,True,False,4149,2349,1,2
shrinking_b_decay_channels_1_r05,branch_count,wallclock_timing,,303,351289,0.0157621,True,False,2440,2,2,2
shrinking_b_decay_channels_1_r05,branch_count,constant_250,250.0,303,351289,0.0103421,True,False,302,1035,1,2
shrinking_b_decay_channels_1_r05,branch_count,constant_500,500.0,303,351289,0.0091484,True,False,1,1189,1,2
shrinking_b_decay_channels_1_r05,branch_count,constant_1000,1000.0,303,351289,0.0086502,True,False,1,1189,1,2
shrinking_b_decay_channels_1_r05,branch_count,cost_model,544.531232273166,303,351289,0.0141522,True,False,1,1189,1,2
shrinking_b_decay_channels_1_r1,branch_count,wallclock_timing,,303,1405158,0.033316,True,False,4900,2,2,2
shrinking_b_decay_channels_1_r1,branch_count,constant_250,250.0,303,1405158,0.0268014,True,False,2747,1028,1,2
shrinking_b_decay_channels_1_r1,branch_count,constant_500,500.0,303,1405158,0.0292114,True,False,618,2062,1,2
shrinking_b_decay_channels_1_r1,branch_count,constant_1000,1000.0,303,1405158,0.0358151,True,False,1,2365,1,2
shrinking_b_decay_channels_1_r1,branch_count,cost_model,578.673056335076,303,1405158,0.0321466,True,False,1,2365,1,2
shrinking_b_decay_channels_1_r2,branch_count,wallclock_timing,,303,5620633,0.0707871,True,False,9735,4,4,2
shrinking_b_decay_channels_1_r2,branch_count,constant_250,250.0,303,5620633,0.0631917,True,False,7750,1012,1,2
shrinking_b_decay_channels_1_r2,branch_count,constant_500,500.0,303,5620633,0.06833,True,False,5613,2051,1,2
shrinking_b_decay_channels_1_r2,branch_count,constant_1000,1000.0,303,5620633,0.1068461,True,False,1279,4118,1,2
shrinking_b_decay_channels_1_r2,branch_count,cost_model,637.3891639672992,303,5620633,0.0704085,True,False,4433,2618,1,2
shrinking_b_decay_channels_2_r05,branch_count,wallclock_timing,,303,277166,0.0145536,True,False,2155,2,2,2
shrinking_b_decay_channels_2_r05,branch_count,constant_250,250.0,303,277166,0.0094213,True,False,39,1037,1,2
shrinking_b_decay_channels_2_r05,branch_count,constant_500,500.0,303,277166,0.0073561,True,False,1,1055,1,2
shrinking_b_decay_channels_2_r05,branch_count,constant_1000,1000.0,303,277166,0.008587,True,False,1,1055,1,2
shrinking_b_decay_channels_2_r05,branch_count,cost_model,495.1028400505285,303,277166,0.0075671,True,False,1,1055,1,2
shrinking_b_decay_channels_2_r1,branch_count,wallclock_timing,,303,1108665,0.0297228,True,False,4297,2,2,2
shrinking_b_decay_channels_2_r1,branch_count,constant_250,250.0,303,1108665,0.0259994,True,False,2166,1028,1,2
shrinking_b_decay_channels_2_r1,branch_count,constant_500,500.0,303,1108665,0.0295678,True,False,74,2064,1,2
shrinking_b_decay_channels_2_r1,branch_count,constant_1000,1000.0,303,1108665,0.0290235,True,False,1,2097,1,2
shrinking_b_decay_channels_2_r1,branch_count,cost_model,522.6631618755257,303,1108665,0.0282482,True,False,1,2097,1,2
shrinking_b_decay_channels_2_r2,branch_count,wallclock_timing,,303,4434661,0.0630253,True,False,8654,4,4,2
shrinking_b_decay_channels_2_r2,branch_count,constant_250,250.0,303,4434661,0.0558454,True,False,6533,1012,1,2
shrinking_b_decay_channels_2_r2,branch_count,constant_500,500.0,303,4434661,0.0600558,True,False,4394,2048,1,2
shrinking_b_decay_channels_2_r2,branch_count,constant_1000,1000.0,303,4434661,0.1110992,True,False,157,4122,1,2
shrinking_b_decay_channels_2_r2,branch_count,cost_model,569.3850275231152,303,4434661,0.0673696,True,False,3801,2338,1,2
shrinking_b_decay_channels_4_r1,branch_count,wallclock_timing,,303,819554,0.0281466,True,False,3656,9,4,2
shrinking_b_decay_channels_4_r1,branch_count,constant_250,250.0,303,819554,0.0220332,True,False,1595,1034,1,2
shrinking_b_decay_channels_4_r1,branch_count,constant_500,500.0,303,819554,0.0286683,True,False,1,1807,1,2
shrinking_b_decay_channels_4_r1,branch_count,constant_1000,1000.0,303,819554,0.0277435,True,False,1,1807,1,2
shrinking_b_decay_channels_4_r1,branch_count,cost_model,447.9038995693453,303,819554,0.0268566,True,False,1,1807,1,2
shrinking_b_decay_channels_4_r2,branch_count,wallclock_timing,,303,3278217,0.0552142,True,False,7426,2,2,2
shrinking_b_decay_channels_4_r2,branch_count,constant_250,250.0,303,3278217,0.0528956,True,False,5327,1018,1,2
shrinking_b_decay_channels_4_r2,branch_count,constant_500,500.0,303,3278217,0.0611002,True,False,3210,2051,1,2
shrinking_b_decay_channels_4_r2,branch_count,constant_1000,1000.0,303,3278217,0.1064911,True,False,1,3606,1,2
shrinking_b_decay_channels_4_r2,branch_count,cost_model,481.13328192109236,303,3278217,0.0633156,True,False,3376,1972,1,2
shrinking_b_decay_channels_8_r1,branch_count,wallclock_timing,,303,359061,0.0200734,True,False,2294,79,4,2
shrinking_b_decay_channels_8_r1,branch_count,constant_250,250.0,303,359061,0.0153596,True,False,337,1035,1,2
shrinking_b_decay_channels_8_r1,branch_count,constant_500,500.0,303,359061,0.0169479,True,False,1,1200,1,2
shrinking_b_decay_channels_8_r1,branch_count,constant_1000,1000.0,303,359061,0.0208489,True,False,1,1200,1,2
shrinking_b_decay_channels_8_r1,branch_count,cost_model,360.6268828473997,303,359061,0.0188031,True,False,1,1200,1,2
shrinking_b_decay_channels_8_r2,branch_count,wallclock_timing,,303,1436245,0.0404341,True,False,4915,2,2,2
shrinking_b_decay_channels_8_r2,branch_count,constant_250,250.0,303,1436245,0.036241,True,False,2830,1028,1,2
shrinking_b_decay_channels_8_r2,branch_count,constant_500,500.0,303,1436245,0.0588086,True,False,697,2062,1,2
shrinking_b_decay_channels_8_r2,branch_count,constant_1000,1000.0,303,1436245,0.0701398,True,False,1,2390,1,2
shrinking_b_decay_channels_8_r2,branch_count,cost_model,378.0581639295689,303,1436245,0.0461335,True,False,1733,1562,1,2
dense_support_q4_r05,dense_support,wallclock_timing,,303,27282031,0.1414667,True,False,5449,612,3,2
dense_support_q4_r05,dense_support,constant_250,250.0,303,27282031,0.1532951,True,False,2648,730,1,2
dense_support_q4_r05,dense_support,constant_500,500.0,303,27282031,0.1594071,True,False,1,872,1,2
dense_support_q4_r05,dense_support,constant_1000,1000.0,303,27282031,0.1754563,True,False,1,872,1,2
dense_support_q4_r05,dense_support,cost_model,733.4496986580547,303,27282031,0.1662828,True,False,1,872,1,2
dense_support_q4_r1,dense_support,wallclock_timing,,303,109128124,0.5952361,True,False,18193,974,9,2
dense_support_q4_r1,dense_support,constant_250,250.0,303,109128124,0.6304036,True,False,25543,776,1,2
dense_support_q4_r1,dense_support,constant_500,500.0,303,109128124,0.8581169,True,False,5353,1458,1,2
dense_support_q4_r1,dense_support,constant_1000,1000.0,303,109128124,0.9153594,True,False,1,1742,1,2
dense_support_q4_r1,dense_support,cost_model,784.1508317724135,303,109128124,0.8757097,True,False,1,1742,1,2
dense_support_q6_r1,dense_support,wallclock_timing,,303,60230891,0.6272666,True,False,15135,676,5,2
dense_support_q6_r1,dense_support,constant_250,250.0,303,60230891,0.6597894,True,False,11823,773,1,2
dense_support_q6_r1,dense_support,constant_500,500.0,303,60230891,1.0917779,True,False,1,1295,1,2
dense_support_q6_r1,dense_support,constant_1000,1000.0,303,60230891,1.0079293,True,False,1,1295,1,2
dense_support_q6_r1,dense_support,cost_model,524.0311084918889,303,60230891,0.834663,True,False,1,1295,1,2
dense_support_q8_r1,dense_support,wallclock_timing,,303,28645269,0.5454866,True,False,16666,321,7,2
dense_support_q8_r1,dense_support,constant_250,250.0,303,28645269,0.5480317,True,False,3011,733,1,2
dense_support_q8_r1,dense_support,constant_500,500.0,303,28645269,0.7067202,True,False,1,893,1,2
dense_support_q8_r1,dense_support,constant_1000,1000.0,303,28645269,0.7190995,True,False,1,893,1,2
dense_support_q8_r1,dense_support,cost_model,373.7486016086209,303,28645269,0.6907395,True,False,1,893,1,2
dense_support_q8_r2,dense_support,wallclock_timing,,303,114581078,1.6583912,True,False,43651,466,13,2
dense_support_q8_r2,dense_support,constant_250,250.0,303,114581078,1.8857408,True,False,27031,775,1,2
dense_support_q8_r2,dense_support,constant_500,500.0,303,114581078,2.4181013,True,False,6093,1465,1,2
dense_support_q8_r2,dense_support,constant_1000,1000.0,303,114581078,2.6825307,True,False,1,1785,1,2
dense_support_q8_r2,dense_support,cost_model,391.9064517682382,303,114581078,2.0504017,True,False,12534,1195,1,2
dense_support_q12_r2,dense_support,wallclock_timing,,303,51176333,2.0617712,True,False,19650,485,9,2
dense_support_q12_r2,dense_support,constant_250,250.0,303,51176333,1.9917996,True,False,9341,767,1,2
dense_support_q12_r2,dense_support,constant_500,500.0,303,51176333,2.8288062,True,False,1,1194,1,2
dense_support_q12_r2,dense_support,constant_1000,1000.0,303,51176333,2.6414397,True,False,1,1194,1,2
dense_support_q12_r2,dense_support,cost_model,246.80058779803193,303,51176333,2.183588,True,False,9599,758,1,2
collision_o2_g0_n1000000_r05,collision,wallclock_timing,,303,26300816,0.2629029,True,False,806,809,3,2
collision_o2_g0_n1000000_r05,collision,constant_250,250.0,303,26300816,0.2478861,True,False,2374,727,1,2
collision_o2_g0_n1000000_r05,collision,constant_500,500.0,303,26300816,0.2617484,True,False,1,856,1,2
collision_o2_g0_n1000000_r05,collision,constant_1000,1000.0,303,26300816,0.2834164,True,False,1,856,1,2
collision_o2_g0_n1000000_r05,collision,cost_model,732.4199056555001,303,26300816,0.2684684,True,False,1,856,1,2
collision_o2_g0_n1000000_r1,collision,wallclock_timing,,303,105203267,0.9511389,True,False,4649,1461,3,2
collision_o2_g0_n1000000_r1,collision,constant_250,250.0,303,105203267,0.8749918,True,False,24433,777,1,2
collision_o2_g0_n1000000_r1,collision,constant_500,500.0,303,105203267,0.9252265,True,False,4816,1452,1,2
collision_o2_g0_n1000000_r1,collision,constant_1000,1000.0,303,105203267,0.9161545,True,False,1,1711,1,2
collision_o2_g0_n1000000_r1,collision,cost_model,782.4415315341369,303,105203267,0.9243275,True,False,1,1711,1,2
collision_o2_g1_n1000000_r05,collision,wallclock_timing,,303,76002738,0.6398655,True,False,1302,1290,3,2
collision_o2_g1_n1000000_r05,collision,constant_250,250.0,303,76002738,0.6511103,True,False,10302,957,1,2
collision_o2_g1_n1000000_r05,collision,constant_500,500.0,303,76002738,0.6680434,True,False,1,1350,1,2
collision_o2_g1_n1000000_r05,collision,constant_1000,1000.0,303,76002738,0.6991889,True,False,1,1350,1,2
collision_o2_g1_n1000000_r05,collision,cost_model,1061.7164377819856,303,76002738,0.6161799,True,False,1,1350,1,2
collision_o2_g2_n1000000_r05,collision,wallclock_timing,,303,118139087,1.0413515,True,False,1740,1512,3,2
collision_o2_g2_n1000000_r05,collision,constant_250,250.0,303,118139087,1.1437292,True,False,14518,1133,1,2
collision_o2_g2_n1000000_r05,collision,constant_500,500.0,303,118139087,1.0031992,True,False,1,1583,1,2
collision_o2_g2_n1000000_r05,collision,constant_1000,1000.0,303,118139087,1.0649062,True,False,1,1583,1,2
collision_o2_g2_n1000000_r05,collision,cost_model,1165.0584408123102,303,118139087,1.0880868,True,False,1,1583,1,2
dimerization_r05,dimerization,wallclock_timing,,304,7592205,0.3128949,True,False,15224,51,10,2
dimerization_r05,dimerization,constant_250,250.0,304,7592205,0.3486492,True,False,15581,0,0,2
dimerization_r05,dimerization,constant_500,500.0,304,7592205,0.2304379,True,False,1,2385,1,2
dimerization_r05,dimerization,constant_1000,1000.0,304,7592205,0.2099351,True,False,1,2385,1,2
dimerization_r05,dimerization,cost_model,877.3585545919891,304,7592205,0.2162842,True,False,1,2385,1,2
dimerization_r1,dimerization,wallclock_timing,,304,30368820,0.5215727,True,False,31068,27,12,2
dimerization_r1,dimerization,constant_250,250.0,304,30368820,0.4733726,True,False,31257,0,0,2
dimerization_r1,dimerization,constant_500,500.0,304,30368820,0.5143446,True,False,31257,0,0,2
dimerization_r1,dimerization,constant_1000,1000.0,304,30368820,0.9878101,True,False,1,4770,1,2
dimerization_r1,dimerization,cost_model,932.2035471203687,304,30368820,1.0015416,True,False,1,4770,1,2
lotka_volterra_r05,lotka_volterra,wallclock_timing,,304,678466,1.8121278,True,False,55978,11518,34,2
lotka_volterra_r05,lotka_volterra,constant_250,250.0,304,678466,1.6541235,True,False,85874,0,0,2
lotka_volterra_r05,lotka_volterra,constant_500,500.0,304,678466,1.383687,True,False,32402,21241,7,2
lotka_volterra_r05,lotka_volterra,constant_1000,1000.0,304,678466,1.3554985,True,False,1,33204,1,2
lotka_volterra_r05,lotka_volterra,cost_model,756.2219268427195,304,678466,1.4049364,True,False,1,33204,1,2
lotka_volterra_r1,lotka_volterra,wallclock_timing,,304,2713864,3.3462636,True,False,170546,606,64,2
lotka_volterra_r1,lotka_volterra,constant_250,250.0,304,2713864,3.5039522,True,False,172180,0,0,2
lotka_volterra_r1,lotka_volterra,constant_500,500.0,304,2713864,3.5847922,True,False,172180,0,0,2
lotka_volterra_r1,lotka_volterra,constant_1000,1000.0,304,2713864,4.8595452,True,False,64754,42469,7,2
lotka_volterra_r1,lotka_volterra,cost_model,802.4739755516567,304,2713864,3.1095179,True,False,136250,15634,7,2
shrinking_r05,shrinking,wallclock_timing,,304,362139,0.0144574,True,False,448,989,3,2
shrinking_r05,shrinking,constant_250,250.0,304,362139,0.0125212,True,False,359,1035,1,2
shrinking_r05,shrinking,constant_500,500.0,304,362139,0.0151805,True,False,1,1204,1,2
shrinking_r05,shrinking,constant_1000,1000.0,304,362139,0.0131727,True,False,1,1204,1,2
shrinking_r05,shrinking,cost_model,545.1177853622855,304,362139,0.0128674,True,False,1,1204,1,2
shrinking_r1,shrinking,wallclock_timing,,304,1448556,0.048771,True,False,4923,2,2,2
shrinking_r1,shrinking,constant_250,250.0,304,1448556,0.0389069,True,False,2828,1031,1,2
shrinking_r1,shrinking,constant_500,500.0,304,1448556,0.0388852,True,False,694,2063,1,2
shrinking_r1,shrinking,constant_1000,1000.0,304,1448556,0.04951,True,False,1,2399,1,2
shrinking_r1,shrinking,cost_model,579.6362044598512,304,1448556,0.0463939,True,False,18,2392,1,2
shrinking_r2,shrinking,wallclock_timing,,304,5794227,0.0929788,True,False,9770,4,4,2
shrinking_r2,shrinking,constant_250,250.0,304,5794227,0.0790819,True,False,7743,1010,1,2
shrinking_r2,shrinking,constant_500,500.0,304,5794227,0.085695,True,False,5623,2048,1,2
shrinking_r2,shrinking,constant_1000,1000.0,304,5794227,0.1578203,True,False,1400,4121,1,2
shrinking_r2,shrinking,cost_model,639.1055103573202,304,5794227,0.089567,True,False,4453,2625,1,2
shrinking_no_b_decay_r05,shrinking,wallclock_timing,,304,1313630,0.0314813,True,False,2807,247,3,2
shrinking_no_b_decay_r05,shrinking,constant_250,250.0,304,1313630,0.0202559,True,False,852,607,1,2
shrinking_no_b_decay_r05,shrinking,constant_500,500.0,304,1313630,0.021631,True,False,1,843,1,2
shrinking_no_b_decay_r05,shrinking,constant_1000,1000.0,304,1313630,0.0168316,True,False,1,843,1,2
shrinking_no_b_decay_r05,shrinking,cost_model,620.040095011383,304,1313630,0.0199146,True,False,1,843,1,2
shrinking_no_b_decay_r1,shrinking,wallclock_timing,,304,5254522,0.0813203,True,False,8647,225,7,2
shrinking_no_b_decay_r1,shrinking,constant_250,250.0,304,5254522,0.0724601,True,False,5041,567,1,2
shrinking_no_b_decay_r1,shrinking,constant_500,500.0,304,5254522,0.069868,True,False,1747,1212,1,2
shrinking_no_b_decay_r1,shrinking,constant_1000,1000.0,304,5254522,0.0718484,True,False,1,1679,1,2
shrinking_no_b_decay_r1,shrinking,cost_model,664.3160114316831,304,5254522,0.0752862,True,False,12,1676,1,2
shrinking_no_b_decay_r2,shrinking,wallclock_timing,,304,21018089,0.2227587,True,False,23490,166,7,2
shrinking_no_b_decay_r2,shrinking,constant_250,250.0,304,21018089,0.208635,True,False,15474,545,1,2
shrinking_no_b_decay_r2,shrinking,constant_500,500.0,304,21018089,0.180236,True,False,10110,1129,1,2
shrinking_no_b_decay_r2,shrinking,constant_1000,1000.0,304,21018089,0.250649,True,False,3466,2422,1,2
shrinking_no_b_decay_r2,shrinking,cost_model,741.7536545355321,304,21018089,0.1971268,True,False,6581,1735,1,2
shrinking_split_b_decay_r05,shrinking,wallclock_timing,,304,299138,0.0198139,True,False,2227,2,2,2
shrinking_split_b_decay_r05,shrinking,constant_250,250.0,304,299138,0.0113729,True,False,122,1038,1,2
shrinking_split_b_decay_r05,shrinking,constant_500,500.0,304,299138,0.0117241,True,False,1,1099,1,2
shrinking_split_b_decay_r05,shrinking,constant_1000,1000.0,304,299138,0.0105952,True,False,1,1099,1,2
shrinking_split_b_decay_r05,shrinking,cost_model,496.310046439432,304,299138,0.0094106,True,False,1,1099,1,2
shrinking_split_b_decay_r1,shrinking,wallclock_timing,,304,1196554,0.0450783,True,False,4464,2,2,2
shrinking_split_b_decay_r1,shrinking,constant_250,250.0,304,1196554,0.0322912,True,False,2411,1029,1,2
shrinking_split_b_decay_r1,shrinking,constant_500,500.0,304,1196554,0.0396575,True,False,254,2062,1,2
shrinking_split_b_decay_r1,shrinking,constant_1000,1000.0,304,1196554,0.0528557,True,False,1,2183,1,2
shrinking_split_b_decay_r1,shrinking,cost_model,524.6153875326295,304,1196554,0.0470882,True,False,36,2168,1,2
shrinking_split_b_decay_r2,shrinking,wallclock_timing,,304,4786217,0.099828,True,False,8918,4,4,2
shrinking_split_b_decay_r2,shrinking,constant_250,250.0,304,4786217,0.0831508,True,False,6927,1013,1,2
shrinking_split_b_decay_r2,shrinking,constant_500,500.0,304,4786217,0.0934624,True,False,4778,2051,1,2
shrinking_split_b_decay_r2,shrinking,constant_1000,1000.0,304,4786217,0.1631277,True,False,491,4119,1,2
shrinking_split_b_decay_r2,shrinking,cost_model,572.8273366107297,304,4786217,0.1015111,True,False,4147,2348,1,2
shrinking_b_decay_channels_1_r05,branch_count,wallclock_timing,,304,351289,0.0133048,True,False,447,973,3,2
shrinking_b_decay_channels_1_r05,branch_count,constant_250,250.0,304,351289,0.010447,True,False,320,1036,1,2
shrinking_b_decay_channels_1_r05,branch_count,constant_500,500.0,304,351289,0.0120284,True,False,1,1188,1,2
shrinking_b_decay_channels_1_r05,branch_count,constant_1000,1000.0,304,351289,0.0136194,True,False,1,1188,1,2
shrinking_b_decay_channels_1_r05,branch_count,cost_model,544.531232273166,304,351289,0.0101967,True,False,1,1188,1,2
shrinking_b_decay_channels_1_r1,branch_count,wallclock_timing,,304,1405158,0.0434657,True,False,4828,2,2,2
shrinking_b_decay_channels_1_r1,branch_count,constant_250,250.0,304,1405158,0.0321203,True,False,2742,1025,1,2
shrinking_b_decay_channels_1_r1,branch_count,constant_500,500.0,304,1405158,0.0294897,True,False,620,2064,1,2
shrinking_b_decay_channels_1_r1,branch_count,constant_1000,1000.0,304,1405158,0.0384433,True,False,1,2363,1,2
shrinking_b_decay_channels_1_r1,branch_count,cost_model,578.673056335076,304,1405158,0.0497338,True,False,1,2363,1,2
shrinking_b_decay_channels_1_r2,branch_count,wallclock_timing,,304,5620633,0.1141524,True,False,9682,4,4,2
shrinking_b_decay_channels_1_r2,branch_count,constant_250,250.0,304,5620633,0.0754864,True,False,7640,1006,1,2
shrinking_b_decay_channels_1_r2,branch_count,constant_500,500.0,304,5620633,0.1043174,True,False,5513,2048,1,2
shrinking_b_decay_channels_1_r2,branch_count,constant_1000,1000.0,304,5620633,0.1606416,True,False,1245,4115,1,2
shrinking_b_decay_channels_1_r2,branch_count,cost_model,637.3891639672992,304,5620633,0.0980871,True,False,4341,2617,1,2
shrinking_b_decay_channels_2_r05,branch_count,wallclock_timing,,304,277166,0.0159736,True,False,748,692,3,2
shrinking_b_decay_channels_2_r05,branch_count,constant_250,250.0,304,277166,0.0077326,True,False,43,1036,1,2
shrinking_b_decay_channels_2_r05,branch_count,constant_500,500.0,304,277166,0.0089794,True,False,1,1050,1,2
shrinking_b_decay_channels_2_r05,branch_count,constant_1000,1000.0,304,277166,0.0093076,True,False,1,1050,1,2
shrinking_b_decay_channels_2_r05,branch_count,cost_model,495.1028400505285,304,277166,0.0138835,True,False,1,1050,1,2
shrinking_b_decay_channels_2_r1,branch_count,wallclock_timing,,304,1108665,0.043345,True,False,4261,2,2,2
shrinking_b_decay_channels_2_r1,branch_count,constant_250,250.0,304,1108665,0.0326823,True,False,2209,1033,1,2
shrinking_b_decay_channels_2_r1,branch_count,constant_500,500.0,304,1108665,0.0526812,True,False,80,2064,1,2
shrinking_b_decay_channels_2_r1,branch_count,constant_1000,1000.0,304,1108665,0.0482845,True,False,1,2096,1,2
shrinking_b_decay_channels_2_r1,branch_count,cost_model,522.6631618755257,304,1108665,0.0366069,True,False,1,2096,1,2
shrinking_b_decay_channels_2_r2,branch_count,wallclock_timing,,304,4434661,0.0643437,True,False,8650,4,4,2
shrinking_b_decay_channels_2_r2,branch_count,constant_250,250.0,304,4434661,0.067538,True,False,6484,1014,1,2
shrinking_b_decay_channels_2_r2,branch_count,constant_500,500.0,304,4434661,0.0758878,True,False,4370,2051,1,2
shrinking_b_decay_channels_2_r2,branch_count,constant_1000,1000.0,304,4434661,0.1656466,True,False,149,4117,1,2
shrinking_b_decay_channels_2_r2,branch_count,cost_model,569.3850275231152,304,4434661,0.1046773,True,False,3766,2341,1,2
shrinking_b_decay_channels_4_r1,branch_count,wallclock_timing,,304,819554,0.0470145,True,False,3768,2,2,2
shrinking_b_decay_channels_4_r1,branch_count,constant_250,250.0,304,819554,0.0387148,True,False,1601,1032,1,2
shrinking_b_decay_channels_4_r1,branch_count,constant_500,500.0,304,819554,0.0340543,True,False,1,1806,1,2
shrinking_b_decay_channels_4_r1,branch_count,constant_1000,1000.0,304,819554,0.0517376,True,False,1,1806,1,2
shrinking_b_decay_channels_4_r1,branch_count,cost_model,447.9038995693453,304,819554,0.0582401,True,False,1,1806,1,2
shrinking_b_decay_channels_4_r2,branch_count,wallclock_timing,,304,3278217,0.1091237,True,False,7459,2,2,2
shrinking_b_decay_channels_4_r2,branch_count,constant_250,250.0,304,3278217,0.0943294,True,False,5346,1019,1,2
shrinking_b_decay_channels_4_r2,branch_count,constant_500,500.0,304,3278217,0.1274962,True,False,3180,2053,1,2
shrinking_b_decay_channels_4_r2,branch_count,constant_1000,1000.0,304,3278217,0.1860705,True,False,1,3607,1,2
shrinking_b_decay_channels_4_r2,branch_count,cost_model,481.13328192109236,304,3278217,0.1091059,True,False,3349,1977,1,2
shrinking_b_decay_channels_8_r1,branch_count,wallclock_timing,,304,359061,0.0313315,True,False,2371,30,4,2
shrinking_b_decay_channels_8_r1,branch_count,constant_250,250.0,304,359061,0.0273653,True,False,347,1034,1,2
shrinking_b_decay_channels_8_r1,branch_count,constant_500,500.0,304,359061,0.0344191,True,False,1,1198,1,2
shrinking_b_decay_channels_8_r1,branch_count,constant_1000,1000.0,304,359061,0.0306931,True,False,1,1198,1,2
shrinking_b_decay_channels_8_r1,branch_count,cost_model,360.6268828473997,304,359061,0.0333786,True,False,1,1198,1,2
shrinking_b_decay_channels_8_r2,branch_count,wallclock_timing,,304,1436245,0.0799485,True,False,4959,2,2,2
shrinking_b_decay_channels_8_r2,branch_count,constant_250,250.0,304,1436245,0.0684013,True,False,2820,1024,1,2
shrinking_b_decay_channels_8_r2,branch_count,constant_500,500.0,304,1436245,0.1050365,True,False,670,2063,1,2
shrinking_b_decay_channels_8_r2,branch_count,constant_1000,1000.0,304,1436245,0.1198088,True,False,1,2393,1,2
shrinking_b_decay_channels_8_r2,branch_count,cost_model,378.0581639295689,304,1436245,0.0846782,True,False,1714,1557,1,2
dense_support_q4_r05,dense_support,wallclock_timing,,304,27282031,0.2666833,True,False,976,815,3,2
dense_support_q4_r05,dense_support,constant_250,250.0,304,27282031,0.212616,True,False,2591,729,1,2
dense_support_q4_r05,dense_support,constant_500,500.0,304,27282031,0.2611441,True,False,1,872,1,2
dense_support_q4_r05,dense_support,constant_1000,1000.0,304,27282031,0.2807416,True,False,1,872,1,2
dense_support_q4_r05,dense_support,cost_model,733.4496986580547,304,27282031,0.2709582,True,False,1,872,1,2
dense_support_q4_r1,dense_support,wallclock_timing,,304,109128124,0.8626917,True,False,20490,910,9,2
dense_support_q4_r1,dense_support,constant_250,250.0,304,109128124,0.8757534,True,False,25289,776,1,2
dense_support_q4_r1,dense_support,constant_500,500.0,304,109128124,0.9806354,True,False,5203,1458,1,2
dense_support_q4_r1,dense_support,constant_1000,1000.0,304,109128124,1.0555058,True,False,1,1742,1,2
dense_support_q4_r1,dense_support,cost_model,784.1508317724135,304,109128124,1.0404006,True,False,1,1742,1,2
dense_support_q6_r1,dense_support,wallclock_timing,,304,60230891,0.7313659,True,False,14545,688,5,2
dense_support_q6_r1,dense_support,constant_250,250.0,304,60230891,0.5867497,True,False,11740,773,1,2
dense_support_q6_r1,dense_support,constant_500,500.0,304,60230891,0.7190742,True,False,1,1295,1,2
dense_support_q6_r1,dense_support,constant_1000,1000.0,304,60230891,0.7321572,True,False,1,1295,1,2
dense_support_q6_r1,dense_support,cost_model,524.0311084918889,304,60230891,0.7130203,True,False,1,1295,1,2
dense_support_q8_r1,dense_support,wallclock_timing,,304,28645269,0.4657593,True,False,6236,597,3,2
dense_support_q8_r1,dense_support,constant_250,250.0,304,28645269,0.5277328,True,False,2961,733,1,2
dense_support_q8_r1,dense_support,constant_500,500.0,304,28645269,0.5776339,True,False,1,893,1,2
dense_support_q8_r1,dense_support,constant_1000,1000.0,304,28645269,0.5620325,True,False,1,893,1,2
dense_support_q8_r1,dense_support,cost_model,373.7486016086209,304,28645269,0.5169204,True,False,1,893,1,2
dense_support_q8_r2,dense_support,wallclock_timing,,304,114581078,1.2763134,True,False,37991,671,13,2
dense_support_q8_r2,dense_support,constant_250,250.0,304,114581078,1.2008904,True,False,26772,775,1,2
dense_support_q8_r2,dense_support,constant_500,500.0,304,114581078,1.7721877,True,False,5940,1465,1,2
dense_support_q8_r2,dense_support,constant_1000,1000.0,304,114581078,1.99202,True,False,1,1785,1,2
dense_support_q8_r2,dense_support,cost_model,391.9064517682382,304,114581078,1.4882215,True,False,12443,1194,1,2
dense_support_q12_r2,dense_support,wallclock_timing,,304,51176333,0.975482,True,False,35769,218,11,2
dense_support_q12_r2,dense_support,constant_250,250.0,304,51176333,1.3340204,True,False,9159,767,1,2
dense_support_q12_r2,dense_support,constant_500,500.0,304,51176333,1.8868736,True,False,1,1194,1,2
dense_support_q12_r2,dense_support,constant_1000,1000.0,304,51176333,1.7828729,True,False,1,1194,1,2
dense_support_q12_r2,dense_support,cost_model,246.80058779803193,304,51176333,1.6498496,True,False,9421,758,1,2
collision_o2_g0_n1000000_r05,collision,wallclock_timing,,304,26300816,0.1635903,True,False,388,833,3,2
collision_o2_g0_n1000000_r05,collision,constant_250,250.0,304,26300816,0.1656199,True,False,2337,727,1,2
collision_o2_g0_n1000000_r05,collision,constant_500,500.0,304,26300816,0.1638317,True,False,1,856,1,2
collision_o2_g0_n1000000_r05,collision,constant_1000,1000.0,304,26300816,0.1594264,True,False,1,856,1,2
collision_o2_g0_n1000000_r05,collision,cost_model,732.4199056555001,304,26300816,0.1685946,True,False,1,856,1,2
collision_o2_g0_n1000000_r1,collision,wallclock_timing,,304,105203267,0.5339256,True,False,17795,953,9,2
collision_o2_g0_n1000000_r1,collision,constant_250,250.0,304,105203267,0.4481774,True,False,24228,777,1,2
collision_o2_g0_n1000000_r1,collision,constant_500,500.0,304,105203267,0.5280463,True,False,4684,1452,1,2
collision_o2_g0_n1000000_r1,collision,constant_1000,1000.0,304,105203267,0.5675185,True,False,1,1711,1,2
collision_o2_g0_n1000000_r1,collision,cost_model,782.4415315341369,304,105203267,0.6450762,True,False,1,1711,1,2
collision_o2_g1_n1000000_r05,collision,wallclock_timing,,304,76002738,0.4157863,True,False,10832,944,5,2
collision_o2_g1_n1000000_r05,collision,constant_250,250.0,304,76002738,0.4884978,True,False,10141,957,1,2
collision_o2_g1_n1000000_r05,collision,constant_500,500.0,304,76002738,0.4341554,True,False,1,1350,1,2
collision_o2_g1_n1000000_r05,collision,constant_1000,1000.0,304,76002738,0.4166111,True,False,1,1350,1,2
collision_o2_g1_n1000000_r05,collision,cost_model,1061.7164377819856,304,76002738,0.4544159,True,False,1,1350,1,2
collision_o2_g2_n1000000_r05,collision,wallclock_timing,,304,118139087,0.6916715,True,False,851,1549,5,2
collision_o2_g2_n1000000_r05,collision,constant_250,250.0,304,118139087,0.7498414,True,False,14389,1133,1,2
collision_o2_g2_n1000000_r05,collision,constant_500,500.0,304,118139087,0.6316017,True,False,1,1583,1,2
collision_o2_g2_n1000000_r05,collision,constant_1000,1000.0,304,118139087,0.6703577,True,False,1,1583,1,2
collision_o2_g2_n1000000_r05,collision,cost_model,1165.0584408123102,304,118139087,0.6522619,True,False,1,1583,1,2
dimerization_r05,dimerization,wallclock_timing,,305,7592205,0.1446867,True,False,3451,1903,3,2
dimerization_r05,dimerization,constant_250,250.0,305,7592205,0.1621518,True,False,15677,0,0,2
dimerization_r05,dimerization,constant_500,500.0,305,7592205,0.1530367,True,False,1,2385,1,2
dimerization_r05,dimerization,constant_1000,1000.0,305,7592205,0.154583,True,False,1,2385,1,2
dimerization_r05,dimerization,cost_model,877.3585545919891,305,7592205,0.1529359,True,False,1,2385,1,2
dimerization_r1,dimerization,wallclock_timing,,305,30368820,0.3291705,True,False,31266,8,8,2
dimerization_r1,dimerization,constant_250,250.0,305,30368820,0.3404003,True,False,31316,0,0,2
dimerization_r1,dimerization,constant_500,500.0,305,30368820,0.3330584,True,False,31316,0,0,2
dimerization_r1,dimerization,constant_1000,1000.0,305,30368820,0.664582,True,False,1,4770,1,2
dimerization_r1,dimerization,cost_model,932.2035471203687,305,30368820,0.6059693,True,False,1,4770,1,2
lotka_volterra_r05,lotka_volterra,wallclock_timing,,305,678466,0.9217927,True,False,76036,3648,34,2
lotka_volterra_r05,lotka_volterra,constant_250,250.0,305,678466,0.9544569,True,False,86078,0,0,2
lotka_volterra_r05,lotka_volterra,constant_500,500.0,305,678466,0.8675388,True,False,32413,21244,7,2
lotka_volterra_r05,lotka_volterra,constant_1000,1000.0,305,678466,0.8517923,True,False,1,33222,1,2
lotka_volterra_r05,lotka_volterra,cost_model,756.2219268427195,305,678466,0.8647516,True,False,1,33222,1,2
lotka_volterra_r1,lotka_volterra,wallclock_timing,,305,2713864,1.9460585,True,False,159937,5075,60,2
lotka_volterra_r1,lotka_volterra,constant_250,250.0,305,2713864,1.8770086,True,False,172342,0,0,2
lotka_volterra_r1,lotka_volterra,constant_500,500.0,305,2713864,2.014404,True,False,172342,0,0,2
lotka_volterra_r1,lotka_volterra,constant_1000,1000.0,305,2713864,2.6942196,True,False,64810,42492,7,2
lotka_volterra_r1,lotka_volterra,cost_model,802.4739755516567,305,2713864,2.1952111,True,False,136443,15762,7,2
shrinking_r05,shrinking,wallclock_timing,,305,362139,0.0148396,True,False,2504,2,2,2
shrinking_r05,shrinking,constant_250,250.0,305,362139,0.0111599,True,False,341,1037,1,2
shrinking_r05,shrinking,constant_500,500.0,305,362139,0.007806,True,False,1,1200,1,2
shrinking_r05,shrinking,constant_1000,1000.0,305,362139,0.0083882,True,False,1,1200,1,2
shrinking_r05,shrinking,cost_model,545.1177853622855,305,362139,0.0085622,True,False,1,1200,1,2
shrinking_r1,shrinking,wallclock_timing,,305,1448556,0.0304387,True,False,4889,2,2,2
shrinking_r1,shrinking,constant_250,250.0,305,1448556,0.0248664,True,False,2807,1024,1,2
shrinking_r1,shrinking,constant_500,500.0,305,1448556,0.027965,True,False,680,2064,1,2
shrinking_r1,shrinking,constant_1000,1000.0,305,1448556,0.0321087,True,False,1,2407,1,2
shrinking_r1,shrinking,cost_model,579.6362044598512,305,1448556,0.0325893,True,False,14,2388,1,2
shrinking_r2,shrinking,wallclock_timing,,305,5794227,0.0674347,True,False,9783,4,4,2
shrinking_r2,shrinking,constant_250,250.0,305,5794227,0.058801,True,False,7798,1009,1,2
shrinking_r2,shrinking,constant_500,500.0,305,5794227,0.0679941,True,False,5646,2048,1,2
shrinking_r2,shrinking,constant_1000,1000.0,305,5794227,0.1107059,True,False,1382,4117,1,2
shrinking_r2,shrinking,cost_model,639.1055103573202,305,5794227,0.0828922,True,False,4467,2623,1,2
shrinking_no_b_decay_r05,shrinking,wallclock_timing,,305,1313630,0.0176088,True,False,1011,572,3,2
shrinking_no_b_decay_r05,shrinking,constant_250,250.0,305,1313630,0.0178648,True,False,875,609,1,2
shrinking_no_b_decay_r05,shrinking,constant_500,500.0,305,1313630,0.0165449,True,False,1,841,1,2
shrinking_no_b_decay_r05,shrinking,constant_1000,1000.0,305,1313630,0.0164406,True,False,1,841,1,2
shrinking_no_b_decay_r05,shrinking,cost_model,620.040095011383,305,1313630,0.0160202,True,False,1,841,1,2
shrinking_no_b_decay_r1,shrinking,wallclock_timing,,305,5254522,0.054592,True,False,3967,744,3,2
shrinking_no_b_decay_r1,shrinking,constant_250,250.0,305,5254522,0.0586596,True,False,5079,568,1,2
shrinking_no_b_decay_r1,shrinking,constant_500,500.0,305,5254522,0.057662,True,False,1778,1214,1,2
shrinking_no_b_decay_r1,shrinking,constant_1000,1000.0,305,5254522,0.0639195,True,False,1,1679,1,2
shrinking_no_b_decay_r1,shrinking,cost_model,664.3160114316831,305,5254522,0.0637019,True,False,9,1676,1,2
shrinking_no_b_decay_r2,shrinking,wallclock_timing,,305,21018089,0.1538492,True,False,19042,326,9,2
shrinking_no_b_decay_r2,shrinking,constant_250,250.0,305,21018089,0.1370958,True,False,15520,545,1,2
shrinking_no_b_decay_r2,shrinking,constant_500,500.0,305,21018089,0.1335702,True,False,10211,1131,1,2
shrinking_no_b_decay_r2,shrinking,constant_1000,1000.0,305,21018089,0.169708,True,False,3495,2423,1,2
shrinking_no_b_decay_r2,shrinking,cost_model,741.7536545355321,305,21018089,0.1649338,True,False,6624,1734,1,2
shrinking_split_b_decay_r05,shrinking,wallclock_timing,,305,299138,0.016643,True,False,2245,2,2,2
shrinking_split_b_decay_r05,shrinking,constant_250,250.0,305,299138,0.0094252,True,False,115,1036,1,2
shrinking_split_b_decay_r05,shrinking,constant_500,500.0,305,299138,0.009448,True,False,1,1094,1,2
shrinking_split_b_decay_r05,shrinking,constant_1000,1000.0,305,299138,0.0101708,True,False,1,1094,1,2
shrinking_split_b_decay_r05,shrinking,cost_model,496.310046439432,305,299138,0.0087925,True,False,1,1094,1,2
shrinking_split_b_decay_r1,shrinking,wallclock_timing,,305,1196554,0.0364912,True,False,4496,2,2,2
shrinking_split_b_decay_r1,shrinking,constant_250,250.0,305,1196554,0.0282404,True,False,2393,1030,1,2
shrinking_split_b_decay_r1,shrinking,constant_500,500.0,305,1196554,0.0349804,True,False,239,2062,1,2
shrinking_split_b_decay_r1,shrinking,constant_1000,1000.0,305,1196554,0.0343981,True,False,1,2184,1,2
shrinking_split_b_decay_r1,shrinking,cost_model,524.6153875326295,305,1196554,0.0361457,True,False,36,2165,1,2
shrinking_split_b_decay_r2,shrinking,wallclock_timing,,305,4786217,0.0727019,True,False,8984,4,4,2
shrinking_split_b_decay_r2,shrinking,constant_250,250.0,305,4786217,0.0664411,True,False,6872,1015,1,2
shrinking_split_b_decay_r2,shrinking,constant_500,500.0,305,4786217,0.06537,True,False,4740,2045,1,2
shrinking_split_b_decay_r2,shrinking,constant_1000,1000.0,305,4786217,0.1117154,True,False,489,4115,1,2
shrinking_split_b_decay_r2,shrinking,cost_model,572.8273366107297,305,4786217,0.0661981,True,False,4120,2352,1,2
shrinking_b_decay_channels_1_r05,branch_count,wallclock_timing,,305,351289,0.0115953,True,False,1032,697,3,2
shrinking_b_decay_channels_1_r05,branch_count,constant_250,250.0,305,351289,0.0096195,True,False,312,1033,1,2
shrinking_b_decay_channels_1_r05,branch_count,constant_500,500.0,305,351289,0.008544,True,False,1,1180,1,2
shrinking_b_decay_channels_1_r05,branch_count,constant_1000,1000.0,305,351289,0.0085139,True,False,1,1180,1,2
shrinking_b_decay_channels_1_r05,branch_count,cost_model,544.531232273166,305,351289,0.0083718,True,False,1,1180,1,2
shrinking_b_decay_channels_1_r1,branch_count,wallclock_timing,,305,1405158,0.0321664,True,False,4825,2,2,2
shrinking_b_decay_channels_1_r1,branch_count,constant_250,250.0,305,1405158,0.0254716,True,False,2733,1025,1,2
shrinking_b_decay_channels_1_r1,branch_count,constant_500,500.0,305,1405158,0.0284096,True,False,609,2058,1,2
shrinking_b_decay_channels_1_r1,branch_count,constant_1000,1000.0,305,1405158,0.0319274,True,False,1,2367,1,2
shrinking_b_decay_channels_1_r1,branch_count,cost_model,578.673056335076,305,1405158,0.0305862,True,False,1,2367,1,2
shrinking_b_decay_channels_1_r2,branch_count,wallclock_timing,,305,5620633,0.067761,True,False,9640,4,4,2
shrinking_b_decay_channels_1_r2,branch_count,constant_250,250.0,305,5620633,0.0608352,True,False,7669,1008,1,2
shrinking_b_decay_channels_1_r2,branch_count,constant_500,500.0,305,5620633,0.0673486,True,False,5511,2043,1,2
shrinking_b_decay_channels_1_r2,branch_count,constant_1000,1000.0,305,5620633,0.1189942,True,False,1247,4119,1,2
shrinking_b_decay_channels_1_r2,branch_count,cost_model,637.3891639672992,305,5620633,0.0826319,True,False,4346,2617,1,2
shrinking_b_decay_channels_2_r05,branch_count,wallclock_timing,,305,277166,0.0171074,True,False,2007,61,4,2
shrinking_b_decay_channels_2_r05,branch_count,constant_250,250.0,305,277166,0.0089821,True,False,43,1033,1,2
shrinking_b_decay_channels_2_r05,branch_count,constant_500,500.0,305,277166,0.0071323,True,False,1,1053,1,2
shrinking_b_decay_channels_2_r05,branch_count,constant_1000,1000.0,305,277166,0.0096009,True,False,1,1053,1,2
shrinking_b_decay_channels_2_r05,branch_count,cost_model,495.1028400505285,305,277166,0.0093519,True,False,1,1053,1,2
shrinking_b_decay_channels_2_r1,branch_count,wallclock_timing,,305,1108665,0.0371503,True,False,2647,808,6,2
shrinking_b_decay_channels_2_r1,branch_count,constant_250,250.0,305,1108665,0.0253229,True,False,2175,1032,1,2
shrinking_b_decay_channels_2_r1,branch_count,constant_500,500.0,305,1108665,0.0425746,True,False,69,2064,1,2
shrinking_b_decay_channels_2_r1,branch_count,constant_1000,1000.0,305,1108665,0.0373652,True,False,1,2100,1,2
shrinking_b_decay_channels_2_r1,branch_count,cost_model,522.6631618755257,305,1108665,0.0370508,True,False,1,2100,1,2
shrinking_b_decay_channels_2_r2,branch_count,wallclock_timing,,305,4434661,0.0729902,True,False,8620,4,4,2
shrinking_b_decay_channels_2_r2,branch_count,constant_250,250.0,305,4434661,0.0656991,True,False,6622,1016,1,2
shrinking_b_decay_channels_2_r2,branch_count,constant_500,500.0,305,4434661,0.0755276,True,False,4459,2049,1,2
shrinking_b_decay_channels_2_r2,branch_count,constant_1000,1000.0,305,4434661,0.1315059,True,False,156,4126,1,2
shrinking_b_decay_channels_2_r2,branch_count,cost_model,569.3850275231152,305,4434661,0.0739412,True,False,3862,2340,1,2
shrinking_b_decay_channels_4_r1,branch_count,wallclock_timing,,305,819554,0.0299397,True,False,3713,2,2,2
shrinking_b_decay_channels_4_r1,branch_count,constant_250,250.0,305,819554,0.0236425,True,False,1570,1028,1,2
shrinking_b_decay_channels_4_r1,branch_count,constant_500,500.0,305,819554,0.030811,True,False,1,1806,1,2
shrinking_b_decay_channels_4_r1,branch_count,constant_1000,1000.0,305,819554,0.0309456,True,False,1,1806,1,2
shrinking_b_decay_channels_4_r1,branch_count,cost_model,447.9038995693453,305,819554,0.0304204,True,False,1,1806,1,2
shrinking_b_decay_channels_4_r2,branch_count,wallclock_timing,,305,3278217,0.0626384,True,False,7439,2,2,2
shrinking_b_decay_channels_4_r2,branch_count,constant_250,250.0,305,3278217,0.0533451,True,False,5295,1019,1,2
shrinking_b_decay_channels_4_r2,branch_count,constant_500,500.0,305,3278217,0.0564574,True,False,3176,2058,1,2
shrinking_b_decay_channels_4_r2,branch_count,constant_1000,1000.0,305,3278217,0.1027742,True,False,1,3613,1,2
shrinking_b_decay_channels_4_r2,branch_count,cost_model,481.13328192109236,305,3278217,0.059258,True,False,3333,1976,1,2
shrinking_b_decay_channels_8_r1,branch_count,wallclock_timing,,305,359061,0.0194512,True,False,2445,2,2,2
shrinking_b_decay_channels_8_r1,branch_count,constant_250,250.0,305,359061,0.0151992,True,False,351,1035,1,2
shrinking_b_decay_channels_8_r1,branch_count,constant_500,500.0,305,359061,0.0174223,True,False,1,1194,1,2
shrinking_b_decay_channels_8_r1,branch_count,constant_1000,1000.0,305,359061,0.0176245,True,False,1,1194,1,2
shrinking_b_decay_channels_8_r1,branch_count,cost_model,360.6268828473997,305,359061,0.0183007,True,False,1,1194,1,2
shrinking_b_decay_channels_8_r2,branch_count,wallclock_timing,,305,1436245,0.0396706,True,False,4916,2,2,2
shrinking_b_decay_channels_8_r2,branch_count,constant_250,250.0,305,1436245,0.0363371,True,False,2813,1024,1,2
shrinking_b_decay_channels_8_r2,branch_count,constant_500,500.0,305,1436245,0.0587892,True,False,668,2066,1,2
shrinking_b_decay_channels_8_r2,branch_count,constant_1000,1000.0,305,1436245,0.073354,True,False,1,2387,1,2
shrinking_b_decay_channels_8_r2,branch_count,cost_model,378.0581639295689,305,1436245,0.0555536,True,False,1697,1560,1,2
dense_support_q4_r05,dense_support,wallclock_timing,,305,27282031,0.1761781,True,False,1067,811,3,2
dense_support_q4_r05,dense_support,constant_250,250.0,305,27282031,0.1702475,True,False,2668,730,1,2
dense_support_q4_r05,dense_support,constant_500,500.0,305,27282031,0.1754171,True,False,1,872,1,2
dense_support_q4_r05,dense_support,constant_1000,1000.0,305,27282031,0.1745888,True,False,1,872,1,2
dense_support_q4_r05,dense_support,cost_model,733.4496986580547,305,27282031,0.1813713,True,False,1,872,1,2
dense_support_q4_r1,dense_support,wallclock_timing,,305,109128124,0.5465254,True,False,20281,910,7,2
dense_support_q4_r1,dense_support,constant_250,250.0,305,109128124,0.5420773,True,False,25357,776,1,2
dense_support_q4_r1,dense_support,constant_500,500.0,305,109128124,0.6193118,True,False,5310,1458,1,2
dense_support_q4_r1,dense_support,constant_1000,1000.0,305,109128124,0.6870849,True,False,1,1743,1,2
dense_support_q4_r1,dense_support,cost_model,784.1508317724135,305,109128124,0.6534617,True,False,1,1743,1,2
dense_support_q6_r1,dense_support,wallclock_timing,,305,60230891,0.5078674,True,False,4374,1064,3,2
dense_support_q6_r1,dense_support,constant_250,250.0,305,60230891,0.4231439,True,False,11835,773,1,2
dense_support_q6_r1,dense_support,constant_500,500.0,305,60230891,0.5502193,True,False,1,1295,1,2
dense_support_q6_r1,dense_support,constant_1000,1000.0,305,60230891,0.5998939,True,False,1,1295,1,2
dense_support_q6_r1,dense_support,cost_model,524.0311084918889,305,60230891,0.5869323,True,False,1,1295,1,2
dense_support_q8_r1,dense_support,wallclock_timing,,305,28645269,0.3884721,True,False,7501,563,5,2
dense_support_q8_r1,dense_support,constant_250,250.0,305,28645269,0.4179149,True,False,3048,733,1,2
dense_support_q8_r1,dense_support,constant_500,500.0,305,28645269,0.4295043,True,False,1,894,1,2
dense_support_q8_r1,dense_support,constant_1000,1000.0,305,28645269,0.4456758,True,False,1,894,1,2
dense_support_q8_r1,dense_support,cost_model,373.7486016086209,305,28645269,0.4741361,True,False,1,894,1,2
dense_support_q8_r2,dense_support,wallclock_timing,,305,114581078,1.5922622,True,False,4662,1533,3,2
dense_support_q8_r2,dense_support,constant_250,250.0,305,114581078,1.0656104,True,False,26830,775,1,2
dense_support_q8_r2,dense_support,constant_500,500.0,305,114581078,1.5117608,True,False,6040,1465,1,2
dense_support_q8_r2,dense_support,constant_1000,1000.0,305,114581078,1.8742406,True,False,1,1786,1,2
dense_support_q8_r2,dense_support,cost_model,391.9064517682382,305,114581078,1.309941,True,False,12558,1195,1,2
dense_support_q12_r2,dense_support,wallclock_timing,,305,51176333,1.5492021,True,False,1685,1097,3,2
dense_support_q12_r2,dense_support,constant_250,250.0,305,51176333,1.2052047,True,False,9272,767,1,2
dense_support_q12_r2,dense_support,constant_500,500.0,305,51176333,1.7532049,True,False,1,1194,1,2
dense_support_q12_r2,dense_support,constant_1000,1000.0,305,51176333,1.7044519,True,False,1,1194,1,2
dense_support_q12_r2,dense_support,cost_model,246.80058779803193,305,51176333,1.2473084,True,False,9528,758,1,2
collision_o2_g0_n1000000_r05,collision,wallclock_timing,,305,26300816,0.1631906,True,False,6963,609,5,2
collision_o2_g0_n1000000_r05,collision,constant_250,250.0,305,26300816,0.1503365,True,False,2411,727,1,2
collision_o2_g0_n1000000_r05,collision,constant_500,500.0,305,26300816,0.1559085,True,False,1,856,1,2
collision_o2_g0_n1000000_r05,collision,constant_1000,1000.0,305,26300816,0.1582501,True,False,1,856,1,2
collision_o2_g0_n1000000_r05,collision,cost_model,732.4199056555001,305,26300816,0.1555297,True,False,1,856,1,2
collision_o2_g0_n1000000_r1,collision,wallclock_timing,,305,105203267,0.4408598,True,False,32770,605,13,2
collision_o2_g0_n1000000_r1,collision,constant_250,250.0,305,105203267,0.4344013,True,False,24295,777,1,2
collision_o2_g0_n1000000_r1,collision,constant_500,500.0,305,105203267,0.5008445,True,False,4790,1453,1,2
collision_o2_g0_n1000000_r1,collision,constant_1000,1000.0,305,105203267,0.5830354,True,False,1,1711,1,2
collision_o2_g0_n1000000_r1,collision,cost_model,782.4415315341369,305,105203267,1.1818756,True,False,1,1711,1,2
collision_o2_g1_n1000000_r05,collision,wallclock_timing,,305,76002738,0.8148633,True,False,3517,1195,5,2
collision_o2_g1_n1000000_r05,collision,constant_250,250.0,305,76002738,0.7230854,True,False,10240,957,1,2
collision_o2_g1_n1000000_r05,collision,constant_500,500.0,305,76002738,0.8111191,True,False,1,1351,1,2
collision_o2_g1_n1000000_r05,collision,constant_1000,1000.0,305,76002738,0.7414937,True,False,1,1351,1,2
collision_o2_g1_n1000000_r05,collision,cost_model,1061.7164377819856,305,76002738,0.7489159,True,False,1,1351,1,2
collision_o2_g2_n1000000_r05,collision,wallclock_timing,,305,118139087,1.2102461,True,False,1552,1520,5,2
collision_o2_g2_n1000000_r05,collision,constant_250,250.0,305,118139087,1.3607754,True,False,14556,1133,1,2
collision_o2_g2_n1000000_r05,collision,constant_500,500.0,305,118139087,1.2257563,True,False,1,1583,1,2
collision_o2_g2_n1000000_r05,collision,constant_1000,1000.0,305,118139087,1.2507384,True,False,1,1583,1,2
collision_o2_g2_n1000000_r05,collision,cost_model,1165.0584408123102,305,118139087,1.199161,True,False,1,1583,1,2
dimerization_r05,dimerization,wallclock_timing,,306,7592205,0.3088565,True,False,7840,1181,6,2
dimerization_r05,dimerization,constant_250,250.0,306,7592205,0.3858104,True,False,15696,0,0,2
dimerization_r05,dimerization,constant_500,500.0,306,7592205,0.3405844,True,False,1,2386,1,2
dimerization_r05,dimerization,constant_1000,1000.0,306,7592205,0.3279449,True,False,1,2386,1,2
dimerization_r05,dimerization,cost_model,877.3585545919891,306,7592205,0.2445685,True,False,1,2386,1,2
dimerization_r1,dimerization,wallclock_timing,,306,30368820,0.6553172,True,False,31258,8,8,2
dimerization_r1,dimerization,constant_250,250.0,306,30368820,0.7385008,True,False,31308,0,0,2
dimerization_r1,dimerization,constant_500,500.0,306,30368820,0.7136036,True,False,31308,0,0,2
dimerization_r1,dimerization,constant_1000,1000.0,306,30368820,1.1445851,True,False,1,4770,1,2
dimerization_r1,dimerization,cost_model,932.2035471203687,306,30368820,1.2099411,True,False,1,4770,1,2
lotka_volterra_r05,lotka_volterra,wallclock_timing,,306,678466,1.9528444,True,False,79408,2554,40,2
lotka_volterra_r05,lotka_volterra,constant_250,250.0,306,678466,1.6445611,True,False,86144,0,0,2
lotka_volterra_r05,lotka_volterra,constant_500,500.0,306,678466,1.1772616,True,False,32481,21249,7,2
lotka_volterra_r05,lotka_volterra,constant_1000,1000.0,306,678466,1.1819035,True,False,1,33211,1,2
lotka_volterra_r05,lotka_volterra,cost_model,756.2219268427195,306,678466,1.4064034,True,False,1,33211,1,2
lotka_volterra_r1,lotka_volterra,wallclock_timing,,306,2713864,3.1567259,True,False,170403,847,64,2
lotka_volterra_r1,lotka_volterra,constant_250,250.0,306,2713864,3.4192463,True,False,172509,0,0,2
lotka_volterra_r1,lotka_volterra,constant_500,500.0,306,2713864,3.5381997,True,False,172509,0,0,2
lotka_volterra_r1,lotka_volterra,constant_1000,1000.0,306,2713864,4.5437433,True,False,65009,42503,7,2
lotka_volterra_r1,lotka_volterra,cost_model,802.4739755516567,306,2713864,3.8481109,True,False,136308,15948,7,2
shrinking_r05,shrinking,wallclock_timing,,306,362139,0.0202214,True,False,608,903,7,2
shrinking_r05,shrinking,constant_250,250.0,306,362139,0.0157842,True,False,357,1038,1,2
shrinking_r05,shrinking,constant_500,500.0,306,362139,0.0114413,True,False,1,1203,1,2
shrinking_r05,shrinking,constant_1000,1000.0,306,362139,0.0109228,True,False,1,1203,1,2
shrinking_r05,shrinking,cost_model,545.1177853622855,306,362139,0.0102898,True,False,1,1203,1,2
shrinking_r1,shrinking,wallclock_timing,,306,1448556,0.0398009,True,False,4939,4,4,2
shrinking_r1,shrinking,constant_250,250.0,306,1448556,0.0288899,True,False,2802,1025,1,2
shrinking_r1,shrinking,constant_500,500.0,306,1448556,0.0345565,True,False,701,2061,1,2
shrinking_r1,shrinking,constant_1000,1000.0,306,1448556,0.042915,True,False,1,2401,1,2
shrinking_r1,shrinking,cost_model,579.6362044598512,306,1448556,0.0547344,True,False,17,2390,1,2
shrinking_r2,shrinking,wallclock_timing,,306,5794227,0.1259513,True,False,9886,4,4,2
shrinking_r2,shrinking,constant_250,250.0,306,5794227,0.0908658,True,False,7764,1009,1,2
shrinking_r2,shrinking,constant_500,500.0,306,5794227,0.0857256,True,False,5626,2050,1,2
shrinking_r2,shrinking,constant_1000,1000.0,306,5794227,0.1350573,True,False,1357,4114,1,2
shrinking_r2,shrinking,cost_model,639.1055103573202,306,5794227,0.0945567,True,False,4433,2624,1,2
shrinking_no_b_decay_r05,shrinking,wallclock_timing,,306,1313630,0.0315507,True,False,2969,230,3,2
shrinking_no_b_decay_r05,shrinking,constant_250,250.0,306,1313630,0.022657,True,False,866,610,1,2
shrinking_no_b_decay_r05,shrinking,constant_500,500.0,306,1313630,0.0220602,True,False,1,841,1,2
shrinking_no_b_decay_r05,shrinking,constant_1000,1000.0,306,1313630,0.018574,True,False,1,841,1,2
shrinking_no_b_decay_r05,shrinking,cost_model,620.040095011383,306,1313630,0.0165931,True,False,1,841,1,2
shrinking_no_b_decay_r1,shrinking,wallclock_timing,,306,5254522,0.0759633,True,False,4323,692,5,2
shrinking_no_b_decay_r1,shrinking,constant_250,250.0,306,5254522,0.0737077,True,False,5123,566,1,2
shrinking_no_b_decay_r1,shrinking,constant_500,500.0,306,5254522,0.0612308,True,False,1761,1213,1,2
shrinking_no_b_decay_r1,shrinking,constant_1000,1000.0,306,5254522,0.0590124,True,False,1,1678,1,2
shrinking_no_b_decay_r1,shrinking,cost_model,664.3160114316831,306,5254522,0.0629608,True,False,11,1675,1,2
shrinking_no_b_decay_r2,shrinking,wallclock_timing,,306,21018089,0.1602707,True,False,16879,446,7,2
shrinking_no_b_decay_r2,shrinking,constant_250,250.0,306,21018089,0.2061343,True,False,15429,544,1,2
shrinking_no_b_decay_r2,shrinking,constant_500,500.0,306,21018089,0.222097,True,False,10059,1130,1,2
shrinking_no_b_decay_r2,shrinking,constant_1000,1000.0,306,21018089,0.2372838,True,False,3432,2422,1,2
shrinking_no_b_decay_r2,shrinking,cost_model,741.7536545355321,306,21018089,0.1518386,True,False,6504,1736,1,2
shrinking_split_b_decay_r05,shrinking,wallclock_timing,,306,299138,0.014813,True,False,2246,2,2,2
shrinking_split_b_decay_r05,shrinking,constant_250,250.0,306,299138,0.0082133,True,False,137,1038,1,2
shrinking_split_b_decay_r05,shrinking,constant_500,500.0,306,299138,0.0082605,True,False,1,1089,1,2
shrinking_split_b_decay_r05,shrinking,constant_1000,1000.0,306,299138,0.0084738,True,False,1,1089,1,2
shrinking_split_b_decay_r05,shrinking,cost_model,496.310046439432,306,299138,0.0076696,True,False,1,1089,1,2
shrinking_split_b_decay_r1,shrinking,wallclock_timing,,306,1196554,0.0302326,True,False,4464,2,2,2
shrinking_split_b_decay_r1,shrinking,constant_250,250.0,306,1196554,0.0240182,True,False,2400,1030,1,2
shrinking_split_b_decay_r1,shrinking,constant_500,500.0,306,1196554,0.0307822,True,False,252,2063,1,2
shrinking_split_b_decay_r1,shrinking,constant_1000,1000.0,306,1196554,0.0339761,True,False,1,2180,1,2
shrinking_split_b_decay_r1,shrinking,cost_model,524.6153875326295,306,1196554,0.0432854,True,False,36,2171,1,2
shrinking_split_b_decay_r2,shrinking,wallclock_timing,,306,4786217,0.0880052,True,False,8926,4,4,2
shrinking_split_b_decay_r2,shrinking,constant_250,250.0,306,4786217,0.0792525,True,False,6932,1012,1,2
shrinking_split_b_decay_r2,shrinking,constant_500,500.0,306,4786217,0.0856528,True,False,4749,2049,1,2
shrinking_split_b_decay_r2,shrinking,constant_1000,1000.0,306,4786217,0.1331464,True,False,481,4121,1,2
shrinking_split_b_decay_r2,shrinking,cost_model,572.8273366107297,306,4786217,0.0909914,True,False,4123,2345,1,2
shrinking_b_decay_channels_1_r05,branch_count,wallclock_timing,,306,351289,0.0316356,True,False,2422,2,2,2
shrinking_b_decay_channels_1_r05,branch_count,constant_250,250.0,306,351289,0.0266413,True,False,298,1034,1,2
shrinking_b_decay_channels_1_r05,branch_count,constant_500,500.0,306,351289,0.0096442,True,False,1,1185,1,2
shrinking_b_decay_channels_1_r05,branch_count,constant_1000,1000.0,306,351289,0.0170596,True,False,1,1185,1,2
shrinking_b_decay_channels_1_r05,branch_count,cost_model,544.531232273166,306,351289,0.0236071,True,False,1,1185,1,2
shrinking_b_decay_channels_1_r1,branch_count,wallclock_timing,,306,1405158,0.0559105,True,False,4879,2,2,2
shrinking_b_decay_channels_1_r1,branch_count,constant_250,250.0,306,1405158,0.032997,True,False,2754,1026,1,2
shrinking_b_decay_channels_1_r1,branch_count,constant_500,500.0,306,1405158,0.0396021,True,False,611,2060,1,2
shrinking_b_decay_channels_1_r1,branch_count,constant_1000,1000.0,306,1405158,0.0521436,True,False,1,2363,1,2
shrinking_b_decay_channels_1_r1,branch_count,cost_model,578.673056335076,306,1405158,0.0580736,True,False,1,2363,1,2
shrinking_b_decay_channels_1_r2,branch_count,wallclock_timing,,306,5620633,0.0994043,True,False,9714,4,4,2
shrinking_b_decay_channels_1_r2,branch_count,constant_250,250.0,306,5620633,0.0808537,True,False,7681,1010,1,2
shrinking_b_decay_channels_1_r2,branch_count,constant_500,500.0,306,5620633,0.1008181,True,False,5566,2047,1,2
shrinking_b_decay_channels_1_r2,branch_count,constant_1000,1000.0,306,5620633,0.1500688,True,False,1280,4119,1,2
shrinking_b_decay_channels_1_r2,branch_count,cost_model,637.3891639672992,306,5620633,0.0943374,True,False,4395,2618,1,2
shrinking_b_decay_channels_2_r05,branch_count,wallclock_timing,,306,277166,0.0197786,True,False,2139,2,2,2
shrinking_b_decay_channels_2_r05,branch_count,constant_250,250.0,306,277166,0.0111702,True,False,40,1036,1,2
shrinking_b_decay_channels_2_r05,branch_count,constant_500,500.0,306,277166,0.0136472,True,False,1,1056,1,2
shrinking_b_decay_channels_2_r05,branch_count,constant_1000,1000.0,306,277166,0.011031,True,False,1,1056,1,2
shrinking_b_decay_channels_2_r05,branch_count,cost_model,495.1028400505285,306,277166,0.0068245,True,False,1,1056,1,2
shrinking_b_decay_channels_2_r1,branch_count,wallclock_timing,,306,1108665,0.0367954,True,False,4291,2,2,2
shrinking_b_decay_channels_2_r1,branch_count,constant_250,250.0,306,1108665,0.0297595,True,False,2201,1028,1,2
shrinking_b_decay_channels_2_r1,branch_count,constant_500,500.0,306,1108665,0.0430302,True,False,73,2060,1,2
shrinking_b_decay_channels_2_r1,branch_count,constant_1000,1000.0,306,1108665,0.0354096,True,False,1,2103,1,2
shrinking_b_decay_channels_2_r1,branch_count,cost_model,522.6631618755257,306,1108665,0.0354229,True,False,1,2103,1,2
shrinking_b_decay_channels_2_r2,branch_count,wallclock_timing,,306,4434661,0.0850884,True,False,8651,6,6,2
shrinking_b_decay_channels_2_r2,branch_count,constant_250,250.0,306,4434661,0.0757425,True,False,6611,1014,1,2
shrinking_b_decay_channels_2_r2,branch_count,constant_500,500.0,306,4434661,0.0773811,True,False,4457,2055,1,2
shrinking_b_decay_channels_2_r2,branch_count,constant_1000,1000.0,306,4434661,0.1353967,True,False,159,4113,1,2
shrinking_b_decay_channels_2_r2,branch_count,cost_model,569.3850275231152,306,4434661,0.08746,True,False,3853,2337,1,2
shrinking_b_decay_channels_4_r1,branch_count,wallclock_timing,,306,819554,0.0321513,True,False,3730,2,2,2
shrinking_b_decay_channels_4_r1,branch_count,constant_250,250.0,306,819554,0.0284115,True,False,1554,1031,1,2
shrinking_b_decay_channels_4_r1,branch_count,constant_500,500.0,306,819554,0.0333932,True,False,1,1808,1,2
shrinking_b_decay_channels_4_r1,branch_count,constant_1000,1000.0,306,819554,0.0432941,True,False,1,1808,1,2
shrinking_b_decay_channels_4_r1,branch_count,cost_model,447.9038995693453,306,819554,0.0323579,True,False,1,1808,1,2
shrinking_b_decay_channels_4_r2,branch_count,wallclock_timing,,306,3278217,0.0611642,True,False,7390,2,2,2
shrinking_b_decay_channels_4_r2,branch_count,constant_250,250.0,306,3278217,0.0617768,True,False,5412,1017,1,2
shrinking_b_decay_channels_4_r2,branch_count,constant_500,500.0,306,3278217,0.0739945,True,False,3259,2052,1,2
shrinking_b_decay_channels_4_r2,branch_count,constant_1000,1000.0,306,3278217,0.1253398,True,False,1,3607,1,2
shrinking_b_decay_channels_4_r2,branch_count,cost_model,481.13328192109236,306,3278217,0.0652072,True,False,3420,1977,1,2
shrinking_b_decay_channels_8_r1,branch_count,wallclock_timing,,306,359061,0.0154129,True,False,950,735,3,2
shrinking_b_decay_channels_8_r1,branch_count,constant_250,250.0,306,359061,0.0199407,True,False,328,1030,1,2
shrinking_b_decay_channels_8_r1,branch_count,constant_500,500.0,306,359061,0.016533,True,False,1,1195,1,2
shrinking_b_decay_channels_8_r1,branch_count,constant_1000,1000.0,306,359061,0.0229028,True,False,1,1195,1,2
shrinking_b_decay_channels_8_r1,branch_count,cost_model,360.6268828473997,306,359061,0.0211308,True,False,1,1195,1,2
shrinking_b_decay_channels_8_r2,branch_count,wallclock_timing,,306,1436245,0.0468527,True,False,4903,2,2,2
shrinking_b_decay_channels_8_r2,branch_count,constant_250,250.0,306,1436245,0.041547,True,False,2789,1028,1,2
shrinking_b_decay_channels_8_r2,branch_count,constant_500,500.0,306,1436245,0.0640124,True,False,666,2065,1,2
shrinking_b_decay_channels_8_r2,branch_count,constant_1000,1000.0,306,1436245,0.0873478,True,False,1,2389,1,2
shrinking_b_decay_channels_8_r2,branch_count,cost_model,378.0581639295689,306,1436245,0.0620597,True,False,1712,1558,1,2
dense_support_q4_r05,dense_support,wallclock_timing,,306,27282031,0.1770707,True,False,11057,432,7,2
dense_support_q4_r05,dense_support,constant_250,250.0,306,27282031,0.1557591,True,False,2661,730,1,2
dense_support_q4_r05,dense_support,constant_500,500.0,306,27282031,0.1695739,True,False,1,872,1,2
dense_support_q4_r05,dense_support,constant_1000,1000.0,306,27282031,0.1842622,True,False,1,872,1,2
dense_support_q4_r05,dense_support,cost_model,733.4496986580547,306,27282031,0.1879768,True,False,1,872,1,2
dense_support_q4_r1,dense_support,wallclock_timing,,306,109128124,0.5921053,True,False,8845,1299,7,2
dense_support_q4_r1,dense_support,constant_250,250.0,306,109128124,0.6143898,True,False,25332,776,1,2
dense_support_q4_r1,dense_support,constant_500,500.0,306,109128124,0.6895878,True,False,5315,1458,1,2
dense_support_q4_r1,dense_support,constant_1000,1000.0,306,109128124,0.6959686,True,False,1,1743,1,2
dense_support_q4_r1,dense_support,cost_model,784.1508317724135,306,109128124,0.7123601,True,False,1,1743,1,2
dense_support_q6_r1,dense_support,wallclock_timing,,306,60230891,0.4864702,True,False,11017,799,5,2
dense_support_q6_r1,dense_support,constant_250,250.0,306,60230891,0.4940148,True,False,11807,773,1,2
dense_support_q6_r1,dense_support,constant_500,500.0,306,60230891,0.6314227,True,False,1,1295,1,2
dense_support_q6_r1,dense_support,constant_1000,1000.0,306,60230891,0.6230492,True,False,1,1295,1,2
dense_support_q6_r1,dense_support,cost_model,524.0311084918889,306,60230891,0.6031219,True,False,1,1295,1,2
dense_support_q8_r1,dense_support,wallclock_timing,,306,28645269,0.392466,True,False,21338,241,9,2
dense_support_q8_r1,dense_support,constant_250,250.0,306,28645269,0.4461396,True,False,3043,733,1,2
dense_support_q8_r1,dense_support,constant_500,500.0,306,28645269,0.5082566,True,False,1,894,1,2
dense_support_q8_r1,dense_support,constant_1000,1000.0,306,28645269,0.5139863,True,False,1,894,1,2
dense_support_q8_r1,dense_support,cost_model,373.7486016086209,306,28645269,0.4992798,True,False,1,894,1,2
dense_support_q8_r2,dense_support,wallclock_timing,,306,114581078,1.0769719,True,False,49695,376,15,2
dense_support_q8_r2,dense_support,constant_250,250.0,306,114581078,1.1760049,True,False,26832,774,1,2
dense_support_q8_r2,dense_support,constant_500,500.0,306,114581078,1.3937158,True,False,6039,1465,1,2
dense_support_q8_r2,dense_support,constant_1000,1000.0,306,114581078,1.6798685,True,False,1,1786,1,2
dense_support_q8_r2,dense_support,cost_model,391.9064517682382,306,114581078,1.3631034,True,False,12517,1195,1,2
dense_support_q12_r2,dense_support,wallclock_timing,,306,51176333,0.9883481,True,False,43399,136,13,2
dense_support_q12_r2,dense_support,constant_250,250.0,306,51176333,1.2069947,True,False,9258,767,1,2
dense_support_q12_r2,dense_support,constant_500,500.0,306,51176333,1.7136885,True,False,1,1194,1,2
dense_support_q12_r2,dense_support,constant_1000,1000.0,306,51176333,1.7018834,True,False,1,1194,1,2
dense_support_q12_r2,dense_support,cost_model,246.80058779803193,306,51176333,1.1983889,True,False,9505,758,1,2
collision_o2_g0_n1000000_r05,collision,wallclock_timing,,306,26300816,0.1612769,True,False,907,803,3,2
collision_o2_g0_n1000000_r05,collision,constant_250,250.0,306,26300816,0.1650144,True,False,2390,726,1,2
collision_o2_g0_n1000000_r05,collision,constant_500,500.0,306,26300816,0.1781091,True,False,1,856,1,2
collision_o2_g0_n1000000_r05,collision,constant_1000,1000.0,306,26300816,0.1675651,True,False,1,856,1,2
collision_o2_g0_n1000000_r05,collision,cost_model,732.4199056555001,306,26300816,0.16561,True,False,1,856,1,2
collision_o2_g0_n1000000_r1,collision,wallclock_timing,,306,105203267,0.5764472,True,False,5738,1407,3,2
collision_o2_g0_n1000000_r1,collision,constant_250,250.0,306,105203267,0.4857141,True,False,24269,777,1,2
collision_o2_g0_n1000000_r1,collision,constant_500,500.0,306,105203267,0.5855338,True,False,4791,1452,1,2
collision_o2_g0_n1000000_r1,collision,constant_1000,1000.0,306,105203267,0.6238003,True,False,1,1711,1,2
collision_o2_g0_n1000000_r1,collision,cost_model,782.4415315341369,306,105203267,0.6063482,True,False,1,1711,1,2
collision_o2_g1_n1000000_r05,collision,wallclock_timing,,306,76002738,0.402889,True,False,9264,995,7,2
collision_o2_g1_n1000000_r05,collision,constant_250,250.0,306,76002738,0.4582097,True,False,10238,957,1,2
collision_o2_g1_n1000000_r05,collision,constant_500,500.0,306,76002738,0.4146887,True,False,1,1350,1,2
collision_o2_g1_n1000000_r05,collision,constant_1000,1000.0,306,76002738,0.4099399,True,False,1,1350,1,2
collision_o2_g1_n1000000_r05,collision,cost_model,1061.7164377819856,306,76002738,0.4614545,True,False,1,1350,1,2
collision_o2_g2_n1000000_r05,collision,wallclock_timing,,306,118139087,0.7031558,True,False,4325,1422,5,2
collision_o2_g2_n1000000_r05,collision,constant_250,250.0,306,118139087,0.6499678,True,False,14510,1133,1,2
collision_o2_g2_n1000000_r05,collision,constant_500,500.0,306,118139087,0.7586679,True,False,1,1583,1,2
collision_o2_g2_n1000000_r05,collision,constant_1000,1000.0,306,118139087,0.6576531,True,False,1,1583,1,2
collision_o2_g2_n1000000_r05,collision,cost_model,1165.0584408123102,306,118139087,0.6721474,True,False,1,1583,1,2
