scenario,family,policy,threshold,seed,initial_n,elapsed_seconds,completed,timed_out,batch_calls,gillespie_calls,mode_switches,repeat
dimerization_r05,dimerization,wallclock_timing,,501,8376953,0.1709849,True,False,16519,4,4,0
dimerization_r05,dimerization,constant_250,250.0,501,8376953,0.17879,True,False,16516,0,0,0
dimerization_r05,dimerization,cost_model_x0.4,352.1857560713393,501,8376953,0.1563127,True,False,16516,0,0,0
dimerization_r05,dimerization,cost_model_x0.5,440.2321950891741,501,8376953,0.1501945,True,False,1,2505,1,0
dimerization_r05,dimerization,cost_model_x0.6,528.2786341070089,501,8376953,0.1498941,True,False,1,2505,1,0
lotka_volterra_r05,lotka_volterra,wallclock_timing,,501,516476,0.6970318,True,False,60400,5655,35,0
lotka_volterra_r05,lotka_volterra,constant_250,250.0,501,516476,0.6808757,True,False,75235,0,0,0
lotka_volterra_r05,lotka_volterra,cost_model_x0.4,299.7336913482398,501,516476,0.7379937,True,False,75235,0,0,0
lotka_volterra_r05,lotka_volterra,cost_model_x0.5,374.66711418529974,501,516476,0.6093421,True,False,48923,11105,7,0
lotka_volterra_r05,lotka_volterra,cost_model_x0.6,449.6005370223597,501,516476,0.5994587,True,False,24749,19863,7,0
shrinking_r05,shrinking,wallclock_timing,,501,414323,0.0185503,True,False,2619,2,2,0
shrinking_r05,shrinking,constant_250,250.0,501,414323,0.0103295,True,False,509,1031,1,0
shrinking_r05,shrinking,cost_model_x0.4,219.11363039155117,501,414323,0.0103616,True,False,758,903,1,0
shrinking_r05,shrinking,cost_model_x0.5,273.89203798943896,501,414323,0.0102589,True,False,300,1132,1,0
shrinking_r05,shrinking,cost_model_x0.6,328.67044558732675,501,414323,0.0099698,True,False,1,1287,1,0
shrinking_r1,shrinking,wallclock_timing,,501,1657292,0.0347834,True,False,5275,2,2,0
shrinking_r1,shrinking,constant_250,250.0,501,1657292,0.0288514,True,False,3170,1021,1,0
shrinking_r1,shrinking,cost_model_x0.4,233.61588743640192,501,1657292,0.0299733,True,False,3304,956,1,0
shrinking_r1,shrinking,cost_model_x0.5,292.0198592955024,501,1657292,0.0301387,True,False,2823,1199,1,0
shrinking_r1,shrinking,cost_model_x0.6,350.42383115460285,501,1657292,0.0296499,True,False,2313,1442,1,0
shrinking_r2,shrinking,wallclock_timing,,501,6629170,0.0635169,True,False,10656,4,4,0
shrinking_r2,shrinking,constant_250,250.0,501,6629170,0.0586443,True,False,8490,1007,1,0
shrinking_r2,shrinking,cost_model_x0.4,258.79339145195667,501,6629170,0.0604995,True,False,8415,1046,1,0
shrinking_r2,shrinking,cost_model_x0.5,323.49173931494585,501,6629170,0.0589976,True,False,7858,1315,1,0
shrinking_r2,shrinking,cost_model_x0.6,388.190087177935,501,6629170,0.0596649,True,False,7294,1578,1,0
shrinking_no_b_decay_r05,shrinking,wallclock_timing,,501,1351956,0.0154497,True,False,1292,522,3,0
shrinking_no_b_decay_r05,shrinking,constant_250,250.0,501,1351956,0.0144783,True,False,926,608,1,0
shrinking_no_b_decay_r05,shrinking,cost_model_x0.4,248.30036605715384,501,1351956,0.0148393,True,False,945,603,1,0
shrinking_no_b_decay_r05,shrinking,cost_model_x0.5,310.37545757144227,501,1351956,0.013843,True,False,288,775,1,0
shrinking_no_b_decay_r05,shrinking,cost_model_x0.6,372.4505490857307,501,1351956,0.0129348,True,False,1,853,1,0
shrinking_no_b_decay_r1,shrinking,wallclock_timing,,501,5407825,0.045952,True,False,1620,1265,3,0
shrinking_no_b_decay_r1,shrinking,constant_250,250.0,501,5407825,0.0464731,True,False,5232,566,1,0
shrinking_no_b_decay_r1,shrinking,cost_model_x0.4,266.2028483816863,501,5407825,0.0466035,True,False,4957,605,1,0
shrinking_no_b_decay_r1,shrinking,cost_model_x0.5,332.75356047710784,501,5407825,0.0447668,True,False,3932,772,1,0
shrinking_no_b_decay_r1,shrinking,cost_model_x0.6,399.3042725725294,501,5407825,0.0450773,True,False,3040,940,1,0
shrinking_no_b_decay_r2,shrinking,wallclock_timing,,501,21631301,0.1344313,True,False,17692,425,7,0
shrinking_no_b_decay_r2,shrinking,constant_250,250.0,501,21631301,0.1284706,True,False,15865,544,1,0
shrinking_no_b_decay_r2,shrinking,cost_model_x0.4,297.56212599359094,501,21631301,0.1293969,True,False,14581,651,1,0
shrinking_no_b_decay_r2,shrinking,cost_model_x0.5,371.95265749198865,501,21631301,0.1256457,True,False,12849,825,1,0
shrinking_no_b_decay_r2,shrinking,cost_model_x0.6,446.34318899038635,501,21631301,0.1353216,True,False,11370,999,1,0
shrinking_split_b_decay_r05,shrinking,wallclock_timing,,501,263766,0.0130025,True,False,2081,2,2,0
shrinking_split_b_decay_r05,shrinking,constant_250,250.0,501,263766,0.0073877,True,False,1,1031,1,0
shrinking_split_b_decay_r05,shrinking,cost_model_x0.4,197.73347427612777,501,263766,0.0082295,True,False,432,822,1,0
shrinking_split_b_decay_r05,shrinking,cost_model_x0.5,247.1668428451597,501,263766,0.0073344,True,False,8,1022,1,0
shrinking_split_b_decay_r05,shrinking,cost_model_x0.6,296.6002114141916,501,263766,0.0076138,True,False,1,1031,1,0
shrinking_split_b_decay_r1,shrinking,wallclock_timing,,501,1055067,0.0283135,True,False,4178,2,2,0
shrinking_split_b_decay_r1,shrinking,constant_250,250.0,501,1055067,0.0226892,True,False,2100,1030,1,0
shrinking_split_b_decay_r1,shrinking,cost_model_x0.4,208.5700389576839,501,1055067,0.0233699,True,False,2457,856,1,0
shrinking_split_b_decay_r1,shrinking,cost_model_x0.5,260.71254869710486,501,1055067,0.0236969,True,False,2011,1074,1,0
shrinking_split_b_decay_r1,shrinking,cost_model_x0.6,312.85505843652584,501,1055067,0.0233346,True,False,1572,1286,1,0
shrinking_split_b_decay_r2,shrinking,wallclock_timing,,501,4220269,0.0626013,True,False,8459,4,4,0
shrinking_split_b_decay_r2,shrinking,constant_250,250.0,501,4220269,0.0556696,True,False,6269,1015,1,0
shrinking_split_b_decay_r2,shrinking,cost_model_x0.4,226.8836600842692,501,4220269,0.052698,True,False,6472,917,1,0
shrinking_split_b_decay_r2,shrinking,cost_model_x0.5,283.6045751053365,501,4220269,0.0469817,True,False,5997,1155,1,0
shrinking_split_b_decay_r2,shrinking,cost_model_x0.6,340.3254901264038,501,4220269,0.0460865,True,False,5528,1386,1,0
shrinking_b_decay_channels_1_r05,branch_count,wallclock_timing,,501,348245,0.0131802,True,False,2446,2,2,0
shrinking_b_decay_channels_1_r05,branch_count,constant_250,250.0,501,348245,0.0076107,True,False,303,1033,1,0
shrinking_b_decay_channels_1_r05,branch_count,cost_model_x0.4,217.74580841166699,501,348245,0.0081961,True,False,578,897,1,0
shrinking_b_decay_channels_1_r05,branch_count,cost_model_x0.5,272.18226051458373,501,348245,0.0075965,True,False,111,1128,1,0
shrinking_b_decay_channels_1_r05,branch_count,cost_model_x0.6,326.6187126175005,501,348245,0.0076987,True,False,1,1181,1,0
shrinking_b_decay_channels_1_r1,branch_count,wallclock_timing,,501,1392983,0.0237343,True,False,1313,1714,3,0
shrinking_b_decay_channels_1_r1,branch_count,constant_250,250.0,501,1392983,0.024594,True,False,2716,1026,1,0
shrinking_b_decay_channels_1_r1,branch_count,cost_model_x0.4,231.35984415599106,501,1392983,0.0251391,True,False,2862,951,1,0
shrinking_b_decay_channels_1_r1,branch_count,cost_model_x0.5,289.1998051949888,501,1392983,0.0218265,True,False,2391,1190,1,0
shrinking_b_decay_channels_1_r1,branch_count,cost_model_x0.6,347.03976623398654,501,1392983,0.024011,True,False,1898,1430,1,0
shrinking_b_decay_channels_1_r2,branch_count,wallclock_timing,,501,5571934,0.0635015,True,False,9637,67,6,0
shrinking_b_decay_channels_1_r2,branch_count,constant_250,250.0,501,5571934,0.0544046,True,False,7668,1009,1,0
shrinking_b_decay_channels_1_r2,branch_count,cost_model_x0.4,254.7609362600336,501,5571934,0.0565252,True,False,7627,1029,1,0
shrinking_b_decay_channels_1_r2,branch_count,cost_model_x0.5,318.45117032504197,501,5571934,0.0550209,True,False,7070,1294,1,0
shrinking_b_decay_channels_1_r2,branch_count,cost_model_x0.6,382.14140439005035,501,5571934,0.0556069,True,False,6523,1558,1,0
shrinking_b_decay_channels_2_r05,branch_count,wallclock_timing,,501,269330,0.0118949,True,False,2094,2,2,0
shrinking_b_decay_channels_2_r05,branch_count,constant_250,250.0,501,269330,0.0068383,True,False,8,1034,1,0
shrinking_b_decay_channels_2_r05,branch_count,cost_model_x0.4,197.86253566399938,501,269330,0.0080777,True,False,468,821,1,0
shrinking_b_decay_channels_2_r05,branch_count,cost_model_x0.5,247.3281695799992,501,269330,0.0066257,True,False,31,1022,1,0
shrinking_b_decay_channels_2_r05,branch_count,cost_model_x0.6,296.79380349599904,501,269330,0.0074951,True,False,1,1042,1,0
shrinking_b_decay_channels_2_r1,branch_count,wallclock_timing,,501,1077322,0.0256026,True,False,4276,2,2,0
shrinking_b_decay_channels_2_r1,branch_count,constant_250,250.0,501,1077322,0.0207828,True,False,2161,1031,1,0
shrinking_b_decay_channels_2_r1,branch_count,cost_model_x0.4,208.77751822970205,501,1077322,0.0209402,True,False,2524,859,1,0
shrinking_b_decay_channels_2_r1,branch_count,cost_model_x0.5,260.97189778712755,501,1077322,0.021449,True,False,2067,1073,1,0
shrinking_b_decay_channels_2_r1,branch_count,cost_model_x0.6,313.16627734455307,501,1077322,0.0204919,True,False,1616,1288,1,0
shrinking_b_decay_channels_2_r2,branch_count,wallclock_timing,,501,4309289,0.0530175,True,False,8554,4,4,0
shrinking_b_decay_channels_2_r2,branch_count,constant_250,250.0,501,4309289,0.0478246,True,False,6441,1015,1,0
shrinking_b_decay_channels_2_r2,branch_count,cost_model_x0.4,227.2480335305428,501,4309289,0.0495519,True,False,6636,922,1,0
shrinking_b_decay_channels_2_r2,branch_count,cost_model_x0.5,284.0600419131785,501,4309289,0.0490214,True,False,6156,1158,1,0
shrinking_b_decay_channels_2_r2,branch_count,cost_model_x0.6,340.8720502958142,501,4309289,0.0477515,True,False,5679,1392,1,0
shrinking_b_decay_channels_4_r05,branch_count,wallclock_timing,,501,199588,0.0107541,True,False,1804,2,2,0
shrinking_b_decay_channels_4_r05,branch_count,constant_250,250.0,501,199588,0.0066858,True,False,1,895,1,0
shrinking_b_decay_channels_4_r05,branch_count,cost_model_x0.4,171.04577082163632,501,199588,0.0071108,True,False,393,709,1,0
shrinking_b_decay_channels_4_r05,branch_count,cost_model_x0.5,213.80721352704538,501,199588,0.006682,True,False,16,883,1,0
shrinking_b_decay_channels_4_r05,branch_count,cost_model_x0.6,256.56865623245443,501,199588,0.0067412,True,False,1,895,1,0
shrinking_b_decay_channels_4_r1,branch_count,wallclock_timing,,501,798355,0.025568,True,False,3647,2,2,0
shrinking_b_decay_channels_4_r1,branch_count,constant_250,250.0,501,798355,0.0215191,True,False,1564,1026,1,0
shrinking_b_decay_channels_4_r1,branch_count,cost_model_x0.4,178.97264496822606,501,798355,0.0213461,True,False,2183,738,1,0
shrinking_b_decay_channels_4_r1,branch_count,cost_model_x0.5,223.71580621028255,501,798355,0.0206732,True,False,1787,921,1,0
shrinking_b_decay_channels_4_r1,branch_count,cost_model_x0.6,268.45896745233904,501,798355,0.021435,True,False,1401,1106,1,0
shrinking_b_decay_channels_4_r2,branch_count,wallclock_timing,,501,3193421,0.0561538,True,False,7329,2,2,0
shrinking_b_decay_channels_4_r2,branch_count,constant_250,250.0,501,3193421,0.0501472,True,False,5192,1022,1,0
shrinking_b_decay_channels_4_r2,branch_count,cost_model_x0.4,192.1265034016568,501,3193421,0.0508121,True,False,5686,777,1,0
shrinking_b_decay_channels_4_r2,branch_count,cost_model_x0.5,240.15812925207098,501,3193421,0.0520625,True,False,5275,979,1,0
shrinking_b_decay_channels_4_r2,branch_count,cost_model_x0.6,288.18975510248515,501,3193421,0.0503485,True,False,4864,1178,1,0
shrinking_b_decay_channels_8_r05,branch_count,wallclock_timing,,501,86246,0.0077509,True,False,1188,2,2,0
shrinking_b_decay_channels_8_r05,branch_count,constant_250,250.0,501,86246,0.00615,True,False,1,593,1,0
shrinking_b_decay_channels_8_r05,branch_count,cost_model_x0.4,139.6894619732563,501,86246,0.0038831,True,False,18,578,1,0
shrinking_b_decay_channels_8_r05,branch_count,cost_model_x0.5,174.61182746657036,501,86246,0.0037413,True,False,1,593,1,0
shrinking_b_decay_channels_8_r05,branch_count,cost_model_x0.6,209.53419295988442,501,86246,0.0037333,True,False,1,593,1,0
shrinking_b_decay_channels_8_r1,branch_count,wallclock_timing,,501,344987,0.0150023,True,False,2369,2,2,0
shrinking_b_decay_channels_8_r1,branch_count,constant_250,250.0,501,344987,0.0134924,True,False,289,1037,1,0
shrinking_b_decay_channels_8_r1,branch_count,cost_model_x0.4,144.09519532536,501,344987,0.0128262,True,False,1175,592,1,0
shrinking_b_decay_channels_8_r1,branch_count,cost_model_x0.5,180.1189941567,501,344987,0.0119649,True,False,880,747,1,0
shrinking_b_decay_channels_8_r1,branch_count,cost_model_x0.6,216.14279298804001,501,344987,0.0129505,True,False,571,891,1,0
shrinking_b_decay_channels_8_r2,branch_count,wallclock_timing,,501,1379949,0.0334771,True,False,4903,2,2,0
shrinking_b_decay_channels_8_r2,branch_count,constant_250,250.0,501,1379949,0.0336405,True,False,2740,1025,1,0
shrinking_b_decay_channels_8_r2,branch_count,cost_model_x0.4,150.9680599761456,501,1379949,0.0330065,True,False,3610,619,1,0
shrinking_b_decay_channels_8_r2,branch_count,cost_model_x0.5,188.710074970182,501,1379949,0.030579,True,False,3281,774,1,0
shrinking_b_decay_channels_8_r2,branch_count,cost_model_x0.6,226.4520899642184,501,1379949,0.031262,True,False,2951,933,1,0
dense_support_q4_r05,dense_support,wallclock_timing,,501,26918558,0.1460304,True,False,17673,283,7,0
dense_support_q4_r05,dense_support,constant_250,250.0,501,26918558,0.1221642,True,False,2535,729,1,0
dense_support_q4_r05,dense_support,cost_model_x0.4,293.2284678964655,501,26918558,0.126492,True,False,712,825,1,0
dense_support_q4_r05,dense_support,cost_model_x0.5,366.53558487058183,501,26918558,0.1321748,True,False,1,866,1,0
dense_support_q4_r05,dense_support,cost_model_x0.6,439.8427018446982,501,26918558,0.130857,True,False,1,866,1,0
dense_support_q4_r1,dense_support,wallclock_timing,,501,107674233,0.460822,True,False,25774,776,13,0
dense_support_q4_r1,dense_support,constant_250,250.0,501,107674233,0.3951043,True,False,25084,776,1,0
dense_support_q4_r1,dense_support,cost_model_x0.4,313.4088157966551,501,107674233,0.414456,True,False,17767,973,1,0
dense_support_q4_r1,dense_support,cost_model_x0.5,391.7610197458189,501,107674233,0.4262129,True,False,11321,1189,1,0
dense_support_q4_r1,dense_support,cost_model_x0.6,470.11322369498265,501,107674233,0.5132396,True,False,6607,1386,1,0
dense_support_q6_r05,dense_support,wallclock_timing,,501,14380815,0.1085295,True,False,1152,570,3,0
dense_support_q6_r05,dense_support,constant_250,250.0,501,14380815,0.1093982,True,False,1,634,1,0
dense_support_q6_r05,dense_support,cost_model_x0.4,199.88334470424422,501,14380815,0.1072892,True,False,1102,572,1,0
dense_support_q6_r05,dense_support,cost_model_x0.5,249.85418088030528,501,14380815,0.109795,True,False,1,634,1,0
dense_support_q6_r05,dense_support,cost_model_x0.6,299.82501705636633,501,14380815,0.1110175,True,False,1,634,1,0
dense_support_q6_r1,dense_support,wallclock_timing,,501,57523260,0.4020075,True,False,11046,773,5,0
dense_support_q6_r1,dense_support,constant_250,250.0,501,57523260,0.3491538,True,False,11061,771,1,0
dense_support_q6_r1,dense_support,cost_model_x0.4,209.21892305275935,501,57523260,0.339129,True,False,15017,651,1,0
dense_support_q6_r1,dense_support,cost_model_x0.5,261.52365381594916,501,57523260,0.3581192,True,False,10120,803,1,0
dense_support_q6_r1,dense_support,cost_model_x0.6,313.82838457913897,501,57523260,0.3775484,True,False,6512,940,1,0
dense_support_q8_r05,dense_support,wallclock_timing,,501,6856452,0.0942008,True,False,3046,295,3,0
dense_support_q8_r05,dense_support,constant_250,250.0,501,6856452,0.0984642,True,False,1,438,1,0
dense_support_q8_r05,dense_support,cost_model_x0.4,144.81867232667844,501,6856452,0.099736,True,False,480,411,1,0
dense_support_q8_r05,dense_support,cost_model_x0.5,181.02334040834805,501,6856452,0.1003136,True,False,1,438,1,0
dense_support_q8_r05,dense_support,cost_model_x0.6,217.22800849001766,501,6856452,0.0956988,True,False,1,438,1,0
dense_support_q8_r1,dense_support,wallclock_timing,,501,27425809,0.3142448,True,False,29496,124,9,0
dense_support_q8_r1,dense_support,constant_250,250.0,501,27425809,0.3187045,True,False,2672,730,1,0
dense_support_q8_r1,dense_support,cost_model_x0.4,149.32476065598868,501,27425809,0.3046678,True,False,9857,465,1,0
dense_support_q8_r1,dense_support,cost_model_x0.5,186.65595081998583,501,27425809,0.3225138,True,False,6525,572,1,0
dense_support_q8_r1,dense_support,cost_model_x0.6,223.98714098398298,501,27425809,0.3089265,True,False,4059,668,1,0
dense_support_q8_r2,dense_support,wallclock_timing,,501,109703238,0.8316127,True,False,53351,309,17,0
dense_support_q8_r2,dense_support,constant_250,250.0,501,109703238,0.9332443,True,False,25623,776,1,0
dense_support_q8_r2,dense_support,cost_model_x0.4,156.47175274866677,501,109703238,0.7867962,True,False,43804,431,1,0
dense_support_q8_r2,dense_support,cost_model_x0.5,195.58969093583346,501,109703238,0.874553,True,False,34636,585,1,0
dense_support_q8_r2,dense_support,cost_model_x0.6,234.70762912300015,501,109703238,0.9161373,True,False,27805,724,1,0
dense_support_q12_r05,dense_support,wallclock_timing,,501,3266283,0.0844492,True,False,415,279,3,0
dense_support_q12_r05,dense_support,constant_250,250.0,501,3266283,0.0914528,True,False,1,303,1,0
dense_support_q12_r05,dense_support,cost_model_x0.4,94.54718695994,501,3266283,0.0889416,True,False,556,272,1,0
dense_support_q12_r05,dense_support,cost_model_x0.5,118.183983699925,501,3266283,0.0916851,True,False,1,303,1,0
dense_support_q12_r05,dense_support,cost_model_x0.6,141.82078043990998,501,3266283,0.0901125,True,False,1,303,1,0
dense_support_q12_r1,dense_support,wallclock_timing,,501,13065133,0.3819066,True,False,23434,56,7,0
dense_support_q12_r1,dense_support,constant_250,250.0,501,13065133,0.3796587,True,False,1,604,1,0
dense_support_q12_r1,dense_support,cost_model_x0.4,96.23943076901122,501,13065133,0.2873327,True,False,7563,300,1,0
dense_support_q12_r1,dense_support,cost_model_x0.5,120.29928846126401,501,13065133,0.2960079,True,False,5178,372,1,0
dense_support_q12_r1,dense_support,cost_model_x0.6,144.3591461535168,501,13065133,0.3069944,True,False,3421,436,1,0
dense_support_q12_r2,dense_support,wallclock_timing,,501,52260533,0.8373242,True,False,26818,356,9,0
dense_support_q12_r2,dense_support,constant_250,250.0,501,52260533,1.0769476,True,False,9599,767,1,0
dense_support_q12_r2,dense_support,cost_model_x0.4,98.76806323147295,501,52260533,0.817987,True,False,33037,258,1,0
dense_support_q12_r2,dense_support,cost_model_x0.5,123.46007903934118,501,52260533,0.8289535,True,False,26383,360,1,0
dense_support_q12_r2,dense_support,cost_model_x0.6,148.1520948472094,501,52260533,0.8609916,True,False,21443,452,1,0
collision_o2_g0_n1000000_r05,collision,wallclock_timing,,501,27324219,0.124766,True,False,1764,775,3,0
collision_o2_g0_n1000000_r05,collision,constant_250,250.0,501,27324219,0.1233312,True,False,2645,730,1,0
collision_o2_g0_n1000000_r05,collision,cost_model_x0.4,293.3973660445479,501,27324219,0.141451,True,False,800,827,1,0
collision_o2_g0_n1000000_r05,collision,cost_model_x0.5,366.74670755568485,501,27324219,0.1462264,True,False,1,873,1,0
collision_o2_g0_n1000000_r05,collision,cost_model_x0.6,440.0960490668218,501,27324219,0.1516368,True,False,1,873,1,0
collision_o2_g0_n1000000_r1,collision,wallclock_timing,,501,109296878,0.4265256,True,False,12709,1152,5,0
collision_o2_g0_n1000000_r1,collision,constant_250,250.0,501,109296878,0.4141328,True,False,25511,776,1,0
collision_o2_g0_n1000000_r1,collision,cost_model_x0.4,313.68939549340627,501,109296878,0.4194434,True,False,18109,974,1,0
collision_o2_g0_n1000000_r1,collision,cost_model_x0.5,392.1117443667578,501,109296878,0.4803088,True,False,11590,1191,1,0
collision_o2_g0_n1000000_r1,collision,cost_model_x0.6,470.53409324010937,501,109296878,0.4582932,True,False,6833,1388,1,0
collision_o2_g1_n1000000_r05,collision,wallclock_timing,,501,78960851,0.3787992,True,False,1821,1292,5,0
collision_o2_g1_n1000000_r05,collision,constant_250,250.0,501,78960851,0.4186876,True,False,10901,962,1,0
collision_o2_g1_n1000000_r05,collision,cost_model_x0.4,425.2981894945606,501,78960851,0.3669913,True,False,467,1353,1,0
collision_o2_g1_n1000000_r05,collision,cost_model_x0.5,531.6227368682007,501,78960851,0.4038514,True,False,1,1376,1,0
collision_o2_g1_n1000000_r05,collision,cost_model_x0.6,637.9472842418409,501,78960851,0.3966145,True,False,1,1376,1,0
collision_o2_g2_n1000000_r05,collision,wallclock_timing,,501,102284560,0.5152253,True,False,9343,1161,7,0
collision_o2_g2_n1000000_r05,collision,constant_250,250.0,501,102284560,0.5402349,True,False,11534,1100,1,0
collision_o2_g2_n1000000_r05,collision,cost_model_x0.4,463.39562115304665,501,102284560,0.4809927,True,False,1,1473,1,0
collision_o2_g2_n1000000_r05,collision,cost_model_x0.5,579.2445264413083,501,102284560,0.4910154,True,False,1,1473,1,0
collision_o2_g2_n1000000_r05,collision,cost_model_x0.6,695.0934317295699,501,102284560,0.4905548,True,False,1,1473,1,0
dimerization_r05,dimerization,wallclock_timing,,502,8376953,0.1618427,True,False,2721,2128,3,0
dimerization_r05,dimerization,constant_250,250.0,502,8376953,0.1718348,True,False,16398,0,0,0
dimerization_r05,dimerization,cost_model_x0.4,352.1857560713393,502,8376953,0.1571965,True,False,16398,0,0,0
dimerization_r05,dimerization,cost_model_x0.5,440.2321950891741,502,8376953,0.1460777,True,False,1,2505,1,0
dimerization_r05,dimerization,cost_model_x0.6,528.2786341070089,502,8376953,0.1456835,True,False,1,2505,1,0
lotka_volterra_r05,lotka_volterra,wallclock_timing,,502,516476,0.7079019,True,False,55095,7724,43,0
lotka_volterra_r05,lotka_volterra,constant_250,250.0,502,516476,0.70237,True,False,75683,0,0,0
lotka_volterra_r05,lotka_volterra,cost_model_x0.4,299.7336913482398,502,516476,0.7112348,True,False,75683,0,0,0
lotka_volterra_r05,lotka_volterra,cost_model_x0.5,374.66711418529974,502,516476,0.6687415,True,False,49226,11084,7,0
lotka_volterra_r05,lotka_volterra,cost_model_x0.6,449.6005370223597,502,516476,0.5709455,True,False,24701,19915,7,0
shrinking_r05,shrinking,wallclock_timing,,502,414323,0.015552,True,False,2646,2,2,0
shrinking_r05,shrinking,constant_250,250.0,502,414323,0.0090933,True,False,533,1032,1,0
shrinking_r05,shrinking,cost_model_x0.4,219.11363039155117,502,414323,0.0092694,True,False,791,909,1,0
shrinking_r05,shrinking,cost_model_x0.5,273.89203798943896,502,414323,0.00967,True,False,318,1136,1,0
shrinking_r05,shrinking,cost_model_x0.6,328.67044558732675,502,414323,0.0083729,True,False,1,1285,1,0
shrinking_r1,shrinking,wallclock_timing,,502,1657292,0.0328759,True,False,5271,2,2,0
shrinking_r1,shrinking,constant_250,250.0,502,1657292,0.0286039,True,False,3171,1023,1,0
shrinking_r1,shrinking,cost_model_x0.4,233.61588743640192,502,1657292,0.0292755,True,False,3313,958,1,0
shrinking_r1,shrinking,cost_model_x0.5,292.0198592955024,502,1657292,0.0298869,True,False,2805,1202,1,0
shrinking_r1,shrinking,cost_model_x0.6,350.42383115460285,502,1657292,0.0315899,True,False,2314,1443,1,0
shrinking_r2,shrinking,wallclock_timing,,502,6629170,0.1166635,True,False,2347,3996,3,0
shrinking_r2,shrinking,constant_250,250.0,502,6629170,0.0701028,True,False,8537,1007,1,0
shrinking_r2,shrinking,cost_model_x0.4,258.79339145195667,502,6629170,0.0690135,True,False,8458,1045,1,0
shrinking_r2,shrinking,cost_model_x0.5,323.49173931494585,502,6629170,0.0713376,True,False,7907,1315,1,0
shrinking_r2,shrinking,cost_model_x0.6,388.190087177935,502,6629170,0.0561004,True,False,7344,1588,1,0
shrinking_no_b_decay_r05,shrinking,wallclock_timing,,502,1351956,0.0149173,True,False,1413,496,3,0
shrinking_no_b_decay_r05,shrinking,constant_250,250.0,502,1351956,0.0140327,True,False,903,608,1,0
shrinking_no_b_decay_r05,shrinking,cost_model_x0.4,248.30036605715384,502,1351956,0.0138141,True,False,922,602,1,0
shrinking_no_b_decay_r05,shrinking,cost_model_x0.5,310.37545757144227,502,1351956,0.0130593,True,False,265,777,1,0
shrinking_no_b_decay_r05,shrinking,cost_model_x0.6,372.4505490857307,502,1351956,0.0127936,True,False,1,855,1,0
shrinking_no_b_decay_r1,shrinking,wallclock_timing,,502,5407825,0.048983,True,False,5729,497,3,0
shrinking_no_b_decay_r1,shrinking,constant_250,250.0,502,5407825,0.0476418,True,False,5177,567,1,0
shrinking_no_b_decay_r1,shrinking,cost_model_x0.4,266.2028483816863,502,5407825,0.0456427,True,False,4909,605,1,0
shrinking_no_b_decay_r1,shrinking,cost_model_x0.5,332.75356047710784,502,5407825,0.0456351,True,False,3942,770,1,0
shrinking_no_b_decay_r1,shrinking,cost_model_x0.6,399.3042725725294,502,5407825,0.0445798,True,False,3042,941,1,0
shrinking_no_b_decay_r2,shrinking,wallclock_timing,,502,21631301,0.1358406,True,False,18872,351,7,0
shrinking_no_b_decay_r2,shrinking,constant_250,250.0,502,21631301,0.1287889,True,False,15695,544,1,0
shrinking_no_b_decay_r2,shrinking,cost_model_x0.4,297.56212599359094,502,21631301,0.1281554,True,False,14447,651,1,0
shrinking_no_b_decay_r2,shrinking,cost_model_x0.5,371.95265749198865,502,21631301,0.1256579,True,False,12759,824,1,0
shrinking_no_b_decay_r2,shrinking,cost_model_x0.6,446.34318899038635,502,21631301,0.1219294,True,False,11331,999,1,0
shrinking_split_b_decay_r05,shrinking,wallclock_timing,,502,263766,0.0119184,True,False,2130,2,2,0
shrinking_split_b_decay_r05,shrinking,constant_250,250.0,502,263766,0.006595,True,False,1,1021,1,0
shrinking_split_b_decay_r05,shrinking,cost_model_x0.4,197.73347427612777,502,263766,0.0068609,True,False,419,824,1,0
shrinking_split_b_decay_r05,shrinking,cost_model_x0.5,247.1668428451597,502,263766,0.0073769,True,False,9,1026,1,0
shrinking_split_b_decay_r05,shrinking,cost_model_x0.6,296.6002114141916,502,263766,0.0064747,True,False,1,1021,1,0
shrinking_split_b_decay_r1,shrinking,wallclock_timing,,502,1055067,0.0211275,True,False,2679,730,3,0
shrinking_split_b_decay_r1,shrinking,constant_250,250.0,502,1055067,0.0194733,True,False,2069,1028,1,0
shrinking_split_b_decay_r1,shrinking,cost_model_x0.4,208.5700389576839,502,1055067,0.0207305,True,False,2433,859,1,0
shrinking_split_b_decay_r1,shrinking,cost_model_x0.5,260.71254869710486,502,1055067,0.0197089,True,False,1982,1076,1,0
shrinking_split_b_decay_r1,shrinking,cost_model_x0.6,312.85505843652584,502,1055067,0.0204656,True,False,1540,1296,1,0
shrinking_split_b_decay_r2,shrinking,wallclock_timing,,502,4220269,0.0577749,True,False,8462,4,4,0
shrinking_split_b_decay_r2,shrinking,constant_250,250.0,502,4220269,0.0481894,True,False,6382,1016,1,0
shrinking_split_b_decay_r2,shrinking,cost_model_x0.4,226.8836600842692,502,4220269,0.0485966,True,False,6571,919,1,0
shrinking_split_b_decay_r2,shrinking,cost_model_x0.5,283.6045751053365,502,4220269,0.0490682,True,False,6099,1155,1,0
shrinking_split_b_decay_r2,shrinking,cost_model_x0.6,340.3254901264038,502,4220269,0.0525085,True,False,5613,1390,1,0
shrinking_b_decay_channels_1_r05,branch_count,wallclock_timing,,502,348245,0.0139791,True,False,2360,2,2,0
shrinking_b_decay_channels_1_r05,branch_count,constant_250,250.0,502,348245,0.0085811,True,False,295,1034,1,0
shrinking_b_decay_channels_1_r05,branch_count,cost_model_x0.4,217.74580841166699,502,348245,0.0089845,True,False,582,899,1,0
shrinking_b_decay_channels_1_r05,branch_count,cost_model_x0.5,272.18226051458373,502,348245,0.0084896,True,False,111,1125,1,0
shrinking_b_decay_channels_1_r05,branch_count,cost_model_x0.6,326.6187126175005,502,348245,0.008503,True,False,1,1176,1,0
shrinking_b_decay_channels_1_r1,branch_count,wallclock_timing,,502,1392983,0.0312446,True,False,4846,2,2,0
shrinking_b_decay_channels_1_r1,branch_count,constant_250,250.0,502,1392983,0.0252792,True,False,2709,1025,1,0
shrinking_b_decay_channels_1_r1,branch_count,cost_model_x0.4,231.35984415599106,502,1392983,0.02562,True,False,2867,950,1,0
shrinking_b_decay_channels_1_r1,branch_count,cost_model_x0.5,289.1998051949888,502,1392983,0.0253072,True,False,2384,1190,1,0
shrinking_b_decay_channels_1_r1,branch_count,cost_model_x0.6,347.03976623398654,502,1392983,0.0278366,True,False,1902,1427,1,0
shrinking_b_decay_channels_1_r2,branch_count,wallclock_timing,,502,5571934,0.0682727,True,False,9715,4,4,0
shrinking_b_decay_channels_1_r2,branch_count,constant_250,250.0,502,5571934,0.0619282,True,False,7607,1010,1,0
shrinking_b_decay_channels_1_r2,branch_count,cost_model_x0.4,254.7609362600336,502,5571934,0.0621173,True,False,7565,1032,1,0
shrinking_b_decay_channels_1_r2,branch_count,cost_model_x0.5,318.45117032504197,502,5571934,0.0631352,True,False,7036,1296,1,0
shrinking_b_decay_channels_1_r2,branch_count,cost_model_x0.6,382.14140439005035,502,5571934,0.0514981,True,False,6509,1561,1,0
shrinking_b_decay_channels_2_r05,branch_count,wallclock_timing,,502,269330,0.0115315,True,False,2088,2,2,0
shrinking_b_decay_channels_2_r05,branch_count,constant_250,250.0,502,269330,0.0064102,True,False,7,1036,1,0
shrinking_b_decay_channels_2_r05,branch_count,cost_model_x0.4,197.86253566399938,502,269330,0.0068195,True,False,450,822,1,0
shrinking_b_decay_channels_2_r05,branch_count,cost_model_x0.5,247.3281695799992,502,269330,0.0065767,True,False,33,1024,1,0
shrinking_b_decay_channels_2_r05,branch_count,cost_model_x0.6,296.79380349599904,502,269330,0.0065149,True,False,1,1037,1,0
shrinking_b_decay_channels_2_r1,branch_count,wallclock_timing,,502,1077322,0.0208745,True,False,1426,1386,3,0
shrinking_b_decay_channels_2_r1,branch_count,constant_250,250.0,502,1077322,0.0194704,True,False,2094,1026,1,0
shrinking_b_decay_channels_2_r1,branch_count,cost_model_x0.4,208.77751822970205,502,1077322,0.0196259,True,False,2435,860,1,0
shrinking_b_decay_channels_2_r1,branch_count,cost_model_x0.5,260.97189778712755,502,1077322,0.0210654,True,False,2009,1073,1,0
shrinking_b_decay_channels_2_r1,branch_count,cost_model_x0.6,313.16627734455307,502,1077322,0.0217661,True,False,1582,1290,1,0
shrinking_b_decay_channels_2_r2,branch_count,wallclock_timing,,502,4309289,0.0530034,True,False,8523,4,4,0
shrinking_b_decay_channels_2_r2,branch_count,constant_250,250.0,502,4309289,0.0498777,True,False,6416,1018,1,0
shrinking_b_decay_channels_2_r2,branch_count,cost_model_x0.4,227.2480335305428,502,4309289,0.0500959,True,False,6634,915,1,0
shrinking_b_decay_channels_2_r2,branch_count,cost_model_x0.5,284.0600419131785,502,4309289,0.0491578,True,False,6132,1156,1,0
shrinking_b_decay_channels_2_r2,branch_count,cost_model_x0.6,340.8720502958142,502,4309289,0.0497908,True,False,5662,1395,1,0
shrinking_b_decay_channels_4_r05,branch_count,wallclock_timing,,502,199588,0.0115429,True,False,1780,2,2,0
shrinking_b_decay_channels_4_r05,branch_count,constant_250,250.0,502,199588,0.0059227,True,False,1,898,1,0
shrinking_b_decay_channels_4_r05,branch_count,cost_model_x0.4,171.04577082163632,502,199588,0.0075712,True,False,377,711,1,0
shrinking_b_decay_channels_4_r05,branch_count,cost_model_x0.5,213.80721352704538,502,199588,0.0060558,True,False,16,890,1,0
shrinking_b_decay_channels_4_r05,branch_count,cost_model_x0.6,256.56865623245443,502,199588,0.006236,True,False,1,898,1,0
shrinking_b_decay_channels_4_r1,branch_count,wallclock_timing,,502,798355,0.0231638,True,False,3666,2,2,0
shrinking_b_decay_channels_4_r1,branch_count,constant_250,250.0,502,798355,0.0186375,True,False,1548,1038,1,0
shrinking_b_decay_channels_4_r1,branch_count,cost_model_x0.4,178.97264496822606,502,798355,0.0199886,True,False,2155,736,1,0
shrinking_b_decay_channels_4_r1,branch_count,cost_model_x0.5,223.71580621028255,502,798355,0.0191689,True,False,1775,916,1,0
shrinking_b_decay_channels_4_r1,branch_count,cost_model_x0.6,268.45896745233904,502,798355,0.019564,True,False,1393,1105,1,0
shrinking_b_decay_channels_4_r2,branch_count,wallclock_timing,,502,3193421,0.0546997,True,False,7331,5,4,0
shrinking_b_decay_channels_4_r2,branch_count,constant_250,250.0,502,3193421,0.0443706,True,False,5259,1016,1,0
shrinking_b_decay_channels_4_r2,branch_count,cost_model_x0.4,192.1265034016568,502,3193421,0.0461104,True,False,5757,777,1,0
shrinking_b_decay_channels_4_r2,branch_count,cost_model_x0.5,240.15812925207098,502,3193421,0.0464928,True,False,5340,975,1,0
shrinking_b_decay_channels_4_r2,branch_count,cost_model_x0.6,288.18975510248515,502,3193421,0.0449804,True,False,4946,1174,1,0
shrinking_b_decay_channels_8_r05,branch_count,wallclock_timing,,502,86246,0.0074909,True,False,1193,2,2,0
shrinking_b_decay_channels_8_r05,branch_count,constant_250,250.0,502,86246,0.0051148,True,False,1,587,1,0
shrinking_b_decay_channels_8_r05,branch_count,cost_model_x0.4,139.6894619732563,502,86246,0.0039058,True,False,16,583,1,0
shrinking_b_decay_channels_8_r05,branch_count,cost_model_x0.5,174.61182746657036,502,86246,0.0040092,True,False,1,587,1,0
shrinking_b_decay_channels_8_r05,branch_count,cost_model_x0.6,209.53419295988442,502,86246,0.0041471,True,False,1,587,1,0
shrinking_b_decay_channels_8_r1,branch_count,wallclock_timing,,502,344987,0.0162795,True,False,2447,2,2,0
shrinking_b_decay_channels_8_r1,branch_count,constant_250,250.0,502,344987,0.0150491,True,False,289,1039,1,0
shrinking_b_decay_channels_8_r1,branch_count,cost_model_x0.4,144.09519532536,502,344987,0.0129291,True,False,1152,596,1,0
shrinking_b_decay_channels_8_r1,branch_count,cost_model_x0.5,180.1189941567,502,344987,0.0124598,True,False,857,745,1,0
shrinking_b_decay_channels_8_r1,branch_count,cost_model_x0.6,216.14279298804001,502,344987,0.0137859,True,False,566,897,1,0
shrinking_b_decay_channels_8_r2,branch_count,wallclock_timing,,502,1379949,0.0344057,True,False,4790,2,2,0
shrinking_b_decay_channels_8_r2,branch_count,constant_250,250.0,502,1379949,0.0327608,True,False,2757,1025,1,0
shrinking_b_decay_channels_8_r2,branch_count,cost_model_x0.4,150.9680599761456,502,1379949,0.0327717,True,False,3588,615,1,0
shrinking_b_decay_channels_8_r2,branch_count,cost_model_x0.5,188.710074970182,502,1379949,0.0337384,True,False,3284,772,1,0
shrinking_b_decay_channels_8_r2,branch_count,cost_model_x0.6,226.4520899642184,502,1379949,0.0312517,True,False,2957,926,1,0
dense_support_q4_r05,dense_support,wallclock_timing,,502,26918558,0.1314601,True,False,5070,620,3,0
dense_support_q4_r05,dense_support,constant_250,250.0,502,26918558,0.1397297,True,False,2544,729,1,0
dense_support_q4_r05,dense_support,cost_model_x0.4,293.2284678964655,502,26918558,0.1468843,True,False,698,825,1,0
dense_support_q4_r05,dense_support,cost_model_x0.5,366.53558487058183,502,26918558,0.1276102,True,False,1,866,1,0
dense_support_q4_r05,dense_support,cost_model_x0.6,439.8427018446982,502,26918558,0.1293166,True,False,1,866,1,0
dense_support_q4_r1,dense_support,wallclock_timing,,502,107674233,0.4310188,True,False,16709,1037,9,0
dense_support_q4_r1,dense_support,constant_250,250.0,502,107674233,0.4540954,True,False,25155,776,1,0
dense_support_q4_r1,dense_support,cost_model_x0.4,313.4088157966551,502,107674233,0.4066169,True,False,17836,972,1,0
dense_support_q4_r1,dense_support,cost_model_x0.5,391.7610197458189,502,107674233,0.4564482,True,False,11402,1189,1,0
dense_support_q4_r1,dense_support,cost_model_x0.6,470.11322369498265,502,107674233,0.4751091,True,False,6616,1385,1,0
dense_support_q6_r05,dense_support,wallclock_timing,,502,14380815,0.1085771,True,False,6213,366,3,0
dense_support_q6_r05,dense_support,constant_250,250.0,502,14380815,0.1109439,True,False,1,633,1,0
dense_support_q6_r05,dense_support,cost_model_x0.4,199.88334470424422,502,14380815,0.1050681,True,False,1077,572,1,0
dense_support_q6_r05,dense_support,cost_model_x0.5,249.85418088030528,502,14380815,0.1079982,True,False,1,633,1,0
dense_support_q6_r05,dense_support,cost_model_x0.6,299.82501705636633,502,14380815,0.1190822,True,False,1,633,1,0
dense_support_q6_r1,dense_support,wallclock_timing,,502,57523260,0.4136452,True,False,8287,908,7,0
dense_support_q6_r1,dense_support,constant_250,250.0,502,57523260,0.3486614,True,False,11140,771,1,0
dense_support_q6_r1,dense_support,cost_model_x0.4,209.21892305275935,502,57523260,0.3400675,True,False,15107,652,1,0
dense_support_q6_r1,dense_support,cost_model_x0.5,261.52365381594916,502,57523260,0.3536081,True,False,10202,803,1,0
dense_support_q6_r1,dense_support,cost_model_x0.6,313.82838457913897,502,57523260,0.380726,True,False,6517,940,1,0
dense_support_q8_r05,dense_support,wallclock_timing,,502,6856452,0.1233751,True,False,11189,108,5,0
dense_support_q8_r05,dense_support,constant_250,250.0,502,6856452,0.0968031,True,False,1,438,1,0
dense_support_q8_r05,dense_support,cost_model_x0.4,144.81867232667844,502,6856452,0.1003699,True,False,473,410,1,0
dense_support_q8_r05,dense_support,cost_model_x0.5,181.02334040834805,502,6856452,0.1027376,True,False,1,438,1,0
dense_support_q8_r05,dense_support,cost_model_x0.6,217.22800849001766,502,6856452,0.1040632,True,False,1,438,1,0
dense_support_q8_r1,dense_support,wallclock_timing,,502,27425809,0.2969382,True,False,20949,235,7,0
dense_support_q8_r1,dense_support,constant_250,250.0,502,27425809,0.3229325,True,False,2674,730,1,0
dense_support_q8_r1,dense_support,cost_model_x0.4,149.32476065598868,502,27425809,0.3100711,True,False,9917,465,1,0
dense_support_q8_r1,dense_support,cost_model_x0.5,186.65595081998583,502,27425809,0.3088737,True,False,6529,572,1,0
dense_support_q8_r1,dense_support,cost_model_x0.6,223.98714098398298,502,27425809,0.3056885,True,False,4057,668,1,0
dense_support_q8_r2,dense_support,wallclock_timing,,502,109703238,0.7933085,True,False,60837,229,17,0
dense_support_q8_r2,dense_support,constant_250,250.0,502,109703238,0.9395781,True,False,25713,776,1,0
dense_support_q8_r2,dense_support,cost_model_x0.4,156.47175274866677,502,109703238,0.839774,True,False,44077,431,1,0
dense_support_q8_r2,dense_support,cost_model_x0.5,195.58969093583346,502,109703238,0.8746042,True,False,34736,585,1,0
dense_support_q8_r2,dense_support,cost_model_x0.6,234.70762912300015,502,109703238,0.8694074,True,False,27916,724,1,0
dense_support_q12_r05,dense_support,wallclock_timing,,502,3266283,0.0970414,True,False,659,266,3,0
dense_support_q12_r05,dense_support,constant_250,250.0,502,3266283,0.1033615,True,False,1,303,1,0
dense_support_q12_r05,dense_support,cost_model_x0.4,94.54718695994,502,3266283,0.1024322,True,False,543,272,1,0
dense_support_q12_r05,dense_support,cost_model_x0.5,118.183983699925,502,3266283,0.1026976,True,False,1,303,1,0
dense_support_q12_r05,dense_support,cost_model_x0.6,141.82078043990998,502,3266283,0.1038125,True,False,1,303,1,0
dense_support_q12_r1,dense_support,wallclock_timing,,502,13065133,0.3750921,True,False,25622,38,9,0
dense_support_q12_r1,dense_support,constant_250,250.0,502,13065133,0.3674537,True,False,1,604,1,0
dense_support_q12_r1,dense_support,cost_model_x0.4,96.23943076901122,502,13065133,0.2838558,True,False,7596,300,1,0
dense_support_q12_r1,dense_support,cost_model_x0.5,120.29928846126401,502,13065133,0.2960866,True,False,5192,371,1,0
dense_support_q12_r1,dense_support,cost_model_x0.6,144.3591461535168,502,13065133,0.348064,True,False,3402,436,1,0
dense_support_q12_r2,dense_support,wallclock_timing,,502,52260533,0.7857347,True,False,44423,135,13,0
dense_support_q12_r2,dense_support,constant_250,250.0,502,52260533,1.1175546,True,False,9664,768,1,0
dense_support_q12_r2,dense_support,cost_model_x0.4,98.76806323147295,502,52260533,0.812354,True,False,33114,259,1,0
dense_support_q12_r2,dense_support,cost_model_x0.5,123.46007903934118,502,52260533,0.8542157,True,False,26466,360,1,0
dense_support_q12_r2,dense_support,cost_model_x0.6,148.1520948472094,502,52260533,0.8470336,True,False,21524,452,1,0
collision_o2_g0_n1000000_r05,collision,wallclock_timing,,502,27324219,0.1207507,True,False,5366,615,3,0
collision_o2_g0_n1000000_r05,collision,constant_250,250.0,502,27324219,0.1237316,True,False,2646,730,1,0
collision_o2_g0_n1000000_r05,collision,cost_model_x0.4,293.3973660445479,502,27324219,0.1239126,True,False,781,827,1,0
collision_o2_g0_n1000000_r05,collision,cost_model_x0.5,366.74670755568485,502,27324219,0.146484,True,False,1,872,1,0
collision_o2_g0_n1000000_r05,collision,cost_model_x0.6,440.0960490668218,502,27324219,0.1485368,True,False,1,872,1,0
collision_o2_g0_n1000000_r1,collision,wallclock_timing,,502,109296878,0.4207485,True,False,29532,692,13,0
collision_o2_g0_n1000000_r1,collision,constant_250,250.0,502,109296878,0.4156467,True,False,25611,776,1,0
collision_o2_g0_n1000000_r1,collision,cost_model_x0.4,313.68939549340627,502,109296878,0.4464248,True,False,18172,974,1,0
collision_o2_g0_n1000000_r1,collision,cost_model_x0.5,392.1117443667578,502,109296878,0.4350143,True,False,11676,1191,1,0
collision_o2_g0_n1000000_r1,collision,cost_model_x0.6,470.53409324010937,502,109296878,0.510091,True,False,6847,1388,1,0
collision_o2_g1_n1000000_r05,collision,wallclock_timing,,502,78960851,0.3787969,True,False,6227,1120,5,0
collision_o2_g1_n1000000_r05,collision,constant_250,250.0,502,78960851,0.3731706,True,False,10960,963,1,0
collision_o2_g1_n1000000_r05,collision,cost_model_x0.4,425.2981894945606,502,78960851,0.3946614,True,False,463,1353,1,0
collision_o2_g1_n1000000_r05,collision,cost_model_x0.5,531.6227368682007,502,78960851,0.4040138,True,False,1,1376,1,0
collision_o2_g1_n1000000_r05,collision,cost_model_x0.6,637.9472842418409,502,78960851,0.3778248,True,False,1,1376,1,0
collision_o2_g2_n1000000_r05,collision,wallclock_timing,,502,102284560,0.5405931,True,False,5072,1300,5,0
collision_o2_g2_n1000000_r05,collision,constant_250,250.0,502,102284560,0.5044865,True,False,11625,1100,1,0
collision_o2_g2_n1000000_r05,collision,cost_model_x0.4,463.39562115304665,502,102284560,0.5306269,True,False,1,1473,1,0
collision_o2_g2_n1000000_r05,collision,cost_model_x0.5,579.2445264413083,502,102284560,0.4810601,True,False,1,1473,1,0
collision_o2_g2_n1000000_r05,collision,cost_model_x0.6,695.0934317295699,502,102284560,0.5138824,True,False,1,1473,1,0
dimerization_r05,dimerization,wallclock_timing,,503,8376953,0.1666412,True,False,3121,2068,3,0
dimerization_r05,dimerization,constant_250,250.0,503,8376953,0.1478645,True,False,16420,0,0,0
dimerization_r05,dimerization,cost_model_x0.4,352.1857560713393,503,8376953,0.1495839,True,False,16420,0,0,0
dimerization_r05,dimerization,cost_model_x0.5,440.2321950891741,503,8376953,0.1490628,True,False,1,2506,1,0
dimerization_r05,dimerization,cost_model_x0.6,528.2786341070089,503,8376953,0.1449818,True,False,1,2506,1,0
lotka_volterra_r05,lotka_volterra,wallclock_timing,,503,516476,0.6726854,True,False,65218,3775,36,0
lotka_volterra_r05,lotka_volterra,constant_250,250.0,503,516476,0.721992,True,False,75342,0,0,0
lotka_volterra_r05,lotka_volterra,cost_model_x0.4,299.7336913482398,503,516476,0.7088759,True,False,75342,0,0,0
lotka_volterra_r05,lotka_volterra,cost_model_x0.5,374.66711418529974,503,516476,0.6362117,True,False,49109,11098,7,0
lotka_volterra_r05,lotka_volterra,cost_model_x0.6,449.6005370223597,503,516476,0.6201118,True,False,24552,19874,7,0
shrinking_r05,shrinking,wallclock_timing,,503,414323,0.0105724,True,False,1007,794,5,0
shrinking_r05,shrinking,constant_250,250.0,503,414323,0.009495,True,False,515,1033,1,0
shrinking_r05,shrinking,cost_model_x0.4,219.11363039155117,503,414323,0.0086757,True,False,784,911,1,0
shrinking_r05,shrinking,cost_model_x0.5,273.89203798943896,503,414323,0.008981,True,False,315,1131,1,0
shrinking_r05,shrinking,cost_model_x0.6,328.67044558732675,503,414323,0.0086258,True,False,1,1285,1,0
shrinking_r1,shrinking,wallclock_timing,,503,1657292,0.0251699,True,False,2726,1260,3,0
shrinking_r1,shrinking,constant_250,250.0,503,1657292,0.0257454,True,False,3212,1028,1,0
shrinking_r1,shrinking,cost_model_x0.4,233.61588743640192,503,1657292,0.0261538,True,False,3346,959,1,0
shrinking_r1,shrinking,cost_model_x0.5,292.0198592955024,503,1657292,0.0264226,True,False,2853,1200,1,0
shrinking_r1,shrinking,cost_model_x0.6,350.42383115460285,503,1657292,0.0255637,True,False,2355,1446,1,0
shrinking_r2,shrinking,wallclock_timing,,503,6629170,0.0641368,True,False,10588,4,4,0
shrinking_r2,shrinking,constant_250,250.0,503,6629170,0.0617696,True,False,8556,1004,1,0
shrinking_r2,shrinking,cost_model_x0.4,258.79339145195667,503,6629170,0.0600593,True,False,8481,1045,1,0
shrinking_r2,shrinking,cost_model_x0.5,323.49173931494585,503,6629170,0.0596286,True,False,7931,1313,1,0
shrinking_r2,shrinking,cost_model_x0.6,388.190087177935,503,6629170,0.0611811,True,False,7376,1582,1,0
shrinking_no_b_decay_r05,shrinking,wallclock_timing,,503,1351956,0.0211283,True,False,2612,290,3,0
shrinking_no_b_decay_r05,shrinking,constant_250,250.0,503,1351956,0.0156167,True,False,933,608,1,0
shrinking_no_b_decay_r05,shrinking,cost_model_x0.4,248.30036605715384,503,1351956,0.0159539,True,False,953,603,1,0
shrinking_no_b_decay_r05,shrinking,cost_model_x0.5,310.37545757144227,503,1351956,0.0147053,True,False,289,774,1,0
shrinking_no_b_decay_r05,shrinking,cost_model_x0.6,372.4505490857307,503,1351956,0.0156683,True,False,1,854,1,0
shrinking_no_b_decay_r1,shrinking,wallclock_timing,,503,5407825,0.1068377,True,False,15562,40,7,0
shrinking_no_b_decay_r1,shrinking,constant_250,250.0,503,5407825,0.0560123,True,False,5261,567,1,0
shrinking_no_b_decay_r1,shrinking,cost_model_x0.4,266.2028483816863,503,5407825,0.0553992,True,False,4993,606,1,0
shrinking_no_b_decay_r1,shrinking,cost_model_x0.5,332.75356047710784,503,5407825,0.0527732,True,False,4024,771,1,0
shrinking_no_b_decay_r1,shrinking,cost_model_x0.6,399.3042725725294,503,5407825,0.0519015,True,False,3140,943,1,0
shrinking_no_b_decay_r2,shrinking,wallclock_timing,,503,21631301,0.1736274,True,False,25949,125,11,0
shrinking_no_b_decay_r2,shrinking,constant_250,250.0,503,21631301,0.1293933,True,False,15795,544,1,0
shrinking_no_b_decay_r2,shrinking,cost_model_x0.4,297.56212599359094,503,21631301,0.125385,True,False,14494,652,1,0
shrinking_no_b_decay_r2,shrinking,cost_model_x0.5,371.95265749198865,503,21631301,0.1213168,True,False,12780,824,1,0
shrinking_no_b_decay_r2,shrinking,cost_model_x0.6,446.34318899038635,503,21631301,0.1267656,True,False,11339,998,1,0
shrinking_split_b_decay_r05,shrinking,wallclock_timing,,503,263766,0.0133519,True,False,2119,2,2,0
shrinking_split_b_decay_r05,shrinking,constant_250,250.0,503,263766,0.0080195,True,False,1,1030,1,0
shrinking_split_b_decay_r05,shrinking,cost_model_x0.4,197.73347427612777,503,263766,0.0083384,True,False,433,819,1,0
shrinking_split_b_decay_r05,shrinking,cost_model_x0.5,247.1668428451597,503,263766,0.0075527,True,False,8,1020,1,0
shrinking_split_b_decay_r05,shrinking,cost_model_x0.6,296.6002114141916,503,263766,0.0071798,True,False,1,1030,1,0
shrinking_split_b_decay_r1,shrinking,wallclock_timing,,503,1055067,0.0237774,True,False,1407,1359,3,0
shrinking_split_b_decay_r1,shrinking,constant_250,250.0,503,1055067,0.0232349,True,False,2110,1031,1,0
shrinking_split_b_decay_r1,shrinking,cost_model_x0.4,208.5700389576839,503,1055067,0.0239429,True,False,2460,855,1,0
shrinking_split_b_decay_r1,shrinking,cost_model_x0.5,260.71254869710486,503,1055067,0.0242573,True,False,2022,1072,1,0
shrinking_split_b_decay_r1,shrinking,cost_model_x0.6,312.85505843652584,503,1055067,0.0257297,True,False,1584,1291,1,0
shrinking_split_b_decay_r2,shrinking,wallclock_timing,,503,4220269,0.063542,True,False,8467,4,4,0
shrinking_split_b_decay_r2,shrinking,constant_250,250.0,503,4220269,0.0578903,True,False,6319,1015,1,0
shrinking_split_b_decay_r2,shrinking,cost_model_x0.4,226.8836600842692,503,4220269,0.0568965,True,False,6527,919,1,0
shrinking_split_b_decay_r2,shrinking,cost_model_x0.5,283.6045751053365,503,4220269,0.0578617,True,False,6036,1156,1,0
shrinking_split_b_decay_r2,shrinking,cost_model_x0.6,340.3254901264038,503,4220269,0.0516134,True,False,5562,1393,1,0
shrinking_b_decay_channels_1_r05,branch_count,wallclock_timing,,503,348245,0.0126126,True,False,2439,2,2,0
shrinking_b_decay_channels_1_r05,branch_count,constant_250,250.0,503,348245,0.0075262,True,False,315,1035,1,0
shrinking_b_decay_channels_1_r05,branch_count,cost_model_x0.4,217.74580841166699,503,348245,0.0079017,True,False,577,901,1,0
shrinking_b_decay_channels_1_r05,branch_count,cost_model_x0.5,272.18226051458373,503,348245,0.0073596,True,False,120,1126,1,0
shrinking_b_decay_channels_1_r05,branch_count,cost_model_x0.6,326.6187126175005,503,348245,0.0075362,True,False,1,1182,1,0
shrinking_b_decay_channels_1_r1,branch_count,wallclock_timing,,503,1392983,0.02748,True,False,4871,2,2,0
shrinking_b_decay_channels_1_r1,branch_count,constant_250,250.0,503,1392983,0.0242842,True,False,2784,1026,1,0
shrinking_b_decay_channels_1_r1,branch_count,cost_model_x0.4,231.35984415599106,503,1392983,0.0235752,True,False,2937,944,1,0
shrinking_b_decay_channels_1_r1,branch_count,cost_model_x0.5,289.1998051949888,503,1392983,0.0227667,True,False,2454,1190,1,0
shrinking_b_decay_channels_1_r1,branch_count,cost_model_x0.6,347.03976623398654,503,1392983,0.024104,True,False,1935,1432,1,0
shrinking_b_decay_channels_1_r2,branch_count,wallclock_timing,,503,5571934,0.0597067,True,False,9689,4,4,0
shrinking_b_decay_channels_1_r2,branch_count,constant_250,250.0,503,5571934,0.0534519,True,False,7648,1010,1,0
shrinking_b_decay_channels_1_r2,branch_count,cost_model_x0.4,254.7609362600336,503,5571934,0.0541528,True,False,7610,1026,1,0
shrinking_b_decay_channels_1_r2,branch_count,cost_model_x0.5,318.45117032504197,503,5571934,0.0537841,True,False,7047,1293,1,0
shrinking_b_decay_channels_1_r2,branch_count,cost_model_x0.6,382.14140439005035,503,5571934,0.0579275,True,False,6502,1555,1,0
shrinking_b_decay_channels_2_r05,branch_count,wallclock_timing,,503,269330,0.0117167,True,False,2108,2,2,0
shrinking_b_decay_channels_2_r05,branch_count,constant_250,250.0,503,269330,0.0064334,True,False,8,1037,1,0
shrinking_b_decay_channels_2_r05,branch_count,cost_model_x0.4,197.86253566399938,503,269330,0.0073677,True,False,457,818,1,0
shrinking_b_decay_channels_2_r05,branch_count,cost_model_x0.5,247.3281695799992,503,269330,0.0072336,True,False,30,1024,1,0
shrinking_b_decay_channels_2_r05,branch_count,cost_model_x0.6,296.79380349599904,503,269330,0.0073088,True,False,1,1041,1,0
shrinking_b_decay_channels_2_r1,branch_count,wallclock_timing,,503,1077322,0.028149,True,False,4249,2,2,0
shrinking_b_decay_channels_2_r1,branch_count,constant_250,250.0,503,1077322,0.0227917,True,False,2160,1031,1,0
shrinking_b_decay_channels_2_r1,branch_count,cost_model_x0.4,208.77751822970205,503,1077322,0.024723,True,False,2507,854,1,0
shrinking_b_decay_channels_2_r1,branch_count,cost_model_x0.5,260.97189778712755,503,1077322,0.0227647,True,False,2065,1077,1,0
shrinking_b_decay_channels_2_r1,branch_count,cost_model_x0.6,313.16627734455307,503,1077322,0.0242938,True,False,1610,1291,1,0
shrinking_b_decay_channels_2_r2,branch_count,wallclock_timing,,503,4309289,0.0610708,True,False,8613,4,4,0
shrinking_b_decay_channels_2_r2,branch_count,constant_250,250.0,503,4309289,0.0567009,True,False,6480,1010,1,0
shrinking_b_decay_channels_2_r2,branch_count,cost_model_x0.4,227.2480335305428,503,4309289,0.0552404,True,False,6679,921,1,0
shrinking_b_decay_channels_2_r2,branch_count,cost_model_x0.5,284.0600419131785,503,4309289,0.0550385,True,False,6196,1154,1,0
shrinking_b_decay_channels_2_r2,branch_count,cost_model_x0.6,340.8720502958142,503,4309289,0.0578084,True,False,5694,1388,1,0
shrinking_b_decay_channels_4_r05,branch_count,wallclock_timing,,503,199588,0.0136276,True,False,1712,53,4,0
shrinking_b_decay_channels_4_r05,branch_count,constant_250,250.0,503,199588,0.0074613,True,False,1,893,1,0
shrinking_b_decay_channels_4_r05,branch_count,cost_model_x0.4,171.04577082163632,503,199588,0.0062647,True,False,376,714,1,0
shrinking_b_decay_channels_4_r05,branch_count,cost_model_x0.5,213.80721352704538,503,199588,0.0067193,True,False,19,884,1,0
shrinking_b_decay_channels_4_r05,branch_count,cost_model_x0.6,256.56865623245443,503,199588,0.0056953,True,False,1,893,1,0
shrinking_b_decay_channels_4_r1,branch_count,wallclock_timing,,503,798355,0.0211076,True,False,502,1544,3,0
shrinking_b_decay_channels_4_r1,branch_count,constant_250,250.0,503,798355,0.0175591,True,False,1570,1034,1,0
shrinking_b_decay_channels_4_r1,branch_count,cost_model_x0.4,178.97264496822606,503,798355,0.0180767,True,False,2173,740,1,0
shrinking_b_decay_channels_4_r1,branch_count,cost_model_x0.5,223.71580621028255,503,798355,0.0181596,True,False,1800,922,1,0
shrinking_b_decay_channels_4_r1,branch_count,cost_model_x0.6,268.45896745233904,503,798355,0.0182773,True,False,1406,1107,1,0
shrinking_b_decay_channels_4_r2,branch_count,wallclock_timing,,503,3193421,0.0476472,True,False,7405,2,2,0
shrinking_b_decay_channels_4_r2,branch_count,constant_250,250.0,503,3193421,0.0452952,True,False,5240,1017,1,0
shrinking_b_decay_channels_4_r2,branch_count,cost_model_x0.4,192.1265034016568,503,3193421,0.0443668,True,False,5753,780,1,0
shrinking_b_decay_channels_4_r2,branch_count,cost_model_x0.5,240.15812925207098,503,3193421,0.0467521,True,False,5342,972,1,0
shrinking_b_decay_channels_4_r2,branch_count,cost_model_x0.6,288.18975510248515,503,3193421,0.0442754,True,False,4913,1182,1,0
shrinking_b_decay_channels_8_r05,branch_count,wallclock_timing,,503,86246,0.0075209,True,False,1197,2,2,0
shrinking_b_decay_channels_8_r05,branch_count,constant_250,250.0,503,86246,0.0040887,True,False,1,591,1,0
shrinking_b_decay_channels_8_r05,branch_count,cost_model_x0.4,139.6894619732563,503,86246,0.0042455,True,False,23,581,1,0
shrinking_b_decay_channels_8_r05,branch_count,cost_model_x0.5,174.61182746657036,503,86246,0.0041729,True,False,1,591,1,0
shrinking_b_decay_channels_8_r05,branch_count,cost_model_x0.6,209.53419295988442,503,86246,0.0039749,True,False,1,591,1,0
shrinking_b_decay_channels_8_r1,branch_count,wallclock_timing,,503,344987,0.0145952,True,False,359,997,3,0
shrinking_b_decay_channels_8_r1,branch_count,constant_250,250.0,503,344987,0.0140443,True,False,296,1037,1,0
shrinking_b_decay_channels_8_r1,branch_count,cost_model_x0.4,144.09519532536,503,344987,0.0125454,True,False,1224,600,1,0
shrinking_b_decay_channels_8_r1,branch_count,cost_model_x0.5,180.1189941567,503,344987,0.012639,True,False,912,747,1,0
shrinking_b_decay_channels_8_r1,branch_count,cost_model_x0.6,216.14279298804001,503,344987,0.0132776,True,False,599,894,1,0
shrinking_b_decay_channels_8_r2,branch_count,wallclock_timing,,503,1379949,0.0337135,True,False,4851,2,2,0
shrinking_b_decay_channels_8_r2,branch_count,constant_250,250.0,503,1379949,0.032502,True,False,2738,1029,1,0
shrinking_b_decay_channels_8_r2,branch_count,cost_model_x0.4,150.9680599761456,503,1379949,0.032945,True,False,3586,617,1,0
shrinking_b_decay_channels_8_r2,branch_count,cost_model_x0.5,188.710074970182,503,1379949,0.0346814,True,False,3259,769,1,0
shrinking_b_decay_channels_8_r2,branch_count,cost_model_x0.6,226.4520899642184,503,1379949,0.0352866,True,False,2928,931,1,0
dense_support_q4_r05,dense_support,wallclock_timing,,503,26918558,0.1479873,True,False,2601,724,3,0
dense_support_q4_r05,dense_support,constant_250,250.0,503,26918558,0.1464712,True,False,2511,728,1,0
dense_support_q4_r05,dense_support,cost_model_x0.4,293.2284678964655,503,26918558,0.1307081,True,False,689,825,1,0
dense_support_q4_r05,dense_support,cost_model_x0.5,366.53558487058183,503,26918558,0.1251445,True,False,1,866,1,0
dense_support_q4_r05,dense_support,cost_model_x0.6,439.8427018446982,503,26918558,0.1273965,True,False,1,866,1,0
dense_support_q4_r1,dense_support,wallclock_timing,,503,107674233,0.4179943,True,False,21099,876,7,0
dense_support_q4_r1,dense_support,constant_250,250.0,503,107674233,0.4225092,True,False,24946,776,1,0
dense_support_q4_r1,dense_support,cost_model_x0.4,313.4088157966551,503,107674233,0.4051113,True,False,17661,972,1,0
dense_support_q4_r1,dense_support,cost_model_x0.5,391.7610197458189,503,107674233,0.4937895,True,False,11248,1189,1,0
dense_support_q4_r1,dense_support,cost_model_x0.6,470.11322369498265,503,107674233,0.44306,True,False,6587,1385,1,0
dense_support_q6_r05,dense_support,wallclock_timing,,503,14380815,0.113866,True,False,8914,289,5,0
dense_support_q6_r05,dense_support,constant_250,250.0,503,14380815,0.1088967,True,False,1,633,1,0
dense_support_q6_r05,dense_support,cost_model_x0.4,199.88334470424422,503,14380815,0.1053296,True,False,1056,572,1,0
dense_support_q6_r05,dense_support,cost_model_x0.5,249.85418088030528,503,14380815,0.1113177,True,False,1,633,1,0
dense_support_q6_r05,dense_support,cost_model_x0.6,299.82501705636633,503,14380815,0.1101867,True,False,1,633,1,0
dense_support_q6_r1,dense_support,wallclock_timing,,503,57523260,0.3363403,True,False,25306,421,9,0
dense_support_q6_r1,dense_support,constant_250,250.0,503,57523260,0.3811634,True,False,10984,771,1,0
dense_support_q6_r1,dense_support,cost_model_x0.4,209.21892305275935,503,57523260,0.3734271,True,False,14942,652,1,0
dense_support_q6_r1,dense_support,cost_model_x0.5,261.52365381594916,503,57523260,0.3481208,True,False,10039,803,1,0
dense_support_q6_r1,dense_support,cost_model_x0.6,313.82838457913897,503,57523260,0.4231666,True,False,6488,940,1,0
dense_support_q8_r05,dense_support,wallclock_timing,,503,6856452,0.1044479,True,False,432,413,3,0
dense_support_q8_r05,dense_support,constant_250,250.0,503,6856452,0.0912593,True,False,1,438,1,0
dense_support_q8_r05,dense_support,cost_model_x0.4,144.81867232667844,503,6856452,0.0838984,True,False,472,410,1,0
dense_support_q8_r05,dense_support,cost_model_x0.5,181.02334040834805,503,6856452,0.0881525,True,False,1,438,1,0
dense_support_q8_r05,dense_support,cost_model_x0.6,217.22800849001766,503,6856452,0.0871609,True,False,1,438,1,0
dense_support_q8_r1,dense_support,wallclock_timing,,503,27425809,0.2741024,True,False,16282,313,5,0
dense_support_q8_r1,dense_support,constant_250,250.0,503,27425809,0.3737042,True,False,2637,730,1,0
dense_support_q8_r1,dense_support,cost_model_x0.4,149.32476065598868,503,27425809,0.2819166,True,False,9765,465,1,0
dense_support_q8_r1,dense_support,cost_model_x0.5,186.65595081998583,503,27425809,0.2971874,True,False,6498,571,1,0
dense_support_q8_r1,dense_support,cost_model_x0.6,223.98714098398298,503,27425809,0.3464505,True,False,4029,668,1,0
dense_support_q8_r2,dense_support,wallclock_timing,,503,109703238,1.0841198,True,False,17655,988,7,0
dense_support_q8_r2,dense_support,constant_250,250.0,503,109703238,0.8624193,True,False,25504,776,1,0
dense_support_q8_r2,dense_support,cost_model_x0.4,156.47175274866677,503,109703238,0.8354548,True,False,43825,431,1,0
dense_support_q8_r2,dense_support,cost_model_x0.5,195.58969093583346,503,109703238,0.8375149,True,False,34507,585,1,0
dense_support_q8_r2,dense_support,cost_model_x0.6,234.70762912300015,503,109703238,0.9559206,True,False,27697,725,1,0
dense_support_q12_r05,dense_support,wallclock_timing,,503,3266283,0.1075465,True,False,4635,130,3,0
dense_support_q12_r05,dense_support,constant_250,250.0,503,3266283,0.0953776,True,False,1,303,1,0
dense_support_q12_r05,dense_support,cost_model_x0.4,94.54718695994,503,3266283,0.0900676,True,False,544,272,1,0
dense_support_q12_r05,dense_support,cost_model_x0.5,118.183983699925,503,3266283,0.0921924,True,False,1,303,1,0
dense_support_q12_r05,dense_support,cost_model_x0.6,141.82078043990998,503,3266283,0.1033292,True,False,1,303,1,0
dense_support_q12_r1,dense_support,wallclock_timing,,503,13065133,0.3561004,True,False,17778,114,7,0
dense_support_q12_r1,dense_support,constant_250,250.0,503,13065133,0.3758759,True,False,1,604,1,0
dense_support_q12_r1,dense_support,cost_model_x0.4,96.23943076901122,503,13065133,0.2996821,True,False,7513,300,1,0
dense_support_q12_r1,dense_support,cost_model_x0.5,120.29928846126401,503,13065133,0.2998794,True,False,5152,372,1,0
dense_support_q12_r1,dense_support,cost_model_x0.6,144.3591461535168,503,13065133,0.328108,True,False,3376,435,1,0
dense_support_q12_r2,dense_support,wallclock_timing,,503,52260533,0.8753252,True,False,40629,170,11,0
dense_support_q12_r2,dense_support,constant_250,250.0,503,52260533,1.1238826,True,False,9504,768,1,0
dense_support_q12_r2,dense_support,cost_model_x0.4,98.76806323147295,503,52260533,0.8309888,True,False,32899,259,1,0
dense_support_q12_r2,dense_support,cost_model_x0.5,123.46007903934118,503,52260533,0.8624928,True,False,26247,360,1,0
dense_support_q12_r2,dense_support,cost_model_x0.6,148.1520948472094,503,52260533,0.9361595,True,False,21337,452,1,0
collision_o2_g0_n1000000_r05,collision,wallclock_timing,,503,27324219,0.1454911,True,False,5035,626,5,0
collision_o2_g0_n1000000_r05,collision,constant_250,250.0,503,27324219,0.1226384,True,False,2615,730,1,0
collision_o2_g0_n1000000_r05,collision,cost_model_x0.4,293.3973660445479,503,27324219,0.1264335,True,False,768,827,1,0
collision_o2_g0_n1000000_r05,collision,cost_model_x0.5,366.74670755568485,503,27324219,0.1334459,True,False,1,872,1,0
collision_o2_g0_n1000000_r05,collision,cost_model_x0.6,440.0960490668218,503,27324219,0.1334902,True,False,1,872,1,0
collision_o2_g0_n1000000_r1,collision,wallclock_timing,,503,109296878,0.5343888,True,False,274,1727,3,0
collision_o2_g0_n1000000_r1,collision,constant_250,250.0,503,109296878,0.4079898,True,False,25403,776,1,0
collision_o2_g0_n1000000_r1,collision,cost_model_x0.4,313.68939549340627,503,109296878,0.4798528,True,False,17998,974,1,0
collision_o2_g0_n1000000_r1,collision,cost_model_x0.5,392.1117443667578,503,109296878,0.4392644,True,False,11524,1191,1,0
collision_o2_g0_n1000000_r1,collision,cost_model_x0.6,470.53409324010937,503,109296878,0.5061337,True,False,6801,1388,1,0
collision_o2_g1_n1000000_r05,collision,wallclock_timing,,503,78960851,0.3755156,True,False,9914,1000,7,0
collision_o2_g1_n1000000_r05,collision,constant_250,250.0,503,78960851,0.3757138,True,False,10803,963,1,0
collision_o2_g1_n1000000_r05,collision,cost_model_x0.4,425.2981894945606,503,78960851,0.4213085,True,False,464,1354,1,0
collision_o2_g1_n1000000_r05,collision,cost_model_x0.5,531.6227368682007,503,78960851,0.3749784,True,False,1,1376,1,0
collision_o2_g1_n1000000_r05,collision,cost_model_x0.6,637.9472842418409,503,78960851,0.3852774,True,False,1,1376,1,0
collision_o2_g2_n1000000_r05,collision,wallclock_timing,,503,102284560,0.4924002,True,False,3692,1330,5,0
collision_o2_g2_n1000000_r05,collision,constant_250,250.0,503,102284560,0.5361806,True,False,11464,1100,1,0
collision_o2_g2_n1000000_r05,collision,cost_model_x0.4,463.39562115304665,503,102284560,0.5067196,True,False,1,1473,1,0
collision_o2_g2_n1000000_r05,collision,cost_model_x0.5,579.2445264413083,503,102284560,0.4992244,True,False,1,1473,1,0
collision_o2_g2_n1000000_r05,collision,cost_model_x0.6,695.0934317295699,503,102284560,0.4956015,True,False,1,1473,1,0
dimerization_r05,dimerization,wallclock_timing,,504,8376953,0.1474316,True,False,6099,1630,3,0
dimerization_r05,dimerization,constant_250,250.0,504,8376953,0.1574453,True,False,16447,0,0,0
dimerization_r05,dimerization,cost_model_x0.4,352.1857560713393,504,8376953,0.1900524,True,False,16447,0,0,0
dimerization_r05,dimerization,cost_model_x0.5,440.2321950891741,504,8376953,0.2785051,True,False,1,2506,1,0
dimerization_r05,dimerization,cost_model_x0.6,528.2786341070089,504,8376953,0.2772765,True,False,1,2506,1,0
lotka_volterra_r05,lotka_volterra,wallclock_timing,,504,516476,1.3100815,True,False,69631,2115,40,0
lotka_volterra_r05,lotka_volterra,constant_250,250.0,504,516476,1.2775939,True,False,75168,0,0,0
lotka_volterra_r05,lotka_volterra,cost_model_x0.4,299.7336913482398,504,516476,1.281394,True,False,75168,0,0,0
lotka_volterra_r05,lotka_volterra,cost_model_x0.5,374.66711418529974,504,516476,1.1630803,True,False,48977,11051,7,0
lotka_volterra_r05,lotka_volterra,cost_model_x0.6,449.6005370223597,504,516476,1.1142924,True,False,24551,19884,7,0
shrinking_r05,shrinking,wallclock_timing,,504,414323,0.0296943,True,False,2634,6,4,0
shrinking_r05,shrinking,constant_250,250.0,504,414323,0.0177787,True,False,539,1028,1,0
shrinking_r05,shrinking,cost_model_x0.4,219.11363039155117,504,414323,0.0258791,True,False,813,908,1,0
shrinking_r05,shrinking,cost_model_x0.5,273.89203798943896,504,414323,0.0178875,True,False,321,1132,1,0
shrinking_r05,shrinking,cost_model_x0.6,328.67044558732675,504,414323,0.020896,True,False,1,1290,1,0
shrinking_r1,shrinking,wallclock_timing,,504,1657292,0.0638987,True,False,4953,177,6,0
shrinking_r1,shrinking,constant_250,250.0,504,1657292,0.0541812,True,False,3203,1019,1,0
shrinking_r1,shrinking,cost_model_x0.4,233.61588743640192,504,1657292,0.0573013,True,False,3348,955,1,0
shrinking_r1,shrinking,cost_model_x0.5,292.0198592955024,504,1657292,0.0476524,True,False,2855,1201,1,0
shrinking_r1,shrinking,cost_model_x0.6,350.42383115460285,504,1657292,0.0433363,True,False,2365,1441,1,0
shrinking_r2,shrinking,wallclock_timing,,504,6629170,0.1082417,True,False,10710,8,6,0
shrinking_r2,shrinking,constant_250,250.0,504,6629170,0.0913371,True,False,8595,1007,1,0
shrinking_r2,shrinking,cost_model_x0.4,258.79339145195667,504,6629170,0.1246483,True,False,8526,1042,1,0
shrinking_r2,shrinking,cost_model_x0.5,323.49173931494585,504,6629170,0.121525,True,False,7958,1310,1,0
shrinking_r2,shrinking,cost_model_x0.6,388.190087177935,504,6629170,0.1899136,True,False,7403,1579,1,0
shrinking_no_b_decay_r05,shrinking,wallclock_timing,,504,1351956,0.0315359,True,False,2515,303,3,0
shrinking_no_b_decay_r05,shrinking,constant_250,250.0,504,1351956,0.0245595,True,False,931,609,1,0
shrinking_no_b_decay_r05,shrinking,cost_model_x0.4,248.30036605715384,504,1351956,0.0271027,True,False,955,603,1,0
shrinking_no_b_decay_r05,shrinking,cost_model_x0.5,310.37545757144227,504,1351956,0.0236621,True,False,277,776,1,0
shrinking_no_b_decay_r05,shrinking,cost_model_x0.6,372.4505490857307,504,1351956,0.0299605,True,False,1,854,1,0
shrinking_no_b_decay_r1,shrinking,wallclock_timing,,504,5407825,0.1176871,True,False,8577,231,5,0
shrinking_no_b_decay_r1,shrinking,constant_250,250.0,504,5407825,0.0784126,True,False,5297,566,1,0
shrinking_no_b_decay_r1,shrinking,cost_model_x0.4,266.2028483816863,504,5407825,0.0741875,True,False,5022,606,1,0
shrinking_no_b_decay_r1,shrinking,cost_model_x0.5,332.75356047710784,504,5407825,0.0899098,True,False,4002,771,1,0
shrinking_no_b_decay_r1,shrinking,cost_model_x0.6,399.3042725725294,504,5407825,0.089195,True,False,3101,943,1,0
shrinking_no_b_decay_r2,shrinking,wallclock_timing,,504,21631301,0.2800223,True,False,20249,288,11,0
shrinking_no_b_decay_r2,shrinking,constant_250,250.0,504,21631301,0.2508498,True,False,15796,544,1,0
shrinking_no_b_decay_r2,shrinking,cost_model_x0.4,297.56212599359094,504,21631301,0.2171081,True,False,14536,651,1,0
shrinking_no_b_decay_r2,shrinking,cost_model_x0.5,371.95265749198865,504,21631301,0.218181,True,False,12830,825,1,0
shrinking_no_b_decay_r2,shrinking,cost_model_x0.6,446.34318899038635,504,21631301,0.227811,True,False,11397,1000,1,0
shrinking_split_b_decay_r05,shrinking,wallclock_timing,,504,263766,0.0143707,True,False,1351,399,5,0
shrinking_split_b_decay_r05,shrinking,constant_250,250.0,504,263766,0.0088494,True,False,1,1026,1,0
shrinking_split_b_decay_r05,shrinking,cost_model_x0.4,197.73347427612777,504,263766,0.0139043,True,False,441,819,1,0
shrinking_split_b_decay_r05,shrinking,cost_model_x0.5,247.1668428451597,504,263766,0.0109321,True,False,10,1027,1,0
shrinking_split_b_decay_r05,shrinking,cost_model_x0.6,296.6002114141916,504,263766,0.0091984,True,False,1,1026,1,0
shrinking_split_b_decay_r1,shrinking,wallclock_timing,,504,1055067,0.0511393,True,False,4223,2,2,0
shrinking_split_b_decay_r1,shrinking,constant_250,250.0,504,1055067,0.0363539,True,False,2132,1027,1,0
shrinking_split_b_decay_r1,shrinking,cost_model_x0.4,208.5700389576839,504,1055067,0.0307062,True,False,2487,854,1,0
shrinking_split_b_decay_r1,shrinking,cost_model_x0.5,260.71254869710486,504,1055067,0.0287536,True,False,2038,1072,1,0
shrinking_split_b_decay_r1,shrinking,cost_model_x0.6,312.85505843652584,504,1055067,0.0363795,True,False,1589,1292,1,0
shrinking_split_b_decay_r2,shrinking,wallclock_timing,,504,4220269,0.0889267,True,False,8411,2,2,0
shrinking_split_b_decay_r2,shrinking,constant_250,250.0,504,4220269,0.0793084,True,False,6341,1010,1,0
shrinking_split_b_decay_r2,shrinking,cost_model_x0.4,226.8836600842692,504,4220269,0.083195,True,False,6536,920,1,0
shrinking_split_b_decay_r2,shrinking,cost_model_x0.5,283.6045751053365,504,4220269,0.0744785,True,False,6043,1153,1,0
shrinking_split_b_decay_r2,shrinking,cost_model_x0.6,340.3254901264038,504,4220269,0.0804755,True,False,5568,1388,1,0
shrinking_b_decay_channels_1_r05,branch_count,wallclock_timing,,504,348245,0.0203585,True,False,2446,2,2,0
shrinking_b_decay_channels_1_r05,branch_count,constant_250,250.0,504,348245,0.0123573,True,False,306,1036,1,0
shrinking_b_decay_channels_1_r05,branch_count,cost_model_x0.4,217.74580841166699,504,348245,0.0156802,True,False,591,900,1,0
shrinking_b_decay_channels_1_r05,branch_count,cost_model_x0.5,272.18226051458373,504,348245,0.0160368,True,False,108,1128,1,0
shrinking_b_decay_channels_1_r05,branch_count,cost_model_x0.6,326.6187126175005,504,348245,0.0092702,True,False,1,1180,1,0
shrinking_b_decay_channels_1_r1,branch_count,wallclock_timing,,504,1392983,0.0436854,True,False,4764,73,6,0
shrinking_b_decay_channels_1_r1,branch_count,constant_250,250.0,504,1392983,0.0358382,True,False,2746,1025,1,0
shrinking_b_decay_channels_1_r1,branch_count,cost_model_x0.4,231.35984415599106,504,1392983,0.0380764,True,False,2909,951,1,0
shrinking_b_decay_channels_1_r1,branch_count,cost_model_x0.5,289.1998051949888,504,1392983,0.0467474,True,False,2423,1191,1,0
shrinking_b_decay_channels_1_r1,branch_count,cost_model_x0.6,347.03976623398654,504,1392983,0.0513926,True,False,1936,1431,1,0
shrinking_b_decay_channels_1_r2,branch_count,wallclock_timing,,504,5571934,0.1309315,True,False,9802,4,4,0
shrinking_b_decay_channels_1_r2,branch_count,constant_250,250.0,504,5571934,0.1038013,True,False,7681,1007,1,0
shrinking_b_decay_channels_1_r2,branch_count,cost_model_x0.4,254.7609362600336,504,5571934,0.0933698,True,False,7641,1028,1,0
shrinking_b_decay_channels_1_r2,branch_count,cost_model_x0.5,318.45117032504197,504,5571934,0.0879121,True,False,7077,1295,1,0
shrinking_b_decay_channels_1_r2,branch_count,cost_model_x0.6,382.14140439005035,504,5571934,0.0975126,True,False,6517,1556,1,0
shrinking_b_decay_channels_2_r05,branch_count,wallclock_timing,,504,269330,0.024435,True,False,1868,130,6,0
shrinking_b_decay_channels_2_r05,branch_count,constant_250,250.0,504,269330,0.0118312,True,False,8,1034,1,0
shrinking_b_decay_channels_2_r05,branch_count,cost_model_x0.4,197.86253566399938,504,269330,0.0124718,True,False,456,822,1,0
shrinking_b_decay_channels_2_r05,branch_count,cost_model_x0.5,247.3281695799992,504,269330,0.0129433,True,False,30,1026,1,0
shrinking_b_decay_channels_2_r05,branch_count,cost_model_x0.6,296.79380349599904,504,269330,0.0136637,True,False,1,1040,1,0
shrinking_b_decay_channels_2_r1,branch_count,wallclock_timing,,504,1077322,0.0504591,True,False,3764,251,4,0
shrinking_b_decay_channels_2_r1,branch_count,constant_250,250.0,504,1077322,0.0431845,True,False,2172,1029,1,0
shrinking_b_decay_channels_2_r1,branch_count,cost_model_x0.4,208.77751822970205,504,1077322,0.0450799,True,False,2510,856,1,0
shrinking_b_decay_channels_2_r1,branch_count,cost_model_x0.5,260.97189778712755,504,1077322,0.0401967,True,False,2078,1075,1,0
shrinking_b_decay_channels_2_r1,branch_count,cost_model_x0.6,313.16627734455307,504,1077322,0.0459542,True,False,1620,1289,1,0
shrinking_b_decay_channels_2_r2,branch_count,wallclock_timing,,504,4309289,0.1112592,True,False,8573,4,4,0
shrinking_b_decay_channels_2_r2,branch_count,constant_250,250.0,504,4309289,0.092678,True,False,6493,1016,1,0
shrinking_b_decay_channels_2_r2,branch_count,cost_model_x0.4,227.2480335305428,504,4309289,0.1066961,True,False,6697,922,1,0
shrinking_b_decay_channels_2_r2,branch_count,cost_model_x0.5,284.0600419131785,504,4309289,0.0973146,True,False,6203,1157,1,0
shrinking_b_decay_channels_2_r2,branch_count,cost_model_x0.6,340.8720502958142,504,4309289,0.0983185,True,False,5720,1394,1,0
shrinking_b_decay_channels_4_r05,branch_count,wallclock_timing,,504,199588,0.0199978,True,False,1408,213,4,0
shrinking_b_decay_channels_4_r05,branch_count,constant_250,250.0,504,199588,0.0127569,True,False,1,889,1,0
shrinking_b_decay_channels_4_r05,branch_count,cost_model_x0.4,171.04577082163632,504,199588,0.0102315,True,False,395,710,1,0
shrinking_b_decay_channels_4_r05,branch_count,cost_model_x0.5,213.80721352704538,504,199588,0.0095772,True,False,18,888,1,0
shrinking_b_decay_channels_4_r05,branch_count,cost_model_x0.6,256.56865623245443,504,199588,0.0097096,True,False,1,889,1,0
shrinking_b_decay_channels_4_r1,branch_count,wallclock_timing,,504,798355,0.04368,True,False,3643,2,2,0
shrinking_b_decay_channels_4_r1,branch_count,constant_250,250.0,504,798355,0.0442504,True,False,1557,1028,1,0
shrinking_b_decay_channels_4_r1,branch_count,cost_model_x0.4,178.97264496822606,504,798355,0.0459056,True,False,2161,735,1,0
shrinking_b_decay_channels_4_r1,branch_count,cost_model_x0.5,223.71580621028255,504,798355,0.0387102,True,False,1792,923,1,0
shrinking_b_decay_channels_4_r1,branch_count,cost_model_x0.6,268.45896745233904,504,798355,0.0238656,True,False,1388,1111,1,0
shrinking_b_decay_channels_4_r2,branch_count,wallclock_timing,,504,3193421,0.0789633,True,False,7347,2,2,0
shrinking_b_decay_channels_4_r2,branch_count,constant_250,250.0,504,3193421,0.0800724,True,False,5211,1015,1,0
shrinking_b_decay_channels_4_r2,branch_count,cost_model_x0.4,192.1265034016568,504,3193421,0.0778889,True,False,5692,775,1,0
shrinking_b_decay_channels_4_r2,branch_count,cost_model_x0.5,240.15812925207098,504,3193421,0.0804845,True,False,5297,975,1,0
shrinking_b_decay_channels_4_r2,branch_count,cost_model_x0.6,288.18975510248515,504,3193421,0.0818959,True,False,4892,1177,1,0
shrinking_b_decay_channels_8_r05,branch_count,wallclock_timing,,504,86246,0.0146125,True,False,1215,2,2,0
shrinking_b_decay_channels_8_r05,branch_count,constant_250,250.0,504,86246,0.0078386,True,False,1,590,1,0
shrinking_b_decay_channels_8_r05,branch_count,cost_model_x0.4,139.6894619732563,504,86246,0.0067936,True,False,25,586,1,0
shrinking_b_decay_channels_8_r05,branch_count,cost_model_x0.5,174.61182746657036,504,86246,0.0088269,True,False,1,590,1,0
shrinking_b_decay_channels_8_r05,branch_count,cost_model_x0.6,209.53419295988442,504,86246,0.0048523,True,False,1,590,1,0
shrinking_b_decay_channels_8_r1,branch_count,wallclock_timing,,504,344987,0.0307769,True,False,2362,2,2,0
shrinking_b_decay_channels_8_r1,branch_count,constant_250,250.0,504,344987,0.0181408,True,False,285,1031,1,0
shrinking_b_decay_channels_8_r1,branch_count,cost_model_x0.4,144.09519532536,504,344987,0.020172,True,False,1190,597,1,0
shrinking_b_decay_channels_8_r1,branch_count,cost_model_x0.5,180.1189941567,504,344987,0.0260688,True,False,877,744,1,0
shrinking_b_decay_channels_8_r1,branch_count,cost_model_x0.6,216.14279298804001,504,344987,0.0216797,True,False,573,893,1,0
shrinking_b_decay_channels_8_r2,branch_count,wallclock_timing,,504,1379949,0.0513988,True,False,4797,2,2,0
shrinking_b_decay_channels_8_r2,branch_count,constant_250,250.0,504,1379949,0.0552316,True,False,2725,1026,1,0
shrinking_b_decay_channels_8_r2,branch_count,cost_model_x0.4,150.9680599761456,504,1379949,0.0591432,True,False,3576,616,1,0
shrinking_b_decay_channels_8_r2,branch_count,cost_model_x0.5,188.710074970182,504,1379949,0.0662041,True,False,3257,774,1,0
shrinking_b_decay_channels_8_r2,branch_count,cost_model_x0.6,226.4520899642184,504,1379949,0.0638538,True,False,2936,931,1,0
dense_support_q4_r05,dense_support,wallclock_timing,,504,26918558,0.2508599,True,False,947,811,3,0
dense_support_q4_r05,dense_support,constant_250,250.0,504,26918558,0.2545489,True,False,2571,729,1,0
dense_support_q4_r05,dense_support,cost_model_x0.4,293.2284678964655,504,26918558,0.2378189,True,False,700,825,1,0
dense_support_q4_r05,dense_support,cost_model_x0.5,366.53558487058183,504,26918558,0.207935,True,False,1,866,1,0
dense_support_q4_r05,dense_support,cost_model_x0.6,439.8427018446982,504,26918558,0.2589287,True,False,1,866,1,0
dense_support_q4_r1,dense_support,wallclock_timing,,504,107674233,0.8242054,True,False,4891,1466,5,0
dense_support_q4_r1,dense_support,constant_250,250.0,504,107674233,0.7116426,True,False,24921,776,1,0
dense_support_q4_r1,dense_support,cost_model_x0.4,313.4088157966551,504,107674233,0.6981373,True,False,17705,972,1,0
dense_support_q4_r1,dense_support,cost_model_x0.5,391.7610197458189,504,107674233,0.822282,True,False,11326,1189,1,0
dense_support_q4_r1,dense_support,cost_model_x0.6,470.11322369498265,504,107674233,0.9959454,True,False,6570,1385,1,0
dense_support_q6_r05,dense_support,wallclock_timing,,504,14380815,0.2043134,True,False,2062,524,3,0
dense_support_q6_r05,dense_support,constant_250,250.0,504,14380815,0.1992072,True,False,1,633,1,0
dense_support_q6_r05,dense_support,cost_model_x0.4,199.88334470424422,504,14380815,0.2161044,True,False,1079,572,1,0
dense_support_q6_r05,dense_support,cost_model_x0.5,249.85418088030528,504,14380815,0.2513164,True,False,1,633,1,0
dense_support_q6_r05,dense_support,cost_model_x0.6,299.82501705636633,504,14380815,0.1747385,True,False,1,633,1,0
dense_support_q6_r1,dense_support,wallclock_timing,,504,57523260,0.579518,True,False,16886,612,9,0
dense_support_q6_r1,dense_support,constant_250,250.0,504,57523260,0.637872,True,False,11051,771,1,0
dense_support_q6_r1,dense_support,cost_model_x0.4,209.21892305275935,504,57523260,0.6040586,True,False,15002,652,1,0
dense_support_q6_r1,dense_support,cost_model_x0.5,261.52365381594916,504,57523260,0.6550025,True,False,10127,803,1,0
dense_support_q6_r1,dense_support,cost_model_x0.6,313.82838457913897,504,57523260,0.6450633,True,False,6478,940,1,0
dense_support_q8_r05,dense_support,wallclock_timing,,504,6856452,0.1469411,True,False,3632,276,5,0
dense_support_q8_r05,dense_support,constant_250,250.0,504,6856452,0.1573906,True,False,1,438,1,0
dense_support_q8_r05,dense_support,cost_model_x0.4,144.81867232667844,504,6856452,0.1428818,True,False,476,410,1,0
dense_support_q8_r05,dense_support,cost_model_x0.5,181.02334040834805,504,6856452,0.1744963,True,False,1,438,1,0
dense_support_q8_r05,dense_support,cost_model_x0.6,217.22800849001766,504,6856452,0.1748295,True,False,1,438,1,0
dense_support_q8_r1,dense_support,wallclock_timing,,504,27425809,0.4943596,True,False,13135,381,5,0
dense_support_q8_r1,dense_support,constant_250,250.0,504,27425809,0.6358367,True,False,2710,730,1,0
dense_support_q8_r1,dense_support,cost_model_x0.4,149.32476065598868,504,27425809,0.5138626,True,False,9857,465,1,0
dense_support_q8_r1,dense_support,cost_model_x0.5,186.65595081998583,504,27425809,0.5630485,True,False,6493,572,1,0
dense_support_q8_r1,dense_support,cost_model_x0.6,223.98714098398298,504,27425809,0.5194187,True,False,4079,668,1,0
dense_support_q8_r2,dense_support,wallclock_timing,,504,109703238,1.4844376,True,False,34350,607,13,0
dense_support_q8_r2,dense_support,constant_250,250.0,504,109703238,1.7330895,True,False,25458,776,1,0
dense_support_q8_r2,dense_support,cost_model_x0.4,156.47175274866677,504,109703238,1.4981356,True,False,43717,431,1,0
dense_support_q8_r2,dense_support,cost_model_x0.5,195.58969093583346,504,109703238,1.6455123,True,False,34487,586,1,0
dense_support_q8_r2,dense_support,cost_model_x0.6,234.70762912300015,504,109703238,1.6061397,True,False,27648,725,1,0
dense_support_q12_r05,dense_support,wallclock_timing,,504,3266283,0.1732333,True,False,2156,202,3,0
dense_support_q12_r05,dense_support,constant_250,250.0,504,3266283,0.1792994,True,False,1,303,1,0
dense_support_q12_r05,dense_support,cost_model_x0.4,94.54718695994,504,3266283,0.1786627,True,False,544,272,1,0
dense_support_q12_r05,dense_support,cost_model_x0.5,118.183983699925,504,3266283,0.1425443,True,False,1,303,1,0
dense_support_q12_r05,dense_support,cost_model_x0.6,141.82078043990998,504,3266283,0.151975,True,False,1,303,1,0
dense_support_q12_r1,dense_support,wallclock_timing,,504,13065133,0.5921523,True,False,3315,441,3,0
dense_support_q12_r1,dense_support,constant_250,250.0,504,13065133,0.6736495,True,False,1,604,1,0
dense_support_q12_r1,dense_support,cost_model_x0.4,96.23943076901122,504,13065133,0.5528797,True,False,7539,301,1,0
dense_support_q12_r1,dense_support,cost_model_x0.5,120.29928846126401,504,13065133,0.5634144,True,False,5177,372,1,0
dense_support_q12_r1,dense_support,cost_model_x0.6,144.3591461535168,504,13065133,0.5499149,True,False,3441,436,1,0
dense_support_q12_r2,dense_support,wallclock_timing,,504,52260533,1.4239357,True,False,25907,369,9,0
dense_support_q12_r2,dense_support,constant_250,250.0,504,52260533,1.9406662,True,False,9589,768,1,0
dense_support_q12_r2,dense_support,cost_model_x0.4,98.76806323147295,504,52260533,1.5908528,True,False,32882,259,1,0
dense_support_q12_r2,dense_support,cost_model_x0.5,123.46007903934118,504,52260533,1.5754328,True,False,26217,360,1,0
dense_support_q12_r2,dense_support,cost_model_x0.6,148.1520948472094,504,52260533,1.5684571,True,False,21348,452,1,0
collision_o2_g0_n1000000_r05,collision,wallclock_timing,,504,27324219,0.243603,True,False,6112,584,3,0
collision_o2_g0_n1000000_r05,collision,constant_250,250.0,504,27324219,0.2326137,True,False,2682,730,1,0
collision_o2_g0_n1000000_r05,collision,cost_model_x0.4,293.3973660445479,504,27324219,0.2287638,True,False,783,827,1,0
collision_o2_g0_n1000000_r05,collision,cost_model_x0.5,366.74670755568485,504,27324219,0.273359,True,False,1,873,1,0
collision_o2_g0_n1000000_r05,collision,cost_model_x0.6,440.0960490668218,504,27324219,0.2520186,True,False,1,873,1,0
collision_o2_g0_n1000000_r1,collision,wallclock_timing,,504,109296878,0.8076098,True,False,29021,700,11,0
collision_o2_g0_n1000000_r1,collision,constant_250,250.0,504,109296878,0.7492912,True,False,25351,776,1,0
collision_o2_g0_n1000000_r1,collision,cost_model_x0.4,313.68939549340627,504,109296878,0.8142819,True,False,18055,974,1,0
collision_o2_g0_n1000000_r1,collision,cost_model_x0.5,392.1117443667578,504,109296878,0.8361689,True,False,11591,1191,1,0
collision_o2_g0_n1000000_r1,collision,cost_model_x0.6,470.53409324010937,504,109296878,0.8287803,True,False,6791,1388,1,0
collision_o2_g1_n1000000_r05,collision,wallclock_timing,,504,78960851,0.6666566,True,False,1058,1325,3,0
collision_o2_g1_n1000000_r05,collision,constant_250,250.0,504,78960851,0.7989274,True,False,10866,962,1,0
collision_o2_g1_n1000000_r05,collision,cost_model_x0.4,425.2981894945606,504,78960851,0.6917071,True,False,468,1354,1,0
collision_o2_g1_n1000000_r05,collision,cost_model_x0.5,531.6227368682007,504,78960851,0.6132264,True,False,1,1376,1,0
collision_o2_g1_n1000000_r05,collision,cost_model_x0.6,637.9472842418409,504,78960851,0.6618401,True,False,1,1376,1,0
collision_o2_g2_n1000000_r05,collision,wallclock_timing,,504,102284560,0.9071613,True,False,1282,1426,9,0
collision_o2_g2_n1000000_r05,collision,constant_250,250.0,504,102284560,0.8817098,True,False,11546,1100,1,0
collision_o2_g2_n1000000_r05,collision,cost_model_x0.4,463.39562115304665,504,102284560,0.9114893,True,False,1,1473,1,0
collision_o2_g2_n1000000_r05,collision,cost_model_x0.5,579.2445264413083,504,102284560,0.8988016,True,False,1,1473,1,0
collision_o2_g2_n1000000_r05,collision,cost_model_x0.6,695.0934317295699,504,102284560,0.8761448,True,False,1,1473,1,0
dimerization_r05,dimerization,wallclock_timing,,505,8376953,0.3170946,True,False,9581,1095,12,0
dimerization_r05,dimerization,constant_250,250.0,505,8376953,0.2965314,True,False,16544,0,0,0
dimerization_r05,dimerization,cost_model_x0.4,352.1857560713393,505,8376953,0.2444875,True,False,16544,0,0,0
dimerization_r05,dimerization,cost_model_x0.5,440.2321950891741,505,8376953,0.2306445,True,False,1,2506,1,0
dimerization_r05,dimerization,cost_model_x0.6,528.2786341070089,505,8376953,0.2319863,True,False,1,2506,1,0
lotka_volterra_r05,lotka_volterra,wallclock_timing,,505,516476,1.3055935,True,False,65992,3363,42,0
lotka_volterra_r05,lotka_volterra,constant_250,250.0,505,516476,1.2837896,True,False,75234,0,0,0
lotka_volterra_r05,lotka_volterra,cost_model_x0.4,299.7336913482398,505,516476,1.2972467,True,False,75234,0,0,0
lotka_volterra_r05,lotka_volterra,cost_model_x0.5,374.66711418529974,505,516476,1.2674558,True,False,49006,11003,7,0
lotka_volterra_r05,lotka_volterra,cost_model_x0.6,449.6005370223597,505,516476,1.2077569,True,False,24520,19919,7,0
shrinking_r05,shrinking,wallclock_timing,,505,414323,0.030352,True,False,2648,4,4,0
shrinking_r05,shrinking,constant_250,250.0,505,414323,0.0128872,True,False,520,1031,1,0
shrinking_r05,shrinking,cost_model_x0.4,219.11363039155117,505,414323,0.0138456,True,False,776,904,1,0
shrinking_r05,shrinking,cost_model_x0.5,273.89203798943896,505,414323,0.0194182,True,False,324,1133,1,0
shrinking_r05,shrinking,cost_model_x0.6,328.67044558732675,505,414323,0.0122597,True,False,1,1288,1,0
shrinking_r1,shrinking,wallclock_timing,,505,1657292,0.0614757,True,False,5045,110,4,0
shrinking_r1,shrinking,constant_250,250.0,505,1657292,0.0426252,True,False,3181,1024,1,0
shrinking_r1,shrinking,cost_model_x0.4,233.61588743640192,505,1657292,0.0423937,True,False,3313,957,1,0
shrinking_r1,shrinking,cost_model_x0.5,292.0198592955024,505,1657292,0.0521753,True,False,2808,1198,1,0
shrinking_r1,shrinking,cost_model_x0.6,350.42383115460285,505,1657292,0.0433671,True,False,2330,1442,1,0
shrinking_r2,shrinking,wallclock_timing,,505,6629170,0.140795,True,False,10463,4,4,0
shrinking_r2,shrinking,constant_250,250.0,505,6629170,0.0953794,True,False,8524,1009,1,0
shrinking_r2,shrinking,cost_model_x0.4,258.79339145195667,505,6629170,0.1067534,True,False,8449,1045,1,0
shrinking_r2,shrinking,cost_model_x0.5,323.49173931494585,505,6629170,0.1153369,True,False,7900,1313,1,0
shrinking_r2,shrinking,cost_model_x0.6,388.190087177935,505,6629170,0.1155984,True,False,7340,1579,1,0
shrinking_no_b_decay_r05,shrinking,wallclock_timing,,505,1351956,0.0902666,True,False,8353,105,5,0
shrinking_no_b_decay_r05,shrinking,constant_250,250.0,505,1351956,0.0274825,True,False,920,607,1,0
shrinking_no_b_decay_r05,shrinking,cost_model_x0.4,248.30036605715384,505,1351956,0.0272394,True,False,938,603,1,0
shrinking_no_b_decay_r05,shrinking,cost_model_x0.5,310.37545757144227,505,1351956,0.0256772,True,False,276,776,1,0
shrinking_no_b_decay_r05,shrinking,cost_model_x0.6,372.4505490857307,505,1351956,0.039394,True,False,1,854,1,0
shrinking_no_b_decay_r1,shrinking,wallclock_timing,,505,5407825,0.1980456,True,False,16580,81,9,0
shrinking_no_b_decay_r1,shrinking,constant_250,250.0,505,5407825,0.1042005,True,False,5197,567,1,0
shrinking_no_b_decay_r1,shrinking,cost_model_x0.4,266.2028483816863,505,5407825,0.0910454,True,False,4932,605,1,0
shrinking_no_b_decay_r1,shrinking,cost_model_x0.5,332.75356047710784,505,5407825,0.0755302,True,False,3948,772,1,0
shrinking_no_b_decay_r1,shrinking,cost_model_x0.6,399.3042725725294,505,5407825,0.0913216,True,False,3081,942,1,0
shrinking_no_b_decay_r2,shrinking,wallclock_timing,,505,21631301,0.2483027,True,False,20704,272,9,0
shrinking_no_b_decay_r2,shrinking,constant_250,250.0,505,21631301,0.2486775,True,False,15748,545,1,0
shrinking_no_b_decay_r2,shrinking,cost_model_x0.4,297.56212599359094,505,21631301,0.2429428,True,False,14486,652,1,0
shrinking_no_b_decay_r2,shrinking,cost_model_x0.5,371.95265749198865,505,21631301,0.2615699,True,False,12751,825,1,0
shrinking_no_b_decay_r2,shrinking,cost_model_x0.6,446.34318899038635,505,21631301,0.243331,True,False,11325,999,1,0
shrinking_split_b_decay_r05,shrinking,wallclock_timing,,505,263766,0.0120681,True,False,684,687,3,0
shrinking_split_b_decay_r05,shrinking,constant_250,250.0,505,263766,0.0099335,True,False,1,1029,1,0
shrinking_split_b_decay_r05,shrinking,cost_model_x0.4,197.73347427612777,505,263766,0.0100833,True,False,437,819,1,0
shrinking_split_b_decay_r05,shrinking,cost_model_x0.5,247.1668428451597,505,263766,0.0115495,True,False,8,1024,1,0
shrinking_split_b_decay_r05,shrinking,cost_model_x0.6,296.6002114141916,505,263766,0.0101604,True,False,1,1029,1,0
shrinking_split_b_decay_r1,shrinking,wallclock_timing,,505,1055067,0.046704,True,False,3772,198,4,0
shrinking_split_b_decay_r1,shrinking,constant_250,250.0,505,1055067,0.0363972,True,False,2085,1030,1,0
shrinking_split_b_decay_r1,shrinking,cost_model_x0.4,208.5700389576839,505,1055067,0.0408543,True,False,2443,859,1,0
shrinking_split_b_decay_r1,shrinking,cost_model_x0.5,260.71254869710486,505,1055067,0.0317116,True,False,1986,1072,1,0
shrinking_split_b_decay_r1,shrinking,cost_model_x0.6,312.85505843652584,505,1055067,0.0388478,True,False,1554,1286,1,0
shrinking_split_b_decay_r2,shrinking,wallclock_timing,,505,4220269,0.0887012,True,False,8302,77,4,0
shrinking_split_b_decay_r2,shrinking,constant_250,250.0,505,4220269,0.0908351,True,False,6301,1015,1,0
shrinking_split_b_decay_r2,shrinking,cost_model_x0.4,226.8836600842692,505,4220269,0.0951714,True,False,6506,917,1,0
shrinking_split_b_decay_r2,shrinking,cost_model_x0.5,283.6045751053365,505,4220269,0.107156,True,False,5998,1156,1,0
shrinking_split_b_decay_r2,shrinking,cost_model_x0.6,340.3254901264038,505,4220269,0.0925005,True,False,5538,1386,1,0
shrinking_b_decay_channels_1_r05,branch_count,wallclock_timing,,505,348245,0.0248191,True,False,2357,24,4,0
shrinking_b_decay_channels_1_r05,branch_count,constant_250,250.0,505,348245,0.0141246,True,False,284,1032,1,0
shrinking_b_decay_channels_1_r05,branch_count,cost_model_x0.4,217.74580841166699,505,348245,0.013985,True,False,559,900,1,0
shrinking_b_decay_channels_1_r05,branch_count,cost_model_x0.5,272.18226051458373,505,348245,0.0191133,True,False,112,1124,1,0
shrinking_b_decay_channels_1_r05,branch_count,cost_model_x0.6,326.6187126175005,505,348245,0.0133591,True,False,1,1179,1,0
shrinking_b_decay_channels_1_r1,branch_count,wallclock_timing,,505,1392983,0.0502873,True,False,4814,4,4,0
shrinking_b_decay_channels_1_r1,branch_count,constant_250,250.0,505,1392983,0.034505,True,False,2751,1028,1,0
shrinking_b_decay_channels_1_r1,branch_count,cost_model_x0.4,231.35984415599106,505,1392983,0.0453472,True,False,2916,949,1,0
shrinking_b_decay_channels_1_r1,branch_count,cost_model_x0.5,289.1998051949888,505,1392983,0.0516584,True,False,2411,1188,1,0
shrinking_b_decay_channels_1_r1,branch_count,cost_model_x0.6,347.03976623398654,505,1392983,0.0420705,True,False,1927,1429,1,0
shrinking_b_decay_channels_1_r2,branch_count,wallclock_timing,,505,5571934,0.1369266,True,False,9590,4,4,0
shrinking_b_decay_channels_1_r2,branch_count,constant_250,250.0,505,5571934,0.126447,True,False,7592,1011,1,0
shrinking_b_decay_channels_1_r2,branch_count,cost_model_x0.4,254.7609362600336,505,5571934,0.1095033,True,False,7549,1027,1,0
shrinking_b_decay_channels_1_r2,branch_count,cost_model_x0.5,318.45117032504197,505,5571934,0.1163923,True,False,7029,1293,1,0
shrinking_b_decay_channels_1_r2,branch_count,cost_model_x0.6,382.14140439005035,505,5571934,0.1053876,True,False,6478,1561,1,0
shrinking_b_decay_channels_2_r05,branch_count,wallclock_timing,,505,269330,0.012053,True,False,659,713,7,0
shrinking_b_decay_channels_2_r05,branch_count,constant_250,250.0,505,269330,0.0145595,True,False,6,1034,1,0
shrinking_b_decay_channels_2_r05,branch_count,cost_model_x0.4,197.86253566399938,505,269330,0.0152977,True,False,441,818,1,0
shrinking_b_decay_channels_2_r05,branch_count,cost_model_x0.5,247.3281695799992,505,269330,0.0162581,True,False,28,1027,1,0
shrinking_b_decay_channels_2_r05,branch_count,cost_model_x0.6,296.79380349599904,505,269330,0.016295,True,False,1,1040,1,0
shrinking_b_decay_channels_2_r1,branch_count,wallclock_timing,,505,1077322,0.0632452,True,False,4210,2,2,0
shrinking_b_decay_channels_2_r1,branch_count,constant_250,250.0,505,1077322,0.0332129,True,False,2153,1028,1,0
shrinking_b_decay_channels_2_r1,branch_count,cost_model_x0.4,208.77751822970205,505,1077322,0.045776,True,False,2526,856,1,0
shrinking_b_decay_channels_2_r1,branch_count,cost_model_x0.5,260.97189778712755,505,1077322,0.0372006,True,False,2053,1075,1,0
shrinking_b_decay_channels_2_r1,branch_count,cost_model_x0.6,313.16627734455307,505,1077322,0.0411579,True,False,1602,1290,1,0
shrinking_b_decay_channels_2_r2,branch_count,wallclock_timing,,505,4309289,0.1033093,True,False,8485,4,4,0
shrinking_b_decay_channels_2_r2,branch_count,constant_250,250.0,505,4309289,0.1096554,True,False,6486,1013,1,0
shrinking_b_decay_channels_2_r2,branch_count,cost_model_x0.4,227.2480335305428,505,4309289,0.0909616,True,False,6682,918,1,0
shrinking_b_decay_channels_2_r2,branch_count,cost_model_x0.5,284.0600419131785,505,4309289,0.0907314,True,False,6175,1157,1,0
shrinking_b_decay_channels_2_r2,branch_count,cost_model_x0.6,340.8720502958142,505,4309289,0.1112318,True,False,5696,1391,1,0
shrinking_b_decay_channels_4_r05,branch_count,wallclock_timing,,505,199588,0.0261596,True,False,1840,2,2,0
shrinking_b_decay_channels_4_r05,branch_count,constant_250,250.0,505,199588,0.0106875,True,False,1,897,1,0
shrinking_b_decay_channels_4_r05,branch_count,cost_model_x0.4,171.04577082163632,505,199588,0.0173251,True,False,387,707,1,0
shrinking_b_decay_channels_4_r05,branch_count,cost_model_x0.5,213.80721352704538,505,199588,0.0086103,True,False,18,884,1,0
shrinking_b_decay_channels_4_r05,branch_count,cost_model_x0.6,256.56865623245443,505,199588,0.0109456,True,False,1,897,1,0
shrinking_b_decay_channels_4_r1,branch_count,wallclock_timing,,505,798355,0.0401872,True,False,1506,1055,3,0
shrinking_b_decay_channels_4_r1,branch_count,constant_250,250.0,505,798355,0.0324345,True,False,1525,1027,1,0
shrinking_b_decay_channels_4_r1,branch_count,cost_model_x0.4,178.97264496822606,505,798355,0.0369406,True,False,2135,738,1,0
shrinking_b_decay_channels_4_r1,branch_count,cost_model_x0.5,223.71580621028255,505,798355,0.0465613,True,False,1764,918,1,0
shrinking_b_decay_channels_4_r1,branch_count,cost_model_x0.6,268.45896745233904,505,798355,0.0334668,True,False,1369,1107,1,0
shrinking_b_decay_channels_4_r2,branch_count,wallclock_timing,,505,3193421,0.1121713,True,False,7344,5,4,0
shrinking_b_decay_channels_4_r2,branch_count,constant_250,250.0,505,3193421,0.1427423,True,False,5235,1021,1,0
shrinking_b_decay_channels_4_r2,branch_count,cost_model_x0.4,192.1265034016568,505,3193421,0.1231016,True,False,5742,779,1,0
shrinking_b_decay_channels_4_r2,branch_count,cost_model_x0.5,240.15812925207098,505,3193421,0.1036132,True,False,5320,976,1,0
shrinking_b_decay_channels_4_r2,branch_count,cost_model_x0.6,288.18975510248515,505,3193421,0.0917953,True,False,4905,1177,1,0
shrinking_b_decay_channels_8_r05,branch_count,wallclock_timing,,505,86246,0.0136134,True,False,1212,2,2,0
shrinking_b_decay_channels_8_r05,branch_count,constant_250,250.0,505,86246,0.0116899,True,False,1,595,1,0
shrinking_b_decay_channels_8_r05,branch_count,cost_model_x0.4,139.6894619732563,505,86246,0.008208,True,False,21,585,1,0
shrinking_b_decay_channels_8_r05,branch_count,cost_model_x0.5,174.61182746657036,505,86246,0.0059741,True,False,1,595,1,0
shrinking_b_decay_channels_8_r05,branch_count,cost_model_x0.6,209.53419295988442,505,86246,0.0074753,True,False,1,595,1,0
shrinking_b_decay_channels_8_r1,branch_count,wallclock_timing,,505,344987,0.0409662,True,False,2402,4,4,0
shrinking_b_decay_channels_8_r1,branch_count,constant_250,250.0,505,344987,0.0347991,True,False,291,1035,1,0
shrinking_b_decay_channels_8_r1,branch_count,cost_model_x0.4,144.09519532536,505,344987,0.031887,True,False,1166,597,1,0
shrinking_b_decay_channels_8_r1,branch_count,cost_model_x0.5,180.1189941567,505,344987,0.0256838,True,False,870,745,1,0
shrinking_b_decay_channels_8_r1,branch_count,cost_model_x0.6,216.14279298804001,505,344987,0.0262508,True,False,572,891,1,0
shrinking_b_decay_channels_8_r2,branch_count,wallclock_timing,,505,1379949,0.0658184,True,False,4828,2,2,0
shrinking_b_decay_channels_8_r2,branch_count,constant_250,250.0,505,1379949,0.0612695,True,False,2734,1024,1,0
shrinking_b_decay_channels_8_r2,branch_count,cost_model_x0.4,150.9680599761456,505,1379949,0.0550854,True,False,3565,618,1,0
shrinking_b_decay_channels_8_r2,branch_count,cost_model_x0.5,188.710074970182,505,1379949,0.0578373,True,False,3241,772,1,0
shrinking_b_decay_channels_8_r2,branch_count,cost_model_x0.6,226.4520899642184,505,1379949,0.0764481,True,False,2920,929,1,0
dense_support_q4_r05,dense_support,wallclock_timing,,505,26918558,0.2388235,True,False,8105,510,5,0
dense_support_q4_r05,dense_support,constant_250,250.0,505,26918558,0.2112668,True,False,2511,729,1,0
dense_support_q4_r05,dense_support,cost_model_x0.4,293.2284678964655,505,26918558,0.2729427,True,False,699,825,1,0
dense_support_q4_r05,dense_support,cost_model_x0.5,366.53558487058183,505,26918558,0.2528411,True,False,1,866,1,0
dense_support_q4_r05,dense_support,cost_model_x0.6,439.8427018446982,505,26918558,0.2436768,True,False,1,866,1,0
dense_support_q4_r1,dense_support,wallclock_timing,,505,107674233,0.9722714,True,False,19138,969,11,0
dense_support_q4_r1,dense_support,constant_250,250.0,505,107674233,0.7836421,True,False,24978,776,1,0
dense_support_q4_r1,dense_support,cost_model_x0.4,313.4088157966551,505,107674233,0.7320693,True,False,17741,973,1,0
dense_support_q4_r1,dense_support,cost_model_x0.5,391.7610197458189,505,107674233,0.7140507,True,False,11306,1189,1,0
dense_support_q4_r1,dense_support,cost_model_x0.6,470.11322369498265,505,107674233,0.753682,True,False,6573,1385,1,0
dense_support_q6_r05,dense_support,wallclock_timing,,505,14380815,0.1734951,True,False,3849,446,3,0
dense_support_q6_r05,dense_support,constant_250,250.0,505,14380815,0.1860715,True,False,1,634,1,0
dense_support_q6_r05,dense_support,cost_model_x0.4,199.88334470424422,505,14380815,0.2094968,True,False,1071,572,1,0
dense_support_q6_r05,dense_support,cost_model_x0.5,249.85418088030528,505,14380815,0.191739,True,False,1,634,1,0
dense_support_q6_r05,dense_support,cost_model_x0.6,299.82501705636633,505,14380815,0.1879165,True,False,1,634,1,0
dense_support_q6_r1,dense_support,wallclock_timing,,505,57523260,0.7442143,True,False,27812,381,13,0
dense_support_q6_r1,dense_support,constant_250,250.0,505,57523260,0.7356738,True,False,11053,771,1,0
dense_support_q6_r1,dense_support,cost_model_x0.4,209.21892305275935,505,57523260,0.7025253,True,False,15050,652,1,0
dense_support_q6_r1,dense_support,cost_model_x0.5,261.52365381594916,505,57523260,0.7681817,True,False,10074,803,1,0
dense_support_q6_r1,dense_support,cost_model_x0.6,313.82838457913897,505,57523260,0.6465698,True,False,6474,940,1,0
dense_support_q8_r05,dense_support,wallclock_timing,,505,6856452,0.146384,True,False,1915,342,5,0
dense_support_q8_r05,dense_support,constant_250,250.0,505,6856452,0.1574456,True,False,1,438,1,0
dense_support_q8_r05,dense_support,cost_model_x0.4,144.81867232667844,505,6856452,0.1420146,True,False,467,411,1,0
dense_support_q8_r05,dense_support,cost_model_x0.5,181.02334040834805,505,6856452,0.1665855,True,False,1,438,1,0
dense_support_q8_r05,dense_support,cost_model_x0.6,217.22800849001766,505,6856452,0.1840328,True,False,1,438,1,0
dense_support_q8_r1,dense_support,wallclock_timing,,505,27425809,0.6319484,True,False,4835,635,5,0
dense_support_q8_r1,dense_support,constant_250,250.0,505,27425809,0.6139933,True,False,2648,730,1,0
dense_support_q8_r1,dense_support,cost_model_x0.4,149.32476065598868,505,27425809,0.6052479,True,False,9802,465,1,0
dense_support_q8_r1,dense_support,cost_model_x0.5,186.65595081998583,505,27425809,0.6380646,True,False,6491,571,1,0
dense_support_q8_r1,dense_support,cost_model_x0.6,223.98714098398298,505,27425809,0.7086058,True,False,4040,668,1,0
dense_support_q8_r2,dense_support,wallclock_timing,,505,109703238,1.68295,True,False,46642,394,13,0
dense_support_q8_r2,dense_support,constant_250,250.0,505,109703238,1.6312569,True,False,25542,776,1,0
dense_support_q8_r2,dense_support,cost_model_x0.4,156.47175274866677,505,109703238,0.9523234,True,False,43695,431,1,0
dense_support_q8_r2,dense_support,cost_model_x0.5,195.58969093583346,505,109703238,0.9422519,True,False,34545,585,1,0
dense_support_q8_r2,dense_support,cost_model_x0.6,234.70762912300015,505,109703238,0.9796738,True,False,27772,724,1,0
dense_support_q12_r05,dense_support,wallclock_timing,,505,3266283,0.1002041,True,False,605,269,3,0
dense_support_q12_r05,dense_support,constant_250,250.0,505,3266283,0.108332,True,False,1,303,1,0
dense_support_q12_r05,dense_support,cost_model_x0.4,94.54718695994,505,3266283,0.0974121,True,False,541,272,1,0
dense_support_q12_r05,dense_support,cost_model_x0.5,118.183983699925,505,3266283,0.100815,True,False,1,303,1,0
dense_support_q12_r05,dense_support,cost_model_x0.6,141.82078043990998,505,3266283,0.1016597,True,False,1,303,1,0
dense_support_q12_r1,dense_support,wallclock_timing,,505,13065133,0.3208849,True,False,9718,248,5,0
dense_support_q12_r1,dense_support,constant_250,250.0,505,13065133,0.4145195,True,False,1,604,1,0
dense_support_q12_r1,dense_support,cost_model_x0.4,96.23943076901122,505,13065133,0.3205446,True,False,7497,301,1,0
dense_support_q12_r1,dense_support,cost_model_x0.5,120.29928846126401,505,13065133,0.3309508,True,False,5152,371,1,0
dense_support_q12_r1,dense_support,cost_model_x0.6,144.3591461535168,505,13065133,0.3476622,True,False,3398,436,1,0
dense_support_q12_r2,dense_support,wallclock_timing,,505,52260533,0.8693536,True,False,43824,137,13,0
dense_support_q12_r2,dense_support,constant_250,250.0,505,52260533,1.1880346,True,False,9543,768,1,0
dense_support_q12_r2,dense_support,cost_model_x0.4,98.76806323147295,505,52260533,0.8759307,True,False,32908,259,1,0
dense_support_q12_r2,dense_support,cost_model_x0.5,123.46007903934118,505,52260533,0.8825719,True,False,26293,360,1,0
dense_support_q12_r2,dense_support,cost_model_x0.6,148.1520948472094,505,52260533,0.9215901,True,False,21349,452,1,0
collision_o2_g0_n1000000_r05,collision,wallclock_timing,,505,27324219,0.1599122,True,False,17597,295,9,0
collision_o2_g0_n1000000_r05,collision,constant_250,250.0,505,27324219,0.1436756,True,False,2623,730,1,0
collision_o2_g0_n1000000_r05,collision,cost_model_x0.4,293.3973660445479,505,27324219,0.1483071,True,False,782,827,1,0
collision_o2_g0_n1000000_r05,collision,cost_model_x0.5,366.74670755568485,505,27324219,0.1522202,True,False,1,873,1,0
collision_o2_g0_n1000000_r05,collision,cost_model_x0.6,440.0960490668218,505,27324219,0.1402713,True,False,1,873,1,0
collision_o2_g0_n1000000_r1,collision,wallclock_timing,,505,109296878,0.4542807,True,False,16831,1014,7,0
collision_o2_g0_n1000000_r1,collision,constant_250,250.0,505,109296878,0.4590737,True,False,25430,776,1,0
collision_o2_g0_n1000000_r1,collision,cost_model_x0.4,313.68939549340627,505,109296878,0.4538492,True,False,18074,974,1,0
collision_o2_g0_n1000000_r1,collision,cost_model_x0.5,392.1117443667578,505,109296878,0.4874748,True,False,11582,1191,1,0
collision_o2_g0_n1000000_r1,collision,cost_model_x0.6,470.53409324010937,505,109296878,0.5038648,True,False,6790,1388,1,0
collision_o2_g1_n1000000_r05,collision,wallclock_timing,,505,78960851,0.4078926,True,False,8796,1029,7,0
collision_o2_g1_n1000000_r05,collision,constant_250,250.0,505,78960851,0.4071657,True,False,10863,962,1,0
collision_o2_g1_n1000000_r05,collision,cost_model_x0.4,425.2981894945606,505,78960851,0.4152456,True,False,459,1353,1,0
collision_o2_g1_n1000000_r05,collision,cost_model_x0.5,531.6227368682007,505,78960851,0.4161538,True,False,1,1377,1,0
collision_o2_g1_n1000000_r05,collision,cost_model_x0.6,637.9472842418409,505,78960851,0.4039629,True,False,1,1377,1,0
collision_o2_g2_n1000000_r05,collision,wallclock_timing,,505,102284560,0.5272188,True,False,2017,1391,7,0
collision_o2_g2_n1000000_r05,collision,constant_250,250.0,505,102284560,0.538845,True,False,11529,1100,1,0
collision_o2_g2_n1000000_r05,collision,cost_model_x0.4,463.39562115304665,505,102284560,0.5287826,True,False,1,1473,1,0
collision_o2_g2_n1000000_r05,collision,cost_model_x0.5,579.2445264413083,505,102284560,0.5313713,True,False,1,1473,1,0
collision_o2_g2_n1000000_r05,collision,cost_model_x0.6,695.0934317295699,505,102284560,0.5603015,True,False,1,1473,1,0
dimerization_r05,dimerization,wallclock_timing,,506,8376953,0.1591773,True,False,11313,808,6,0
dimerization_r05,dimerization,constant_250,250.0,506,8376953,0.1687077,True,False,16607,0,0,0
dimerization_r05,dimerization,cost_model_x0.4,352.1857560713393,506,8376953,0.1654812,True,False,16607,0,0,0
dimerization_r05,dimerization,cost_model_x0.5,440.2321950891741,506,8376953,0.1924201,True,False,1,2506,1,0
dimerization_r05,dimerization,cost_model_x0.6,528.2786341070089,506,8376953,0.1854493,True,False,1,2506,1,0
lotka_volterra_r05,lotka_volterra,wallclock_timing,,506,516476,0.7208138,True,False,46322,11121,32,0
lotka_volterra_r05,lotka_volterra,constant_250,250.0,506,516476,0.7267342,True,False,75268,0,0,0
lotka_volterra_r05,lotka_volterra,cost_model_x0.4,299.7336913482398,506,516476,0.7453239,True,False,75268,0,0,0
lotka_volterra_r05,lotka_volterra,cost_model_x0.5,374.66711418529974,506,516476,0.6676415,True,False,48755,11133,7,0
lotka_volterra_r05,lotka_volterra,cost_model_x0.6,449.6005370223597,506,516476,0.6054099,True,False,24557,19875,7,0
shrinking_r05,shrinking,wallclock_timing,,506,414323,0.0154552,True,False,2644,2,2,0
shrinking_r05,shrinking,constant_250,250.0,506,414323,0.0096214,True,False,535,1035,1,0
shrinking_r05,shrinking,cost_model_x0.4,219.11363039155117,506,414323,0.0099957,True,False,793,905,1,0
shrinking_r05,shrinking,cost_model_x0.5,273.89203798943896,506,414323,0.0102575,True,False,326,1138,1,0
shrinking_r05,shrinking,cost_model_x0.6,328.67044558732675,506,414323,0.0096124,True,False,1,1291,1,0
shrinking_r1,shrinking,wallclock_timing,,506,1657292,0.0343216,True,False,5305,2,2,0
shrinking_r1,shrinking,constant_250,250.0,506,1657292,0.0270957,True,False,3198,1029,1,0
shrinking_r1,shrinking,cost_model_x0.4,233.61588743640192,506,1657292,0.0271615,True,False,3347,960,1,0
shrinking_r1,shrinking,cost_model_x0.5,292.0198592955024,506,1657292,0.0283721,True,False,2850,1199,1,0
shrinking_r1,shrinking,cost_model_x0.6,350.42383115460285,506,1657292,0.0275971,True,False,2351,1437,1,0
shrinking_r2,shrinking,wallclock_timing,,506,6629170,0.0726027,True,False,10520,4,4,0
shrinking_r2,shrinking,constant_250,250.0,506,6629170,0.0642446,True,False,8546,1004,1,0
shrinking_r2,shrinking,cost_model_x0.4,258.79339145195667,506,6629170,0.0656343,True,False,8471,1044,1,0
shrinking_r2,shrinking,cost_model_x0.5,323.49173931494585,506,6629170,0.0662868,True,False,7910,1311,1,0
shrinking_r2,shrinking,cost_model_x0.6,388.190087177935,506,6629170,0.0644415,True,False,7358,1582,1,0
shrinking_no_b_decay_r05,shrinking,wallclock_timing,,506,1351956,0.0147279,True,False,490,719,3,0
shrinking_no_b_decay_r05,shrinking,constant_250,250.0,506,1351956,0.0149778,True,False,919,607,1,0
shrinking_no_b_decay_r05,shrinking,cost_model_x0.4,248.30036605715384,506,1351956,0.0153643,True,False,936,603,1,0
shrinking_no_b_decay_r05,shrinking,cost_model_x0.5,310.37545757144227,506,1351956,0.0148044,True,False,278,776,1,0
shrinking_no_b_decay_r05,shrinking,cost_model_x0.6,372.4505490857307,506,1351956,0.0137,True,False,1,855,1,0
shrinking_no_b_decay_r1,shrinking,wallclock_timing,,506,5407825,0.05355,True,False,6146,455,3,0
shrinking_no_b_decay_r1,shrinking,constant_250,250.0,506,5407825,0.0507652,True,False,5254,565,1,0
shrinking_no_b_decay_r1,shrinking,cost_model_x0.4,266.2028483816863,506,5407825,0.0490756,True,False,4989,605,1,0
shrinking_no_b_decay_r1,shrinking,cost_model_x0.5,332.75356047710784,506,5407825,0.0484788,True,False,3983,771,1,0
shrinking_no_b_decay_r1,shrinking,cost_model_x0.6,399.3042725725294,506,5407825,0.0483585,True,False,3087,942,1,0
shrinking_no_b_decay_r2,shrinking,wallclock_timing,,506,21631301,0.1653446,True,False,20124,302,9,0
shrinking_no_b_decay_r2,shrinking,constant_250,250.0,506,21631301,0.1638866,True,False,15915,544,1,0
shrinking_no_b_decay_r2,shrinking,cost_model_x0.4,297.56212599359094,506,21631301,0.1602656,True,False,14611,652,1,0
shrinking_no_b_decay_r2,shrinking,cost_model_x0.5,371.95265749198865,506,21631301,0.1309808,True,False,12899,824,1,0
shrinking_no_b_decay_r2,shrinking,cost_model_x0.6,446.34318899038635,506,21631301,0.1305091,True,False,11431,999,1,0
shrinking_split_b_decay_r05,shrinking,wallclock_timing,,506,263766,0.013687,True,False,2103,2,2,0
shrinking_split_b_decay_r05,shrinking,constant_250,250.0,506,263766,0.0067197,True,False,1,1022,1,0
shrinking_split_b_decay_r05,shrinking,cost_model_x0.4,197.73347427612777,506,263766,0.0075242,True,False,432,816,1,0
shrinking_split_b_decay_r05,shrinking,cost_model_x0.5,247.1668428451597,506,263766,0.0068726,True,False,9,1026,1,0
shrinking_split_b_decay_r05,shrinking,cost_model_x0.6,296.6002114141916,506,263766,0.0070172,True,False,1,1022,1,0
shrinking_split_b_decay_r1,shrinking,wallclock_timing,,506,1055067,0.029375,True,False,4168,2,2,0
shrinking_split_b_decay_r1,shrinking,constant_250,250.0,506,1055067,0.0223705,True,False,2101,1028,1,0
shrinking_split_b_decay_r1,shrinking,cost_model_x0.4,208.5700389576839,506,1055067,0.0218776,True,False,2460,859,1,0
shrinking_split_b_decay_r1,shrinking,cost_model_x0.5,260.71254869710486,506,1055067,0.0210738,True,False,2009,1070,1,0
shrinking_split_b_decay_r1,shrinking,cost_model_x0.6,312.85505843652584,506,1055067,0.023435,True,False,1562,1291,1,0
shrinking_split_b_decay_r2,shrinking,wallclock_timing,,506,4220269,0.0577713,True,False,8433,2,2,0
shrinking_split_b_decay_r2,shrinking,constant_250,250.0,506,4220269,0.0529483,True,False,6330,1012,1,0
shrinking_split_b_decay_r2,shrinking,cost_model_x0.4,226.8836600842692,506,4220269,0.0596452,True,False,6540,919,1,0
shrinking_split_b_decay_r2,shrinking,cost_model_x0.5,283.6045751053365,506,4220269,0.0600795,True,False,6028,1154,1,0
shrinking_split_b_decay_r2,shrinking,cost_model_x0.6,340.3254901264038,506,4220269,0.0608918,True,False,5557,1386,1,0
shrinking_b_decay_channels_1_r05,branch_count,wallclock_timing,,506,348245,0.0171332,True,False,2431,2,2,0
shrinking_b_decay_channels_1_r05,branch_count,constant_250,250.0,506,348245,0.0093808,True,False,303,1035,1,0
shrinking_b_decay_channels_1_r05,branch_count,cost_model_x0.4,217.74580841166699,506,348245,0.0101822,True,False,580,899,1,0
shrinking_b_decay_channels_1_r05,branch_count,cost_model_x0.5,272.18226051458373,506,348245,0.0095432,True,False,121,1125,1,0
shrinking_b_decay_channels_1_r05,branch_count,cost_model_x0.6,326.6187126175005,506,348245,0.0096899,True,False,1,1183,1,0
shrinking_b_decay_channels_1_r1,branch_count,wallclock_timing,,506,1392983,0.0336438,True,False,4878,2,2,0
shrinking_b_decay_channels_1_r1,branch_count,constant_250,250.0,506,1392983,0.0268414,True,False,2723,1026,1,0
shrinking_b_decay_channels_1_r1,branch_count,cost_model_x0.4,231.35984415599106,506,1392983,0.0283882,True,False,2882,951,1,0
shrinking_b_decay_channels_1_r1,branch_count,cost_model_x0.5,289.1998051949888,506,1392983,0.0255223,True,False,2380,1187,1,0
shrinking_b_decay_channels_1_r1,branch_count,cost_model_x0.6,347.03976623398654,506,1392983,0.0281752,True,False,1907,1429,1,0
shrinking_b_decay_channels_1_r2,branch_count,wallclock_timing,,506,5571934,0.0687616,True,False,9687,4,4,0
shrinking_b_decay_channels_1_r2,branch_count,constant_250,250.0,506,5571934,0.0599821,True,False,7634,1011,1,0
shrinking_b_decay_channels_1_r2,branch_count,cost_model_x0.4,254.7609362600336,506,5571934,0.0569264,True,False,7593,1030,1,0
shrinking_b_decay_channels_1_r2,branch_count,cost_model_x0.5,318.45117032504197,506,5571934,0.0575048,True,False,7061,1296,1,0
shrinking_b_decay_channels_1_r2,branch_count,cost_model_x0.6,382.14140439005035,506,5571934,0.0573519,True,False,6512,1556,1,0
shrinking_b_decay_channels_2_r05,branch_count,wallclock_timing,,506,269330,0.0128525,True,False,2137,2,2,0
shrinking_b_decay_channels_2_r05,branch_count,constant_250,250.0,506,269330,0.007126,True,False,8,1038,1,0
shrinking_b_decay_channels_2_r05,branch_count,cost_model_x0.4,197.86253566399938,506,269330,0.0077363,True,False,462,822,1,0
shrinking_b_decay_channels_2_r05,branch_count,cost_model_x0.5,247.3281695799992,506,269330,0.0073971,True,False,36,1026,1,0
shrinking_b_decay_channels_2_r05,branch_count,cost_model_x0.6,296.79380349599904,506,269330,0.0073257,True,False,1,1038,1,0
shrinking_b_decay_channels_2_r1,branch_count,wallclock_timing,,506,1077322,0.0223143,True,False,1114,1514,3,0
shrinking_b_decay_channels_2_r1,branch_count,constant_250,250.0,506,1077322,0.021217,True,False,2150,1034,1,0
shrinking_b_decay_channels_2_r1,branch_count,cost_model_x0.4,208.77751822970205,506,1077322,0.0217374,True,False,2507,854,1,0
shrinking_b_decay_channels_2_r1,branch_count,cost_model_x0.5,260.97189778712755,506,1077322,0.021482,True,False,2053,1073,1,0
shrinking_b_decay_channels_2_r1,branch_count,cost_model_x0.6,313.16627734455307,506,1077322,0.021564,True,False,1595,1294,1,0
shrinking_b_decay_channels_2_r2,branch_count,wallclock_timing,,506,4309289,0.0583345,True,False,8461,7,6,0
shrinking_b_decay_channels_2_r2,branch_count,constant_250,250.0,506,4309289,0.0508174,True,False,6453,1013,1,0
shrinking_b_decay_channels_2_r2,branch_count,cost_model_x0.4,227.2480335305428,506,4309289,0.0537032,True,False,6638,915,1,0
shrinking_b_decay_channels_2_r2,branch_count,cost_model_x0.5,284.0600419131785,506,4309289,0.0511045,True,False,6165,1157,1,0
shrinking_b_decay_channels_2_r2,branch_count,cost_model_x0.6,340.8720502958142,506,4309289,0.0556291,True,False,5677,1388,1,0
shrinking_b_decay_channels_4_r05,branch_count,wallclock_timing,,506,199588,0.0114508,True,False,1815,2,2,0
shrinking_b_decay_channels_4_r05,branch_count,constant_250,250.0,506,199588,0.0066162,True,False,1,894,1,0
shrinking_b_decay_channels_4_r05,branch_count,cost_model_x0.4,171.04577082163632,506,199588,0.007788,True,False,377,713,1,0
shrinking_b_decay_channels_4_r05,branch_count,cost_model_x0.5,213.80721352704538,506,199588,0.0063434,True,False,19,886,1,0
shrinking_b_decay_channels_4_r05,branch_count,cost_model_x0.6,256.56865623245443,506,199588,0.0064766,True,False,1,894,1,0
shrinking_b_decay_channels_4_r1,branch_count,wallclock_timing,,506,798355,0.0245429,True,False,3655,2,2,0
shrinking_b_decay_channels_4_r1,branch_count,constant_250,250.0,506,798355,0.0199915,True,False,1578,1031,1,0
shrinking_b_decay_channels_4_r1,branch_count,cost_model_x0.4,178.97264496822606,506,798355,0.0196911,True,False,2171,734,1,0
shrinking_b_decay_channels_4_r1,branch_count,cost_model_x0.5,223.71580621028255,506,798355,0.0197269,True,False,1791,919,1,0
shrinking_b_decay_channels_4_r1,branch_count,cost_model_x0.6,268.45896745233904,506,798355,0.0218102,True,False,1424,1104,1,0
shrinking_b_decay_channels_4_r2,branch_count,wallclock_timing,,506,3193421,0.0545391,True,False,7393,2,2,0
shrinking_b_decay_channels_4_r2,branch_count,constant_250,250.0,506,3193421,0.0469934,True,False,5247,1021,1,0
shrinking_b_decay_channels_4_r2,branch_count,cost_model_x0.4,192.1265034016568,506,3193421,0.0494246,True,False,5749,780,1,0
shrinking_b_decay_channels_4_r2,branch_count,cost_model_x0.5,240.15812925207098,506,3193421,0.0465566,True,False,5336,976,1,0
shrinking_b_decay_channels_4_r2,branch_count,cost_model_x0.6,288.18975510248515,506,3193421,0.0494867,True,False,4925,1175,1,0
shrinking_b_decay_channels_8_r05,branch_count,wallclock_timing,,506,86246,0.0081192,True,False,1208,2,2,0
shrinking_b_decay_channels_8_r05,branch_count,constant_250,250.0,506,86246,0.0044844,True,False,1,587,1,0
shrinking_b_decay_channels_8_r05,branch_count,cost_model_x0.4,139.6894619732563,506,86246,0.0044594,True,False,21,583,1,0
shrinking_b_decay_channels_8_r05,branch_count,cost_model_x0.5,174.61182746657036,506,86246,0.0043746,True,False,1,587,1,0
shrinking_b_decay_channels_8_r05,branch_count,cost_model_x0.6,209.53419295988442,506,86246,0.0044459,True,False,1,587,1,0
shrinking_b_decay_channels_8_r1,branch_count,wallclock_timing,,506,344987,0.0173508,True,False,2397,2,2,0
shrinking_b_decay_channels_8_r1,branch_count,constant_250,250.0,506,344987,0.0157621,True,False,294,1036,1,0
shrinking_b_decay_channels_8_r1,branch_count,cost_model_x0.4,144.09519532536,506,344987,0.0155944,True,False,1191,594,1,0
shrinking_b_decay_channels_8_r1,branch_count,cost_model_x0.5,180.1189941567,506,344987,0.0132311,True,False,882,747,1,0
shrinking_b_decay_channels_8_r1,branch_count,cost_model_x0.6,216.14279298804001,506,344987,0.0149504,True,False,579,893,1,0
shrinking_b_decay_channels_8_r2,branch_count,wallclock_timing,,506,1379949,0.0364819,True,False,4830,2,2,0
shrinking_b_decay_channels_8_r2,branch_count,constant_250,250.0,506,1379949,0.0336605,True,False,2654,1026,1,0
shrinking_b_decay_channels_8_r2,branch_count,cost_model_x0.4,150.9680599761456,506,1379949,0.0317646,True,False,3515,618,1,0
shrinking_b_decay_channels_8_r2,branch_count,cost_model_x0.5,188.710074970182,506,1379949,0.032742,True,False,3189,775,1,0
shrinking_b_decay_channels_8_r2,branch_count,cost_model_x0.6,226.4520899642184,506,1379949,0.0326902,True,False,2855,931,1,0
dense_support_q4_r05,dense_support,wallclock_timing,,506,26918558,0.1381305,True,False,9940,455,7,0
dense_support_q4_r05,dense_support,constant_250,250.0,506,26918558,0.1474641,True,False,2570,729,1,0
dense_support_q4_r05,dense_support,cost_model_x0.4,293.2284678964655,506,26918558,0.1568984,True,False,697,825,1,0
dense_support_q4_r05,dense_support,cost_model_x0.5,366.53558487058183,506,26918558,0.1501098,True,False,1,866,1,0
dense_support_q4_r05,dense_support,cost_model_x0.6,439.8427018446982,506,26918558,0.1334807,True,False,1,866,1,0
dense_support_q4_r1,dense_support,wallclock_timing,,506,107674233,0.4536228,True,False,16695,1044,9,0
dense_support_q4_r1,dense_support,constant_250,250.0,506,107674233,0.4208472,True,False,24920,776,1,0
dense_support_q4_r1,dense_support,cost_model_x0.4,313.4088157966551,506,107674233,0.4291361,True,False,17658,972,1,0
dense_support_q4_r1,dense_support,cost_model_x0.5,391.7610197458189,506,107674233,0.4728004,True,False,11276,1189,1,0
dense_support_q4_r1,dense_support,cost_model_x0.6,470.11322369498265,506,107674233,0.4965349,True,False,6547,1385,1,0
dense_support_q6_r05,dense_support,wallclock_timing,,506,14380815,0.1153,True,False,6914,345,7,0
dense_support_q6_r05,dense_support,constant_250,250.0,506,14380815,0.1204168,True,False,1,633,1,0
dense_support_q6_r05,dense_support,cost_model_x0.4,199.88334470424422,506,14380815,0.1116068,True,False,1086,572,1,0
dense_support_q6_r05,dense_support,cost_model_x0.5,249.85418088030528,506,14380815,0.1146169,True,False,1,633,1,0
dense_support_q6_r05,dense_support,cost_model_x0.6,299.82501705636633,506,14380815,0.1172288,True,False,1,633,1,0
dense_support_q6_r1,dense_support,wallclock_timing,,506,57523260,0.3564603,True,False,13564,693,5,0
dense_support_q6_r1,dense_support,constant_250,250.0,506,57523260,0.3691025,True,False,11015,771,1,0
dense_support_q6_r1,dense_support,cost_model_x0.4,209.21892305275935,506,57523260,0.3965807,True,False,14957,652,1,0
dense_support_q6_r1,dense_support,cost_model_x0.5,261.52365381594916,506,57523260,0.3878402,True,False,10088,803,1,0
dense_support_q6_r1,dense_support,cost_model_x0.6,313.82838457913897,506,57523260,0.3872005,True,False,6454,940,1,0
dense_support_q8_r05,dense_support,wallclock_timing,,506,6856452,0.1400667,True,False,13046,82,7,0
dense_support_q8_r05,dense_support,constant_250,250.0,506,6856452,0.0963768,True,False,1,438,1,0
dense_support_q8_r05,dense_support,cost_model_x0.4,144.81867232667844,506,6856452,0.1040054,True,False,478,411,1,0
dense_support_q8_r05,dense_support,cost_model_x0.5,181.02334040834805,506,6856452,0.1122966,True,False,1,438,1,0
dense_support_q8_r05,dense_support,cost_model_x0.6,217.22800849001766,506,6856452,0.109185,True,False,1,438,1,0
dense_support_q8_r1,dense_support,wallclock_timing,,506,27425809,0.3153712,True,False,21769,230,9,0
dense_support_q8_r1,dense_support,constant_250,250.0,506,27425809,0.3383813,True,False,2699,730,1,0
dense_support_q8_r1,dense_support,cost_model_x0.4,149.32476065598868,506,27425809,0.3250866,True,False,9806,465,1,0
dense_support_q8_r1,dense_support,cost_model_x0.5,186.65595081998583,506,27425809,0.3201015,True,False,6468,572,1,0
dense_support_q8_r1,dense_support,cost_model_x0.6,223.98714098398298,506,27425809,0.3230443,True,False,4043,668,1,0
dense_support_q8_r2,dense_support,wallclock_timing,,506,109703238,0.8828424,True,False,55769,280,15,0
dense_support_q8_r2,dense_support,constant_250,250.0,506,109703238,0.8990259,True,False,25460,776,1,0
dense_support_q8_r2,dense_support,cost_model_x0.4,156.47175274866677,506,109703238,0.8788119,True,False,43715,431,1,0
dense_support_q8_r2,dense_support,cost_model_x0.5,195.58969093583346,506,109703238,0.8852451,True,False,34475,585,1,0
dense_support_q8_r2,dense_support,cost_model_x0.6,234.70762912300015,506,109703238,0.9601269,True,False,27681,725,1,0
dense_support_q12_r05,dense_support,wallclock_timing,,506,3266283,0.1041073,True,False,3501,161,7,0
dense_support_q12_r05,dense_support,constant_250,250.0,506,3266283,0.0967679,True,False,1,303,1,0
dense_support_q12_r05,dense_support,cost_model_x0.4,94.54718695994,506,3266283,0.0965622,True,False,555,272,1,0
dense_support_q12_r05,dense_support,cost_model_x0.5,118.183983699925,506,3266283,0.0989139,True,False,1,303,1,0
dense_support_q12_r05,dense_support,cost_model_x0.6,141.82078043990998,506,3266283,0.0959695,True,False,1,303,1,0
dense_support_q12_r1,dense_support,wallclock_timing,,506,13065133,0.2991965,True,False,10910,223,5,0
dense_support_q12_r1,dense_support,constant_250,250.0,506,13065133,0.3900808,True,False,1,604,1,0
dense_support_q12_r1,dense_support,cost_model_x0.4,96.23943076901122,506,13065133,0.3014434,True,False,7500,300,1,0
dense_support_q12_r1,dense_support,cost_model_x0.5,120.29928846126401,506,13065133,0.319173,True,False,5126,372,1,0
dense_support_q12_r1,dense_support,cost_model_x0.6,144.3591461535168,506,13065133,0.3713498,True,False,3413,435,1,0
dense_support_q12_r2,dense_support,wallclock_timing,,506,52260533,0.8803048,True,False,51439,69,15,0
dense_support_q12_r2,dense_support,constant_250,250.0,506,52260533,1.1659782,True,False,9558,768,1,0
dense_support_q12_r2,dense_support,cost_model_x0.4,98.76806323147295,506,52260533,0.8385345,True,False,32856,259,1,0
dense_support_q12_r2,dense_support,cost_model_x0.5,123.46007903934118,506,52260533,0.8631588,True,False,26210,360,1,0
dense_support_q12_r2,dense_support,cost_model_x0.6,148.1520948472094,506,52260533,0.9175277,True,False,21299,452,1,0
collision_o2_g0_n1000000_r05,collision,wallclock_timing,,506,27324219,0.1295399,True,False,6316,577,3,0
collision_o2_g0_n1000000_r05,collision,constant_250,250.0,506,27324219,0.1427,True,False,2674,730,1,0
collision_o2_g0_n1000000_r05,collision,cost_model_x0.4,293.3973660445479,506,27324219,0.1553161,True,False,774,827,1,0
collision_o2_g0_n1000000_r05,collision,cost_model_x0.5,366.74670755568485,506,27324219,0.1632026,True,False,1,873,1,0
collision_o2_g0_n1000000_r05,collision,cost_model_x0.6,440.0960490668218,506,27324219,0.1284138,True,False,1,873,1,0
collision_o2_g0_n1000000_r1,collision,wallclock_timing,,506,109296878,0.4130958,True,False,31693,642,13,0
collision_o2_g0_n1000000_r1,collision,constant_250,250.0,506,109296878,0.4695228,True,False,25352,776,1,0
collision_o2_g0_n1000000_r1,collision,cost_model_x0.4,313.68939549340627,506,109296878,0.4369028,True,False,17975,974,1,0
collision_o2_g0_n1000000_r1,collision,cost_model_x0.5,392.1117443667578,506,109296878,0.4426149,True,False,11542,1191,1,0
collision_o2_g0_n1000000_r1,collision,cost_model_x0.6,470.53409324010937,506,109296878,0.5259666,True,False,6759,1388,1,0
collision_o2_g1_n1000000_r05,collision,wallclock_timing,,506,78960851,0.3753342,True,False,4878,1166,5,0
collision_o2_g1_n1000000_r05,collision,constant_250,250.0,506,78960851,0.4030862,True,False,10827,962,1,0
collision_o2_g1_n1000000_r05,collision,cost_model_x0.4,425.2981894945606,506,78960851,0.4250324,True,False,468,1354,1,0
collision_o2_g1_n1000000_r05,collision,cost_model_x0.5,531.6227368682007,506,78960851,0.3888149,True,False,1,1376,1,0
collision_o2_g1_n1000000_r05,collision,cost_model_x0.6,637.9472842418409,506,78960851,0.4235701,True,False,1,1376,1,0
collision_o2_g2_n1000000_r05,collision,wallclock_timing,,506,102284560,0.5030576,True,False,6265,1244,5,0
collision_o2_g2_n1000000_r05,collision,constant_250,250.0,506,102284560,0.5445136,True,False,11493,1100,1,0
collision_o2_g2_n1000000_r05,collision,cost_model_x0.4,463.39562115304665,506,102284560,0.5279876,True,False,1,1473,1,0
collision_o2_g2_n1000000_r05,collision,cost_model_x0.5,579.2445264413083,506,102284560,0.4983538,True,False,1,1473,1,0
collision_o2_g2_n1000000_r05,collision,cost_model_x0.6,695.0934317295699,506,102284560,0.4982913,True,False,1,1473,1,0
dimerization_r05,dimerization,wallclock_timing,,501,8376953,0.1520242,True,False,422,2449,5,1
dimerization_r05,dimerization,constant_250,250.0,501,8376953,0.164102,True,False,16516,0,0,1
dimerization_r05,dimerization,cost_model_x0.4,352.1857560713393,501,8376953,0.1726946,True,False,16516,0,0,1
dimerization_r05,dimerization,cost_model_x0.5,440.2321950891741,501,8376953,0.1745151,True,False,1,2505,1,1
dimerization_r05,dimerization,cost_model_x0.6,528.2786341070089,501,8376953,0.1517204,True,False,1,2505,1,1
lotka_volterra_r05,lotka_volterra,wallclock_timing,,501,516476,0.6466981,True,False,57714,6840,30,1
lotka_volterra_r05,lotka_volterra,constant_250,250.0,501,516476,0.7570145,True,False,75235,0,0,1
lotka_volterra_r05,lotka_volterra,cost_model_x0.4,299.7336913482398,501,516476,0.6929165,True,False,75235,0,0,1
lotka_volterra_r05,lotka_volterra,cost_model_x0.5,374.66711418529974,501,516476,0.6288191,True,False,48923,11105,7,1
lotka_volterra_r05,lotka_volterra,cost_model_x0.6,449.6005370223597,501,516476,0.6422505,True,False,24749,19863,7,1
shrinking_r05,shrinking,wallclock_timing,,501,414323,0.0169821,True,False,2455,83,4,1
shrinking_r05,shrinking,constant_250,250.0,501,414323,0.010603,True,False,509,1031,1,1
shrinking_r05,shrinking,cost_model_x0.4,219.11363039155117,501,414323,0.0113047,True,False,758,903,1,1
shrinking_r05,shrinking,cost_model_x0.5,273.89203798943896,501,414323,0.0121365,True,False,300,1132,1,1
shrinking_r05,shrinking,cost_model_x0.6,328.67044558732675,501,414323,0.0082851,True,False,1,1287,1,1
shrinking_r1,shrinking,wallclock_timing,,501,1657292,0.0381327,True,False,3518,861,4,1
shrinking_r1,shrinking,constant_250,250.0,501,1657292,0.0281618,True,False,3170,1021,1,1
shrinking_r1,shrinking,cost_model_x0.4,233.61588743640192,501,1657292,0.0256266,True,False,3304,956,1,1
shrinking_r1,shrinking,cost_model_x0.5,292.0198592955024,501,1657292,0.0249261,True,False,2823,1199,1,1
shrinking_r1,shrinking,cost_model_x0.6,350.42383115460285,501,1657292,0.0256398,True,False,2313,1442,1,1
shrinking_r2,shrinking,wallclock_timing,,501,6629170,0.0664284,True,False,10656,4,4,1
shrinking_r2,shrinking,constant_250,250.0,501,6629170,0.0603927,True,False,8490,1007,1,1
shrinking_r2,shrinking,cost_model_x0.4,258.79339145195667,501,6629170,0.0602799,True,False,8415,1046,1,1
shrinking_r2,shrinking,cost_model_x0.5,323.49173931494585,501,6629170,0.0653372,True,False,7858,1315,1,1
shrinking_r2,shrinking,cost_model_x0.6,388.190087177935,501,6629170,0.0632188,True,False,7294,1578,1,1
shrinking_no_b_decay_r05,shrinking,wallclock_timing,,501,1351956,0.0166384,True,False,1929,394,3,1
shrinking_no_b_decay_r05,shrinking,constant_250,250.0,501,1351956,0.0153453,True,False,926,608,1,1
shrinking_no_b_decay_r05,shrinking,cost_model_x0.4,248.30036605715384,501,1351956,0.015207,True,False,945,603,1,1
shrinking_no_b_decay_r05,shrinking,cost_model_x0.5,310.37545757144227,501,1351956,0.013848,True,False,288,775,1,1
shrinking_no_b_decay_r05,shrinking,cost_model_x0.6,372.4505490857307,501,1351956,0.0139546,True,False,1,853,1,1
shrinking_no_b_decay_r1,shrinking,wallclock_timing,,501,5407825,0.1094792,True,False,17011,46,11,1
shrinking_no_b_decay_r1,shrinking,constant_250,250.0,501,5407825,0.0475559,True,False,5232,566,1,1
shrinking_no_b_decay_r1,shrinking,cost_model_x0.4,266.2028483816863,501,5407825,0.0468569,True,False,4957,605,1,1
shrinking_no_b_decay_r1,shrinking,cost_model_x0.5,332.75356047710784,501,5407825,0.0461495,True,False,3932,772,1,1
shrinking_no_b_decay_r1,shrinking,cost_model_x0.6,399.3042725725294,501,5407825,0.0461703,True,False,3040,940,1,1
shrinking_no_b_decay_r2,shrinking,wallclock_timing,,501,21631301,0.1315721,True,False,17245,454,7,1
shrinking_no_b_decay_r2,shrinking,constant_250,250.0,501,21631301,0.131404,True,False,15865,544,1,1
shrinking_no_b_decay_r2,shrinking,cost_model_x0.4,297.56212599359094,501,21631301,0.126202,True,False,14581,651,1,1
shrinking_no_b_decay_r2,shrinking,cost_model_x0.5,371.95265749198865,501,21631301,0.1249463,True,False,12849,825,1,1
shrinking_no_b_decay_r2,shrinking,cost_model_x0.6,446.34318899038635,501,21631301,0.1260515,True,False,11370,999,1,1
shrinking_split_b_decay_r05,shrinking,wallclock_timing,,501,263766,0.0096557,True,False,1153,461,3,1
shrinking_split_b_decay_r05,shrinking,constant_250,250.0,501,263766,0.0063958,True,False,1,1031,1,1
shrinking_split_b_decay_r05,shrinking,cost_model_x0.4,197.73347427612777,501,263766,0.0069422,True,False,432,822,1,1
shrinking_split_b_decay_r05,shrinking,cost_model_x0.5,247.1668428451597,501,263766,0.0066967,True,False,8,1022,1,1
shrinking_split_b_decay_r05,shrinking,cost_model_x0.6,296.6002114141916,501,263766,0.0068351,True,False,1,1031,1,1
shrinking_split_b_decay_r1,shrinking,wallclock_timing,,501,1055067,0.0252296,True,False,4178,2,2,1
shrinking_split_b_decay_r1,shrinking,constant_250,250.0,501,1055067,0.0210093,True,False,2100,1030,1,1
shrinking_split_b_decay_r1,shrinking,cost_model_x0.4,208.5700389576839,501,1055067,0.0207213,True,False,2457,856,1,1
shrinking_split_b_decay_r1,shrinking,cost_model_x0.5,260.71254869710486,501,1055067,0.0209739,True,False,2011,1074,1,1
shrinking_split_b_decay_r1,shrinking,cost_model_x0.6,312.85505843652584,501,1055067,0.0226976,True,False,1572,1286,1,1
shrinking_split_b_decay_r2,shrinking,wallclock_timing,,501,4220269,0.0553973,True,False,8459,4,4,1
shrinking_split_b_decay_r2,shrinking,constant_250,250.0,501,4220269,0.0531235,True,False,6269,1015,1,1
shrinking_split_b_decay_r2,shrinking,cost_model_x0.4,226.8836600842692,501,4220269,0.0513472,True,False,6472,917,1,1
shrinking_split_b_decay_r2,shrinking,cost_model_x0.5,283.6045751053365,501,4220269,0.0547491,True,False,5997,1155,1,1
shrinking_split_b_decay_r2,shrinking,cost_model_x0.6,340.3254901264038,501,4220269,0.0562207,True,False,5528,1386,1,1
shrinking_b_decay_channels_1_r05,branch_count,wallclock_timing,,501,348245,0.0163593,True,False,2446,2,2,1
shrinking_b_decay_channels_1_r05,branch_count,constant_250,250.0,501,348245,0.0088523,True,False,303,1033,1,1
shrinking_b_decay_channels_1_r05,branch_count,cost_model_x0.4,217.74580841166699,501,348245,0.0095493,True,False,578,897,1,1
shrinking_b_decay_channels_1_r05,branch_count,cost_model_x0.5,272.18226051458373,501,348245,0.0087008,True,False,111,1128,1,1
shrinking_b_decay_channels_1_r05,branch_count,cost_model_x0.6,326.6187126175005,501,348245,0.0088941,True,False,1,1181,1,1
shrinking_b_decay_channels_1_r1,branch_count,wallclock_timing,,501,1392983,0.033058,True,False,4797,2,2,1
shrinking_b_decay_channels_1_r1,branch_count,constant_250,250.0,501,1392983,0.0265522,True,False,2716,1026,1,1
shrinking_b_decay_channels_1_r1,branch_count,cost_model_x0.4,231.35984415599106,501,1392983,0.028401,True,False,2862,951,1,1
shrinking_b_decay_channels_1_r1,branch_count,cost_model_x0.5,289.1998051949888,501,1392983,0.0257405,True,False,2391,1190,1,1
shrinking_b_decay_channels_1_r1,branch_count,cost_model_x0.6,347.03976623398654,501,1392983,0.0272104,True,False,1898,1430,1,1
shrinking_b_decay_channels_1_r2,branch_count,wallclock_timing,,501,5571934,0.0706669,True,False,9774,4,4,1
shrinking_b_decay_channels_1_r2,branch_count,constant_250,250.0,501,5571934,0.0611414,True,False,7668,1009,1,1
shrinking_b_decay_channels_1_r2,branch_count,cost_model_x0.4,254.7609362600336,501,5571934,0.0641152,True,False,7627,1029,1,1
shrinking_b_decay_channels_1_r2,branch_count,cost_model_x0.5,318.45117032504197,501,5571934,0.0562865,True,False,7070,1294,1,1
shrinking_b_decay_channels_1_r2,branch_count,cost_model_x0.6,382.14140439005035,501,5571934,0.056934,True,False,6523,1558,1,1
shrinking_b_decay_channels_2_r05,branch_count,wallclock_timing,,501,269330,0.0125987,True,False,2094,2,2,1
shrinking_b_decay_channels_2_r05,branch_count,constant_250,250.0,501,269330,0.0069904,True,False,8,1034,1,1
shrinking_b_decay_channels_2_r05,branch_count,cost_model_x0.4,197.86253566399938,501,269330,0.0077881,True,False,468,821,1,1
shrinking_b_decay_channels_2_r05,branch_count,cost_model_x0.5,247.3281695799992,501,269330,0.0071648,True,False,31,1022,1,1
shrinking_b_decay_channels_2_r05,branch_count,cost_model_x0.6,296.79380349599904,501,269330,0.0069168,True,False,1,1042,1,1
shrinking_b_decay_channels_2_r1,branch_count,wallclock_timing,,501,1077322,0.0268692,True,False,4276,2,2,1
shrinking_b_decay_channels_2_r1,branch_count,constant_250,250.0,501,1077322,0.0215255,True,False,2161,1031,1,1
shrinking_b_decay_channels_2_r1,branch_count,cost_model_x0.4,208.77751822970205,501,1077322,0.0214824,True,False,2524,859,1,1
shrinking_b_decay_channels_2_r1,branch_count,cost_model_x0.5,260.97189778712755,501,1077322,0.0209082,True,False,2067,1073,1,1
shrinking_b_decay_channels_2_r1,branch_count,cost_model_x0.6,313.16627734455307,501,1077322,0.0219632,True,False,1616,1288,1,1
shrinking_b_decay_channels_2_r2,branch_count,wallclock_timing,,501,4309289,0.0562544,True,False,8554,4,4,1
shrinking_b_decay_channels_2_r2,branch_count,constant_250,250.0,501,4309289,0.0627584,True,False,6441,1015,1,1
shrinking_b_decay_channels_2_r2,branch_count,cost_model_x0.4,227.2480335305428,501,4309289,0.0536717,True,False,6636,922,1,1
shrinking_b_decay_channels_2_r2,branch_count,cost_model_x0.5,284.0600419131785,501,4309289,0.054382,True,False,6156,1158,1,1
shrinking_b_decay_channels_2_r2,branch_count,cost_model_x0.6,340.8720502958142,501,4309289,0.0524743,True,False,5679,1392,1,1
shrinking_b_decay_channels_4_r05,branch_count,wallclock_timing,,501,199588,0.0103192,True,False,1199,300,3,1
shrinking_b_decay_channels_4_r05,branch_count,constant_250,250.0,501,199588,0.0063613,True,False,1,895,1,1
shrinking_b_decay_channels_4_r05,branch_count,cost_model_x0.4,171.04577082163632,501,199588,0.0067903,True,False,393,709,1,1
shrinking_b_decay_channels_4_r05,branch_count,cost_model_x0.5,213.80721352704538,501,199588,0.0063096,True,False,16,883,1,1
shrinking_b_decay_channels_4_r05,branch_count,cost_model_x0.6,256.56865623245443,501,199588,0.0069031,True,False,1,895,1,1
shrinking_b_decay_channels_4_r1,branch_count,wallclock_timing,,501,798355,0.0254563,True,False,3647,2,2,1
shrinking_b_decay_channels_4_r1,branch_count,constant_250,250.0,501,798355,0.0196555,True,False,1564,1026,1,1
shrinking_b_decay_channels_4_r1,branch_count,cost_model_x0.4,178.97264496822606,501,798355,0.0196364,True,False,2183,738,1,1
shrinking_b_decay_channels_4_r1,branch_count,cost_model_x0.5,223.71580621028255,501,798355,0.0208097,True,False,1787,921,1,1
shrinking_b_decay_channels_4_r1,branch_count,cost_model_x0.6,268.45896745233904,501,798355,0.0211792,True,False,1401,1106,1,1
shrinking_b_decay_channels_4_r2,branch_count,wallclock_timing,,501,3193421,0.0501035,True,False,7329,2,2,1
shrinking_b_decay_channels_4_r2,branch_count,constant_250,250.0,501,3193421,0.0468326,True,False,5192,1022,1,1
shrinking_b_decay_channels_4_r2,branch_count,cost_model_x0.4,192.1265034016568,501,3193421,0.0463213,True,False,5686,777,1,1
shrinking_b_decay_channels_4_r2,branch_count,cost_model_x0.5,240.15812925207098,501,3193421,0.0455657,True,False,5275,979,1,1
shrinking_b_decay_channels_4_r2,branch_count,cost_model_x0.6,288.18975510248515,501,3193421,0.046968,True,False,4864,1178,1,1
shrinking_b_decay_channels_8_r05,branch_count,wallclock_timing,,501,86246,0.008078,True,False,1188,2,2,1
shrinking_b_decay_channels_8_r05,branch_count,constant_250,250.0,501,86246,0.004243,True,False,1,593,1,1
shrinking_b_decay_channels_8_r05,branch_count,cost_model_x0.4,139.6894619732563,501,86246,0.0050342,True,False,18,578,1,1
shrinking_b_decay_channels_8_r05,branch_count,cost_model_x0.5,174.61182746657036,501,86246,0.0039066,True,False,1,593,1,1
shrinking_b_decay_channels_8_r05,branch_count,cost_model_x0.6,209.53419295988442,501,86246,0.004177,True,False,1,593,1,1
shrinking_b_decay_channels_8_r1,branch_count,wallclock_timing,,501,344987,0.0168612,True,False,2369,2,2,1
shrinking_b_decay_channels_8_r1,branch_count,constant_250,250.0,501,344987,0.0149941,True,False,289,1037,1,1
shrinking_b_decay_channels_8_r1,branch_count,cost_model_x0.4,144.09519532536,501,344987,0.0128019,True,False,1175,592,1,1
shrinking_b_decay_channels_8_r1,branch_count,cost_model_x0.5,180.1189941567,501,344987,0.012942,True,False,880,747,1,1
shrinking_b_decay_channels_8_r1,branch_count,cost_model_x0.6,216.14279298804001,501,344987,0.0133537,True,False,571,891,1,1
shrinking_b_decay_channels_8_r2,branch_count,wallclock_timing,,501,1379949,0.0366041,True,False,4903,2,2,1
shrinking_b_decay_channels_8_r2,branch_count,constant_250,250.0,501,1379949,0.0350068,True,False,2740,1025,1,1
shrinking_b_decay_channels_8_r2,branch_count,cost_model_x0.4,150.9680599761456,501,1379949,0.0327627,True,False,3610,619,1,1
shrinking_b_decay_channels_8_r2,branch_count,cost_model_x0.5,188.710074970182,501,1379949,0.0325144,True,False,3281,774,1,1
shrinking_b_decay_channels_8_r2,branch_count,cost_model_x0.6,226.4520899642184,501,1379949,0.0324638,True,False,2951,933,1,1
dense_support_q4_r05,dense_support,wallclock_timing,,501,26918558,0.1237321,True,False,3094,703,3,1
dense_support_q4_r05,dense_support,constant_250,250.0,501,26918558,0.1260865,True,False,2535,729,1,1
dense_support_q4_r05,dense_support,cost_model_x0.4,293.2284678964655,501,26918558,0.1422908,True,False,712,825,1,1
dense_support_q4_r05,dense_support,cost_model_x0.5,366.53558487058183,501,26918558,0.1505885,True,False,1,866,1,1
dense_support_q4_r05,dense_support,cost_model_x0.6,439.8427018446982,501,26918558,0.151349,True,False,1,866,1,1
dense_support_q4_r1,dense_support,wallclock_timing,,501,107674233,0.4111309,True,False,21404,872,9,1
dense_support_q4_r1,dense_support,constant_250,250.0,501,107674233,0.414112,True,False,25084,776,1,1
dense_support_q4_r1,dense_support,cost_model_x0.4,313.4088157966551,501,107674233,0.4198111,True,False,17767,973,1,1
dense_support_q4_r1,dense_support,cost_model_x0.5,391.7610197458189,501,107674233,0.4342662,True,False,11321,1189,1,1
dense_support_q4_r1,dense_support,cost_model_x0.6,470.11322369498265,501,107674233,0.4657532,True,False,6607,1386,1,1
dense_support_q6_r05,dense_support,wallclock_timing,,501,14380815,0.1227648,True,False,2893,486,5,1
dense_support_q6_r05,dense_support,constant_250,250.0,501,14380815,0.1281707,True,False,1,634,1,1
dense_support_q6_r05,dense_support,cost_model_x0.4,199.88334470424422,501,14380815,0.1261614,True,False,1102,572,1,1
dense_support_q6_r05,dense_support,cost_model_x0.5,249.85418088030528,501,14380815,0.1141915,True,False,1,634,1,1
dense_support_q6_r05,dense_support,cost_model_x0.6,299.82501705636633,501,14380815,0.1094764,True,False,1,634,1,1
dense_support_q6_r1,dense_support,wallclock_timing,,501,57523260,0.3571295,True,False,30007,343,9,1
dense_support_q6_r1,dense_support,constant_250,250.0,501,57523260,0.3593783,True,False,11061,771,1,1
dense_support_q6_r1,dense_support,cost_model_x0.4,209.21892305275935,501,57523260,0.3554392,True,False,15017,651,1,1
dense_support_q6_r1,dense_support,cost_model_x0.5,261.52365381594916,501,57523260,0.4153711,True,False,10120,803,1,1
dense_support_q6_r1,dense_support,cost_model_x0.6,313.82838457913897,501,57523260,0.3873511,True,False,6512,940,1,1
dense_support_q8_r05,dense_support,wallclock_timing,,501,6856452,0.1614199,True,False,17136,39,7,1
dense_support_q8_r05,dense_support,constant_250,250.0,501,6856452,0.0931414,True,False,1,438,1,1
dense_support_q8_r05,dense_support,cost_model_x0.4,144.81867232667844,501,6856452,0.0898086,True,False,480,411,1,1
dense_support_q8_r05,dense_support,cost_model_x0.5,181.02334040834805,501,6856452,0.0897863,True,False,1,438,1,1
dense_support_q8_r05,dense_support,cost_model_x0.6,217.22800849001766,501,6856452,0.0919461,True,False,1,438,1,1
dense_support_q8_r1,dense_support,wallclock_timing,,501,27425809,0.3677843,True,False,27179,175,11,1
dense_support_q8_r1,dense_support,constant_250,250.0,501,27425809,0.332765,True,False,2672,730,1,1
dense_support_q8_r1,dense_support,cost_model_x0.4,149.32476065598868,501,27425809,0.2835017,True,False,9857,465,1,1
dense_support_q8_r1,dense_support,cost_model_x0.5,186.65595081998583,501,27425809,0.3373044,True,False,6525,572,1,1
dense_support_q8_r1,dense_support,cost_model_x0.6,223.98714098398298,501,27425809,0.3352686,True,False,4059,668,1,1
dense_support_q8_r2,dense_support,wallclock_timing,,501,109703238,0.989973,True,False,38413,720,13,1
dense_support_q8_r2,dense_support,constant_250,250.0,501,109703238,0.9577575,True,False,25623,776,1,1
dense_support_q8_r2,dense_support,cost_model_x0.4,156.47175274866677,501,109703238,0.8172587,True,False,43804,431,1,1
dense_support_q8_r2,dense_support,cost_model_x0.5,195.58969093583346,501,109703238,0.8856691,True,False,34636,585,1,1
dense_support_q8_r2,dense_support,cost_model_x0.6,234.70762912300015,501,109703238,0.8890319,True,False,27805,724,1,1
dense_support_q12_r05,dense_support,wallclock_timing,,501,3266283,0.1038596,True,False,4810,126,3,1
dense_support_q12_r05,dense_support,constant_250,250.0,501,3266283,0.095159,True,False,1,303,1,1
dense_support_q12_r05,dense_support,cost_model_x0.4,94.54718695994,501,3266283,0.0920047,True,False,556,272,1,1
dense_support_q12_r05,dense_support,cost_model_x0.5,118.183983699925,501,3266283,0.0946417,True,False,1,303,1,1
dense_support_q12_r05,dense_support,cost_model_x0.6,141.82078043990998,501,3266283,0.0950433,True,False,1,303,1,1
dense_support_q12_r1,dense_support,wallclock_timing,,501,13065133,0.3021153,True,False,6051,345,3,1
dense_support_q12_r1,dense_support,constant_250,250.0,501,13065133,0.4206545,True,False,1,604,1,1
dense_support_q12_r1,dense_support,cost_model_x0.4,96.23943076901122,501,13065133,0.2928872,True,False,7563,300,1,1
dense_support_q12_r1,dense_support,cost_model_x0.5,120.29928846126401,501,13065133,0.3160065,True,False,5178,372,1,1
dense_support_q12_r1,dense_support,cost_model_x0.6,144.3591461535168,501,13065133,0.3539887,True,False,3421,436,1,1
dense_support_q12_r2,dense_support,wallclock_timing,,501,52260533,0.8364335,True,False,44233,134,13,1
dense_support_q12_r2,dense_support,constant_250,250.0,501,52260533,1.1576055,True,False,9599,767,1,1
dense_support_q12_r2,dense_support,cost_model_x0.4,98.76806323147295,501,52260533,0.8141085,True,False,33037,258,1,1
dense_support_q12_r2,dense_support,cost_model_x0.5,123.46007903934118,501,52260533,0.8344774,True,False,26383,360,1,1
dense_support_q12_r2,dense_support,cost_model_x0.6,148.1520948472094,501,52260533,0.8863826,True,False,21443,452,1,1
collision_o2_g0_n1000000_r05,collision,wallclock_timing,,501,27324219,0.1226393,True,False,4131,664,3,1
collision_o2_g0_n1000000_r05,collision,constant_250,250.0,501,27324219,0.126563,True,False,2645,730,1,1
collision_o2_g0_n1000000_r05,collision,cost_model_x0.4,293.3973660445479,501,27324219,0.1321929,True,False,800,827,1,1
collision_o2_g0_n1000000_r05,collision,cost_model_x0.5,366.74670755568485,501,27324219,0.1409131,True,False,1,873,1,1
collision_o2_g0_n1000000_r05,collision,cost_model_x0.6,440.0960490668218,501,27324219,0.1486318,True,False,1,873,1,1
collision_o2_g0_n1000000_r1,collision,wallclock_timing,,501,109296878,0.448462,True,False,16643,1020,7,1
collision_o2_g0_n1000000_r1,collision,constant_250,250.0,501,109296878,0.4165169,True,False,25511,776,1,1
collision_o2_g0_n1000000_r1,collision,cost_model_x0.4,313.68939549340627,501,109296878,0.4175966,True,False,18109,974,1,1
collision_o2_g0_n1000000_r1,collision,cost_model_x0.5,392.1117443667578,501,109296878,0.457013,True,False,11590,1191,1,1
collision_o2_g0_n1000000_r1,collision,cost_model_x0.6,470.53409324010937,501,109296878,0.4966907,True,False,6833,1388,1,1
collision_o2_g1_n1000000_r05,collision,wallclock_timing,,501,78960851,0.3899188,True,False,12954,914,5,1
collision_o2_g1_n1000000_r05,collision,constant_250,250.0,501,78960851,0.423189,True,False,10901,962,1,1
collision_o2_g1_n1000000_r05,collision,cost_model_x0.4,425.2981894945606,501,78960851,0.3865333,True,False,467,1353,1,1
collision_o2_g1_n1000000_r05,collision,cost_model_x0.5,531.6227368682007,501,78960851,0.3904942,True,False,1,1376,1,1
collision_o2_g1_n1000000_r05,collision,cost_model_x0.6,637.9472842418409,501,78960851,0.4161378,True,False,1,1376,1,1
collision_o2_g2_n1000000_r05,collision,wallclock_timing,,501,102284560,0.5032479,True,False,6968,1248,5,1
collision_o2_g2_n1000000_r05,collision,constant_250,250.0,501,102284560,0.5169512,True,False,11534,1100,1,1
collision_o2_g2_n1000000_r05,collision,cost_model_x0.4,463.39562115304665,501,102284560,0.5449815,True,False,1,1473,1,1
collision_o2_g2_n1000000_r05,collision,cost_model_x0.5,579.2445264413083,501,102284560,0.4849236,True,False,1,1473,1,1
collision_o2_g2_n1000000_r05,collision,cost_model_x0.6,695.0934317295699,501,102284560,0.5460228,True,False,1,1473,1,1
dimerization_r05,dimerization,wallclock_timing,,502,8376953,0.160135,True,False,16481,6,6,1
dimerization_r05,dimerization,constant_250,250.0,502,8376953,0.1515513,True,False,16398,0,0,1
dimerization_r05,dimerization,cost_model_x0.4,352.1857560713393,502,8376953,0.1530023,True,False,16398,0,0,1
dimerization_r05,dimerization,cost_model_x0.5,440.2321950891741,502,8376953,0.1541683,True,False,1,2505,1,1
dimerization_r05,dimerization,cost_model_x0.6,528.2786341070089,502,8376953,0.1508996,True,False,1,2505,1,1
lotka_volterra_r05,lotka_volterra,wallclock_timing,,502,516476,0.7221562,True,False,61820,5198,29,1
lotka_volterra_r05,lotka_volterra,constant_250,250.0,502,516476,0.7189403,True,False,75683,0,0,1
lotka_volterra_r05,lotka_volterra,cost_model_x0.4,299.7336913482398,502,516476,0.7099273,True,False,75683,0,0,1
lotka_volterra_r05,lotka_volterra,cost_model_x0.5,374.66711418529974,502,516476,0.6596384,True,False,49226,11084,7,1
lotka_volterra_r05,lotka_volterra,cost_model_x0.6,449.6005370223597,502,516476,0.5978109,True,False,24701,19915,7,1
shrinking_r05,shrinking,wallclock_timing,,502,414323,0.0160524,True,False,2646,2,2,1
shrinking_r05,shrinking,constant_250,250.0,502,414323,0.0092386,True,False,533,1032,1,1
shrinking_r05,shrinking,cost_model_x0.4,219.11363039155117,502,414323,0.0103653,True,False,791,909,1,1
shrinking_r05,shrinking,cost_model_x0.5,273.89203798943896,502,414323,0.0089334,True,False,318,1136,1,1
shrinking_r05,shrinking,cost_model_x0.6,328.67044558732675,502,414323,0.0092075,True,False,1,1285,1,1
shrinking_r1,shrinking,wallclock_timing,,502,1657292,0.0312011,True,False,5271,2,2,1
shrinking_r1,shrinking,constant_250,250.0,502,1657292,0.0264194,True,False,3171,1023,1,1
shrinking_r1,shrinking,cost_model_x0.4,233.61588743640192,502,1657292,0.0258448,True,False,3313,958,1,1
shrinking_r1,shrinking,cost_model_x0.5,292.0198592955024,502,1657292,0.0270257,True,False,2805,1202,1,1
shrinking_r1,shrinking,cost_model_x0.6,350.42383115460285,502,1657292,0.0280998,True,False,2314,1443,1,1
shrinking_r2,shrinking,wallclock_timing,,502,6629170,0.0650937,True,False,10617,4,4,1
shrinking_r2,shrinking,constant_250,250.0,502,6629170,0.0596425,True,False,8537,1007,1,1
shrinking_r2,shrinking,cost_model_x0.4,258.79339145195667,502,6629170,0.0606543,True,False,8458,1045,1,1
shrinking_r2,shrinking,cost_model_x0.5,323.49173931494585,502,6629170,0.062136,True,False,7907,1315,1,1
shrinking_r2,shrinking,cost_model_x0.6,388.190087177935,502,6629170,0.0635803,True,False,7344,1588,1,1
shrinking_no_b_decay_r05,shrinking,wallclock_timing,,502,1351956,0.0508866,True,False,8439,20,5,1
shrinking_no_b_decay_r05,shrinking,constant_250,250.0,502,1351956,0.0151057,True,False,903,608,1,1
shrinking_no_b_decay_r05,shrinking,cost_model_x0.4,248.30036605715384,502,1351956,0.0154603,True,False,922,602,1,1
shrinking_no_b_decay_r05,shrinking,cost_model_x0.5,310.37545757144227,502,1351956,0.0145145,True,False,265,777,1,1
shrinking_no_b_decay_r05,shrinking,cost_model_x0.6,372.4505490857307,502,1351956,0.0143938,True,False,1,855,1,1
shrinking_no_b_decay_r1,shrinking,wallclock_timing,,502,5407825,0.0505346,True,False,2452,1069,3,1
shrinking_no_b_decay_r1,shrinking,constant_250,250.0,502,5407825,0.0521449,True,False,5177,567,1,1
shrinking_no_b_decay_r1,shrinking,cost_model_x0.4,266.2028483816863,502,5407825,0.0522187,True,False,4909,605,1,1
shrinking_no_b_decay_r1,shrinking,cost_model_x0.5,332.75356047710784,502,5407825,0.0548136,True,False,3942,770,1,1
shrinking_no_b_decay_r1,shrinking,cost_model_x0.6,399.3042725725294,502,5407825,0.0540823,True,False,3042,941,1,1
shrinking_no_b_decay_r2,shrinking,wallclock_timing,,502,21631301,0.1434346,True,False,10244,1163,5,1
shrinking_no_b_decay_r2,shrinking,constant_250,250.0,502,21631301,0.1227877,True,False,15695,544,1,1
shrinking_no_b_decay_r2,shrinking,cost_model_x0.4,297.56212599359094,502,21631301,0.1270331,True,False,14447,651,1,1
shrinking_no_b_decay_r2,shrinking,cost_model_x0.5,371.95265749198865,502,21631301,0.1226844,True,False,12759,824,1,1
shrinking_no_b_decay_r2,shrinking,cost_model_x0.6,446.34318899038635,502,21631301,0.1255852,True,False,11331,999,1,1
shrinking_split_b_decay_r05,shrinking,wallclock_timing,,502,263766,0.0130068,True,False,2130,2,2,1
shrinking_split_b_decay_r05,shrinking,constant_250,250.0,502,263766,0.0066546,True,False,1,1021,1,1
shrinking_split_b_decay_r05,shrinking,cost_model_x0.4,197.73347427612777,502,263766,0.0069599,True,False,419,824,1,1
shrinking_split_b_decay_r05,shrinking,cost_model_x0.5,247.1668428451597,502,263766,0.0067173,True,False,9,1026,1,1
shrinking_split_b_decay_r05,shrinking,cost_model_x0.6,296.6002114141916,502,263766,0.0065868,True,False,1,1021,1,1
shrinking_split_b_decay_r1,shrinking,wallclock_timing,,502,1055067,0.0276041,True,False,4188,2,2,1
shrinking_split_b_decay_r1,shrinking,constant_250,250.0,502,1055067,0.0197895,True,False,2069,1028,1,1
shrinking_split_b_decay_r1,shrinking,cost_model_x0.4,208.5700389576839,502,1055067,0.0202677,True,False,2433,859,1,1
shrinking_split_b_decay_r1,shrinking,cost_model_x0.5,260.71254869710486,502,1055067,0.0206188,True,False,1982,1076,1,1
shrinking_split_b_decay_r1,shrinking,cost_model_x0.6,312.85505843652584,502,1055067,0.0202055,True,False,1540,1296,1,1
shrinking_split_b_decay_r2,shrinking,wallclock_timing,,502,4220269,0.0552478,True,False,8462,4,4,1
shrinking_split_b_decay_r2,shrinking,constant_250,250.0,502,4220269,0.0513217,True,False,6382,1016,1,1
shrinking_split_b_decay_r2,shrinking,cost_model_x0.4,226.8836600842692,502,4220269,0.0494034,True,False,6571,919,1,1
shrinking_split_b_decay_r2,shrinking,cost_model_x0.5,283.6045751053365,502,4220269,0.0506022,True,False,6099,1155,1,1
shrinking_split_b_decay_r2,shrinking,cost_model_x0.6,340.3254901264038,502,4220269,0.0484108,True,False,5613,1390,1,1
shrinking_b_decay_channels_1_r05,branch_count,wallclock_timing,,502,348245,0.013427,True,False,2360,2,2,1
shrinking_b_decay_channels_1_r05,branch_count,constant_250,250.0,502,348245,0.007952,True,False,295,1034,1,1
shrinking_b_decay_channels_1_r05,branch_count,cost_model_x0.4,217.74580841166699,502,348245,0.009329,True,False,582,899,1,1
shrinking_b_decay_channels_1_r05,branch_count,cost_model_x0.5,272.18226051458373,502,348245,0.0077281,True,False,111,1125,1,1
shrinking_b_decay_channels_1_r05,branch_count,cost_model_x0.6,326.6187126175005,502,348245,0.0077085,True,False,1,1176,1,1
shrinking_b_decay_channels_1_r1,branch_count,wallclock_timing,,502,1392983,0.0287109,True,False,4846,2,2,1
shrinking_b_decay_channels_1_r1,branch_count,constant_250,250.0,502,1392983,0.0231142,True,False,2709,1025,1,1
shrinking_b_decay_channels_1_r1,branch_count,cost_model_x0.4,231.35984415599106,502,1392983,0.0240599,True,False,2867,950,1,1
shrinking_b_decay_channels_1_r1,branch_count,cost_model_x0.5,289.1998051949888,502,1392983,0.0224807,True,False,2384,1190,1,1
shrinking_b_decay_channels_1_r1,branch_count,cost_model_x0.6,347.03976623398654,502,1392983,0.0233505,True,False,1902,1427,1,1
shrinking_b_decay_channels_1_r2,branch_count,wallclock_timing,,502,5571934,0.0625167,True,False,9715,4,4,1
shrinking_b_decay_channels_1_r2,branch_count,constant_250,250.0,502,5571934,0.0545614,True,False,7607,1010,1,1
shrinking_b_decay_channels_1_r2,branch_count,cost_model_x0.4,254.7609362600336,502,5571934,0.0543723,True,False,7565,1032,1,1
shrinking_b_decay_channels_1_r2,branch_count,cost_model_x0.5,318.45117032504197,502,5571934,0.0553705,True,False,7036,1296,1,1
shrinking_b_decay_channels_1_r2,branch_count,cost_model_x0.6,382.14140439005035,502,5571934,0.0564558,True,False,6509,1561,1,1
shrinking_b_decay_channels_2_r05,branch_count,wallclock_timing,,502,269330,0.013073,True,False,2088,2,2,1
shrinking_b_decay_channels_2_r05,branch_count,constant_250,250.0,502,269330,0.0066424,True,False,7,1036,1,1
shrinking_b_decay_channels_2_r05,branch_count,cost_model_x0.4,197.86253566399938,502,269330,0.0081317,True,False,450,822,1,1
shrinking_b_decay_channels_2_r05,branch_count,cost_model_x0.5,247.3281695799992,502,269330,0.0066967,True,False,33,1024,1,1
shrinking_b_decay_channels_2_r05,branch_count,cost_model_x0.6,296.79380349599904,502,269330,0.0069213,True,False,1,1037,1,1
shrinking_b_decay_channels_2_r1,branch_count,wallclock_timing,,502,1077322,0.0258467,True,False,4242,2,2,1
shrinking_b_decay_channels_2_r1,branch_count,constant_250,250.0,502,1077322,0.0199948,True,False,2094,1026,1,1
shrinking_b_decay_channels_2_r1,branch_count,cost_model_x0.4,208.77751822970205,502,1077322,0.0204238,True,False,2435,860,1,1
shrinking_b_decay_channels_2_r1,branch_count,cost_model_x0.5,260.97189778712755,502,1077322,0.0202343,True,False,2009,1073,1,1
shrinking_b_decay_channels_2_r1,branch_count,cost_model_x0.6,313.16627734455307,502,1077322,0.0203638,True,False,1582,1290,1,1
shrinking_b_decay_channels_2_r2,branch_count,wallclock_timing,,502,4309289,0.0530557,True,False,8523,4,4,1
shrinking_b_decay_channels_2_r2,branch_count,constant_250,250.0,502,4309289,0.0500375,True,False,6416,1018,1,1
shrinking_b_decay_channels_2_r2,branch_count,cost_model_x0.4,227.2480335305428,502,4309289,0.0536815,True,False,6634,915,1,1
shrinking_b_decay_channels_2_r2,branch_count,cost_model_x0.5,284.0600419131785,502,4309289,0.0545812,True,False,6132,1156,1,1
shrinking_b_decay_channels_2_r2,branch_count,cost_model_x0.6,340.8720502958142,502,4309289,0.0565578,True,False,5662,1395,1,1
shrinking_b_decay_channels_4_r05,branch_count,wallclock_timing,,502,199588,0.0079129,True,False,551,627,3,1
shrinking_b_decay_channels_4_r05,branch_count,constant_250,250.0,502,199588,0.0071684,True,False,1,898,1,1
shrinking_b_decay_channels_4_r05,branch_count,cost_model_x0.4,171.04577082163632,502,199588,0.0087245,True,False,377,711,1,1
shrinking_b_decay_channels_4_r05,branch_count,cost_model_x0.5,213.80721352704538,502,199588,0.0068628,True,False,16,890,1,1
shrinking_b_decay_channels_4_r05,branch_count,cost_model_x0.6,256.56865623245443,502,199588,0.0072674,True,False,1,898,1,1
shrinking_b_decay_channels_4_r1,branch_count,wallclock_timing,,502,798355,0.0267785,True,False,3666,2,2,1
shrinking_b_decay_channels_4_r1,branch_count,constant_250,250.0,502,798355,0.0213942,True,False,1548,1038,1,1
shrinking_b_decay_channels_4_r1,branch_count,cost_model_x0.4,178.97264496822606,502,798355,0.0223112,True,False,2155,736,1,1
shrinking_b_decay_channels_4_r1,branch_count,cost_model_x0.5,223.71580621028255,502,798355,0.0223008,True,False,1775,916,1,1
shrinking_b_decay_channels_4_r1,branch_count,cost_model_x0.6,268.45896745233904,502,798355,0.0234988,True,False,1393,1105,1,1
shrinking_b_decay_channels_4_r2,branch_count,wallclock_timing,,502,3193421,0.0552977,True,False,7305,2,2,1
shrinking_b_decay_channels_4_r2,branch_count,constant_250,250.0,502,3193421,0.0515539,True,False,5259,1016,1,1
shrinking_b_decay_channels_4_r2,branch_count,cost_model_x0.4,192.1265034016568,502,3193421,0.0481819,True,False,5757,777,1,1
shrinking_b_decay_channels_4_r2,branch_count,cost_model_x0.5,240.15812925207098,502,3193421,0.0431535,True,False,5340,975,1,1
shrinking_b_decay_channels_4_r2,branch_count,cost_model_x0.6,288.18975510248515,502,3193421,0.0447553,True,False,4946,1174,1,1
shrinking_b_decay_channels_8_r05,branch_count,wallclock_timing,,502,86246,0.0075744,True,False,1193,2,2,1
shrinking_b_decay_channels_8_r05,branch_count,constant_250,250.0,502,86246,0.0040033,True,False,1,587,1,1
shrinking_b_decay_channels_8_r05,branch_count,cost_model_x0.4,139.6894619732563,502,86246,0.0041671,True,False,16,583,1,1
shrinking_b_decay_channels_8_r05,branch_count,cost_model_x0.5,174.61182746657036,502,86246,0.0040662,True,False,1,587,1,1
shrinking_b_decay_channels_8_r05,branch_count,cost_model_x0.6,209.53419295988442,502,86246,0.0041694,True,False,1,587,1,1
shrinking_b_decay_channels_8_r1,branch_count,wallclock_timing,,502,344987,0.0172843,True,False,2447,2,2,1
shrinking_b_decay_channels_8_r1,branch_count,constant_250,250.0,502,344987,0.0142396,True,False,289,1039,1,1
shrinking_b_decay_channels_8_r1,branch_count,cost_model_x0.4,144.09519532536,502,344987,0.0122486,True,False,1152,596,1,1
shrinking_b_decay_channels_8_r1,branch_count,cost_model_x0.5,180.1189941567,502,344987,0.0127241,True,False,857,745,1,1
shrinking_b_decay_channels_8_r1,branch_count,cost_model_x0.6,216.14279298804001,502,344987,0.0132137,True,False,566,897,1,1
shrinking_b_decay_channels_8_r2,branch_count,wallclock_timing,,502,1379949,0.0342513,True,False,4790,2,2,1
shrinking_b_decay_channels_8_r2,branch_count,constant_250,250.0,502,1379949,0.0344533,True,False,2757,1025,1,1
shrinking_b_decay_channels_8_r2,branch_count,cost_model_x0.4,150.9680599761456,502,1379949,0.0326585,True,False,3588,615,1,1
shrinking_b_decay_channels_8_r2,branch_count,cost_model_x0.5,188.710074970182,502,1379949,0.0322012,True,False,3284,772,1,1
shrinking_b_decay_channels_8_r2,branch_count,cost_model_x0.6,226.4520899642184,502,1379949,0.0326455,True,False,2957,926,1,1
dense_support_q4_r05,dense_support,wallclock_timing,,502,26918558,0.1277204,True,False,8837,491,5,1
dense_support_q4_r05,dense_support,constant_250,250.0,502,26918558,0.1236365,True,False,2544,729,1,1
dense_support_q4_r05,dense_support,cost_model_x0.4,293.2284678964655,502,26918558,0.134942,True,False,698,825,1,1
dense_support_q4_r05,dense_support,cost_model_x0.5,366.53558487058183,502,26918558,0.1470188,True,False,1,866,1,1
dense_support_q4_r05,dense_support,cost_model_x0.6,439.8427018446982,502,26918558,0.1477148,True,False,1,866,1,1
dense_support_q4_r1,dense_support,wallclock_timing,,502,107674233,0.4749555,True,False,4876,1468,3,1
dense_support_q4_r1,dense_support,constant_250,250.0,502,107674233,0.4389649,True,False,25155,776,1,1
dense_support_q4_r1,dense_support,cost_model_x0.4,313.4088157966551,502,107674233,0.4280718,True,False,17836,972,1,1
dense_support_q4_r1,dense_support,cost_model_x0.5,391.7610197458189,502,107674233,0.4477367,True,False,11402,1189,1,1
dense_support_q4_r1,dense_support,cost_model_x0.6,470.11322369498265,502,107674233,0.4982251,True,False,6616,1385,1,1
dense_support_q6_r05,dense_support,wallclock_timing,,502,14380815,0.107201,True,False,4237,433,3,1
dense_support_q6_r05,dense_support,constant_250,250.0,502,14380815,0.1114332,True,False,1,633,1,1
dense_support_q6_r05,dense_support,cost_model_x0.4,199.88334470424422,502,14380815,0.1167424,True,False,1077,572,1,1
dense_support_q6_r05,dense_support,cost_model_x0.5,249.85418088030528,502,14380815,0.1120211,True,False,1,633,1,1
dense_support_q6_r05,dense_support,cost_model_x0.6,299.82501705636633,502,14380815,0.1104293,True,False,1,633,1,1
dense_support_q6_r1,dense_support,wallclock_timing,,502,57523260,0.4072035,True,False,3312,1084,3,1
dense_support_q6_r1,dense_support,constant_250,250.0,502,57523260,0.406071,True,False,11140,771,1,1
dense_support_q6_r1,dense_support,cost_model_x0.4,209.21892305275935,502,57523260,0.351915,True,False,15107,652,1,1
dense_support_q6_r1,dense_support,cost_model_x0.5,261.52365381594916,502,57523260,0.3616042,True,False,10202,803,1,1
dense_support_q6_r1,dense_support,cost_model_x0.6,313.82838457913897,502,57523260,0.3830988,True,False,6517,940,1,1
dense_support_q8_r05,dense_support,wallclock_timing,,502,6856452,0.1353596,True,False,10918,113,7,1
dense_support_q8_r05,dense_support,constant_250,250.0,502,6856452,0.1122083,True,False,1,438,1,1
dense_support_q8_r05,dense_support,cost_model_x0.4,144.81867232667844,502,6856452,0.1100029,True,False,473,410,1,1
dense_support_q8_r05,dense_support,cost_model_x0.5,181.02334040834805,502,6856452,0.1014163,True,False,1,438,1,1
dense_support_q8_r05,dense_support,cost_model_x0.6,217.22800849001766,502,6856452,0.0870014,True,False,1,438,1,1
dense_support_q8_r1,dense_support,wallclock_timing,,502,27425809,0.287299,True,False,19232,263,7,1
dense_support_q8_r1,dense_support,constant_250,250.0,502,27425809,0.3286487,True,False,2674,730,1,1
dense_support_q8_r1,dense_support,cost_model_x0.4,149.32476065598868,502,27425809,0.2953625,True,False,9917,465,1,1
dense_support_q8_r1,dense_support,cost_model_x0.5,186.65595081998583,502,27425809,0.2987689,True,False,6529,572,1,1
dense_support_q8_r1,dense_support,cost_model_x0.6,223.98714098398298,502,27425809,0.3694647,True,False,4057,668,1,1
dense_support_q8_r2,dense_support,wallclock_timing,,502,109703238,0.8532428,True,False,64624,191,17,1
dense_support_q8_r2,dense_support,constant_250,250.0,502,109703238,0.944185,True,False,25713,776,1,1
dense_support_q8_r2,dense_support,cost_model_x0.4,156.47175274866677,502,109703238,0.8641061,True,False,44077,431,1,1
dense_support_q8_r2,dense_support,cost_model_x0.5,195.58969093583346,502,109703238,0.9208212,True,False,34736,585,1,1
dense_support_q8_r2,dense_support,cost_model_x0.6,234.70762912300015,502,109703238,0.9456472,True,False,27916,724,1,1
dense_support_q12_r05,dense_support,wallclock_timing,,502,3266283,0.1121166,True,False,5826,107,5,1
dense_support_q12_r05,dense_support,constant_250,250.0,502,3266283,0.0915893,True,False,1,303,1,1
dense_support_q12_r05,dense_support,cost_model_x0.4,94.54718695994,502,3266283,0.0925754,True,False,543,272,1,1
dense_support_q12_r05,dense_support,cost_model_x0.5,118.183983699925,502,3266283,0.0926352,True,False,1,303,1,1
dense_support_q12_r05,dense_support,cost_model_x0.6,141.82078043990998,502,3266283,0.0953886,True,False,1,303,1,1
dense_support_q12_r1,dense_support,wallclock_timing,,502,13065133,0.3442184,True,False,15814,142,5,1
dense_support_q12_r1,dense_support,constant_250,250.0,502,13065133,0.3799354,True,False,1,604,1,1
dense_support_q12_r1,dense_support,cost_model_x0.4,96.23943076901122,502,13065133,0.2914523,True,False,7596,300,1,1
dense_support_q12_r1,dense_support,cost_model_x0.5,120.29928846126401,502,13065133,0.3351824,True,False,5192,371,1,1
dense_support_q12_r1,dense_support,cost_model_x0.6,144.3591461535168,502,13065133,0.3561724,True,False,3402,436,1,1
dense_support_q12_r2,dense_support,wallclock_timing,,502,52260533,0.8611779,True,False,53625,55,15,1
dense_support_q12_r2,dense_support,constant_250,250.0,502,52260533,1.1333645,True,False,9664,768,1,1
dense_support_q12_r2,dense_support,cost_model_x0.4,98.76806323147295,502,52260533,0.8175724,True,False,33114,259,1,1
dense_support_q12_r2,dense_support,cost_model_x0.5,123.46007903934118,502,52260533,0.8688917,True,False,26466,360,1,1
dense_support_q12_r2,dense_support,cost_model_x0.6,148.1520948472094,502,52260533,0.9141875,True,False,21524,452,1,1
collision_o2_g0_n1000000_r05,collision,wallclock_timing,,502,27324219,0.1188141,True,False,5911,593,3,1
collision_o2_g0_n1000000_r05,collision,constant_250,250.0,502,27324219,0.123905,True,False,2646,730,1,1
collision_o2_g0_n1000000_r05,collision,cost_model_x0.4,293.3973660445479,502,27324219,0.149401,True,False,781,827,1,1
collision_o2_g0_n1000000_r05,collision,cost_model_x0.5,366.74670755568485,502,27324219,0.1537518,True,False,1,872,1,1
collision_o2_g0_n1000000_r05,collision,cost_model_x0.6,440.0960490668218,502,27324219,0.1663861,True,False,1,872,1,1
collision_o2_g0_n1000000_r1,collision,wallclock_timing,,502,109296878,0.5071398,True,False,18101,977,11,1
collision_o2_g0_n1000000_r1,collision,constant_250,250.0,502,109296878,0.4055248,True,False,25611,776,1,1
collision_o2_g0_n1000000_r1,collision,cost_model_x0.4,313.68939549340627,502,109296878,0.4576557,True,False,18172,974,1,1
collision_o2_g0_n1000000_r1,collision,cost_model_x0.5,392.1117443667578,502,109296878,0.4496204,True,False,11676,1191,1,1
collision_o2_g0_n1000000_r1,collision,cost_model_x0.6,470.53409324010937,502,109296878,0.4910155,True,False,6847,1388,1,1
collision_o2_g1_n1000000_r05,collision,wallclock_timing,,502,78960851,0.400674,True,False,8704,1033,5,1
collision_o2_g1_n1000000_r05,collision,constant_250,250.0,502,78960851,0.3799767,True,False,10960,963,1,1
collision_o2_g1_n1000000_r05,collision,cost_model_x0.4,425.2981894945606,502,78960851,0.4442607,True,False,463,1353,1,1
collision_o2_g1_n1000000_r05,collision,cost_model_x0.5,531.6227368682007,502,78960851,0.3722834,True,False,1,1376,1,1
collision_o2_g1_n1000000_r05,collision,cost_model_x0.6,637.9472842418409,502,78960851,0.4019246,True,False,1,1376,1,1
collision_o2_g2_n1000000_r05,collision,wallclock_timing,,502,102284560,0.5400142,True,False,5567,1278,5,1
collision_o2_g2_n1000000_r05,collision,constant_250,250.0,502,102284560,0.5253256,True,False,11625,1100,1,1
collision_o2_g2_n1000000_r05,collision,cost_model_x0.4,463.39562115304665,502,102284560,0.5701101,True,False,1,1473,1,1
collision_o2_g2_n1000000_r05,collision,cost_model_x0.5,579.2445264413083,502,102284560,0.511733,True,False,1,1473,1,1
collision_o2_g2_n1000000_r05,collision,cost_model_x0.6,695.0934317295699,502,102284560,0.528233,True,False,1,1473,1,1
dimerization_r05,dimerization,wallclock_timing,,503,8376953,0.1696587,True,False,5433,1728,5,1
dimerization_r05,dimerization,constant_250,250.0,503,8376953,0.176742,True,False,16420,0,0,1
dimerization_r05,dimerization,cost_model_x0.4,352.1857560713393,503,8376953,0.151509,True,False,16420,0,0,1
dimerization_r05,dimerization,cost_model_x0.5,440.2321950891741,503,8376953,0.1481347,True,False,1,2506,1,1
dimerization_r05,dimerization,cost_model_x0.6,528.2786341070089,503,8376953,0.1502393,True,False,1,2506,1,1
lotka_volterra_r05,lotka_volterra,wallclock_timing,,503,516476,0.7252811,True,False,54050,8470,30,1
lotka_volterra_r05,lotka_volterra,constant_250,250.0,503,516476,0.7091694,True,False,75342,0,0,1
lotka_volterra_r05,lotka_volterra,cost_model_x0.4,299.7336913482398,503,516476,0.7532167,True,False,75342,0,0,1
lotka_volterra_r05,lotka_volterra,cost_model_x0.5,374.66711418529974,503,516476,0.6552013,True,False,49109,11098,7,1
lotka_volterra_r05,lotka_volterra,cost_model_x0.6,449.6005370223597,503,516476,0.6715109,True,False,24552,19874,7,1
shrinking_r05,shrinking,wallclock_timing,,503,414323,0.0170095,True,False,2650,2,2,1
shrinking_r05,shrinking,constant_250,250.0,503,414323,0.0103442,True,False,515,1033,1,1
shrinking_r05,shrinking,cost_model_x0.4,219.11363039155117,503,414323,0.010755,True,False,784,911,1,1
shrinking_r05,shrinking,cost_model_x0.5,273.89203798943896,503,414323,0.0099497,True,False,315,1131,1,1
shrinking_r05,shrinking,cost_model_x0.6,328.67044558732675,503,414323,0.0111181,True,False,1,1285,1,1
shrinking_r1,shrinking,wallclock_timing,,503,1657292,0.0353967,True,False,5282,2,2,1
shrinking_r1,shrinking,constant_250,250.0,503,1657292,0.0291485,True,False,3212,1028,1,1
shrinking_r1,shrinking,cost_model_x0.4,233.61588743640192,503,1657292,0.0291748,True,False,3346,959,1,1
shrinking_r1,shrinking,cost_model_x0.5,292.0198592955024,503,1657292,0.0292947,True,False,2853,1200,1,1
shrinking_r1,shrinking,cost_model_x0.6,350.42383115460285,503,1657292,0.0305612,True,False,2355,1446,1,1
shrinking_r2,shrinking,wallclock_timing,,503,6629170,0.0744737,True,False,10588,4,4,1
shrinking_r2,shrinking,constant_250,250.0,503,6629170,0.0616249,True,False,8556,1004,1,1
shrinking_r2,shrinking,cost_model_x0.4,258.79339145195667,503,6629170,0.057443,True,False,8481,1045,1,1
shrinking_r2,shrinking,cost_model_x0.5,323.49173931494585,503,6629170,0.0597065,True,False,7931,1313,1,1
shrinking_r2,shrinking,cost_model_x0.6,388.190087177935,503,6629170,0.0599064,True,False,7376,1582,1,1
shrinking_no_b_decay_r05,shrinking,wallclock_timing,,503,1351956,0.0144215,True,False,507,714,3,1
shrinking_no_b_decay_r05,shrinking,constant_250,250.0,503,1351956,0.0172461,True,False,933,608,1,1
shrinking_no_b_decay_r05,shrinking,cost_model_x0.4,248.30036605715384,503,1351956,0.0144353,True,False,953,603,1,1
shrinking_no_b_decay_r05,shrinking,cost_model_x0.5,310.37545757144227,503,1351956,0.0132768,True,False,289,774,1,1
shrinking_no_b_decay_r05,shrinking,cost_model_x0.6,372.4505490857307,503,1351956,0.0139755,True,False,1,854,1,1
shrinking_no_b_decay_r1,shrinking,wallclock_timing,,503,5407825,0.0617927,True,False,9231,190,5,1
shrinking_no_b_decay_r1,shrinking,constant_250,250.0,503,5407825,0.0498991,True,False,5261,567,1,1
shrinking_no_b_decay_r1,shrinking,cost_model_x0.4,266.2028483816863,503,5407825,0.0470018,True,False,4993,606,1,1
shrinking_no_b_decay_r1,shrinking,cost_model_x0.5,332.75356047710784,503,5407825,0.0482253,True,False,4024,771,1,1
shrinking_no_b_decay_r1,shrinking,cost_model_x0.6,399.3042725725294,503,5407825,0.0500499,True,False,3140,943,1,1
shrinking_no_b_decay_r2,shrinking,wallclock_timing,,503,21631301,0.1464147,True,False,17274,442,7,1
shrinking_no_b_decay_r2,shrinking,constant_250,250.0,503,21631301,0.1449889,True,False,15795,544,1,1
shrinking_no_b_decay_r2,shrinking,cost_model_x0.4,297.56212599359094,503,21631301,0.1456189,True,False,14494,652,1,1
shrinking_no_b_decay_r2,shrinking,cost_model_x0.5,371.95265749198865,503,21631301,0.1315186,True,False,12780,824,1,1
shrinking_no_b_decay_r2,shrinking,cost_model_x0.6,446.34318899038635,503,21631301,0.1220912,True,False,11339,998,1,1
shrinking_split_b_decay_r05,shrinking,wallclock_timing,,503,263766,0.0119338,True,False,2119,2,2,1
shrinking_split_b_decay_r05,shrinking,constant_250,250.0,503,263766,0.0064748,True,False,1,1030,1,1
shrinking_split_b_decay_r05,shrinking,cost_model_x0.4,197.73347427612777,503,263766,0.0074653,True,False,433,819,1,1
shrinking_split_b_decay_r05,shrinking,cost_model_x0.5,247.1668428451597,503,263766,0.0063259,True,False,8,1020,1,1
shrinking_split_b_decay_r05,shrinking,cost_model_x0.6,296.6002114141916,503,263766,0.0066382,True,False,1,1030,1,1
shrinking_split_b_decay_r1,shrinking,wallclock_timing,,503,1055067,0.0256035,True,False,4184,2,2,1
shrinking_split_b_decay_r1,shrinking,constant_250,250.0,503,1055067,0.020644,True,False,2110,1031,1,1
shrinking_split_b_decay_r1,shrinking,cost_model_x0.4,208.5700389576839,503,1055067,0.0218681,True,False,2460,855,1,1
shrinking_split_b_decay_r1,shrinking,cost_model_x0.5,260.71254869710486,503,1055067,0.020005,True,False,2022,1072,1,1
shrinking_split_b_decay_r1,shrinking,cost_model_x0.6,312.85505843652584,503,1055067,0.0201352,True,False,1584,1291,1,1
shrinking_split_b_decay_r2,shrinking,wallclock_timing,,503,4220269,0.0556318,True,False,8467,4,4,1
shrinking_split_b_decay_r2,shrinking,constant_250,250.0,503,4220269,0.0505645,True,False,6319,1015,1,1
shrinking_split_b_decay_r2,shrinking,cost_model_x0.4,226.8836600842692,503,4220269,0.0480796,True,False,6527,919,1,1
shrinking_split_b_decay_r2,shrinking,cost_model_x0.5,283.6045751053365,503,4220269,0.050435,True,False,6036,1156,1,1
shrinking_split_b_decay_r2,shrinking,cost_model_x0.6,340.3254901264038,503,4220269,0.0542406,True,False,5562,1393,1,1
shrinking_b_decay_channels_1_r05,branch_count,wallclock_timing,,503,348245,0.0158473,True,False,2439,2,2,1
shrinking_b_decay_channels_1_r05,branch_count,constant_250,250.0,503,348245,0.0092349,True,False,315,1035,1,1
shrinking_b_decay_channels_1_r05,branch_count,cost_model_x0.4,217.74580841166699,503,348245,0.0099038,True,False,577,901,1,1
shrinking_b_decay_channels_1_r05,branch_count,cost_model_x0.5,272.18226051458373,503,348245,0.0091441,True,False,120,1126,1,1
shrinking_b_decay_channels_1_r05,branch_count,cost_model_x0.6,326.6187126175005,503,348245,0.0089146,True,False,1,1182,1,1
shrinking_b_decay_channels_1_r1,branch_count,wallclock_timing,,503,1392983,0.0343788,True,False,4892,8,4,1
shrinking_b_decay_channels_1_r1,branch_count,constant_250,250.0,503,1392983,0.0263823,True,False,2784,1026,1,1
shrinking_b_decay_channels_1_r1,branch_count,cost_model_x0.4,231.35984415599106,503,1392983,0.0267621,True,False,2937,944,1,1
shrinking_b_decay_channels_1_r1,branch_count,cost_model_x0.5,289.1998051949888,503,1392983,0.0271179,True,False,2454,1190,1,1
shrinking_b_decay_channels_1_r1,branch_count,cost_model_x0.6,347.03976623398654,503,1392983,0.0273462,True,False,1935,1432,1,1
shrinking_b_decay_channels_1_r2,branch_count,wallclock_timing,,503,5571934,0.0702929,True,False,9689,4,4,1
shrinking_b_decay_channels_1_r2,branch_count,constant_250,250.0,503,5571934,0.0625354,True,False,7648,1010,1,1
shrinking_b_decay_channels_1_r2,branch_count,cost_model_x0.4,254.7609362600336,503,5571934,0.0621039,True,False,7610,1026,1,1
shrinking_b_decay_channels_1_r2,branch_count,cost_model_x0.5,318.45117032504197,503,5571934,0.0561486,True,False,7047,1293,1,1
shrinking_b_decay_channels_1_r2,branch_count,cost_model_x0.6,382.14140439005035,503,5571934,0.0546393,True,False,6502,1555,1,1
shrinking_b_decay_channels_2_r05,branch_count,wallclock_timing,,503,269330,0.0087345,True,False,918,588,5,1
shrinking_b_decay_channels_2_r05,branch_count,constant_250,250.0,503,269330,0.0063713,True,False,8,1037,1,1
shrinking_b_decay_channels_2_r05,branch_count,cost_model_x0.4,197.86253566399938,503,269330,0.007548,True,False,457,818,1,1
shrinking_b_decay_channels_2_r05,branch_count,cost_model_x0.5,247.3281695799992,503,269330,0.0065946,True,False,30,1024,1,1
shrinking_b_decay_channels_2_r05,branch_count,cost_model_x0.6,296.79380349599904,503,269330,0.0086303,True,False,1,1041,1,1
shrinking_b_decay_channels_2_r1,branch_count,wallclock_timing,,503,1077322,0.0208689,True,False,1538,1329,3,1
shrinking_b_decay_channels_2_r1,branch_count,constant_250,250.0,503,1077322,0.0203495,True,False,2160,1031,1,1
shrinking_b_decay_channels_2_r1,branch_count,cost_model_x0.4,208.77751822970205,503,1077322,0.0213231,True,False,2507,854,1,1
shrinking_b_decay_channels_2_r1,branch_count,cost_model_x0.5,260.97189778712755,503,1077322,0.0219536,True,False,2065,1077,1,1
shrinking_b_decay_channels_2_r1,branch_count,cost_model_x0.6,313.16627734455307,503,1077322,0.0204377,True,False,1610,1291,1,1
shrinking_b_decay_channels_2_r2,branch_count,wallclock_timing,,503,4309289,0.058544,True,False,8578,6,6,1
shrinking_b_decay_channels_2_r2,branch_count,constant_250,250.0,503,4309289,0.0502725,True,False,6480,1010,1,1
shrinking_b_decay_channels_2_r2,branch_count,cost_model_x0.4,227.2480335305428,503,4309289,0.0530172,True,False,6679,921,1,1
shrinking_b_decay_channels_2_r2,branch_count,cost_model_x0.5,284.0600419131785,503,4309289,0.0500705,True,False,6196,1154,1,1
shrinking_b_decay_channels_2_r2,branch_count,cost_model_x0.6,340.8720502958142,503,4309289,0.054362,True,False,5694,1388,1,1
shrinking_b_decay_channels_4_r05,branch_count,wallclock_timing,,503,199588,0.0113459,True,False,1859,2,2,1
shrinking_b_decay_channels_4_r05,branch_count,constant_250,250.0,503,199588,0.0070264,True,False,1,893,1,1
shrinking_b_decay_channels_4_r05,branch_count,cost_model_x0.4,171.04577082163632,503,199588,0.0081493,True,False,376,714,1,1
shrinking_b_decay_channels_4_r05,branch_count,cost_model_x0.5,213.80721352704538,503,199588,0.0064448,True,False,19,884,1,1
shrinking_b_decay_channels_4_r05,branch_count,cost_model_x0.6,256.56865623245443,503,199588,0.0069094,True,False,1,893,1,1
shrinking_b_decay_channels_4_r1,branch_count,wallclock_timing,,503,798355,0.026035,True,False,3634,2,2,1
shrinking_b_decay_channels_4_r1,branch_count,constant_250,250.0,503,798355,0.0213136,True,False,1570,1034,1,1
shrinking_b_decay_channels_4_r1,branch_count,cost_model_x0.4,178.97264496822606,503,798355,0.0217926,True,False,2173,740,1,1
shrinking_b_decay_channels_4_r1,branch_count,cost_model_x0.5,223.71580621028255,503,798355,0.0222826,True,False,1800,922,1,1
shrinking_b_decay_channels_4_r1,branch_count,cost_model_x0.6,268.45896745233904,503,798355,0.0222821,True,False,1406,1107,1,1
shrinking_b_decay_channels_4_r2,branch_count,wallclock_timing,,503,3193421,0.056486,True,False,7405,2,2,1
shrinking_b_decay_channels_4_r2,branch_count,constant_250,250.0,503,3193421,0.0497644,True,False,5240,1017,1,1
shrinking_b_decay_channels_4_r2,branch_count,cost_model_x0.4,192.1265034016568,503,3193421,0.050351,True,False,5753,780,1,1
shrinking_b_decay_channels_4_r2,branch_count,cost_model_x0.5,240.15812925207098,503,3193421,0.0506378,True,False,5342,972,1,1
shrinking_b_decay_channels_4_r2,branch_count,cost_model_x0.6,288.18975510248515,503,3193421,0.0516066,True,False,4913,1182,1,1
shrinking_b_decay_channels_8_r05,branch_count,wallclock_timing,,503,86246,0.0088918,True,False,1197,2,2,1
shrinking_b_decay_channels_8_r05,branch_count,constant_250,250.0,503,86246,0.0046961,True,False,1,591,1,1
shrinking_b_decay_channels_8_r05,branch_count,cost_model_x0.4,139.6894619732563,503,86246,0.0047481,True,False,23,581,1,1
shrinking_b_decay_channels_8_r05,branch_count,cost_model_x0.5,174.61182746657036,503,86246,0.0046671,True,False,1,591,1,1
shrinking_b_decay_channels_8_r05,branch_count,cost_model_x0.6,209.53419295988442,503,86246,0.00467,True,False,1,591,1,1
shrinking_b_decay_channels_8_r1,branch_count,wallclock_timing,,503,344987,0.0188852,True,False,2380,2,2,1
shrinking_b_decay_channels_8_r1,branch_count,constant_250,250.0,503,344987,0.0169868,True,False,296,1037,1,1
shrinking_b_decay_channels_8_r1,branch_count,cost_model_x0.4,144.09519532536,503,344987,0.0150513,True,False,1224,600,1,1
shrinking_b_decay_channels_8_r1,branch_count,cost_model_x0.5,180.1189941567,503,344987,0.0150149,True,False,912,747,1,1
shrinking_b_decay_channels_8_r1,branch_count,cost_model_x0.6,216.14279298804001,503,344987,0.0158984,True,False,599,894,1,1
shrinking_b_decay_channels_8_r2,branch_count,wallclock_timing,,503,1379949,0.0345,True,False,4851,2,2,1
shrinking_b_decay_channels_8_r2,branch_count,constant_250,250.0,503,1379949,0.0331805,True,False,2738,1029,1,1
shrinking_b_decay_channels_8_r2,branch_count,cost_model_x0.4,150.9680599761456,503,1379949,0.031324,True,False,3586,617,1,1
shrinking_b_decay_channels_8_r2,branch_count,cost_model_x0.5,188.710074970182,503,1379949,0.0304792,True,False,3259,769,1,1
shrinking_b_decay_channels_8_r2,branch_count,cost_model_x0.6,226.4520899642184,503,1379949,0.0313072,True,False,2928,931,1,1
dense_support_q4_r05,dense_support,wallclock_timing,,503,26918558,0.1279448,True,False,1567,776,3,1
dense_support_q4_r05,dense_support,constant_250,250.0,503,26918558,0.1296292,True,False,2511,728,1,1
dense_support_q4_r05,dense_support,cost_model_x0.4,293.2284678964655,503,26918558,0.1293414,True,False,689,825,1,1
dense_support_q4_r05,dense_support,cost_model_x0.5,366.53558487058183,503,26918558,0.1425949,True,False,1,866,1,1
dense_support_q4_r05,dense_support,cost_model_x0.6,439.8427018446982,503,26918558,0.1473474,True,False,1,866,1,1
dense_support_q4_r1,dense_support,wallclock_timing,,503,107674233,0.4916599,True,False,10451,1221,5,1
dense_support_q4_r1,dense_support,constant_250,250.0,503,107674233,0.4015904,True,False,24946,776,1,1
dense_support_q4_r1,dense_support,cost_model_x0.4,313.4088157966551,503,107674233,0.4872786,True,False,17661,972,1,1
dense_support_q4_r1,dense_support,cost_model_x0.5,391.7610197458189,503,107674233,0.5034081,True,False,11248,1189,1,1
dense_support_q4_r1,dense_support,cost_model_x0.6,470.11322369498265,503,107674233,0.5269588,True,False,6587,1385,1,1
dense_support_q6_r05,dense_support,wallclock_timing,,503,14380815,0.1131995,True,False,2693,494,5,1
dense_support_q6_r05,dense_support,constant_250,250.0,503,14380815,0.1063109,True,False,1,633,1,1
dense_support_q6_r05,dense_support,cost_model_x0.4,199.88334470424422,503,14380815,0.105206,True,False,1056,572,1,1
dense_support_q6_r05,dense_support,cost_model_x0.5,249.85418088030528,503,14380815,0.1106345,True,False,1,633,1,1
dense_support_q6_r05,dense_support,cost_model_x0.6,299.82501705636633,503,14380815,0.1078423,True,False,1,633,1,1
dense_support_q6_r1,dense_support,wallclock_timing,,503,57523260,0.3352249,True,False,23094,463,7,1
dense_support_q6_r1,dense_support,constant_250,250.0,503,57523260,0.4100023,True,False,10984,771,1,1
dense_support_q6_r1,dense_support,cost_model_x0.4,209.21892305275935,503,57523260,0.3493055,True,False,14942,652,1,1
dense_support_q6_r1,dense_support,cost_model_x0.5,261.52365381594916,503,57523260,0.361732,True,False,10039,803,1,1
dense_support_q6_r1,dense_support,cost_model_x0.6,313.82838457913897,503,57523260,0.4281569,True,False,6488,940,1,1
dense_support_q8_r05,dense_support,wallclock_timing,,503,6856452,0.1002507,True,False,451,412,3,1
dense_support_q8_r05,dense_support,constant_250,250.0,503,6856452,0.0924007,True,False,1,438,1,1
dense_support_q8_r05,dense_support,cost_model_x0.4,144.81867232667844,503,6856452,0.0906979,True,False,472,410,1,1
dense_support_q8_r05,dense_support,cost_model_x0.5,181.02334040834805,503,6856452,0.0935829,True,False,1,438,1,1
dense_support_q8_r05,dense_support,cost_model_x0.6,217.22800849001766,503,6856452,0.0936084,True,False,1,438,1,1
dense_support_q8_r1,dense_support,wallclock_timing,,503,27425809,0.2983155,True,False,8303,511,5,1
dense_support_q8_r1,dense_support,constant_250,250.0,503,27425809,0.3316071,True,False,2637,730,1,1
dense_support_q8_r1,dense_support,cost_model_x0.4,149.32476065598868,503,27425809,0.3119611,True,False,9765,465,1,1
dense_support_q8_r1,dense_support,cost_model_x0.5,186.65595081998583,503,27425809,0.3326405,True,False,6498,571,1,1
dense_support_q8_r1,dense_support,cost_model_x0.6,223.98714098398298,503,27425809,0.313818,True,False,4029,668,1,1
dense_support_q8_r2,dense_support,wallclock_timing,,503,109703238,0.8640618,True,False,55116,307,17,1
dense_support_q8_r2,dense_support,constant_250,250.0,503,109703238,0.9641464,True,False,25504,776,1,1
dense_support_q8_r2,dense_support,cost_model_x0.4,156.47175274866677,503,109703238,0.8188135,True,False,43825,431,1,1
dense_support_q8_r2,dense_support,cost_model_x0.5,195.58969093583346,503,109703238,0.8925951,True,False,34507,585,1,1
dense_support_q8_r2,dense_support,cost_model_x0.6,234.70762912300015,503,109703238,0.9389221,True,False,27697,725,1,1
dense_support_q12_r05,dense_support,wallclock_timing,,503,3266283,0.129057,True,False,7838,72,3,1
dense_support_q12_r05,dense_support,constant_250,250.0,503,3266283,0.0922034,True,False,1,303,1,1
dense_support_q12_r05,dense_support,cost_model_x0.4,94.54718695994,503,3266283,0.0915638,True,False,544,272,1,1
dense_support_q12_r05,dense_support,cost_model_x0.5,118.183983699925,503,3266283,0.0948181,True,False,1,303,1,1
dense_support_q12_r05,dense_support,cost_model_x0.6,141.82078043990998,503,3266283,0.0917889,True,False,1,303,1,1
dense_support_q12_r1,dense_support,wallclock_timing,,503,13065133,0.3356355,True,False,11125,218,5,1
dense_support_q12_r1,dense_support,constant_250,250.0,503,13065133,0.3898736,True,False,1,604,1,1
dense_support_q12_r1,dense_support,cost_model_x0.4,96.23943076901122,503,13065133,0.2937222,True,False,7513,300,1,1
dense_support_q12_r1,dense_support,cost_model_x0.5,120.29928846126401,503,13065133,0.3022272,True,False,5152,372,1,1
dense_support_q12_r1,dense_support,cost_model_x0.6,144.3591461535168,503,13065133,0.318533,True,False,3376,435,1,1
dense_support_q12_r2,dense_support,wallclock_timing,,503,52260533,0.8593565,True,False,38039,199,11,1
dense_support_q12_r2,dense_support,constant_250,250.0,503,52260533,1.1321666,True,False,9504,768,1,1
dense_support_q12_r2,dense_support,cost_model_x0.4,98.76806323147295,503,52260533,0.909252,True,False,32899,259,1,1
dense_support_q12_r2,dense_support,cost_model_x0.5,123.46007903934118,503,52260533,1.6364419,True,False,26247,360,1,1
dense_support_q12_r2,dense_support,cost_model_x0.6,148.1520948472094,503,52260533,1.4911866,True,False,21337,452,1,1
collision_o2_g0_n1000000_r05,collision,wallclock_timing,,503,27324219,0.2161041,True,False,2370,742,3,1
collision_o2_g0_n1000000_r05,collision,constant_250,250.0,503,27324219,0.2085966,True,False,2615,730,1,1
collision_o2_g0_n1000000_r05,collision,cost_model_x0.4,293.3973660445479,503,27324219,0.1811413,True,False,768,827,1,1
collision_o2_g0_n1000000_r05,collision,cost_model_x0.5,366.74670755568485,503,27324219,0.1883394,True,False,1,872,1,1
collision_o2_g0_n1000000_r05,collision,cost_model_x0.6,440.0960490668218,503,27324219,0.2022784,True,False,1,872,1,1
collision_o2_g0_n1000000_r1,collision,wallclock_timing,,503,109296878,0.7069546,True,False,12400,1164,11,1
collision_o2_g0_n1000000_r1,collision,constant_250,250.0,503,109296878,0.6879635,True,False,25403,776,1,1
collision_o2_g0_n1000000_r1,collision,cost_model_x0.4,313.68939549340627,503,109296878,0.8045144,True,False,17998,974,1,1
collision_o2_g0_n1000000_r1,collision,cost_model_x0.5,392.1117443667578,503,109296878,0.8126434,True,False,11524,1191,1,1
collision_o2_g0_n1000000_r1,collision,cost_model_x0.6,470.53409324010937,503,109296878,0.6966096,True,False,6801,1388,1,1
collision_o2_g1_n1000000_r05,collision,wallclock_timing,,503,78960851,0.7721904,True,False,5433,1163,9,1
collision_o2_g1_n1000000_r05,collision,constant_250,250.0,503,78960851,0.7901063,True,False,10803,963,1,1
collision_o2_g1_n1000000_r05,collision,cost_model_x0.4,425.2981894945606,503,78960851,0.8553814,True,False,464,1354,1,1
collision_o2_g1_n1000000_r05,collision,cost_model_x0.5,531.6227368682007,503,78960851,0.6429372,True,False,1,1376,1,1
collision_o2_g1_n1000000_r05,collision,cost_model_x0.6,637.9472842418409,503,78960851,0.6125007,True,False,1,1376,1,1
collision_o2_g2_n1000000_r05,collision,wallclock_timing,,503,102284560,0.8181643,True,False,6726,1241,13,1
collision_o2_g2_n1000000_r05,collision,constant_250,250.0,503,102284560,0.9561131,True,False,11464,1100,1,1
collision_o2_g2_n1000000_r05,collision,cost_model_x0.4,463.39562115304665,503,102284560,1.022384,True,False,1,1473,1,1
collision_o2_g2_n1000000_r05,collision,cost_model_x0.5,579.2445264413083,503,102284560,0.964865,True,False,1,1473,1,1
collision_o2_g2_n1000000_r05,collision,cost_model_x0.6,695.0934317295699,503,102284560,1.1280485,True,False,1,1473,1,1
dimerization_r05,dimerization,wallclock_timing,,504,8376953,0.3327102,True,False,16271,16,8,1
dimerization_r05,dimerization,constant_250,250.0,504,8376953,0.295376,True,False,16447,0,0,1
dimerization_r05,dimerization,cost_model_x0.4,352.1857560713393,504,8376953,0.2545648,True,False,16447,0,0,1
dimerization_r05,dimerization,cost_model_x0.5,440.2321950891741,504,8376953,0.2092672,True,False,1,2506,1,1
dimerization_r05,dimerization,cost_model_x0.6,528.2786341070089,504,8376953,0.2784413,True,False,1,2506,1,1
lotka_volterra_r05,lotka_volterra,wallclock_timing,,504,516476,1.0211098,True,False,39783,13663,43,1
lotka_volterra_r05,lotka_volterra,constant_250,250.0,504,516476,1.653639,True,False,75168,0,0,1
lotka_volterra_r05,lotka_volterra,cost_model_x0.4,299.7336913482398,504,516476,1.3895035,True,False,75168,0,0,1
lotka_volterra_r05,lotka_volterra,cost_model_x0.5,374.66711418529974,504,516476,1.2086592,True,False,48977,11051,7,1
lotka_volterra_r05,lotka_volterra,cost_model_x0.6,449.6005370223597,504,516476,1.067812,True,False,24551,19884,7,1
shrinking_r05,shrinking,wallclock_timing,,504,414323,0.0316802,True,False,2658,2,2,1
shrinking_r05,shrinking,constant_250,250.0,504,414323,0.0207994,True,False,539,1028,1,1
shrinking_r05,shrinking,cost_model_x0.4,219.11363039155117,504,414323,0.0153072,True,False,813,908,1,1
shrinking_r05,shrinking,cost_model_x0.5,273.89203798943896,504,414323,0.0139216,True,False,321,1132,1,1
shrinking_r05,shrinking,cost_model_x0.6,328.67044558732675,504,414323,0.0173483,True,False,1,1290,1,1
shrinking_r1,shrinking,wallclock_timing,,504,1657292,0.057204,True,False,5273,4,4,1
shrinking_r1,shrinking,constant_250,250.0,504,1657292,0.0600847,True,False,3203,1019,1,1
shrinking_r1,shrinking,cost_model_x0.4,233.61588743640192,504,1657292,0.0649061,True,False,3348,955,1,1
shrinking_r1,shrinking,cost_model_x0.5,292.0198592955024,504,1657292,0.043688,True,False,2855,1201,1,1
shrinking_r1,shrinking,cost_model_x0.6,350.42383115460285,504,1657292,0.0492553,True,False,2365,1441,1,1
shrinking_r2,shrinking,wallclock_timing,,504,6629170,0.1450041,True,False,10606,4,4,1
shrinking_r2,shrinking,constant_250,250.0,504,6629170,0.150831,True,False,8595,1007,1,1
shrinking_r2,shrinking,cost_model_x0.4,258.79339145195667,504,6629170,0.1364083,True,False,8526,1042,1,1
shrinking_r2,shrinking,cost_model_x0.5,323.49173931494585,504,6629170,0.1403549,True,False,7958,1310,1,1
shrinking_r2,shrinking,cost_model_x0.6,388.190087177935,504,6629170,0.1311617,True,False,7403,1579,1,1
shrinking_no_b_decay_r05,shrinking,wallclock_timing,,504,1351956,0.0373027,True,False,1982,390,9,1
shrinking_no_b_decay_r05,shrinking,constant_250,250.0,504,1351956,0.0302257,True,False,931,609,1,1
shrinking_no_b_decay_r05,shrinking,cost_model_x0.4,248.30036605715384,504,1351956,0.038984,True,False,955,603,1,1
shrinking_no_b_decay_r05,shrinking,cost_model_x0.5,310.37545757144227,504,1351956,0.0299992,True,False,277,776,1,1
shrinking_no_b_decay_r05,shrinking,cost_model_x0.6,372.4505490857307,504,1351956,0.0205497,True,False,1,854,1,1
shrinking_no_b_decay_r1,shrinking,wallclock_timing,,504,5407825,0.1119232,True,False,3578,834,7,1
shrinking_no_b_decay_r1,shrinking,constant_250,250.0,504,5407825,0.1043054,True,False,5297,566,1,1
shrinking_no_b_decay_r1,shrinking,cost_model_x0.4,266.2028483816863,504,5407825,0.1071535,True,False,5022,606,1,1
shrinking_no_b_decay_r1,shrinking,cost_model_x0.5,332.75356047710784,504,5407825,0.1194122,True,False,4002,771,1,1
shrinking_no_b_decay_r1,shrinking,cost_model_x0.6,399.3042725725294,504,5407825,0.1074477,True,False,3101,943,1,1
shrinking_no_b_decay_r2,shrinking,wallclock_timing,,504,21631301,0.2801144,True,False,16979,463,7,1
shrinking_no_b_decay_r2,shrinking,constant_250,250.0,504,21631301,0.2764893,True,False,15796,544,1,1
shrinking_no_b_decay_r2,shrinking,cost_model_x0.4,297.56212599359094,504,21631301,0.1888297,True,False,14536,651,1,1
shrinking_no_b_decay_r2,shrinking,cost_model_x0.5,371.95265749198865,504,21631301,0.1928393,True,False,12830,825,1,1
shrinking_no_b_decay_r2,shrinking,cost_model_x0.6,446.34318899038635,504,21631301,0.2089095,True,False,11397,1000,1,1
shrinking_split_b_decay_r05,shrinking,wallclock_timing,,504,263766,0.0296134,True,False,2108,2,2,1
shrinking_split_b_decay_r05,shrinking,constant_250,250.0,504,263766,0.0095948,True,False,1,1026,1,1
shrinking_split_b_decay_r05,shrinking,cost_model_x0.4,197.73347427612777,504,263766,0.0114555,True,False,441,819,1,1
shrinking_split_b_decay_r05,shrinking,cost_model_x0.5,247.1668428451597,504,263766,0.0094615,True,False,10,1027,1,1
shrinking_split_b_decay_r05,shrinking,cost_model_x0.6,296.6002114141916,504,263766,0.0098212,True,False,1,1026,1,1
shrinking_split_b_decay_r1,shrinking,wallclock_timing,,504,1055067,0.0509225,True,False,4223,2,2,1
shrinking_split_b_decay_r1,shrinking,constant_250,250.0,504,1055067,0.0317368,True,False,2132,1027,1,1
shrinking_split_b_decay_r1,shrinking,cost_model_x0.4,208.5700389576839,504,1055067,0.0407243,True,False,2487,854,1,1
shrinking_split_b_decay_r1,shrinking,cost_model_x0.5,260.71254869710486,504,1055067,0.0322236,True,False,2038,1072,1,1
shrinking_split_b_decay_r1,shrinking,cost_model_x0.6,312.85505843652584,504,1055067,0.0272303,True,False,1589,1292,1,1
shrinking_split_b_decay_r2,shrinking,wallclock_timing,,504,4220269,0.0850445,True,False,8411,2,2,1
shrinking_split_b_decay_r2,shrinking,constant_250,250.0,504,4220269,0.0798998,True,False,6341,1010,1,1
shrinking_split_b_decay_r2,shrinking,cost_model_x0.4,226.8836600842692,504,4220269,0.0804017,True,False,6536,920,1,1
shrinking_split_b_decay_r2,shrinking,cost_model_x0.5,283.6045751053365,504,4220269,0.075272,True,False,6043,1153,1,1
shrinking_split_b_decay_r2,shrinking,cost_model_x0.6,340.3254901264038,504,4220269,0.067846,True,False,5568,1388,1,1
shrinking_b_decay_channels_1_r05,branch_count,wallclock_timing,,504,348245,0.0284727,True,False,2407,23,4,1
shrinking_b_decay_channels_1_r05,branch_count,constant_250,250.0,504,348245,0.0082623,True,False,306,1036,1,1
shrinking_b_decay_channels_1_r05,branch_count,cost_model_x0.4,217.74580841166699,504,348245,0.0095459,True,False,591,900,1,1
shrinking_b_decay_channels_1_r05,branch_count,cost_model_x0.5,272.18226051458373,504,348245,0.0099259,True,False,108,1128,1,1
shrinking_b_decay_channels_1_r05,branch_count,cost_model_x0.6,326.6187126175005,504,348245,0.0139812,True,False,1,1180,1,1
shrinking_b_decay_channels_1_r1,branch_count,wallclock_timing,,504,1392983,0.0349641,True,False,4848,2,2,1
shrinking_b_decay_channels_1_r1,branch_count,constant_250,250.0,504,1392983,0.0307069,True,False,2746,1025,1,1
shrinking_b_decay_channels_1_r1,branch_count,cost_model_x0.4,231.35984415599106,504,1392983,0.0310952,True,False,2909,951,1,1
shrinking_b_decay_channels_1_r1,branch_count,cost_model_x0.5,289.1998051949888,504,1392983,0.0368243,True,False,2423,1191,1,1
shrinking_b_decay_channels_1_r1,branch_count,cost_model_x0.6,347.03976623398654,504,1392983,0.0264553,True,False,1936,1431,1,1
shrinking_b_decay_channels_1_r2,branch_count,wallclock_timing,,504,5571934,0.0738431,True,False,9802,4,4,1
shrinking_b_decay_channels_1_r2,branch_count,constant_250,250.0,504,5571934,0.0699697,True,False,7681,1007,1,1
shrinking_b_decay_channels_1_r2,branch_count,cost_model_x0.4,254.7609362600336,504,5571934,0.0653875,True,False,7641,1028,1,1
shrinking_b_decay_channels_1_r2,branch_count,cost_model_x0.5,318.45117032504197,504,5571934,0.0637274,True,False,7077,1295,1,1
shrinking_b_decay_channels_1_r2,branch_count,cost_model_x0.6,382.14140439005035,504,5571934,0.0649207,True,False,6517,1556,1,1
shrinking_b_decay_channels_2_r05,branch_count,wallclock_timing,,504,269330,0.0150882,True,False,2117,2,2,1
shrinking_b_decay_channels_2_r05,branch_count,constant_250,250.0,504,269330,0.0086654,True,False,8,1034,1,1
shrinking_b_decay_channels_2_r05,branch_count,cost_model_x0.4,197.86253566399938,504,269330,0.0086563,True,False,456,822,1,1
shrinking_b_decay_channels_2_r05,branch_count,cost_model_x0.5,247.3281695799992,504,269330,0.0084329,True,False,30,1026,1,1
shrinking_b_decay_channels_2_r05,branch_count,cost_model_x0.6,296.79380349599904,504,269330,0.0084964,True,False,1,1040,1,1
shrinking_b_decay_channels_2_r1,branch_count,wallclock_timing,,504,1077322,0.0319517,True,False,4244,2,2,1
shrinking_b_decay_channels_2_r1,branch_count,constant_250,250.0,504,1077322,0.0247374,True,False,2172,1029,1,1
shrinking_b_decay_channels_2_r1,branch_count,cost_model_x0.4,208.77751822970205,504,1077322,0.025344,True,False,2510,856,1,1
shrinking_b_decay_channels_2_r1,branch_count,cost_model_x0.5,260.97189778712755,504,1077322,0.0252559,True,False,2078,1075,1,1
shrinking_b_decay_channels_2_r1,branch_count,cost_model_x0.6,313.16627734455307,504,1077322,0.0255445,True,False,1620,1289,1,1
shrinking_b_decay_channels_2_r2,branch_count,wallclock_timing,,504,4309289,0.065508,True,False,8573,4,4,1
shrinking_b_decay_channels_2_r2,branch_count,constant_250,250.0,504,4309289,0.0573444,True,False,6493,1016,1,1
shrinking_b_decay_channels_2_r2,branch_count,cost_model_x0.4,227.2480335305428,504,4309289,0.0592839,True,False,6697,922,1,1
shrinking_b_decay_channels_2_r2,branch_count,cost_model_x0.5,284.0600419131785,504,4309289,0.0606462,True,False,6203,1157,1,1
shrinking_b_decay_channels_2_r2,branch_count,cost_model_x0.6,340.8720502958142,504,4309289,0.0900488,True,False,5720,1394,1,1
shrinking_b_decay_channels_4_r05,branch_count,wallclock_timing,,504,199588,0.0241447,True,False,1832,4,4,1
shrinking_b_decay_channels_4_r05,branch_count,constant_250,250.0,504,199588,0.0129458,True,False,1,889,1,1
shrinking_b_decay_channels_4_r05,branch_count,cost_model_x0.4,171.04577082163632,504,199588,0.0152675,True,False,395,710,1,1
shrinking_b_decay_channels_4_r05,branch_count,cost_model_x0.5,213.80721352704538,504,199588,0.014555,True,False,18,888,1,1
shrinking_b_decay_channels_4_r05,branch_count,cost_model_x0.6,256.56865623245443,504,199588,0.0138525,True,False,1,889,1,1
shrinking_b_decay_channels_4_r1,branch_count,wallclock_timing,,504,798355,0.0460141,True,False,3599,26,4,1
shrinking_b_decay_channels_4_r1,branch_count,constant_250,250.0,504,798355,0.0410961,True,False,1557,1028,1,1
shrinking_b_decay_channels_4_r1,branch_count,cost_model_x0.4,178.97264496822606,504,798355,0.0412549,True,False,2161,735,1,1
shrinking_b_decay_channels_4_r1,branch_count,cost_model_x0.5,223.71580621028255,504,798355,0.0400068,True,False,1792,923,1,1
shrinking_b_decay_channels_4_r1,branch_count,cost_model_x0.6,268.45896745233904,504,798355,0.0395363,True,False,1388,1111,1,1
shrinking_b_decay_channels_4_r2,branch_count,wallclock_timing,,504,3193421,0.1081229,True,False,7347,2,2,1
shrinking_b_decay_channels_4_r2,branch_count,constant_250,250.0,504,3193421,0.0555002,True,False,5211,1015,1,1
shrinking_b_decay_channels_4_r2,branch_count,cost_model_x0.4,192.1265034016568,504,3193421,0.0487724,True,False,5692,775,1,1
shrinking_b_decay_channels_4_r2,branch_count,cost_model_x0.5,240.15812925207098,504,3193421,0.0497347,True,False,5297,975,1,1
shrinking_b_decay_channels_4_r2,branch_count,cost_model_x0.6,288.18975510248515,504,3193421,0.0519655,True,False,4892,1177,1,1
shrinking_b_decay_channels_8_r05,branch_count,wallclock_timing,,504,86246,0.0089308,True,False,1215,2,2,1
shrinking_b_decay_channels_8_r05,branch_count,constant_250,250.0,504,86246,0.004629,True,False,1,590,1,1
shrinking_b_decay_channels_8_r05,branch_count,cost_model_x0.4,139.6894619732563,504,86246,0.0048151,True,False,25,586,1,1
shrinking_b_decay_channels_8_r05,branch_count,cost_model_x0.5,174.61182746657036,504,86246,0.0049211,True,False,1,590,1,1
shrinking_b_decay_channels_8_r05,branch_count,cost_model_x0.6,209.53419295988442,504,86246,0.0049128,True,False,1,590,1,1
shrinking_b_decay_channels_8_r1,branch_count,wallclock_timing,,504,344987,0.0182626,True,False,2362,2,2,1
shrinking_b_decay_channels_8_r1,branch_count,constant_250,250.0,504,344987,0.0173602,True,False,285,1031,1,1
shrinking_b_decay_channels_8_r1,branch_count,cost_model_x0.4,144.09519532536,504,344987,0.0158372,True,False,1190,597,1,1
shrinking_b_decay_channels_8_r1,branch_count,cost_model_x0.5,180.1189941567,504,344987,0.014471,True,False,877,744,1,1
shrinking_b_decay_channels_8_r1,branch_count,cost_model_x0.6,216.14279298804001,504,344987,0.0153014,True,False,573,893,1,1
shrinking_b_decay_channels_8_r2,branch_count,wallclock_timing,,504,1379949,0.0399065,True,False,4797,2,2,1
shrinking_b_decay_channels_8_r2,branch_count,constant_250,250.0,504,1379949,0.0373672,True,False,2725,1026,1,1
shrinking_b_decay_channels_8_r2,branch_count,cost_model_x0.4,150.9680599761456,504,1379949,0.0378711,True,False,3576,616,1,1
shrinking_b_decay_channels_8_r2,branch_count,cost_model_x0.5,188.710074970182,504,1379949,0.0374482,True,False,3257,774,1,1
shrinking_b_decay_channels_8_r2,branch_count,cost_model_x0.6,226.4520899642184,504,1379949,0.0390665,True,False,2936,931,1,1
dense_support_q4_r05,dense_support,wallclock_timing,,504,26918558,0.1955961,True,False,3962,666,5,1
dense_support_q4_r05,dense_support,constant_250,250.0,504,26918558,0.2204047,True,False,2571,729,1,1
dense_support_q4_r05,dense_support,cost_model_x0.4,293.2284678964655,504,26918558,0.2402135,True,False,700,825,1,1
dense_support_q4_r05,dense_support,cost_model_x0.5,366.53558487058183,504,26918558,0.1472742,True,False,1,866,1,1
dense_support_q4_r05,dense_support,cost_model_x0.6,439.8427018446982,504,26918558,0.1468221,True,False,1,866,1,1
dense_support_q4_r1,dense_support,wallclock_timing,,504,107674233,0.7359196,True,False,5616,1440,5,1
dense_support_q4_r1,dense_support,constant_250,250.0,504,107674233,0.5031502,True,False,24921,776,1,1
dense_support_q4_r1,dense_support,cost_model_x0.4,313.4088157966551,504,107674233,0.680104,True,False,17705,972,1,1
dense_support_q4_r1,dense_support,cost_model_x0.5,391.7610197458189,504,107674233,0.7531102,True,False,11326,1189,1,1
dense_support_q4_r1,dense_support,cost_model_x0.6,470.11322369498265,504,107674233,0.5418174,True,False,6570,1385,1,1
dense_support_q6_r05,dense_support,wallclock_timing,,504,14380815,0.18605,True,False,8191,309,5,1
dense_support_q6_r05,dense_support,constant_250,250.0,504,14380815,0.1993225,True,False,1,633,1,1
dense_support_q6_r05,dense_support,cost_model_x0.4,199.88334470424422,504,14380815,0.2006712,True,False,1079,572,1,1
dense_support_q6_r05,dense_support,cost_model_x0.5,249.85418088030528,504,14380815,0.123784,True,False,1,633,1,1
dense_support_q6_r05,dense_support,cost_model_x0.6,299.82501705636633,504,14380815,0.1261887,True,False,1,633,1,1
dense_support_q6_r1,dense_support,wallclock_timing,,504,57523260,0.4282559,True,False,15236,647,7,1
dense_support_q6_r1,dense_support,constant_250,250.0,504,57523260,0.4991639,True,False,11051,771,1,1
dense_support_q6_r1,dense_support,cost_model_x0.4,209.21892305275935,504,57523260,0.4051237,True,False,15002,652,1,1
dense_support_q6_r1,dense_support,cost_model_x0.5,261.52365381594916,504,57523260,0.5818332,True,False,10127,803,1,1
dense_support_q6_r1,dense_support,cost_model_x0.6,313.82838457913897,504,57523260,0.6539413,True,False,6478,940,1,1
dense_support_q8_r05,dense_support,wallclock_timing,,504,6856452,0.1126629,True,False,5645,214,3,1
dense_support_q8_r05,dense_support,constant_250,250.0,504,6856452,0.1009536,True,False,1,438,1,1
dense_support_q8_r05,dense_support,cost_model_x0.4,144.81867232667844,504,6856452,0.1000126,True,False,476,410,1,1
dense_support_q8_r05,dense_support,cost_model_x0.5,181.02334040834805,504,6856452,0.1014876,True,False,1,438,1,1
dense_support_q8_r05,dense_support,cost_model_x0.6,217.22800849001766,504,6856452,0.108638,True,False,1,438,1,1
dense_support_q8_r1,dense_support,wallclock_timing,,504,27425809,0.4792199,True,False,18190,278,7,1
dense_support_q8_r1,dense_support,constant_250,250.0,504,27425809,0.3554808,True,False,2710,730,1,1
dense_support_q8_r1,dense_support,cost_model_x0.4,149.32476065598868,504,27425809,0.3808628,True,False,9857,465,1,1
dense_support_q8_r1,dense_support,cost_model_x0.5,186.65595081998583,504,27425809,0.4909323,True,False,6493,572,1,1
dense_support_q8_r1,dense_support,cost_model_x0.6,223.98714098398298,504,27425809,0.4405327,True,False,4079,668,1,1
dense_support_q8_r2,dense_support,wallclock_timing,,504,109703238,1.159421,True,False,47480,383,13,1
dense_support_q8_r2,dense_support,constant_250,250.0,504,109703238,1.223411,True,False,25458,776,1,1
dense_support_q8_r2,dense_support,cost_model_x0.4,156.47175274866677,504,109703238,1.3095769,True,False,43717,431,1,1
dense_support_q8_r2,dense_support,cost_model_x0.5,195.58969093583346,504,109703238,1.09591,True,False,34487,586,1,1
dense_support_q8_r2,dense_support,cost_model_x0.6,234.70762912300015,504,109703238,1.1043182,True,False,27648,725,1,1
dense_support_q12_r05,dense_support,wallclock_timing,,504,3266283,0.1291068,True,False,5126,120,3,1
dense_support_q12_r05,dense_support,constant_250,250.0,504,3266283,0.1164392,True,False,1,303,1,1
dense_support_q12_r05,dense_support,cost_model_x0.4,94.54718695994,504,3266283,0.1190823,True,False,544,272,1,1
dense_support_q12_r05,dense_support,cost_model_x0.5,118.183983699925,504,3266283,0.117571,True,False,1,303,1,1
dense_support_q12_r05,dense_support,cost_model_x0.6,141.82078043990998,504,3266283,0.1157255,True,False,1,303,1,1
dense_support_q12_r1,dense_support,wallclock_timing,,504,13065133,0.3646814,True,False,20995,78,7,1
dense_support_q12_r1,dense_support,constant_250,250.0,504,13065133,0.41917,True,False,1,604,1,1
dense_support_q12_r1,dense_support,cost_model_x0.4,96.23943076901122,504,13065133,0.3703099,True,False,7539,301,1,1
dense_support_q12_r1,dense_support,cost_model_x0.5,120.29928846126401,504,13065133,0.3804319,True,False,5177,372,1,1
dense_support_q12_r1,dense_support,cost_model_x0.6,144.3591461535168,504,13065133,0.3430258,True,False,3441,436,1,1
dense_support_q12_r2,dense_support,wallclock_timing,,504,52260533,1.0075299,True,False,56251,33,15,1
dense_support_q12_r2,dense_support,constant_250,250.0,504,52260533,1.239614,True,False,9589,768,1,1
dense_support_q12_r2,dense_support,cost_model_x0.4,98.76806323147295,504,52260533,0.8873243,True,False,32882,259,1,1
dense_support_q12_r2,dense_support,cost_model_x0.5,123.46007903934118,504,52260533,1.0084219,True,False,26217,360,1,1
dense_support_q12_r2,dense_support,cost_model_x0.6,148.1520948472094,504,52260533,0.9709849,True,False,21348,452,1,1
collision_o2_g0_n1000000_r05,collision,wallclock_timing,,504,27324219,0.1461829,True,False,10569,445,7,1
collision_o2_g0_n1000000_r05,collision,constant_250,250.0,504,27324219,0.1301403,True,False,2682,730,1,1
collision_o2_g0_n1000000_r05,collision,cost_model_x0.4,293.3973660445479,504,27324219,0.1349258,True,False,783,827,1,1
collision_o2_g0_n1000000_r05,collision,cost_model_x0.5,366.74670755568485,504,27324219,0.1384765,True,False,1,873,1,1
collision_o2_g0_n1000000_r05,collision,cost_model_x0.6,440.0960490668218,504,27324219,0.1393365,True,False,1,873,1,1
collision_o2_g0_n1000000_r1,collision,wallclock_timing,,504,109296878,0.6553884,True,False,1233,1672,3,1
collision_o2_g0_n1000000_r1,collision,constant_250,250.0,504,109296878,0.4783949,True,False,25351,776,1,1
collision_o2_g0_n1000000_r1,collision,cost_model_x0.4,313.68939549340627,504,109296878,0.460141,True,False,18055,974,1,1
collision_o2_g0_n1000000_r1,collision,cost_model_x0.5,392.1117443667578,504,109296878,0.5562554,True,False,11591,1191,1,1
collision_o2_g0_n1000000_r1,collision,cost_model_x0.6,470.53409324010937,504,109296878,0.4941919,True,False,6791,1388,1,1
collision_o2_g1_n1000000_r05,collision,wallclock_timing,,504,78960851,0.4713071,True,False,8239,1068,9,1
collision_o2_g1_n1000000_r05,collision,constant_250,250.0,504,78960851,0.4123751,True,False,10866,962,1,1
collision_o2_g1_n1000000_r05,collision,cost_model_x0.4,425.2981894945606,504,78960851,0.4093974,True,False,468,1354,1,1
collision_o2_g1_n1000000_r05,collision,cost_model_x0.5,531.6227368682007,504,78960851,0.4708406,True,False,1,1376,1,1
collision_o2_g1_n1000000_r05,collision,cost_model_x0.6,637.9472842418409,504,78960851,0.409585,True,False,1,1376,1,1
collision_o2_g2_n1000000_r05,collision,wallclock_timing,,504,102284560,0.5608378,True,False,3958,1330,5,1
collision_o2_g2_n1000000_r05,collision,constant_250,250.0,504,102284560,0.5522196,True,False,11546,1100,1,1
collision_o2_g2_n1000000_r05,collision,cost_model_x0.4,463.39562115304665,504,102284560,0.574978,True,False,1,1473,1,1
collision_o2_g2_n1000000_r05,collision,cost_model_x0.5,579.2445264413083,504,102284560,0.6197008,True,False,1,1473,1,1
collision_o2_g2_n1000000_r05,collision,cost_model_x0.6,695.0934317295699,504,102284560,0.5159435,True,False,1,1473,1,1
dimerization_r05,dimerization,wallclock_timing,,505,8376953,0.1620538,True,False,11667,739,6,1
dimerization_r05,dimerization,constant_250,250.0,505,8376953,0.1870207,True,False,16544,0,0,1
dimerization_r05,dimerization,cost_model_x0.4,352.1857560713393,505,8376953,0.1920176,True,False,16544,0,0,1
dimerization_r05,dimerization,cost_model_x0.5,440.2321950891741,505,8376953,0.1895457,True,False,1,2506,1,1
dimerization_r05,dimerization,cost_model_x0.6,528.2786341070089,505,8376953,0.1936183,True,False,1,2506,1,1
lotka_volterra_r05,lotka_volterra,wallclock_timing,,505,516476,0.7099792,True,False,54725,7933,36,1
lotka_volterra_r05,lotka_volterra,constant_250,250.0,505,516476,0.782193,True,False,75234,0,0,1
lotka_volterra_r05,lotka_volterra,cost_model_x0.4,299.7336913482398,505,516476,0.7832821,True,False,75234,0,0,1
lotka_volterra_r05,lotka_volterra,cost_model_x0.5,374.66711418529974,505,516476,0.6872957,True,False,49006,11003,7,1
lotka_volterra_r05,lotka_volterra,cost_model_x0.6,449.6005370223597,505,516476,0.7232182,True,False,24520,19919,7,1
shrinking_r05,shrinking,wallclock_timing,,505,414323,0.0122203,True,False,758,933,3,1
shrinking_r05,shrinking,constant_250,250.0,505,414323,0.011448,True,False,520,1031,1,1
shrinking_r05,shrinking,cost_model_x0.4,219.11363039155117,505,414323,0.011761,True,False,776,904,1,1
shrinking_r05,shrinking,cost_model_x0.5,273.89203798943896,505,414323,0.0113197,True,False,324,1133,1,1
shrinking_r05,shrinking,cost_model_x0.6,328.67044558732675,505,414323,0.0111435,True,False,1,1288,1,1
shrinking_r1,shrinking,wallclock_timing,,505,1657292,0.0393819,True,False,5043,120,4,1
shrinking_r1,shrinking,constant_250,250.0,505,1657292,0.0328265,True,False,3181,1024,1,1
shrinking_r1,shrinking,cost_model_x0.4,233.61588743640192,505,1657292,0.0339712,True,False,3313,957,1,1
shrinking_r1,shrinking,cost_model_x0.5,292.0198592955024,505,1657292,0.0331913,True,False,2808,1198,1,1
shrinking_r1,shrinking,cost_model_x0.6,350.42383115460285,505,1657292,0.0324841,True,False,2330,1442,1,1
shrinking_r2,shrinking,wallclock_timing,,505,6629170,0.0799494,True,False,10463,4,4,1
shrinking_r2,shrinking,constant_250,250.0,505,6629170,0.0756408,True,False,8524,1009,1,1
shrinking_r2,shrinking,cost_model_x0.4,258.79339145195667,505,6629170,0.0768991,True,False,8449,1045,1,1
shrinking_r2,shrinking,cost_model_x0.5,323.49173931494585,505,6629170,0.0773052,True,False,7900,1313,1,1
shrinking_r2,shrinking,cost_model_x0.6,388.190087177935,505,6629170,0.0782525,True,False,7340,1579,1,1
shrinking_no_b_decay_r05,shrinking,wallclock_timing,,505,1351956,0.0204667,True,False,1531,478,5,1
shrinking_no_b_decay_r05,shrinking,constant_250,250.0,505,1351956,0.0202784,True,False,920,607,1,1
shrinking_no_b_decay_r05,shrinking,cost_model_x0.4,248.30036605715384,505,1351956,0.0166947,True,False,938,603,1,1
shrinking_no_b_decay_r05,shrinking,cost_model_x0.5,310.37545757144227,505,1351956,0.0172304,True,False,276,776,1,1
shrinking_no_b_decay_r05,shrinking,cost_model_x0.6,372.4505490857307,505,1351956,0.0172554,True,False,1,854,1,1
shrinking_no_b_decay_r1,shrinking,wallclock_timing,,505,5407825,0.0789563,True,False,9266,193,7,1
shrinking_no_b_decay_r1,shrinking,constant_250,250.0,505,5407825,0.0603567,True,False,5197,567,1,1
shrinking_no_b_decay_r1,shrinking,cost_model_x0.4,266.2028483816863,505,5407825,0.0576805,True,False,4932,605,1,1
shrinking_no_b_decay_r1,shrinking,cost_model_x0.5,332.75356047710784,505,5407825,0.0560685,True,False,3948,772,1,1
shrinking_no_b_decay_r1,shrinking,cost_model_x0.6,399.3042725725294,505,5407825,0.0572883,True,False,3081,942,1,1
shrinking_no_b_decay_r2,shrinking,wallclock_timing,,505,21631301,0.1618479,True,False,8651,1414,5,1
shrinking_no_b_decay_r2,shrinking,constant_250,250.0,505,21631301,0.1585864,True,False,15748,545,1,1
shrinking_no_b_decay_r2,shrinking,cost_model_x0.4,297.56212599359094,505,21631301,0.1549282,True,False,14486,652,1,1
shrinking_no_b_decay_r2,shrinking,cost_model_x0.5,371.95265749198865,505,21631301,0.1234008,True,False,12751,825,1,1
shrinking_no_b_decay_r2,shrinking,cost_model_x0.6,446.34318899038635,505,21631301,0.1235689,True,False,11325,999,1,1
shrinking_split_b_decay_r05,shrinking,wallclock_timing,,505,263766,0.012237,True,False,2108,2,2,1
shrinking_split_b_decay_r05,shrinking,constant_250,250.0,505,263766,0.0072892,True,False,1,1029,1,1
shrinking_split_b_decay_r05,shrinking,cost_model_x0.4,197.73347427612777,505,263766,0.0073987,True,False,437,819,1,1
shrinking_split_b_decay_r05,shrinking,cost_model_x0.5,247.1668428451597,505,263766,0.0067092,True,False,8,1024,1,1
shrinking_split_b_decay_r05,shrinking,cost_model_x0.6,296.6002114141916,505,263766,0.0068931,True,False,1,1029,1,1
shrinking_split_b_decay_r1,shrinking,wallclock_timing,,505,1055067,0.0256961,True,False,4204,2,2,1
shrinking_split_b_decay_r1,shrinking,constant_250,250.0,505,1055067,0.0203104,True,False,2085,1030,1,1
shrinking_split_b_decay_r1,shrinking,cost_model_x0.4,208.5700389576839,505,1055067,0.0215494,True,False,2443,859,1,1
shrinking_split_b_decay_r1,shrinking,cost_model_x0.5,260.71254869710486,505,1055067,0.0200189,True,False,1986,1072,1,1
shrinking_split_b_decay_r1,shrinking,cost_model_x0.6,312.85505843652584,505,1055067,0.0209224,True,False,1554,1286,1,1
shrinking_split_b_decay_r2,shrinking,wallclock_timing,,505,4220269,0.0547845,True,False,8409,2,2,1
shrinking_split_b_decay_r2,shrinking,constant_250,250.0,505,4220269,0.0517967,True,False,6301,1015,1,1
shrinking_split_b_decay_r2,shrinking,cost_model_x0.4,226.8836600842692,505,4220269,0.0528103,True,False,6506,917,1,1
shrinking_split_b_decay_r2,shrinking,cost_model_x0.5,283.6045751053365,505,4220269,0.055865,True,False,5998,1156,1,1
shrinking_split_b_decay_r2,shrinking,cost_model_x0.6,340.3254901264038,505,4220269,0.0596161,True,False,5538,1386,1,1
shrinking_b_decay_channels_1_r05,branch_count,wallclock_timing,,505,348245,0.0158498,True,False,2408,2,2,1
shrinking_b_decay_channels_1_r05,branch_count,constant_250,250.0,505,348245,0.0096308,True,False,284,1032,1,1
shrinking_b_decay_channels_1_r05,branch_count,cost_model_x0.4,217.74580841166699,505,348245,0.0097922,True,False,559,900,1,1
shrinking_b_decay_channels_1_r05,branch_count,cost_model_x0.5,272.18226051458373,505,348245,0.0096065,True,False,112,1124,1,1
shrinking_b_decay_channels_1_r05,branch_count,cost_model_x0.6,326.6187126175005,505,348245,0.0097605,True,False,1,1179,1,1
shrinking_b_decay_channels_1_r1,branch_count,wallclock_timing,,505,1392983,0.0351316,True,False,4836,2,2,1
shrinking_b_decay_channels_1_r1,branch_count,constant_250,250.0,505,1392983,0.0277344,True,False,2751,1028,1,1
shrinking_b_decay_channels_1_r1,branch_count,cost_model_x0.4,231.35984415599106,505,1392983,0.0284741,True,False,2916,949,1,1
shrinking_b_decay_channels_1_r1,branch_count,cost_model_x0.5,289.1998051949888,505,1392983,0.0291043,True,False,2411,1188,1,1
shrinking_b_decay_channels_1_r1,branch_count,cost_model_x0.6,347.03976623398654,505,1392983,0.0279663,True,False,1927,1429,1,1
shrinking_b_decay_channels_1_r2,branch_count,wallclock_timing,,505,5571934,0.0745664,True,False,9590,4,4,1
shrinking_b_decay_channels_1_r2,branch_count,constant_250,250.0,505,5571934,0.0640415,True,False,7592,1011,1,1
shrinking_b_decay_channels_1_r2,branch_count,cost_model_x0.4,254.7609362600336,505,5571934,0.0641992,True,False,7549,1027,1,1
shrinking_b_decay_channels_1_r2,branch_count,cost_model_x0.5,318.45117032504197,505,5571934,0.063621,True,False,7029,1293,1,1
shrinking_b_decay_channels_1_r2,branch_count,cost_model_x0.6,382.14140439005035,505,5571934,0.0661711,True,False,6478,1561,1,1
shrinking_b_decay_channels_2_r05,branch_count,wallclock_timing,,505,269330,0.0143668,True,False,2137,2,2,1
shrinking_b_decay_channels_2_r05,branch_count,constant_250,250.0,505,269330,0.0085423,True,False,6,1034,1,1
shrinking_b_decay_channels_2_r05,branch_count,cost_model_x0.4,197.86253566399938,505,269330,0.0086704,True,False,441,818,1,1
shrinking_b_decay_channels_2_r05,branch_count,cost_model_x0.5,247.3281695799992,505,269330,0.0066551,True,False,28,1027,1,1
shrinking_b_decay_channels_2_r05,branch_count,cost_model_x0.6,296.79380349599904,505,269330,0.0068293,True,False,1,1040,1,1
shrinking_b_decay_channels_2_r1,branch_count,wallclock_timing,,505,1077322,0.0212894,True,False,1557,1329,3,1
shrinking_b_decay_channels_2_r1,branch_count,constant_250,250.0,505,1077322,0.0200637,True,False,2153,1028,1,1
shrinking_b_decay_channels_2_r1,branch_count,cost_model_x0.4,208.77751822970205,505,1077322,0.0210302,True,False,2526,856,1,1
shrinking_b_decay_channels_2_r1,branch_count,cost_model_x0.5,260.97189778712755,505,1077322,0.0198984,True,False,2053,1075,1,1
shrinking_b_decay_channels_2_r1,branch_count,cost_model_x0.6,313.16627734455307,505,1077322,0.0229961,True,False,1602,1290,1,1
shrinking_b_decay_channels_2_r2,branch_count,wallclock_timing,,505,4309289,0.0527325,True,False,8485,4,4,1
shrinking_b_decay_channels_2_r2,branch_count,constant_250,250.0,505,4309289,0.0489506,True,False,6486,1013,1,1
shrinking_b_decay_channels_2_r2,branch_count,cost_model_x0.4,227.2480335305428,505,4309289,0.0503758,True,False,6682,918,1,1
shrinking_b_decay_channels_2_r2,branch_count,cost_model_x0.5,284.0600419131785,505,4309289,0.0505994,True,False,6175,1157,1,1
shrinking_b_decay_channels_2_r2,branch_count,cost_model_x0.6,340.8720502958142,505,4309289,0.0516329,True,False,5696,1391,1,1
shrinking_b_decay_channels_4_r05,branch_count,wallclock_timing,,505,199588,0.0112851,True,False,1840,2,2,1
shrinking_b_decay_channels_4_r05,branch_count,constant_250,250.0,505,199588,0.006467,True,False,1,897,1,1
shrinking_b_decay_channels_4_r05,branch_count,cost_model_x0.4,171.04577082163632,505,199588,0.0069871,True,False,387,707,1,1
shrinking_b_decay_channels_4_r05,branch_count,cost_model_x0.5,213.80721352704538,505,199588,0.0064716,True,False,18,884,1,1
shrinking_b_decay_channels_4_r05,branch_count,cost_model_x0.6,256.56865623245443,505,199588,0.0071326,True,False,1,897,1,1
shrinking_b_decay_channels_4_r1,branch_count,wallclock_timing,,505,798355,0.0194616,True,False,1588,1012,3,1
shrinking_b_decay_channels_4_r1,branch_count,constant_250,250.0,505,798355,0.0199379,True,False,1525,1027,1,1
shrinking_b_decay_channels_4_r1,branch_count,cost_model_x0.4,178.97264496822606,505,798355,0.0191091,True,False,2135,738,1,1
shrinking_b_decay_channels_4_r1,branch_count,cost_model_x0.5,223.71580621028255,505,798355,0.0201411,True,False,1764,918,1,1
shrinking_b_decay_channels_4_r1,branch_count,cost_model_x0.6,268.45896745233904,505,798355,0.0188224,True,False,1369,1107,1,1
shrinking_b_decay_channels_4_r2,branch_count,wallclock_timing,,505,3193421,0.0559316,True,False,7387,2,2,1
shrinking_b_decay_channels_4_r2,branch_count,constant_250,250.0,505,3193421,0.0518411,True,False,5235,1021,1,1
shrinking_b_decay_channels_4_r2,branch_count,cost_model_x0.4,192.1265034016568,505,3193421,0.0527578,True,False,5742,779,1,1
shrinking_b_decay_channels_4_r2,branch_count,cost_model_x0.5,240.15812925207098,505,3193421,0.0521557,True,False,5320,976,1,1
shrinking_b_decay_channels_4_r2,branch_count,cost_model_x0.6,288.18975510248515,505,3193421,0.0528361,True,False,4905,1177,1,1
shrinking_b_decay_channels_8_r05,branch_count,wallclock_timing,,505,86246,0.009205,True,False,1212,2,2,1
shrinking_b_decay_channels_8_r05,branch_count,constant_250,250.0,505,86246,0.0049346,True,False,1,595,1,1
shrinking_b_decay_channels_8_r05,branch_count,cost_model_x0.4,139.6894619732563,505,86246,0.0048823,True,False,21,585,1,1
shrinking_b_decay_channels_8_r05,branch_count,cost_model_x0.5,174.61182746657036,505,86246,0.0053712,True,False,1,595,1,1
shrinking_b_decay_channels_8_r05,branch_count,cost_model_x0.6,209.53419295988442,505,86246,0.00447,True,False,1,595,1,1
shrinking_b_decay_channels_8_r1,branch_count,wallclock_timing,,505,344987,0.0196864,True,False,2429,2,2,1
shrinking_b_decay_channels_8_r1,branch_count,constant_250,250.0,505,344987,0.0177597,True,False,291,1035,1,1
shrinking_b_decay_channels_8_r1,branch_count,cost_model_x0.4,144.09519532536,505,344987,0.0147857,True,False,1166,597,1,1
shrinking_b_decay_channels_8_r1,branch_count,cost_model_x0.5,180.1189941567,505,344987,0.0150579,True,False,870,745,1,1
shrinking_b_decay_channels_8_r1,branch_count,cost_model_x0.6,216.14279298804001,505,344987,0.0156801,True,False,572,891,1,1
shrinking_b_decay_channels_8_r2,branch_count,wallclock_timing,,505,1379949,0.0406253,True,False,4828,2,2,1
shrinking_b_decay_channels_8_r2,branch_count,constant_250,250.0,505,1379949,0.0391381,True,False,2734,1024,1,1
shrinking_b_decay_channels_8_r2,branch_count,cost_model_x0.4,150.9680599761456,505,1379949,0.0363096,True,False,3565,618,1,1
shrinking_b_decay_channels_8_r2,branch_count,cost_model_x0.5,188.710074970182,505,1379949,0.0362216,True,False,3241,772,1,1
shrinking_b_decay_channels_8_r2,branch_count,cost_model_x0.6,226.4520899642184,505,1379949,0.0378588,True,False,2920,929,1,1
dense_support_q4_r05,dense_support,wallclock_timing,,505,26918558,0.1451957,True,False,4730,632,3,1
dense_support_q4_r05,dense_support,constant_250,250.0,505,26918558,0.1471771,True,False,2511,729,1,1
dense_support_q4_r05,dense_support,cost_model_x0.4,293.2284678964655,505,26918558,0.1497942,True,False,699,825,1,1
dense_support_q4_r05,dense_support,cost_model_x0.5,366.53558487058183,505,26918558,0.1544397,True,False,1,866,1,1
dense_support_q4_r05,dense_support,cost_model_x0.6,439.8427018446982,505,26918558,0.1312073,True,False,1,866,1,1
dense_support_q4_r1,dense_support,wallclock_timing,,505,107674233,0.4694035,True,False,8139,1316,5,1
dense_support_q4_r1,dense_support,constant_250,250.0,505,107674233,0.5001269,True,False,24978,776,1,1
dense_support_q4_r1,dense_support,cost_model_x0.4,313.4088157966551,505,107674233,0.5068366,True,False,17741,973,1,1
dense_support_q4_r1,dense_support,cost_model_x0.5,391.7610197458189,505,107674233,0.5298879,True,False,11306,1189,1,1
dense_support_q4_r1,dense_support,cost_model_x0.6,470.11322369498265,505,107674233,0.5173771,True,False,6573,1385,1,1
dense_support_q6_r05,dense_support,wallclock_timing,,505,14380815,0.1575533,True,False,17021,142,7,1
dense_support_q6_r05,dense_support,constant_250,250.0,505,14380815,0.1192955,True,False,1,634,1,1
dense_support_q6_r05,dense_support,cost_model_x0.4,199.88334470424422,505,14380815,0.1199627,True,False,1071,572,1,1
dense_support_q6_r05,dense_support,cost_model_x0.5,249.85418088030528,505,14380815,0.1385042,True,False,1,634,1,1
dense_support_q6_r05,dense_support,cost_model_x0.6,299.82501705636633,505,14380815,0.1251169,True,False,1,634,1,1
dense_support_q6_r1,dense_support,wallclock_timing,,505,57523260,0.3724703,True,False,13640,693,5,1
dense_support_q6_r1,dense_support,constant_250,250.0,505,57523260,0.3850865,True,False,11053,771,1,1
dense_support_q6_r1,dense_support,cost_model_x0.4,209.21892305275935,505,57523260,0.3446509,True,False,15050,652,1,1
dense_support_q6_r1,dense_support,cost_model_x0.5,261.52365381594916,505,57523260,0.3707747,True,False,10074,803,1,1
dense_support_q6_r1,dense_support,cost_model_x0.6,313.82838457913897,505,57523260,0.4299737,True,False,6474,940,1,1
dense_support_q8_r05,dense_support,wallclock_timing,,505,6856452,0.1303007,True,False,11017,109,5,1
dense_support_q8_r05,dense_support,constant_250,250.0,505,6856452,0.1126066,True,False,1,438,1,1
dense_support_q8_r05,dense_support,cost_model_x0.4,144.81867232667844,505,6856452,0.1029843,True,False,467,411,1,1
dense_support_q8_r05,dense_support,cost_model_x0.5,181.02334040834805,505,6856452,0.1084122,True,False,1,438,1,1
dense_support_q8_r05,dense_support,cost_model_x0.6,217.22800849001766,505,6856452,0.1186904,True,False,1,438,1,1
dense_support_q8_r1,dense_support,wallclock_timing,,505,27425809,0.3721806,True,False,5631,604,3,1
dense_support_q8_r1,dense_support,constant_250,250.0,505,27425809,0.3452263,True,False,2648,730,1,1
dense_support_q8_r1,dense_support,cost_model_x0.4,149.32476065598868,505,27425809,0.3041607,True,False,9802,465,1,1
dense_support_q8_r1,dense_support,cost_model_x0.5,186.65595081998583,505,27425809,0.3240085,True,False,6491,571,1,1
dense_support_q8_r1,dense_support,cost_model_x0.6,223.98714098398298,505,27425809,0.3428387,True,False,4040,668,1,1
dense_support_q8_r2,dense_support,wallclock_timing,,505,109703238,0.9265382,True,False,41948,463,13,1
dense_support_q8_r2,dense_support,constant_250,250.0,505,109703238,0.9632641,True,False,25542,776,1,1
dense_support_q8_r2,dense_support,cost_model_x0.4,156.47175274866677,505,109703238,0.8667189,True,False,43695,431,1,1
dense_support_q8_r2,dense_support,cost_model_x0.5,195.58969093583346,505,109703238,0.9438914,True,False,34545,585,1,1
dense_support_q8_r2,dense_support,cost_model_x0.6,234.70762912300015,505,109703238,0.967307,True,False,27772,724,1,1
dense_support_q12_r05,dense_support,wallclock_timing,,505,3266283,0.0918507,True,False,1354,233,3,1
dense_support_q12_r05,dense_support,constant_250,250.0,505,3266283,0.0947069,True,False,1,303,1,1
dense_support_q12_r05,dense_support,cost_model_x0.4,94.54718695994,505,3266283,0.0934187,True,False,541,272,1,1
dense_support_q12_r05,dense_support,cost_model_x0.5,118.183983699925,505,3266283,0.093624,True,False,1,303,1,1
dense_support_q12_r05,dense_support,cost_model_x0.6,141.82078043990998,505,3266283,0.0944281,True,False,1,303,1,1
dense_support_q12_r1,dense_support,wallclock_timing,,505,13065133,0.37837,True,False,17988,112,7,1
dense_support_q12_r1,dense_support,constant_250,250.0,505,13065133,0.3919758,True,False,1,604,1,1
dense_support_q12_r1,dense_support,cost_model_x0.4,96.23943076901122,505,13065133,0.2932017,True,False,7497,301,1,1
dense_support_q12_r1,dense_support,cost_model_x0.5,120.29928846126401,505,13065133,0.3105937,True,False,5152,371,1,1
dense_support_q12_r1,dense_support,cost_model_x0.6,144.3591461535168,505,13065133,0.322281,True,False,3398,436,1,1
dense_support_q12_r2,dense_support,wallclock_timing,,505,52260533,0.876924,True,False,30069,304,9,1
dense_support_q12_r2,dense_support,constant_250,250.0,505,52260533,1.1227527,True,False,9543,768,1,1
dense_support_q12_r2,dense_support,cost_model_x0.4,98.76806323147295,505,52260533,0.8583478,True,False,32908,259,1,1
dense_support_q12_r2,dense_support,cost_model_x0.5,123.46007903934118,505,52260533,0.8627668,True,False,26293,360,1,1
dense_support_q12_r2,dense_support,cost_model_x0.6,148.1520948472094,505,52260533,0.9053029,True,False,21349,452,1,1
collision_o2_g0_n1000000_r05,collision,wallclock_timing,,505,27324219,0.1555049,True,False,10274,452,5,1
collision_o2_g0_n1000000_r05,collision,constant_250,250.0,505,27324219,0.151664,True,False,2623,730,1,1
collision_o2_g0_n1000000_r05,collision,cost_model_x0.4,293.3973660445479,505,27324219,0.1435092,True,False,782,827,1,1
collision_o2_g0_n1000000_r05,collision,cost_model_x0.5,366.74670755568485,505,27324219,0.131194,True,False,1,873,1,1
collision_o2_g0_n1000000_r05,collision,cost_model_x0.6,440.0960490668218,505,27324219,0.1347475,True,False,1,873,1,1
collision_o2_g0_n1000000_r1,collision,wallclock_timing,,505,109296878,0.4547096,True,False,26766,747,11,1
collision_o2_g0_n1000000_r1,collision,constant_250,250.0,505,109296878,0.4570922,True,False,25430,776,1,1
collision_o2_g0_n1000000_r1,collision,cost_model_x0.4,313.68939549340627,505,109296878,0.4399095,True,False,18074,974,1,1
collision_o2_g0_n1000000_r1,collision,cost_model_x0.5,392.1117443667578,505,109296878,0.4575642,True,False,11582,1191,1,1
collision_o2_g0_n1000000_r1,collision,cost_model_x0.6,470.53409324010937,505,109296878,0.4808904,True,False,6790,1388,1,1
collision_o2_g1_n1000000_r05,collision,wallclock_timing,,505,78960851,0.4401635,True,False,1237,1317,5,1
collision_o2_g1_n1000000_r05,collision,constant_250,250.0,505,78960851,0.3933778,True,False,10863,962,1,1
collision_o2_g1_n1000000_r05,collision,cost_model_x0.4,425.2981894945606,505,78960851,0.4322281,True,False,459,1353,1,1
collision_o2_g1_n1000000_r05,collision,cost_model_x0.5,531.6227368682007,505,78960851,0.4207411,True,False,1,1377,1,1
collision_o2_g1_n1000000_r05,collision,cost_model_x0.6,637.9472842418409,505,78960851,0.41532,True,False,1,1377,1,1
collision_o2_g2_n1000000_r05,collision,wallclock_timing,,505,102284560,0.5550589,True,False,2903,1374,5,1
collision_o2_g2_n1000000_r05,collision,constant_250,250.0,505,102284560,0.5370685,True,False,11529,1100,1,1
collision_o2_g2_n1000000_r05,collision,cost_model_x0.4,463.39562115304665,505,102284560,0.5234638,True,False,1,1473,1,1
collision_o2_g2_n1000000_r05,collision,cost_model_x0.5,579.2445264413083,505,102284560,0.5768588,True,False,1,1473,1,1
collision_o2_g2_n1000000_r05,collision,cost_model_x0.6,695.0934317295699,505,102284560,0.5365006,True,False,1,1473,1,1
dimerization_r05,dimerization,wallclock_timing,,506,8376953,0.1865783,True,False,13621,448,8,1
dimerization_r05,dimerization,constant_250,250.0,506,8376953,0.1710894,True,False,16607,0,0,1
dimerization_r05,dimerization,cost_model_x0.4,352.1857560713393,506,8376953,0.1628496,True,False,16607,0,0,1
dimerization_r05,dimerization,cost_model_x0.5,440.2321950891741,506,8376953,0.1586742,True,False,1,2506,1,1
dimerization_r05,dimerization,cost_model_x0.6,528.2786341070089,506,8376953,0.158607,True,False,1,2506,1,1
lotka_volterra_r05,lotka_volterra,wallclock_timing,,506,516476,0.775265,True,False,67705,2871,32,1
lotka_volterra_r05,lotka_volterra,constant_250,250.0,506,516476,0.74317,True,False,75268,0,0,1
lotka_volterra_r05,lotka_volterra,cost_model_x0.4,299.7336913482398,506,516476,0.7723031,True,False,75268,0,0,1
lotka_volterra_r05,lotka_volterra,cost_model_x0.5,374.66711418529974,506,516476,0.6988244,True,False,48755,11133,7,1
lotka_volterra_r05,lotka_volterra,cost_model_x0.6,449.6005370223597,506,516476,0.616393,True,False,24557,19875,7,1
shrinking_r05,shrinking,wallclock_timing,,506,414323,0.0103201,True,False,1011,809,3,1
shrinking_r05,shrinking,constant_250,250.0,506,414323,0.0114358,True,False,535,1035,1,1
shrinking_r05,shrinking,cost_model_x0.4,219.11363039155117,506,414323,0.0096906,True,False,793,905,1,1
shrinking_r05,shrinking,cost_model_x0.5,273.89203798943896,506,414323,0.0094849,True,False,326,1138,1,1
shrinking_r05,shrinking,cost_model_x0.6,328.67044558732675,506,414323,0.0096482,True,False,1,1291,1,1
shrinking_r1,shrinking,wallclock_timing,,506,1657292,0.0338147,True,False,5127,82,4,1
shrinking_r1,shrinking,constant_250,250.0,506,1657292,0.0277197,True,False,3198,1029,1,1
shrinking_r1,shrinking,cost_model_x0.4,233.61588743640192,506,1657292,0.0276632,True,False,3347,960,1,1
shrinking_r1,shrinking,cost_model_x0.5,292.0198592955024,506,1657292,0.029218,True,False,2850,1199,1,1
shrinking_r1,shrinking,cost_model_x0.6,350.42383115460285,506,1657292,0.028461,True,False,2351,1437,1,1
shrinking_r2,shrinking,wallclock_timing,,506,6629170,0.0684611,True,False,10520,4,4,1
shrinking_r2,shrinking,constant_250,250.0,506,6629170,0.0638636,True,False,8546,1004,1,1
shrinking_r2,shrinking,cost_model_x0.4,258.79339145195667,506,6629170,0.0647133,True,False,8471,1044,1,1
shrinking_r2,shrinking,cost_model_x0.5,323.49173931494585,506,6629170,0.0642017,True,False,7910,1311,1,1
shrinking_r2,shrinking,cost_model_x0.6,388.190087177935,506,6629170,0.0646647,True,False,7358,1582,1,1
shrinking_no_b_decay_r05,shrinking,wallclock_timing,,506,1351956,0.0209547,True,False,2363,326,3,1
shrinking_no_b_decay_r05,shrinking,constant_250,250.0,506,1351956,0.0164568,True,False,919,607,1,1
shrinking_no_b_decay_r05,shrinking,cost_model_x0.4,248.30036605715384,506,1351956,0.0174322,True,False,936,603,1,1
shrinking_no_b_decay_r05,shrinking,cost_model_x0.5,310.37545757144227,506,1351956,0.0150135,True,False,278,776,1,1
shrinking_no_b_decay_r05,shrinking,cost_model_x0.6,372.4505490857307,506,1351956,0.0155665,True,False,1,855,1,1
shrinking_no_b_decay_r1,shrinking,wallclock_timing,,506,5407825,0.0729951,True,False,9071,204,5,1
shrinking_no_b_decay_r1,shrinking,constant_250,250.0,506,5407825,0.0579252,True,False,5254,565,1,1
shrinking_no_b_decay_r1,shrinking,cost_model_x0.4,266.2028483816863,506,5407825,0.0597745,True,False,4989,605,1,1
shrinking_no_b_decay_r1,shrinking,cost_model_x0.5,332.75356047710784,506,5407825,0.0644125,True,False,3983,771,1,1
shrinking_no_b_decay_r1,shrinking,cost_model_x0.6,399.3042725725294,506,5407825,0.0588021,True,False,3087,942,1,1
shrinking_no_b_decay_r2,shrinking,wallclock_timing,,506,21631301,0.1368037,True,False,16753,480,7,1
shrinking_no_b_decay_r2,shrinking,constant_250,250.0,506,21631301,0.1358005,True,False,15915,544,1,1
shrinking_no_b_decay_r2,shrinking,cost_model_x0.4,297.56212599359094,506,21631301,0.1302792,True,False,14611,652,1,1
shrinking_no_b_decay_r2,shrinking,cost_model_x0.5,371.95265749198865,506,21631301,0.1311276,True,False,12899,824,1,1
shrinking_no_b_decay_r2,shrinking,cost_model_x0.6,446.34318899038635,506,21631301,0.1288297,True,False,11431,999,1,1
shrinking_split_b_decay_r05,shrinking,wallclock_timing,,506,263766,0.0073413,True,False,510,774,3,1
shrinking_split_b_decay_r05,shrinking,constant_250,250.0,506,263766,0.0067857,True,False,1,1022,1,1
shrinking_split_b_decay_r05,shrinking,cost_model_x0.4,197.73347427612777,506,263766,0.0083008,True,False,432,816,1,1
shrinking_split_b_decay_r05,shrinking,cost_model_x0.5,247.1668428451597,506,263766,0.0069481,True,False,9,1026,1,1
shrinking_split_b_decay_r05,shrinking,cost_model_x0.6,296.6002114141916,506,263766,0.0100437,True,False,1,1022,1,1
shrinking_split_b_decay_r1,shrinking,wallclock_timing,,506,1055067,0.0207019,True,False,1584,1277,3,1
shrinking_split_b_decay_r1,shrinking,constant_250,250.0,506,1055067,0.0207464,True,False,2101,1028,1,1
shrinking_split_b_decay_r1,shrinking,cost_model_x0.4,208.5700389576839,506,1055067,0.0227266,True,False,2460,859,1,1
shrinking_split_b_decay_r1,shrinking,cost_model_x0.5,260.71254869710486,506,1055067,0.0206891,True,False,2009,1070,1,1
shrinking_split_b_decay_r1,shrinking,cost_model_x0.6,312.85505843652584,506,1055067,0.0219453,True,False,1562,1291,1,1
shrinking_split_b_decay_r2,shrinking,wallclock_timing,,506,4220269,0.0601677,True,False,8428,30,6,1
shrinking_split_b_decay_r2,shrinking,constant_250,250.0,506,4220269,0.054607,True,False,6330,1012,1,1
shrinking_split_b_decay_r2,shrinking,cost_model_x0.4,226.8836600842692,506,4220269,0.0527265,True,False,6540,919,1,1
shrinking_split_b_decay_r2,shrinking,cost_model_x0.5,283.6045751053365,506,4220269,0.0551607,True,False,6028,1154,1,1
shrinking_split_b_decay_r2,shrinking,cost_model_x0.6,340.3254901264038,506,4220269,0.0590427,True,False,5557,1386,1,1
shrinking_b_decay_channels_1_r05,branch_count,wallclock_timing,,506,348245,0.0105164,True,False,954,718,3,1
shrinking_b_decay_channels_1_r05,branch_count,constant_250,250.0,506,348245,0.0095308,True,False,303,1035,1,1
shrinking_b_decay_channels_1_r05,branch_count,cost_model_x0.4,217.74580841166699,506,348245,0.0098649,True,False,580,899,1,1
shrinking_b_decay_channels_1_r05,branch_count,cost_model_x0.5,272.18226051458373,506,348245,0.0103262,True,False,121,1125,1,1
shrinking_b_decay_channels_1_r05,branch_count,cost_model_x0.6,326.6187126175005,506,348245,0.0090334,True,False,1,1183,1,1
shrinking_b_decay_channels_1_r1,branch_count,wallclock_timing,,506,1392983,0.0389716,True,False,4707,80,4,1
shrinking_b_decay_channels_1_r1,branch_count,constant_250,250.0,506,1392983,0.0290511,True,False,2723,1026,1,1
shrinking_b_decay_channels_1_r1,branch_count,cost_model_x0.4,231.35984415599106,506,1392983,0.0278811,True,False,2882,951,1,1
shrinking_b_decay_channels_1_r1,branch_count,cost_model_x0.5,289.1998051949888,506,1392983,0.0261765,True,False,2380,1187,1,1
shrinking_b_decay_channels_1_r1,branch_count,cost_model_x0.6,347.03976623398654,506,1392983,0.0288119,True,False,1907,1429,1,1
shrinking_b_decay_channels_1_r2,branch_count,wallclock_timing,,506,5571934,0.0776058,True,False,9687,4,4,1
shrinking_b_decay_channels_1_r2,branch_count,constant_250,250.0,506,5571934,0.0541337,True,False,7634,1011,1,1
shrinking_b_decay_channels_1_r2,branch_count,cost_model_x0.4,254.7609362600336,506,5571934,0.0553509,True,False,7593,1030,1,1
shrinking_b_decay_channels_1_r2,branch_count,cost_model_x0.5,318.45117032504197,506,5571934,0.0572532,True,False,7061,1296,1,1
shrinking_b_decay_channels_1_r2,branch_count,cost_model_x0.6,382.14140439005035,506,5571934,0.0563991,True,False,6512,1556,1,1
shrinking_b_decay_channels_2_r05,branch_count,wallclock_timing,,506,269330,0.012982,True,False,2137,2,2,1
shrinking_b_decay_channels_2_r05,branch_count,constant_250,250.0,506,269330,0.008037,True,False,8,1038,1,1
shrinking_b_decay_channels_2_r05,branch_count,cost_model_x0.4,197.86253566399938,506,269330,0.0073784,True,False,462,822,1,1
shrinking_b_decay_channels_2_r05,branch_count,cost_model_x0.5,247.3281695799992,506,269330,0.0071761,True,False,36,1026,1,1
shrinking_b_decay_channels_2_r05,branch_count,cost_model_x0.6,296.79380349599904,506,269330,0.0071131,True,False,1,1038,1,1
shrinking_b_decay_channels_2_r1,branch_count,wallclock_timing,,506,1077322,0.0338691,True,False,4016,86,6,1
shrinking_b_decay_channels_2_r1,branch_count,constant_250,250.0,506,1077322,0.0231143,True,False,2150,1034,1,1
shrinking_b_decay_channels_2_r1,branch_count,cost_model_x0.4,208.77751822970205,506,1077322,0.0227347,True,False,2507,854,1,1
shrinking_b_decay_channels_2_r1,branch_count,cost_model_x0.5,260.97189778712755,506,1077322,0.0238185,True,False,2053,1073,1,1
shrinking_b_decay_channels_2_r1,branch_count,cost_model_x0.6,313.16627734455307,506,1077322,0.0214924,True,False,1595,1294,1,1
shrinking_b_decay_channels_2_r2,branch_count,wallclock_timing,,506,4309289,0.0608911,True,False,8501,4,4,1
shrinking_b_decay_channels_2_r2,branch_count,constant_250,250.0,506,4309289,0.0531197,True,False,6453,1013,1,1
shrinking_b_decay_channels_2_r2,branch_count,cost_model_x0.4,227.2480335305428,506,4309289,0.0520343,True,False,6638,915,1,1
shrinking_b_decay_channels_2_r2,branch_count,cost_model_x0.5,284.0600419131785,506,4309289,0.0503311,True,False,6165,1157,1,1
shrinking_b_decay_channels_2_r2,branch_count,cost_model_x0.6,340.8720502958142,506,4309289,0.0535015,True,False,5677,1388,1,1
shrinking_b_decay_channels_4_r05,branch_count,wallclock_timing,,506,199588,0.0064845,True,False,358,720,3,1
shrinking_b_decay_channels_4_r05,branch_count,constant_250,250.0,506,199588,0.0067224,True,False,1,894,1,1
shrinking_b_decay_channels_4_r05,branch_count,cost_model_x0.4,171.04577082163632,506,199588,0.0066961,True,False,377,713,1,1
shrinking_b_decay_channels_4_r05,branch_count,cost_model_x0.5,213.80721352704538,506,199588,0.0074507,True,False,19,886,1,1
shrinking_b_decay_channels_4_r05,branch_count,cost_model_x0.6,256.56865623245443,506,199588,0.0063397,True,False,1,894,1,1
shrinking_b_decay_channels_4_r1,branch_count,wallclock_timing,,506,798355,0.0261623,True,False,3550,71,4,1
shrinking_b_decay_channels_4_r1,branch_count,constant_250,250.0,506,798355,0.0193318,True,False,1578,1031,1,1
shrinking_b_decay_channels_4_r1,branch_count,cost_model_x0.4,178.97264496822606,506,798355,0.0196334,True,False,2171,734,1,1
shrinking_b_decay_channels_4_r1,branch_count,cost_model_x0.5,223.71580621028255,506,798355,0.0233228,True,False,1791,919,1,1
shrinking_b_decay_channels_4_r1,branch_count,cost_model_x0.6,268.45896745233904,506,798355,0.0193214,True,False,1424,1104,1,1
shrinking_b_decay_channels_4_r2,branch_count,wallclock_timing,,506,3193421,0.0519815,True,False,7393,2,2,1
shrinking_b_decay_channels_4_r2,branch_count,constant_250,250.0,506,3193421,0.0460901,True,False,5247,1021,1,1
shrinking_b_decay_channels_4_r2,branch_count,cost_model_x0.4,192.1265034016568,506,3193421,0.0460471,True,False,5749,780,1,1
shrinking_b_decay_channels_4_r2,branch_count,cost_model_x0.5,240.15812925207098,506,3193421,0.0469544,True,False,5336,976,1,1
shrinking_b_decay_channels_4_r2,branch_count,cost_model_x0.6,288.18975510248515,506,3193421,0.0470477,True,False,4925,1175,1,1
shrinking_b_decay_channels_8_r05,branch_count,wallclock_timing,,506,86246,0.0081708,True,False,1208,2,2,1
shrinking_b_decay_channels_8_r05,branch_count,constant_250,250.0,506,86246,0.004561,True,False,1,587,1,1
shrinking_b_decay_channels_8_r05,branch_count,cost_model_x0.4,139.6894619732563,506,86246,0.0047581,True,False,21,583,1,1
shrinking_b_decay_channels_8_r05,branch_count,cost_model_x0.5,174.61182746657036,506,86246,0.0045903,True,False,1,587,1,1
shrinking_b_decay_channels_8_r05,branch_count,cost_model_x0.6,209.53419295988442,506,86246,0.0045935,True,False,1,587,1,1
shrinking_b_decay_channels_8_r1,branch_count,wallclock_timing,,506,344987,0.0180891,True,False,2397,2,2,1
shrinking_b_decay_channels_8_r1,branch_count,constant_250,250.0,506,344987,0.0164988,True,False,294,1036,1,1
shrinking_b_decay_channels_8_r1,branch_count,cost_model_x0.4,144.09519532536,506,344987,0.0147983,True,False,1191,594,1,1
shrinking_b_decay_channels_8_r1,branch_count,cost_model_x0.5,180.1189941567,506,344987,0.014874,True,False,882,747,1,1
shrinking_b_decay_channels_8_r1,branch_count,cost_model_x0.6,216.14279298804001,506,344987,0.0163967,True,False,579,893,1,1
shrinking_b_decay_channels_8_r2,branch_count,wallclock_timing,,506,1379949,0.0412958,True,False,4830,2,2,1
shrinking_b_decay_channels_8_r2,branch_count,constant_250,250.0,506,1379949,0.0391023,True,False,2654,1026,1,1
shrinking_b_decay_channels_8_r2,branch_count,cost_model_x0.4,150.9680599761456,506,1379949,0.0371964,True,False,3515,618,1,1
shrinking_b_decay_channels_8_r2,branch_count,cost_model_x0.5,188.710074970182,506,1379949,0.0378727,True,False,3189,775,1,1
shrinking_b_decay_channels_8_r2,branch_count,cost_model_x0.6,226.4520899642184,506,1379949,0.0379642,True,False,2855,931,1,1
dense_support_q4_r05,dense_support,wallclock_timing,,506,26918558,0.149876,True,False,2822,722,5,1
dense_support_q4_r05,dense_support,constant_250,250.0,506,26918558,0.1220026,True,False,2570,729,1,1
dense_support_q4_r05,dense_support,cost_model_x0.4,293.2284678964655,506,26918558,0.132006,True,False,697,825,1,1
dense_support_q4_r05,dense_support,cost_model_x0.5,366.53558487058183,506,26918558,0.1372508,True,False,1,866,1,1
dense_support_q4_r05,dense_support,cost_model_x0.6,439.8427018446982,506,26918558,0.134994,True,False,1,866,1,1
dense_support_q4_r1,dense_support,wallclock_timing,,506,107674233,0.4618395,True,False,8657,1294,5,1
dense_support_q4_r1,dense_support,constant_250,250.0,506,107674233,0.423311,True,False,24920,776,1,1
dense_support_q4_r1,dense_support,cost_model_x0.4,313.4088157966551,506,107674233,0.4253241,True,False,17658,972,1,1
dense_support_q4_r1,dense_support,cost_model_x0.5,391.7610197458189,506,107674233,0.4536941,True,False,11276,1189,1,1
dense_support_q4_r1,dense_support,cost_model_x0.6,470.11322369498265,506,107674233,0.4818106,True,False,6547,1385,1,1
dense_support_q6_r05,dense_support,wallclock_timing,,506,14380815,0.1178845,True,False,7641,322,3,1
dense_support_q6_r05,dense_support,constant_250,250.0,506,14380815,0.1202684,True,False,1,633,1,1
dense_support_q6_r05,dense_support,cost_model_x0.4,199.88334470424422,506,14380815,0.112587,True,False,1086,572,1,1
dense_support_q6_r05,dense_support,cost_model_x0.5,249.85418088030528,506,14380815,0.1132655,True,False,1,633,1,1
dense_support_q6_r05,dense_support,cost_model_x0.6,299.82501705636633,506,14380815,0.1132881,True,False,1,633,1,1
dense_support_q6_r1,dense_support,wallclock_timing,,506,57523260,0.3663186,True,False,10703,782,5,1
dense_support_q6_r1,dense_support,constant_250,250.0,506,57523260,0.3655682,True,False,11015,771,1,1
dense_support_q6_r1,dense_support,cost_model_x0.4,209.21892305275935,506,57523260,0.3494075,True,False,14957,652,1,1
dense_support_q6_r1,dense_support,cost_model_x0.5,261.52365381594916,506,57523260,0.3781085,True,False,10088,803,1,1
dense_support_q6_r1,dense_support,cost_model_x0.6,313.82838457913897,506,57523260,0.4015475,True,False,6454,940,1,1
dense_support_q8_r05,dense_support,wallclock_timing,,506,6856452,0.0974879,True,False,5490,217,3,1
dense_support_q8_r05,dense_support,constant_250,250.0,506,6856452,0.10538,True,False,1,438,1,1
dense_support_q8_r05,dense_support,cost_model_x0.4,144.81867232667844,506,6856452,0.1093296,True,False,478,411,1,1
dense_support_q8_r05,dense_support,cost_model_x0.5,181.02334040834805,506,6856452,0.1108309,True,False,1,438,1,1
dense_support_q8_r05,dense_support,cost_model_x0.6,217.22800849001766,506,6856452,0.109583,True,False,1,438,1,1
dense_support_q8_r1,dense_support,wallclock_timing,,506,27425809,0.2979129,True,False,18218,276,7,1
dense_support_q8_r1,dense_support,constant_250,250.0,506,27425809,0.3439512,True,False,2699,730,1,1
dense_support_q8_r1,dense_support,cost_model_x0.4,149.32476065598868,506,27425809,0.2957577,True,False,9806,465,1,1
dense_support_q8_r1,dense_support,cost_model_x0.5,186.65595081998583,506,27425809,0.3126962,True,False,6468,572,1,1
dense_support_q8_r1,dense_support,cost_model_x0.6,223.98714098398298,506,27425809,0.3349197,True,False,4043,668,1,1
dense_support_q8_r2,dense_support,wallclock_timing,,506,109703238,1.034788,True,False,20770,898,7,1
dense_support_q8_r2,dense_support,constant_250,250.0,506,109703238,0.9773199,True,False,25460,776,1,1
dense_support_q8_r2,dense_support,cost_model_x0.4,156.47175274866677,506,109703238,0.8435547,True,False,43715,431,1,1
dense_support_q8_r2,dense_support,cost_model_x0.5,195.58969093583346,506,109703238,0.9038251,True,False,34475,585,1,1
dense_support_q8_r2,dense_support,cost_model_x0.6,234.70762912300015,506,109703238,0.9180442,True,False,27681,725,1,1
dense_support_q12_r05,dense_support,wallclock_timing,,506,3266283,0.099865,True,False,2755,182,3,1
dense_support_q12_r05,dense_support,constant_250,250.0,506,3266283,0.0956523,True,False,1,303,1,1
dense_support_q12_r05,dense_support,cost_model_x0.4,94.54718695994,506,3266283,0.0948425,True,False,555,272,1,1
dense_support_q12_r05,dense_support,cost_model_x0.5,118.183983699925,506,3266283,0.097783,True,False,1,303,1,1
dense_support_q12_r05,dense_support,cost_model_x0.6,141.82078043990998,506,3266283,0.0952782,True,False,1,303,1,1
dense_support_q12_r1,dense_support,wallclock_timing,,506,13065133,0.3526283,True,False,17329,120,7,1
dense_support_q12_r1,dense_support,constant_250,250.0,506,13065133,0.4261589,True,False,1,604,1,1
dense_support_q12_r1,dense_support,cost_model_x0.4,96.23943076901122,506,13065133,0.2952854,True,False,7500,300,1,1
dense_support_q12_r1,dense_support,cost_model_x0.5,120.29928846126401,506,13065133,0.3056588,True,False,5126,372,1,1
dense_support_q12_r1,dense_support,cost_model_x0.6,144.3591461535168,506,13065133,0.3252247,True,False,3413,435,1,1
dense_support_q12_r2,dense_support,wallclock_timing,,506,52260533,0.846438,True,False,38056,197,11,1
dense_support_q12_r2,dense_support,constant_250,250.0,506,52260533,1.1446102,True,False,9558,768,1,1
dense_support_q12_r2,dense_support,cost_model_x0.4,98.76806323147295,506,52260533,0.8157175,True,False,32856,259,1,1
dense_support_q12_r2,dense_support,cost_model_x0.5,123.46007903934118,506,52260533,0.8881781,True,False,26210,360,1,1
dense_support_q12_r2,dense_support,cost_model_x0.6,148.1520948472094,506,52260533,0.9286362,True,False,21299,452,1,1
collision_o2_g0_n1000000_r05,collision,wallclock_timing,,506,27324219,0.164738,True,False,17867,283,9,1
collision_o2_g0_n1000000_r05,collision,constant_250,250.0,506,27324219,0.1547708,True,False,2674,730,1,1
collision_o2_g0_n1000000_r05,collision,cost_model_x0.4,293.3973660445479,506,27324219,0.1675172,True,False,774,827,1,1
collision_o2_g0_n1000000_r05,collision,cost_model_x0.5,366.74670755568485,506,27324219,0.1526024,True,False,1,873,1,1
collision_o2_g0_n1000000_r05,collision,cost_model_x0.6,440.0960490668218,506,27324219,0.1337913,True,False,1,873,1,1
collision_o2_g0_n1000000_r1,collision,wallclock_timing,,506,109296878,0.5471917,True,False,3637,1566,5,1
collision_o2_g0_n1000000_r1,collision,constant_250,250.0,506,109296878,0.4586739,True,False,25352,776,1,1
collision_o2_g0_n1000000_r1,collision,cost_model_x0.4,313.68939549340627,506,109296878,0.4348068,True,False,17975,974,1,1
collision_o2_g0_n1000000_r1,collision,cost_model_x0.5,392.1117443667578,506,109296878,0.5032203,True,False,11542,1191,1,1
collision_o2_g0_n1000000_r1,collision,cost_model_x0.6,470.53409324010937,506,109296878,0.4916751,True,False,6759,1388,1,1
collision_o2_g1_n1000000_r05,collision,wallclock_timing,,506,78960851,0.4092585,True,False,7883,1056,5,1
collision_o2_g1_n1000000_r05,collision,constant_250,250.0,506,78960851,0.4248613,True,False,10827,962,1,1
collision_o2_g1_n1000000_r05,collision,cost_model_x0.4,425.2981894945606,506,78960851,0.4092873,True,False,468,1354,1,1
collision_o2_g1_n1000000_r05,collision,cost_model_x0.5,531.6227368682007,506,78960851,0.4019829,True,False,1,1376,1,1
collision_o2_g1_n1000000_r05,collision,cost_model_x0.6,637.9472842418409,506,78960851,0.4328889,True,False,1,1376,1,1
collision_o2_g2_n1000000_r05,collision,wallclock_timing,,506,102284560,0.5220203,True,False,4060,1337,7,1
collision_o2_g2_n1000000_r05,collision,constant_250,250.0,506,102284560,0.5255553,True,False,11493,1100,1,1
collision_o2_g2_n1000000_r05,collision,cost_model_x0.4,463.39562115304665,506,102284560,0.5481032,True,False,1,1473,1,1
collision_o2_g2_n1000000_r05,collision,cost_model_x0.5,579.2445264413083,506,102284560,0.551959,True,False,1,1473,1,1
collision_o2_g2_n1000000_r05,collision,cost_model_x0.6,695.0934317295699,506,102284560,0.544605,True,False,1,1473,1,1
dimerization_r05,dimerization,wallclock_timing,,501,8376953,0.1967445,True,False,7179,1405,11,2
dimerization_r05,dimerization,constant_250,250.0,501,8376953,0.1603514,True,False,16516,0,0,2
dimerization_r05,dimerization,cost_model_x0.4,352.1857560713393,501,8376953,0.1672549,True,False,16516,0,0,2
dimerization_r05,dimerization,cost_model_x0.5,440.2321950891741,501,8376953,0.1626005,True,False,1,2505,1,2
dimerization_r05,dimerization,cost_model_x0.6,528.2786341070089,501,8376953,0.1613936,True,False,1,2505,1,2
lotka_volterra_r05,lotka_volterra,wallclock_timing,,501,516476,0.6901253,True,False,44446,12040,36,2
lotka_volterra_r05,lotka_volterra,constant_250,250.0,501,516476,0.7593462,True,False,75235,0,0,2
lotka_volterra_r05,lotka_volterra,cost_model_x0.4,299.7336913482398,501,516476,0.7918012,True,False,75235,0,0,2
lotka_volterra_r05,lotka_volterra,cost_model_x0.5,374.66711418529974,501,516476,0.6998715,True,False,48923,11105,7,2
lotka_volterra_r05,lotka_volterra,cost_model_x0.6,449.6005370223597,501,516476,0.6360183,True,False,24749,19863,7,2
shrinking_r05,shrinking,wallclock_timing,,501,414323,0.0106526,True,False,1252,674,3,2
shrinking_r05,shrinking,constant_250,250.0,501,414323,0.0095209,True,False,509,1031,1,2
shrinking_r05,shrinking,cost_model_x0.4,219.11363039155117,501,414323,0.0096209,True,False,758,903,1,2
shrinking_r05,shrinking,cost_model_x0.5,273.89203798943896,501,414323,0.0093817,True,False,300,1132,1,2
shrinking_r05,shrinking,cost_model_x0.6,328.67044558732675,501,414323,0.0112088,True,False,1,1287,1,2
shrinking_r1,shrinking,wallclock_timing,,501,1657292,0.0330966,True,False,5098,87,4,2
shrinking_r1,shrinking,constant_250,250.0,501,1657292,0.0276569,True,False,3170,1021,1,2
shrinking_r1,shrinking,cost_model_x0.4,233.61588743640192,501,1657292,0.0281416,True,False,3304,956,1,2
shrinking_r1,shrinking,cost_model_x0.5,292.0198592955024,501,1657292,0.0274605,True,False,2823,1199,1,2
shrinking_r1,shrinking,cost_model_x0.6,350.42383115460285,501,1657292,0.0271754,True,False,2313,1442,1,2
shrinking_r2,shrinking,wallclock_timing,,501,6629170,0.0822726,True,False,9801,362,6,2
shrinking_r2,shrinking,constant_250,250.0,501,6629170,0.0691459,True,False,8490,1007,1,2
shrinking_r2,shrinking,cost_model_x0.4,258.79339145195667,501,6629170,0.0691038,True,False,8415,1046,1,2
shrinking_r2,shrinking,cost_model_x0.5,323.49173931494585,501,6629170,0.0712335,True,False,7858,1315,1,2
shrinking_r2,shrinking,cost_model_x0.6,388.190087177935,501,6629170,0.0758701,True,False,7294,1578,1,2
shrinking_no_b_decay_r05,shrinking,wallclock_timing,,501,1351956,0.0569526,True,False,8447,12,3,2
shrinking_no_b_decay_r05,shrinking,constant_250,250.0,501,1351956,0.017571,True,False,926,608,1,2
shrinking_no_b_decay_r05,shrinking,cost_model_x0.4,248.30036605715384,501,1351956,0.0189201,True,False,945,603,1,2
shrinking_no_b_decay_r05,shrinking,cost_model_x0.5,310.37545757144227,501,1351956,0.0142108,True,False,288,775,1,2
shrinking_no_b_decay_r05,shrinking,cost_model_x0.6,372.4505490857307,501,1351956,0.0119263,True,False,1,853,1,2
shrinking_no_b_decay_r1,shrinking,wallclock_timing,,501,5407825,0.0477409,True,False,2261,1113,3,2
shrinking_no_b_decay_r1,shrinking,constant_250,250.0,501,5407825,0.0499695,True,False,5232,566,1,2
shrinking_no_b_decay_r1,shrinking,cost_model_x0.4,266.2028483816863,501,5407825,0.0476338,True,False,4957,605,1,2
shrinking_no_b_decay_r1,shrinking,cost_model_x0.5,332.75356047710784,501,5407825,0.0467365,True,False,3932,772,1,2
shrinking_no_b_decay_r1,shrinking,cost_model_x0.6,399.3042725725294,501,5407825,0.0466074,True,False,3040,940,1,2
shrinking_no_b_decay_r2,shrinking,wallclock_timing,,501,21631301,0.132115,True,False,11911,941,5,2
shrinking_no_b_decay_r2,shrinking,constant_250,250.0,501,21631301,0.1387568,True,False,15865,544,1,2
shrinking_no_b_decay_r2,shrinking,cost_model_x0.4,297.56212599359094,501,21631301,0.1304179,True,False,14581,651,1,2
shrinking_no_b_decay_r2,shrinking,cost_model_x0.5,371.95265749198865,501,21631301,0.1500845,True,False,12849,825,1,2
shrinking_no_b_decay_r2,shrinking,cost_model_x0.6,446.34318899038635,501,21631301,0.1557974,True,False,11370,999,1,2
shrinking_split_b_decay_r05,shrinking,wallclock_timing,,501,263766,0.0140541,True,False,2081,2,2,2
shrinking_split_b_decay_r05,shrinking,constant_250,250.0,501,263766,0.0073019,True,False,1,1031,1,2
shrinking_split_b_decay_r05,shrinking,cost_model_x0.4,197.73347427612777,501,263766,0.0074986,True,False,432,822,1,2
shrinking_split_b_decay_r05,shrinking,cost_model_x0.5,247.1668428451597,501,263766,0.008778,True,False,8,1022,1,2
shrinking_split_b_decay_r05,shrinking,cost_model_x0.6,296.6002114141916,501,263766,0.0087554,True,False,1,1031,1,2
shrinking_split_b_decay_r1,shrinking,wallclock_timing,,501,1055067,0.0326043,True,False,4178,2,2,2
shrinking_split_b_decay_r1,shrinking,constant_250,250.0,501,1055067,0.0254646,True,False,2100,1030,1,2
shrinking_split_b_decay_r1,shrinking,cost_model_x0.4,208.5700389576839,501,1055067,0.0245437,True,False,2457,856,1,2
shrinking_split_b_decay_r1,shrinking,cost_model_x0.5,260.71254869710486,501,1055067,0.0187732,True,False,2011,1074,1,2
shrinking_split_b_decay_r1,shrinking,cost_model_x0.6,312.85505843652584,501,1055067,0.0197825,True,False,1572,1286,1,2
shrinking_split_b_decay_r2,shrinking,wallclock_timing,,501,4220269,0.0530549,True,False,8459,4,4,2
shrinking_split_b_decay_r2,shrinking,constant_250,250.0,501,4220269,0.0510726,True,False,6269,1015,1,2
shrinking_split_b_decay_r2,shrinking,cost_model_x0.4,226.8836600842692,501,4220269,0.0506124,True,False,6472,917,1,2
shrinking_split_b_decay_r2,shrinking,cost_model_x0.5,283.6045751053365,501,4220269,0.0536057,True,False,5997,1155,1,2
shrinking_split_b_decay_r2,shrinking,cost_model_x0.6,340.3254901264038,501,4220269,0.0521426,True,False,5528,1386,1,2
shrinking_b_decay_channels_1_r05,branch_count,wallclock_timing,,501,348245,0.0118292,True,False,1098,645,4,2
shrinking_b_decay_channels_1_r05,branch_count,constant_250,250.0,501,348245,0.008592,True,False,303,1033,1,2
shrinking_b_decay_channels_1_r05,branch_count,cost_model_x0.4,217.74580841166699,501,348245,0.0089669,True,False,578,897,1,2
shrinking_b_decay_channels_1_r05,branch_count,cost_model_x0.5,272.18226051458373,501,348245,0.0079746,True,False,111,1128,1,2
shrinking_b_decay_channels_1_r05,branch_count,cost_model_x0.6,326.6187126175005,501,348245,0.0080656,True,False,1,1181,1,2
shrinking_b_decay_channels_1_r1,branch_count,wallclock_timing,,501,1392983,0.0244222,True,False,1745,1498,3,2
shrinking_b_decay_channels_1_r1,branch_count,constant_250,250.0,501,1392983,0.0239848,True,False,2716,1026,1,2
shrinking_b_decay_channels_1_r1,branch_count,cost_model_x0.4,231.35984415599106,501,1392983,0.0253734,True,False,2862,951,1,2
shrinking_b_decay_channels_1_r1,branch_count,cost_model_x0.5,289.1998051949888,501,1392983,0.0239661,True,False,2391,1190,1,2
shrinking_b_decay_channels_1_r1,branch_count,cost_model_x0.6,347.03976623398654,501,1392983,0.0246091,True,False,1898,1430,1,2
shrinking_b_decay_channels_1_r2,branch_count,wallclock_timing,,501,5571934,0.0627752,True,False,9774,4,4,2
shrinking_b_decay_channels_1_r2,branch_count,constant_250,250.0,501,5571934,0.0566402,True,False,7668,1009,1,2
shrinking_b_decay_channels_1_r2,branch_count,cost_model_x0.4,254.7609362600336,501,5571934,0.0583657,True,False,7627,1029,1,2
shrinking_b_decay_channels_1_r2,branch_count,cost_model_x0.5,318.45117032504197,501,5571934,0.05783,True,False,7070,1294,1,2
shrinking_b_decay_channels_1_r2,branch_count,cost_model_x0.6,382.14140439005035,501,5571934,0.0602043,True,False,6523,1558,1,2
shrinking_b_decay_channels_2_r05,branch_count,wallclock_timing,,501,269330,0.00773,True,False,710,702,3,2
shrinking_b_decay_channels_2_r05,branch_count,constant_250,250.0,501,269330,0.0073423,True,False,8,1034,1,2
shrinking_b_decay_channels_2_r05,branch_count,cost_model_x0.4,197.86253566399938,501,269330,0.0078485,True,False,468,821,1,2
shrinking_b_decay_channels_2_r05,branch_count,cost_model_x0.5,247.3281695799992,501,269330,0.0071998,True,False,31,1022,1,2
shrinking_b_decay_channels_2_r05,branch_count,cost_model_x0.6,296.79380349599904,501,269330,0.0076802,True,False,1,1042,1,2
shrinking_b_decay_channels_2_r1,branch_count,wallclock_timing,,501,1077322,0.0278571,True,False,4276,2,2,2
shrinking_b_decay_channels_2_r1,branch_count,constant_250,250.0,501,1077322,0.0216832,True,False,2161,1031,1,2
shrinking_b_decay_channels_2_r1,branch_count,cost_model_x0.4,208.77751822970205,501,1077322,0.0226279,True,False,2524,859,1,2
shrinking_b_decay_channels_2_r1,branch_count,cost_model_x0.5,260.97189778712755,501,1077322,0.020883,True,False,2067,1073,1,2
shrinking_b_decay_channels_2_r1,branch_count,cost_model_x0.6,313.16627734455307,501,1077322,0.0234358,True,False,1616,1288,1,2
shrinking_b_decay_channels_2_r2,branch_count,wallclock_timing,,501,4309289,0.0591433,True,False,8554,4,4,2
shrinking_b_decay_channels_2_r2,branch_count,constant_250,250.0,501,4309289,0.0509798,True,False,6441,1015,1,2
shrinking_b_decay_channels_2_r2,branch_count,cost_model_x0.4,227.2480335305428,501,4309289,0.0517896,True,False,6636,922,1,2
shrinking_b_decay_channels_2_r2,branch_count,cost_model_x0.5,284.0600419131785,501,4309289,0.0509032,True,False,6156,1158,1,2
shrinking_b_decay_channels_2_r2,branch_count,cost_model_x0.6,340.8720502958142,501,4309289,0.0504227,True,False,5679,1392,1,2
shrinking_b_decay_channels_4_r05,branch_count,wallclock_timing,,501,199588,0.0112016,True,False,1804,2,2,2
shrinking_b_decay_channels_4_r05,branch_count,constant_250,250.0,501,199588,0.0068133,True,False,1,895,1,2
shrinking_b_decay_channels_4_r05,branch_count,cost_model_x0.4,171.04577082163632,501,199588,0.0069273,True,False,393,709,1,2
shrinking_b_decay_channels_4_r05,branch_count,cost_model_x0.5,213.80721352704538,501,199588,0.0065641,True,False,16,883,1,2
shrinking_b_decay_channels_4_r05,branch_count,cost_model_x0.6,256.56865623245443,501,199588,0.0077092,True,False,1,895,1,2
shrinking_b_decay_channels_4_r1,branch_count,wallclock_timing,,501,798355,0.0256465,True,False,3621,8,4,2
shrinking_b_decay_channels_4_r1,branch_count,constant_250,250.0,501,798355,0.0197951,True,False,1564,1026,1,2
shrinking_b_decay_channels_4_r1,branch_count,cost_model_x0.4,178.97264496822606,501,798355,0.0208105,True,False,2183,738,1,2
shrinking_b_decay_channels_4_r1,branch_count,cost_model_x0.5,223.71580621028255,501,798355,0.0197714,True,False,1787,921,1,2
shrinking_b_decay_channels_4_r1,branch_count,cost_model_x0.6,268.45896745233904,501,798355,0.0204316,True,False,1401,1106,1,2
shrinking_b_decay_channels_4_r2,branch_count,wallclock_timing,,501,3193421,0.0533065,True,False,7317,4,4,2
shrinking_b_decay_channels_4_r2,branch_count,constant_250,250.0,501,3193421,0.0471794,True,False,5192,1022,1,2
shrinking_b_decay_channels_4_r2,branch_count,cost_model_x0.4,192.1265034016568,501,3193421,0.0474625,True,False,5686,777,1,2
shrinking_b_decay_channels_4_r2,branch_count,cost_model_x0.5,240.15812925207098,501,3193421,0.0506445,True,False,5275,979,1,2
shrinking_b_decay_channels_4_r2,branch_count,cost_model_x0.6,288.18975510248515,501,3193421,0.0515008,True,False,4864,1178,1,2
shrinking_b_decay_channels_8_r05,branch_count,wallclock_timing,,501,86246,0.0089809,True,False,1188,2,2,2
shrinking_b_decay_channels_8_r05,branch_count,constant_250,250.0,501,86246,0.0048145,True,False,1,593,1,2
shrinking_b_decay_channels_8_r05,branch_count,cost_model_x0.4,139.6894619732563,501,86246,0.0048023,True,False,18,578,1,2
shrinking_b_decay_channels_8_r05,branch_count,cost_model_x0.5,174.61182746657036,501,86246,0.0046982,True,False,1,593,1,2
shrinking_b_decay_channels_8_r05,branch_count,cost_model_x0.6,209.53419295988442,501,86246,0.0048319,True,False,1,593,1,2
shrinking_b_decay_channels_8_r1,branch_count,wallclock_timing,,501,344987,0.0208237,True,False,2369,2,2,2
shrinking_b_decay_channels_8_r1,branch_count,constant_250,250.0,501,344987,0.0167824,True,False,289,1037,1,2
shrinking_b_decay_channels_8_r1,branch_count,cost_model_x0.4,144.09519532536,501,344987,0.0148705,True,False,1175,592,1,2
shrinking_b_decay_channels_8_r1,branch_count,cost_model_x0.5,180.1189941567,501,344987,0.0148287,True,False,880,747,1,2
shrinking_b_decay_channels_8_r1,branch_count,cost_model_x0.6,216.14279298804001,501,344987,0.0155273,True,False,571,891,1,2
shrinking_b_decay_channels_8_r2,branch_count,wallclock_timing,,501,1379949,0.0423737,True,False,4903,2,2,2
shrinking_b_decay_channels_8_r2,branch_count,constant_250,250.0,501,1379949,0.0383793,True,False,2740,1025,1,2
shrinking_b_decay_channels_8_r2,branch_count,cost_model_x0.4,150.9680599761456,501,1379949,0.0359358,True,False,3610,619,1,2
shrinking_b_decay_channels_8_r2,branch_count,cost_model_x0.5,188.710074970182,501,1379949,0.0351094,True,False,3281,774,1,2
shrinking_b_decay_channels_8_r2,branch_count,cost_model_x0.6,226.4520899642184,501,1379949,0.0375857,True,False,2951,933,1,2
dense_support_q4_r05,dense_support,wallclock_timing,,501,26918558,0.1259913,True,False,3282,695,5,2
dense_support_q4_r05,dense_support,constant_250,250.0,501,26918558,0.1341925,True,False,2535,729,1,2
dense_support_q4_r05,dense_support,cost_model_x0.4,293.2284678964655,501,26918558,0.136781,True,False,712,825,1,2
dense_support_q4_r05,dense_support,cost_model_x0.5,366.53558487058183,501,26918558,0.1338031,True,False,1,866,1,2
dense_support_q4_r05,dense_support,cost_model_x0.6,439.8427018446982,501,26918558,0.1730779,True,False,1,866,1,2
dense_support_q4_r1,dense_support,wallclock_timing,,501,107674233,0.4610795,True,False,33322,602,11,2
dense_support_q4_r1,dense_support,constant_250,250.0,501,107674233,0.4544761,True,False,25084,776,1,2
dense_support_q4_r1,dense_support,cost_model_x0.4,313.4088157966551,501,107674233,0.4454216,True,False,17767,973,1,2
dense_support_q4_r1,dense_support,cost_model_x0.5,391.7610197458189,501,107674233,0.5060446,True,False,11321,1189,1,2
dense_support_q4_r1,dense_support,cost_model_x0.6,470.11322369498265,501,107674233,0.5170087,True,False,6607,1386,1,2
dense_support_q6_r05,dense_support,wallclock_timing,,501,14380815,0.1143654,True,False,3201,484,5,2
dense_support_q6_r05,dense_support,constant_250,250.0,501,14380815,0.1188842,True,False,1,634,1,2
dense_support_q6_r05,dense_support,cost_model_x0.4,199.88334470424422,501,14380815,0.1125038,True,False,1102,572,1,2
dense_support_q6_r05,dense_support,cost_model_x0.5,249.85418088030528,501,14380815,0.1294336,True,False,1,634,1,2
dense_support_q6_r05,dense_support,cost_model_x0.6,299.82501705636633,501,14380815,0.1327769,True,False,1,634,1,2
dense_support_q6_r1,dense_support,wallclock_timing,,501,57523260,0.4483986,True,False,35704,261,13,2
dense_support_q6_r1,dense_support,constant_250,250.0,501,57523260,0.3647679,True,False,11061,771,1,2
dense_support_q6_r1,dense_support,cost_model_x0.4,209.21892305275935,501,57523260,0.3543131,True,False,15017,651,1,2
dense_support_q6_r1,dense_support,cost_model_x0.5,261.52365381594916,501,57523260,0.375805,True,False,10120,803,1,2
dense_support_q6_r1,dense_support,cost_model_x0.6,313.82838457913897,501,57523260,0.388056,True,False,6512,940,1,2
dense_support_q8_r05,dense_support,wallclock_timing,,501,6856452,0.1016276,True,False,7073,180,3,2
dense_support_q8_r05,dense_support,constant_250,250.0,501,6856452,0.0979141,True,False,1,438,1,2
dense_support_q8_r05,dense_support,cost_model_x0.4,144.81867232667844,501,6856452,0.1014637,True,False,480,411,1,2
dense_support_q8_r05,dense_support,cost_model_x0.5,181.02334040834805,501,6856452,0.1040672,True,False,1,438,1,2
dense_support_q8_r05,dense_support,cost_model_x0.6,217.22800849001766,501,6856452,0.1073899,True,False,1,438,1,2
dense_support_q8_r1,dense_support,wallclock_timing,,501,27425809,0.3091545,True,False,21280,229,7,2
dense_support_q8_r1,dense_support,constant_250,250.0,501,27425809,0.3333757,True,False,2672,730,1,2
dense_support_q8_r1,dense_support,cost_model_x0.4,149.32476065598868,501,27425809,0.2920445,True,False,9857,465,1,2
dense_support_q8_r1,dense_support,cost_model_x0.5,186.65595081998583,501,27425809,0.3012244,True,False,6525,572,1,2
dense_support_q8_r1,dense_support,cost_model_x0.6,223.98714098398298,501,27425809,0.3205887,True,False,4059,668,1,2
dense_support_q8_r2,dense_support,wallclock_timing,,501,109703238,0.8895499,True,False,35216,578,11,2
dense_support_q8_r2,dense_support,constant_250,250.0,501,109703238,0.9408166,True,False,25623,776,1,2
dense_support_q8_r2,dense_support,cost_model_x0.4,156.47175274866677,501,109703238,0.8840224,True,False,43804,431,1,2
dense_support_q8_r2,dense_support,cost_model_x0.5,195.58969093583346,501,109703238,0.9264988,True,False,34636,585,1,2
dense_support_q8_r2,dense_support,cost_model_x0.6,234.70762912300015,501,109703238,0.9494377,True,False,27805,724,1,2
dense_support_q12_r05,dense_support,wallclock_timing,,501,3266283,0.144229,True,False,9246,54,5,2
dense_support_q12_r05,dense_support,constant_250,250.0,501,3266283,0.0958272,True,False,1,303,1,2
dense_support_q12_r05,dense_support,cost_model_x0.4,94.54718695994,501,3266283,0.0958666,True,False,556,272,1,2
dense_support_q12_r05,dense_support,cost_model_x0.5,118.183983699925,501,3266283,0.0951796,True,False,1,303,1,2
dense_support_q12_r05,dense_support,cost_model_x0.6,141.82078043990998,501,3266283,0.0980906,True,False,1,303,1,2
dense_support_q12_r1,dense_support,wallclock_timing,,501,13065133,0.3119238,True,False,11916,205,5,2
dense_support_q12_r1,dense_support,constant_250,250.0,501,13065133,0.4226839,True,False,1,604,1,2
dense_support_q12_r1,dense_support,cost_model_x0.4,96.23943076901122,501,13065133,0.3005317,True,False,7563,300,1,2
dense_support_q12_r1,dense_support,cost_model_x0.5,120.29928846126401,501,13065133,0.3138073,True,False,5178,372,1,2
dense_support_q12_r1,dense_support,cost_model_x0.6,144.3591461535168,501,13065133,0.33192,True,False,3421,436,1,2
dense_support_q12_r2,dense_support,wallclock_timing,,501,52260533,0.8928911,True,False,27576,343,9,2
dense_support_q12_r2,dense_support,constant_250,250.0,501,52260533,1.1728064,True,False,9599,767,1,2
dense_support_q12_r2,dense_support,cost_model_x0.4,98.76806323147295,501,52260533,0.8517976,True,False,33037,258,1,2
dense_support_q12_r2,dense_support,cost_model_x0.5,123.46007903934118,501,52260533,0.903778,True,False,26383,360,1,2
dense_support_q12_r2,dense_support,cost_model_x0.6,148.1520948472094,501,52260533,0.946989,True,False,21443,452,1,2
collision_o2_g0_n1000000_r05,collision,wallclock_timing,,501,27324219,0.146631,True,False,4020,668,3,2
collision_o2_g0_n1000000_r05,collision,constant_250,250.0,501,27324219,0.1230678,True,False,2645,730,1,2
collision_o2_g0_n1000000_r05,collision,cost_model_x0.4,293.3973660445479,501,27324219,0.1309883,True,False,800,827,1,2
collision_o2_g0_n1000000_r05,collision,cost_model_x0.5,366.74670755568485,501,27324219,0.1339558,True,False,1,873,1,2
collision_o2_g0_n1000000_r05,collision,cost_model_x0.6,440.0960490668218,501,27324219,0.1370267,True,False,1,873,1,2
collision_o2_g0_n1000000_r1,collision,wallclock_timing,,501,109296878,0.437829,True,False,27116,780,11,2
collision_o2_g0_n1000000_r1,collision,constant_250,250.0,501,109296878,0.4393319,True,False,25511,776,1,2
collision_o2_g0_n1000000_r1,collision,cost_model_x0.4,313.68939549340627,501,109296878,0.4635616,True,False,18109,974,1,2
collision_o2_g0_n1000000_r1,collision,cost_model_x0.5,392.1117443667578,501,109296878,0.4644817,True,False,11590,1191,1,2
collision_o2_g0_n1000000_r1,collision,cost_model_x0.6,470.53409324010937,501,109296878,0.5323408,True,False,6833,1388,1,2
collision_o2_g1_n1000000_r05,collision,wallclock_timing,,501,78960851,0.4091558,True,False,3804,1211,5,2
collision_o2_g1_n1000000_r05,collision,constant_250,250.0,501,78960851,0.384582,True,False,10901,962,1,2
collision_o2_g1_n1000000_r05,collision,cost_model_x0.4,425.2981894945606,501,78960851,0.4531294,True,False,467,1353,1,2
collision_o2_g1_n1000000_r05,collision,cost_model_x0.5,531.6227368682007,501,78960851,0.3800107,True,False,1,1376,1,2
collision_o2_g1_n1000000_r05,collision,cost_model_x0.6,637.9472842418409,501,78960851,0.3919506,True,False,1,1376,1,2
collision_o2_g2_n1000000_r05,collision,wallclock_timing,,501,102284560,0.5238447,True,False,376,1458,3,2
collision_o2_g2_n1000000_r05,collision,constant_250,250.0,501,102284560,0.5832195,True,False,11534,1100,1,2
collision_o2_g2_n1000000_r05,collision,cost_model_x0.4,463.39562115304665,501,102284560,0.5089246,True,False,1,1473,1,2
collision_o2_g2_n1000000_r05,collision,cost_model_x0.5,579.2445264413083,501,102284560,0.5503522,True,False,1,1473,1,2
collision_o2_g2_n1000000_r05,collision,cost_model_x0.6,695.0934317295699,501,102284560,0.5055733,True,False,1,1473,1,2
dimerization_r05,dimerization,wallclock_timing,,502,8376953,0.1567483,True,False,8384,1271,12,2
dimerization_r05,dimerization,constant_250,250.0,502,8376953,0.1858719,True,False,16398,0,0,2
dimerization_r05,dimerization,cost_model_x0.4,352.1857560713393,502,8376953,0.1884761,True,False,16398,0,0,2
dimerization_r05,dimerization,cost_model_x0.5,440.2321950891741,502,8376953,0.1521977,True,False,1,2505,1,2
dimerization_r05,dimerization,cost_model_x0.6,528.2786341070089,502,8376953,0.1604239,True,False,1,2505,1,2
lotka_volterra_r05,lotka_volterra,wallclock_timing,,502,516476,0.7816321,True,False,69335,2302,34,2
lotka_volterra_r05,lotka_volterra,constant_250,250.0,502,516476,0.71729,True,False,75683,0,0,2
lotka_volterra_r05,lotka_volterra,cost_model_x0.4,299.7336913482398,502,516476,0.719865,True,False,75683,0,0,2
lotka_volterra_r05,lotka_volterra,cost_model_x0.5,374.66711418529974,502,516476,0.6445873,True,False,49226,11084,7,2
lotka_volterra_r05,lotka_volterra,cost_model_x0.6,449.6005370223597,502,516476,0.6584477,True,False,24701,19915,7,2
shrinking_r05,shrinking,wallclock_timing,,502,414323,0.0159878,True,False,2646,2,2,2
shrinking_r05,shrinking,constant_250,250.0,502,414323,0.0092343,True,False,533,1032,1,2
shrinking_r05,shrinking,cost_model_x0.4,219.11363039155117,502,414323,0.0107588,True,False,791,909,1,2
shrinking_r05,shrinking,cost_model_x0.5,273.89203798943896,502,414323,0.0090089,True,False,318,1136,1,2
shrinking_r05,shrinking,cost_model_x0.6,328.67044558732675,502,414323,0.009184,True,False,1,1285,1,2
shrinking_r1,shrinking,wallclock_timing,,502,1657292,0.0322696,True,False,5271,2,2,2
shrinking_r1,shrinking,constant_250,250.0,502,1657292,0.026154,True,False,3171,1023,1,2
shrinking_r1,shrinking,cost_model_x0.4,233.61588743640192,502,1657292,0.0287481,True,False,3313,958,1,2
shrinking_r1,shrinking,cost_model_x0.5,292.0198592955024,502,1657292,0.026983,True,False,2805,1202,1,2
shrinking_r1,shrinking,cost_model_x0.6,350.42383115460285,502,1657292,0.0264411,True,False,2314,1443,1,2
shrinking_r2,shrinking,wallclock_timing,,502,6629170,0.0677656,True,False,10617,4,4,2
shrinking_r2,shrinking,constant_250,250.0,502,6629170,0.0646371,True,False,8537,1007,1,2
shrinking_r2,shrinking,cost_model_x0.4,258.79339145195667,502,6629170,0.0625274,True,False,8458,1045,1,2
shrinking_r2,shrinking,cost_model_x0.5,323.49173931494585,502,6629170,0.0626387,True,False,7907,1315,1,2
shrinking_r2,shrinking,cost_model_x0.6,388.190087177935,502,6629170,0.0648318,True,False,7344,1588,1,2
shrinking_no_b_decay_r05,shrinking,wallclock_timing,,502,1351956,0.0150006,True,False,999,590,3,2
shrinking_no_b_decay_r05,shrinking,constant_250,250.0,502,1351956,0.0146044,True,False,903,608,1,2
shrinking_no_b_decay_r05,shrinking,cost_model_x0.4,248.30036605715384,502,1351956,0.0147108,True,False,922,602,1,2
shrinking_no_b_decay_r05,shrinking,cost_model_x0.5,310.37545757144227,502,1351956,0.0136493,True,False,265,777,1,2
shrinking_no_b_decay_r05,shrinking,cost_model_x0.6,372.4505490857307,502,1351956,0.0137985,True,False,1,855,1,2
shrinking_no_b_decay_r1,shrinking,wallclock_timing,,502,5407825,0.0677856,True,False,10062,148,5,2
shrinking_no_b_decay_r1,shrinking,constant_250,250.0,502,5407825,0.0494811,True,False,5177,567,1,2
shrinking_no_b_decay_r1,shrinking,cost_model_x0.4,266.2028483816863,502,5407825,0.0493263,True,False,4909,605,1,2
shrinking_no_b_decay_r1,shrinking,cost_model_x0.5,332.75356047710784,502,5407825,0.0541093,True,False,3942,770,1,2
shrinking_no_b_decay_r1,shrinking,cost_model_x0.6,399.3042725725294,502,5407825,0.0548949,True,False,3042,941,1,2
shrinking_no_b_decay_r2,shrinking,wallclock_timing,,502,21631301,0.1622723,True,False,18014,398,7,2
shrinking_no_b_decay_r2,shrinking,constant_250,250.0,502,21631301,0.1481089,True,False,15695,544,1,2
shrinking_no_b_decay_r2,shrinking,cost_model_x0.4,297.56212599359094,502,21631301,0.125639,True,False,14447,651,1,2
shrinking_no_b_decay_r2,shrinking,cost_model_x0.5,371.95265749198865,502,21631301,0.1257635,True,False,12759,824,1,2
shrinking_no_b_decay_r2,shrinking,cost_model_x0.6,446.34318899038635,502,21631301,0.127744,True,False,11331,999,1,2
shrinking_split_b_decay_r05,shrinking,wallclock_timing,,502,263766,0.0134868,True,False,2044,14,4,2
shrinking_split_b_decay_r05,shrinking,constant_250,250.0,502,263766,0.0068409,True,False,1,1021,1,2
shrinking_split_b_decay_r05,shrinking,cost_model_x0.4,197.73347427612777,502,263766,0.0073689,True,False,419,824,1,2
shrinking_split_b_decay_r05,shrinking,cost_model_x0.5,247.1668428451597,502,263766,0.0069411,True,False,9,1026,1,2
shrinking_split_b_decay_r05,shrinking,cost_model_x0.6,296.6002114141916,502,263766,0.0071575,True,False,1,1021,1,2
shrinking_split_b_decay_r1,shrinking,wallclock_timing,,502,1055067,0.0266052,True,False,4188,2,2,2
shrinking_split_b_decay_r1,shrinking,constant_250,250.0,502,1055067,0.0212266,True,False,2069,1028,1,2
shrinking_split_b_decay_r1,shrinking,cost_model_x0.4,208.5700389576839,502,1055067,0.0204177,True,False,2433,859,1,2
shrinking_split_b_decay_r1,shrinking,cost_model_x0.5,260.71254869710486,502,1055067,0.0233306,True,False,1982,1076,1,2
shrinking_split_b_decay_r1,shrinking,cost_model_x0.6,312.85505843652584,502,1055067,0.0210013,True,False,1540,1296,1,2
shrinking_split_b_decay_r2,shrinking,wallclock_timing,,502,4220269,0.0543057,True,False,8462,4,4,2
shrinking_split_b_decay_r2,shrinking,constant_250,250.0,502,4220269,0.0520416,True,False,6382,1016,1,2
shrinking_split_b_decay_r2,shrinking,cost_model_x0.4,226.8836600842692,502,4220269,0.0523186,True,False,6571,919,1,2
shrinking_split_b_decay_r2,shrinking,cost_model_x0.5,283.6045751053365,502,4220269,0.0519674,True,False,6099,1155,1,2
shrinking_split_b_decay_r2,shrinking,cost_model_x0.6,340.3254901264038,502,4220269,0.0508071,True,False,5613,1390,1,2
shrinking_b_decay_channels_1_r05,branch_count,wallclock_timing,,502,348245,0.0137361,True,False,2360,2,2,2
shrinking_b_decay_channels_1_r05,branch_count,constant_250,250.0,502,348245,0.008113,True,False,295,1034,1,2
shrinking_b_decay_channels_1_r05,branch_count,cost_model_x0.4,217.74580841166699,502,348245,0.0082484,True,False,582,899,1,2
shrinking_b_decay_channels_1_r05,branch_count,cost_model_x0.5,272.18226051458373,502,348245,0.0083678,True,False,111,1125,1,2
shrinking_b_decay_channels_1_r05,branch_count,cost_model_x0.6,326.6187126175005,502,348245,0.0080319,True,False,1,1176,1,2
shrinking_b_decay_channels_1_r1,branch_count,wallclock_timing,,502,1392983,0.0329888,True,False,4846,2,2,2
shrinking_b_decay_channels_1_r1,branch_count,constant_250,250.0,502,1392983,0.0236668,True,False,2709,1025,1,2
shrinking_b_decay_channels_1_r1,branch_count,cost_model_x0.4,231.35984415599106,502,1392983,0.0236093,True,False,2867,950,1,2
shrinking_b_decay_channels_1_r1,branch_count,cost_model_x0.5,289.1998051949888,502,1392983,0.0228036,True,False,2384,1190,1,2
shrinking_b_decay_channels_1_r1,branch_count,cost_model_x0.6,347.03976623398654,502,1392983,0.0236332,True,False,1902,1427,1,2
shrinking_b_decay_channels_1_r2,branch_count,wallclock_timing,,502,5571934,0.0653039,True,False,9715,4,4,2
shrinking_b_decay_channels_1_r2,branch_count,constant_250,250.0,502,5571934,0.0566627,True,False,7607,1010,1,2
shrinking_b_decay_channels_1_r2,branch_count,cost_model_x0.4,254.7609362600336,502,5571934,0.0569517,True,False,7565,1032,1,2
shrinking_b_decay_channels_1_r2,branch_count,cost_model_x0.5,318.45117032504197,502,5571934,0.0581253,True,False,7036,1296,1,2
shrinking_b_decay_channels_1_r2,branch_count,cost_model_x0.6,382.14140439005035,502,5571934,0.058411,True,False,6509,1561,1,2
shrinking_b_decay_channels_2_r05,branch_count,wallclock_timing,,502,269330,0.0130338,True,False,2088,2,2,2
shrinking_b_decay_channels_2_r05,branch_count,constant_250,250.0,502,269330,0.0076129,True,False,7,1036,1,2
shrinking_b_decay_channels_2_r05,branch_count,cost_model_x0.4,197.86253566399938,502,269330,0.0073819,True,False,450,822,1,2
shrinking_b_decay_channels_2_r05,branch_count,cost_model_x0.5,247.3281695799992,502,269330,0.0075713,True,False,33,1024,1,2
shrinking_b_decay_channels_2_r05,branch_count,cost_model_x0.6,296.79380349599904,502,269330,0.0071279,True,False,1,1037,1,2
shrinking_b_decay_channels_2_r1,branch_count,wallclock_timing,,502,1077322,0.0262434,True,False,4242,2,2,2
shrinking_b_decay_channels_2_r1,branch_count,constant_250,250.0,502,1077322,0.0250551,True,False,2094,1026,1,2
shrinking_b_decay_channels_2_r1,branch_count,cost_model_x0.4,208.77751822970205,502,1077322,0.0221024,True,False,2435,860,1,2
shrinking_b_decay_channels_2_r1,branch_count,cost_model_x0.5,260.97189778712755,502,1077322,0.0207889,True,False,2009,1073,1,2
shrinking_b_decay_channels_2_r1,branch_count,cost_model_x0.6,313.16627734455307,502,1077322,0.0242074,True,False,1582,1290,1,2
shrinking_b_decay_channels_2_r2,branch_count,wallclock_timing,,502,4309289,0.0581686,True,False,8523,4,4,2
shrinking_b_decay_channels_2_r2,branch_count,constant_250,250.0,502,4309289,0.0504402,True,False,6416,1018,1,2
shrinking_b_decay_channels_2_r2,branch_count,cost_model_x0.4,227.2480335305428,502,4309289,0.0533882,True,False,6634,915,1,2
shrinking_b_decay_channels_2_r2,branch_count,cost_model_x0.5,284.0600419131785,502,4309289,0.0498263,True,False,6132,1156,1,2
shrinking_b_decay_channels_2_r2,branch_count,cost_model_x0.6,340.8720502958142,502,4309289,0.0508588,True,False,5662,1395,1,2
shrinking_b_decay_channels_4_r05,branch_count,wallclock_timing,,502,199588,0.0122771,True,False,1822,15,4,2
shrinking_b_decay_channels_4_r05,branch_count,constant_250,250.0,502,199588,0.0064161,True,False,1,898,1,2
shrinking_b_decay_channels_4_r05,branch_count,cost_model_x0.4,171.04577082163632,502,199588,0.0072354,True,False,377,711,1,2
shrinking_b_decay_channels_4_r05,branch_count,cost_model_x0.5,213.80721352704538,502,199588,0.0063739,True,False,16,890,1,2
shrinking_b_decay_channels_4_r05,branch_count,cost_model_x0.6,256.56865623245443,502,199588,0.0061811,True,False,1,898,1,2
shrinking_b_decay_channels_4_r1,branch_count,wallclock_timing,,502,798355,0.0241664,True,False,3666,2,2,2
shrinking_b_decay_channels_4_r1,branch_count,constant_250,250.0,502,798355,0.0196336,True,False,1548,1038,1,2
shrinking_b_decay_channels_4_r1,branch_count,cost_model_x0.4,178.97264496822606,502,798355,0.0214657,True,False,2155,736,1,2
shrinking_b_decay_channels_4_r1,branch_count,cost_model_x0.5,223.71580621028255,502,798355,0.019176,True,False,1775,916,1,2
shrinking_b_decay_channels_4_r1,branch_count,cost_model_x0.6,268.45896745233904,502,798355,0.0196571,True,False,1393,1105,1,2
shrinking_b_decay_channels_4_r2,branch_count,wallclock_timing,,502,3193421,0.0512841,True,False,7305,2,2,2
shrinking_b_decay_channels_4_r2,branch_count,constant_250,250.0,502,3193421,0.0458214,True,False,5259,1016,1,2
shrinking_b_decay_channels_4_r2,branch_count,cost_model_x0.4,192.1265034016568,502,3193421,0.0460468,True,False,5757,777,1,2
shrinking_b_decay_channels_4_r2,branch_count,cost_model_x0.5,240.15812925207098,502,3193421,0.0456719,True,False,5340,975,1,2
shrinking_b_decay_channels_4_r2,branch_count,cost_model_x0.6,288.18975510248515,502,3193421,0.0476783,True,False,4946,1174,1,2
shrinking_b_decay_channels_8_r05,branch_count,wallclock_timing,,502,86246,0.0088283,True,False,1193,2,2,2
shrinking_b_decay_channels_8_r05,branch_count,constant_250,250.0,502,86246,0.0047484,True,False,1,587,1,2
shrinking_b_decay_channels_8_r05,branch_count,cost_model_x0.4,139.6894619732563,502,86246,0.0046695,True,False,16,583,1,2
shrinking_b_decay_channels_8_r05,branch_count,cost_model_x0.5,174.61182746657036,502,86246,0.0046633,True,False,1,587,1,2
shrinking_b_decay_channels_8_r05,branch_count,cost_model_x0.6,209.53419295988442,502,86246,0.0046278,True,False,1,587,1,2
shrinking_b_decay_channels_8_r1,branch_count,wallclock_timing,,502,344987,0.0149546,True,False,788,790,3,2
shrinking_b_decay_channels_8_r1,branch_count,constant_250,250.0,502,344987,0.0167785,True,False,289,1039,1,2
shrinking_b_decay_channels_8_r1,branch_count,cost_model_x0.4,144.09519532536,502,344987,0.0146442,True,False,1152,596,1,2
shrinking_b_decay_channels_8_r1,branch_count,cost_model_x0.5,180.1189941567,502,344987,0.015073,True,False,857,745,1,2
shrinking_b_decay_channels_8_r1,branch_count,cost_model_x0.6,216.14279298804001,502,344987,0.0162078,True,False,566,897,1,2
shrinking_b_decay_channels_8_r2,branch_count,wallclock_timing,,502,1379949,0.0410173,True,False,4790,2,2,2
shrinking_b_decay_channels_8_r2,branch_count,constant_250,250.0,502,1379949,0.039518,True,False,2757,1025,1,2
shrinking_b_decay_channels_8_r2,branch_count,cost_model_x0.4,150.9680599761456,502,1379949,0.0373792,True,False,3588,615,1,2
shrinking_b_decay_channels_8_r2,branch_count,cost_model_x0.5,188.710074970182,502,1379949,0.0372177,True,False,3284,772,1,2
shrinking_b_decay_channels_8_r2,branch_count,cost_model_x0.6,226.4520899642184,502,1379949,0.0388914,True,False,2957,926,1,2
dense_support_q4_r05,dense_support,wallclock_timing,,502,26918558,0.1528473,True,False,3645,684,5,2
dense_support_q4_r05,dense_support,constant_250,250.0,502,26918558,0.1240355,True,False,2544,729,1,2
dense_support_q4_r05,dense_support,cost_model_x0.4,293.2284678964655,502,26918558,0.1309491,True,False,698,825,1,2
dense_support_q4_r05,dense_support,cost_model_x0.5,366.53558487058183,502,26918558,0.1316884,True,False,1,866,1,2
dense_support_q4_r05,dense_support,cost_model_x0.6,439.8427018446982,502,26918558,0.1314878,True,False,1,866,1,2
dense_support_q4_r1,dense_support,wallclock_timing,,502,107674233,0.5210441,True,False,9971,1247,7,2
dense_support_q4_r1,dense_support,constant_250,250.0,502,107674233,0.4133278,True,False,25155,776,1,2
dense_support_q4_r1,dense_support,cost_model_x0.4,313.4088157966551,502,107674233,0.4672888,True,False,17836,972,1,2
dense_support_q4_r1,dense_support,cost_model_x0.5,391.7610197458189,502,107674233,0.4542771,True,False,11402,1189,1,2
dense_support_q4_r1,dense_support,cost_model_x0.6,470.11322369498265,502,107674233,0.4902093,True,False,6616,1385,1,2
dense_support_q6_r05,dense_support,wallclock_timing,,502,14380815,0.1379378,True,False,527,603,3,2
dense_support_q6_r05,dense_support,constant_250,250.0,502,14380815,0.1380064,True,False,1,633,1,2
dense_support_q6_r05,dense_support,cost_model_x0.4,199.88334470424422,502,14380815,0.1116561,True,False,1077,572,1,2
dense_support_q6_r05,dense_support,cost_model_x0.5,249.85418088030528,502,14380815,0.1147154,True,False,1,633,1,2
dense_support_q6_r05,dense_support,cost_model_x0.6,299.82501705636633,502,14380815,0.1143032,True,False,1,633,1,2
dense_support_q6_r1,dense_support,wallclock_timing,,502,57523260,0.3942612,True,False,31462,363,11,2
dense_support_q6_r1,dense_support,constant_250,250.0,502,57523260,0.4145481,True,False,11140,771,1,2
dense_support_q6_r1,dense_support,cost_model_x0.4,209.21892305275935,502,57523260,0.3530228,True,False,15107,652,1,2
dense_support_q6_r1,dense_support,cost_model_x0.5,261.52365381594916,502,57523260,0.3741383,True,False,10202,803,1,2
dense_support_q6_r1,dense_support,cost_model_x0.6,313.82838457913897,502,57523260,0.3923279,True,False,6517,940,1,2
dense_support_q8_r05,dense_support,wallclock_timing,,502,6856452,0.0908697,True,False,1008,382,3,2
dense_support_q8_r05,dense_support,constant_250,250.0,502,6856452,0.0939515,True,False,1,438,1,2
dense_support_q8_r05,dense_support,cost_model_x0.4,144.81867232667844,502,6856452,0.1023629,True,False,473,410,1,2
dense_support_q8_r05,dense_support,cost_model_x0.5,181.02334040834805,502,6856452,0.1080545,True,False,1,438,1,2
dense_support_q8_r05,dense_support,cost_model_x0.6,217.22800849001766,502,6856452,0.1131923,True,False,1,438,1,2
dense_support_q8_r1,dense_support,wallclock_timing,,502,27425809,0.3213598,True,False,22428,214,9,2
dense_support_q8_r1,dense_support,constant_250,250.0,502,27425809,0.3327948,True,False,2674,730,1,2
dense_support_q8_r1,dense_support,cost_model_x0.4,149.32476065598868,502,27425809,0.2893017,True,False,9917,465,1,2
dense_support_q8_r1,dense_support,cost_model_x0.5,186.65595081998583,502,27425809,0.3067308,True,False,6529,572,1,2
dense_support_q8_r1,dense_support,cost_model_x0.6,223.98714098398298,502,27425809,0.321551,True,False,4057,668,1,2
dense_support_q8_r2,dense_support,wallclock_timing,,502,109703238,0.8638433,True,False,45140,421,13,2
dense_support_q8_r2,dense_support,constant_250,250.0,502,109703238,0.9656117,True,False,25713,776,1,2
dense_support_q8_r2,dense_support,cost_model_x0.4,156.47175274866677,502,109703238,0.8533094,True,False,44077,431,1,2
dense_support_q8_r2,dense_support,cost_model_x0.5,195.58969093583346,502,109703238,0.8953926,True,False,34736,585,1,2
dense_support_q8_r2,dense_support,cost_model_x0.6,234.70762912300015,502,109703238,0.9645628,True,False,27916,724,1,2
dense_support_q12_r05,dense_support,wallclock_timing,,502,3266283,0.1592438,True,False,10339,42,5,2
dense_support_q12_r05,dense_support,constant_250,250.0,502,3266283,0.0953991,True,False,1,303,1,2
dense_support_q12_r05,dense_support,cost_model_x0.4,94.54718695994,502,3266283,0.090494,True,False,543,272,1,2
dense_support_q12_r05,dense_support,cost_model_x0.5,118.183983699925,502,3266283,0.105058,True,False,1,303,1,2
dense_support_q12_r05,dense_support,cost_model_x0.6,141.82078043990998,502,3266283,0.1128328,True,False,1,303,1,2
dense_support_q12_r1,dense_support,wallclock_timing,,502,13065133,0.3400836,True,False,11115,221,5,2
dense_support_q12_r1,dense_support,constant_250,250.0,502,13065133,0.3802623,True,False,1,604,1,2
dense_support_q12_r1,dense_support,cost_model_x0.4,96.23943076901122,502,13065133,0.3358957,True,False,7596,300,1,2
dense_support_q12_r1,dense_support,cost_model_x0.5,120.29928846126401,502,13065133,0.3288033,True,False,5192,371,1,2
dense_support_q12_r1,dense_support,cost_model_x0.6,144.3591461535168,502,13065133,0.3195633,True,False,3402,436,1,2
dense_support_q12_r2,dense_support,wallclock_timing,,502,52260533,0.8640077,True,False,43849,140,13,2
dense_support_q12_r2,dense_support,constant_250,250.0,502,52260533,1.1506108,True,False,9664,768,1,2
dense_support_q12_r2,dense_support,cost_model_x0.4,98.76806323147295,502,52260533,0.8931568,True,False,33114,259,1,2
dense_support_q12_r2,dense_support,cost_model_x0.5,123.46007903934118,502,52260533,0.9117248,True,False,26466,360,1,2
dense_support_q12_r2,dense_support,cost_model_x0.6,148.1520948472094,502,52260533,0.9839168,True,False,21524,452,1,2
collision_o2_g0_n1000000_r05,collision,wallclock_timing,,502,27324219,0.153653,True,False,1446,790,3,2
collision_o2_g0_n1000000_r05,collision,constant_250,250.0,502,27324219,0.1203435,True,False,2646,730,1,2
collision_o2_g0_n1000000_r05,collision,cost_model_x0.4,293.3973660445479,502,27324219,0.1284321,True,False,781,827,1,2
collision_o2_g0_n1000000_r05,collision,cost_model_x0.5,366.74670755568485,502,27324219,0.147009,True,False,1,872,1,2
collision_o2_g0_n1000000_r05,collision,cost_model_x0.6,440.0960490668218,502,27324219,0.1378628,True,False,1,872,1,2
collision_o2_g0_n1000000_r1,collision,wallclock_timing,,502,109296878,0.4852016,True,False,26406,759,9,2
collision_o2_g0_n1000000_r1,collision,constant_250,250.0,502,109296878,0.5397913,True,False,25611,776,1,2
collision_o2_g0_n1000000_r1,collision,cost_model_x0.4,313.68939549340627,502,109296878,0.4447874,True,False,18172,974,1,2
collision_o2_g0_n1000000_r1,collision,cost_model_x0.5,392.1117443667578,502,109296878,0.5486198,True,False,11676,1191,1,2
collision_o2_g0_n1000000_r1,collision,cost_model_x0.6,470.53409324010937,502,109296878,0.567004,True,False,6847,1388,1,2
collision_o2_g1_n1000000_r05,collision,wallclock_timing,,502,78960851,0.4096079,True,False,14194,914,7,2
collision_o2_g1_n1000000_r05,collision,constant_250,250.0,502,78960851,0.4532958,True,False,10960,963,1,2
collision_o2_g1_n1000000_r05,collision,cost_model_x0.4,425.2981894945606,502,78960851,0.4530143,True,False,463,1353,1,2
collision_o2_g1_n1000000_r05,collision,cost_model_x0.5,531.6227368682007,502,78960851,0.4716742,True,False,1,1376,1,2
collision_o2_g1_n1000000_r05,collision,cost_model_x0.6,637.9472842418409,502,78960851,0.4601479,True,False,1,1376,1,2
collision_o2_g2_n1000000_r05,collision,wallclock_timing,,502,102284560,0.5340848,True,False,7055,1263,9,2
collision_o2_g2_n1000000_r05,collision,constant_250,250.0,502,102284560,0.607197,True,False,11625,1100,1,2
collision_o2_g2_n1000000_r05,collision,cost_model_x0.4,463.39562115304665,502,102284560,0.5126724,True,False,1,1473,1,2
collision_o2_g2_n1000000_r05,collision,cost_model_x0.5,579.2445264413083,502,102284560,0.5676809,True,False,1,1473,1,2
collision_o2_g2_n1000000_r05,collision,cost_model_x0.6,695.0934317295699,502,102284560,0.5122341,True,False,1,1473,1,2
dimerization_r05,dimerization,wallclock_timing,,503,8376953,0.1794614,True,False,11766,700,10,2
dimerization_r05,dimerization,constant_250,250.0,503,8376953,0.1865227,True,False,16420,0,0,2
dimerization_r05,dimerization,cost_model_x0.4,352.1857560713393,503,8376953,0.1856376,True,False,16420,0,0,2
dimerization_r05,dimerization,cost_model_x0.5,440.2321950891741,503,8376953,0.150263,True,False,1,2506,1,2
dimerization_r05,dimerization,cost_model_x0.6,528.2786341070089,503,8376953,0.1573782,True,False,1,2506,1,2
lotka_volterra_r05,lotka_volterra,wallclock_timing,,503,516476,0.7721491,True,False,70384,1951,36,2
lotka_volterra_r05,lotka_volterra,constant_250,250.0,503,516476,0.7665755,True,False,75342,0,0,2
lotka_volterra_r05,lotka_volterra,cost_model_x0.4,299.7336913482398,503,516476,0.8770254,True,False,75342,0,0,2
lotka_volterra_r05,lotka_volterra,cost_model_x0.5,374.66711418529974,503,516476,0.6508101,True,False,49109,11098,7,2
lotka_volterra_r05,lotka_volterra,cost_model_x0.6,449.6005370223597,503,516476,0.632753,True,False,24552,19874,7,2
shrinking_r05,shrinking,wallclock_timing,,503,414323,0.0157047,True,False,2650,2,2,2
shrinking_r05,shrinking,constant_250,250.0,503,414323,0.0095072,True,False,515,1033,1,2
shrinking_r05,shrinking,cost_model_x0.4,219.11363039155117,503,414323,0.0096738,True,False,784,911,1,2
shrinking_r05,shrinking,cost_model_x0.5,273.89203798943896,503,414323,0.009324,True,False,315,1131,1,2
shrinking_r05,shrinking,cost_model_x0.6,328.67044558732675,503,414323,0.0103038,True,False,1,1285,1,2
shrinking_r1,shrinking,wallclock_timing,,503,1657292,0.0319892,True,False,5282,2,2,2
shrinking_r1,shrinking,constant_250,250.0,503,1657292,0.0261099,True,False,3212,1028,1,2
shrinking_r1,shrinking,cost_model_x0.4,233.61588743640192,503,1657292,0.0262246,True,False,3346,959,1,2
shrinking_r1,shrinking,cost_model_x0.5,292.0198592955024,503,1657292,0.0268192,True,False,2853,1200,1,2
shrinking_r1,shrinking,cost_model_x0.6,350.42383115460285,503,1657292,0.026371,True,False,2355,1446,1,2
shrinking_r2,shrinking,wallclock_timing,,503,6629170,0.0683214,True,False,10588,4,4,2
shrinking_r2,shrinking,constant_250,250.0,503,6629170,0.0646259,True,False,8556,1004,1,2
shrinking_r2,shrinking,cost_model_x0.4,258.79339145195667,503,6629170,0.0688658,True,False,8481,1045,1,2
shrinking_r2,shrinking,cost_model_x0.5,323.49173931494585,503,6629170,0.0693964,True,False,7931,1313,1,2
shrinking_r2,shrinking,cost_model_x0.6,388.190087177935,503,6629170,0.0722868,True,False,7376,1582,1,2
shrinking_no_b_decay_r05,shrinking,wallclock_timing,,503,1351956,0.0170121,True,False,957,602,3,2
shrinking_no_b_decay_r05,shrinking,constant_250,250.0,503,1351956,0.0172256,True,False,933,608,1,2
shrinking_no_b_decay_r05,shrinking,cost_model_x0.4,248.30036605715384,503,1351956,0.0168848,True,False,953,603,1,2
shrinking_no_b_decay_r05,shrinking,cost_model_x0.5,310.37545757144227,503,1351956,0.0163017,True,False,289,774,1,2
shrinking_no_b_decay_r05,shrinking,cost_model_x0.6,372.4505490857307,503,1351956,0.0154064,True,False,1,854,1,2
shrinking_no_b_decay_r1,shrinking,wallclock_timing,,503,5407825,0.1167224,True,False,16638,25,5,2
shrinking_no_b_decay_r1,shrinking,constant_250,250.0,503,5407825,0.0548217,True,False,5261,567,1,2
shrinking_no_b_decay_r1,shrinking,cost_model_x0.4,266.2028483816863,503,5407825,0.0545233,True,False,4993,606,1,2
shrinking_no_b_decay_r1,shrinking,cost_model_x0.5,332.75356047710784,503,5407825,0.0541618,True,False,4024,771,1,2
shrinking_no_b_decay_r1,shrinking,cost_model_x0.6,399.3042725725294,503,5407825,0.0464572,True,False,3140,943,1,2
shrinking_no_b_decay_r2,shrinking,wallclock_timing,,503,21631301,0.1313844,True,False,9234,1311,5,2
shrinking_no_b_decay_r2,shrinking,constant_250,250.0,503,21631301,0.1344731,True,False,15795,544,1,2
shrinking_no_b_decay_r2,shrinking,cost_model_x0.4,297.56212599359094,503,21631301,0.1326689,True,False,14494,652,1,2
shrinking_no_b_decay_r2,shrinking,cost_model_x0.5,371.95265749198865,503,21631301,0.1315108,True,False,12780,824,1,2
shrinking_no_b_decay_r2,shrinking,cost_model_x0.6,446.34318899038635,503,21631301,0.1444418,True,False,11339,998,1,2
shrinking_split_b_decay_r05,shrinking,wallclock_timing,,503,263766,0.0150782,True,False,2119,2,2,2
shrinking_split_b_decay_r05,shrinking,constant_250,250.0,503,263766,0.0075883,True,False,1,1030,1,2
shrinking_split_b_decay_r05,shrinking,cost_model_x0.4,197.73347427612777,503,263766,0.008819,True,False,433,819,1,2
shrinking_split_b_decay_r05,shrinking,cost_model_x0.5,247.1668428451597,503,263766,0.0076551,True,False,8,1020,1,2
shrinking_split_b_decay_r05,shrinking,cost_model_x0.6,296.6002114141916,503,263766,0.0074809,True,False,1,1030,1,2
shrinking_split_b_decay_r1,shrinking,wallclock_timing,,503,1055067,0.0294643,True,False,4184,2,2,2
shrinking_split_b_decay_r1,shrinking,constant_250,250.0,503,1055067,0.0233198,True,False,2110,1031,1,2
shrinking_split_b_decay_r1,shrinking,cost_model_x0.4,208.5700389576839,503,1055067,0.0238519,True,False,2460,855,1,2
shrinking_split_b_decay_r1,shrinking,cost_model_x0.5,260.71254869710486,503,1055067,0.0238718,True,False,2022,1072,1,2
shrinking_split_b_decay_r1,shrinking,cost_model_x0.6,312.85505843652584,503,1055067,0.0238073,True,False,1584,1291,1,2
shrinking_split_b_decay_r2,shrinking,wallclock_timing,,503,4220269,0.0620804,True,False,8467,4,4,2
shrinking_split_b_decay_r2,shrinking,constant_250,250.0,503,4220269,0.0545061,True,False,6319,1015,1,2
shrinking_split_b_decay_r2,shrinking,cost_model_x0.4,226.8836600842692,503,4220269,0.0478191,True,False,6527,919,1,2
shrinking_split_b_decay_r2,shrinking,cost_model_x0.5,283.6045751053365,503,4220269,0.0521741,True,False,6036,1156,1,2
shrinking_split_b_decay_r2,shrinking,cost_model_x0.6,340.3254901264038,503,4220269,0.0489734,True,False,5562,1393,1,2
shrinking_b_decay_channels_1_r05,branch_count,wallclock_timing,,503,348245,0.0138988,True,False,2439,2,2,2
shrinking_b_decay_channels_1_r05,branch_count,constant_250,250.0,503,348245,0.0079919,True,False,315,1035,1,2
shrinking_b_decay_channels_1_r05,branch_count,cost_model_x0.4,217.74580841166699,503,348245,0.0083015,True,False,577,901,1,2
shrinking_b_decay_channels_1_r05,branch_count,cost_model_x0.5,272.18226051458373,503,348245,0.0076641,True,False,120,1126,1,2
shrinking_b_decay_channels_1_r05,branch_count,cost_model_x0.6,326.6187126175005,503,348245,0.0093064,True,False,1,1182,1,2
shrinking_b_decay_channels_1_r1,branch_count,wallclock_timing,,503,1392983,0.0289238,True,False,4871,2,2,2
shrinking_b_decay_channels_1_r1,branch_count,constant_250,250.0,503,1392983,0.0238637,True,False,2784,1026,1,2
shrinking_b_decay_channels_1_r1,branch_count,cost_model_x0.4,231.35984415599106,503,1392983,0.0236449,True,False,2937,944,1,2
shrinking_b_decay_channels_1_r1,branch_count,cost_model_x0.5,289.1998051949888,503,1392983,0.0230853,True,False,2454,1190,1,2
shrinking_b_decay_channels_1_r1,branch_count,cost_model_x0.6,347.03976623398654,503,1392983,0.0255055,True,False,1935,1432,1,2
shrinking_b_decay_channels_1_r2,branch_count,wallclock_timing,,503,5571934,0.0605693,True,False,9689,4,4,2
shrinking_b_decay_channels_1_r2,branch_count,constant_250,250.0,503,5571934,0.0565047,True,False,7648,1010,1,2
shrinking_b_decay_channels_1_r2,branch_count,cost_model_x0.4,254.7609362600336,503,5571934,0.0554402,True,False,7610,1026,1,2
shrinking_b_decay_channels_1_r2,branch_count,cost_model_x0.5,318.45117032504197,503,5571934,0.0584777,True,False,7047,1293,1,2
shrinking_b_decay_channels_1_r2,branch_count,cost_model_x0.6,382.14140439005035,503,5571934,0.0622468,True,False,6502,1555,1,2
shrinking_b_decay_channels_2_r05,branch_count,wallclock_timing,,503,269330,0.0138436,True,False,2108,2,2,2
shrinking_b_decay_channels_2_r05,branch_count,constant_250,250.0,503,269330,0.0077879,True,False,8,1037,1,2
shrinking_b_decay_channels_2_r05,branch_count,cost_model_x0.4,197.86253566399938,503,269330,0.0083461,True,False,457,818,1,2
shrinking_b_decay_channels_2_r05,branch_count,cost_model_x0.5,247.3281695799992,503,269330,0.0077615,True,False,30,1024,1,2
shrinking_b_decay_channels_2_r05,branch_count,cost_model_x0.6,296.79380349599904,503,269330,0.0078829,True,False,1,1041,1,2
shrinking_b_decay_channels_2_r1,branch_count,wallclock_timing,,503,1077322,0.0325211,True,False,4268,10,6,2
shrinking_b_decay_channels_2_r1,branch_count,constant_250,250.0,503,1077322,0.0233188,True,False,2160,1031,1,2
shrinking_b_decay_channels_2_r1,branch_count,cost_model_x0.4,208.77751822970205,503,1077322,0.023818,True,False,2507,854,1,2
shrinking_b_decay_channels_2_r1,branch_count,cost_model_x0.5,260.97189778712755,503,1077322,0.0235074,True,False,2065,1077,1,2
shrinking_b_decay_channels_2_r1,branch_count,cost_model_x0.6,313.16627734455307,503,1077322,0.0243544,True,False,1610,1291,1,2
shrinking_b_decay_channels_2_r2,branch_count,wallclock_timing,,503,4309289,0.0620196,True,False,8613,4,4,2
shrinking_b_decay_channels_2_r2,branch_count,constant_250,250.0,503,4309289,0.0562383,True,False,6480,1010,1,2
shrinking_b_decay_channels_2_r2,branch_count,cost_model_x0.4,227.2480335305428,503,4309289,0.0565275,True,False,6679,921,1,2
shrinking_b_decay_channels_2_r2,branch_count,cost_model_x0.5,284.0600419131785,503,4309289,0.0564331,True,False,6196,1154,1,2
shrinking_b_decay_channels_2_r2,branch_count,cost_model_x0.6,340.8720502958142,503,4309289,0.0618776,True,False,5694,1388,1,2
shrinking_b_decay_channels_4_r05,branch_count,wallclock_timing,,503,199588,0.0187793,True,False,1822,12,4,2
shrinking_b_decay_channels_4_r05,branch_count,constant_250,250.0,503,199588,0.0060306,True,False,1,893,1,2
shrinking_b_decay_channels_4_r05,branch_count,cost_model_x0.4,171.04577082163632,503,199588,0.0076705,True,False,376,714,1,2
shrinking_b_decay_channels_4_r05,branch_count,cost_model_x0.5,213.80721352704538,503,199588,0.0078209,True,False,19,884,1,2
shrinking_b_decay_channels_4_r05,branch_count,cost_model_x0.6,256.56865623245443,503,199588,0.0066432,True,False,1,893,1,2
shrinking_b_decay_channels_4_r1,branch_count,wallclock_timing,,503,798355,0.030438,True,False,3634,2,2,2
shrinking_b_decay_channels_4_r1,branch_count,constant_250,250.0,503,798355,0.0229178,True,False,1570,1034,1,2
shrinking_b_decay_channels_4_r1,branch_count,cost_model_x0.4,178.97264496822606,503,798355,0.0234925,True,False,2173,740,1,2
shrinking_b_decay_channels_4_r1,branch_count,cost_model_x0.5,223.71580621028255,503,798355,0.0223745,True,False,1800,922,1,2
shrinking_b_decay_channels_4_r1,branch_count,cost_model_x0.6,268.45896745233904,503,798355,0.0231566,True,False,1406,1107,1,2
shrinking_b_decay_channels_4_r2,branch_count,wallclock_timing,,503,3193421,0.0585332,True,False,7405,2,2,2
shrinking_b_decay_channels_4_r2,branch_count,constant_250,250.0,503,3193421,0.052422,True,False,5240,1017,1,2
shrinking_b_decay_channels_4_r2,branch_count,cost_model_x0.4,192.1265034016568,503,3193421,0.0514261,True,False,5753,780,1,2
shrinking_b_decay_channels_4_r2,branch_count,cost_model_x0.5,240.15812925207098,503,3193421,0.0513887,True,False,5342,972,1,2
shrinking_b_decay_channels_4_r2,branch_count,cost_model_x0.6,288.18975510248515,503,3193421,0.051813,True,False,4913,1182,1,2
shrinking_b_decay_channels_8_r05,branch_count,wallclock_timing,,503,86246,0.0093933,True,False,1197,2,2,2
shrinking_b_decay_channels_8_r05,branch_count,constant_250,250.0,503,86246,0.0047729,True,False,1,591,1,2
shrinking_b_decay_channels_8_r05,branch_count,cost_model_x0.4,139.6894619732563,503,86246,0.0051909,True,False,23,581,1,2
shrinking_b_decay_channels_8_r05,branch_count,cost_model_x0.5,174.61182746657036,503,86246,0.0044404,True,False,1,591,1,2
shrinking_b_decay_channels_8_r05,branch_count,cost_model_x0.6,209.53419295988442,503,86246,0.0048668,True,False,1,591,1,2
shrinking_b_decay_channels_8_r1,branch_count,wallclock_timing,,503,344987,0.0180727,True,False,2380,2,2,2
shrinking_b_decay_channels_8_r1,branch_count,constant_250,250.0,503,344987,0.0169638,True,False,296,1037,1,2
shrinking_b_decay_channels_8_r1,branch_count,cost_model_x0.4,144.09519532536,503,344987,0.0145964,True,False,1224,600,1,2
shrinking_b_decay_channels_8_r1,branch_count,cost_model_x0.5,180.1189941567,503,344987,0.015024,True,False,912,747,1,2
shrinking_b_decay_channels_8_r1,branch_count,cost_model_x0.6,216.14279298804001,503,344987,0.0170935,True,False,599,894,1,2
shrinking_b_decay_channels_8_r2,branch_count,wallclock_timing,,503,1379949,0.0405004,True,False,4851,2,2,2
shrinking_b_decay_channels_8_r2,branch_count,constant_250,250.0,503,1379949,0.0391565,True,False,2738,1029,1,2
shrinking_b_decay_channels_8_r2,branch_count,cost_model_x0.4,150.9680599761456,503,1379949,0.0366995,True,False,3586,617,1,2
shrinking_b_decay_channels_8_r2,branch_count,cost_model_x0.5,188.710074970182,503,1379949,0.0358706,True,False,3259,769,1,2
shrinking_b_decay_channels_8_r2,branch_count,cost_model_x0.6,226.4520899642184,503,1379949,0.0357317,True,False,2928,931,1,2
dense_support_q4_r05,dense_support,wallclock_timing,,503,26918558,0.1240458,True,False,425,841,5,2
dense_support_q4_r05,dense_support,constant_250,250.0,503,26918558,0.1230759,True,False,2511,728,1,2
dense_support_q4_r05,dense_support,cost_model_x0.4,293.2284678964655,503,26918558,0.1300966,True,False,689,825,1,2
dense_support_q4_r05,dense_support,cost_model_x0.5,366.53558487058183,503,26918558,0.130671,True,False,1,866,1,2
dense_support_q4_r05,dense_support,cost_model_x0.6,439.8427018446982,503,26918558,0.1442792,True,False,1,866,1,2
dense_support_q4_r1,dense_support,wallclock_timing,,503,107674233,0.4653251,True,False,21837,857,7,2
dense_support_q4_r1,dense_support,constant_250,250.0,503,107674233,0.4293723,True,False,24946,776,1,2
dense_support_q4_r1,dense_support,cost_model_x0.4,313.4088157966551,503,107674233,0.423237,True,False,17661,972,1,2
dense_support_q4_r1,dense_support,cost_model_x0.5,391.7610197458189,503,107674233,0.5157652,True,False,11248,1189,1,2
dense_support_q4_r1,dense_support,cost_model_x0.6,470.11322369498265,503,107674233,0.4819615,True,False,6587,1385,1,2
dense_support_q6_r05,dense_support,wallclock_timing,,503,14380815,0.1092826,True,False,3688,452,3,2
dense_support_q6_r05,dense_support,constant_250,250.0,503,14380815,0.1115847,True,False,1,633,1,2
dense_support_q6_r05,dense_support,cost_model_x0.4,199.88334470424422,503,14380815,0.1212917,True,False,1056,572,1,2
dense_support_q6_r05,dense_support,cost_model_x0.5,249.85418088030528,503,14380815,0.1263204,True,False,1,633,1,2
dense_support_q6_r05,dense_support,cost_model_x0.6,299.82501705636633,503,14380815,0.1299373,True,False,1,633,1,2
dense_support_q6_r1,dense_support,wallclock_timing,,503,57523260,0.3927517,True,False,24534,435,9,2
dense_support_q6_r1,dense_support,constant_250,250.0,503,57523260,0.3665022,True,False,10984,771,1,2
dense_support_q6_r1,dense_support,cost_model_x0.4,209.21892305275935,503,57523260,0.3651426,True,False,14942,652,1,2
dense_support_q6_r1,dense_support,cost_model_x0.5,261.52365381594916,503,57523260,0.3994012,True,False,10039,803,1,2
dense_support_q6_r1,dense_support,cost_model_x0.6,313.82838457913897,503,57523260,0.3845814,True,False,6488,940,1,2
dense_support_q8_r05,dense_support,wallclock_timing,,503,6856452,0.087059,True,False,2383,318,3,2
dense_support_q8_r05,dense_support,constant_250,250.0,503,6856452,0.1016553,True,False,1,438,1,2
dense_support_q8_r05,dense_support,cost_model_x0.4,144.81867232667844,503,6856452,0.1020022,True,False,472,410,1,2
dense_support_q8_r05,dense_support,cost_model_x0.5,181.02334040834805,503,6856452,0.1043628,True,False,1,438,1,2
dense_support_q8_r05,dense_support,cost_model_x0.6,217.22800849001766,503,6856452,0.1040432,True,False,1,438,1,2
dense_support_q8_r1,dense_support,wallclock_timing,,503,27425809,0.3291498,True,False,12853,387,5,2
dense_support_q8_r1,dense_support,constant_250,250.0,503,27425809,0.3364996,True,False,2637,730,1,2
dense_support_q8_r1,dense_support,cost_model_x0.4,149.32476065598868,503,27425809,0.2870785,True,False,9765,465,1,2
dense_support_q8_r1,dense_support,cost_model_x0.5,186.65595081998583,503,27425809,0.3417951,True,False,6498,571,1,2
dense_support_q8_r1,dense_support,cost_model_x0.6,223.98714098398298,503,27425809,0.3684014,True,False,4029,668,1,2
dense_support_q8_r2,dense_support,wallclock_timing,,503,109703238,0.9205214,True,False,42201,461,13,2
dense_support_q8_r2,dense_support,constant_250,250.0,503,109703238,0.9747534,True,False,25504,776,1,2
dense_support_q8_r2,dense_support,cost_model_x0.4,156.47175274866677,503,109703238,0.8718289,True,False,43825,431,1,2
dense_support_q8_r2,dense_support,cost_model_x0.5,195.58969093583346,503,109703238,1.0108949,True,False,34507,585,1,2
dense_support_q8_r2,dense_support,cost_model_x0.6,234.70762912300015,503,109703238,1.0851316,True,False,27697,725,1,2
dense_support_q12_r05,dense_support,wallclock_timing,,503,3266283,0.1007236,True,False,433,278,3,2
dense_support_q12_r05,dense_support,constant_250,250.0,503,3266283,0.0993282,True,False,1,303,1,2
dense_support_q12_r05,dense_support,cost_model_x0.4,94.54718695994,503,3266283,0.0858352,True,False,544,272,1,2
dense_support_q12_r05,dense_support,cost_model_x0.5,118.183983699925,503,3266283,0.0929315,True,False,1,303,1,2
dense_support_q12_r05,dense_support,cost_model_x0.6,141.82078043990998,503,3266283,0.0895627,True,False,1,303,1,2
dense_support_q12_r1,dense_support,wallclock_timing,,503,13065133,0.2951484,True,False,9283,257,5,2
dense_support_q12_r1,dense_support,constant_250,250.0,503,13065133,0.3870935,True,False,1,604,1,2
dense_support_q12_r1,dense_support,cost_model_x0.4,96.23943076901122,503,13065133,0.346978,True,False,7513,300,1,2
dense_support_q12_r1,dense_support,cost_model_x0.5,120.29928846126401,503,13065133,0.3005315,True,False,5152,372,1,2
dense_support_q12_r1,dense_support,cost_model_x0.6,144.3591461535168,503,13065133,0.3322843,True,False,3376,435,1,2
dense_support_q12_r2,dense_support,wallclock_timing,,503,52260533,0.8783429,True,False,49073,91,13,2
dense_support_q12_r2,dense_support,constant_250,250.0,503,52260533,1.1609658,True,False,9504,768,1,2
dense_support_q12_r2,dense_support,cost_model_x0.4,98.76806323147295,503,52260533,0.8559078,True,False,32899,259,1,2
dense_support_q12_r2,dense_support,cost_model_x0.5,123.46007903934118,503,52260533,0.8541445,True,False,26247,360,1,2
dense_support_q12_r2,dense_support,cost_model_x0.6,148.1520948472094,503,52260533,0.8887069,True,False,21337,452,1,2
collision_o2_g0_n1000000_r05,collision,wallclock_timing,,503,27324219,0.128448,True,False,3889,673,3,2
collision_o2_g0_n1000000_r05,collision,constant_250,250.0,503,27324219,0.1314778,True,False,2615,730,1,2
collision_o2_g0_n1000000_r05,collision,cost_model_x0.4,293.3973660445479,503,27324219,0.1328979,True,False,768,827,1,2
collision_o2_g0_n1000000_r05,collision,cost_model_x0.5,366.74670755568485,503,27324219,0.1334214,True,False,1,872,1,2
collision_o2_g0_n1000000_r05,collision,cost_model_x0.6,440.0960490668218,503,27324219,0.1492133,True,False,1,872,1,2
collision_o2_g0_n1000000_r1,collision,wallclock_timing,,503,109296878,0.4564257,True,False,25275,811,11,2
collision_o2_g0_n1000000_r1,collision,constant_250,250.0,503,109296878,0.425447,True,False,25403,776,1,2
collision_o2_g0_n1000000_r1,collision,cost_model_x0.4,313.68939549340627,503,109296878,0.4413077,True,False,17998,974,1,2
collision_o2_g0_n1000000_r1,collision,cost_model_x0.5,392.1117443667578,503,109296878,0.4640614,True,False,11524,1191,1,2
collision_o2_g0_n1000000_r1,collision,cost_model_x0.6,470.53409324010937,503,109296878,0.505777,True,False,6801,1388,1,2
collision_o2_g1_n1000000_r05,collision,wallclock_timing,,503,78960851,0.399428,True,False,8329,1043,7,2
collision_o2_g1_n1000000_r05,collision,constant_250,250.0,503,78960851,0.3845972,True,False,10803,963,1,2
collision_o2_g1_n1000000_r05,collision,cost_model_x0.4,425.2981894945606,503,78960851,0.4085016,True,False,464,1354,1,2
collision_o2_g1_n1000000_r05,collision,cost_model_x0.5,531.6227368682007,503,78960851,0.4231066,True,False,1,1376,1,2
collision_o2_g1_n1000000_r05,collision,cost_model_x0.6,637.9472842418409,503,78960851,0.4628176,True,False,1,1376,1,2
collision_o2_g2_n1000000_r05,collision,wallclock_timing,,503,102284560,0.5648714,True,False,10185,1136,7,2
collision_o2_g2_n1000000_r05,collision,constant_250,250.0,503,102284560,0.5847926,True,False,11464,1100,1,2
collision_o2_g2_n1000000_r05,collision,cost_model_x0.4,463.39562115304665,503,102284560,0.5158173,True,False,1,1473,1,2
collision_o2_g2_n1000000_r05,collision,cost_model_x0.5,579.2445264413083,503,102284560,0.5101795,True,False,1,1473,1,2
collision_o2_g2_n1000000_r05,collision,cost_model_x0.6,695.0934317295699,503,102284560,0.5568421,True,False,1,1473,1,2
dimerization_r05,dimerization,wallclock_timing,,504,8376953,0.1830462,True,False,16370,10,6,2
dimerization_r05,dimerization,constant_250,250.0,504,8376953,0.1848595,True,False,16447,0,0,2
dimerization_r05,dimerization,cost_model_x0.4,352.1857560713393,504,8376953,0.1854437,True,False,16447,0,0,2
dimerization_r05,dimerization,cost_model_x0.5,440.2321950891741,504,8376953,0.1784166,True,False,1,2506,1,2
dimerization_r05,dimerization,cost_model_x0.6,528.2786341070089,504,8376953,0.1778394,True,False,1,2506,1,2
lotka_volterra_r05,lotka_volterra,wallclock_timing,,504,516476,0.8096611,True,False,65893,3466,34,2
lotka_volterra_r05,lotka_volterra,constant_250,250.0,504,516476,0.7670664,True,False,75168,0,0,2
lotka_volterra_r05,lotka_volterra,cost_model_x0.4,299.7336913482398,504,516476,0.7320329,True,False,75168,0,0,2
lotka_volterra_r05,lotka_volterra,cost_model_x0.5,374.66711418529974,504,516476,0.754864,True,False,48977,11051,7,2
lotka_volterra_r05,lotka_volterra,cost_model_x0.6,449.6005370223597,504,516476,0.6514924,True,False,24551,19884,7,2
shrinking_r05,shrinking,wallclock_timing,,504,414323,0.0163855,True,False,2658,2,2,2
shrinking_r05,shrinking,constant_250,250.0,504,414323,0.0107301,True,False,539,1028,1,2
shrinking_r05,shrinking,cost_model_x0.4,219.11363039155117,504,414323,0.0112878,True,False,813,908,1,2
shrinking_r05,shrinking,cost_model_x0.5,273.89203798943896,504,414323,0.013802,True,False,321,1132,1,2
shrinking_r05,shrinking,cost_model_x0.6,328.67044558732675,504,414323,0.00992,True,False,1,1290,1,2
shrinking_r1,shrinking,wallclock_timing,,504,1657292,0.0324958,True,False,5329,2,2,2
shrinking_r1,shrinking,constant_250,250.0,504,1657292,0.0294862,True,False,3203,1019,1,2
shrinking_r1,shrinking,cost_model_x0.4,233.61588743640192,504,1657292,0.0331356,True,False,3348,955,1,2
shrinking_r1,shrinking,cost_model_x0.5,292.0198592955024,504,1657292,0.0304379,True,False,2855,1201,1,2
shrinking_r1,shrinking,cost_model_x0.6,350.42383115460285,504,1657292,0.0319582,True,False,2365,1441,1,2
shrinking_r2,shrinking,wallclock_timing,,504,6629170,0.0789176,True,False,10606,4,4,2
shrinking_r2,shrinking,constant_250,250.0,504,6629170,0.071882,True,False,8595,1007,1,2
shrinking_r2,shrinking,cost_model_x0.4,258.79339145195667,504,6629170,0.0726094,True,False,8526,1042,1,2
shrinking_r2,shrinking,cost_model_x0.5,323.49173931494585,504,6629170,0.0726536,True,False,7958,1310,1,2
shrinking_r2,shrinking,cost_model_x0.6,388.190087177935,504,6629170,0.0769313,True,False,7403,1579,1,2
shrinking_no_b_decay_r05,shrinking,wallclock_timing,,504,1351956,0.0526419,True,False,8411,47,7,2
shrinking_no_b_decay_r05,shrinking,constant_250,250.0,504,1351956,0.0162803,True,False,931,609,1,2
shrinking_no_b_decay_r05,shrinking,cost_model_x0.4,248.30036605715384,504,1351956,0.0143692,True,False,955,603,1,2
shrinking_no_b_decay_r05,shrinking,cost_model_x0.5,310.37545757144227,504,1351956,0.0134789,True,False,277,776,1,2
shrinking_no_b_decay_r05,shrinking,cost_model_x0.6,372.4505490857307,504,1351956,0.013219,True,False,1,854,1,2
shrinking_no_b_decay_r1,shrinking,wallclock_timing,,504,5407825,0.0460376,True,False,2444,1075,3,2
shrinking_no_b_decay_r1,shrinking,constant_250,250.0,504,5407825,0.0480944,True,False,5297,566,1,2
shrinking_no_b_decay_r1,shrinking,cost_model_x0.4,266.2028483816863,504,5407825,0.0495512,True,False,5022,606,1,2
shrinking_no_b_decay_r1,shrinking,cost_model_x0.5,332.75356047710784,504,5407825,0.0478882,True,False,4002,771,1,2
shrinking_no_b_decay_r1,shrinking,cost_model_x0.6,399.3042725725294,504,5407825,0.0459174,True,False,3101,943,1,2
shrinking_no_b_decay_r2,shrinking,wallclock_timing,,504,21631301,0.1412804,True,False,7641,1582,5,2
shrinking_no_b_decay_r2,shrinking,constant_250,250.0,504,21631301,0.1424941,True,False,15796,544,1,2
shrinking_no_b_decay_r2,shrinking,cost_model_x0.4,297.56212599359094,504,21631301,0.1462004,True,False,14536,651,1,2
shrinking_no_b_decay_r2,shrinking,cost_model_x0.5,371.95265749198865,504,21631301,0.1490582,True,False,12830,825,1,2
shrinking_no_b_decay_r2,shrinking,cost_model_x0.6,446.34318899038635,504,21631301,0.1650914,True,False,11397,1000,1,2
shrinking_split_b_decay_r05,shrinking,wallclock_timing,,504,263766,0.0174778,True,False,2108,2,2,2
shrinking_split_b_decay_r05,shrinking,constant_250,250.0,504,263766,0.0084204,True,False,1,1026,1,2
shrinking_split_b_decay_r05,shrinking,cost_model_x0.4,197.73347427612777,504,263766,0.0089542,True,False,441,819,1,2
shrinking_split_b_decay_r05,shrinking,cost_model_x0.5,247.1668428451597,504,263766,0.0081862,True,False,10,1027,1,2
shrinking_split_b_decay_r05,shrinking,cost_model_x0.6,296.6002114141916,504,263766,0.0096428,True,False,1,1026,1,2
shrinking_split_b_decay_r1,shrinking,wallclock_timing,,504,1055067,0.0303763,True,False,1669,1244,3,2
shrinking_split_b_decay_r1,shrinking,constant_250,250.0,504,1055067,0.0225338,True,False,2132,1027,1,2
shrinking_split_b_decay_r1,shrinking,cost_model_x0.4,208.5700389576839,504,1055067,0.0255085,True,False,2487,854,1,2
shrinking_split_b_decay_r1,shrinking,cost_model_x0.5,260.71254869710486,504,1055067,0.0265001,True,False,2038,1072,1,2
shrinking_split_b_decay_r1,shrinking,cost_model_x0.6,312.85505843652584,504,1055067,0.0214433,True,False,1589,1292,1,2
shrinking_split_b_decay_r2,shrinking,wallclock_timing,,504,4220269,0.0694853,True,False,8411,2,2,2
shrinking_split_b_decay_r2,shrinking,constant_250,250.0,504,4220269,0.0626217,True,False,6341,1010,1,2
shrinking_split_b_decay_r2,shrinking,cost_model_x0.4,226.8836600842692,504,4220269,0.0592473,True,False,6536,920,1,2
shrinking_split_b_decay_r2,shrinking,cost_model_x0.5,283.6045751053365,504,4220269,0.0613698,True,False,6043,1153,1,2
shrinking_split_b_decay_r2,shrinking,cost_model_x0.6,340.3254901264038,504,4220269,0.0620923,True,False,5568,1388,1,2
shrinking_b_decay_channels_1_r05,branch_count,wallclock_timing,,504,348245,0.0168303,True,False,2446,2,2,2
shrinking_b_decay_channels_1_r05,branch_count,constant_250,250.0,504,348245,0.009302,True,False,306,1036,1,2
shrinking_b_decay_channels_1_r05,branch_count,cost_model_x0.4,217.74580841166699,504,348245,0.0116978,True,False,591,900,1,2
shrinking_b_decay_channels_1_r05,branch_count,cost_model_x0.5,272.18226051458373,504,348245,0.0109959,True,False,108,1128,1,2
shrinking_b_decay_channels_1_r05,branch_count,cost_model_x0.6,326.6187126175005,504,348245,0.0114904,True,False,1,1180,1,2
shrinking_b_decay_channels_1_r1,branch_count,wallclock_timing,,504,1392983,0.0278139,True,False,1577,1593,3,2
shrinking_b_decay_channels_1_r1,branch_count,constant_250,250.0,504,1392983,0.0224836,True,False,2746,1025,1,2
shrinking_b_decay_channels_1_r1,branch_count,cost_model_x0.4,231.35984415599106,504,1392983,0.0253045,True,False,2909,951,1,2
shrinking_b_decay_channels_1_r1,branch_count,cost_model_x0.5,289.1998051949888,504,1392983,0.0252417,True,False,2423,1191,1,2
shrinking_b_decay_channels_1_r1,branch_count,cost_model_x0.6,347.03976623398654,504,1392983,0.0234837,True,False,1936,1431,1,2
shrinking_b_decay_channels_1_r2,branch_count,wallclock_timing,,504,5571934,0.064935,True,False,9802,4,4,2
shrinking_b_decay_channels_1_r2,branch_count,constant_250,250.0,504,5571934,0.0571641,True,False,7681,1007,1,2
shrinking_b_decay_channels_1_r2,branch_count,cost_model_x0.4,254.7609362600336,504,5571934,0.056083,True,False,7641,1028,1,2
shrinking_b_decay_channels_1_r2,branch_count,cost_model_x0.5,318.45117032504197,504,5571934,0.0589719,True,False,7077,1295,1,2
shrinking_b_decay_channels_1_r2,branch_count,cost_model_x0.6,382.14140439005035,504,5571934,0.0569633,True,False,6517,1556,1,2
shrinking_b_decay_channels_2_r05,branch_count,wallclock_timing,,504,269330,0.0123615,True,False,2117,2,2,2
shrinking_b_decay_channels_2_r05,branch_count,constant_250,250.0,504,269330,0.0104408,True,False,8,1034,1,2
shrinking_b_decay_channels_2_r05,branch_count,cost_model_x0.4,197.86253566399938,504,269330,0.0078074,True,False,456,822,1,2
shrinking_b_decay_channels_2_r05,branch_count,cost_model_x0.5,247.3281695799992,504,269330,0.0091136,True,False,30,1026,1,2
shrinking_b_decay_channels_2_r05,branch_count,cost_model_x0.6,296.79380349599904,504,269330,0.0083939,True,False,1,1040,1,2
shrinking_b_decay_channels_2_r1,branch_count,wallclock_timing,,504,1077322,0.0250896,True,False,711,1734,3,2
shrinking_b_decay_channels_2_r1,branch_count,constant_250,250.0,504,1077322,0.0226819,True,False,2172,1029,1,2
shrinking_b_decay_channels_2_r1,branch_count,cost_model_x0.4,208.77751822970205,504,1077322,0.0238024,True,False,2510,856,1,2
shrinking_b_decay_channels_2_r1,branch_count,cost_model_x0.5,260.97189778712755,504,1077322,0.023885,True,False,2078,1075,1,2
shrinking_b_decay_channels_2_r1,branch_count,cost_model_x0.6,313.16627734455307,504,1077322,0.0335973,True,False,1620,1289,1,2
shrinking_b_decay_channels_2_r2,branch_count,wallclock_timing,,504,4309289,0.083292,True,False,8573,4,4,2
shrinking_b_decay_channels_2_r2,branch_count,constant_250,250.0,504,4309289,0.0801182,True,False,6493,1016,1,2
shrinking_b_decay_channels_2_r2,branch_count,cost_model_x0.4,227.2480335305428,504,4309289,0.065477,True,False,6697,922,1,2
shrinking_b_decay_channels_2_r2,branch_count,cost_model_x0.5,284.0600419131785,504,4309289,0.0661957,True,False,6203,1157,1,2
shrinking_b_decay_channels_2_r2,branch_count,cost_model_x0.6,340.8720502958142,504,4309289,0.0741729,True,False,5720,1394,1,2
shrinking_b_decay_channels_4_r05,branch_count,wallclock_timing,,504,199588,0.0184527,True,False,1785,2,2,2
shrinking_b_decay_channels_4_r05,branch_count,constant_250,250.0,504,199588,0.0113458,True,False,1,889,1,2
shrinking_b_decay_channels_4_r05,branch_count,cost_model_x0.4,171.04577082163632,504,199588,0.0083795,True,False,395,710,1,2
shrinking_b_decay_channels_4_r05,branch_count,cost_model_x0.5,213.80721352704538,504,199588,0.0093528,True,False,18,888,1,2
shrinking_b_decay_channels_4_r05,branch_count,cost_model_x0.6,256.56865623245443,504,199588,0.0119314,True,False,1,889,1,2
shrinking_b_decay_channels_4_r1,branch_count,wallclock_timing,,504,798355,0.0301593,True,False,3643,2,2,2
shrinking_b_decay_channels_4_r1,branch_count,constant_250,250.0,504,798355,0.0308029,True,False,1557,1028,1,2
shrinking_b_decay_channels_4_r1,branch_count,cost_model_x0.4,178.97264496822606,504,798355,0.0315592,True,False,2161,735,1,2
shrinking_b_decay_channels_4_r1,branch_count,cost_model_x0.5,223.71580621028255,504,798355,0.0375145,True,False,1792,923,1,2
shrinking_b_decay_channels_4_r1,branch_count,cost_model_x0.6,268.45896745233904,504,798355,0.0450698,True,False,1388,1111,1,2
shrinking_b_decay_channels_4_r2,branch_count,wallclock_timing,,504,3193421,0.0991908,True,False,7347,2,2,2
shrinking_b_decay_channels_4_r2,branch_count,constant_250,250.0,504,3193421,0.0513283,True,False,5211,1015,1,2
shrinking_b_decay_channels_4_r2,branch_count,cost_model_x0.4,192.1265034016568,504,3193421,0.0521814,True,False,5692,775,1,2
shrinking_b_decay_channels_4_r2,branch_count,cost_model_x0.5,240.15812925207098,504,3193421,0.0471209,True,False,5297,975,1,2
shrinking_b_decay_channels_4_r2,branch_count,cost_model_x0.6,288.18975510248515,504,3193421,0.0476666,True,False,4892,1177,1,2
shrinking_b_decay_channels_8_r05,branch_count,wallclock_timing,,504,86246,0.008103,True,False,1215,2,2,2
shrinking_b_decay_channels_8_r05,branch_count,constant_250,250.0,504,86246,0.0043986,True,False,1,590,1,2
shrinking_b_decay_channels_8_r05,branch_count,cost_model_x0.4,139.6894619732563,504,86246,0.0049551,True,False,25,586,1,2
shrinking_b_decay_channels_8_r05,branch_count,cost_model_x0.5,174.61182746657036,504,86246,0.0056903,True,False,1,590,1,2
shrinking_b_decay_channels_8_r05,branch_count,cost_model_x0.6,209.53419295988442,504,86246,0.004593,True,False,1,590,1,2
shrinking_b_decay_channels_8_r1,branch_count,wallclock_timing,,504,344987,0.0187568,True,False,2362,2,2,2
shrinking_b_decay_channels_8_r1,branch_count,constant_250,250.0,504,344987,0.0138837,True,False,285,1031,1,2
shrinking_b_decay_channels_8_r1,branch_count,cost_model_x0.4,144.09519532536,504,344987,0.0150093,True,False,1190,597,1,2
shrinking_b_decay_channels_8_r1,branch_count,cost_model_x0.5,180.1189941567,504,344987,0.0152751,True,False,877,744,1,2
shrinking_b_decay_channels_8_r1,branch_count,cost_model_x0.6,216.14279298804001,504,344987,0.0125548,True,False,573,893,1,2
shrinking_b_decay_channels_8_r2,branch_count,wallclock_timing,,504,1379949,0.0406144,True,False,4797,2,2,2
shrinking_b_decay_channels_8_r2,branch_count,constant_250,250.0,504,1379949,0.0458135,True,False,2725,1026,1,2
shrinking_b_decay_channels_8_r2,branch_count,cost_model_x0.4,150.9680599761456,504,1379949,0.0412964,True,False,3576,616,1,2
shrinking_b_decay_channels_8_r2,branch_count,cost_model_x0.5,188.710074970182,504,1379949,0.0412837,True,False,3257,774,1,2
shrinking_b_decay_channels_8_r2,branch_count,cost_model_x0.6,226.4520899642184,504,1379949,0.0406342,True,False,2936,931,1,2
dense_support_q4_r05,dense_support,wallclock_timing,,504,26918558,0.1661352,True,False,619,829,3,2
dense_support_q4_r05,dense_support,constant_250,250.0,504,26918558,0.1596272,True,False,2571,729,1,2
dense_support_q4_r05,dense_support,cost_model_x0.4,293.2284678964655,504,26918558,0.1811157,True,False,700,825,1,2
dense_support_q4_r05,dense_support,cost_model_x0.5,366.53558487058183,504,26918558,0.178585,True,False,1,866,1,2
dense_support_q4_r05,dense_support,cost_model_x0.6,439.8427018446982,504,26918558,0.1734843,True,False,1,866,1,2
dense_support_q4_r1,dense_support,wallclock_timing,,504,107674233,0.4695087,True,False,12759,1137,7,2
dense_support_q4_r1,dense_support,constant_250,250.0,504,107674233,0.4455557,True,False,24921,776,1,2
dense_support_q4_r1,dense_support,cost_model_x0.4,313.4088157966551,504,107674233,0.51109,True,False,17705,972,1,2
dense_support_q4_r1,dense_support,cost_model_x0.5,391.7610197458189,504,107674233,0.4628169,True,False,11326,1189,1,2
dense_support_q4_r1,dense_support,cost_model_x0.6,470.11322369498265,504,107674233,0.5092133,True,False,6570,1385,1,2
dense_support_q6_r05,dense_support,wallclock_timing,,504,14380815,0.1287981,True,False,1623,545,3,2
dense_support_q6_r05,dense_support,constant_250,250.0,504,14380815,0.1332909,True,False,1,633,1,2
dense_support_q6_r05,dense_support,cost_model_x0.4,199.88334470424422,504,14380815,0.1327765,True,False,1079,572,1,2
dense_support_q6_r05,dense_support,cost_model_x0.5,249.85418088030528,504,14380815,0.1333462,True,False,1,633,1,2
dense_support_q6_r05,dense_support,cost_model_x0.6,299.82501705636633,504,14380815,0.137018,True,False,1,633,1,2
dense_support_q6_r1,dense_support,wallclock_timing,,504,57523260,0.4819157,True,False,2611,1121,3,2
dense_support_q6_r1,dense_support,constant_250,250.0,504,57523260,0.3736964,True,False,11051,771,1,2
dense_support_q6_r1,dense_support,cost_model_x0.4,209.21892305275935,504,57523260,0.4601281,True,False,15002,652,1,2
dense_support_q6_r1,dense_support,cost_model_x0.5,261.52365381594916,504,57523260,0.4689568,True,False,10127,803,1,2
dense_support_q6_r1,dense_support,cost_model_x0.6,313.82838457913897,504,57523260,0.4637814,True,False,6478,940,1,2
dense_support_q8_r05,dense_support,wallclock_timing,,504,6856452,0.1189961,True,False,4844,236,5,2
dense_support_q8_r05,dense_support,constant_250,250.0,504,6856452,0.1075312,True,False,1,438,1,2
dense_support_q8_r05,dense_support,cost_model_x0.4,144.81867232667844,504,6856452,0.0913822,True,False,476,410,1,2
dense_support_q8_r05,dense_support,cost_model_x0.5,181.02334040834805,504,6856452,0.0952565,True,False,1,438,1,2
dense_support_q8_r05,dense_support,cost_model_x0.6,217.22800849001766,504,6856452,0.0951488,True,False,1,438,1,2
dense_support_q8_r1,dense_support,wallclock_timing,,504,27425809,0.3023127,True,False,12535,397,7,2
dense_support_q8_r1,dense_support,constant_250,250.0,504,27425809,0.386652,True,False,2710,730,1,2
dense_support_q8_r1,dense_support,cost_model_x0.4,149.32476065598868,504,27425809,0.3165978,True,False,9857,465,1,2
dense_support_q8_r1,dense_support,cost_model_x0.5,186.65595081998583,504,27425809,0.2994658,True,False,6493,572,1,2
dense_support_q8_r1,dense_support,cost_model_x0.6,223.98714098398298,504,27425809,0.3608713,True,False,4079,668,1,2
dense_support_q8_r2,dense_support,wallclock_timing,,504,109703238,0.9409583,True,False,49084,361,15,2
dense_support_q8_r2,dense_support,constant_250,250.0,504,109703238,0.9826906,True,False,25458,776,1,2
dense_support_q8_r2,dense_support,cost_model_x0.4,156.47175274866677,504,109703238,0.8879249,True,False,43717,431,1,2
dense_support_q8_r2,dense_support,cost_model_x0.5,195.58969093583346,504,109703238,1.0022443,True,False,34487,586,1,2
dense_support_q8_r2,dense_support,cost_model_x0.6,234.70762912300015,504,109703238,0.9620117,True,False,27648,725,1,2
dense_support_q12_r05,dense_support,wallclock_timing,,504,3266283,0.1139337,True,False,2587,188,5,2
dense_support_q12_r05,dense_support,constant_250,250.0,504,3266283,0.1099671,True,False,1,303,1,2
dense_support_q12_r05,dense_support,cost_model_x0.4,94.54718695994,504,3266283,0.089629,True,False,544,272,1,2
dense_support_q12_r05,dense_support,cost_model_x0.5,118.183983699925,504,3266283,0.0959312,True,False,1,303,1,2
dense_support_q12_r05,dense_support,cost_model_x0.6,141.82078043990998,504,3266283,0.0947453,True,False,1,303,1,2
dense_support_q12_r1,dense_support,wallclock_timing,,504,13065133,0.3472625,True,False,2789,463,5,2
dense_support_q12_r1,dense_support,constant_250,250.0,504,13065133,0.4331793,True,False,1,604,1,2
dense_support_q12_r1,dense_support,cost_model_x0.4,96.23943076901122,504,13065133,0.3422182,True,False,7539,301,1,2
dense_support_q12_r1,dense_support,cost_model_x0.5,120.29928846126401,504,13065133,0.3523614,True,False,5177,372,1,2
dense_support_q12_r1,dense_support,cost_model_x0.6,144.3591461535168,504,13065133,0.3536894,True,False,3441,436,1,2
dense_support_q12_r2,dense_support,wallclock_timing,,504,52260533,1.0187306,True,False,15461,591,5,2
dense_support_q12_r2,dense_support,constant_250,250.0,504,52260533,1.2294536,True,False,9589,768,1,2
dense_support_q12_r2,dense_support,cost_model_x0.4,98.76806323147295,504,52260533,1.0738919,True,False,32882,259,1,2
dense_support_q12_r2,dense_support,cost_model_x0.5,123.46007903934118,504,52260533,1.4342633,True,False,26217,360,1,2
dense_support_q12_r2,dense_support,cost_model_x0.6,148.1520948472094,504,52260533,1.1169914,True,False,21348,452,1,2
collision_o2_g0_n1000000_r05,collision,wallclock_timing,,504,27324219,0.1575642,True,False,15108,336,5,2
collision_o2_g0_n1000000_r05,collision,constant_250,250.0,504,27324219,0.1393451,True,False,2682,730,1,2
collision_o2_g0_n1000000_r05,collision,cost_model_x0.4,293.3973660445479,504,27324219,0.1337964,True,False,783,827,1,2
collision_o2_g0_n1000000_r05,collision,cost_model_x0.5,366.74670755568485,504,27324219,0.1357789,True,False,1,873,1,2
collision_o2_g0_n1000000_r05,collision,cost_model_x0.6,440.0960490668218,504,27324219,0.1359293,True,False,1,873,1,2
collision_o2_g0_n1000000_r1,collision,wallclock_timing,,504,109296878,0.4783207,True,False,38054,532,13,2
collision_o2_g0_n1000000_r1,collision,constant_250,250.0,504,109296878,0.5428806,True,False,25351,776,1,2
collision_o2_g0_n1000000_r1,collision,cost_model_x0.4,313.68939549340627,504,109296878,0.5169272,True,False,18055,974,1,2
collision_o2_g0_n1000000_r1,collision,cost_model_x0.5,392.1117443667578,504,109296878,0.4819344,True,False,11591,1191,1,2
collision_o2_g0_n1000000_r1,collision,cost_model_x0.6,470.53409324010937,504,109296878,0.6142316,True,False,6791,1388,1,2
collision_o2_g1_n1000000_r05,collision,wallclock_timing,,504,78960851,0.4467378,True,False,11813,946,7,2
collision_o2_g1_n1000000_r05,collision,constant_250,250.0,504,78960851,0.421352,True,False,10866,962,1,2
collision_o2_g1_n1000000_r05,collision,cost_model_x0.4,425.2981894945606,504,78960851,0.4506606,True,False,468,1354,1,2
collision_o2_g1_n1000000_r05,collision,cost_model_x0.5,531.6227368682007,504,78960851,0.4896059,True,False,1,1376,1,2
collision_o2_g1_n1000000_r05,collision,cost_model_x0.6,637.9472842418409,504,78960851,0.4932724,True,False,1,1376,1,2
collision_o2_g2_n1000000_r05,collision,wallclock_timing,,504,102284560,0.6423748,True,False,5426,1284,5,2
collision_o2_g2_n1000000_r05,collision,constant_250,250.0,504,102284560,0.6184513,True,False,11546,1100,1,2
collision_o2_g2_n1000000_r05,collision,cost_model_x0.4,463.39562115304665,504,102284560,0.6243555,True,False,1,1473,1,2
collision_o2_g2_n1000000_r05,collision,cost_model_x0.5,579.2445264413083,504,102284560,0.588524,True,False,1,1473,1,2
collision_o2_g2_n1000000_r05,collision,cost_model_x0.6,695.0934317295699,504,102284560,0.6199999,True,False,1,1473,1,2
dimerization_r05,dimerization,wallclock_timing,,505,8376953,0.179538,True,False,16442,4,4,2
dimerization_r05,dimerization,constant_250,250.0,505,8376953,0.1698948,True,False,16544,0,0,2
dimerization_r05,dimerization,cost_model_x0.4,352.1857560713393,505,8376953,0.1787425,True,False,16544,0,0,2
dimerization_r05,dimerization,cost_model_x0.5,440.2321950891741,505,8376953,0.1752737,True,False,1,2506,1,2
dimerization_r05,dimerization,cost_model_x0.6,528.2786341070089,505,8376953,0.1808749,True,False,1,2506,1,2
lotka_volterra_r05,lotka_volterra,wallclock_timing,,505,516476,0.8754665,True,False,71731,1294,40,2
lotka_volterra_r05,lotka_volterra,constant_250,250.0,505,516476,0.807837,True,False,75234,0,0,2
lotka_volterra_r05,lotka_volterra,cost_model_x0.4,299.7336913482398,505,516476,0.8568038,True,False,75234,0,0,2
lotka_volterra_r05,lotka_volterra,cost_model_x0.5,374.66711418529974,505,516476,0.761029,True,False,49006,11003,7,2
lotka_volterra_r05,lotka_volterra,cost_model_x0.6,449.6005370223597,505,516476,0.8773918,True,False,24520,19919,7,2
shrinking_r05,shrinking,wallclock_timing,,505,414323,0.0267727,True,False,2607,16,4,2
shrinking_r05,shrinking,constant_250,250.0,505,414323,0.0126725,True,False,520,1031,1,2
shrinking_r05,shrinking,cost_model_x0.4,219.11363039155117,505,414323,0.0161325,True,False,776,904,1,2
shrinking_r05,shrinking,cost_model_x0.5,273.89203798943896,505,414323,0.0116326,True,False,324,1133,1,2
shrinking_r05,shrinking,cost_model_x0.6,328.67044558732675,505,414323,0.01581,True,False,1,1288,1,2
shrinking_r1,shrinking,wallclock_timing,,505,1657292,0.0376887,True,False,5228,2,2,2
shrinking_r1,shrinking,constant_250,250.0,505,1657292,0.0379663,True,False,3181,1024,1,2
shrinking_r1,shrinking,cost_model_x0.4,233.61588743640192,505,1657292,0.0343702,True,False,3313,957,1,2
shrinking_r1,shrinking,cost_model_x0.5,292.0198592955024,505,1657292,0.0331827,True,False,2808,1198,1,2
shrinking_r1,shrinking,cost_model_x0.6,350.42383115460285,505,1657292,0.0313808,True,False,2330,1442,1,2
shrinking_r2,shrinking,wallclock_timing,,505,6629170,0.0851176,True,False,10463,4,4,2
shrinking_r2,shrinking,constant_250,250.0,505,6629170,0.0910616,True,False,8524,1009,1,2
shrinking_r2,shrinking,cost_model_x0.4,258.79339145195667,505,6629170,0.0831522,True,False,8449,1045,1,2
shrinking_r2,shrinking,cost_model_x0.5,323.49173931494585,505,6629170,0.0875773,True,False,7900,1313,1,2
shrinking_r2,shrinking,cost_model_x0.6,388.190087177935,505,6629170,0.0860073,True,False,7340,1579,1,2
shrinking_no_b_decay_r05,shrinking,wallclock_timing,,505,1351956,0.0671625,True,False,8447,12,3,2
shrinking_no_b_decay_r05,shrinking,constant_250,250.0,505,1351956,0.0181365,True,False,920,607,1,2
shrinking_no_b_decay_r05,shrinking,cost_model_x0.4,248.30036605715384,505,1351956,0.0178039,True,False,938,603,1,2
shrinking_no_b_decay_r05,shrinking,cost_model_x0.5,310.37545757144227,505,1351956,0.0170641,True,False,276,776,1,2
shrinking_no_b_decay_r05,shrinking,cost_model_x0.6,372.4505490857307,505,1351956,0.0159271,True,False,1,854,1,2
shrinking_no_b_decay_r1,shrinking,wallclock_timing,,505,5407825,0.0771147,True,False,8651,219,5,2
shrinking_no_b_decay_r1,shrinking,constant_250,250.0,505,5407825,0.0605198,True,False,5197,567,1,2
shrinking_no_b_decay_r1,shrinking,cost_model_x0.4,266.2028483816863,505,5407825,0.0681041,True,False,4932,605,1,2
shrinking_no_b_decay_r1,shrinking,cost_model_x0.5,332.75356047710784,505,5407825,0.0655509,True,False,3948,772,1,2
shrinking_no_b_decay_r1,shrinking,cost_model_x0.6,399.3042725725294,505,5407825,0.0633941,True,False,3081,942,1,2
shrinking_no_b_decay_r2,shrinking,wallclock_timing,,505,21631301,0.2216578,True,False,22354,208,7,2
shrinking_no_b_decay_r2,shrinking,constant_250,250.0,505,21631301,0.1775324,True,False,15748,545,1,2
shrinking_no_b_decay_r2,shrinking,cost_model_x0.4,297.56212599359094,505,21631301,0.1670654,True,False,14486,652,1,2
shrinking_no_b_decay_r2,shrinking,cost_model_x0.5,371.95265749198865,505,21631301,0.16465,True,False,12751,825,1,2
shrinking_no_b_decay_r2,shrinking,cost_model_x0.6,446.34318899038635,505,21631301,0.1556182,True,False,11325,999,1,2
shrinking_split_b_decay_r05,shrinking,wallclock_timing,,505,263766,0.0181357,True,False,2108,2,2,2
shrinking_split_b_decay_r05,shrinking,constant_250,250.0,505,263766,0.0086789,True,False,1,1029,1,2
shrinking_split_b_decay_r05,shrinking,cost_model_x0.4,197.73347427612777,505,263766,0.0100203,True,False,437,819,1,2
shrinking_split_b_decay_r05,shrinking,cost_model_x0.5,247.1668428451597,505,263766,0.0091194,True,False,8,1024,1,2
shrinking_split_b_decay_r05,shrinking,cost_model_x0.6,296.6002114141916,505,263766,0.0080306,True,False,1,1029,1,2
shrinking_split_b_decay_r1,shrinking,wallclock_timing,,505,1055067,0.033357,True,False,4204,2,2,2
shrinking_split_b_decay_r1,shrinking,constant_250,250.0,505,1055067,0.0276193,True,False,2085,1030,1,2
shrinking_split_b_decay_r1,shrinking,cost_model_x0.4,208.5700389576839,505,1055067,0.0296951,True,False,2443,859,1,2
shrinking_split_b_decay_r1,shrinking,cost_model_x0.5,260.71254869710486,505,1055067,0.0249158,True,False,1986,1072,1,2
shrinking_split_b_decay_r1,shrinking,cost_model_x0.6,312.85505843652584,505,1055067,0.0241906,True,False,1554,1286,1,2
shrinking_split_b_decay_r2,shrinking,wallclock_timing,,505,4220269,0.0642909,True,False,8409,2,2,2
shrinking_split_b_decay_r2,shrinking,constant_250,250.0,505,4220269,0.0659959,True,False,6301,1015,1,2
shrinking_split_b_decay_r2,shrinking,cost_model_x0.4,226.8836600842692,505,4220269,0.0671974,True,False,6506,917,1,2
shrinking_split_b_decay_r2,shrinking,cost_model_x0.5,283.6045751053365,505,4220269,0.0606806,True,False,5998,1156,1,2
shrinking_split_b_decay_r2,shrinking,cost_model_x0.6,340.3254901264038,505,4220269,0.067178,True,False,5538,1386,1,2
shrinking_b_decay_channels_1_r05,branch_count,wallclock_timing,,505,348245,0.0097342,True,False,619,873,3,2
shrinking_b_decay_channels_1_r05,branch_count,constant_250,250.0,505,348245,0.0088803,True,False,284,1032,1,2
shrinking_b_decay_channels_1_r05,branch_count,cost_model_x0.4,217.74580841166699,505,348245,0.0105319,True,False,559,900,1,2
shrinking_b_decay_channels_1_r05,branch_count,cost_model_x0.5,272.18226051458373,505,348245,0.0121712,True,False,112,1124,1,2
shrinking_b_decay_channels_1_r05,branch_count,cost_model_x0.6,326.6187126175005,505,348245,0.0128016,True,False,1,1179,1,2
shrinking_b_decay_channels_1_r1,branch_count,wallclock_timing,,505,1392983,0.0543753,True,False,4834,17,4,2
shrinking_b_decay_channels_1_r1,branch_count,constant_250,250.0,505,1392983,0.0447808,True,False,2751,1028,1,2
shrinking_b_decay_channels_1_r1,branch_count,cost_model_x0.4,231.35984415599106,505,1392983,0.0482725,True,False,2916,949,1,2
shrinking_b_decay_channels_1_r1,branch_count,cost_model_x0.5,289.1998051949888,505,1392983,0.0505357,True,False,2411,1188,1,2
shrinking_b_decay_channels_1_r1,branch_count,cost_model_x0.6,347.03976623398654,505,1392983,0.0701895,True,False,1927,1429,1,2
shrinking_b_decay_channels_1_r2,branch_count,wallclock_timing,,505,5571934,0.1507905,True,False,9590,4,4,2
shrinking_b_decay_channels_1_r2,branch_count,constant_250,250.0,505,5571934,0.102171,True,False,7592,1011,1,2
shrinking_b_decay_channels_1_r2,branch_count,cost_model_x0.4,254.7609362600336,505,5571934,0.1206137,True,False,7549,1027,1,2
shrinking_b_decay_channels_1_r2,branch_count,cost_model_x0.5,318.45117032504197,505,5571934,0.1204159,True,False,7029,1293,1,2
shrinking_b_decay_channels_1_r2,branch_count,cost_model_x0.6,382.14140439005035,505,5571934,0.1475968,True,False,6478,1561,1,2
shrinking_b_decay_channels_2_r05,branch_count,wallclock_timing,,505,269330,0.0129148,True,False,1448,342,3,2
shrinking_b_decay_channels_2_r05,branch_count,constant_250,250.0,505,269330,0.0163463,True,False,6,1034,1,2
shrinking_b_decay_channels_2_r05,branch_count,cost_model_x0.4,197.86253566399938,505,269330,0.0179399,True,False,441,818,1,2
shrinking_b_decay_channels_2_r05,branch_count,cost_model_x0.5,247.3281695799992,505,269330,0.0088511,True,False,28,1027,1,2
shrinking_b_decay_channels_2_r05,branch_count,cost_model_x0.6,296.79380349599904,505,269330,0.0078434,True,False,1,1040,1,2
shrinking_b_decay_channels_2_r1,branch_count,wallclock_timing,,505,1077322,0.0691583,True,False,4210,2,2,2
shrinking_b_decay_channels_2_r1,branch_count,constant_250,250.0,505,1077322,0.0358078,True,False,2153,1028,1,2
shrinking_b_decay_channels_2_r1,branch_count,cost_model_x0.4,208.77751822970205,505,1077322,0.0298762,True,False,2526,856,1,2
shrinking_b_decay_channels_2_r1,branch_count,cost_model_x0.5,260.97189778712755,505,1077322,0.0325004,True,False,2053,1075,1,2
shrinking_b_decay_channels_2_r1,branch_count,cost_model_x0.6,313.16627734455307,505,1077322,0.0435049,True,False,1602,1290,1,2
shrinking_b_decay_channels_2_r2,branch_count,wallclock_timing,,505,4309289,0.119238,True,False,8485,4,4,2
shrinking_b_decay_channels_2_r2,branch_count,constant_250,250.0,505,4309289,0.0891163,True,False,6486,1013,1,2
shrinking_b_decay_channels_2_r2,branch_count,cost_model_x0.4,227.2480335305428,505,4309289,0.1025625,True,False,6682,918,1,2
shrinking_b_decay_channels_2_r2,branch_count,cost_model_x0.5,284.0600419131785,505,4309289,0.08952,True,False,6175,1157,1,2
shrinking_b_decay_channels_2_r2,branch_count,cost_model_x0.6,340.8720502958142,505,4309289,0.1005001,True,False,5696,1391,1,2
shrinking_b_decay_channels_4_r05,branch_count,wallclock_timing,,505,199588,0.0168727,True,False,935,452,3,2
shrinking_b_decay_channels_4_r05,branch_count,constant_250,250.0,505,199588,0.013824,True,False,1,897,1,2
shrinking_b_decay_channels_4_r05,branch_count,cost_model_x0.4,171.04577082163632,505,199588,0.0172339,True,False,387,707,1,2
shrinking_b_decay_channels_4_r05,branch_count,cost_model_x0.5,213.80721352704538,505,199588,0.013662,True,False,18,884,1,2
shrinking_b_decay_channels_4_r05,branch_count,cost_model_x0.6,256.56865623245443,505,199588,0.0093336,True,False,1,897,1,2
shrinking_b_decay_channels_4_r1,branch_count,wallclock_timing,,505,798355,0.0369223,True,False,3647,2,2,2
shrinking_b_decay_channels_4_r1,branch_count,constant_250,250.0,505,798355,0.0306819,True,False,1525,1027,1,2
shrinking_b_decay_channels_4_r1,branch_count,cost_model_x0.4,178.97264496822606,505,798355,0.0437586,True,False,2135,738,1,2
shrinking_b_decay_channels_4_r1,branch_count,cost_model_x0.5,223.71580621028255,505,798355,0.0286069,True,False,1764,918,1,2
shrinking_b_decay_channels_4_r1,branch_count,cost_model_x0.6,268.45896745233904,505,798355,0.0261548,True,False,1369,1107,1,2
shrinking_b_decay_channels_4_r2,branch_count,wallclock_timing,,505,3193421,0.1026834,True,False,7387,2,2,2
shrinking_b_decay_channels_4_r2,branch_count,constant_250,250.0,505,3193421,0.0912599,True,False,5235,1021,1,2
shrinking_b_decay_channels_4_r2,branch_count,cost_model_x0.4,192.1265034016568,505,3193421,0.0954851,True,False,5742,779,1,2
shrinking_b_decay_channels_4_r2,branch_count,cost_model_x0.5,240.15812925207098,505,3193421,0.0835265,True,False,5320,976,1,2
shrinking_b_decay_channels_4_r2,branch_count,cost_model_x0.6,288.18975510248515,505,3193421,0.0884484,True,False,4905,1177,1,2
shrinking_b_decay_channels_8_r05,branch_count,wallclock_timing,,505,86246,0.0199475,True,False,1212,2,2,2
shrinking_b_decay_channels_8_r05,branch_count,constant_250,250.0,505,86246,0.0071131,True,False,1,595,1,2
shrinking_b_decay_channels_8_r05,branch_count,cost_model_x0.4,139.6894619732563,505,86246,0.0074301,True,False,21,585,1,2
shrinking_b_decay_channels_8_r05,branch_count,cost_model_x0.5,174.61182746657036,505,86246,0.0069883,True,False,1,595,1,2
shrinking_b_decay_channels_8_r05,branch_count,cost_model_x0.6,209.53419295988442,505,86246,0.0070628,True,False,1,595,1,2
shrinking_b_decay_channels_8_r1,branch_count,wallclock_timing,,505,344987,0.0307593,True,False,2429,2,2,2
shrinking_b_decay_channels_8_r1,branch_count,constant_250,250.0,505,344987,0.0232494,True,False,291,1035,1,2
shrinking_b_decay_channels_8_r1,branch_count,cost_model_x0.4,144.09519532536,505,344987,0.021068,True,False,1166,597,1,2
shrinking_b_decay_channels_8_r1,branch_count,cost_model_x0.5,180.1189941567,505,344987,0.0189432,True,False,870,745,1,2
shrinking_b_decay_channels_8_r1,branch_count,cost_model_x0.6,216.14279298804001,505,344987,0.0191806,True,False,572,891,1,2
shrinking_b_decay_channels_8_r2,branch_count,wallclock_timing,,505,1379949,0.0571789,True,False,4828,2,2,2
shrinking_b_decay_channels_8_r2,branch_count,constant_250,250.0,505,1379949,0.0637855,True,False,2734,1024,1,2
shrinking_b_decay_channels_8_r2,branch_count,cost_model_x0.4,150.9680599761456,505,1379949,0.0821158,True,False,3565,618,1,2
shrinking_b_decay_channels_8_r2,branch_count,cost_model_x0.5,188.710074970182,505,1379949,0.0659428,True,False,3241,772,1,2
shrinking_b_decay_channels_8_r2,branch_count,cost_model_x0.6,226.4520899642184,505,1379949,0.1198016,True,False,2920,929,1,2
dense_support_q4_r05,dense_support,wallclock_timing,,505,26918558,0.2605984,True,False,6973,548,3,2
dense_support_q4_r05,dense_support,constant_250,250.0,505,26918558,0.2438244,True,False,2511,729,1,2
dense_support_q4_r05,dense_support,cost_model_x0.4,293.2284678964655,505,26918558,0.2520834,True,False,699,825,1,2
dense_support_q4_r05,dense_support,cost_model_x0.5,366.53558487058183,505,26918558,0.2297208,True,False,1,866,1,2
dense_support_q4_r05,dense_support,cost_model_x0.6,439.8427018446982,505,26918558,0.2704615,True,False,1,866,1,2
dense_support_q4_r1,dense_support,wallclock_timing,,505,107674233,0.9442244,True,False,16330,1020,11,2
dense_support_q4_r1,dense_support,constant_250,250.0,505,107674233,1.0436443,True,False,24978,776,1,2
dense_support_q4_r1,dense_support,cost_model_x0.4,313.4088157966551,505,107674233,0.9995982,True,False,17741,973,1,2
dense_support_q4_r1,dense_support,cost_model_x0.5,391.7610197458189,505,107674233,1.0441213,True,False,11306,1189,1,2
dense_support_q4_r1,dense_support,cost_model_x0.6,470.11322369498265,505,107674233,0.9240223,True,False,6573,1385,1,2
dense_support_q6_r05,dense_support,wallclock_timing,,505,14380815,0.2415305,True,False,6275,364,3,2
dense_support_q6_r05,dense_support,constant_250,250.0,505,14380815,0.2515604,True,False,1,634,1,2
dense_support_q6_r05,dense_support,cost_model_x0.4,199.88334470424422,505,14380815,0.2571389,True,False,1071,572,1,2
dense_support_q6_r05,dense_support,cost_model_x0.5,249.85418088030528,505,14380815,0.2177337,True,False,1,634,1,2
dense_support_q6_r05,dense_support,cost_model_x0.6,299.82501705636633,505,14380815,0.2065958,True,False,1,634,1,2
dense_support_q6_r1,dense_support,wallclock_timing,,505,57523260,0.795921,True,False,25297,422,9,2
dense_support_q6_r1,dense_support,constant_250,250.0,505,57523260,0.7456133,True,False,11053,771,1,2
dense_support_q6_r1,dense_support,cost_model_x0.4,209.21892305275935,505,57523260,0.715462,True,False,15050,652,1,2
dense_support_q6_r1,dense_support,cost_model_x0.5,261.52365381594916,505,57523260,0.8032761,True,False,10074,803,1,2
dense_support_q6_r1,dense_support,cost_model_x0.6,313.82838457913897,505,57523260,0.7120117,True,False,6474,940,1,2
dense_support_q8_r05,dense_support,wallclock_timing,,505,6856452,0.1443843,True,False,2051,333,3,2
dense_support_q8_r05,dense_support,constant_250,250.0,505,6856452,0.1684013,True,False,1,438,1,2
dense_support_q8_r05,dense_support,cost_model_x0.4,144.81867232667844,505,6856452,0.1618362,True,False,467,411,1,2
dense_support_q8_r05,dense_support,cost_model_x0.5,181.02334040834805,505,6856452,0.1512402,True,False,1,438,1,2
dense_support_q8_r05,dense_support,cost_model_x0.6,217.22800849001766,505,6856452,0.1670387,True,False,1,438,1,2
dense_support_q8_r1,dense_support,wallclock_timing,,505,27425809,0.5599849,True,False,20507,239,7,2
dense_support_q8_r1,dense_support,constant_250,250.0,505,27425809,0.5990084,True,False,2648,730,1,2
dense_support_q8_r1,dense_support,cost_model_x0.4,149.32476065598868,505,27425809,0.612742,True,False,9802,465,1,2
dense_support_q8_r1,dense_support,cost_model_x0.5,186.65595081998583,505,27425809,0.5967253,True,False,6491,571,1,2
dense_support_q8_r1,dense_support,cost_model_x0.6,223.98714098398298,505,27425809,0.6470656,True,False,4040,668,1,2
dense_support_q8_r2,dense_support,wallclock_timing,,505,109703238,1.5266021,True,False,37343,539,11,2
dense_support_q8_r2,dense_support,constant_250,250.0,505,109703238,1.4855785,True,False,25542,776,1,2
dense_support_q8_r2,dense_support,cost_model_x0.4,156.47175274866677,505,109703238,0.9139207,True,False,43695,431,1,2
dense_support_q8_r2,dense_support,cost_model_x0.5,195.58969093583346,505,109703238,1.0223379,True,False,34545,585,1,2
dense_support_q8_r2,dense_support,cost_model_x0.6,234.70762912300015,505,109703238,1.2169715,True,False,27772,724,1,2
dense_support_q12_r05,dense_support,wallclock_timing,,505,3266283,0.1246255,True,False,3698,153,3,2
dense_support_q12_r05,dense_support,constant_250,250.0,505,3266283,0.10967,True,False,1,303,1,2
dense_support_q12_r05,dense_support,cost_model_x0.4,94.54718695994,505,3266283,0.0976183,True,False,541,272,1,2
dense_support_q12_r05,dense_support,cost_model_x0.5,118.183983699925,505,3266283,0.1035413,True,False,1,303,1,2
dense_support_q12_r05,dense_support,cost_model_x0.6,141.82078043990998,505,3266283,0.1023761,True,False,1,303,1,2
dense_support_q12_r1,dense_support,wallclock_timing,,505,13065133,0.364979,True,False,18901,102,7,2
dense_support_q12_r1,dense_support,constant_250,250.0,505,13065133,0.4015924,True,False,1,604,1,2
dense_support_q12_r1,dense_support,cost_model_x0.4,96.23943076901122,505,13065133,0.3142498,True,False,7497,301,1,2
dense_support_q12_r1,dense_support,cost_model_x0.5,120.29928846126401,505,13065133,0.3257556,True,False,5152,371,1,2
dense_support_q12_r1,dense_support,cost_model_x0.6,144.3591461535168,505,13065133,0.3480797,True,False,3398,436,1,2
dense_support_q12_r2,dense_support,wallclock_timing,,505,52260533,0.9172605,True,False,26556,359,9,2
dense_support_q12_r2,dense_support,constant_250,250.0,505,52260533,1.2136193,True,False,9543,768,1,2
dense_support_q12_r2,dense_support,cost_model_x0.4,98.76806323147295,505,52260533,0.8596001,True,False,32908,259,1,2
dense_support_q12_r2,dense_support,cost_model_x0.5,123.46007903934118,505,52260533,0.8748207,True,False,26293,360,1,2
dense_support_q12_r2,dense_support,cost_model_x0.6,148.1520948472094,505,52260533,0.9207766,True,False,21349,452,1,2
collision_o2_g0_n1000000_r05,collision,wallclock_timing,,505,27324219,0.1358867,True,False,1409,792,3,2
collision_o2_g0_n1000000_r05,collision,constant_250,250.0,505,27324219,0.1345051,True,False,2623,730,1,2
collision_o2_g0_n1000000_r05,collision,cost_model_x0.4,293.3973660445479,505,27324219,0.1414789,True,False,782,827,1,2
collision_o2_g0_n1000000_r05,collision,cost_model_x0.5,366.74670755568485,505,27324219,0.143396,True,False,1,873,1,2
collision_o2_g0_n1000000_r05,collision,cost_model_x0.6,440.0960490668218,505,27324219,0.1431521,True,False,1,873,1,2
collision_o2_g0_n1000000_r1,collision,wallclock_timing,,505,109296878,0.4639728,True,False,26819,748,11,2
collision_o2_g0_n1000000_r1,collision,constant_250,250.0,505,109296878,0.4554341,True,False,25430,776,1,2
collision_o2_g0_n1000000_r1,collision,cost_model_x0.4,313.68939549340627,505,109296878,0.4919286,True,False,18074,974,1,2
collision_o2_g0_n1000000_r1,collision,cost_model_x0.5,392.1117443667578,505,109296878,0.4904613,True,False,11582,1191,1,2
collision_o2_g0_n1000000_r1,collision,cost_model_x0.6,470.53409324010937,505,109296878,0.5186947,True,False,6790,1388,1,2
collision_o2_g1_n1000000_r05,collision,wallclock_timing,,505,78960851,0.4191418,True,False,5725,1136,5,2
collision_o2_g1_n1000000_r05,collision,constant_250,250.0,505,78960851,0.4192146,True,False,10863,962,1,2
collision_o2_g1_n1000000_r05,collision,cost_model_x0.4,425.2981894945606,505,78960851,0.4005277,True,False,459,1353,1,2
collision_o2_g1_n1000000_r05,collision,cost_model_x0.5,531.6227368682007,505,78960851,0.4188349,True,False,1,1377,1,2
collision_o2_g1_n1000000_r05,collision,cost_model_x0.6,637.9472842418409,505,78960851,0.4172335,True,False,1,1377,1,2
collision_o2_g2_n1000000_r05,collision,wallclock_timing,,505,102284560,0.5195854,True,False,757,1442,3,2
collision_o2_g2_n1000000_r05,collision,constant_250,250.0,505,102284560,0.5918714,True,False,11529,1100,1,2
collision_o2_g2_n1000000_r05,collision,cost_model_x0.4,463.39562115304665,505,102284560,0.5436916,True,False,1,1473,1,2
collision_o2_g2_n1000000_r05,collision,cost_model_x0.5,579.2445264413083,505,102284560,0.5445732,True,False,1,1473,1,2
collision_o2_g2_n1000000_r05,collision,cost_model_x0.6,695.0934317295699,505,102284560,0.5889342,True,False,1,1473,1,2
dimerization_r05,dimerization,wallclock_timing,,506,8376953,0.1557681,True,False,9005,1170,8,2
dimerization_r05,dimerization,constant_250,250.0,506,8376953,0.1649944,True,False,16607,0,0,2
dimerization_r05,dimerization,cost_model_x0.4,352.1857560713393,506,8376953,0.1680274,True,False,16607,0,0,2
dimerization_r05,dimerization,cost_model_x0.5,440.2321950891741,506,8376953,0.1669173,True,False,1,2506,1,2
dimerization_r05,dimerization,cost_model_x0.6,528.2786341070089,506,8376953,0.1595411,True,False,1,2506,1,2
lotka_volterra_r05,lotka_volterra,wallclock_timing,,506,516476,0.7100853,True,False,71663,1321,40,2
lotka_volterra_r05,lotka_volterra,constant_250,250.0,506,516476,0.7902662,True,False,75268,0,0,2
lotka_volterra_r05,lotka_volterra,cost_model_x0.4,299.7336913482398,506,516476,0.8132808,True,False,75268,0,0,2
lotka_volterra_r05,lotka_volterra,cost_model_x0.5,374.66711418529974,506,516476,0.7257856,True,False,48755,11133,7,2
lotka_volterra_r05,lotka_volterra,cost_model_x0.6,449.6005370223597,506,516476,0.6201126,True,False,24557,19875,7,2
shrinking_r05,shrinking,wallclock_timing,,506,414323,0.0172415,True,False,2644,2,2,2
shrinking_r05,shrinking,constant_250,250.0,506,414323,0.0107897,True,False,535,1035,1,2
shrinking_r05,shrinking,cost_model_x0.4,219.11363039155117,506,414323,0.0119913,True,False,793,905,1,2
shrinking_r05,shrinking,cost_model_x0.5,273.89203798943896,506,414323,0.0103506,True,False,326,1138,1,2
shrinking_r05,shrinking,cost_model_x0.6,328.67044558732675,506,414323,0.0100511,True,False,1,1291,1,2
shrinking_r1,shrinking,wallclock_timing,,506,1657292,0.0359234,True,False,5305,2,2,2
shrinking_r1,shrinking,constant_250,250.0,506,1657292,0.0318477,True,False,3198,1029,1,2
shrinking_r1,shrinking,cost_model_x0.4,233.61588743640192,506,1657292,0.032168,True,False,3347,960,1,2
shrinking_r1,shrinking,cost_model_x0.5,292.0198592955024,506,1657292,0.0317066,True,False,2850,1199,1,2
shrinking_r1,shrinking,cost_model_x0.6,350.42383115460285,506,1657292,0.0313762,True,False,2351,1437,1,2
shrinking_r2,shrinking,wallclock_timing,,506,6629170,0.0794144,True,False,10520,4,4,2
shrinking_r2,shrinking,constant_250,250.0,506,6629170,0.0714375,True,False,8546,1004,1,2
shrinking_r2,shrinking,cost_model_x0.4,258.79339145195667,506,6629170,0.0614071,True,False,8471,1044,1,2
shrinking_r2,shrinking,cost_model_x0.5,323.49173931494585,506,6629170,0.0631873,True,False,7910,1311,1,2
shrinking_r2,shrinking,cost_model_x0.6,388.190087177935,506,6629170,0.0668593,True,False,7358,1582,1,2
shrinking_no_b_decay_r05,shrinking,wallclock_timing,,506,1351956,0.0144407,True,False,318,764,3,2
shrinking_no_b_decay_r05,shrinking,constant_250,250.0,506,1351956,0.0156657,True,False,919,607,1,2
shrinking_no_b_decay_r05,shrinking,cost_model_x0.4,248.30036605715384,506,1351956,0.0157851,True,False,936,603,1,2
shrinking_no_b_decay_r05,shrinking,cost_model_x0.5,310.37545757144227,506,1351956,0.0141295,True,False,278,776,1,2
shrinking_no_b_decay_r05,shrinking,cost_model_x0.6,372.4505490857307,506,1351956,0.0144774,True,False,1,855,1,2
shrinking_no_b_decay_r1,shrinking,wallclock_timing,,506,5407825,0.0677834,True,False,9606,174,5,2
shrinking_no_b_decay_r1,shrinking,constant_250,250.0,506,5407825,0.0533121,True,False,5254,565,1,2
shrinking_no_b_decay_r1,shrinking,cost_model_x0.4,266.2028483816863,506,5407825,0.0520073,True,False,4989,605,1,2
shrinking_no_b_decay_r1,shrinking,cost_model_x0.5,332.75356047710784,506,5407825,0.0487589,True,False,3983,771,1,2
shrinking_no_b_decay_r1,shrinking,cost_model_x0.6,399.3042725725294,506,5407825,0.048282,True,False,3087,942,1,2
shrinking_no_b_decay_r2,shrinking,wallclock_timing,,506,21631301,0.1368079,True,False,9294,1293,5,2
shrinking_no_b_decay_r2,shrinking,constant_250,250.0,506,21631301,0.1400192,True,False,15915,544,1,2
shrinking_no_b_decay_r2,shrinking,cost_model_x0.4,297.56212599359094,506,21631301,0.1406257,True,False,14611,652,1,2
shrinking_no_b_decay_r2,shrinking,cost_model_x0.5,371.95265749198865,506,21631301,0.1421277,True,False,12899,824,1,2
shrinking_no_b_decay_r2,shrinking,cost_model_x0.6,446.34318899038635,506,21631301,0.156345,True,False,11431,999,1,2
shrinking_split_b_decay_r05,shrinking,wallclock_timing,,506,263766,0.0130115,True,False,1318,393,3,2
shrinking_split_b_decay_r05,shrinking,constant_250,250.0,506,263766,0.0077565,True,False,1,1022,1,2
shrinking_split_b_decay_r05,shrinking,cost_model_x0.4,197.73347427612777,506,263766,0.0111249,True,False,432,816,1,2
shrinking_split_b_decay_r05,shrinking,cost_model_x0.5,247.1668428451597,506,263766,0.0084248,True,False,9,1026,1,2
shrinking_split_b_decay_r05,shrinking,cost_model_x0.6,296.6002114141916,506,263766,0.0081254,True,False,1,1022,1,2
shrinking_split_b_decay_r1,shrinking,wallclock_timing,,506,1055067,0.0337817,True,False,4168,2,2,2
shrinking_split_b_decay_r1,shrinking,constant_250,250.0,506,1055067,0.0252676,True,False,2101,1028,1,2
shrinking_split_b_decay_r1,shrinking,cost_model_x0.4,208.5700389576839,506,1055067,0.0258945,True,False,2460,859,1,2
shrinking_split_b_decay_r1,shrinking,cost_model_x0.5,260.71254869710486,506,1055067,0.0242101,True,False,2009,1070,1,2
shrinking_split_b_decay_r1,shrinking,cost_model_x0.6,312.85505843652584,506,1055067,0.0247061,True,False,1562,1291,1,2
shrinking_split_b_decay_r2,shrinking,wallclock_timing,,506,4220269,0.053659,True,False,8433,2,2,2
shrinking_split_b_decay_r2,shrinking,constant_250,250.0,506,4220269,0.0487896,True,False,6330,1012,1,2
shrinking_split_b_decay_r2,shrinking,cost_model_x0.4,226.8836600842692,506,4220269,0.0492708,True,False,6540,919,1,2
shrinking_split_b_decay_r2,shrinking,cost_model_x0.5,283.6045751053365,506,4220269,0.0498036,True,False,6028,1154,1,2
shrinking_split_b_decay_r2,shrinking,cost_model_x0.6,340.3254901264038,506,4220269,0.0507953,True,False,5557,1386,1,2
shrinking_b_decay_channels_1_r05,branch_count,wallclock_timing,,506,348245,0.0149639,True,False,2431,2,2,2
shrinking_b_decay_channels_1_r05,branch_count,constant_250,250.0,506,348245,0.008045,True,False,303,1035,1,2
shrinking_b_decay_channels_1_r05,branch_count,cost_model_x0.4,217.74580841166699,506,348245,0.0100807,True,False,580,899,1,2
shrinking_b_decay_channels_1_r05,branch_count,cost_model_x0.5,272.18226051458373,506,348245,0.0079298,True,False,121,1125,1,2
shrinking_b_decay_channels_1_r05,branch_count,cost_model_x0.6,326.6187126175005,506,348245,0.0086521,True,False,1,1183,1,2
shrinking_b_decay_channels_1_r1,branch_count,wallclock_timing,,506,1392983,0.0327024,True,False,4878,2,2,2
shrinking_b_decay_channels_1_r1,branch_count,constant_250,250.0,506,1392983,0.0254622,True,False,2723,1026,1,2
shrinking_b_decay_channels_1_r1,branch_count,cost_model_x0.4,231.35984415599106,506,1392983,0.0248999,True,False,2882,951,1,2
shrinking_b_decay_channels_1_r1,branch_count,cost_model_x0.5,289.1998051949888,506,1392983,0.023726,True,False,2380,1187,1,2
shrinking_b_decay_channels_1_r1,branch_count,cost_model_x0.6,347.03976623398654,506,1392983,0.0262801,True,False,1907,1429,1,2
shrinking_b_decay_channels_1_r2,branch_count,wallclock_timing,,506,5571934,0.0644938,True,False,9687,4,4,2
shrinking_b_decay_channels_1_r2,branch_count,constant_250,250.0,506,5571934,0.0587596,True,False,7634,1011,1,2
shrinking_b_decay_channels_1_r2,branch_count,cost_model_x0.4,254.7609362600336,506,5571934,0.0568319,True,False,7593,1030,1,2
shrinking_b_decay_channels_1_r2,branch_count,cost_model_x0.5,318.45117032504197,506,5571934,0.0571175,True,False,7061,1296,1,2
shrinking_b_decay_channels_1_r2,branch_count,cost_model_x0.6,382.14140439005035,506,5571934,0.0643879,True,False,6512,1556,1,2
shrinking_b_decay_channels_2_r05,branch_count,wallclock_timing,,506,269330,0.0123459,True,False,2137,2,2,2
shrinking_b_decay_channels_2_r05,branch_count,constant_250,250.0,506,269330,0.0079061,True,False,8,1038,1,2
shrinking_b_decay_channels_2_r05,branch_count,cost_model_x0.4,197.86253566399938,506,269330,0.0085119,True,False,462,822,1,2
shrinking_b_decay_channels_2_r05,branch_count,cost_model_x0.5,247.3281695799992,506,269330,0.0077371,True,False,36,1026,1,2
shrinking_b_decay_channels_2_r05,branch_count,cost_model_x0.6,296.79380349599904,506,269330,0.0075877,True,False,1,1038,1,2
shrinking_b_decay_channels_2_r1,branch_count,wallclock_timing,,506,1077322,0.0321689,True,False,4233,2,2,2
shrinking_b_decay_channels_2_r1,branch_count,constant_250,250.0,506,1077322,0.0248808,True,False,2150,1034,1,2
shrinking_b_decay_channels_2_r1,branch_count,cost_model_x0.4,208.77751822970205,506,1077322,0.0263675,True,False,2507,854,1,2
shrinking_b_decay_channels_2_r1,branch_count,cost_model_x0.5,260.97189778712755,506,1077322,0.0257305,True,False,2053,1073,1,2
shrinking_b_decay_channels_2_r1,branch_count,cost_model_x0.6,313.16627734455307,506,1077322,0.0261262,True,False,1595,1294,1,2
shrinking_b_decay_channels_2_r2,branch_count,wallclock_timing,,506,4309289,0.0661763,True,False,8501,4,4,2
shrinking_b_decay_channels_2_r2,branch_count,constant_250,250.0,506,4309289,0.0612393,True,False,6453,1013,1,2
shrinking_b_decay_channels_2_r2,branch_count,cost_model_x0.4,227.2480335305428,506,4309289,0.0592157,True,False,6638,915,1,2
shrinking_b_decay_channels_2_r2,branch_count,cost_model_x0.5,284.0600419131785,506,4309289,0.0603997,True,False,6165,1157,1,2
shrinking_b_decay_channels_2_r2,branch_count,cost_model_x0.6,340.8720502958142,506,4309289,0.0575927,True,False,5677,1388,1,2
shrinking_b_decay_channels_4_r05,branch_count,wallclock_timing,,506,199588,0.0105798,True,False,1815,2,2,2
shrinking_b_decay_channels_4_r05,branch_count,constant_250,250.0,506,199588,0.0060389,True,False,1,894,1,2
shrinking_b_decay_channels_4_r05,branch_count,cost_model_x0.4,171.04577082163632,506,199588,0.00801,True,False,377,713,1,2
shrinking_b_decay_channels_4_r05,branch_count,cost_model_x0.5,213.80721352704538,506,199588,0.0061977,True,False,19,886,1,2
shrinking_b_decay_channels_4_r05,branch_count,cost_model_x0.6,256.56865623245443,506,199588,0.0073236,True,False,1,894,1,2
shrinking_b_decay_channels_4_r1,branch_count,wallclock_timing,,506,798355,0.0235895,True,False,3655,2,2,2
shrinking_b_decay_channels_4_r1,branch_count,constant_250,250.0,506,798355,0.0196523,True,False,1578,1031,1,2
shrinking_b_decay_channels_4_r1,branch_count,cost_model_x0.4,178.97264496822606,506,798355,0.0207287,True,False,2171,734,1,2
shrinking_b_decay_channels_4_r1,branch_count,cost_model_x0.5,223.71580621028255,506,798355,0.0196184,True,False,1791,919,1,2
shrinking_b_decay_channels_4_r1,branch_count,cost_model_x0.6,268.45896745233904,506,798355,0.0199785,True,False,1424,1104,1,2
shrinking_b_decay_channels_4_r2,branch_count,wallclock_timing,,506,3193421,0.0520882,True,False,7393,2,2,2
shrinking_b_decay_channels_4_r2,branch_count,constant_250,250.0,506,3193421,0.0484917,True,False,5247,1021,1,2
shrinking_b_decay_channels_4_r2,branch_count,cost_model_x0.4,192.1265034016568,506,3193421,0.0458044,True,False,5749,780,1,2
shrinking_b_decay_channels_4_r2,branch_count,cost_model_x0.5,240.15812925207098,506,3193421,0.046497,True,False,5336,976,1,2
shrinking_b_decay_channels_4_r2,branch_count,cost_model_x0.6,288.18975510248515,506,3193421,0.049393,True,False,4925,1175,1,2
shrinking_b_decay_channels_8_r05,branch_count,wallclock_timing,,506,86246,0.0079272,True,False,1208,2,2,2
shrinking_b_decay_channels_8_r05,branch_count,constant_250,250.0,506,86246,0.0043054,True,False,1,587,1,2
shrinking_b_decay_channels_8_r05,branch_count,cost_model_x0.4,139.6894619732563,506,86246,0.0053335,True,False,21,583,1,2
shrinking_b_decay_channels_8_r05,branch_count,cost_model_x0.5,174.61182746657036,506,86246,0.0041709,True,False,1,587,1,2
shrinking_b_decay_channels_8_r05,branch_count,cost_model_x0.6,209.53419295988442,506,86246,0.0055796,True,False,1,587,1,2
shrinking_b_decay_channels_8_r1,branch_count,wallclock_timing,,506,344987,0.0166666,True,False,2397,2,2,2
shrinking_b_decay_channels_8_r1,branch_count,constant_250,250.0,506,344987,0.0170333,True,False,294,1036,1,2
shrinking_b_decay_channels_8_r1,branch_count,cost_model_x0.4,144.09519532536,506,344987,0.0133405,True,False,1191,594,1,2
shrinking_b_decay_channels_8_r1,branch_count,cost_model_x0.5,180.1189941567,506,344987,0.0137505,True,False,882,747,1,2
shrinking_b_decay_channels_8_r1,branch_count,cost_model_x0.6,216.14279298804001,506,344987,0.0145814,True,False,579,893,1,2
shrinking_b_decay_channels_8_r2,branch_count,wallclock_timing,,506,1379949,0.0398807,True,False,4830,2,2,2
shrinking_b_decay_channels_8_r2,branch_count,constant_250,250.0,506,1379949,0.0395042,True,False,2654,1026,1,2
shrinking_b_decay_channels_8_r2,branch_count,cost_model_x0.4,150.9680599761456,506,1379949,0.0356789,True,False,3515,618,1,2
shrinking_b_decay_channels_8_r2,branch_count,cost_model_x0.5,188.710074970182,506,1379949,0.0349305,True,False,3189,775,1,2
shrinking_b_decay_channels_8_r2,branch_count,cost_model_x0.6,226.4520899642184,506,1379949,0.0378549,True,False,2855,931,1,2
dense_support_q4_r05,dense_support,wallclock_timing,,506,26918558,0.1574439,True,False,336,846,3,2
dense_support_q4_r05,dense_support,constant_250,250.0,506,26918558,0.1419268,True,False,2570,729,1,2
dense_support_q4_r05,dense_support,cost_model_x0.4,293.2284678964655,506,26918558,0.1309868,True,False,697,825,1,2
dense_support_q4_r05,dense_support,cost_model_x0.5,366.53558487058183,506,26918558,0.1380852,True,False,1,866,1,2
dense_support_q4_r05,dense_support,cost_model_x0.6,439.8427018446982,506,26918558,0.1353568,True,False,1,866,1,2
dense_support_q4_r1,dense_support,wallclock_timing,,506,107674233,0.5454955,True,False,11318,1189,5,2
dense_support_q4_r1,dense_support,constant_250,250.0,506,107674233,0.4890322,True,False,24920,776,1,2
dense_support_q4_r1,dense_support,cost_model_x0.4,313.4088157966551,506,107674233,0.4479161,True,False,17658,972,1,2
dense_support_q4_r1,dense_support,cost_model_x0.5,391.7610197458189,506,107674233,0.5543138,True,False,11276,1189,1,2
dense_support_q4_r1,dense_support,cost_model_x0.6,470.11322369498265,506,107674233,0.4912063,True,False,6547,1385,1,2
dense_support_q6_r05,dense_support,wallclock_timing,,506,14380815,0.1151342,True,False,3290,470,5,2
dense_support_q6_r05,dense_support,constant_250,250.0,506,14380815,0.1232919,True,False,1,633,1,2
dense_support_q6_r05,dense_support,cost_model_x0.4,199.88334470424422,506,14380815,0.1240102,True,False,1086,572,1,2
dense_support_q6_r05,dense_support,cost_model_x0.5,249.85418088030528,506,14380815,0.1326056,True,False,1,633,1,2
dense_support_q6_r05,dense_support,cost_model_x0.6,299.82501705636633,506,14380815,0.1363266,True,False,1,633,1,2
dense_support_q6_r1,dense_support,wallclock_timing,,506,57523260,0.3678784,True,False,22162,482,9,2
dense_support_q6_r1,dense_support,constant_250,250.0,506,57523260,0.377304,True,False,11015,771,1,2
dense_support_q6_r1,dense_support,cost_model_x0.4,209.21892305275935,506,57523260,0.415596,True,False,14957,652,1,2
dense_support_q6_r1,dense_support,cost_model_x0.5,261.52365381594916,506,57523260,0.3975117,True,False,10088,803,1,2
dense_support_q6_r1,dense_support,cost_model_x0.6,313.82838457913897,506,57523260,0.4036178,True,False,6454,940,1,2
dense_support_q8_r05,dense_support,wallclock_timing,,506,6856452,0.1174668,True,False,9202,138,5,2
dense_support_q8_r05,dense_support,constant_250,250.0,506,6856452,0.0966569,True,False,1,438,1,2
dense_support_q8_r05,dense_support,cost_model_x0.4,144.81867232667844,506,6856452,0.0940682,True,False,478,411,1,2
dense_support_q8_r05,dense_support,cost_model_x0.5,181.02334040834805,506,6856452,0.0968619,True,False,1,438,1,2
dense_support_q8_r05,dense_support,cost_model_x0.6,217.22800849001766,506,6856452,0.093119,True,False,1,438,1,2
dense_support_q8_r1,dense_support,wallclock_timing,,506,27425809,0.3083072,True,False,7113,550,3,2
dense_support_q8_r1,dense_support,constant_250,250.0,506,27425809,0.34283,True,False,2699,730,1,2
dense_support_q8_r1,dense_support,cost_model_x0.4,149.32476065598868,506,27425809,0.3326306,True,False,9806,465,1,2
dense_support_q8_r1,dense_support,cost_model_x0.5,186.65595081998583,506,27425809,0.3335362,True,False,6468,572,1,2
dense_support_q8_r1,dense_support,cost_model_x0.6,223.98714098398298,506,27425809,0.3281448,True,False,4043,668,1,2
dense_support_q8_r2,dense_support,wallclock_timing,,506,109703238,0.9249333,True,False,45398,412,13,2
dense_support_q8_r2,dense_support,constant_250,250.0,506,109703238,0.9525633,True,False,25460,776,1,2
dense_support_q8_r2,dense_support,cost_model_x0.4,156.47175274866677,506,109703238,0.8787904,True,False,43715,431,1,2
dense_support_q8_r2,dense_support,cost_model_x0.5,195.58969093583346,506,109703238,0.8806943,True,False,34475,585,1,2
dense_support_q8_r2,dense_support,cost_model_x0.6,234.70762912300015,506,109703238,0.957767,True,False,27681,725,1,2
dense_support_q12_r05,dense_support,wallclock_timing,,506,3266283,0.1322531,True,False,7883,71,3,2
dense_support_q12_r05,dense_support,constant_250,250.0,506,3266283,0.0988656,True,False,1,303,1,2
dense_support_q12_r05,dense_support,cost_model_x0.4,94.54718695994,506,3266283,0.0989102,True,False,555,272,1,2
dense_support_q12_r05,dense_support,cost_model_x0.5,118.183983699925,506,3266283,0.1074376,True,False,1,303,1,2
dense_support_q12_r05,dense_support,cost_model_x0.6,141.82078043990998,506,3266283,0.1158616,True,False,1,303,1,2
dense_support_q12_r1,dense_support,wallclock_timing,,506,13065133,0.358991,True,False,18756,102,7,2
dense_support_q12_r1,dense_support,constant_250,250.0,506,13065133,0.3809159,True,False,1,604,1,2
dense_support_q12_r1,dense_support,cost_model_x0.4,96.23943076901122,506,13065133,0.3009347,True,False,7500,300,1,2
dense_support_q12_r1,dense_support,cost_model_x0.5,120.29928846126401,506,13065133,0.3140267,True,False,5126,372,1,2
dense_support_q12_r1,dense_support,cost_model_x0.6,144.3591461535168,506,13065133,0.3284778,True,False,3413,435,1,2
dense_support_q12_r2,dense_support,wallclock_timing,,506,52260533,0.9136796,True,False,48192,96,13,2
dense_support_q12_r2,dense_support,constant_250,250.0,506,52260533,1.1149736,True,False,9558,768,1,2
dense_support_q12_r2,dense_support,cost_model_x0.4,98.76806323147295,506,52260533,0.8700256,True,False,32856,259,1,2
dense_support_q12_r2,dense_support,cost_model_x0.5,123.46007903934118,506,52260533,0.8662241,True,False,26210,360,1,2
dense_support_q12_r2,dense_support,cost_model_x0.6,148.1520948472094,506,52260533,0.9519941,True,False,21299,452,1,2
collision_o2_g0_n1000000_r05,collision,wallclock_timing,,506,27324219,0.1534691,True,False,13878,362,5,2
collision_o2_g0_n1000000_r05,collision,constant_250,250.0,506,27324219,0.1532565,True,False,2674,730,1,2
collision_o2_g0_n1000000_r05,collision,cost_model_x0.4,293.3973660445479,506,27324219,0.1515339,True,False,774,827,1,2
collision_o2_g0_n1000000_r05,collision,cost_model_x0.5,366.74670755568485,506,27324219,0.1609562,True,False,1,873,1,2
collision_o2_g0_n1000000_r05,collision,cost_model_x0.6,440.0960490668218,506,27324219,0.1308241,True,False,1,873,1,2
collision_o2_g0_n1000000_r1,collision,wallclock_timing,,506,109296878,0.5414829,True,False,1226,1671,5,2
collision_o2_g0_n1000000_r1,collision,constant_250,250.0,506,109296878,0.4320537,True,False,25352,776,1,2
collision_o2_g0_n1000000_r1,collision,cost_model_x0.4,313.68939549340627,506,109296878,0.4432519,True,False,17975,974,1,2
collision_o2_g0_n1000000_r1,collision,cost_model_x0.5,392.1117443667578,506,109296878,0.4961821,True,False,11542,1191,1,2
collision_o2_g0_n1000000_r1,collision,cost_model_x0.6,470.53409324010937,506,109296878,0.4720579,True,False,6759,1388,1,2
collision_o2_g1_n1000000_r05,collision,wallclock_timing,,506,78960851,0.4327674,True,False,873,1334,3,2
collision_o2_g1_n1000000_r05,collision,constant_250,250.0,506,78960851,0.3800914,True,False,10827,962,1,2
collision_o2_g1_n1000000_r05,collision,cost_model_x0.4,425.2981894945606,506,78960851,0.384827,True,False,468,1354,1,2
collision_o2_g1_n1000000_r05,collision,cost_model_x0.5,531.6227368682007,506,78960851,0.3894525,True,False,1,1376,1,2
collision_o2_g1_n1000000_r05,collision,cost_model_x0.6,637.9472842418409,506,78960851,0.4329555,True,False,1,1376,1,2
collision_o2_g2_n1000000_r05,collision,wallclock_timing,,506,102284560,0.5070871,True,False,3860,1324,7,2
collision_o2_g2_n1000000_r05,collision,constant_250,250.0,506,102284560,0.5001104,True,False,11493,1100,1,2
collision_o2_g2_n1000000_r05,collision,cost_model_x0.4,463.39562115304665,506,102284560,0.490571,True,False,1,1473,1,2
collision_o2_g2_n1000000_r05,collision,cost_model_x0.5,579.2445264413083,506,102284560,0.5422544,True,False,1,1473,1,2
collision_o2_g2_n1000000_r05,collision,cost_model_x0.6,695.0934317295699,506,102284560,0.5042286,True,False,1,1473,1,2
