scenario,family,policy,threshold,seed,initial_n,elapsed_seconds,completed,timed_out,batch_calls,gillespie_calls,mode_switches,repeat
dimerization_r05,dimerization,wallclock_timing,,401,7486081,0.1857651,True,False,12715,451,6,0
dimerization_r05,dimerization,constant_60,60.0,401,7486081,0.1921136,True,False,15581,0,0,0
dimerization_r05,dimerization,constant_125,125.0,401,7486081,0.1554948,True,False,15581,0,0,0
dimerization_r05,dimerization,constant_250,250.0,401,7486081,0.1523423,True,False,15581,0,0,0
dimerization_r05,dimerization,constant_500,500.0,401,7486081,0.1436354,True,False,1,2369,1,0
dimerization_r05,dimerization,cost_model,876.9217514218748,401,7486081,0.1402948,True,False,1,2369,1,0
dimerization_r05,dimerization,cost_model_x0.5,438.4608757109374,401,7486081,0.1400177,True,False,1,2369,1,0
dimerization_r05,dimerization,cost_model_x0.25,219.2304378554687,401,7486081,0.1562017,True,False,15581,0,0,0
dimerization_r1,dimerization,wallclock_timing,,401,29944326,0.5588641,True,False,1982,4466,3,0
dimerization_r1,dimerization,constant_60,60.0,401,29944326,0.3779015,True,False,31099,0,0,0
dimerization_r1,dimerization,constant_125,125.0,401,29944326,0.3025619,True,False,31099,0,0,0
dimerization_r1,dimerization,constant_250,250.0,401,29944326,0.3089921,True,False,31099,0,0,0
dimerization_r1,dimerization,constant_500,500.0,401,29944326,0.3317319,True,False,31099,0,0,0
dimerization_r1,dimerization,cost_model,931.4985322705442,401,29944326,0.6051491,True,False,1,4736,1,0
dimerization_r1,dimerization,cost_model_x0.5,465.7492661352721,401,29944326,0.304457,True,False,31099,0,0,0
dimerization_r1,dimerization,cost_model_x0.25,232.87463306763604,401,29944326,0.313109,True,False,31099,0,0,0
lotka_volterra_r05,lotka_volterra,wallclock_timing,,401,179940,0.3556031,True,False,29202,5685,23,0
lotka_volterra_r05,lotka_volterra,constant_60,60.0,401,179940,0.4221473,True,False,44141,0,0,0
lotka_volterra_r05,lotka_volterra,constant_125,125.0,401,179940,0.4816384,True,False,44141,0,0,0
lotka_volterra_r05,lotka_volterra,constant_250,250.0,401,179940,0.2973848,True,False,18904,10158,7,0
lotka_volterra_r05,lotka_volterra,constant_500,500.0,401,179940,0.2200966,True,False,1,17113,1,0
lotka_volterra_r05,lotka_volterra,cost_model,727.0380042190227,401,179940,0.2167664,True,False,1,17113,1,0
lotka_volterra_r05,lotka_volterra,cost_model_x0.5,363.51900210951135,401,179940,0.2304586,True,False,1,17113,1,0
lotka_volterra_r05,lotka_volterra,cost_model_x0.25,181.75950105475567,401,179940,0.4654507,True,False,44141,0,0,0
lotka_volterra_r1,lotka_volterra,wallclock_timing,,401,719761,0.838833,True,False,66924,8697,38,0
lotka_volterra_r1,lotka_volterra,constant_60,60.0,401,719761,0.9382909,True,False,88783,0,0,0
lotka_volterra_r1,lotka_volterra,constant_125,125.0,401,719761,0.9249918,True,False,88783,0,0,0
lotka_volterra_r1,lotka_volterra,constant_250,250.0,401,719761,0.9207609,True,False,88783,0,0,0
lotka_volterra_r1,lotka_volterra,constant_500,500.0,401,719761,0.8334511,True,False,37779,20349,7,0
lotka_volterra_r1,lotka_volterra,cost_model,757.789328062881,401,719761,0.874481,True,False,1,34216,1,0
lotka_volterra_r1,lotka_volterra,cost_model_x0.5,378.8946640314405,401,719761,0.885614,True,False,88783,0,0,0
lotka_volterra_r1,lotka_volterra,cost_model_x0.25,189.44733201572026,401,719761,0.9136563,True,False,88783,0,0,0
lotka_volterra_r2,lotka_volterra,wallclock_timing,,401,2879044,1.8250908,True,False,177033,234,66,0
lotka_volterra_r2,lotka_volterra,constant_60,60.0,401,2879044,1.8487238,True,False,177711,0,0,0
lotka_volterra_r2,lotka_volterra,constant_125,125.0,401,2879044,1.8525093,True,False,177711,0,0,0
lotka_volterra_r2,lotka_volterra,constant_250,250.0,401,2879044,1.8995502,True,False,177711,0,0,0
lotka_volterra_r2,lotka_volterra,constant_500,500.0,401,2879044,1.9122069,True,False,177711,0,0,0
lotka_volterra_r2,lotka_volterra,cost_model,804.9996298765527,401,2879044,1.9801002,True,False,150201,12131,7,0
lotka_volterra_r2,lotka_volterra,cost_model_x0.5,402.49981493827636,401,2879044,1.7866508,True,False,177711,0,0,0
lotka_volterra_r2,lotka_volterra,cost_model_x0.25,201.24990746913818,401,2879044,1.8417023,True,False,177711,0,0,0
shrinking_r05,shrinking,wallclock_timing,,401,342703,0.0153848,True,False,2392,2,2,0
shrinking_r05,shrinking,constant_60,60.0,401,342703,0.0143736,True,False,1894,248,1,0
shrinking_r05,shrinking,constant_125,125.0,401,342703,0.0115827,True,False,1342,517,1,0
shrinking_r05,shrinking,constant_250,250.0,401,342703,0.008042,True,False,289,1032,1,0
shrinking_r05,shrinking,constant_500,500.0,401,342703,0.0075892,True,False,1,1166,1,0
shrinking_r05,shrinking,cost_model,544.0582811864226,401,342703,0.0088685,True,False,1,1166,1,0
shrinking_r05,shrinking,cost_model_x0.5,272.0291405932113,401,342703,0.0069479,True,False,99,1127,1,0
shrinking_r05,shrinking,cost_model_x0.25,136.01457029660565,401,342703,0.0102059,True,False,1237,566,1,0
shrinking_r1,shrinking,wallclock_timing,,401,1370812,0.0294345,True,False,4780,2,2,0
shrinking_r1,shrinking,constant_60,60.0,401,1370812,0.0274735,True,False,4371,239,1,0
shrinking_r1,shrinking,constant_125,125.0,401,1370812,0.0246328,True,False,3814,507,1,0
shrinking_r1,shrinking,constant_250,250.0,401,1370812,0.0237239,True,False,2746,1025,1,0
shrinking_r1,shrinking,constant_500,500.0,401,1370812,0.0271247,True,False,557,2063,1,0
shrinking_r1,shrinking,cost_model,577.897910766499,401,1370812,0.0295974,True,False,1,2333,1,0
shrinking_r1,shrinking,cost_model_x0.5,288.9489553832495,401,1370812,0.0233546,True,False,2400,1191,1,0
shrinking_r1,shrinking,cost_model_x0.25,144.47447769162474,401,1370812,0.0258757,True,False,3646,588,1,0
shrinking_r2,shrinking,wallclock_timing,,401,5483250,0.0625588,True,False,9623,4,4,0
shrinking_r2,shrinking,constant_60,60.0,401,5483250,0.0614426,True,False,9271,218,1,0
shrinking_r2,shrinking,constant_125,125.0,401,5483250,0.0605267,True,False,8710,493,1,0
shrinking_r2,shrinking,constant_250,250.0,401,5483250,0.0562791,True,False,7651,1008,1,0
shrinking_r2,shrinking,constant_500,500.0,401,5483250,0.0610874,True,False,5465,2046,1,0
shrinking_r2,shrinking,cost_model,636.0096349670639,401,5483250,0.0648733,True,False,4248,2612,1,0
shrinking_r2,shrinking,cost_model_x0.5,318.00481748353195,401,5483250,0.0574049,True,False,7051,1293,1,0
shrinking_r2,shrinking,cost_model_x0.25,159.00240874176598,401,5483250,0.0605013,True,False,8413,634,1,0
shrinking_no_b_decay_r05,shrinking,wallclock_timing,,401,1108596,0.0126401,True,False,625,605,3,0
shrinking_no_b_decay_r05,shrinking,constant_60,60.0,401,1108596,0.0245695,True,False,3515,134,1,0
shrinking_no_b_decay_r05,shrinking,constant_125,125.0,401,1108596,0.0172353,True,False,2190,287,1,0
shrinking_no_b_decay_r05,shrinking,constant_250,250.0,401,1108596,0.013039,True,False,589,615,1,0
shrinking_no_b_decay_r05,shrinking,constant_500,500.0,401,1108596,0.0118492,True,False,1,773,1,0
shrinking_no_b_decay_r05,shrinking,cost_model,615.9818556111519,401,1108596,0.0111567,True,False,1,773,1,0
shrinking_no_b_decay_r05,shrinking,cost_model_x0.5,307.99092780557595,401,1108596,0.0113728,True,False,1,773,1,0
shrinking_no_b_decay_r05,shrinking,cost_model_x0.25,153.99546390278798,401,1108596,0.0156765,True,False,1763,361,1,0
shrinking_no_b_decay_r1,shrinking,wallclock_timing,,401,4434387,0.0408332,True,False,3281,750,3,0
shrinking_no_b_decay_r1,shrinking,constant_60,60.0,401,4434387,0.0610596,True,False,9140,131,1,0
shrinking_no_b_decay_r1,shrinking,constant_125,125.0,401,4434387,0.0516278,True,False,6834,275,1,0
shrinking_no_b_decay_r1,shrinking,constant_250,250.0,401,4434387,0.0428639,True,False,4340,572,1,0
shrinking_no_b_decay_r1,shrinking,constant_500,500.0,401,4434387,0.0421068,True,False,1160,1227,1,0
shrinking_no_b_decay_r1,shrinking,cost_model,657.5600996857365,401,4434387,0.0457121,True,False,1,1544,1,0
shrinking_no_b_decay_r1,shrinking,cost_model_x0.5,328.78004984286827,401,4434387,0.0414931,True,False,3197,768,1,0
shrinking_no_b_decay_r1,shrinking,cost_model_x0.25,164.39002492143413,401,4434387,0.0490715,True,False,5886,365,1,0
shrinking_no_b_decay_r2,shrinking,wallclock_timing,,401,17737550,0.1583229,True,False,20773,269,9,0
shrinking_no_b_decay_r2,shrinking,constant_60,60.0,401,17737550,0.1734729,True,False,22327,129,1,0
shrinking_no_b_decay_r2,shrinking,constant_125,125.0,401,17737550,0.1561863,True,False,18011,269,1,0
shrinking_no_b_decay_r2,shrinking,constant_250,250.0,401,17737550,0.1360115,True,False,13673,546,1,0
shrinking_no_b_decay_r2,shrinking,constant_500,500.0,401,17737550,0.1165197,True,False,8730,1137,1,0
shrinking_no_b_decay_r2,shrinking,cost_model,729.6023497822766,401,17737550,0.1254301,True,False,5463,1719,1,0
shrinking_no_b_decay_r2,shrinking,cost_model_x0.5,364.8011748911383,401,17737550,0.1175095,True,False,11094,812,1,0
shrinking_no_b_decay_r2,shrinking,cost_model_x0.25,182.40058744556916,401,17737550,0.1289723,True,False,15706,395,1,0
shrinking_split_b_decay_r05,shrinking,wallclock_timing,,401,298581,0.0132055,True,False,2241,2,2,0
shrinking_split_b_decay_r05,shrinking,constant_60,60.0,401,298581,0.0115122,True,False,1749,242,1,0
shrinking_split_b_decay_r05,shrinking,constant_125,125.0,401,298581,0.011458,True,False,1206,511,1,0
shrinking_split_b_decay_r05,shrinking,constant_250,250.0,401,298581,0.0077808,True,False,122,1038,1,0
shrinking_split_b_decay_r05,shrinking,constant_500,500.0,401,298581,0.0079277,True,False,1,1088,1,0
shrinking_split_b_decay_r05,shrinking,cost_model,496.2802133398286,401,298581,0.0081072,True,False,1,1088,1,0
shrinking_split_b_decay_r05,shrinking,cost_model_x0.5,248.1401066699143,401,298581,0.0078539,True,False,139,1028,1,0
shrinking_split_b_decay_r05,shrinking,cost_model_x0.25,124.07005333495715,401,298581,0.0123992,True,False,1215,512,1,0
shrinking_split_b_decay_r1,shrinking,wallclock_timing,,401,1194326,0.0284293,True,False,4470,2,2,0
shrinking_split_b_decay_r1,shrinking,constant_60,60.0,401,1194326,0.0285748,True,False,3966,238,1,0
shrinking_split_b_decay_r1,shrinking,constant_125,125.0,401,1194326,0.0244074,True,False,3399,511,1,0
shrinking_split_b_decay_r1,shrinking,constant_250,250.0,401,1194326,0.022756,True,False,2344,1023,1,0
shrinking_split_b_decay_r1,shrinking,constant_500,500.0,401,1194326,0.0261225,True,False,238,2064,1,0
shrinking_split_b_decay_r1,shrinking,cost_model,524.5670125279418,401,1194326,0.0299874,True,False,34,2162,1,0
shrinking_split_b_decay_r1,shrinking,cost_model_x0.5,262.2835062639709,401,1194326,0.0269727,True,False,2235,1081,1,0
shrinking_split_b_decay_r1,shrinking,cost_model_x0.25,131.14175313198544,401,1194326,0.0299169,True,False,3348,535,1,0
shrinking_split_b_decay_r2,shrinking,wallclock_timing,,401,4777304,0.0716455,True,False,8966,4,4,0
shrinking_split_b_decay_r2,shrinking,constant_60,60.0,401,4777304,0.0677156,True,False,8500,221,1,0
shrinking_split_b_decay_r2,shrinking,constant_125,125.0,401,4777304,0.0676165,True,False,7962,494,1,0
shrinking_split_b_decay_r2,shrinking,constant_250,250.0,401,4777304,0.0637155,True,False,6911,1016,1,0
shrinking_split_b_decay_r2,shrinking,constant_500,500.0,401,4777304,0.0709468,True,False,4792,2049,1,0
shrinking_split_b_decay_r2,shrinking,cost_model,572.7418683444771,401,4777304,0.067314,True,False,4170,2348,1,0
shrinking_split_b_decay_r2,shrinking,cost_model_x0.5,286.37093417223855,401,4777304,0.0525079,True,False,6603,1161,1,0
shrinking_split_b_decay_r2,shrinking,cost_model_x0.25,143.18546708611927,401,4777304,0.0555131,True,False,7809,570,1,0
shrinking_b_decay_channels_1_r05,branch_count,wallclock_timing,,401,357951,0.0163098,True,False,2388,32,4,0
shrinking_b_decay_channels_1_r05,branch_count,constant_60,60.0,401,357951,0.0124123,True,False,1960,241,1,0
shrinking_b_decay_channels_1_r05,branch_count,constant_125,125.0,401,357951,0.0122443,True,False,1398,518,1,0
shrinking_b_decay_channels_1_r05,branch_count,constant_250,250.0,401,357951,0.0095427,True,False,347,1033,1,0
shrinking_b_decay_channels_1_r05,branch_count,constant_500,500.0,401,357951,0.0086141,True,False,1,1194,1,0
shrinking_b_decay_channels_1_r05,branch_count,cost_model,544.8928140153258,401,357951,0.0087144,True,False,1,1194,1,0
shrinking_b_decay_channels_1_r05,branch_count,cost_model_x0.5,272.4464070076629,401,357951,0.0095277,True,False,151,1125,1,0
shrinking_b_decay_channels_1_r05,branch_count,cost_model_x0.25,136.22320350383146,401,357951,0.0100868,True,False,1292,560,1,0
shrinking_b_decay_channels_1_r1,branch_count,wallclock_timing,,401,1431807,0.0344935,True,False,4789,83,4,0
shrinking_b_decay_channels_1_r1,branch_count,constant_60,60.0,401,1431807,0.0325966,True,False,4507,236,1,0
shrinking_b_decay_channels_1_r1,branch_count,constant_125,125.0,401,1431807,0.0274476,True,False,3933,507,1,0
shrinking_b_decay_channels_1_r1,branch_count,constant_250,250.0,401,1431807,0.0250143,True,False,2851,1027,1,0
shrinking_b_decay_channels_1_r1,branch_count,constant_500,500.0,401,1431807,0.0291663,True,False,675,2060,1,0
shrinking_b_decay_channels_1_r1,branch_count,cost_model,579.2665840985251,401,1431807,0.0307746,True,False,1,2385,1,0
shrinking_b_decay_channels_1_r1,branch_count,cost_model_x0.5,289.63329204926254,401,1431807,0.0271798,True,False,2519,1192,1,0
shrinking_b_decay_channels_1_r1,branch_count,cost_model_x0.25,144.81664602463127,401,1431807,0.0271116,True,False,3761,587,1,0
shrinking_b_decay_channels_1_r2,branch_count,wallclock_timing,,401,5727229,0.0665785,True,False,9834,4,4,0
shrinking_b_decay_channels_1_r2,branch_count,constant_60,60.0,401,5727229,0.0666398,True,False,9418,216,1,0
shrinking_b_decay_channels_1_r2,branch_count,constant_125,125.0,401,5727229,0.0629107,True,False,8873,492,1,0
shrinking_b_decay_channels_1_r2,branch_count,constant_250,250.0,401,5727229,0.0618152,True,False,7817,1008,1,0
shrinking_b_decay_channels_1_r2,branch_count,constant_500,500.0,401,5727229,0.0660252,True,False,5650,2044,1,0
shrinking_b_decay_channels_1_r2,branch_count,cost_model,638.4465574594063,401,5727229,0.0775109,True,False,4450,2618,1,0
shrinking_b_decay_channels_1_r2,branch_count,cost_model_x0.5,319.22327872970317,401,5727229,0.070439,True,False,7205,1300,1,0
shrinking_b_decay_channels_1_r2,branch_count,cost_model_x0.25,159.61163936485158,401,5727229,0.0721081,True,False,8585,636,1,0
shrinking_b_decay_channels_2_r05,branch_count,wallclock_timing,,401,332340,0.0179759,True,False,2308,31,4,0
shrinking_b_decay_channels_2_r05,branch_count,constant_60,60.0,401,332340,0.0155629,True,False,1862,246,1,0
shrinking_b_decay_channels_2_r05,branch_count,constant_125,125.0,401,332340,0.0128921,True,False,1326,513,1,0
shrinking_b_decay_channels_2_r05,branch_count,constant_250,250.0,401,332340,0.011082,True,False,245,1036,1,0
shrinking_b_decay_channels_2_r05,branch_count,constant_500,500.0,401,332340,0.0089586,True,False,1,1150,1,0
shrinking_b_decay_channels_2_r05,branch_count,cost_model,498.0234392861981,401,332340,0.0117963,True,False,1,1150,1,0
shrinking_b_decay_channels_2_r05,branch_count,cost_model_x0.5,249.01171964309904,401,332340,0.0092072,True,False,253,1032,1,0
shrinking_b_decay_channels_2_r05,branch_count,cost_model_x0.25,124.50585982154952,401,332340,0.0137755,True,False,1331,512,1,0
shrinking_b_decay_channels_2_r1,branch_count,wallclock_timing,,401,1329360,0.0390618,True,False,4764,2,2,0
shrinking_b_decay_channels_2_r1,branch_count,constant_60,60.0,401,1329360,0.034564,True,False,4251,237,1,0
shrinking_b_decay_channels_2_r1,branch_count,constant_125,125.0,401,1329360,0.0276865,True,False,3706,508,1,0
shrinking_b_decay_channels_2_r1,branch_count,constant_250,250.0,401,1329360,0.0251125,True,False,2648,1027,1,0
shrinking_b_decay_channels_2_r1,branch_count,constant_500,500.0,401,1329360,0.0283497,True,False,483,2060,1,0
shrinking_b_decay_channels_2_r1,branch_count,cost_model,527.4043832284837,401,1329360,0.0305122,True,False,260,2178,1,0
shrinking_b_decay_channels_2_r1,branch_count,cost_model_x0.5,263.7021916142418,401,1329360,0.0246616,True,False,2526,1080,1,0
shrinking_b_decay_channels_2_r1,branch_count,cost_model_x0.25,131.8510958071209,401,1329360,0.0266747,True,False,3642,534,1,0
shrinking_b_decay_channels_2_r2,branch_count,wallclock_timing,,401,5317440,0.0650443,True,False,9438,4,4,0
shrinking_b_decay_channels_2_r2,branch_count,constant_60,60.0,401,5317440,0.0640163,True,False,8961,220,1,0
shrinking_b_decay_channels_2_r2,branch_count,constant_125,125.0,401,5317440,0.0631356,True,False,8421,491,1,0
shrinking_b_decay_channels_2_r2,branch_count,constant_250,250.0,401,5317440,0.0598343,True,False,7374,1011,1,0
shrinking_b_decay_channels_2_r2,branch_count,constant_500,500.0,401,5317440,0.0661775,True,False,5287,2048,1,0
shrinking_b_decay_channels_2_r2,branch_count,cost_model,577.767632966904,401,5317440,0.0719717,True,False,4616,2369,1,0
shrinking_b_decay_channels_2_r2,branch_count,cost_model_x0.5,288.883816483452,401,5317440,0.0592129,True,False,7049,1175,1,0
shrinking_b_decay_channels_2_r2,branch_count,cost_model_x0.25,144.441908241726,401,5317440,0.0622584,True,False,8262,573,1,0
shrinking_b_decay_channels_4_r05,branch_count,wallclock_timing,,401,190960,0.0119114,True,False,1796,2,2,0
shrinking_b_decay_channels_4_r05,branch_count,constant_60,60.0,401,190960,0.0097036,True,False,1316,245,1,0
shrinking_b_decay_channels_4_r05,branch_count,constant_125,125.0,401,190960,0.0076502,True,False,746,518,1,0
shrinking_b_decay_channels_4_r05,branch_count,constant_250,250.0,401,190960,0.0065181,True,False,1,877,1,0
shrinking_b_decay_channels_4_r05,branch_count,constant_500,500.0,401,190960,0.0063876,True,False,1,877,1,0
shrinking_b_decay_channels_4_r05,branch_count,cost_model,427.11375923733834,401,190960,0.0064638,True,False,1,877,1,0
shrinking_b_decay_channels_4_r05,branch_count,cost_model_x0.5,213.55687961866917,401,190960,0.0064782,True,False,1,877,1,0
shrinking_b_decay_channels_4_r05,branch_count,cost_model_x0.25,106.77843980933459,401,190960,0.0084242,True,False,905,441,1,0
shrinking_b_decay_channels_4_r1,branch_count,wallclock_timing,,401,763841,0.0242988,True,False,3575,2,2,0
shrinking_b_decay_channels_4_r1,branch_count,constant_60,60.0,401,763841,0.0226063,True,False,3114,241,1,0
shrinking_b_decay_channels_4_r1,branch_count,constant_125,125.0,401,763841,0.0228765,True,False,2549,510,1,0
shrinking_b_decay_channels_4_r1,branch_count,constant_250,250.0,401,763841,0.0207207,True,False,1464,1034,1,0
shrinking_b_decay_channels_4_r1,branch_count,constant_500,500.0,401,763841,0.0240082,True,False,1,1748,1,0
shrinking_b_decay_channels_4_r1,branch_count,cost_model,446.6452507773898,401,763841,0.0251417,True,False,1,1748,1,0
shrinking_b_decay_channels_4_r1,branch_count,cost_model_x0.5,223.3226253886949,401,763841,0.0214688,True,False,1683,923,1,0
shrinking_b_decay_channels_4_r1,branch_count,cost_model_x0.25,111.66131269434744,401,763841,0.0215669,True,False,2667,454,1,0
shrinking_b_decay_channels_4_r2,branch_count,wallclock_timing,,401,3055364,0.0515014,True,False,7189,2,2,0
shrinking_b_decay_channels_4_r2,branch_count,constant_60,60.0,401,3055364,0.0503749,True,False,6704,228,1,0
shrinking_b_decay_channels_4_r2,branch_count,constant_125,125.0,401,3055364,0.0530768,True,False,6153,500,1,0
shrinking_b_decay_channels_4_r2,branch_count,constant_250,250.0,401,3055364,0.0534462,True,False,5096,1019,1,0
shrinking_b_decay_channels_4_r2,branch_count,constant_500,500.0,401,3055364,0.0661958,True,False,2965,2057,1,0
shrinking_b_decay_channels_4_r2,branch_count,cost_model,478.95873999982166,401,3055364,0.0635327,True,False,3143,1970,1,0
shrinking_b_decay_channels_4_r2,branch_count,cost_model_x0.5,239.47936999991083,401,3055364,0.055452,True,False,5182,974,1,0
shrinking_b_decay_channels_4_r2,branch_count,cost_model_x0.25,119.73968499995541,401,3055364,0.0571337,True,False,6199,476,1,0
shrinking_b_decay_channels_8_r05,branch_count,wallclock_timing,,401,90594,0.0072451,True,False,563,339,3,0
shrinking_b_decay_channels_8_r05,branch_count,constant_60,60.0,401,90594,0.007206,True,False,731,249,1,0
shrinking_b_decay_channels_8_r05,branch_count,constant_125,125.0,401,90594,0.0050492,True,False,180,523,1,0
shrinking_b_decay_channels_8_r05,branch_count,constant_250,250.0,401,90594,0.0055807,True,False,1,601,1,0
shrinking_b_decay_channels_8_r05,branch_count,constant_500,500.0,401,90594,0.0056092,True,False,1,601,1,0
shrinking_b_decay_channels_8_r05,branch_count,cost_model,349.54916218998983,401,90594,0.0055834,True,False,1,601,1,0
shrinking_b_decay_channels_8_r05,branch_count,cost_model_x0.5,174.77458109499491,401,90594,0.0053836,True,False,1,601,1,0
shrinking_b_decay_channels_8_r05,branch_count,cost_model_x0.25,87.38729054749746,401,90594,0.0063452,True,False,502,361,1,0
shrinking_b_decay_channels_8_r1,branch_count,wallclock_timing,,401,362378,0.0203919,True,False,2416,2,2,0
shrinking_b_decay_channels_8_r1,branch_count,constant_60,60.0,401,362378,0.0171153,True,False,1944,246,1,0
shrinking_b_decay_channels_8_r1,branch_count,constant_125,125.0,401,362378,0.0130605,True,False,1386,518,1,0
shrinking_b_decay_channels_8_r1,branch_count,constant_250,250.0,401,362378,0.0142903,True,False,322,1034,1,0
shrinking_b_decay_channels_8_r1,branch_count,constant_500,500.0,401,362378,0.0162188,True,False,1,1202,1,0
shrinking_b_decay_channels_8_r1,branch_count,cost_model,360.7170256521287,401,362378,0.019978,True,False,1,1202,1,0
shrinking_b_decay_channels_8_r1,branch_count,cost_model_x0.5,180.35851282606436,401,362378,0.0136518,True,False,916,747,1,0
shrinking_b_decay_channels_8_r1,branch_count,cost_model_x0.25,90.17925641303218,401,362378,0.0141111,True,False,1678,372,1,0
shrinking_b_decay_channels_8_r2,branch_count,wallclock_timing,,401,1449512,0.0385345,True,False,4952,2,2,0
shrinking_b_decay_channels_8_r2,branch_count,constant_60,60.0,401,1449512,0.0363399,True,False,4477,240,1,0
shrinking_b_decay_channels_8_r2,branch_count,constant_125,125.0,401,1449512,0.0355177,True,False,3919,509,1,0
shrinking_b_decay_channels_8_r2,branch_count,constant_250,250.0,401,1449512,0.0360386,True,False,2879,1030,1,0
shrinking_b_decay_channels_8_r2,branch_count,constant_500,500.0,401,1449512,0.0581941,True,False,712,2063,1,0
shrinking_b_decay_channels_8_r2,branch_count,cost_model,378.2062802764907,401,1449512,0.0440218,True,False,1789,1556,1,0
shrinking_b_decay_channels_8_r2,branch_count,cost_model_x0.5,189.10314013824535,401,1449512,0.0361208,True,False,3384,774,1,0
shrinking_b_decay_channels_8_r2,branch_count,cost_model_x0.25,94.55157006912268,401,1449512,0.0366324,True,False,4189,378,1,0
dense_support_q4_r05,dense_support,wallclock_timing,,401,27747879,0.1387873,True,False,6672,572,3,0
dense_support_q4_r05,dense_support,constant_60,60.0,401,27747879,0.2134166,True,False,28273,134,1,0
dense_support_q4_r05,dense_support,constant_125,125.0,401,27747879,0.1670333,True,False,12988,388,1,0
dense_support_q4_r05,dense_support,constant_250,250.0,401,27747879,0.1603304,True,False,2791,731,1,0
dense_support_q4_r05,dense_support,constant_500,500.0,401,27747879,0.1333895,True,False,1,880,1,0
dense_support_q4_r05,dense_support,cost_model,733.9299421413416,401,27747879,0.1411768,True,False,1,880,1,0
dense_support_q4_r05,dense_support,cost_model_x0.5,366.9649710706708,401,27747879,0.1431633,True,False,1,880,1,0
dense_support_q4_r05,dense_support,cost_model_x0.25,183.4824855353354,401,27747879,0.1328538,True,False,6920,563,1,0
dense_support_q4_r1,dense_support,wallclock_timing,,401,110991516,0.5503718,True,False,2809,1600,5,0
dense_support_q4_r1,dense_support,constant_60,60.0,401,110991516,0.6796059,True,False,87137,0,0,0
dense_support_q4_r1,dense_support,constant_125,125.0,401,110991516,0.5056243,True,False,54670,291,1,0
dense_support_q4_r1,dense_support,constant_250,250.0,401,110991516,0.4470533,True,False,25844,775,1,0
dense_support_q4_r1,dense_support,constant_500,500.0,401,110991516,0.5137815,True,False,5580,1460,1,0
dense_support_q4_r1,dense_support,cost_model,784.9494027582399,401,110991516,0.5681749,True,False,1,1757,1,0
dense_support_q4_r1,dense_support,cost_model_x0.5,392.47470137911995,401,110991516,0.5305247,True,False,11886,1193,1,0
dense_support_q4_r1,dense_support,cost_model_x0.25,196.23735068955997,401,110991516,0.4443547,True,False,34803,587,1,0
dense_support_q6_r05,dense_support,wallclock_timing,,401,16382894,0.1325942,True,False,1104,615,3,0
dense_support_q6_r05,dense_support,constant_60,60.0,401,16382894,0.1714581,True,False,17034,165,1,0
dense_support_q6_r05,dense_support,constant_125,125.0,401,16382894,0.1283914,True,False,6679,388,1,0
dense_support_q6_r05,dense_support,constant_250,250.0,401,16382894,0.1330297,True,False,1,676,1,0
dense_support_q6_r05,dense_support,constant_500,500.0,401,16382894,0.1363063,True,False,1,676,1,0
dense_support_q6_r05,dense_support,cost_model,501.4841754008458,401,16382894,0.134094,True,False,1,676,1,0
dense_support_q6_r05,dense_support,cost_model_x0.5,250.7420877004229,401,16382894,0.1341137,True,False,1,676,1,0
dense_support_q6_r05,dense_support,cost_model_x0.25,125.37104385021145,401,16382894,0.1300034,True,False,6644,389,1,0
dense_support_q6_r1,dense_support,wallclock_timing,,401,65531576,0.4801708,True,False,13350,776,5,0
dense_support_q6_r1,dense_support,constant_60,60.0,401,65531576,0.5434484,True,False,62043,35,1,0
dense_support_q6_r1,dense_support,constant_125,125.0,401,65531576,0.4778104,True,False,32657,350,1,0
dense_support_q6_r1,dense_support,constant_250,250.0,401,65531576,0.4247089,True,False,13347,775,1,0
dense_support_q6_r1,dense_support,constant_500,500.0,401,65531576,0.5395405,True,False,1,1351,1,0
dense_support_q6_r1,dense_support,cost_model,525.8795973198837,401,65531576,0.5514531,True,False,1,1351,1,0
dense_support_q6_r1,dense_support,cost_model_x0.5,262.93979865994186,401,65531576,0.4395477,True,False,12151,812,1,0
dense_support_q6_r1,dense_support,cost_model_x0.25,131.46989932997093,401,65531576,0.4024954,True,False,30989,377,1,0
dense_support_q8_r05,dense_support,wallclock_timing,,401,7615247,0.1423284,True,False,12355,105,5,0
dense_support_q8_r05,dense_support,constant_60,60.0,401,7615247,0.1220898,True,False,7616,186,1,0
dense_support_q8_r05,dense_support,constant_125,125.0,401,7615247,0.1121735,True,False,1787,369,1,0
dense_support_q8_r05,dense_support,constant_250,250.0,401,7615247,0.1179912,True,False,1,462,1,0
dense_support_q8_r05,dense_support,constant_500,500.0,401,7615247,0.1205244,True,False,1,462,1,0
dense_support_q8_r05,dense_support,cost_model,362.75548127430085,401,7615247,0.1016071,True,False,1,462,1,0
dense_support_q8_r05,dense_support,cost_model_x0.5,181.37774063715042,401,7615247,0.1018793,True,False,1,462,1,0
dense_support_q8_r05,dense_support,cost_model_x0.25,90.68887031857521,401,7615247,0.1020107,True,False,4080,281,1,0
dense_support_q8_r1,dense_support,wallclock_timing,,401,30460991,0.3524114,True,False,10026,502,7,0
dense_support_q8_r1,dense_support,constant_60,60.0,401,30460991,0.4246138,True,False,30881,127,1,0
dense_support_q8_r1,dense_support,constant_125,125.0,401,30460991,0.3151098,True,False,14458,387,1,0
dense_support_q8_r1,dense_support,constant_250,250.0,401,30460991,0.3680928,True,False,3537,737,1,0
dense_support_q8_r1,dense_support,constant_500,500.0,401,30460991,0.4327344,True,False,1,921,1,0
dense_support_q8_r1,dense_support,cost_model,374.37645032354044,401,30460991,0.4557912,True,False,1,921,1,0
dense_support_q8_r1,dense_support,cost_model_x0.5,187.18822516177022,401,30460991,0.3386517,True,False,7640,576,1,0
dense_support_q8_r1,dense_support,cost_model_x0.25,93.59411258088511,401,30460991,0.3310254,True,False,20213,273,1,0
dense_support_q8_r2,dense_support,wallclock_timing,,401,121843964,0.9176808,True,False,53122,363,15,0
dense_support_q8_r2,dense_support,constant_60,60.0,401,121843964,1.0576724,True,False,91256,0,0,0
dense_support_q8_r2,dense_support,constant_125,125.0,401,121843964,0.9047504,True,False,59696,277,1,0
dense_support_q8_r2,dense_support,constant_250,250.0,401,121843964,1.1063412,True,False,28769,773,1,0
dense_support_q8_r2,dense_support,constant_500,500.0,401,121843964,1.5104974,True,False,7056,1473,1,0
dense_support_q8_r2,dense_support,cost_model,392.9554258679335,401,121843964,1.2626992,True,False,13810,1202,1,0
dense_support_q8_r2,dense_support,cost_model_x0.5,196.47771293396676,401,121843964,1.0408834,True,False,38368,580,1,0
dense_support_q8_r2,dense_support,cost_model_x0.25,98.23885646698338,401,121843964,0.9795308,True,False,73147,141,1,0
dense_support_q12_r05,dense_support,wallclock_timing,,401,4302608,0.1247447,True,False,1312,280,3,0
dense_support_q12_r05,dense_support,constant_60,60.0,401,4302608,0.1252282,True,False,3842,187,1,0
dense_support_q12_r05,dense_support,constant_125,125.0,401,4302608,0.1356643,True,False,3,347,1,0
dense_support_q12_r05,dense_support,constant_250,250.0,401,4302608,0.1433923,True,False,1,347,1,0
dense_support_q12_r05,dense_support,constant_500,500.0,401,4302608,0.1476572,True,False,1,347,1,0
dense_support_q12_r05,dense_support,cost_model,237.1021813958432,401,4302608,0.1346627,True,False,1,347,1,0
dense_support_q12_r05,dense_support,cost_model_x0.5,118.5510906979216,401,4302608,0.1221022,True,False,258,334,1,0
dense_support_q12_r05,dense_support,cost_model_x0.25,59.2755453489608,401,4302608,0.1249213,True,False,3921,185,1,0
dense_support_q12_r1,dense_support,wallclock_timing,,401,17210432,0.4340118,True,False,24695,83,7,0
dense_support_q12_r1,dense_support,constant_60,60.0,401,17210432,0.4042537,True,False,17907,163,1,0
dense_support_q12_r1,dense_support,constant_125,125.0,401,17210432,0.4338416,True,False,7166,389,1,0
dense_support_q12_r1,dense_support,constant_250,250.0,401,17210432,0.5136916,True,False,4,692,1,0
dense_support_q12_r1,dense_support,constant_500,500.0,401,17210432,0.518473,True,False,1,693,1,0
dense_support_q12_r1,dense_support,cost_model,241.64168573212487,401,17210432,0.7760941,True,False,333,675,1,0
dense_support_q12_r1,dense_support,cost_model_x0.5,120.82084286606243,401,17210432,0.743685,True,False,7562,376,1,0
dense_support_q12_r1,dense_support,cost_model_x0.25,60.41042143303122,401,17210432,0.8194475,True,False,17788,165,1,0
dense_support_q12_r2,dense_support,wallclock_timing,,401,68841729,1.1149069,True,False,60101,71,17,0
dense_support_q12_r2,dense_support,constant_60,60.0,401,68841729,1.0429067,True,False,64800,27,1,0
dense_support_q12_r2,dense_support,constant_125,125.0,401,68841729,1.0326557,True,False,34305,346,1,0
dense_support_q12_r2,dense_support,constant_250,250.0,401,68841729,1.3347393,True,False,14268,776,1,0
dense_support_q12_r2,dense_support,constant_500,500.0,401,68841729,2.0769352,True,False,10,1384,1,0
dense_support_q12_r2,dense_support,cost_model,248.58105693558042,401,68841729,1.4965473,True,False,14402,772,1,0
dense_support_q12_r2,dense_support,cost_model_x0.5,124.29052846779021,401,68841729,1.2687095,True,False,34493,343,1,0
dense_support_q12_r2,dense_support,cost_model_x0.25,62.145264233895105,401,68841729,1.1245131,True,False,63089,40,1,0
collision_o2_g0_n1000000_r05,collision,wallclock_timing,,401,22361383,0.1156987,True,False,977,736,3,0
collision_o2_g0_n1000000_r05,collision,constant_60,60.0,401,22361383,0.1726045,True,False,23005,149,1,0
collision_o2_g0_n1000000_r05,collision,constant_125,125.0,401,22361383,0.119891,True,False,10005,390,1,0
collision_o2_g0_n1000000_r05,collision,constant_250,250.0,401,22361383,0.1114437,True,False,1358,714,1,0
collision_o2_g0_n1000000_r05,collision,constant_500,500.0,401,22361383,0.1200594,True,False,1,790,1,0
collision_o2_g0_n1000000_r05,collision,cost_model,728.0031665684888,401,22361383,0.1210068,True,False,1,790,1,0
collision_o2_g0_n1000000_r05,collision,cost_model_x0.5,364.0015832842444,401,22361383,0.1159979,True,False,1,790,1,0
collision_o2_g0_n1000000_r05,collision,cost_model_x0.25,182.0007916421222,401,22361383,0.1104743,True,False,4962,552,1,0
collision_o2_g0_n1000000_r1,collision,wallclock_timing,,401,89445535,0.3944014,True,False,8259,1167,5,0
collision_o2_g0_n1000000_r1,collision,constant_60,60.0,401,89445535,0.580039,True,False,78185,0,0,0
collision_o2_g0_n1000000_r1,collision,constant_125,125.0,401,89445535,0.4291343,True,False,44418,320,1,0
collision_o2_g0_n1000000_r1,collision,constant_250,250.0,401,89445535,0.4430972,True,False,19955,779,1,0
collision_o2_g0_n1000000_r1,collision,constant_500,500.0,401,89445535,0.5029956,True,False,2679,1427,1,0
collision_o2_g0_n1000000_r1,collision,cost_model,775.1598234648103,401,89445535,0.4820979,True,False,1,1578,1,0
collision_o2_g0_n1000000_r1,collision,cost_model_x0.5,387.57991173240515,401,89445535,0.3969736,True,False,8367,1163,1,0
collision_o2_g0_n1000000_r1,collision,cost_model_x0.25,193.78995586620258,401,89445535,0.3593924,True,False,27928,591,1,0
collision_o2_g1_n1000000_r05,collision,wallclock_timing,,401,78119729,0.3981486,True,False,3334,1220,7,0
collision_o2_g1_n1000000_r05,collision,constant_60,60.0,401,78119729,0.7864832,True,False,67973,219,1,0
collision_o2_g1_n1000000_r05,collision,constant_125,125.0,401,78119729,0.4979905,True,False,31758,549,1,0
collision_o2_g1_n1000000_r05,collision,constant_250,250.0,401,78119729,0.3986002,True,False,10714,961,1,0
collision_o2_g1_n1000000_r05,collision,constant_500,500.0,401,78119729,0.3895045,True,False,1,1369,1,0
collision_o2_g1_n1000000_r05,collision,cost_model,1062.8147114595884,401,78119729,0.3916652,True,False,1,1369,1,0
collision_o2_g1_n1000000_r05,collision,cost_model_x0.5,531.4073557297942,401,78119729,0.3960535,True,False,1,1369,1,0
collision_o2_g1_n1000000_r05,collision,cost_model_x0.25,265.7036778648971,401,78119729,0.3919432,True,False,9375,1002,1,0
collision_o2_g2_n1000000_r05,collision,wallclock_timing,,401,115123229,0.6003587,True,False,9974,1232,9,0
collision_o2_g2_n1000000_r05,collision,constant_60,60.0,401,115123229,1.4552212,True,False,93349,340,1,0
collision_o2_g2_n1000000_r05,collision,constant_125,125.0,401,115123229,0.9719147,True,False,41691,702,1,0
collision_o2_g2_n1000000_r05,collision,constant_250,250.0,401,115123229,0.6665904,True,False,13985,1127,1,0
collision_o2_g2_n1000000_r05,collision,constant_500,500.0,401,115123229,0.650703,True,False,1,1563,1,0
collision_o2_g2_n1000000_r05,collision,cost_model,1163.8590874864715,401,115123229,0.7337725,True,False,1,1563,1,0
collision_o2_g2_n1000000_r05,collision,cost_model_x0.5,581.9295437432357,401,115123229,0.7056694,True,False,1,1563,1,0
collision_o2_g2_n1000000_r05,collision,cost_model_x0.25,290.96477187161787,401,115123229,0.6154015,True,False,9734,1231,1,0
dimerization_r05,dimerization,wallclock_timing,,402,7486081,0.1714987,True,False,15364,37,10,0
dimerization_r05,dimerization,constant_60,60.0,402,7486081,0.1846071,True,False,15543,0,0,0
dimerization_r05,dimerization,constant_125,125.0,402,7486081,0.1812564,True,False,15543,0,0,0
dimerization_r05,dimerization,constant_250,250.0,402,7486081,0.1743677,True,False,15543,0,0,0
dimerization_r05,dimerization,constant_500,500.0,402,7486081,0.1371757,True,False,1,2369,1,0
dimerization_r05,dimerization,cost_model,876.9217514218748,402,7486081,0.1387832,True,False,1,2369,1,0
dimerization_r05,dimerization,cost_model_x0.5,438.4608757109374,402,7486081,0.1429601,True,False,1,2369,1,0
dimerization_r05,dimerization,cost_model_x0.25,219.2304378554687,402,7486081,0.1653708,True,False,15543,0,0,0
dimerization_r1,dimerization,wallclock_timing,,402,29944326,0.3657911,True,False,31184,12,12,0
dimerization_r1,dimerization,constant_60,60.0,402,29944326,0.3212981,True,False,31258,0,0,0
dimerization_r1,dimerization,constant_125,125.0,402,29944326,0.3207454,True,False,31258,0,0,0
dimerization_r1,dimerization,constant_250,250.0,402,29944326,0.3610878,True,False,31258,0,0,0
dimerization_r1,dimerization,constant_500,500.0,402,29944326,0.3403278,True,False,31258,0,0,0
dimerization_r1,dimerization,cost_model,931.4985322705442,402,29944326,0.5964042,True,False,1,4736,1,0
dimerization_r1,dimerization,cost_model_x0.5,465.7492661352721,402,29944326,0.3664695,True,False,31258,0,0,0
dimerization_r1,dimerization,cost_model_x0.25,232.87463306763604,402,29944326,0.36881,True,False,31258,0,0,0
lotka_volterra_r05,lotka_volterra,wallclock_timing,,402,179940,0.3791799,True,False,25378,7453,16,0
lotka_volterra_r05,lotka_volterra,constant_60,60.0,402,179940,0.4241101,True,False,44468,0,0,0
lotka_volterra_r05,lotka_volterra,constant_125,125.0,402,179940,0.4969485,True,False,44468,0,0,0
lotka_volterra_r05,lotka_volterra,constant_250,250.0,402,179940,0.3547615,True,False,19033,10198,7,0
lotka_volterra_r05,lotka_volterra,constant_500,500.0,402,179940,0.2324248,True,False,1,17113,1,0
lotka_volterra_r05,lotka_volterra,cost_model,727.0380042190227,402,179940,0.2216065,True,False,1,17113,1,0
lotka_volterra_r05,lotka_volterra,cost_model_x0.5,363.51900210951135,402,179940,0.219074,True,False,1,17113,1,0
lotka_volterra_r05,lotka_volterra,cost_model_x0.25,181.75950105475567,402,179940,0.4783657,True,False,44468,0,0,0
lotka_volterra_r1,lotka_volterra,wallclock_timing,,402,719761,0.933239,True,False,65066,9323,38,0
lotka_volterra_r1,lotka_volterra,constant_60,60.0,402,719761,0.9658211,True,False,88771,0,0,0
lotka_volterra_r1,lotka_volterra,constant_125,125.0,402,719761,0.9646462,True,False,88771,0,0,0
lotka_volterra_r1,lotka_volterra,constant_250,250.0,402,719761,0.9612624,True,False,88771,0,0,0
lotka_volterra_r1,lotka_volterra,constant_500,500.0,402,719761,0.8307451,True,False,37962,20345,7,0
lotka_volterra_r1,lotka_volterra,cost_model,757.789328062881,402,719761,0.9984043,True,False,1,34205,1,0
lotka_volterra_r1,lotka_volterra,cost_model_x0.5,378.8946640314405,402,719761,0.925809,True,False,88771,0,0,0
lotka_volterra_r1,lotka_volterra,cost_model_x0.25,189.44733201572026,402,719761,0.9003076,True,False,88771,0,0,0
lotka_volterra_r2,lotka_volterra,wallclock_timing,,402,2879044,1.9785348,True,False,175023,1157,70,0
lotka_volterra_r2,lotka_volterra,constant_60,60.0,402,2879044,1.9466955,True,False,177848,0,0,0
lotka_volterra_r2,lotka_volterra,constant_125,125.0,402,2879044,1.984707,True,False,177848,0,0,0
lotka_volterra_r2,lotka_volterra,constant_250,250.0,402,2879044,2.0251367,True,False,177848,0,0,0
lotka_volterra_r2,lotka_volterra,constant_500,500.0,402,2879044,1.9703438,True,False,177848,0,0,0
lotka_volterra_r2,lotka_volterra,cost_model,804.9996298765527,402,2879044,2.0557427,True,False,150475,12096,7,0
lotka_volterra_r2,lotka_volterra,cost_model_x0.5,402.49981493827636,402,2879044,1.9561616,True,False,177848,0,0,0
lotka_volterra_r2,lotka_volterra,cost_model_x0.25,201.24990746913818,402,2879044,2.0916624,True,False,177848,0,0,0
shrinking_r05,shrinking,wallclock_timing,,402,342703,0.0144388,True,False,2420,2,2,0
shrinking_r05,shrinking,constant_60,60.0,402,342703,0.0120117,True,False,1906,248,1,0
shrinking_r05,shrinking,constant_125,125.0,402,342703,0.0096218,True,False,1362,519,1,0
shrinking_r05,shrinking,constant_250,250.0,402,342703,0.0079383,True,False,295,1037,1,0
shrinking_r05,shrinking,constant_500,500.0,402,342703,0.0078592,True,False,1,1171,1,0
shrinking_r05,shrinking,cost_model,544.0582811864226,402,342703,0.0074238,True,False,1,1171,1,0
shrinking_r05,shrinking,cost_model_x0.5,272.0291405932113,402,342703,0.0076764,True,False,102,1124,1,0
shrinking_r05,shrinking,cost_model_x0.25,136.01457029660565,402,342703,0.0104416,True,False,1261,564,1,0
shrinking_r1,shrinking,wallclock_timing,,402,1370812,0.0318481,True,False,4862,2,2,0
shrinking_r1,shrinking,constant_60,60.0,402,1370812,0.0294336,True,False,4357,239,1,0
shrinking_r1,shrinking,constant_125,125.0,402,1370812,0.0258243,True,False,3805,507,1,0
shrinking_r1,shrinking,constant_250,250.0,402,1370812,0.0244444,True,False,2742,1025,1,0
shrinking_r1,shrinking,constant_500,500.0,402,1370812,0.0288335,True,False,597,2061,1,0
shrinking_r1,shrinking,cost_model,577.897910766499,402,1370812,0.0296914,True,False,1,2335,1,0
shrinking_r1,shrinking,cost_model_x0.5,288.9489553832495,402,1370812,0.0248027,True,False,2405,1193,1,0
shrinking_r1,shrinking,cost_model_x0.25,144.47447769162474,402,1370812,0.0272857,True,False,3637,585,1,0
shrinking_r2,shrinking,wallclock_timing,,402,5483250,0.0708807,True,False,9691,4,4,0
shrinking_r2,shrinking,constant_60,60.0,402,5483250,0.0709348,True,False,9268,219,1,0
shrinking_r2,shrinking,constant_125,125.0,402,5483250,0.0691306,True,False,8683,492,1,0
shrinking_r2,shrinking,constant_250,250.0,402,5483250,0.0681669,True,False,7611,1008,1,0
shrinking_r2,shrinking,constant_500,500.0,402,5483250,0.0713639,True,False,5454,2045,1,0
shrinking_r2,shrinking,cost_model,636.0096349670639,402,5483250,0.0795428,True,False,4281,2612,1,0
shrinking_r2,shrinking,cost_model_x0.5,318.00481748353195,402,5483250,0.0678656,True,False,7014,1289,1,0
shrinking_r2,shrinking,cost_model_x0.25,159.00240874176598,402,5483250,0.0710228,True,False,8382,632,1,0
shrinking_no_b_decay_r05,shrinking,wallclock_timing,,402,1108596,0.0159358,True,False,1042,506,3,0
shrinking_no_b_decay_r05,shrinking,constant_60,60.0,402,1108596,0.0276742,True,False,3521,134,1,0
shrinking_no_b_decay_r05,shrinking,constant_125,125.0,402,1108596,0.0205644,True,False,2219,288,1,0
shrinking_no_b_decay_r05,shrinking,constant_250,250.0,402,1108596,0.0152456,True,False,597,615,1,0
shrinking_no_b_decay_r05,shrinking,constant_500,500.0,402,1108596,0.0133933,True,False,1,773,1,0
shrinking_no_b_decay_r05,shrinking,cost_model,615.9818556111519,402,1108596,0.0142522,True,False,1,773,1,0
shrinking_no_b_decay_r05,shrinking,cost_model_x0.5,307.99092780557595,402,1108596,0.0134889,True,False,1,773,1,0
shrinking_no_b_decay_r05,shrinking,cost_model_x0.25,153.99546390278798,402,1108596,0.015781,True,False,1778,360,1,0
shrinking_no_b_decay_r1,shrinking,wallclock_timing,,402,4434387,0.0394863,True,False,3183,769,5,0
shrinking_no_b_decay_r1,shrinking,constant_60,60.0,402,4434387,0.0670074,True,False,9236,130,1,0
shrinking_no_b_decay_r1,shrinking,constant_125,125.0,402,4434387,0.0508763,True,False,6859,275,1,0
shrinking_no_b_decay_r1,shrinking,constant_250,250.0,402,4434387,0.043131,True,False,4358,572,1,0
shrinking_no_b_decay_r1,shrinking,constant_500,500.0,402,4434387,0.0425793,True,False,1162,1227,1,0
shrinking_no_b_decay_r1,shrinking,cost_model,657.5600996857365,402,4434387,0.0454939,True,False,1,1543,1,0
shrinking_no_b_decay_r1,shrinking,cost_model_x0.5,328.78004984286827,402,4434387,0.0427218,True,False,3199,770,1,0
shrinking_no_b_decay_r1,shrinking,cost_model_x0.25,164.39002492143413,402,4434387,0.0483629,True,False,5931,365,1,0
shrinking_no_b_decay_r2,shrinking,wallclock_timing,,402,17737550,0.1181635,True,False,13673,550,5,0
shrinking_no_b_decay_r2,shrinking,constant_60,60.0,402,17737550,0.1770959,True,False,22576,129,1,0
shrinking_no_b_decay_r2,shrinking,constant_125,125.0,402,17737550,0.1634253,True,False,18224,269,1,0
shrinking_no_b_decay_r2,shrinking,constant_250,250.0,402,17737550,0.1407403,True,False,13816,547,1,0
shrinking_no_b_decay_r2,shrinking,constant_500,500.0,402,17737550,0.1452401,True,False,8765,1138,1,0
shrinking_no_b_decay_r2,shrinking,cost_model,729.6023497822766,402,17737550,0.1565317,True,False,5499,1719,1,0
shrinking_no_b_decay_r2,shrinking,cost_model_x0.5,364.8011748911383,402,17737550,0.1399772,True,False,11175,813,1,0
shrinking_no_b_decay_r2,shrinking,cost_model_x0.25,182.40058744556916,402,17737550,0.1466311,True,False,15875,395,1,0
shrinking_split_b_decay_r05,shrinking,wallclock_timing,,402,298581,0.0139174,True,False,1869,161,4,0
shrinking_split_b_decay_r05,shrinking,constant_60,60.0,402,298581,0.0111721,True,False,1722,247,1,0
shrinking_split_b_decay_r05,shrinking,constant_125,125.0,402,298581,0.0088787,True,False,1173,516,1,0
shrinking_split_b_decay_r05,shrinking,constant_250,250.0,402,298581,0.0076012,True,False,111,1031,1,0
shrinking_split_b_decay_r05,shrinking,constant_500,500.0,402,298581,0.0074804,True,False,1,1093,1,0
shrinking_split_b_decay_r05,shrinking,cost_model,496.2802133398286,402,298581,0.0088881,True,False,1,1093,1,0
shrinking_split_b_decay_r05,shrinking,cost_model_x0.5,248.1401066699143,402,298581,0.008872,True,False,126,1026,1,0
shrinking_split_b_decay_r05,shrinking,cost_model_x0.25,124.07005333495715,402,298581,0.00901,True,False,1180,513,1,0
shrinking_split_b_decay_r1,shrinking,wallclock_timing,,402,1194326,0.0278354,True,False,4461,2,2,0
shrinking_split_b_decay_r1,shrinking,constant_60,60.0,402,1194326,0.0283357,True,False,3967,241,1,0
shrinking_split_b_decay_r1,shrinking,constant_125,125.0,402,1194326,0.025099,True,False,3424,510,1,0
shrinking_split_b_decay_r1,shrinking,constant_250,250.0,402,1194326,0.0230626,True,False,2376,1027,1,0
shrinking_split_b_decay_r1,shrinking,constant_500,500.0,402,1194326,0.0288733,True,False,245,2063,1,0
shrinking_split_b_decay_r1,shrinking,cost_model,524.5670125279418,402,1194326,0.0331355,True,False,27,2168,1,0
shrinking_split_b_decay_r1,shrinking,cost_model_x0.5,262.2835062639709,402,1194326,0.0223506,True,False,2271,1078,1,0
shrinking_split_b_decay_r1,shrinking,cost_model_x0.25,131.14175313198544,402,1194326,0.0250946,True,False,3375,537,1,0
shrinking_split_b_decay_r2,shrinking,wallclock_timing,,402,4777304,0.0617369,True,False,9040,4,4,0
shrinking_split_b_decay_r2,shrinking,constant_60,60.0,402,4777304,0.0605057,True,False,8559,220,1,0
shrinking_split_b_decay_r2,shrinking,constant_125,125.0,402,4777304,0.0595516,True,False,8004,493,1,0
shrinking_split_b_decay_r2,shrinking,constant_250,250.0,402,4777304,0.0567664,True,False,6932,1013,1,0
shrinking_split_b_decay_r2,shrinking,constant_500,500.0,402,4777304,0.0692643,True,False,4781,2050,1,0
shrinking_split_b_decay_r2,shrinking,cost_model,572.7418683444771,402,4777304,0.0727949,True,False,4138,2347,1,0
shrinking_split_b_decay_r2,shrinking,cost_model_x0.5,286.37093417223855,402,4777304,0.0652535,True,False,6623,1158,1,0
shrinking_split_b_decay_r2,shrinking,cost_model_x0.25,143.18546708611927,402,4777304,0.0654518,True,False,7856,569,1,0
shrinking_b_decay_channels_1_r05,branch_count,wallclock_timing,,402,357951,0.0195732,True,False,2476,2,2,0
shrinking_b_decay_channels_1_r05,branch_count,constant_60,60.0,402,357951,0.014778,True,False,1972,245,1,0
shrinking_b_decay_channels_1_r05,branch_count,constant_125,125.0,402,357951,0.0121249,True,False,1407,521,1,0
shrinking_b_decay_channels_1_r05,branch_count,constant_250,250.0,402,357951,0.0098959,True,False,340,1039,1,0
shrinking_b_decay_channels_1_r05,branch_count,constant_500,500.0,402,357951,0.0099561,True,False,1,1202,1,0
shrinking_b_decay_channels_1_r05,branch_count,cost_model,544.8928140153258,402,357951,0.010834,True,False,1,1202,1,0
shrinking_b_decay_channels_1_r05,branch_count,cost_model_x0.5,272.4464070076629,402,357951,0.0094508,True,False,148,1130,1,0
shrinking_b_decay_channels_1_r05,branch_count,cost_model_x0.25,136.22320350383146,402,357951,0.0121347,True,False,1309,561,1,0
shrinking_b_decay_channels_1_r1,branch_count,wallclock_timing,,402,1431807,0.0374002,True,False,4883,23,4,0
shrinking_b_decay_channels_1_r1,branch_count,constant_60,60.0,402,1431807,0.0334373,True,False,4457,236,1,0
shrinking_b_decay_channels_1_r1,branch_count,constant_125,125.0,402,1431807,0.0302793,True,False,3888,505,1,0
shrinking_b_decay_channels_1_r1,branch_count,constant_250,250.0,402,1431807,0.029866,True,False,2803,1036,1,0
shrinking_b_decay_channels_1_r1,branch_count,constant_500,500.0,402,1431807,0.0333133,True,False,694,2063,1,0
shrinking_b_decay_channels_1_r1,branch_count,cost_model,579.2665840985251,402,1431807,0.0368621,True,False,1,2385,1,0
shrinking_b_decay_channels_1_r1,branch_count,cost_model_x0.5,289.63329204926254,402,1431807,0.0271691,True,False,2481,1197,1,0
shrinking_b_decay_channels_1_r1,branch_count,cost_model_x0.25,144.81664602463127,402,1431807,0.0296221,True,False,3712,588,1,0
shrinking_b_decay_channels_1_r2,branch_count,wallclock_timing,,402,5727229,0.0748694,True,False,9924,4,4,0
shrinking_b_decay_channels_1_r2,branch_count,constant_60,60.0,402,5727229,0.0747312,True,False,9452,220,1,0
shrinking_b_decay_channels_1_r2,branch_count,constant_125,125.0,402,5727229,0.0678735,True,False,8883,491,1,0
shrinking_b_decay_channels_1_r2,branch_count,constant_250,250.0,402,5727229,0.0697707,True,False,7823,1008,1,0
shrinking_b_decay_channels_1_r2,branch_count,constant_500,500.0,402,5727229,0.0684553,True,False,5656,2049,1,0
shrinking_b_decay_channels_1_r2,branch_count,cost_model,638.4465574594063,402,5727229,0.0781653,True,False,4474,2617,1,0
shrinking_b_decay_channels_1_r2,branch_count,cost_model_x0.5,319.22327872970317,402,5727229,0.0700986,True,False,7208,1296,1,0
shrinking_b_decay_channels_1_r2,branch_count,cost_model_x0.25,159.61163936485158,402,5727229,0.0713561,True,False,8584,639,1,0
shrinking_b_decay_channels_2_r05,branch_count,wallclock_timing,,402,332340,0.0166545,True,False,2334,2,2,0
shrinking_b_decay_channels_2_r05,branch_count,constant_60,60.0,402,332340,0.014547,True,False,1862,248,1,0
shrinking_b_decay_channels_2_r05,branch_count,constant_125,125.0,402,332340,0.0122634,True,False,1305,518,1,0
shrinking_b_decay_channels_2_r05,branch_count,constant_250,250.0,402,332340,0.0100025,True,False,234,1033,1,0
shrinking_b_decay_channels_2_r05,branch_count,constant_500,500.0,402,332340,0.0100627,True,False,1,1156,1,0
shrinking_b_decay_channels_2_r05,branch_count,cost_model,498.0234392861981,402,332340,0.0101568,True,False,1,1156,1,0
shrinking_b_decay_channels_2_r05,branch_count,cost_model_x0.5,249.01171964309904,402,332340,0.0100371,True,False,245,1027,1,0
shrinking_b_decay_channels_2_r05,branch_count,cost_model_x0.25,124.50585982154952,402,332340,0.0122883,True,False,1310,516,1,0
shrinking_b_decay_channels_2_r1,branch_count,wallclock_timing,,402,1329360,0.0352724,True,False,4738,2,2,0
shrinking_b_decay_channels_2_r1,branch_count,constant_60,60.0,402,1329360,0.0327909,True,False,4267,239,1,0
shrinking_b_decay_channels_2_r1,branch_count,constant_125,125.0,402,1329360,0.0297353,True,False,3691,506,1,0
shrinking_b_decay_channels_2_r1,branch_count,constant_250,250.0,402,1329360,0.0284096,True,False,2617,1026,1,0
shrinking_b_decay_channels_2_r1,branch_count,constant_500,500.0,402,1329360,0.0289094,True,False,479,2067,1,0
shrinking_b_decay_channels_2_r1,branch_count,cost_model,527.4043832284837,402,1329360,0.0294804,True,False,250,2175,1,0
shrinking_b_decay_channels_2_r1,branch_count,cost_model_x0.5,263.7021916142418,402,1329360,0.0231925,True,False,2501,1086,1,0
shrinking_b_decay_channels_2_r1,branch_count,cost_model_x0.25,131.8510958071209,402,1329360,0.0298753,True,False,3634,539,1,0
shrinking_b_decay_channels_2_r2,branch_count,wallclock_timing,,402,5317440,0.0618603,True,False,9503,4,4,0
shrinking_b_decay_channels_2_r2,branch_count,constant_60,60.0,402,5317440,0.0630668,True,False,9110,222,1,0
shrinking_b_decay_channels_2_r2,branch_count,constant_125,125.0,402,5317440,0.0588462,True,False,8552,493,1,0
shrinking_b_decay_channels_2_r2,branch_count,constant_250,250.0,402,5317440,0.0574623,True,False,7486,1012,1,0
shrinking_b_decay_channels_2_r2,branch_count,constant_500,500.0,402,5317440,0.0621088,True,False,5320,2046,1,0
shrinking_b_decay_channels_2_r2,branch_count,cost_model,577.767632966904,402,5317440,0.0683141,True,False,4643,2372,1,0
shrinking_b_decay_channels_2_r2,branch_count,cost_model_x0.5,288.883816483452,402,5317440,0.0615904,True,False,7144,1173,1,0
shrinking_b_decay_channels_2_r2,branch_count,cost_model_x0.25,144.441908241726,402,5317440,0.0663743,True,False,8379,570,1,0
shrinking_b_decay_channels_4_r05,branch_count,wallclock_timing,,402,190960,0.0134997,True,False,1784,2,2,0
shrinking_b_decay_channels_4_r05,branch_count,constant_60,60.0,402,190960,0.0103989,True,False,1320,245,1,0
shrinking_b_decay_channels_4_r05,branch_count,constant_125,125.0,402,190960,0.0092772,True,False,759,521,1,0
shrinking_b_decay_channels_4_r05,branch_count,constant_250,250.0,402,190960,0.007082,True,False,1,873,1,0
shrinking_b_decay_channels_4_r05,branch_count,constant_500,500.0,402,190960,0.007116,True,False,1,873,1,0
shrinking_b_decay_channels_4_r05,branch_count,cost_model,427.11375923733834,402,190960,0.0072279,True,False,1,873,1,0
shrinking_b_decay_channels_4_r05,branch_count,cost_model_x0.5,213.55687961866917,402,190960,0.0071417,True,False,1,873,1,0
shrinking_b_decay_channels_4_r05,branch_count,cost_model_x0.25,106.77843980933459,402,190960,0.0118438,True,False,915,440,1,0
shrinking_b_decay_channels_4_r1,branch_count,wallclock_timing,,402,763841,0.0302238,True,False,3096,213,4,0
shrinking_b_decay_channels_4_r1,branch_count,constant_60,60.0,402,763841,0.0267201,True,False,3127,239,1,0
shrinking_b_decay_channels_4_r1,branch_count,constant_125,125.0,402,763841,0.0228383,True,False,2557,513,1,0
shrinking_b_decay_channels_4_r1,branch_count,constant_250,250.0,402,763841,0.026001,True,False,1488,1030,1,0
shrinking_b_decay_channels_4_r1,branch_count,constant_500,500.0,402,763841,0.029428,True,False,1,1745,1,0
shrinking_b_decay_channels_4_r1,branch_count,cost_model,446.6452507773898,402,763841,0.0292942,True,False,1,1745,1,0
shrinking_b_decay_channels_4_r1,branch_count,cost_model_x0.5,223.3226253886949,402,763841,0.022753,True,False,1719,916,1,0
shrinking_b_decay_channels_4_r1,branch_count,cost_model_x0.25,111.66131269434744,402,763841,0.0243566,True,False,2675,456,1,0
shrinking_b_decay_channels_4_r2,branch_count,wallclock_timing,,402,3055364,0.0581108,True,False,7189,2,2,0
shrinking_b_decay_channels_4_r2,branch_count,constant_60,60.0,402,3055364,0.056178,True,False,6761,228,1,0
shrinking_b_decay_channels_4_r2,branch_count,constant_125,125.0,402,3055364,0.056931,True,False,6199,503,1,0
shrinking_b_decay_channels_4_r2,branch_count,constant_250,250.0,402,3055364,0.0526433,True,False,5106,1022,1,0
shrinking_b_decay_channels_4_r2,branch_count,constant_500,500.0,402,3055364,0.0659163,True,False,2962,2053,1,0
shrinking_b_decay_channels_4_r2,branch_count,cost_model,478.95873999982166,402,3055364,0.0658163,True,False,3141,1966,1,0
shrinking_b_decay_channels_4_r2,branch_count,cost_model_x0.5,239.47936999991083,402,3055364,0.0549827,True,False,5197,971,1,0
shrinking_b_decay_channels_4_r2,branch_count,cost_model_x0.25,119.73968499995541,402,3055364,0.0565602,True,False,6250,479,1,0
shrinking_b_decay_channels_8_r05,branch_count,wallclock_timing,,402,90594,0.0082072,True,False,1205,2,2,0
shrinking_b_decay_channels_8_r05,branch_count,constant_60,60.0,402,90594,0.0057799,True,False,750,252,1,0
shrinking_b_decay_channels_8_r05,branch_count,constant_125,125.0,402,90594,0.0043233,True,False,183,519,1,0
shrinking_b_decay_channels_8_r05,branch_count,constant_250,250.0,402,90594,0.0048944,True,False,1,606,1,0
shrinking_b_decay_channels_8_r05,branch_count,constant_500,500.0,402,90594,0.0040872,True,False,1,606,1,0
shrinking_b_decay_channels_8_r05,branch_count,cost_model,349.54916218998983,402,90594,0.0041259,True,False,1,606,1,0
shrinking_b_decay_channels_8_r05,branch_count,cost_model_x0.5,174.77458109499491,402,90594,0.0048175,True,False,1,606,1,0
shrinking_b_decay_channels_8_r05,branch_count,cost_model_x0.25,87.38729054749746,402,90594,0.0049211,True,False,502,364,1,0
shrinking_b_decay_channels_8_r1,branch_count,wallclock_timing,,402,362378,0.0161047,True,False,2461,2,2,0
shrinking_b_decay_channels_8_r1,branch_count,constant_60,60.0,402,362378,0.0145318,True,False,1950,243,1,0
shrinking_b_decay_channels_8_r1,branch_count,constant_125,125.0,402,362378,0.0132137,True,False,1420,517,1,0
shrinking_b_decay_channels_8_r1,branch_count,constant_250,250.0,402,362378,0.0192105,True,False,352,1035,1,0
shrinking_b_decay_channels_8_r1,branch_count,constant_500,500.0,402,362378,0.0165063,True,False,1,1201,1,0
shrinking_b_decay_channels_8_r1,branch_count,cost_model,360.7170256521287,402,362378,0.0169276,True,False,1,1201,1,0
shrinking_b_decay_channels_8_r1,branch_count,cost_model_x0.5,180.35851282606436,402,362378,0.0154555,True,False,928,746,1,0
shrinking_b_decay_channels_8_r1,branch_count,cost_model_x0.25,90.17925641303218,402,362378,0.014683,True,False,1701,371,1,0
shrinking_b_decay_channels_8_r2,branch_count,wallclock_timing,,402,1449512,0.0384719,True,False,5008,2,2,0
shrinking_b_decay_channels_8_r2,branch_count,constant_60,60.0,402,1449512,0.0346504,True,False,4478,235,1,0
shrinking_b_decay_channels_8_r2,branch_count,constant_125,125.0,402,1449512,0.0344275,True,False,3934,505,1,0
shrinking_b_decay_channels_8_r2,branch_count,constant_250,250.0,402,1449512,0.036337,True,False,2875,1029,1,0
shrinking_b_decay_channels_8_r2,branch_count,constant_500,500.0,402,1449512,0.0564365,True,False,712,2063,1,0
shrinking_b_decay_channels_8_r2,branch_count,cost_model,378.2062802764907,402,1449512,0.0422089,True,False,1789,1556,1,0
shrinking_b_decay_channels_8_r2,branch_count,cost_model_x0.5,189.10314013824535,402,1449512,0.0343298,True,False,3393,774,1,0
shrinking_b_decay_channels_8_r2,branch_count,cost_model_x0.25,94.55157006912268,402,1449512,0.0366495,True,False,4189,380,1,0
dense_support_q4_r05,dense_support,wallclock_timing,,402,27747879,0.152343,True,False,4288,668,5,0
dense_support_q4_r05,dense_support,constant_60,60.0,402,27747879,0.2397541,True,False,28471,134,1,0
dense_support_q4_r05,dense_support,constant_125,125.0,402,27747879,0.1681786,True,False,13061,388,1,0
dense_support_q4_r05,dense_support,constant_250,250.0,402,27747879,0.1586925,True,False,2847,731,1,0
dense_support_q4_r05,dense_support,constant_500,500.0,402,27747879,0.1588942,True,False,1,880,1,0
dense_support_q4_r05,dense_support,cost_model,733.9299421413416,402,27747879,0.1576956,True,False,1,880,1,0
dense_support_q4_r05,dense_support,cost_model_x0.5,366.9649710706708,402,27747879,0.1350236,True,False,1,880,1,0
dense_support_q4_r05,dense_support,cost_model_x0.25,183.4824855353354,402,27747879,0.140149,True,False,6973,563,1,0
dense_support_q4_r1,dense_support,wallclock_timing,,402,110991516,0.4890542,True,False,14591,1117,9,0
dense_support_q4_r1,dense_support,constant_60,60.0,402,110991516,0.6769317,True,False,87376,0,0,0
dense_support_q4_r1,dense_support,constant_125,125.0,402,110991516,0.5430646,True,False,54965,291,1,0
dense_support_q4_r1,dense_support,constant_250,250.0,402,110991516,0.5113923,True,False,26021,775,1,0
dense_support_q4_r1,dense_support,constant_500,500.0,402,110991516,0.540014,True,False,5629,1460,1,0
dense_support_q4_r1,dense_support,cost_model,784.9494027582399,402,110991516,0.6085887,True,False,1,1757,1,0
dense_support_q4_r1,dense_support,cost_model_x0.5,392.47470137911995,402,110991516,0.5457942,True,False,11981,1194,1,0
dense_support_q4_r1,dense_support,cost_model_x0.25,196.23735068955997,402,110991516,0.497807,True,False,34992,587,1,0
dense_support_q6_r05,dense_support,wallclock_timing,,402,16382894,0.1430725,True,False,2087,565,3,0
dense_support_q6_r05,dense_support,constant_60,60.0,402,16382894,0.1943519,True,False,17163,165,1,0
dense_support_q6_r05,dense_support,constant_125,125.0,402,16382894,0.1504422,True,False,6744,388,1,0
dense_support_q6_r05,dense_support,constant_250,250.0,402,16382894,0.1504515,True,False,1,676,1,0
dense_support_q6_r05,dense_support,constant_500,500.0,402,16382894,0.1525466,True,False,1,676,1,0
dense_support_q6_r05,dense_support,cost_model,501.4841754008458,402,16382894,0.1481525,True,False,1,676,1,0
dense_support_q6_r05,dense_support,cost_model_x0.5,250.7420877004229,402,16382894,0.1268862,True,False,1,676,1,0
dense_support_q6_r05,dense_support,cost_model_x0.25,125.37104385021145,402,16382894,0.1350427,True,False,6711,389,1,0
dense_support_q6_r1,dense_support,wallclock_timing,,402,65531576,0.4552105,True,False,11522,838,5,0
dense_support_q6_r1,dense_support,constant_60,60.0,402,65531576,0.5735269,True,False,62281,35,1,0
dense_support_q6_r1,dense_support,constant_125,125.0,402,65531576,0.4432426,True,False,32830,350,1,0
dense_support_q6_r1,dense_support,constant_250,250.0,402,65531576,0.4814823,True,False,13437,775,1,0
dense_support_q6_r1,dense_support,constant_500,500.0,402,65531576,0.6065686,True,False,1,1350,1,0
dense_support_q6_r1,dense_support,cost_model,525.8795973198837,402,65531576,0.5221798,True,False,1,1350,1,0
dense_support_q6_r1,dense_support,cost_model_x0.5,262.93979865994186,402,65531576,0.489528,True,False,12242,812,1,0
dense_support_q6_r1,dense_support,cost_model_x0.25,131.46989932997093,402,65531576,0.4620072,True,False,31186,376,1,0
dense_support_q8_r05,dense_support,wallclock_timing,,402,7615247,0.1007566,True,False,788,418,3,0
dense_support_q8_r05,dense_support,constant_60,60.0,402,7615247,0.1163881,True,False,7694,185,1,0
dense_support_q8_r05,dense_support,constant_125,125.0,402,7615247,0.1011985,True,False,1778,369,1,0
dense_support_q8_r05,dense_support,constant_250,250.0,402,7615247,0.1084709,True,False,1,461,1,0
dense_support_q8_r05,dense_support,constant_500,500.0,402,7615247,0.1105935,True,False,1,461,1,0
dense_support_q8_r05,dense_support,cost_model,362.75548127430085,402,7615247,0.1177606,True,False,1,461,1,0
dense_support_q8_r05,dense_support,cost_model_x0.5,181.37774063715042,402,7615247,0.1211985,True,False,1,461,1,0
dense_support_q8_r05,dense_support,cost_model_x0.25,90.68887031857521,402,7615247,0.1217642,True,False,4163,281,1,0
dense_support_q8_r1,dense_support,wallclock_timing,,402,30460991,0.3450129,True,False,25347,200,9,0
dense_support_q8_r1,dense_support,constant_60,60.0,402,30460991,0.3878048,True,False,31052,127,1,0
dense_support_q8_r1,dense_support,constant_125,125.0,402,30460991,0.3742587,True,False,14565,387,1,0
dense_support_q8_r1,dense_support,constant_250,250.0,402,30460991,0.4457408,True,False,3604,737,1,0
dense_support_q8_r1,dense_support,constant_500,500.0,402,30460991,0.5036765,True,False,1,921,1,0
dense_support_q8_r1,dense_support,cost_model,374.37645032354044,402,30460991,0.5132584,True,False,1,921,1,0
dense_support_q8_r1,dense_support,cost_model_x0.5,187.18822516177022,402,30460991,0.3951749,True,False,7708,577,1,0
dense_support_q8_r1,dense_support,cost_model_x0.25,93.59411258088511,402,30460991,0.3619084,True,False,20377,273,1,0
dense_support_q8_r2,dense_support,wallclock_timing,,402,121843964,1.0363714,True,False,39486,569,11,0
dense_support_q8_r2,dense_support,constant_60,60.0,402,121843964,1.0923202,True,False,91572,0,0,0
dense_support_q8_r2,dense_support,constant_125,125.0,402,121843964,0.9486929,True,False,59975,277,1,0
dense_support_q8_r2,dense_support,constant_250,250.0,402,121843964,1.1875026,True,False,28986,772,1,0
dense_support_q8_r2,dense_support,constant_500,500.0,402,121843964,1.58553,True,False,7123,1473,1,0
dense_support_q8_r2,dense_support,cost_model,392.9554258679335,402,121843964,1.3904826,True,False,13910,1202,1,0
dense_support_q8_r2,dense_support,cost_model_x0.5,196.47771293396676,402,121843964,1.0884499,True,False,38567,580,1,0
dense_support_q8_r2,dense_support,cost_model_x0.25,98.23885646698338,402,121843964,1.0135366,True,False,73366,141,1,0
dense_support_q12_r05,dense_support,wallclock_timing,,402,4302608,0.1421378,True,False,3701,195,5,0
dense_support_q12_r05,dense_support,constant_60,60.0,402,4302608,0.1442556,True,False,3901,188,1,0
dense_support_q12_r05,dense_support,constant_125,125.0,402,4302608,0.1469033,True,False,3,347,1,0
dense_support_q12_r05,dense_support,constant_250,250.0,402,4302608,0.1449805,True,False,1,347,1,0
dense_support_q12_r05,dense_support,constant_500,500.0,402,4302608,0.1466952,True,False,1,347,1,0
dense_support_q12_r05,dense_support,cost_model,237.1021813958432,402,4302608,0.1443857,True,False,1,347,1,0
dense_support_q12_r05,dense_support,cost_model_x0.5,118.5510906979216,402,4302608,0.1433607,True,False,245,334,1,0
dense_support_q12_r05,dense_support,cost_model_x0.25,59.2755453489608,402,4302608,0.1507134,True,False,3981,185,1,0
dense_support_q12_r1,dense_support,wallclock_timing,,402,17210432,0.4404967,True,False,14945,215,5,0
dense_support_q12_r1,dense_support,constant_60,60.0,402,17210432,0.4192354,True,False,18055,163,1,0
dense_support_q12_r1,dense_support,constant_125,125.0,402,17210432,0.4007615,True,False,7226,389,1,0
dense_support_q12_r1,dense_support,constant_250,250.0,402,17210432,0.6054471,True,False,6,693,1,0
dense_support_q12_r1,dense_support,constant_500,500.0,402,17210432,0.5432205,True,False,1,693,1,0
dense_support_q12_r1,dense_support,cost_model,241.64168573212487,402,17210432,0.5599365,True,False,315,675,1,0
dense_support_q12_r1,dense_support,cost_model_x0.5,120.82084286606243,402,17210432,0.3984924,True,False,7634,376,1,0
dense_support_q12_r1,dense_support,cost_model_x0.25,60.41042143303122,402,17210432,0.4272576,True,False,17934,165,1,0
dense_support_q12_r2,dense_support,wallclock_timing,,402,68841729,1.0691189,True,False,44750,218,13,0
dense_support_q12_r2,dense_support,constant_60,60.0,402,68841729,1.1001308,True,False,65061,27,1,0
dense_support_q12_r2,dense_support,constant_125,125.0,402,68841729,1.121653,True,False,34492,346,1,0
dense_support_q12_r2,dense_support,constant_250,250.0,402,68841729,1.4001166,True,False,14365,776,1,0
dense_support_q12_r2,dense_support,constant_500,500.0,402,68841729,2.0593805,True,False,12,1384,1,0
dense_support_q12_r2,dense_support,cost_model,248.58105693558042,402,68841729,1.4150723,True,False,14512,772,1,0
dense_support_q12_r2,dense_support,cost_model_x0.5,124.29052846779021,402,68841729,1.1072665,True,False,34696,343,1,0
dense_support_q12_r2,dense_support,cost_model_x0.25,62.145264233895105,402,68841729,1.1094826,True,False,63332,40,1,0
collision_o2_g0_n1000000_r05,collision,wallclock_timing,,402,22361383,0.1375296,True,False,10462,384,7,0
collision_o2_g0_n1000000_r05,collision,constant_60,60.0,402,22361383,0.1992157,True,False,23250,149,1,0
collision_o2_g0_n1000000_r05,collision,constant_125,125.0,402,22361383,0.1208115,True,False,10099,390,1,0
collision_o2_g0_n1000000_r05,collision,constant_250,250.0,402,22361383,0.1146682,True,False,1342,715,1,0
collision_o2_g0_n1000000_r05,collision,constant_500,500.0,402,22361383,0.1157245,True,False,1,790,1,0
collision_o2_g0_n1000000_r05,collision,cost_model,728.0031665684888,402,22361383,0.1163959,True,False,1,790,1,0
collision_o2_g0_n1000000_r05,collision,cost_model_x0.5,364.0015832842444,402,22361383,0.1165511,True,False,1,790,1,0
collision_o2_g0_n1000000_r05,collision,cost_model_x0.25,182.0007916421222,402,22361383,0.1157263,True,False,5013,552,1,0
collision_o2_g0_n1000000_r1,collision,wallclock_timing,,402,89445535,0.3661966,True,False,22596,719,9,0
collision_o2_g0_n1000000_r1,collision,constant_60,60.0,402,89445535,0.5764674,True,False,78389,0,0,0
collision_o2_g0_n1000000_r1,collision,constant_125,125.0,402,89445535,0.4238669,True,False,44710,320,1,0
collision_o2_g0_n1000000_r1,collision,constant_250,250.0,402,89445535,0.3754601,True,False,20136,779,1,0
collision_o2_g0_n1000000_r1,collision,constant_500,500.0,402,89445535,0.4763208,True,False,2715,1428,1,0
collision_o2_g0_n1000000_r1,collision,cost_model,775.1598234648103,402,89445535,0.4477674,True,False,1,1578,1,0
collision_o2_g0_n1000000_r1,collision,cost_model_x0.5,387.57991173240515,402,89445535,0.3918203,True,False,8439,1162,1,0
collision_o2_g0_n1000000_r1,collision,cost_model_x0.25,193.78995586620258,402,89445535,0.3685643,True,False,28137,591,1,0
collision_o2_g1_n1000000_r05,collision,wallclock_timing,,402,78119729,0.4108535,True,False,12355,926,7,0
collision_o2_g1_n1000000_r05,collision,constant_60,60.0,402,78119729,0.7877366,True,False,68234,219,1,0
collision_o2_g1_n1000000_r05,collision,constant_125,125.0,402,78119729,0.5595779,True,False,31906,549,1,0
collision_o2_g1_n1000000_r05,collision,constant_250,250.0,402,78119729,0.4204544,True,False,10829,961,1,0
collision_o2_g1_n1000000_r05,collision,constant_500,500.0,402,78119729,0.4197428,True,False,1,1369,1,0
collision_o2_g1_n1000000_r05,collision,cost_model,1062.8147114595884,402,78119729,0.4516299,True,False,1,1369,1,0
collision_o2_g1_n1000000_r05,collision,cost_model_x0.5,531.4073557297942,402,78119729,0.3902755,True,False,1,1369,1,0
collision_o2_g1_n1000000_r05,collision,cost_model_x0.25,265.7036778648971,402,78119729,0.3847336,True,False,9457,1002,1,0
collision_o2_g2_n1000000_r05,collision,wallclock_timing,,402,115123229,0.5747555,True,False,1094,1518,3,0
collision_o2_g2_n1000000_r05,collision,constant_60,60.0,402,115123229,1.3867322,True,False,93687,340,1,0
collision_o2_g2_n1000000_r05,collision,constant_125,125.0,402,115123229,0.8459967,True,False,41950,702,1,0
collision_o2_g2_n1000000_r05,collision,constant_250,250.0,402,115123229,0.6186035,True,False,14083,1127,1,0
collision_o2_g2_n1000000_r05,collision,constant_500,500.0,402,115123229,0.6287864,True,False,1,1563,1,0
collision_o2_g2_n1000000_r05,collision,cost_model,1163.8590874864715,402,115123229,0.5788759,True,False,1,1563,1,0
collision_o2_g2_n1000000_r05,collision,cost_model_x0.5,581.9295437432357,402,115123229,0.6461563,True,False,1,1563,1,0
collision_o2_g2_n1000000_r05,collision,cost_model_x0.25,290.96477187161787,402,115123229,0.5817748,True,False,9825,1231,1,0
dimerization_r05,dimerization,wallclock_timing,,403,7486081,0.1691192,True,False,11854,566,8,0
dimerization_r05,dimerization,constant_60,60.0,403,7486081,0.1735964,True,False,15625,0,0,0
dimerization_r05,dimerization,constant_125,125.0,403,7486081,0.1591534,True,False,15625,0,0,0
dimerization_r05,dimerization,constant_250,250.0,403,7486081,0.1484688,True,False,15625,0,0,0
dimerization_r05,dimerization,constant_500,500.0,403,7486081,0.1420562,True,False,1,2368,1,0
dimerization_r05,dimerization,cost_model,876.9217514218748,403,7486081,0.1414675,True,False,1,2368,1,0
dimerization_r05,dimerization,cost_model_x0.5,438.4608757109374,403,7486081,0.1418975,True,False,1,2368,1,0
dimerization_r05,dimerization,cost_model_x0.25,219.2304378554687,403,7486081,0.1802093,True,False,15625,0,0,0
dimerization_r1,dimerization,wallclock_timing,,403,29944326,0.380291,True,False,30981,8,8,0
dimerization_r1,dimerization,constant_60,60.0,403,29944326,0.325921,True,False,31043,0,0,0
dimerization_r1,dimerization,constant_125,125.0,403,29944326,0.3650401,True,False,31043,0,0,0
dimerization_r1,dimerization,constant_250,250.0,403,29944326,0.3743484,True,False,31043,0,0,0
dimerization_r1,dimerization,constant_500,500.0,403,29944326,0.3160136,True,False,31043,0,0,0
dimerization_r1,dimerization,cost_model,931.4985322705442,403,29944326,0.6768547,True,False,1,4736,1,0
dimerization_r1,dimerization,cost_model_x0.5,465.7492661352721,403,29944326,0.3146511,True,False,31043,0,0,0
dimerization_r1,dimerization,cost_model_x0.25,232.87463306763604,403,29944326,0.3178769,True,False,31043,0,0,0
lotka_volterra_r05,lotka_volterra,wallclock_timing,,403,179940,0.3991453,True,False,37938,2369,30,0
lotka_volterra_r05,lotka_volterra,constant_60,60.0,403,179940,0.4272188,True,False,44157,0,0,0
lotka_volterra_r05,lotka_volterra,constant_125,125.0,403,179940,0.4799322,True,False,44157,0,0,0
lotka_volterra_r05,lotka_volterra,constant_250,250.0,403,179940,0.3311148,True,False,18717,10164,7,0
lotka_volterra_r05,lotka_volterra,constant_500,500.0,403,179940,0.2267661,True,False,1,17126,1,0
lotka_volterra_r05,lotka_volterra,cost_model,727.0380042190227,403,179940,0.2232623,True,False,1,17126,1,0
lotka_volterra_r05,lotka_volterra,cost_model_x0.5,363.51900210951135,403,179940,0.2244943,True,False,1,17126,1,0
lotka_volterra_r05,lotka_volterra,cost_model_x0.25,181.75950105475567,403,179940,0.4485115,True,False,44157,0,0,0
lotka_volterra_r1,lotka_volterra,wallclock_timing,,403,719761,0.941737,True,False,58975,11389,34,0
lotka_volterra_r1,lotka_volterra,constant_60,60.0,403,719761,0.9491272,True,False,88776,0,0,0
lotka_volterra_r1,lotka_volterra,constant_125,125.0,403,719761,0.881241,True,False,88776,0,0,0
lotka_volterra_r1,lotka_volterra,constant_250,250.0,403,719761,0.9385974,True,False,88776,0,0,0
lotka_volterra_r1,lotka_volterra,constant_500,500.0,403,719761,0.9106221,True,False,37657,20343,7,0
lotka_volterra_r1,lotka_volterra,cost_model,757.789328062881,403,719761,0.8474466,True,False,1,34229,1,0
lotka_volterra_r1,lotka_volterra,cost_model_x0.5,378.8946640314405,403,719761,0.8817725,True,False,88776,0,0,0
lotka_volterra_r1,lotka_volterra,cost_model_x0.25,189.44733201572026,403,719761,0.8962646,True,False,88776,0,0,0
lotka_volterra_r2,lotka_volterra,wallclock_timing,,403,2879044,2.1435279,True,False,143833,13552,60,0
lotka_volterra_r2,lotka_volterra,constant_60,60.0,403,2879044,1.9308057,True,False,177665,0,0,0
lotka_volterra_r2,lotka_volterra,constant_125,125.0,403,2879044,1.8904363,True,False,177665,0,0,0
lotka_volterra_r2,lotka_volterra,constant_250,250.0,403,2879044,2.0090413,True,False,177665,0,0,0
lotka_volterra_r2,lotka_volterra,constant_500,500.0,403,2879044,2.2473519,True,False,177665,0,0,0
lotka_volterra_r2,lotka_volterra,cost_model,804.9996298765527,403,2879044,2.383871,True,False,150027,12321,7,0
lotka_volterra_r2,lotka_volterra,cost_model_x0.5,402.49981493827636,403,2879044,1.9814893,True,False,177665,0,0,0
lotka_volterra_r2,lotka_volterra,cost_model_x0.25,201.24990746913818,403,2879044,2.2563902,True,False,177665,0,0,0
shrinking_r05,shrinking,wallclock_timing,,403,342703,0.0159877,True,False,2396,7,4,0
shrinking_r05,shrinking,constant_60,60.0,403,342703,0.012905,True,False,1910,245,1,0
shrinking_r05,shrinking,constant_125,125.0,403,342703,0.011218,True,False,1339,516,1,0
shrinking_r05,shrinking,constant_250,250.0,403,342703,0.0085486,True,False,281,1036,1,0
shrinking_r05,shrinking,constant_500,500.0,403,342703,0.0081315,True,False,1,1173,1,0
shrinking_r05,shrinking,cost_model,544.0582811864226,403,342703,0.0085215,True,False,1,1173,1,0
shrinking_r05,shrinking,cost_model_x0.5,272.0291405932113,403,342703,0.0078506,True,False,89,1125,1,0
shrinking_r05,shrinking,cost_model_x0.25,136.01457029660565,403,342703,0.0107098,True,False,1245,562,1,0
shrinking_r1,shrinking,wallclock_timing,,403,1370812,0.0324056,True,False,4777,2,2,0
shrinking_r1,shrinking,constant_60,60.0,403,1370812,0.031246,True,False,4371,237,1,0
shrinking_r1,shrinking,constant_125,125.0,403,1370812,0.0288194,True,False,3803,508,1,0
shrinking_r1,shrinking,constant_250,250.0,403,1370812,0.0262803,True,False,2715,1028,1,0
shrinking_r1,shrinking,constant_500,500.0,403,1370812,0.0300789,True,False,582,2064,1,0
shrinking_r1,shrinking,cost_model,577.897910766499,403,1370812,0.0363736,True,False,1,2336,1,0
shrinking_r1,shrinking,cost_model_x0.5,288.9489553832495,403,1370812,0.0281238,True,False,2384,1189,1,0
shrinking_r1,shrinking,cost_model_x0.25,144.47447769162474,403,1370812,0.034235,True,False,3629,591,1,0
shrinking_r2,shrinking,wallclock_timing,,403,5483250,0.0831149,True,False,9617,4,4,0
shrinking_r2,shrinking,constant_60,60.0,403,5483250,0.0846383,True,False,9216,220,1,0
shrinking_r2,shrinking,constant_125,125.0,403,5483250,0.0704024,True,False,8666,491,1,0
shrinking_r2,shrinking,constant_250,250.0,403,5483250,0.0699958,True,False,7579,1010,1,0
shrinking_r2,shrinking,constant_500,500.0,403,5483250,0.0818206,True,False,5421,2045,1,0
shrinking_r2,shrinking,cost_model,636.0096349670639,403,5483250,0.0895682,True,False,4249,2612,1,0
shrinking_r2,shrinking,cost_model_x0.5,318.00481748353195,403,5483250,0.0756548,True,False,6988,1293,1,0
shrinking_r2,shrinking,cost_model_x0.25,159.00240874176598,403,5483250,0.0869289,True,False,8371,632,1,0
shrinking_no_b_decay_r05,shrinking,wallclock_timing,,403,1108596,0.0731081,True,False,8447,8,3,0
shrinking_no_b_decay_r05,shrinking,constant_60,60.0,403,1108596,0.0404422,True,False,3492,133,1,0
shrinking_no_b_decay_r05,shrinking,constant_125,125.0,403,1108596,0.0251723,True,False,2183,287,1,0
shrinking_no_b_decay_r05,shrinking,constant_250,250.0,403,1108596,0.0175894,True,False,596,616,1,0
shrinking_no_b_decay_r05,shrinking,constant_500,500.0,403,1108596,0.017033,True,False,1,774,1,0
shrinking_no_b_decay_r05,shrinking,cost_model,615.9818556111519,403,1108596,0.0158597,True,False,1,774,1,0
shrinking_no_b_decay_r05,shrinking,cost_model_x0.5,307.99092780557595,403,1108596,0.0171149,True,False,1,774,1,0
shrinking_no_b_decay_r05,shrinking,cost_model_x0.25,153.99546390278798,403,1108596,0.0238622,True,False,1755,360,1,0
shrinking_no_b_decay_r1,shrinking,wallclock_timing,,403,4434387,0.1090245,True,False,15821,53,9,0
shrinking_no_b_decay_r1,shrinking,constant_60,60.0,403,4434387,0.0707657,True,False,9279,131,1,0
shrinking_no_b_decay_r1,shrinking,constant_125,125.0,403,4434387,0.0556511,True,False,6907,275,1,0
shrinking_no_b_decay_r1,shrinking,constant_250,250.0,403,4434387,0.0444029,True,False,4371,571,1,0
shrinking_no_b_decay_r1,shrinking,constant_500,500.0,403,4434387,0.0444669,True,False,1163,1227,1,0
shrinking_no_b_decay_r1,shrinking,cost_model,657.5600996857365,403,4434387,0.0474411,True,False,1,1543,1,0
shrinking_no_b_decay_r1,shrinking,cost_model_x0.5,328.78004984286827,403,4434387,0.0427272,True,False,3190,768,1,0
shrinking_no_b_decay_r1,shrinking,cost_model_x0.25,164.39002492143413,403,4434387,0.0500111,True,False,5962,366,1,0
shrinking_no_b_decay_r2,shrinking,wallclock_timing,,403,17737550,0.1472661,True,False,11460,775,7,0
shrinking_no_b_decay_r2,shrinking,constant_60,60.0,403,17737550,0.2077536,True,False,22303,129,1,0
shrinking_no_b_decay_r2,shrinking,constant_125,125.0,403,17737550,0.1780709,True,False,17984,269,1,0
shrinking_no_b_decay_r2,shrinking,constant_250,250.0,403,17737550,0.1240839,True,False,13614,547,1,0
shrinking_no_b_decay_r2,shrinking,constant_500,500.0,403,17737550,0.1442518,True,False,8662,1138,1,0
shrinking_no_b_decay_r2,shrinking,cost_model,729.6023497822766,403,17737550,0.1286335,True,False,5437,1718,1,0
shrinking_no_b_decay_r2,shrinking,cost_model_x0.5,364.8011748911383,403,17737550,0.1222069,True,False,11041,813,1,0
shrinking_no_b_decay_r2,shrinking,cost_model_x0.25,182.40058744556916,403,17737550,0.1552126,True,False,15676,395,1,0
shrinking_split_b_decay_r05,shrinking,wallclock_timing,,403,298581,0.0127454,True,False,1114,553,3,0
shrinking_split_b_decay_r05,shrinking,constant_60,60.0,403,298581,0.0145787,True,False,1753,246,1,0
shrinking_split_b_decay_r05,shrinking,constant_125,125.0,403,298581,0.0128307,True,False,1206,511,1,0
shrinking_split_b_decay_r05,shrinking,constant_250,250.0,403,298581,0.0102632,True,False,124,1035,1,0
shrinking_split_b_decay_r05,shrinking,constant_500,500.0,403,298581,0.0094004,True,False,1,1096,1,0
shrinking_split_b_decay_r05,shrinking,cost_model,496.2802133398286,403,298581,0.0087147,True,False,1,1096,1,0
shrinking_split_b_decay_r05,shrinking,cost_model_x0.5,248.1401066699143,403,298581,0.0100031,True,False,141,1026,1,0
shrinking_split_b_decay_r05,shrinking,cost_model_x0.25,124.07005333495715,403,298581,0.0119208,True,False,1213,514,1,0
shrinking_split_b_decay_r1,shrinking,wallclock_timing,,403,1194326,0.0408235,True,False,4485,2,2,0
shrinking_split_b_decay_r1,shrinking,constant_60,60.0,403,1194326,0.0373523,True,False,3995,240,1,0
shrinking_split_b_decay_r1,shrinking,constant_125,125.0,403,1194326,0.0326807,True,False,3444,511,1,0
shrinking_split_b_decay_r1,shrinking,constant_250,250.0,403,1194326,0.0302717,True,False,2368,1025,1,0
shrinking_split_b_decay_r1,shrinking,constant_500,500.0,403,1194326,0.0360963,True,False,242,2063,1,0
shrinking_split_b_decay_r1,shrinking,cost_model,524.5670125279418,403,1194326,0.0382688,True,False,34,2159,1,0
shrinking_split_b_decay_r1,shrinking,cost_model_x0.5,262.2835062639709,403,1194326,0.0282677,True,False,2260,1080,1,0
shrinking_split_b_decay_r1,shrinking,cost_model_x0.25,131.14175313198544,403,1194326,0.0320199,True,False,3392,534,1,0
shrinking_split_b_decay_r2,shrinking,wallclock_timing,,403,4777304,0.0773871,True,False,9049,4,4,0
shrinking_split_b_decay_r2,shrinking,constant_60,60.0,403,4777304,0.0760651,True,False,8532,222,1,0
shrinking_split_b_decay_r2,shrinking,constant_125,125.0,403,4777304,0.0791407,True,False,7973,495,1,0
shrinking_split_b_decay_r2,shrinking,constant_250,250.0,403,4777304,0.0700439,True,False,6905,1011,1,0
shrinking_split_b_decay_r2,shrinking,constant_500,500.0,403,4777304,0.0676955,True,False,4755,2050,1,0
shrinking_split_b_decay_r2,shrinking,cost_model,572.7418683444771,403,4777304,0.0685959,True,False,4143,2354,1,0
shrinking_split_b_decay_r2,shrinking,cost_model_x0.5,286.37093417223855,403,4777304,0.0573206,True,False,6588,1164,1,0
shrinking_split_b_decay_r2,shrinking,cost_model_x0.25,143.18546708611927,403,4777304,0.0600642,True,False,7824,568,1,0
shrinking_b_decay_channels_1_r05,branch_count,wallclock_timing,,403,357951,0.0154508,True,False,2439,2,2,0
shrinking_b_decay_channels_1_r05,branch_count,constant_60,60.0,403,357951,0.0133678,True,False,1984,247,1,0
shrinking_b_decay_channels_1_r05,branch_count,constant_125,125.0,403,357951,0.0109316,True,False,1414,520,1,0
shrinking_b_decay_channels_1_r05,branch_count,constant_250,250.0,403,357951,0.0092006,True,False,347,1031,1,0
shrinking_b_decay_channels_1_r05,branch_count,constant_500,500.0,403,357951,0.0088069,True,False,1,1201,1,0
shrinking_b_decay_channels_1_r05,branch_count,cost_model,544.8928140153258,403,357951,0.0086762,True,False,1,1201,1,0
shrinking_b_decay_channels_1_r05,branch_count,cost_model_x0.5,272.4464070076629,403,357951,0.0090855,True,False,149,1127,1,0
shrinking_b_decay_channels_1_r05,branch_count,cost_model_x0.25,136.22320350383146,403,357951,0.0111732,True,False,1317,568,1,0
shrinking_b_decay_channels_1_r1,branch_count,wallclock_timing,,403,1431807,0.0314842,True,False,4903,2,2,0
shrinking_b_decay_channels_1_r1,branch_count,constant_60,60.0,403,1431807,0.0312547,True,False,4454,236,1,0
shrinking_b_decay_channels_1_r1,branch_count,constant_125,125.0,403,1431807,0.0288601,True,False,3904,502,1,0
shrinking_b_decay_channels_1_r1,branch_count,constant_250,250.0,403,1431807,0.0277011,True,False,2831,1025,1,0
shrinking_b_decay_channels_1_r1,branch_count,constant_500,500.0,403,1431807,0.0317088,True,False,682,2065,1,0
shrinking_b_decay_channels_1_r1,branch_count,cost_model,579.2665840985251,403,1431807,0.0360564,True,False,1,2382,1,0
shrinking_b_decay_channels_1_r1,branch_count,cost_model_x0.5,289.63329204926254,403,1431807,0.0260629,True,False,2495,1188,1,0
shrinking_b_decay_channels_1_r1,branch_count,cost_model_x0.25,144.81664602463127,403,1431807,0.0325148,True,False,3745,589,1,0
shrinking_b_decay_channels_1_r2,branch_count,wallclock_timing,,403,5727229,0.0817276,True,False,9853,4,4,0
shrinking_b_decay_channels_1_r2,branch_count,constant_60,60.0,403,5727229,0.0812147,True,False,9431,220,1,0
shrinking_b_decay_channels_1_r2,branch_count,constant_125,125.0,403,5727229,0.0873037,True,False,8869,492,1,0
shrinking_b_decay_channels_1_r2,branch_count,constant_250,250.0,403,5727229,0.074663,True,False,7796,1012,1,0
shrinking_b_decay_channels_1_r2,branch_count,constant_500,500.0,403,5727229,0.0760032,True,False,5658,2044,1,0
shrinking_b_decay_channels_1_r2,branch_count,cost_model,638.4465574594063,403,5727229,0.071133,True,False,4450,2624,1,0
shrinking_b_decay_channels_1_r2,branch_count,cost_model_x0.5,319.22327872970317,403,5727229,0.0597749,True,False,7207,1292,1,0
shrinking_b_decay_channels_1_r2,branch_count,cost_model_x0.25,159.61163936485158,403,5727229,0.0616224,True,False,8570,634,1,0
shrinking_b_decay_channels_2_r05,branch_count,wallclock_timing,,403,332340,0.0150478,True,False,2345,2,2,0
shrinking_b_decay_channels_2_r05,branch_count,constant_60,60.0,403,332340,0.0151546,True,False,1832,247,1,0
shrinking_b_decay_channels_2_r05,branch_count,constant_125,125.0,403,332340,0.0101864,True,False,1285,517,1,0
shrinking_b_decay_channels_2_r05,branch_count,constant_250,250.0,403,332340,0.0100646,True,False,241,1035,1,0
shrinking_b_decay_channels_2_r05,branch_count,constant_500,500.0,403,332340,0.0095199,True,False,1,1160,1,0
shrinking_b_decay_channels_2_r05,branch_count,cost_model,498.0234392861981,403,332340,0.0087225,True,False,1,1160,1,0
shrinking_b_decay_channels_2_r05,branch_count,cost_model_x0.5,249.01171964309904,403,332340,0.0094614,True,False,250,1033,1,0
shrinking_b_decay_channels_2_r05,branch_count,cost_model_x0.25,124.50585982154952,403,332340,0.0118329,True,False,1289,518,1,0
shrinking_b_decay_channels_2_r1,branch_count,wallclock_timing,,403,1329360,0.0307019,True,False,4723,2,2,0
shrinking_b_decay_channels_2_r1,branch_count,constant_60,60.0,403,1329360,0.0295923,True,False,4301,235,1,0
shrinking_b_decay_channels_2_r1,branch_count,constant_125,125.0,403,1329360,0.0287577,True,False,3712,504,1,0
shrinking_b_decay_channels_2_r1,branch_count,constant_250,250.0,403,1329360,0.0283492,True,False,2663,1028,1,0
shrinking_b_decay_channels_2_r1,branch_count,constant_500,500.0,403,1329360,0.0324905,True,False,492,2067,1,0
shrinking_b_decay_channels_2_r1,branch_count,cost_model,527.4043832284837,403,1329360,0.0334927,True,False,259,2178,1,0
shrinking_b_decay_channels_2_r1,branch_count,cost_model_x0.5,263.7021916142418,403,1329360,0.0280449,True,False,2540,1082,1,0
shrinking_b_decay_channels_2_r1,branch_count,cost_model_x0.25,131.8510958071209,403,1329360,0.0271082,True,False,3655,537,1,0
shrinking_b_decay_channels_2_r2,branch_count,wallclock_timing,,403,5317440,0.0700048,True,False,9466,4,4,0
shrinking_b_decay_channels_2_r2,branch_count,constant_60,60.0,403,5317440,0.0695223,True,False,8987,222,1,0
shrinking_b_decay_channels_2_r2,branch_count,constant_125,125.0,403,5317440,0.0709247,True,False,8444,492,1,0
shrinking_b_decay_channels_2_r2,branch_count,constant_250,250.0,403,5317440,0.0749777,True,False,7366,1013,1,0
shrinking_b_decay_channels_2_r2,branch_count,constant_500,500.0,403,5317440,0.0811764,True,False,5237,2050,1,0
shrinking_b_decay_channels_2_r2,branch_count,cost_model,577.767632966904,403,5317440,0.0836473,True,False,4598,2371,1,0
shrinking_b_decay_channels_2_r2,branch_count,cost_model_x0.5,288.883816483452,403,5317440,0.0614979,True,False,7043,1172,1,0
shrinking_b_decay_channels_2_r2,branch_count,cost_model_x0.25,144.441908241726,403,5317440,0.0604717,True,False,8285,571,1,0
shrinking_b_decay_channels_4_r05,branch_count,wallclock_timing,,403,190960,0.0127621,True,False,1773,2,2,0
shrinking_b_decay_channels_4_r05,branch_count,constant_60,60.0,403,190960,0.0093231,True,False,1286,248,1,0
shrinking_b_decay_channels_4_r05,branch_count,constant_125,125.0,403,190960,0.0080115,True,False,739,517,1,0
shrinking_b_decay_channels_4_r05,branch_count,constant_250,250.0,403,190960,0.0088373,True,False,1,879,1,0
shrinking_b_decay_channels_4_r05,branch_count,constant_500,500.0,403,190960,0.0067272,True,False,1,879,1,0
shrinking_b_decay_channels_4_r05,branch_count,cost_model,427.11375923733834,403,190960,0.0069587,True,False,1,879,1,0
shrinking_b_decay_channels_4_r05,branch_count,cost_model_x0.5,213.55687961866917,403,190960,0.0063904,True,False,1,879,1,0
shrinking_b_decay_channels_4_r05,branch_count,cost_model_x0.25,106.77843980933459,403,190960,0.007647,True,False,884,446,1,0
shrinking_b_decay_channels_4_r1,branch_count,wallclock_timing,,403,763841,0.025045,True,False,3545,2,2,0
shrinking_b_decay_channels_4_r1,branch_count,constant_60,60.0,403,763841,0.0229189,True,False,3098,244,1,0
shrinking_b_decay_channels_4_r1,branch_count,constant_125,125.0,403,763841,0.020749,True,False,2538,510,1,0
shrinking_b_decay_channels_4_r1,branch_count,constant_250,250.0,403,763841,0.0195781,True,False,1445,1031,1,0
shrinking_b_decay_channels_4_r1,branch_count,constant_500,500.0,403,763841,0.0254061,True,False,1,1747,1,0
shrinking_b_decay_channels_4_r1,branch_count,cost_model,446.6452507773898,403,763841,0.0264495,True,False,1,1747,1,0
shrinking_b_decay_channels_4_r1,branch_count,cost_model_x0.5,223.3226253886949,403,763841,0.0190501,True,False,1677,922,1,0
shrinking_b_decay_channels_4_r1,branch_count,cost_model_x0.25,111.66131269434744,403,763841,0.0222164,True,False,2651,457,1,0
shrinking_b_decay_channels_4_r2,branch_count,wallclock_timing,,403,3055364,0.0548372,True,False,3049,1975,3,0
shrinking_b_decay_channels_4_r2,branch_count,constant_60,60.0,403,3055364,0.054208,True,False,6692,228,1,0
shrinking_b_decay_channels_4_r2,branch_count,constant_125,125.0,403,3055364,0.0482959,True,False,6113,498,1,0
shrinking_b_decay_channels_4_r2,branch_count,constant_250,250.0,403,3055364,0.0525853,True,False,5051,1017,1,0
shrinking_b_decay_channels_4_r2,branch_count,constant_500,500.0,403,3055364,0.0684706,True,False,2942,2056,1,0
shrinking_b_decay_channels_4_r2,branch_count,cost_model,478.95873999982166,403,3055364,0.0657602,True,False,3123,1967,1,0
shrinking_b_decay_channels_4_r2,branch_count,cost_model_x0.5,239.47936999991083,403,3055364,0.0573953,True,False,5141,974,1,0
shrinking_b_decay_channels_4_r2,branch_count,cost_model_x0.25,119.73968499995541,403,3055364,0.0573757,True,False,6162,478,1,0
shrinking_b_decay_channels_8_r05,branch_count,wallclock_timing,,403,90594,0.0107717,True,False,1209,2,2,0
shrinking_b_decay_channels_8_r05,branch_count,constant_60,60.0,403,90594,0.0069276,True,False,729,247,1,0
shrinking_b_decay_channels_8_r05,branch_count,constant_125,125.0,403,90594,0.007261,True,False,175,522,1,0
shrinking_b_decay_channels_8_r05,branch_count,constant_250,250.0,403,90594,0.0049505,True,False,1,606,1,0
shrinking_b_decay_channels_8_r05,branch_count,constant_500,500.0,403,90594,0.0064616,True,False,1,606,1,0
shrinking_b_decay_channels_8_r05,branch_count,cost_model,349.54916218998983,403,90594,0.0052702,True,False,1,606,1,0
shrinking_b_decay_channels_8_r05,branch_count,cost_model_x0.5,174.77458109499491,403,90594,0.0061274,True,False,1,606,1,0
shrinking_b_decay_channels_8_r05,branch_count,cost_model_x0.25,87.38729054749746,403,90594,0.0059632,True,False,493,368,1,0
shrinking_b_decay_channels_8_r1,branch_count,wallclock_timing,,403,362378,0.0220774,True,False,2491,2,2,0
shrinking_b_decay_channels_8_r1,branch_count,constant_60,60.0,403,362378,0.0180263,True,False,1986,246,1,0
shrinking_b_decay_channels_8_r1,branch_count,constant_125,125.0,403,362378,0.0171705,True,False,1414,514,1,0
shrinking_b_decay_channels_8_r1,branch_count,constant_250,250.0,403,362378,0.0187925,True,False,337,1039,1,0
shrinking_b_decay_channels_8_r1,branch_count,constant_500,500.0,403,362378,0.0203647,True,False,1,1203,1,0
shrinking_b_decay_channels_8_r1,branch_count,cost_model,360.7170256521287,403,362378,0.0173947,True,False,1,1203,1,0
shrinking_b_decay_channels_8_r1,branch_count,cost_model_x0.5,180.35851282606436,403,362378,0.0131207,True,False,941,747,1,0
shrinking_b_decay_channels_8_r1,branch_count,cost_model_x0.25,90.17925641303218,403,362378,0.01435,True,False,1717,373,1,0
shrinking_b_decay_channels_8_r2,branch_count,wallclock_timing,,403,1449512,0.0425298,True,False,5003,2,2,0
shrinking_b_decay_channels_8_r2,branch_count,constant_60,60.0,403,1449512,0.0354467,True,False,4452,237,1,0
shrinking_b_decay_channels_8_r2,branch_count,constant_125,125.0,403,1449512,0.03677,True,False,3903,511,1,0
shrinking_b_decay_channels_8_r2,branch_count,constant_250,250.0,403,1449512,0.0386216,True,False,2817,1025,1,0
shrinking_b_decay_channels_8_r2,branch_count,constant_500,500.0,403,1449512,0.05938,True,False,716,2059,1,0
shrinking_b_decay_channels_8_r2,branch_count,cost_model,378.2062802764907,403,1449512,0.0440908,True,False,1726,1558,1,0
shrinking_b_decay_channels_8_r2,branch_count,cost_model_x0.5,189.10314013824535,403,1449512,0.0351676,True,False,3352,775,1,0
shrinking_b_decay_channels_8_r2,branch_count,cost_model_x0.25,94.55157006912268,403,1449512,0.0362925,True,False,4168,383,1,0
dense_support_q4_r05,dense_support,wallclock_timing,,403,27747879,0.1400867,True,False,5076,628,5,0
dense_support_q4_r05,dense_support,constant_60,60.0,403,27747879,0.2438826,True,False,28269,134,1,0
dense_support_q4_r05,dense_support,constant_125,125.0,403,27747879,0.1747337,True,False,12861,388,1,0
dense_support_q4_r05,dense_support,constant_250,250.0,403,27747879,0.1746416,True,False,2741,731,1,0
dense_support_q4_r05,dense_support,constant_500,500.0,403,27747879,0.1715545,True,False,1,880,1,0
dense_support_q4_r05,dense_support,cost_model,733.9299421413416,403,27747879,0.1690364,True,False,1,880,1,0
dense_support_q4_r05,dense_support,cost_model_x0.5,366.9649710706708,403,27747879,0.1668922,True,False,1,880,1,0
dense_support_q4_r05,dense_support,cost_model_x0.25,183.4824855353354,403,27747879,0.1352494,True,False,6796,563,1,0
dense_support_q4_r1,dense_support,wallclock_timing,,403,110991516,0.4534853,True,False,17108,1014,9,0
dense_support_q4_r1,dense_support,constant_60,60.0,403,110991516,0.781618,True,False,87172,0,0,0
dense_support_q4_r1,dense_support,constant_125,125.0,403,110991516,0.5069151,True,False,54472,291,1,0
dense_support_q4_r1,dense_support,constant_250,250.0,403,110991516,0.5208141,True,False,25827,775,1,0
dense_support_q4_r1,dense_support,constant_500,500.0,403,110991516,0.5279435,True,False,5451,1460,1,0
dense_support_q4_r1,dense_support,cost_model,784.9494027582399,403,110991516,0.6713348,True,False,1,1757,1,0
dense_support_q4_r1,dense_support,cost_model_x0.5,392.47470137911995,403,110991516,0.5480151,True,False,11769,1194,1,0
dense_support_q4_r1,dense_support,cost_model_x0.25,196.23735068955997,403,110991516,0.4565289,True,False,34732,587,1,0
dense_support_q6_r05,dense_support,wallclock_timing,,403,16382894,0.1536759,True,False,475,648,3,0
dense_support_q6_r05,dense_support,constant_60,60.0,403,16382894,0.2087946,True,False,16929,165,1,0
dense_support_q6_r05,dense_support,constant_125,125.0,403,16382894,0.1620215,True,False,6562,388,1,0
dense_support_q6_r05,dense_support,constant_250,250.0,403,16382894,0.1655441,True,False,1,677,1,0
dense_support_q6_r05,dense_support,constant_500,500.0,403,16382894,0.1634233,True,False,1,677,1,0
dense_support_q6_r05,dense_support,cost_model,501.4841754008458,403,16382894,0.1693171,True,False,1,677,1,0
dense_support_q6_r05,dense_support,cost_model_x0.5,250.7420877004229,403,16382894,0.162131,True,False,1,677,1,0
dense_support_q6_r05,dense_support,cost_model_x0.25,125.37104385021145,403,16382894,0.1551351,True,False,6521,389,1,0
dense_support_q6_r1,dense_support,wallclock_timing,,403,65531576,0.5298579,True,False,12636,794,5,0
dense_support_q6_r1,dense_support,constant_60,60.0,403,65531576,0.655189,True,False,61915,36,1,0
dense_support_q6_r1,dense_support,constant_125,125.0,403,65531576,0.4287435,True,False,32605,350,1,0
dense_support_q6_r1,dense_support,constant_250,250.0,403,65531576,0.4959142,True,False,13205,775,1,0
dense_support_q6_r1,dense_support,constant_500,500.0,403,65531576,0.6483939,True,False,1,1351,1,0
dense_support_q6_r1,dense_support,cost_model,525.8795973198837,403,65531576,0.5512661,True,False,1,1351,1,0
dense_support_q6_r1,dense_support,cost_model_x0.5,262.93979865994186,403,65531576,0.495543,True,False,12043,812,1,0
dense_support_q6_r1,dense_support,cost_model_x0.25,131.46989932997093,403,65531576,0.4872382,True,False,30925,377,1,0
dense_support_q8_r05,dense_support,wallclock_timing,,403,7615247,0.1818301,True,False,17159,51,11,0
dense_support_q8_r05,dense_support,constant_60,60.0,403,7615247,0.117227,True,False,7506,185,1,0
dense_support_q8_r05,dense_support,constant_125,125.0,403,7615247,0.1027323,True,False,1751,369,1,0
dense_support_q8_r05,dense_support,constant_250,250.0,403,7615247,0.1090749,True,False,1,462,1,0
dense_support_q8_r05,dense_support,constant_500,500.0,403,7615247,0.1212515,True,False,1,462,1,0
dense_support_q8_r05,dense_support,cost_model,362.75548127430085,403,7615247,0.1229897,True,False,1,462,1,0
dense_support_q8_r05,dense_support,cost_model_x0.5,181.37774063715042,403,7615247,0.1331178,True,False,1,462,1,0
dense_support_q8_r05,dense_support,cost_model_x0.25,90.68887031857521,403,7615247,0.1223323,True,False,4013,281,1,0
dense_support_q8_r1,dense_support,wallclock_timing,,403,30460991,0.3933416,True,False,19963,278,7,0
dense_support_q8_r1,dense_support,constant_60,60.0,403,30460991,0.4403127,True,False,30830,127,1,0
dense_support_q8_r1,dense_support,constant_125,125.0,403,30460991,0.3813785,True,False,14319,387,1,0
dense_support_q8_r1,dense_support,constant_250,250.0,403,30460991,0.3995876,True,False,3483,738,1,0
dense_support_q8_r1,dense_support,constant_500,500.0,403,30460991,0.4390596,True,False,1,922,1,0
dense_support_q8_r1,dense_support,cost_model,374.37645032354044,403,30460991,0.4843563,True,False,1,922,1,0
dense_support_q8_r1,dense_support,cost_model_x0.5,187.18822516177022,403,30460991,0.3440135,True,False,7520,576,1,0
dense_support_q8_r1,dense_support,cost_model_x0.25,93.59411258088511,403,30460991,0.3706314,True,False,20120,273,1,0
dense_support_q8_r2,dense_support,wallclock_timing,,403,121843964,1.0428951,True,False,38180,586,11,0
dense_support_q8_r2,dense_support,constant_60,60.0,403,121843964,1.1752189,True,False,91372,0,0,0
dense_support_q8_r2,dense_support,constant_125,125.0,403,121843964,1.0872898,True,False,59567,277,1,0
dense_support_q8_r2,dense_support,constant_250,250.0,403,121843964,1.2367408,True,False,28749,772,1,0
dense_support_q8_r2,dense_support,constant_500,500.0,403,121843964,1.8497909,True,False,6935,1473,1,0
dense_support_q8_r2,dense_support,cost_model,392.9554258679335,403,121843964,1.7073646,True,False,13697,1202,1,0
dense_support_q8_r2,dense_support,cost_model_x0.5,196.47771293396676,403,121843964,1.233141,True,False,38267,580,1,0
dense_support_q8_r2,dense_support,cost_model_x0.25,98.23885646698338,403,121843964,1.0916972,True,False,73171,141,1,0
dense_support_q12_r05,dense_support,wallclock_timing,,403,4302608,0.1522207,True,False,4751,161,3,0
dense_support_q12_r05,dense_support,constant_60,60.0,403,4302608,0.1524276,True,False,3779,187,1,0
dense_support_q12_r05,dense_support,constant_125,125.0,403,4302608,0.1543013,True,False,3,347,1,0
dense_support_q12_r05,dense_support,constant_250,250.0,403,4302608,0.1535111,True,False,1,348,1,0
dense_support_q12_r05,dense_support,constant_500,500.0,403,4302608,0.1550684,True,False,1,348,1,0
dense_support_q12_r05,dense_support,cost_model,237.1021813958432,403,4302608,0.1605509,True,False,1,348,1,0
dense_support_q12_r05,dense_support,cost_model_x0.5,118.5510906979216,403,4302608,0.1602282,True,False,224,334,1,0
dense_support_q12_r05,dense_support,cost_model_x0.25,59.2755453489608,403,4302608,0.1573687,True,False,3853,185,1,0
dense_support_q12_r1,dense_support,wallclock_timing,,403,17210432,0.4431685,True,False,16416,186,5,0
dense_support_q12_r1,dense_support,constant_60,60.0,403,17210432,0.3993768,True,False,17773,163,1,0
dense_support_q12_r1,dense_support,constant_125,125.0,403,17210432,0.4247468,True,False,7034,389,1,0
dense_support_q12_r1,dense_support,constant_250,250.0,403,17210432,0.5846517,True,False,6,693,1,0
dense_support_q12_r1,dense_support,constant_500,500.0,403,17210432,0.5938413,True,False,1,693,1,0
dense_support_q12_r1,dense_support,cost_model,241.64168573212487,403,17210432,0.5580657,True,False,298,675,1,0
dense_support_q12_r1,dense_support,cost_model_x0.5,120.82084286606243,403,17210432,0.4192633,True,False,7449,376,1,0
dense_support_q12_r1,dense_support,cost_model_x0.25,60.41042143303122,403,17210432,0.4121221,True,False,17651,165,1,0
dense_support_q12_r2,dense_support,wallclock_timing,,403,68841729,1.1086382,True,False,49792,160,15,0
dense_support_q12_r2,dense_support,constant_60,60.0,403,68841729,1.1786246,True,False,64724,27,1,0
dense_support_q12_r2,dense_support,constant_125,125.0,403,68841729,1.1650556,True,False,34231,346,1,0
dense_support_q12_r2,dense_support,constant_250,250.0,403,68841729,1.7443707,True,False,14143,776,1,0
dense_support_q12_r2,dense_support,constant_500,500.0,403,68841729,2.3508101,True,False,12,1384,1,0
dense_support_q12_r2,dense_support,cost_model,248.58105693558042,403,68841729,1.5260662,True,False,14275,772,1,0
dense_support_q12_r2,dense_support,cost_model_x0.5,124.29052846779021,403,68841729,1.2034388,True,False,34435,343,1,0
dense_support_q12_r2,dense_support,cost_model_x0.25,62.145264233895105,403,68841729,1.2509386,True,False,62988,40,1,0
collision_o2_g0_n1000000_r05,collision,wallclock_timing,,403,22361383,0.1551631,True,False,4763,560,7,0
collision_o2_g0_n1000000_r05,collision,constant_60,60.0,403,22361383,0.2255885,True,False,23020,149,1,0
collision_o2_g0_n1000000_r05,collision,constant_125,125.0,403,22361383,0.1579745,True,False,9898,390,1,0
collision_o2_g0_n1000000_r05,collision,constant_250,250.0,403,22361383,0.1525272,True,False,1313,715,1,0
collision_o2_g0_n1000000_r05,collision,constant_500,500.0,403,22361383,0.1219138,True,False,1,790,1,0
collision_o2_g0_n1000000_r05,collision,cost_model,728.0031665684888,403,22361383,0.111325,True,False,1,790,1,0
collision_o2_g0_n1000000_r05,collision,cost_model_x0.5,364.0015832842444,403,22361383,0.116681,True,False,1,790,1,0
collision_o2_g0_n1000000_r05,collision,cost_model_x0.25,182.0007916421222,403,22361383,0.1153023,True,False,4868,552,1,0
collision_o2_g0_n1000000_r1,collision,wallclock_timing,,403,89445535,0.4296724,True,False,16846,865,7,0
collision_o2_g0_n1000000_r1,collision,constant_60,60.0,403,89445535,0.6059986,True,False,78238,0,0,0
collision_o2_g0_n1000000_r1,collision,constant_125,125.0,403,89445535,0.4646438,True,False,44299,320,1,0
collision_o2_g0_n1000000_r1,collision,constant_250,250.0,403,89445535,0.4504109,True,False,19860,778,1,0
collision_o2_g0_n1000000_r1,collision,constant_500,500.0,403,89445535,0.5887123,True,False,2639,1427,1,0
collision_o2_g0_n1000000_r1,collision,cost_model,775.1598234648103,403,89445535,0.5792633,True,False,1,1578,1,0
collision_o2_g0_n1000000_r1,collision,cost_model_x0.5,387.57991173240515,403,89445535,0.4176538,True,False,8250,1162,1,0
collision_o2_g0_n1000000_r1,collision,cost_model_x0.25,193.78995586620258,403,89445535,0.4213664,True,False,27916,591,1,0
collision_o2_g1_n1000000_r05,collision,wallclock_timing,,403,78119729,0.4929991,True,False,8976,1019,7,0
collision_o2_g1_n1000000_r05,collision,constant_60,60.0,403,78119729,0.9646556,True,False,67947,219,1,0
collision_o2_g1_n1000000_r05,collision,constant_125,125.0,403,78119729,0.5705739,True,False,31697,550,1,0
collision_o2_g1_n1000000_r05,collision,constant_250,250.0,403,78119729,0.3961116,True,False,10610,961,1,0
collision_o2_g1_n1000000_r05,collision,constant_500,500.0,403,78119729,0.4010077,True,False,1,1369,1,0
collision_o2_g1_n1000000_r05,collision,cost_model,1062.8147114595884,403,78119729,0.4773413,True,False,1,1369,1,0
collision_o2_g1_n1000000_r05,collision,cost_model_x0.5,531.4073557297942,403,78119729,0.4039526,True,False,1,1369,1,0
collision_o2_g1_n1000000_r05,collision,cost_model_x0.25,265.7036778648971,403,78119729,0.4510921,True,False,9263,1002,1,0
collision_o2_g2_n1000000_r05,collision,wallclock_timing,,403,115123229,0.6218821,True,False,2095,1483,7,0
collision_o2_g2_n1000000_r05,collision,constant_60,60.0,403,115123229,1.3406477,True,False,93393,340,1,0
collision_o2_g2_n1000000_r05,collision,constant_125,125.0,403,115123229,0.8214945,True,False,41632,702,1,0
collision_o2_g2_n1000000_r05,collision,constant_250,250.0,403,115123229,0.6465063,True,False,13869,1127,1,0
collision_o2_g2_n1000000_r05,collision,constant_500,500.0,403,115123229,0.6135183,True,False,1,1563,1,0
collision_o2_g2_n1000000_r05,collision,cost_model,1163.8590874864715,403,115123229,0.6194248,True,False,1,1563,1,0
collision_o2_g2_n1000000_r05,collision,cost_model_x0.5,581.9295437432357,403,115123229,0.5846882,True,False,1,1563,1,0
collision_o2_g2_n1000000_r05,collision,cost_model_x0.25,290.96477187161787,403,115123229,0.5787074,True,False,9615,1231,1,0
dimerization_r05,dimerization,wallclock_timing,,404,7486081,0.1444555,True,False,7066,1342,5,0
dimerization_r05,dimerization,constant_60,60.0,404,7486081,0.1558566,True,False,15595,0,0,0
dimerization_r05,dimerization,constant_125,125.0,404,7486081,0.160319,True,False,15595,0,0,0
dimerization_r05,dimerization,constant_250,250.0,404,7486081,0.1623636,True,False,15595,0,0,0
dimerization_r05,dimerization,constant_500,500.0,404,7486081,0.1496242,True,False,1,2369,1,0
dimerization_r05,dimerization,cost_model,876.9217514218748,404,7486081,0.1427982,True,False,1,2369,1,0
dimerization_r05,dimerization,cost_model_x0.5,438.4608757109374,404,7486081,0.1638515,True,False,1,2369,1,0
dimerization_r05,dimerization,cost_model_x0.25,219.2304378554687,404,7486081,0.1803046,True,False,15595,0,0,0
dimerization_r1,dimerization,wallclock_timing,,404,29944326,0.3960586,True,False,23274,1252,11,0
dimerization_r1,dimerization,constant_60,60.0,404,29944326,0.3317784,True,False,31280,0,0,0
dimerization_r1,dimerization,constant_125,125.0,404,29944326,0.3634941,True,False,31280,0,0,0
dimerization_r1,dimerization,constant_250,250.0,404,29944326,0.328554,True,False,31280,0,0,0
dimerization_r1,dimerization,constant_500,500.0,404,29944326,0.3205148,True,False,31280,0,0,0
dimerization_r1,dimerization,cost_model,931.4985322705442,404,29944326,0.5741596,True,False,1,4736,1,0
dimerization_r1,dimerization,cost_model_x0.5,465.7492661352721,404,29944326,0.3199808,True,False,31280,0,0,0
dimerization_r1,dimerization,cost_model_x0.25,232.87463306763604,404,29944326,0.3521701,True,False,31280,0,0,0
lotka_volterra_r05,lotka_volterra,wallclock_timing,,404,179940,0.2619772,True,False,13121,12227,39,0
lotka_volterra_r05,lotka_volterra,constant_60,60.0,404,179940,0.4161872,True,False,44490,0,0,0
lotka_volterra_r05,lotka_volterra,constant_125,125.0,404,179940,0.4187187,True,False,44490,0,0,0
lotka_volterra_r05,lotka_volterra,constant_250,250.0,404,179940,0.2970381,True,False,18911,10189,7,0
lotka_volterra_r05,lotka_volterra,constant_500,500.0,404,179940,0.2170128,True,False,1,17099,1,0
lotka_volterra_r05,lotka_volterra,cost_model,727.0380042190227,404,179940,0.2317929,True,False,1,17099,1,0
lotka_volterra_r05,lotka_volterra,cost_model_x0.5,363.51900210951135,404,179940,0.2268613,True,False,1,17099,1,0
lotka_volterra_r05,lotka_volterra,cost_model_x0.25,181.75950105475567,404,179940,0.4364703,True,False,44490,0,0,0
lotka_volterra_r1,lotka_volterra,wallclock_timing,,404,719761,0.9221922,True,False,79451,3466,38,0
lotka_volterra_r1,lotka_volterra,constant_60,60.0,404,719761,0.9081987,True,False,89086,0,0,0
lotka_volterra_r1,lotka_volterra,constant_125,125.0,404,719761,0.8842142,True,False,89086,0,0,0
lotka_volterra_r1,lotka_volterra,constant_250,250.0,404,719761,0.8779608,True,False,89086,0,0,0
lotka_volterra_r1,lotka_volterra,constant_500,500.0,404,719761,0.8526707,True,False,37953,20345,7,0
lotka_volterra_r1,lotka_volterra,cost_model,757.789328062881,404,719761,0.7927711,True,False,1,34211,1,0
lotka_volterra_r1,lotka_volterra,cost_model_x0.5,378.8946640314405,404,719761,0.8432581,True,False,89086,0,0,0
lotka_volterra_r1,lotka_volterra,cost_model_x0.25,189.44733201572026,404,719761,0.932551,True,False,89086,0,0,0
lotka_volterra_r2,lotka_volterra,wallclock_timing,,404,2879044,2.0033582,True,False,164996,5330,59,0
lotka_volterra_r2,lotka_volterra,constant_60,60.0,404,2879044,1.988623,True,False,178058,0,0,0
lotka_volterra_r2,lotka_volterra,constant_125,125.0,404,2879044,1.9017638,True,False,178058,0,0,0
lotka_volterra_r2,lotka_volterra,constant_250,250.0,404,2879044,1.8345079,True,False,178058,0,0,0
lotka_volterra_r2,lotka_volterra,constant_500,500.0,404,2879044,1.9133365,True,False,178058,0,0,0
lotka_volterra_r2,lotka_volterra,cost_model,804.9996298765527,404,2879044,1.9815951,True,False,150396,12271,7,0
lotka_volterra_r2,lotka_volterra,cost_model_x0.5,402.49981493827636,404,2879044,1.9119663,True,False,178058,0,0,0
lotka_volterra_r2,lotka_volterra,cost_model_x0.25,201.24990746913818,404,2879044,1.8882036,True,False,178058,0,0,0
shrinking_r05,shrinking,wallclock_timing,,404,342703,0.0155813,True,False,2347,2,2,0
shrinking_r05,shrinking,constant_60,60.0,404,342703,0.0137943,True,False,1918,246,1,0
shrinking_r05,shrinking,constant_125,125.0,404,342703,0.0112884,True,False,1358,519,1,0
shrinking_r05,shrinking,constant_250,250.0,404,342703,0.0094515,True,False,269,1037,1,0
shrinking_r05,shrinking,constant_500,500.0,404,342703,0.0089346,True,False,1,1170,1,0
shrinking_r05,shrinking,cost_model,544.0582811864226,404,342703,0.008872,True,False,1,1170,1,0
shrinking_r05,shrinking,cost_model_x0.5,272.0291405932113,404,342703,0.0086645,True,False,93,1120,1,0
shrinking_r05,shrinking,cost_model_x0.25,136.01457029660565,404,342703,0.0111845,True,False,1255,566,1,0
shrinking_r1,shrinking,wallclock_timing,,404,1370812,0.0355126,True,False,4840,2,2,0
shrinking_r1,shrinking,constant_60,60.0,404,1370812,0.0329678,True,False,4355,233,1,0
shrinking_r1,shrinking,constant_125,125.0,404,1370812,0.0299585,True,False,3805,511,1,0
shrinking_r1,shrinking,constant_250,250.0,404,1370812,0.0274189,True,False,2716,1029,1,0
shrinking_r1,shrinking,constant_500,500.0,404,1370812,0.0311279,True,False,543,2067,1,0
shrinking_r1,shrinking,cost_model,577.897910766499,404,1370812,0.03357,True,False,1,2334,1,0
shrinking_r1,shrinking,cost_model_x0.5,288.9489553832495,404,1370812,0.0271045,True,False,2367,1190,1,0
shrinking_r1,shrinking,cost_model_x0.25,144.47447769162474,404,1370812,0.0294862,True,False,3647,588,1,0
shrinking_r2,shrinking,wallclock_timing,,404,5483250,0.0699314,True,False,9621,4,4,0
shrinking_r2,shrinking,constant_60,60.0,404,5483250,0.0687167,True,False,9174,222,1,0
shrinking_r2,shrinking,constant_125,125.0,404,5483250,0.0686139,True,False,8618,492,1,0
shrinking_r2,shrinking,constant_250,250.0,404,5483250,0.0639631,True,False,7541,1010,1,0
shrinking_r2,shrinking,constant_500,500.0,404,5483250,0.0662686,True,False,5407,2047,1,0
shrinking_r2,shrinking,cost_model,636.0096349670639,404,5483250,0.0616741,True,False,4237,2613,1,0
shrinking_r2,shrinking,cost_model_x0.5,318.00481748353195,404,5483250,0.0561333,True,False,6945,1295,1,0
shrinking_r2,shrinking,cost_model_x0.25,159.00240874176598,404,5483250,0.0551939,True,False,8316,632,1,0
shrinking_no_b_decay_r05,shrinking,wallclock_timing,,404,1108596,0.0232582,True,False,3590,128,3,0
shrinking_no_b_decay_r05,shrinking,constant_60,60.0,404,1108596,0.0223423,True,False,3464,134,1,0
shrinking_no_b_decay_r05,shrinking,constant_125,125.0,404,1108596,0.0166628,True,False,2151,286,1,0
shrinking_no_b_decay_r05,shrinking,constant_250,250.0,404,1108596,0.0120454,True,False,560,616,1,0
shrinking_no_b_decay_r05,shrinking,constant_500,500.0,404,1108596,0.0111757,True,False,1,774,1,0
shrinking_no_b_decay_r05,shrinking,cost_model,615.9818556111519,404,1108596,0.0104664,True,False,1,774,1,0
shrinking_no_b_decay_r05,shrinking,cost_model_x0.5,307.99092780557595,404,1108596,0.0112925,True,False,1,774,1,0
shrinking_no_b_decay_r05,shrinking,cost_model_x0.25,153.99546390278798,404,1108596,0.0152229,True,False,1716,359,1,0
shrinking_no_b_decay_r1,shrinking,wallclock_timing,,404,4434387,0.0573875,True,False,8814,149,5,0
shrinking_no_b_decay_r1,shrinking,constant_60,60.0,404,4434387,0.060298,True,False,9185,131,1,0
shrinking_no_b_decay_r1,shrinking,constant_125,125.0,404,4434387,0.0503055,True,False,6842,274,1,0
shrinking_no_b_decay_r1,shrinking,constant_250,250.0,404,4434387,0.0439368,True,False,4342,571,1,0
shrinking_no_b_decay_r1,shrinking,constant_500,500.0,404,4434387,0.0446576,True,False,1144,1228,1,0
shrinking_no_b_decay_r1,shrinking,cost_model,657.5600996857365,404,4434387,0.0485429,True,False,1,1542,1,0
shrinking_no_b_decay_r1,shrinking,cost_model_x0.5,328.78004984286827,404,4434387,0.0446503,True,False,3178,768,1,0
shrinking_no_b_decay_r1,shrinking,cost_model_x0.25,164.39002492143413,404,4434387,0.0554171,True,False,5917,367,1,0
shrinking_no_b_decay_r2,shrinking,wallclock_timing,,404,17737550,0.1439802,True,False,16794,334,7,0
shrinking_no_b_decay_r2,shrinking,constant_60,60.0,404,17737550,0.1745107,True,False,22586,129,1,0
shrinking_no_b_decay_r2,shrinking,constant_125,125.0,404,17737550,0.1520058,True,False,18190,269,1,0
shrinking_no_b_decay_r2,shrinking,constant_250,250.0,404,17737550,0.1346355,True,False,13740,547,1,0
shrinking_no_b_decay_r2,shrinking,constant_500,500.0,404,17737550,0.1288673,True,False,8681,1138,1,0
shrinking_no_b_decay_r2,shrinking,cost_model,729.6023497822766,404,17737550,0.1435157,True,False,5450,1719,1,0
shrinking_no_b_decay_r2,shrinking,cost_model_x0.5,364.8011748911383,404,17737550,0.1299823,True,False,11101,812,1,0
shrinking_no_b_decay_r2,shrinking,cost_model_x0.25,182.40058744556916,404,17737550,0.1426233,True,False,15840,395,1,0
shrinking_split_b_decay_r05,shrinking,wallclock_timing,,404,298581,0.0156346,True,False,2257,2,2,0
shrinking_split_b_decay_r05,shrinking,constant_60,60.0,404,298581,0.0132382,True,False,1797,245,1,0
shrinking_split_b_decay_r05,shrinking,constant_125,125.0,404,298581,0.0112513,True,False,1221,514,1,0
shrinking_split_b_decay_r05,shrinking,constant_250,250.0,404,298581,0.0093203,True,False,128,1035,1,0
shrinking_split_b_decay_r05,shrinking,constant_500,500.0,404,298581,0.0086655,True,False,1,1094,1,0
shrinking_split_b_decay_r05,shrinking,cost_model,496.2802133398286,404,298581,0.0089204,True,False,1,1094,1,0
shrinking_split_b_decay_r05,shrinking,cost_model_x0.5,248.1401066699143,404,298581,0.0085958,True,False,143,1031,1,0
shrinking_split_b_decay_r05,shrinking,cost_model_x0.25,124.07005333495715,404,298581,0.0093367,True,False,1231,513,1,0
shrinking_split_b_decay_r1,shrinking,wallclock_timing,,404,1194326,0.0273225,True,False,4555,2,2,0
shrinking_split_b_decay_r1,shrinking,constant_60,60.0,404,1194326,0.0249747,True,False,4023,237,1,0
shrinking_split_b_decay_r1,shrinking,constant_125,125.0,404,1194326,0.0253828,True,False,3473,511,1,0
shrinking_split_b_decay_r1,shrinking,constant_250,250.0,404,1194326,0.0217268,True,False,2410,1031,1,0
shrinking_split_b_decay_r1,shrinking,constant_500,500.0,404,1194326,0.0268986,True,False,247,2062,1,0
shrinking_split_b_decay_r1,shrinking,cost_model,524.5670125279418,404,1194326,0.029036,True,False,36,2162,1,0
shrinking_split_b_decay_r1,shrinking,cost_model_x0.5,262.2835062639709,404,1194326,0.0224117,True,False,2304,1080,1,0
shrinking_split_b_decay_r1,shrinking,cost_model_x0.25,131.14175313198544,404,1194326,0.0234057,True,False,3419,535,1,0
shrinking_split_b_decay_r2,shrinking,wallclock_timing,,404,4777304,0.0576702,True,False,9026,4,4,0
shrinking_split_b_decay_r2,shrinking,constant_60,60.0,404,4777304,0.0550227,True,False,8531,223,1,0
shrinking_split_b_decay_r2,shrinking,constant_125,125.0,404,4777304,0.0536495,True,False,7977,496,1,0
shrinking_split_b_decay_r2,shrinking,constant_250,250.0,404,4777304,0.0515761,True,False,6899,1014,1,0
shrinking_split_b_decay_r2,shrinking,constant_500,500.0,404,4777304,0.0592732,True,False,4792,2051,1,0
shrinking_split_b_decay_r2,shrinking,cost_model,572.7418683444771,404,4777304,0.0670191,True,False,4151,2348,1,0
shrinking_split_b_decay_r2,shrinking,cost_model_x0.5,286.37093417223855,404,4777304,0.0618183,True,False,6589,1165,1,0
shrinking_split_b_decay_r2,shrinking,cost_model_x0.25,143.18546708611927,404,4777304,0.0611257,True,False,7825,566,1,0
shrinking_b_decay_channels_1_r05,branch_count,wallclock_timing,,404,357951,0.0166118,True,False,2457,2,2,0
shrinking_b_decay_channels_1_r05,branch_count,constant_60,60.0,404,357951,0.0135279,True,False,1946,248,1,0
shrinking_b_decay_channels_1_r05,branch_count,constant_125,125.0,404,357951,0.0117495,True,False,1399,518,1,0
shrinking_b_decay_channels_1_r05,branch_count,constant_250,250.0,404,357951,0.0116082,True,False,333,1036,1,0
shrinking_b_decay_channels_1_r05,branch_count,constant_500,500.0,404,357951,0.0091917,True,False,1,1197,1,0
shrinking_b_decay_channels_1_r05,branch_count,cost_model,544.8928140153258,404,357951,0.009686,True,False,1,1197,1,0
shrinking_b_decay_channels_1_r05,branch_count,cost_model_x0.5,272.4464070076629,404,357951,0.0085423,True,False,143,1126,1,0
shrinking_b_decay_channels_1_r05,branch_count,cost_model_x0.25,136.22320350383146,404,357951,0.0117154,True,False,1294,564,1,0
shrinking_b_decay_channels_1_r1,branch_count,wallclock_timing,,404,1431807,0.0341781,True,False,4939,2,2,0
shrinking_b_decay_channels_1_r1,branch_count,constant_60,60.0,404,1431807,0.0326885,True,False,4450,239,1,0
shrinking_b_decay_channels_1_r1,branch_count,constant_125,125.0,404,1431807,0.0312018,True,False,3900,508,1,0
shrinking_b_decay_channels_1_r1,branch_count,constant_250,250.0,404,1431807,0.029635,True,False,2831,1027,1,0
shrinking_b_decay_channels_1_r1,branch_count,constant_500,500.0,404,1431807,0.0326715,True,False,666,2061,1,0
shrinking_b_decay_channels_1_r1,branch_count,cost_model,579.2665840985251,404,1431807,0.0368419,True,False,1,2387,1,0
shrinking_b_decay_channels_1_r1,branch_count,cost_model_x0.5,289.63329204926254,404,1431807,0.0270946,True,False,2475,1192,1,0
shrinking_b_decay_channels_1_r1,branch_count,cost_model_x0.25,144.81664602463127,404,1431807,0.0293385,True,False,3718,591,1,0
shrinking_b_decay_channels_1_r2,branch_count,wallclock_timing,,404,5727229,0.0738269,True,False,9841,4,4,0
shrinking_b_decay_channels_1_r2,branch_count,constant_60,60.0,404,5727229,0.0712179,True,False,9445,220,1,0
shrinking_b_decay_channels_1_r2,branch_count,constant_125,125.0,404,5727229,0.0680018,True,False,8862,491,1,0
shrinking_b_decay_channels_1_r2,branch_count,constant_250,250.0,404,5727229,0.0662003,True,False,7797,1006,1,0
shrinking_b_decay_channels_1_r2,branch_count,constant_500,500.0,404,5727229,0.0701207,True,False,5637,2048,1,0
shrinking_b_decay_channels_1_r2,branch_count,cost_model,638.4465574594063,404,5727229,0.0772432,True,False,4426,2619,1,0
shrinking_b_decay_channels_1_r2,branch_count,cost_model_x0.5,319.22327872970317,404,5727229,0.0661278,True,False,7190,1302,1,0
shrinking_b_decay_channels_1_r2,branch_count,cost_model_x0.25,159.61163936485158,404,5727229,0.0670747,True,False,8566,632,1,0
shrinking_b_decay_channels_2_r05,branch_count,wallclock_timing,,404,332340,0.0162162,True,False,2379,2,2,0
shrinking_b_decay_channels_2_r05,branch_count,constant_60,60.0,404,332340,0.013944,True,False,1894,246,1,0
shrinking_b_decay_channels_2_r05,branch_count,constant_125,125.0,404,332340,0.0129379,True,False,1330,520,1,0
shrinking_b_decay_channels_2_r05,branch_count,constant_250,250.0,404,332340,0.0103063,True,False,246,1035,1,0
shrinking_b_decay_channels_2_r05,branch_count,constant_500,500.0,404,332340,0.0107266,True,False,1,1153,1,0
shrinking_b_decay_channels_2_r05,branch_count,cost_model,498.0234392861981,404,332340,0.0095304,True,False,1,1153,1,0
shrinking_b_decay_channels_2_r05,branch_count,cost_model_x0.5,249.01171964309904,404,332340,0.01024,True,False,252,1027,1,0
shrinking_b_decay_channels_2_r05,branch_count,cost_model_x0.25,124.50585982154952,404,332340,0.0123281,True,False,1337,511,1,0
shrinking_b_decay_channels_2_r1,branch_count,wallclock_timing,,404,1329360,0.0354099,True,False,4810,2,2,0
shrinking_b_decay_channels_2_r1,branch_count,constant_60,60.0,404,1329360,0.0328484,True,False,4305,237,1,0
shrinking_b_decay_channels_2_r1,branch_count,constant_125,125.0,404,1329360,0.0300442,True,False,3720,509,1,0
shrinking_b_decay_channels_2_r1,branch_count,constant_250,250.0,404,1329360,0.0282302,True,False,2639,1026,1,0
shrinking_b_decay_channels_2_r1,branch_count,constant_500,500.0,404,1329360,0.0354589,True,False,497,2060,1,0
shrinking_b_decay_channels_2_r1,branch_count,cost_model,527.4043832284837,404,1329360,0.0358132,True,False,259,2175,1,0
shrinking_b_decay_channels_2_r1,branch_count,cost_model_x0.5,263.7021916142418,404,1329360,0.0272986,True,False,2518,1084,1,0
shrinking_b_decay_channels_2_r1,branch_count,cost_model_x0.25,131.8510958071209,404,1329360,0.0298478,True,False,3662,535,1,0
shrinking_b_decay_channels_2_r2,branch_count,wallclock_timing,,404,5317440,0.072519,True,False,9569,4,4,0
shrinking_b_decay_channels_2_r2,branch_count,constant_60,60.0,404,5317440,0.0694933,True,False,9117,220,1,0
shrinking_b_decay_channels_2_r2,branch_count,constant_125,125.0,404,5317440,0.0605927,True,False,8545,490,1,0
shrinking_b_decay_channels_2_r2,branch_count,constant_250,250.0,404,5317440,0.0553623,True,False,7474,1008,1,0
shrinking_b_decay_channels_2_r2,branch_count,constant_500,500.0,404,5317440,0.0613744,True,False,5324,2048,1,0
shrinking_b_decay_channels_2_r2,branch_count,cost_model,577.767632966904,404,5317440,0.0662726,True,False,4670,2372,1,0
shrinking_b_decay_channels_2_r2,branch_count,cost_model_x0.5,288.883816483452,404,5317440,0.0557965,True,False,7154,1174,1,0
shrinking_b_decay_channels_2_r2,branch_count,cost_model_x0.25,144.441908241726,404,5317440,0.0576623,True,False,8393,572,1,0
shrinking_b_decay_channels_4_r05,branch_count,wallclock_timing,,404,190960,0.0108414,True,False,1792,2,2,0
shrinking_b_decay_channels_4_r05,branch_count,constant_60,60.0,404,190960,0.012422,True,False,1307,247,1,0
shrinking_b_decay_channels_4_r05,branch_count,constant_125,125.0,404,190960,0.0073331,True,False,739,523,1,0
shrinking_b_decay_channels_4_r05,branch_count,constant_250,250.0,404,190960,0.005827,True,False,1,871,1,0
shrinking_b_decay_channels_4_r05,branch_count,constant_500,500.0,404,190960,0.006006,True,False,1,871,1,0
shrinking_b_decay_channels_4_r05,branch_count,cost_model,427.11375923733834,404,190960,0.0061331,True,False,1,871,1,0
shrinking_b_decay_channels_4_r05,branch_count,cost_model_x0.5,213.55687961866917,404,190960,0.0068022,True,False,1,871,1,0
shrinking_b_decay_channels_4_r05,branch_count,cost_model_x0.25,106.77843980933459,404,190960,0.0074886,True,False,891,442,1,0
shrinking_b_decay_channels_4_r1,branch_count,wallclock_timing,,404,763841,0.0280919,True,False,3633,4,4,0
shrinking_b_decay_channels_4_r1,branch_count,constant_60,60.0,404,763841,0.021394,True,False,3112,243,1,0
shrinking_b_decay_channels_4_r1,branch_count,constant_125,125.0,404,763841,0.0212684,True,False,2542,512,1,0
shrinking_b_decay_channels_4_r1,branch_count,constant_250,250.0,404,763841,0.0206872,True,False,1472,1031,1,0
shrinking_b_decay_channels_4_r1,branch_count,constant_500,500.0,404,763841,0.0264505,True,False,1,1743,1,0
shrinking_b_decay_channels_4_r1,branch_count,cost_model,446.6452507773898,404,763841,0.0293607,True,False,1,1743,1,0
shrinking_b_decay_channels_4_r1,branch_count,cost_model_x0.5,223.3226253886949,404,763841,0.0226797,True,False,1699,922,1,0
shrinking_b_decay_channels_4_r1,branch_count,cost_model_x0.25,111.66131269434744,404,763841,0.0229483,True,False,2666,461,1,0
shrinking_b_decay_channels_4_r2,branch_count,wallclock_timing,,404,3055364,0.0556381,True,False,7162,2,2,0
shrinking_b_decay_channels_4_r2,branch_count,constant_60,60.0,404,3055364,0.0572264,True,False,6798,228,1,0
shrinking_b_decay_channels_4_r2,branch_count,constant_125,125.0,404,3055364,0.0542258,True,False,6234,499,1,0
shrinking_b_decay_channels_4_r2,branch_count,constant_250,250.0,404,3055364,0.0519072,True,False,5161,1017,1,0
shrinking_b_decay_channels_4_r2,branch_count,constant_500,500.0,404,3055364,0.0619464,True,False,2974,2058,1,0
shrinking_b_decay_channels_4_r2,branch_count,cost_model,478.95873999982166,404,3055364,0.0605086,True,False,3157,1969,1,0
shrinking_b_decay_channels_4_r2,branch_count,cost_model_x0.5,239.47936999991083,404,3055364,0.0528144,True,False,5255,977,1,0
shrinking_b_decay_channels_4_r2,branch_count,cost_model_x0.25,119.73968499995541,404,3055364,0.0466068,True,False,6280,475,1,0
shrinking_b_decay_channels_8_r05,branch_count,wallclock_timing,,404,90594,0.0074622,True,False,1215,2,2,0
shrinking_b_decay_channels_8_r05,branch_count,constant_60,60.0,404,90594,0.0066251,True,False,745,253,1,0
shrinking_b_decay_channels_8_r05,branch_count,constant_125,125.0,404,90594,0.0042532,True,False,175,521,1,0
shrinking_b_decay_channels_8_r05,branch_count,constant_250,250.0,404,90594,0.0042685,True,False,1,604,1,0
shrinking_b_decay_channels_8_r05,branch_count,constant_500,500.0,404,90594,0.0043954,True,False,1,604,1,0
shrinking_b_decay_channels_8_r05,branch_count,cost_model,349.54916218998983,404,90594,0.0042307,True,False,1,604,1,0
shrinking_b_decay_channels_8_r05,branch_count,cost_model_x0.5,174.77458109499491,404,90594,0.0042941,True,False,1,604,1,0
shrinking_b_decay_channels_8_r05,branch_count,cost_model_x0.25,87.38729054749746,404,90594,0.005115,True,False,510,361,1,0
shrinking_b_decay_channels_8_r1,branch_count,wallclock_timing,,404,362378,0.0143039,True,False,1505,479,3,0
shrinking_b_decay_channels_8_r1,branch_count,constant_60,60.0,404,362378,0.0150325,True,False,1996,246,1,0
shrinking_b_decay_channels_8_r1,branch_count,constant_125,125.0,404,362378,0.0134486,True,False,1423,515,1,0
shrinking_b_decay_channels_8_r1,branch_count,constant_250,250.0,404,362378,0.0149308,True,False,356,1035,1,0
shrinking_b_decay_channels_8_r1,branch_count,constant_500,500.0,404,362378,0.0162572,True,False,1,1200,1,0
shrinking_b_decay_channels_8_r1,branch_count,cost_model,360.7170256521287,404,362378,0.0161264,True,False,1,1200,1,0
shrinking_b_decay_channels_8_r1,branch_count,cost_model_x0.5,180.35851282606436,404,362378,0.0133161,True,False,944,749,1,0
shrinking_b_decay_channels_8_r1,branch_count,cost_model_x0.25,90.17925641303218,404,362378,0.0138557,True,False,1727,373,1,0
shrinking_b_decay_channels_8_r2,branch_count,wallclock_timing,,404,1449512,0.0385436,True,False,4898,2,2,0
shrinking_b_decay_channels_8_r2,branch_count,constant_60,60.0,404,1449512,0.0348281,True,False,4457,236,1,0
shrinking_b_decay_channels_8_r2,branch_count,constant_125,125.0,404,1449512,0.0321188,True,False,3909,510,1,0
shrinking_b_decay_channels_8_r2,branch_count,constant_250,250.0,404,1449512,0.0389684,True,False,2854,1029,1,0
shrinking_b_decay_channels_8_r2,branch_count,constant_500,500.0,404,1449512,0.0529527,True,False,683,2064,1,0
shrinking_b_decay_channels_8_r2,branch_count,cost_model,378.2062802764907,404,1449512,0.0420269,True,False,1730,1560,1,0
shrinking_b_decay_channels_8_r2,branch_count,cost_model_x0.5,189.10314013824535,404,1449512,0.0350621,True,False,3369,771,1,0
shrinking_b_decay_channels_8_r2,branch_count,cost_model_x0.25,94.55157006912268,404,1449512,0.0334916,True,False,4162,380,1,0
dense_support_q4_r05,dense_support,wallclock_timing,,404,27747879,0.1542566,True,False,468,852,5,0
dense_support_q4_r05,dense_support,constant_60,60.0,404,27747879,0.224506,True,False,28434,134,1,0
dense_support_q4_r05,dense_support,constant_125,125.0,404,27747879,0.1474494,True,False,12949,388,1,0
dense_support_q4_r05,dense_support,constant_250,250.0,404,27747879,0.1253607,True,False,2743,731,1,0
dense_support_q4_r05,dense_support,constant_500,500.0,404,27747879,0.1326567,True,False,1,880,1,0
dense_support_q4_r05,dense_support,cost_model,733.9299421413416,404,27747879,0.1360282,True,False,1,880,1,0
dense_support_q4_r05,dense_support,cost_model_x0.5,366.9649710706708,404,27747879,0.1433147,True,False,1,880,1,0
dense_support_q4_r05,dense_support,cost_model_x0.25,183.4824855353354,404,27747879,0.1502464,True,False,6910,563,1,0
dense_support_q4_r1,dense_support,wallclock_timing,,404,110991516,0.5226947,True,False,11216,1219,5,0
dense_support_q4_r1,dense_support,constant_60,60.0,404,110991516,0.6295087,True,False,87427,0,0,0
dense_support_q4_r1,dense_support,constant_125,125.0,404,110991516,0.536919,True,False,54872,291,1,0
dense_support_q4_r1,dense_support,constant_250,250.0,404,110991516,0.4854819,True,False,26005,775,1,0
dense_support_q4_r1,dense_support,constant_500,500.0,404,110991516,0.513229,True,False,5564,1460,1,0
dense_support_q4_r1,dense_support,cost_model,784.9494027582399,404,110991516,0.5936158,True,False,1,1758,1,0
dense_support_q4_r1,dense_support,cost_model_x0.5,392.47470137911995,404,110991516,0.5153739,True,False,11872,1194,1,0
dense_support_q4_r1,dense_support,cost_model_x0.25,196.23735068955997,404,110991516,0.4712538,True,False,34995,587,1,0
dense_support_q6_r05,dense_support,wallclock_timing,,404,16382894,0.1186445,True,False,3877,486,5,0
dense_support_q6_r05,dense_support,constant_60,60.0,404,16382894,0.162361,True,False,17091,165,1,0
dense_support_q6_r05,dense_support,constant_125,125.0,404,16382894,0.1299615,True,False,6703,388,1,0
dense_support_q6_r05,dense_support,constant_250,250.0,404,16382894,0.1362494,True,False,1,676,1,0
dense_support_q6_r05,dense_support,constant_500,500.0,404,16382894,0.1504864,True,False,1,676,1,0
dense_support_q6_r05,dense_support,cost_model,501.4841754008458,404,16382894,0.1474749,True,False,1,676,1,0
dense_support_q6_r05,dense_support,cost_model_x0.5,250.7420877004229,404,16382894,0.1460677,True,False,1,676,1,0
dense_support_q6_r05,dense_support,cost_model_x0.25,125.37104385021145,404,16382894,0.1412225,True,False,6665,389,1,0
dense_support_q6_r1,dense_support,wallclock_timing,,404,65531576,0.4042409,True,False,30742,388,9,0
dense_support_q6_r1,dense_support,constant_60,60.0,404,65531576,0.5672466,True,False,62209,36,1,0
dense_support_q6_r1,dense_support,constant_125,125.0,404,65531576,0.4066812,True,False,32809,350,1,0
dense_support_q6_r1,dense_support,constant_250,250.0,404,65531576,0.4301224,True,False,13299,775,1,0
dense_support_q6_r1,dense_support,constant_500,500.0,404,65531576,0.5843569,True,False,1,1351,1,0
dense_support_q6_r1,dense_support,cost_model,525.8795973198837,404,65531576,0.5049184,True,False,1,1351,1,0
dense_support_q6_r1,dense_support,cost_model_x0.5,262.93979865994186,404,65531576,0.4752638,True,False,12152,812,1,0
dense_support_q6_r1,dense_support,cost_model_x0.25,131.46989932997093,404,65531576,0.4052626,True,False,31173,377,1,0
dense_support_q8_r05,dense_support,wallclock_timing,,404,7615247,0.0984699,True,False,2387,342,3,0
dense_support_q8_r05,dense_support,constant_60,60.0,404,7615247,0.1190005,True,False,7626,185,1,0
dense_support_q8_r05,dense_support,constant_125,125.0,404,7615247,0.1108285,True,False,1737,370,1,0
dense_support_q8_r05,dense_support,constant_250,250.0,404,7615247,0.1158863,True,False,1,462,1,0
dense_support_q8_r05,dense_support,constant_500,500.0,404,7615247,0.1159319,True,False,1,462,1,0
dense_support_q8_r05,dense_support,cost_model,362.75548127430085,404,7615247,0.123263,True,False,1,462,1,0
dense_support_q8_r05,dense_support,cost_model_x0.5,181.37774063715042,404,7615247,0.1197034,True,False,1,462,1,0
dense_support_q8_r05,dense_support,cost_model_x0.25,90.68887031857521,404,7615247,0.117167,True,False,4062,281,1,0
dense_support_q8_r1,dense_support,wallclock_timing,,404,30460991,0.3598266,True,False,24799,207,9,0
dense_support_q8_r1,dense_support,constant_60,60.0,404,30460991,0.3576952,True,False,31087,127,1,0
dense_support_q8_r1,dense_support,constant_125,125.0,404,30460991,0.3411451,True,False,14433,387,1,0
dense_support_q8_r1,dense_support,constant_250,250.0,404,30460991,0.4112794,True,False,3500,738,1,0
dense_support_q8_r1,dense_support,constant_500,500.0,404,30460991,0.4750859,True,False,1,922,1,0
dense_support_q8_r1,dense_support,cost_model,374.37645032354044,404,30460991,0.404112,True,False,1,922,1,0
dense_support_q8_r1,dense_support,cost_model_x0.5,187.18822516177022,404,30460991,0.3379304,True,False,7638,576,1,0
dense_support_q8_r1,dense_support,cost_model_x0.25,93.59411258088511,404,30460991,0.3188904,True,False,20310,273,1,0
dense_support_q8_r2,dense_support,wallclock_timing,,404,121843964,0.9423809,True,False,53974,355,15,0
dense_support_q8_r2,dense_support,constant_60,60.0,404,121843964,1.0422869,True,False,91562,0,0,0
dense_support_q8_r2,dense_support,constant_125,125.0,404,121843964,0.9442898,True,False,59929,277,1,0
dense_support_q8_r2,dense_support,constant_250,250.0,404,121843964,1.024191,True,False,28954,773,1,0
dense_support_q8_r2,dense_support,constant_500,500.0,404,121843964,1.439331,True,False,7056,1474,1,0
dense_support_q8_r2,dense_support,cost_model,392.9554258679335,404,121843964,1.2740305,True,False,13783,1202,1,0
dense_support_q8_r2,dense_support,cost_model_x0.5,196.47771293396676,404,121843964,0.9836528,True,False,38543,580,1,0
dense_support_q8_r2,dense_support,cost_model_x0.25,98.23885646698338,404,121843964,0.9663594,True,False,73394,141,1,0
dense_support_q12_r05,dense_support,wallclock_timing,,404,4302608,0.1205185,True,False,2017,249,3,0
dense_support_q12_r05,dense_support,constant_60,60.0,404,4302608,0.1269969,True,False,3808,188,1,0
dense_support_q12_r05,dense_support,constant_125,125.0,404,4302608,0.1310835,True,False,4,348,1,0
dense_support_q12_r05,dense_support,constant_250,250.0,404,4302608,0.1379477,True,False,1,347,1,0
dense_support_q12_r05,dense_support,constant_500,500.0,404,4302608,0.1393623,True,False,1,347,1,0
dense_support_q12_r05,dense_support,cost_model,237.1021813958432,404,4302608,0.1291359,True,False,1,347,1,0
dense_support_q12_r05,dense_support,cost_model_x0.5,118.5510906979216,404,4302608,0.1245799,True,False,232,333,1,0
dense_support_q12_r05,dense_support,cost_model_x0.25,59.2755453489608,404,4302608,0.1277817,True,False,3884,185,1,0
dense_support_q12_r1,dense_support,wallclock_timing,,404,17210432,0.3869958,True,False,17205,177,7,0
dense_support_q12_r1,dense_support,constant_60,60.0,404,17210432,0.3992047,True,False,17963,163,1,0
dense_support_q12_r1,dense_support,constant_125,125.0,404,17210432,0.4123621,True,False,7140,389,1,0
dense_support_q12_r1,dense_support,constant_250,250.0,404,17210432,0.5098207,True,False,8,693,1,0
dense_support_q12_r1,dense_support,constant_500,500.0,404,17210432,0.5313856,True,False,1,693,1,0
dense_support_q12_r1,dense_support,cost_model,241.64168573212487,404,17210432,0.5051948,True,False,301,675,1,0
dense_support_q12_r1,dense_support,cost_model_x0.5,120.82084286606243,404,17210432,0.3868308,True,False,7554,377,1,0
dense_support_q12_r1,dense_support,cost_model_x0.25,60.41042143303122,404,17210432,0.3980614,True,False,17841,165,1,0
dense_support_q12_r2,dense_support,wallclock_timing,,404,68841729,1.1059534,True,False,52300,143,17,0
dense_support_q12_r2,dense_support,constant_60,60.0,404,68841729,1.1052429,True,False,64969,27,1,0
dense_support_q12_r2,dense_support,constant_125,125.0,404,68841729,1.1395361,True,False,34492,346,1,0
dense_support_q12_r2,dense_support,constant_250,250.0,404,68841729,1.3860356,True,False,14248,776,1,0
dense_support_q12_r2,dense_support,constant_500,500.0,404,68841729,2.1192691,True,False,14,1384,1,0
dense_support_q12_r2,dense_support,cost_model,248.58105693558042,404,68841729,1.3017768,True,False,14387,772,1,0
dense_support_q12_r2,dense_support,cost_model_x0.5,124.29052846779021,404,68841729,1.0539238,True,False,34693,343,1,0
dense_support_q12_r2,dense_support,cost_model_x0.25,62.145264233895105,404,68841729,1.0644191,True,False,63235,40,1,0
collision_o2_g0_n1000000_r05,collision,wallclock_timing,,404,22361383,0.104653,True,False,4692,562,3,0
collision_o2_g0_n1000000_r05,collision,constant_60,60.0,404,22361383,0.1623543,True,False,23207,149,1,0
collision_o2_g0_n1000000_r05,collision,constant_125,125.0,404,22361383,0.1138239,True,False,10004,390,1,0
collision_o2_g0_n1000000_r05,collision,constant_250,250.0,404,22361383,0.1044957,True,False,1304,715,1,0
collision_o2_g0_n1000000_r05,collision,constant_500,500.0,404,22361383,0.1085364,True,False,1,790,1,0
collision_o2_g0_n1000000_r05,collision,cost_model,728.0031665684888,404,22361383,0.1067216,True,False,1,790,1,0
collision_o2_g0_n1000000_r05,collision,cost_model_x0.5,364.0015832842444,404,22361383,0.1118203,True,False,1,790,1,0
collision_o2_g0_n1000000_r05,collision,cost_model_x0.25,182.0007916421222,404,22361383,0.1063198,True,False,4927,552,1,0
collision_o2_g0_n1000000_r1,collision,wallclock_timing,,404,89445535,0.3989025,True,False,14908,927,5,0
collision_o2_g0_n1000000_r1,collision,constant_60,60.0,404,89445535,0.5353726,True,False,78449,0,0,0
collision_o2_g0_n1000000_r1,collision,constant_125,125.0,404,89445535,0.4257102,True,False,44631,320,1,0
collision_o2_g0_n1000000_r1,collision,constant_250,250.0,404,89445535,0.3525712,True,False,20059,778,1,0
collision_o2_g0_n1000000_r1,collision,constant_500,500.0,404,89445535,0.4127003,True,False,2638,1427,1,0
collision_o2_g0_n1000000_r1,collision,cost_model,775.1598234648103,404,89445535,0.4393064,True,False,1,1578,1,0
collision_o2_g0_n1000000_r1,collision,cost_model_x0.5,387.57991173240515,404,89445535,0.3803509,True,False,8363,1162,1,0
collision_o2_g0_n1000000_r1,collision,cost_model_x0.25,193.78995586620258,404,89445535,0.3896635,True,False,28098,591,1,0
collision_o2_g1_n1000000_r05,collision,wallclock_timing,,404,78119729,0.384611,True,False,4259,1183,3,0
collision_o2_g1_n1000000_r05,collision,constant_60,60.0,404,78119729,0.7460472,True,False,68162,219,1,0
collision_o2_g1_n1000000_r05,collision,constant_125,125.0,404,78119729,0.517978,True,False,31903,549,1,0
collision_o2_g1_n1000000_r05,collision,constant_250,250.0,404,78119729,0.3797177,True,False,10712,961,1,0
collision_o2_g1_n1000000_r05,collision,constant_500,500.0,404,78119729,0.3807078,True,False,1,1369,1,0
collision_o2_g1_n1000000_r05,collision,cost_model,1062.8147114595884,404,78119729,0.3764606,True,False,1,1369,1,0
collision_o2_g1_n1000000_r05,collision,cost_model_x0.5,531.4073557297942,404,78119729,0.4215809,True,False,1,1369,1,0
collision_o2_g1_n1000000_r05,collision,cost_model_x0.25,265.7036778648971,404,78119729,0.3812012,True,False,9384,1002,1,0
collision_o2_g2_n1000000_r05,collision,wallclock_timing,,404,115123229,0.5947969,True,False,8401,1270,9,0
collision_o2_g2_n1000000_r05,collision,constant_60,60.0,404,115123229,1.306803,True,False,93630,340,1,0
collision_o2_g2_n1000000_r05,collision,constant_125,125.0,404,115123229,0.771308,True,False,41924,702,1,0
collision_o2_g2_n1000000_r05,collision,constant_250,250.0,404,115123229,0.5836008,True,False,13944,1127,1,0
collision_o2_g2_n1000000_r05,collision,constant_500,500.0,404,115123229,0.6035368,True,False,1,1563,1,0
collision_o2_g2_n1000000_r05,collision,cost_model,1163.8590874864715,404,115123229,0.5911324,True,False,1,1563,1,0
collision_o2_g2_n1000000_r05,collision,cost_model_x0.5,581.9295437432357,404,115123229,0.5762396,True,False,1,1563,1,0
collision_o2_g2_n1000000_r05,collision,cost_model_x0.25,290.96477187161787,404,115123229,0.5906966,True,False,9729,1231,1,0
dimerization_r05,dimerization,wallclock_timing,,405,7486081,0.172633,True,False,15552,14,6,0
dimerization_r05,dimerization,constant_60,60.0,405,7486081,0.1410445,True,False,15677,0,0,0
dimerization_r05,dimerization,constant_125,125.0,405,7486081,0.1487082,True,False,15677,0,0,0
dimerization_r05,dimerization,constant_250,250.0,405,7486081,0.1457665,True,False,15677,0,0,0
dimerization_r05,dimerization,constant_500,500.0,405,7486081,0.1351942,True,False,1,2368,1,0
dimerization_r05,dimerization,cost_model,876.9217514218748,405,7486081,0.143433,True,False,1,2368,1,0
dimerization_r05,dimerization,cost_model_x0.5,438.4608757109374,405,7486081,0.1513415,True,False,1,2368,1,0
dimerization_r05,dimerization,cost_model_x0.25,219.2304378554687,405,7486081,0.1697117,True,False,15677,0,0,0
dimerization_r1,dimerization,wallclock_timing,,405,29944326,0.2971368,True,False,31081,8,8,0
dimerization_r1,dimerization,constant_60,60.0,405,29944326,0.2952363,True,False,31132,0,0,0
dimerization_r1,dimerization,constant_125,125.0,405,29944326,0.2935286,True,False,31132,0,0,0
dimerization_r1,dimerization,constant_250,250.0,405,29944326,0.3286398,True,False,31132,0,0,0
dimerization_r1,dimerization,constant_500,500.0,405,29944326,0.3105352,True,False,31132,0,0,0
dimerization_r1,dimerization,cost_model,931.4985322705442,405,29944326,0.5372947,True,False,1,4736,1,0
dimerization_r1,dimerization,cost_model_x0.5,465.7492661352721,405,29944326,0.2941835,True,False,31132,0,0,0
dimerization_r1,dimerization,cost_model_x0.25,232.87463306763604,405,29944326,0.2957908,True,False,31132,0,0,0
lotka_volterra_r05,lotka_volterra,wallclock_timing,,405,179940,0.3301202,True,False,18787,9757,22,0
lotka_volterra_r05,lotka_volterra,constant_60,60.0,405,179940,0.4151882,True,False,44408,0,0,0
lotka_volterra_r05,lotka_volterra,constant_125,125.0,405,179940,0.4187043,True,False,44408,0,0,0
lotka_volterra_r05,lotka_volterra,constant_250,250.0,405,179940,0.3195635,True,False,18855,10151,7,0
lotka_volterra_r05,lotka_volterra,constant_500,500.0,405,179940,0.2044359,True,False,1,17109,1,0
lotka_volterra_r05,lotka_volterra,cost_model,727.0380042190227,405,179940,0.2055859,True,False,1,17109,1,0
lotka_volterra_r05,lotka_volterra,cost_model_x0.5,363.51900210951135,405,179940,0.2155219,True,False,1,17109,1,0
lotka_volterra_r05,lotka_volterra,cost_model_x0.25,181.75950105475567,405,179940,0.4629197,True,False,44408,0,0,0
lotka_volterra_r1,lotka_volterra,wallclock_timing,,405,719761,0.8430243,True,False,80562,2990,38,0
lotka_volterra_r1,lotka_volterra,constant_60,60.0,405,719761,0.8669129,True,False,88762,0,0,0
lotka_volterra_r1,lotka_volterra,constant_125,125.0,405,719761,0.8782094,True,False,88762,0,0,0
lotka_volterra_r1,lotka_volterra,constant_250,250.0,405,719761,0.8715855,True,False,88762,0,0,0
lotka_volterra_r1,lotka_volterra,constant_500,500.0,405,719761,0.8282046,True,False,37770,20331,7,0
lotka_volterra_r1,lotka_volterra,cost_model,757.789328062881,405,719761,0.8237823,True,False,1,34195,1,0
lotka_volterra_r1,lotka_volterra,cost_model_x0.5,378.8946640314405,405,719761,0.8495513,True,False,88762,0,0,0
lotka_volterra_r1,lotka_volterra,cost_model_x0.25,189.44733201572026,405,719761,0.8890255,True,False,88762,0,0,0
lotka_volterra_r2,lotka_volterra,wallclock_timing,,405,2879044,1.6860109,True,False,176957,271,64,0
lotka_volterra_r2,lotka_volterra,constant_60,60.0,405,2879044,1.7497711,True,False,177725,0,0,0
lotka_volterra_r2,lotka_volterra,constant_125,125.0,405,2879044,1.790154,True,False,177725,0,0,0
lotka_volterra_r2,lotka_volterra,constant_250,250.0,405,2879044,1.6865459,True,False,177725,0,0,0
lotka_volterra_r2,lotka_volterra,constant_500,500.0,405,2879044,1.7984549,True,False,177725,0,0,0
lotka_volterra_r2,lotka_volterra,cost_model,804.9996298765527,405,2879044,1.9912909,True,False,150247,12208,7,0
lotka_volterra_r2,lotka_volterra,cost_model_x0.5,402.49981493827636,405,2879044,1.779944,True,False,177725,0,0,0
lotka_volterra_r2,lotka_volterra,cost_model_x0.25,201.24990746913818,405,2879044,1.8728666,True,False,177725,0,0,0
shrinking_r05,shrinking,wallclock_timing,,405,342703,0.0152725,True,False,2339,2,2,0
shrinking_r05,shrinking,constant_60,60.0,405,342703,0.0138013,True,False,1893,246,1,0
shrinking_r05,shrinking,constant_125,125.0,405,342703,0.0115439,True,False,1359,514,1,0
shrinking_r05,shrinking,constant_250,250.0,405,342703,0.0087356,True,False,280,1028,1,0
shrinking_r05,shrinking,constant_500,500.0,405,342703,0.009375,True,False,1,1173,1,0
shrinking_r05,shrinking,cost_model,544.0582811864226,405,342703,0.0089424,True,False,1,1173,1,0
shrinking_r05,shrinking,cost_model_x0.5,272.0291405932113,405,342703,0.0087569,True,False,92,1123,1,0
shrinking_r05,shrinking,cost_model_x0.25,136.01457029660565,405,342703,0.0108958,True,False,1258,562,1,0
shrinking_r1,shrinking,wallclock_timing,,405,1370812,0.0326517,True,False,4746,2,2,0
shrinking_r1,shrinking,constant_60,60.0,405,1370812,0.0313275,True,False,4337,238,1,0
shrinking_r1,shrinking,constant_125,125.0,405,1370812,0.0290801,True,False,3779,506,1,0
shrinking_r1,shrinking,constant_250,250.0,405,1370812,0.0241964,True,False,2708,1025,1,0
shrinking_r1,shrinking,constant_500,500.0,405,1370812,0.0253592,True,False,573,2062,1,0
shrinking_r1,shrinking,cost_model,577.897910766499,405,1370812,0.027069,True,False,1,2337,1,0
shrinking_r1,shrinking,cost_model_x0.5,288.9489553832495,405,1370812,0.025061,True,False,2376,1195,1,0
shrinking_r1,shrinking,cost_model_x0.25,144.47447769162474,405,1370812,0.023149,True,False,3615,585,1,0
shrinking_r2,shrinking,wallclock_timing,,405,5483250,0.0589346,True,False,9555,4,4,0
shrinking_r2,shrinking,constant_60,60.0,405,5483250,0.0596393,True,False,9172,219,1,0
shrinking_r2,shrinking,constant_125,125.0,405,5483250,0.0554211,True,False,8601,492,1,0
shrinking_r2,shrinking,constant_250,250.0,405,5483250,0.0570462,True,False,7553,1007,1,0
shrinking_r2,shrinking,constant_500,500.0,405,5483250,0.0580809,True,False,5413,2047,1,0
shrinking_r2,shrinking,cost_model,636.0096349670639,405,5483250,0.0674287,True,False,4230,2611,1,0
shrinking_r2,shrinking,cost_model_x0.5,318.00481748353195,405,5483250,0.0565062,True,False,6955,1294,1,0
shrinking_r2,shrinking,cost_model_x0.25,159.00240874176598,405,5483250,0.0617884,True,False,8328,635,1,0
shrinking_no_b_decay_r05,shrinking,wallclock_timing,,405,1108596,0.0270431,True,False,3409,221,5,0
shrinking_no_b_decay_r05,shrinking,constant_60,60.0,405,1108596,0.0257249,True,False,3488,134,1,0
shrinking_no_b_decay_r05,shrinking,constant_125,125.0,405,1108596,0.0206918,True,False,2144,288,1,0
shrinking_no_b_decay_r05,shrinking,constant_250,250.0,405,1108596,0.0145982,True,False,579,614,1,0
shrinking_no_b_decay_r05,shrinking,constant_500,500.0,405,1108596,0.0142523,True,False,1,772,1,0
shrinking_no_b_decay_r05,shrinking,cost_model,615.9818556111519,405,1108596,0.0123837,True,False,1,772,1,0
shrinking_no_b_decay_r05,shrinking,cost_model_x0.5,307.99092780557595,405,1108596,0.0123895,True,False,1,772,1,0
shrinking_no_b_decay_r05,shrinking,cost_model_x0.25,153.99546390278798,405,1108596,0.0191875,True,False,1709,360,1,0
shrinking_no_b_decay_r1,shrinking,wallclock_timing,,405,4434387,0.0472328,True,False,1597,1111,3,0
shrinking_no_b_decay_r1,shrinking,constant_60,60.0,405,4434387,0.0703701,True,False,9104,131,1,0
shrinking_no_b_decay_r1,shrinking,constant_125,125.0,405,4434387,0.0569989,True,False,6794,275,1,0
shrinking_no_b_decay_r1,shrinking,constant_250,250.0,405,4434387,0.0483147,True,False,4311,569,1,0
shrinking_no_b_decay_r1,shrinking,constant_500,500.0,405,4434387,0.0474152,True,False,1152,1227,1,0
shrinking_no_b_decay_r1,shrinking,cost_model,657.5600996857365,405,4434387,0.0531855,True,False,1,1544,1,0
shrinking_no_b_decay_r1,shrinking,cost_model_x0.5,328.78004984286827,405,4434387,0.0387972,True,False,3156,769,1,0
shrinking_no_b_decay_r1,shrinking,cost_model_x0.25,164.39002492143413,405,4434387,0.0449093,True,False,5878,366,1,0
shrinking_no_b_decay_r2,shrinking,wallclock_timing,,405,17737550,0.1441837,True,False,21625,151,7,0
shrinking_no_b_decay_r2,shrinking,constant_60,60.0,405,17737550,0.1527345,True,False,22420,129,1,0
shrinking_no_b_decay_r2,shrinking,constant_125,125.0,405,17737550,0.1281983,True,False,18045,269,1,0
shrinking_no_b_decay_r2,shrinking,constant_250,250.0,405,17737550,0.1277157,True,False,13637,547,1,0
shrinking_no_b_decay_r2,shrinking,constant_500,500.0,405,17737550,0.1312743,True,False,8638,1137,1,0
shrinking_no_b_decay_r2,shrinking,cost_model,729.6023497822766,405,17737550,0.1452077,True,False,5429,1720,1,0
shrinking_no_b_decay_r2,shrinking,cost_model_x0.5,364.8011748911383,405,17737550,0.1297002,True,False,11013,813,1,0
shrinking_no_b_decay_r2,shrinking,cost_model_x0.25,182.40058744556916,405,17737550,0.1500856,True,False,15681,395,1,0
shrinking_split_b_decay_r05,shrinking,wallclock_timing,,405,298581,0.0148875,True,False,2303,2,2,0
shrinking_split_b_decay_r05,shrinking,constant_60,60.0,405,298581,0.0148407,True,False,1750,246,1,0
shrinking_split_b_decay_r05,shrinking,constant_125,125.0,405,298581,0.0115331,True,False,1192,518,1,0
shrinking_split_b_decay_r05,shrinking,constant_250,250.0,405,298581,0.0083788,True,False,130,1035,1,0
shrinking_split_b_decay_r05,shrinking,constant_500,500.0,405,298581,0.0095085,True,False,1,1092,1,0
shrinking_split_b_decay_r05,shrinking,cost_model,496.2802133398286,405,298581,0.0073297,True,False,1,1092,1,0
shrinking_split_b_decay_r05,shrinking,cost_model_x0.5,248.1401066699143,405,298581,0.0075712,True,False,146,1025,1,0
shrinking_split_b_decay_r05,shrinking,cost_model_x0.25,124.07005333495715,405,298581,0.0095036,True,False,1203,514,1,0
shrinking_split_b_decay_r1,shrinking,wallclock_timing,,405,1194326,0.0277694,True,False,4469,2,2,0
shrinking_split_b_decay_r1,shrinking,constant_60,60.0,405,1194326,0.0246433,True,False,4080,239,1,0
shrinking_split_b_decay_r1,shrinking,constant_125,125.0,405,1194326,0.0250229,True,False,3499,510,1,0
shrinking_split_b_decay_r1,shrinking,constant_250,250.0,405,1194326,0.0222916,True,False,2431,1030,1,0
shrinking_split_b_decay_r1,shrinking,constant_500,500.0,405,1194326,0.0264151,True,False,243,2061,1,0
shrinking_split_b_decay_r1,shrinking,cost_model,524.5670125279418,405,1194326,0.0297336,True,False,26,2165,1,0
shrinking_split_b_decay_r1,shrinking,cost_model_x0.5,262.2835062639709,405,1194326,0.022205,True,False,2330,1082,1,0
shrinking_split_b_decay_r1,shrinking,cost_model_x0.25,131.14175313198544,405,1194326,0.0237263,True,False,3443,533,1,0
shrinking_split_b_decay_r2,shrinking,wallclock_timing,,405,4777304,0.0562593,True,False,8943,4,4,0
shrinking_split_b_decay_r2,shrinking,constant_60,60.0,405,4777304,0.0551871,True,False,8555,222,1,0
shrinking_split_b_decay_r2,shrinking,constant_125,125.0,405,4777304,0.0543879,True,False,7990,499,1,0
shrinking_split_b_decay_r2,shrinking,constant_250,250.0,405,4777304,0.0520218,True,False,6916,1008,1,0
shrinking_split_b_decay_r2,shrinking,constant_500,500.0,405,4777304,0.0574872,True,False,4763,2047,1,0
shrinking_split_b_decay_r2,shrinking,cost_model,572.7418683444771,405,4777304,0.0660163,True,False,4141,2351,1,0
shrinking_split_b_decay_r2,shrinking,cost_model_x0.5,286.37093417223855,405,4777304,0.0599964,True,False,6591,1166,1,0
shrinking_split_b_decay_r2,shrinking,cost_model_x0.25,143.18546708611927,405,4777304,0.065734,True,False,7820,567,1,0
shrinking_b_decay_channels_1_r05,branch_count,wallclock_timing,,405,357951,0.0117746,True,False,1120,657,3,0
shrinking_b_decay_channels_1_r05,branch_count,constant_60,60.0,405,357951,0.0151387,True,False,1983,242,1,0
shrinking_b_decay_channels_1_r05,branch_count,constant_125,125.0,405,357951,0.0130931,True,False,1423,515,1,0
shrinking_b_decay_channels_1_r05,branch_count,constant_250,250.0,405,357951,0.0098405,True,False,338,1034,1,0
shrinking_b_decay_channels_1_r05,branch_count,constant_500,500.0,405,357951,0.010259,True,False,1,1193,1,0
shrinking_b_decay_channels_1_r05,branch_count,cost_model,544.8928140153258,405,357951,0.0102705,True,False,1,1193,1,0
shrinking_b_decay_channels_1_r05,branch_count,cost_model_x0.5,272.4464070076629,405,357951,0.010005,True,False,143,1126,1,0
shrinking_b_decay_channels_1_r05,branch_count,cost_model_x0.25,136.22320350383146,405,357951,0.0110938,True,False,1325,564,1,0
shrinking_b_decay_channels_1_r1,branch_count,wallclock_timing,,405,1431807,0.0364015,True,False,4873,9,4,0
shrinking_b_decay_channels_1_r1,branch_count,constant_60,60.0,405,1431807,0.0339641,True,False,4433,235,1,0
shrinking_b_decay_channels_1_r1,branch_count,constant_125,125.0,405,1431807,0.0308021,True,False,3881,508,1,0
shrinking_b_decay_channels_1_r1,branch_count,constant_250,250.0,405,1431807,0.0290512,True,False,2798,1028,1,0
shrinking_b_decay_channels_1_r1,branch_count,constant_500,500.0,405,1431807,0.0323416,True,False,679,2060,1,0
shrinking_b_decay_channels_1_r1,branch_count,cost_model,579.2665840985251,405,1431807,0.0376625,True,False,1,2384,1,0
shrinking_b_decay_channels_1_r1,branch_count,cost_model_x0.5,289.63329204926254,405,1431807,0.027796,True,False,2461,1190,1,0
shrinking_b_decay_channels_1_r1,branch_count,cost_model_x0.25,144.81664602463127,405,1431807,0.0312157,True,False,3716,589,1,0
shrinking_b_decay_channels_1_r2,branch_count,wallclock_timing,,405,5727229,0.0717023,True,False,9802,4,4,0
shrinking_b_decay_channels_1_r2,branch_count,constant_60,60.0,405,5727229,0.0696353,True,False,9364,220,1,0
shrinking_b_decay_channels_1_r2,branch_count,constant_125,125.0,405,5727229,0.0644489,True,False,8831,490,1,0
shrinking_b_decay_channels_1_r2,branch_count,constant_250,250.0,405,5727229,0.051943,True,False,7778,1009,1,0
shrinking_b_decay_channels_1_r2,branch_count,constant_500,500.0,405,5727229,0.0595218,True,False,5620,2049,1,0
shrinking_b_decay_channels_1_r2,branch_count,cost_model,638.4465574594063,405,5727229,0.0644585,True,False,4448,2621,1,0
shrinking_b_decay_channels_1_r2,branch_count,cost_model_x0.5,319.22327872970317,405,5727229,0.0560198,True,False,7177,1296,1,0
shrinking_b_decay_channels_1_r2,branch_count,cost_model_x0.25,159.61163936485158,405,5727229,0.0578637,True,False,8538,634,1,0
shrinking_b_decay_channels_2_r05,branch_count,wallclock_timing,,405,332340,0.0139354,True,False,2357,2,2,0
shrinking_b_decay_channels_2_r05,branch_count,constant_60,60.0,405,332340,0.0121408,True,False,1896,248,1,0
shrinking_b_decay_channels_2_r05,branch_count,constant_125,125.0,405,332340,0.0100869,True,False,1339,516,1,0
shrinking_b_decay_channels_2_r05,branch_count,constant_250,250.0,405,332340,0.0086547,True,False,249,1034,1,0
shrinking_b_decay_channels_2_r05,branch_count,constant_500,500.0,405,332340,0.0084801,True,False,1,1153,1,0
shrinking_b_decay_channels_2_r05,branch_count,cost_model,498.0234392861981,405,332340,0.0082064,True,False,1,1153,1,0
shrinking_b_decay_channels_2_r05,branch_count,cost_model_x0.5,249.01171964309904,405,332340,0.0094912,True,False,257,1033,1,0
shrinking_b_decay_channels_2_r05,branch_count,cost_model_x0.25,124.50585982154952,405,332340,0.0098653,True,False,1343,514,1,0
shrinking_b_decay_channels_2_r1,branch_count,wallclock_timing,,405,1329360,0.0295355,True,False,4736,2,2,0
shrinking_b_decay_channels_2_r1,branch_count,constant_60,60.0,405,1329360,0.0273802,True,False,4227,239,1,0
shrinking_b_decay_channels_2_r1,branch_count,constant_125,125.0,405,1329360,0.027692,True,False,3683,511,1,0
shrinking_b_decay_channels_2_r1,branch_count,constant_250,250.0,405,1329360,0.022909,True,False,2604,1024,1,0
shrinking_b_decay_channels_2_r1,branch_count,constant_500,500.0,405,1329360,0.0310396,True,False,493,2061,1,0
shrinking_b_decay_channels_2_r1,branch_count,cost_model,527.4043832284837,405,1329360,0.0347727,True,False,265,2177,1,0
shrinking_b_decay_channels_2_r1,branch_count,cost_model_x0.5,263.7021916142418,405,1329360,0.0273367,True,False,2488,1086,1,0
shrinking_b_decay_channels_2_r1,branch_count,cost_model_x0.25,131.8510958071209,405,1329360,0.028884,True,False,3624,533,1,0
shrinking_b_decay_channels_2_r2,branch_count,wallclock_timing,,405,5317440,0.0694537,True,False,9414,4,4,0
shrinking_b_decay_channels_2_r2,branch_count,constant_60,60.0,405,5317440,0.0699333,True,False,8993,220,1,0
shrinking_b_decay_channels_2_r2,branch_count,constant_125,125.0,405,5317440,0.0683419,True,False,8438,492,1,0
shrinking_b_decay_channels_2_r2,branch_count,constant_250,250.0,405,5317440,0.0649237,True,False,7356,1011,1,0
shrinking_b_decay_channels_2_r2,branch_count,constant_500,500.0,405,5317440,0.0693891,True,False,5255,2046,1,0
shrinking_b_decay_channels_2_r2,branch_count,cost_model,577.767632966904,405,5317440,0.0739666,True,False,4586,2370,1,0
shrinking_b_decay_channels_2_r2,branch_count,cost_model_x0.5,288.883816483452,405,5317440,0.0648774,True,False,7031,1174,1,0
shrinking_b_decay_channels_2_r2,branch_count,cost_model_x0.25,144.441908241726,405,5317440,0.0649036,True,False,8272,572,1,0
shrinking_b_decay_channels_4_r05,branch_count,wallclock_timing,,405,190960,0.01246,True,False,1748,2,2,0
shrinking_b_decay_channels_4_r05,branch_count,constant_60,60.0,405,190960,0.010069,True,False,1302,250,1,0
shrinking_b_decay_channels_4_r05,branch_count,constant_125,125.0,405,190960,0.0079634,True,False,722,520,1,0
shrinking_b_decay_channels_4_r05,branch_count,constant_250,250.0,405,190960,0.0070058,True,False,1,876,1,0
shrinking_b_decay_channels_4_r05,branch_count,constant_500,500.0,405,190960,0.0073968,True,False,1,876,1,0
shrinking_b_decay_channels_4_r05,branch_count,cost_model,427.11375923733834,405,190960,0.0070379,True,False,1,876,1,0
shrinking_b_decay_channels_4_r05,branch_count,cost_model_x0.5,213.55687961866917,405,190960,0.0068641,True,False,1,876,1,0
shrinking_b_decay_channels_4_r05,branch_count,cost_model_x0.25,106.77843980933459,405,190960,0.0086901,True,False,887,443,1,0
shrinking_b_decay_channels_4_r1,branch_count,wallclock_timing,,405,763841,0.0256301,True,False,3508,2,2,0
shrinking_b_decay_channels_4_r1,branch_count,constant_60,60.0,405,763841,0.0243397,True,False,3060,239,1,0
shrinking_b_decay_channels_4_r1,branch_count,constant_125,125.0,405,763841,0.0219189,True,False,2529,512,1,0
shrinking_b_decay_channels_4_r1,branch_count,constant_250,250.0,405,763841,0.0219841,True,False,1473,1036,1,0
shrinking_b_decay_channels_4_r1,branch_count,constant_500,500.0,405,763841,0.0261236,True,False,1,1747,1,0
shrinking_b_decay_channels_4_r1,branch_count,cost_model,446.6452507773898,405,763841,0.0265373,True,False,1,1747,1,0
shrinking_b_decay_channels_4_r1,branch_count,cost_model_x0.5,223.3226253886949,405,763841,0.0207249,True,False,1688,919,1,0
shrinking_b_decay_channels_4_r1,branch_count,cost_model_x0.25,111.66131269434744,405,763841,0.0225818,True,False,2634,456,1,0
shrinking_b_decay_channels_4_r2,branch_count,wallclock_timing,,405,3055364,0.0578768,True,False,7211,2,2,0
shrinking_b_decay_channels_4_r2,branch_count,constant_60,60.0,405,3055364,0.0537918,True,False,6720,228,1,0
shrinking_b_decay_channels_4_r2,branch_count,constant_125,125.0,405,3055364,0.0521337,True,False,6152,500,1,0
shrinking_b_decay_channels_4_r2,branch_count,constant_250,250.0,405,3055364,0.0514606,True,False,5059,1016,1,0
shrinking_b_decay_channels_4_r2,branch_count,constant_500,500.0,405,3055364,0.0620548,True,False,2920,2056,1,0
shrinking_b_decay_channels_4_r2,branch_count,cost_model,478.95873999982166,405,3055364,0.0513455,True,False,3103,1966,1,0
shrinking_b_decay_channels_4_r2,branch_count,cost_model_x0.5,239.47936999991083,405,3055364,0.0466241,True,False,5149,978,1,0
shrinking_b_decay_channels_4_r2,branch_count,cost_model_x0.25,119.73968499995541,405,3055364,0.044606,True,False,6203,479,1,0
shrinking_b_decay_channels_8_r05,branch_count,wallclock_timing,,405,90594,0.0072928,True,False,646,294,5,0
shrinking_b_decay_channels_8_r05,branch_count,constant_60,60.0,405,90594,0.005658,True,False,748,248,1,0
shrinking_b_decay_channels_8_r05,branch_count,constant_125,125.0,405,90594,0.0044225,True,False,179,520,1,0
shrinking_b_decay_channels_8_r05,branch_count,constant_250,250.0,405,90594,0.0042074,True,False,1,608,1,0
shrinking_b_decay_channels_8_r05,branch_count,constant_500,500.0,405,90594,0.0042252,True,False,1,608,1,0
shrinking_b_decay_channels_8_r05,branch_count,cost_model,349.54916218998983,405,90594,0.0044314,True,False,1,608,1,0
shrinking_b_decay_channels_8_r05,branch_count,cost_model_x0.5,174.77458109499491,405,90594,0.0042228,True,False,1,608,1,0
shrinking_b_decay_channels_8_r05,branch_count,cost_model_x0.25,87.38729054749746,405,90594,0.0049932,True,False,504,366,1,0
shrinking_b_decay_channels_8_r1,branch_count,wallclock_timing,,405,362378,0.0166801,True,False,2461,2,2,0
shrinking_b_decay_channels_8_r1,branch_count,constant_60,60.0,405,362378,0.0142352,True,False,1982,244,1,0
shrinking_b_decay_channels_8_r1,branch_count,constant_125,125.0,405,362378,0.0133602,True,False,1420,518,1,0
shrinking_b_decay_channels_8_r1,branch_count,constant_250,250.0,405,362378,0.0143538,True,False,349,1032,1,0
shrinking_b_decay_channels_8_r1,branch_count,constant_500,500.0,405,362378,0.0163029,True,False,1,1201,1,0
shrinking_b_decay_channels_8_r1,branch_count,cost_model,360.7170256521287,405,362378,0.0159075,True,False,1,1201,1,0
shrinking_b_decay_channels_8_r1,branch_count,cost_model_x0.5,180.35851282606436,405,362378,0.0130773,True,False,949,750,1,0
shrinking_b_decay_channels_8_r1,branch_count,cost_model_x0.25,90.17925641303218,405,362378,0.0149455,True,False,1734,372,1,0
shrinking_b_decay_channels_8_r2,branch_count,wallclock_timing,,405,1449512,0.0347588,True,False,4989,2,2,0
shrinking_b_decay_channels_8_r2,branch_count,constant_60,60.0,405,1449512,0.0328746,True,False,4467,237,1,0
shrinking_b_decay_channels_8_r2,branch_count,constant_125,125.0,405,1449512,0.0318156,True,False,3927,506,1,0
shrinking_b_decay_channels_8_r2,branch_count,constant_250,250.0,405,1449512,0.0333038,True,False,2848,1025,1,0
shrinking_b_decay_channels_8_r2,branch_count,constant_500,500.0,405,1449512,0.0547751,True,False,709,2063,1,0
shrinking_b_decay_channels_8_r2,branch_count,cost_model,378.2062802764907,405,1449512,0.0414357,True,False,1751,1558,1,0
shrinking_b_decay_channels_8_r2,branch_count,cost_model_x0.5,189.10314013824535,405,1449512,0.0358245,True,False,3358,776,1,0
shrinking_b_decay_channels_8_r2,branch_count,cost_model_x0.25,94.55157006912268,405,1449512,0.0364284,True,False,4173,378,1,0
dense_support_q4_r05,dense_support,wallclock_timing,,405,27747879,0.1522937,True,False,7155,594,5,0
dense_support_q4_r05,dense_support,constant_60,60.0,405,27747879,0.2244348,True,False,28311,134,1,0
dense_support_q4_r05,dense_support,constant_125,125.0,405,27747879,0.1401286,True,False,12899,388,1,0
dense_support_q4_r05,dense_support,constant_250,250.0,405,27747879,0.1226073,True,False,2753,731,1,0
dense_support_q4_r05,dense_support,constant_500,500.0,405,27747879,0.1323577,True,False,1,879,1,0
dense_support_q4_r05,dense_support,cost_model,733.9299421413416,405,27747879,0.132074,True,False,1,879,1,0
dense_support_q4_r05,dense_support,cost_model_x0.5,366.9649710706708,405,27747879,0.1421932,True,False,1,879,1,0
dense_support_q4_r05,dense_support,cost_model_x0.25,183.4824855353354,405,27747879,0.1426357,True,False,6881,563,1,0
dense_support_q4_r1,dense_support,wallclock_timing,,405,110991516,0.4693927,True,False,27738,737,11,0
dense_support_q4_r1,dense_support,constant_60,60.0,405,110991516,0.6176497,True,False,87114,0,0,0
dense_support_q4_r1,dense_support,constant_125,125.0,405,110991516,0.5367856,True,False,54643,291,1,0
dense_support_q4_r1,dense_support,constant_250,250.0,405,110991516,0.4330409,True,False,25827,775,1,0
dense_support_q4_r1,dense_support,constant_500,500.0,405,110991516,0.5162045,True,False,5572,1460,1,0
dense_support_q4_r1,dense_support,cost_model,784.9494027582399,405,110991516,0.6051929,True,False,1,1757,1,0
dense_support_q4_r1,dense_support,cost_model_x0.5,392.47470137911995,405,110991516,0.4536715,True,False,11822,1194,1,0
dense_support_q4_r1,dense_support,cost_model_x0.25,196.23735068955997,405,110991516,0.4507728,True,False,34833,587,1,0
dense_support_q6_r05,dense_support,wallclock_timing,,405,16382894,0.150294,True,False,9133,320,7,0
dense_support_q6_r05,dense_support,constant_60,60.0,405,16382894,0.1810417,True,False,16972,165,1,0
dense_support_q6_r05,dense_support,constant_125,125.0,405,16382894,0.1414559,True,False,6653,388,1,0
dense_support_q6_r05,dense_support,constant_250,250.0,405,16382894,0.1461752,True,False,1,676,1,0
dense_support_q6_r05,dense_support,constant_500,500.0,405,16382894,0.1438777,True,False,1,676,1,0
dense_support_q6_r05,dense_support,cost_model,501.4841754008458,405,16382894,0.1210652,True,False,1,676,1,0
dense_support_q6_r05,dense_support,cost_model_x0.5,250.7420877004229,405,16382894,0.1321916,True,False,1,676,1,0
dense_support_q6_r05,dense_support,cost_model_x0.25,125.37104385021145,405,16382894,0.1246616,True,False,6616,389,1,0
dense_support_q6_r1,dense_support,wallclock_timing,,405,65531576,0.4354035,True,False,23176,571,9,0
dense_support_q6_r1,dense_support,constant_60,60.0,405,65531576,0.5601389,True,False,62033,35,1,0
dense_support_q6_r1,dense_support,constant_125,125.0,405,65531576,0.4126725,True,False,32694,350,1,0
dense_support_q6_r1,dense_support,constant_250,250.0,405,65531576,0.4387536,True,False,13284,775,1,0
dense_support_q6_r1,dense_support,constant_500,500.0,405,65531576,0.5191453,True,False,1,1350,1,0
dense_support_q6_r1,dense_support,cost_model,525.8795973198837,405,65531576,0.5827428,True,False,1,1350,1,0
dense_support_q6_r1,dense_support,cost_model_x0.5,262.93979865994186,405,65531576,0.3991474,True,False,12110,812,1,0
dense_support_q6_r1,dense_support,cost_model_x0.25,131.46989932997093,405,65531576,0.4240638,True,False,31046,377,1,0
dense_support_q8_r05,dense_support,wallclock_timing,,405,7615247,0.1339619,True,False,8719,163,5,0
dense_support_q8_r05,dense_support,constant_60,60.0,405,7615247,0.1308284,True,False,7570,186,1,0
dense_support_q8_r05,dense_support,constant_125,125.0,405,7615247,0.1126704,True,False,1743,369,1,0
dense_support_q8_r05,dense_support,constant_250,250.0,405,7615247,0.1155987,True,False,1,461,1,0
dense_support_q8_r05,dense_support,constant_500,500.0,405,7615247,0.114724,True,False,1,461,1,0
dense_support_q8_r05,dense_support,cost_model,362.75548127430085,405,7615247,0.1142081,True,False,1,461,1,0
dense_support_q8_r05,dense_support,cost_model_x0.5,181.37774063715042,405,7615247,0.1179879,True,False,1,461,1,0
dense_support_q8_r05,dense_support,cost_model_x0.25,90.68887031857521,405,7615247,0.1134984,True,False,4041,281,1,0
dense_support_q8_r1,dense_support,wallclock_timing,,405,30460991,0.3836826,True,False,26887,177,9,0
dense_support_q8_r1,dense_support,constant_60,60.0,405,30460991,0.3513864,True,False,30966,126,1,0
dense_support_q8_r1,dense_support,constant_125,125.0,405,30460991,0.3233393,True,False,14392,387,1,0
dense_support_q8_r1,dense_support,constant_250,250.0,405,30460991,0.407458,True,False,3498,737,1,0
dense_support_q8_r1,dense_support,constant_500,500.0,405,30460991,0.4557588,True,False,1,921,1,0
dense_support_q8_r1,dense_support,cost_model,374.37645032354044,405,30460991,0.4622027,True,False,1,921,1,0
dense_support_q8_r1,dense_support,cost_model_x0.5,187.18822516177022,405,30460991,0.3654259,True,False,7595,576,1,0
dense_support_q8_r1,dense_support,cost_model_x0.25,93.59411258088511,405,30460991,0.3541016,True,False,20192,273,1,0
dense_support_q8_r2,dense_support,wallclock_timing,,405,121843964,1.0741065,True,False,25565,852,9,0
dense_support_q8_r2,dense_support,constant_60,60.0,405,121843964,1.0918599,True,False,91242,0,0,0
dense_support_q8_r2,dense_support,constant_125,125.0,405,121843964,0.9206719,True,False,59657,277,1,0
dense_support_q8_r2,dense_support,constant_250,250.0,405,121843964,1.2607298,True,False,28809,772,1,0
dense_support_q8_r2,dense_support,constant_500,500.0,405,121843964,1.429059,True,False,7018,1473,1,0
dense_support_q8_r2,dense_support,cost_model,392.9554258679335,405,121843964,1.2550433,True,False,13738,1202,1,0
dense_support_q8_r2,dense_support,cost_model_x0.5,196.47771293396676,405,121843964,0.9733852,True,False,38368,580,1,0
dense_support_q8_r2,dense_support,cost_model_x0.25,98.23885646698338,405,121843964,0.9036104,True,False,73199,141,1,0
dense_support_q12_r05,dense_support,wallclock_timing,,405,4302608,0.1233585,True,False,4470,171,3,0
dense_support_q12_r05,dense_support,constant_60,60.0,405,4302608,0.120835,True,False,3803,187,1,0
dense_support_q12_r05,dense_support,constant_125,125.0,405,4302608,0.1242224,True,False,1,347,1,0
dense_support_q12_r05,dense_support,constant_250,250.0,405,4302608,0.1242131,True,False,1,347,1,0
dense_support_q12_r05,dense_support,constant_500,500.0,405,4302608,0.1421217,True,False,1,347,1,0
dense_support_q12_r05,dense_support,cost_model,237.1021813958432,405,4302608,0.1472346,True,False,1,347,1,0
dense_support_q12_r05,dense_support,cost_model_x0.5,118.5510906979216,405,4302608,0.1544507,True,False,223,334,1,0
dense_support_q12_r05,dense_support,cost_model_x0.25,59.2755453489608,405,4302608,0.1194423,True,False,3882,185,1,0
dense_support_q12_r1,dense_support,wallclock_timing,,405,17210432,0.3657578,True,False,12457,258,5,0
dense_support_q12_r1,dense_support,constant_60,60.0,405,17210432,0.4030934,True,False,17834,163,1,0
dense_support_q12_r1,dense_support,constant_125,125.0,405,17210432,0.3970438,True,False,7104,389,1,0
dense_support_q12_r1,dense_support,constant_250,250.0,405,17210432,0.4978482,True,False,6,693,1,0
dense_support_q12_r1,dense_support,constant_500,500.0,405,17210432,0.5287927,True,False,1,693,1,0
dense_support_q12_r1,dense_support,cost_model,241.64168573212487,405,17210432,0.4788529,True,False,297,675,1,0
dense_support_q12_r1,dense_support,cost_model_x0.5,120.82084286606243,405,17210432,0.41717,True,False,7510,376,1,0
dense_support_q12_r1,dense_support,cost_model_x0.25,60.41042143303122,405,17210432,0.3698499,True,False,17713,165,1,0
dense_support_q12_r2,dense_support,wallclock_timing,,405,68841729,0.9900101,True,False,53085,130,15,0
dense_support_q12_r2,dense_support,constant_60,60.0,405,68841729,1.0653838,True,False,64749,27,1,0
dense_support_q12_r2,dense_support,constant_125,125.0,405,68841729,1.0047205,True,False,34352,346,1,0
dense_support_q12_r2,dense_support,constant_250,250.0,405,68841729,1.3477352,True,False,14208,776,1,0
dense_support_q12_r2,dense_support,constant_500,500.0,405,68841729,2.0094968,True,False,10,1384,1,0
dense_support_q12_r2,dense_support,cost_model,248.58105693558042,405,68841729,1.3844983,True,False,14335,772,1,0
dense_support_q12_r2,dense_support,cost_model_x0.5,124.29052846779021,405,68841729,1.0350182,True,False,34551,343,1,0
dense_support_q12_r2,dense_support,cost_model_x0.25,62.145264233895105,405,68841729,1.0573604,True,False,63039,40,1,0
collision_o2_g0_n1000000_r05,collision,wallclock_timing,,405,22361383,0.1185704,True,False,2492,667,5,0
collision_o2_g0_n1000000_r05,collision,constant_60,60.0,405,22361383,0.1597768,True,False,23038,149,1,0
collision_o2_g0_n1000000_r05,collision,constant_125,125.0,405,22361383,0.1113177,True,False,9943,390,1,0
collision_o2_g0_n1000000_r05,collision,constant_250,250.0,405,22361383,0.1054653,True,False,1316,715,1,0
collision_o2_g0_n1000000_r05,collision,constant_500,500.0,405,22361383,0.1071023,True,False,1,789,1,0
collision_o2_g0_n1000000_r05,collision,cost_model,728.0031665684888,405,22361383,0.1082643,True,False,1,789,1,0
collision_o2_g0_n1000000_r05,collision,cost_model_x0.5,364.0015832842444,405,22361383,0.1222796,True,False,1,789,1,0
collision_o2_g0_n1000000_r05,collision,cost_model_x0.25,182.0007916421222,405,22361383,0.1366725,True,False,4941,552,1,0
collision_o2_g0_n1000000_r1,collision,wallclock_timing,,405,89445535,0.3743185,True,False,12763,996,5,0
collision_o2_g0_n1000000_r1,collision,constant_60,60.0,405,89445535,0.5300636,True,False,78185,0,0,0
collision_o2_g0_n1000000_r1,collision,constant_125,125.0,405,89445535,0.4369672,True,False,44408,320,1,0
collision_o2_g0_n1000000_r1,collision,constant_250,250.0,405,89445535,0.3360531,True,False,19937,778,1,0
collision_o2_g0_n1000000_r1,collision,constant_500,500.0,405,89445535,0.4106756,True,False,2641,1428,1,0
collision_o2_g0_n1000000_r1,collision,cost_model,775.1598234648103,405,89445535,0.4296078,True,False,1,1577,1,0
collision_o2_g0_n1000000_r1,collision,cost_model_x0.5,387.57991173240515,405,89445535,0.3729165,True,False,8290,1163,1,0
collision_o2_g0_n1000000_r1,collision,cost_model_x0.25,193.78995586620258,405,89445535,0.350298,True,False,27955,591,1,0
collision_o2_g1_n1000000_r05,collision,wallclock_timing,,405,78119729,0.4215764,True,False,3253,1222,5,0
collision_o2_g1_n1000000_r05,collision,constant_60,60.0,405,78119729,0.7654416,True,False,67984,219,1,0
collision_o2_g1_n1000000_r05,collision,constant_125,125.0,405,78119729,0.5138934,True,False,31751,549,1,0
collision_o2_g1_n1000000_r05,collision,constant_250,250.0,405,78119729,0.3747678,True,False,10669,961,1,0
collision_o2_g1_n1000000_r05,collision,constant_500,500.0,405,78119729,0.3695678,True,False,1,1369,1,0
collision_o2_g1_n1000000_r05,collision,cost_model,1062.8147114595884,405,78119729,0.4042887,True,False,1,1369,1,0
collision_o2_g1_n1000000_r05,collision,cost_model_x0.5,531.4073557297942,405,78119729,0.389265,True,False,1,1369,1,0
collision_o2_g1_n1000000_r05,collision,cost_model_x0.25,265.7036778648971,405,78119729,0.3735608,True,False,9317,1002,1,0
collision_o2_g2_n1000000_r05,collision,wallclock_timing,,405,115123229,0.5829748,True,False,1014,1521,3,0
collision_o2_g2_n1000000_r05,collision,constant_60,60.0,405,115123229,1.2984285,True,False,93342,340,1,0
collision_o2_g2_n1000000_r05,collision,constant_125,125.0,405,115123229,0.7523345,True,False,41715,702,1,0
collision_o2_g2_n1000000_r05,collision,constant_250,250.0,405,115123229,0.6493169,True,False,13905,1127,1,0
collision_o2_g2_n1000000_r05,collision,constant_500,500.0,405,115123229,0.5498939,True,False,1,1562,1,0
collision_o2_g2_n1000000_r05,collision,cost_model,1163.8590874864715,405,115123229,0.5976977,True,False,1,1562,1,0
collision_o2_g2_n1000000_r05,collision,cost_model_x0.5,581.9295437432357,405,115123229,0.5511394,True,False,1,1562,1,0
collision_o2_g2_n1000000_r05,collision,cost_model_x0.25,290.96477187161787,405,115123229,0.5522485,True,False,9666,1231,1,0
dimerization_r05,dimerization,wallclock_timing,,406,7486081,0.1476201,True,False,13629,322,8,0
dimerization_r05,dimerization,constant_60,60.0,406,7486081,0.1654457,True,False,15672,0,0,0
dimerization_r05,dimerization,constant_125,125.0,406,7486081,0.1642669,True,False,15672,0,0,0
dimerization_r05,dimerization,constant_250,250.0,406,7486081,0.1563867,True,False,15672,0,0,0
dimerization_r05,dimerization,constant_500,500.0,406,7486081,0.1330053,True,False,1,2369,1,0
dimerization_r05,dimerization,cost_model,876.9217514218748,406,7486081,0.1338133,True,False,1,2369,1,0
dimerization_r05,dimerization,cost_model_x0.5,438.4608757109374,406,7486081,0.1325702,True,False,1,2369,1,0
dimerization_r05,dimerization,cost_model_x0.25,219.2304378554687,406,7486081,0.147382,True,False,15672,0,0,0
dimerization_r1,dimerization,wallclock_timing,,406,29944326,0.3162146,True,False,31232,8,8,0
dimerization_r1,dimerization,constant_60,60.0,406,29944326,0.3306593,True,False,31279,0,0,0
dimerization_r1,dimerization,constant_125,125.0,406,29944326,0.2982265,True,False,31279,0,0,0
dimerization_r1,dimerization,constant_250,250.0,406,29944326,0.2894289,True,False,31279,0,0,0
dimerization_r1,dimerization,constant_500,500.0,406,29944326,0.2915204,True,False,31279,0,0,0
dimerization_r1,dimerization,cost_model,931.4985322705442,406,29944326,0.5620838,True,False,1,4736,1,0
dimerization_r1,dimerization,cost_model_x0.5,465.7492661352721,406,29944326,0.2948294,True,False,31279,0,0,0
dimerization_r1,dimerization,cost_model_x0.25,232.87463306763604,406,29944326,0.2808317,True,False,31279,0,0,0
lotka_volterra_r05,lotka_volterra,wallclock_timing,,406,179940,0.3780834,True,False,40456,1492,28,0
lotka_volterra_r05,lotka_volterra,constant_60,60.0,406,179940,0.3977295,True,False,44554,0,0,0
lotka_volterra_r05,lotka_volterra,constant_125,125.0,406,179940,0.4023434,True,False,44554,0,0,0
lotka_volterra_r05,lotka_volterra,constant_250,250.0,406,179940,0.279775,True,False,19031,10183,7,0
lotka_volterra_r05,lotka_volterra,constant_500,500.0,406,179940,0.1957738,True,False,1,17108,1,0
lotka_volterra_r05,lotka_volterra,cost_model,727.0380042190227,406,179940,0.1948029,True,False,1,17108,1,0
lotka_volterra_r05,lotka_volterra,cost_model_x0.5,363.51900210951135,406,179940,0.1998283,True,False,1,17108,1,0
lotka_volterra_r05,lotka_volterra,cost_model_x0.25,181.75950105475567,406,179940,0.3925441,True,False,44554,0,0,0
lotka_volterra_r1,lotka_volterra,wallclock_timing,,406,719761,0.9153861,True,False,83022,2297,48,0
lotka_volterra_r1,lotka_volterra,constant_60,60.0,406,719761,0.8713621,True,False,89185,0,0,0
lotka_volterra_r1,lotka_volterra,constant_125,125.0,406,719761,0.9115944,True,False,89185,0,0,0
lotka_volterra_r1,lotka_volterra,constant_250,250.0,406,719761,0.9683401,True,False,89185,0,0,0
lotka_volterra_r1,lotka_volterra,constant_500,500.0,406,719761,0.8334314,True,False,37961,20335,7,0
lotka_volterra_r1,lotka_volterra,cost_model,757.789328062881,406,719761,0.8522045,True,False,1,34236,1,0
lotka_volterra_r1,lotka_volterra,cost_model_x0.5,378.8946640314405,406,719761,0.8976138,True,False,89185,0,0,0
lotka_volterra_r1,lotka_volterra,cost_model_x0.25,189.44733201572026,406,719761,0.9028269,True,False,89185,0,0,0
lotka_volterra_r2,lotka_volterra,wallclock_timing,,406,2879044,1.8376627,True,False,177018,474,60,0
lotka_volterra_r2,lotka_volterra,constant_60,60.0,406,2879044,1.9226649,True,False,178191,0,0,0
lotka_volterra_r2,lotka_volterra,constant_125,125.0,406,2879044,1.7472734,True,False,178191,0,0,0
lotka_volterra_r2,lotka_volterra,constant_250,250.0,406,2879044,1.8371211,True,False,178191,0,0,0
lotka_volterra_r2,lotka_volterra,constant_500,500.0,406,2879044,1.8415072,True,False,178191,0,0,0
lotka_volterra_r2,lotka_volterra,cost_model,804.9996298765527,406,2879044,1.8222199,True,False,150765,12179,7,0
lotka_volterra_r2,lotka_volterra,cost_model_x0.5,402.49981493827636,406,2879044,1.7060194,True,False,178191,0,0,0
lotka_volterra_r2,lotka_volterra,cost_model_x0.25,201.24990746913818,406,2879044,1.6567492,True,False,178191,0,0,0
shrinking_r05,shrinking,wallclock_timing,,406,342703,0.0141925,True,False,2360,4,4,0
shrinking_r05,shrinking,constant_60,60.0,406,342703,0.0132603,True,False,1925,243,1,0
shrinking_r05,shrinking,constant_125,125.0,406,342703,0.0124844,True,False,1392,521,1,0
shrinking_r05,shrinking,constant_250,250.0,406,342703,0.0080054,True,False,294,1037,1,0
shrinking_r05,shrinking,constant_500,500.0,406,342703,0.0064302,True,False,1,1171,1,0
shrinking_r05,shrinking,cost_model,544.0582811864226,406,342703,0.0068043,True,False,1,1171,1,0
shrinking_r05,shrinking,cost_model_x0.5,272.0291405932113,406,342703,0.007074,True,False,107,1124,1,0
shrinking_r05,shrinking,cost_model_x0.25,136.01457029660565,406,342703,0.009132,True,False,1291,567,1,0
shrinking_r1,shrinking,wallclock_timing,,406,1370812,0.0264646,True,False,4737,2,2,0
shrinking_r1,shrinking,constant_60,60.0,406,1370812,0.0262114,True,False,4375,233,1,0
shrinking_r1,shrinking,constant_125,125.0,406,1370812,0.0239264,True,False,3809,506,1,0
shrinking_r1,shrinking,constant_250,250.0,406,1370812,0.0221493,True,False,2738,1025,1,0
shrinking_r1,shrinking,constant_500,500.0,406,1370812,0.0250341,True,False,576,2063,1,0
shrinking_r1,shrinking,cost_model,577.897910766499,406,1370812,0.0281178,True,False,1,2332,1,0
shrinking_r1,shrinking,cost_model_x0.5,288.9489553832495,406,1370812,0.0241268,True,False,2388,1188,1,0
shrinking_r1,shrinking,cost_model_x0.25,144.47447769162474,406,1370812,0.0279275,True,False,3652,588,1,0
shrinking_r2,shrinking,wallclock_timing,,406,5483250,0.0659824,True,False,9643,4,4,0
shrinking_r2,shrinking,constant_60,60.0,406,5483250,0.0668682,True,False,9197,221,1,0
shrinking_r2,shrinking,constant_125,125.0,406,5483250,0.051456,True,False,8634,490,1,0
shrinking_r2,shrinking,constant_250,250.0,406,5483250,0.0501453,True,False,7553,1011,1,0
shrinking_r2,shrinking,constant_500,500.0,406,5483250,0.053946,True,False,5404,2045,1,0
shrinking_r2,shrinking,cost_model,636.0096349670639,406,5483250,0.0696763,True,False,4230,2611,1,0
shrinking_r2,shrinking,cost_model_x0.5,318.00481748353195,406,5483250,0.0514409,True,False,6965,1290,1,0
shrinking_r2,shrinking,cost_model_x0.25,159.00240874176598,406,5483250,0.0546974,True,False,8342,629,1,0
shrinking_no_b_decay_r05,shrinking,wallclock_timing,,406,1108596,0.0231742,True,False,3480,191,5,0
shrinking_no_b_decay_r05,shrinking,constant_60,60.0,406,1108596,0.0237499,True,False,3492,134,1,0
shrinking_no_b_decay_r05,shrinking,constant_125,125.0,406,1108596,0.0176482,True,False,2182,286,1,0
shrinking_no_b_decay_r05,shrinking,constant_250,250.0,406,1108596,0.0125793,True,False,591,615,1,0
shrinking_no_b_decay_r05,shrinking,constant_500,500.0,406,1108596,0.0118055,True,False,1,773,1,0
shrinking_no_b_decay_r05,shrinking,cost_model,615.9818556111519,406,1108596,0.0111974,True,False,1,773,1,0
shrinking_no_b_decay_r05,shrinking,cost_model_x0.5,307.99092780557595,406,1108596,0.0110856,True,False,1,773,1,0
shrinking_no_b_decay_r05,shrinking,cost_model_x0.25,153.99546390278798,406,1108596,0.015276,True,False,1747,359,1,0
shrinking_no_b_decay_r1,shrinking,wallclock_timing,,406,4434387,0.0703198,True,False,10929,76,5,0
shrinking_no_b_decay_r1,shrinking,constant_60,60.0,406,4434387,0.0598477,True,False,9132,131,1,0
shrinking_no_b_decay_r1,shrinking,constant_125,125.0,406,4434387,0.0524473,True,False,6840,275,1,0
shrinking_no_b_decay_r1,shrinking,constant_250,250.0,406,4434387,0.0434947,True,False,4335,570,1,0
shrinking_no_b_decay_r1,shrinking,constant_500,500.0,406,4434387,0.0432928,True,False,1164,1228,1,0
shrinking_no_b_decay_r1,shrinking,cost_model,657.5600996857365,406,4434387,0.0490166,True,False,1,1542,1,0
shrinking_no_b_decay_r1,shrinking,cost_model_x0.5,328.78004984286827,406,4434387,0.0444558,True,False,3206,769,1,0
shrinking_no_b_decay_r1,shrinking,cost_model_x0.25,164.39002492143413,406,4434387,0.0538557,True,False,5909,366,1,0
shrinking_no_b_decay_r2,shrinking,wallclock_timing,,406,17737550,0.1423626,True,False,17119,326,7,0
shrinking_no_b_decay_r2,shrinking,constant_60,60.0,406,17737550,0.1722939,True,False,22523,129,1,0
shrinking_no_b_decay_r2,shrinking,constant_125,125.0,406,17737550,0.1461189,True,False,18170,269,1,0
shrinking_no_b_decay_r2,shrinking,constant_250,250.0,406,17737550,0.128718,True,False,13717,545,1,0
shrinking_no_b_decay_r2,shrinking,constant_500,500.0,406,17737550,0.1284897,True,False,8655,1137,1,0
shrinking_no_b_decay_r2,shrinking,cost_model,729.6023497822766,406,17737550,0.1274952,True,False,5390,1719,1,0
shrinking_no_b_decay_r2,shrinking,cost_model_x0.5,364.8011748911383,406,17737550,0.1091197,True,False,11074,811,1,0
shrinking_no_b_decay_r2,shrinking,cost_model_x0.25,182.40058744556916,406,17737550,0.1203437,True,False,15813,395,1,0
shrinking_split_b_decay_r05,shrinking,wallclock_timing,,406,298581,0.0135498,True,False,2220,2,2,0
shrinking_split_b_decay_r05,shrinking,constant_60,60.0,406,298581,0.0111973,True,False,1729,245,1,0
shrinking_split_b_decay_r05,shrinking,constant_125,125.0,406,298581,0.0091559,True,False,1171,516,1,0
shrinking_split_b_decay_r05,shrinking,constant_250,250.0,406,298581,0.0075626,True,False,118,1033,1,0
shrinking_split_b_decay_r05,shrinking,constant_500,500.0,406,298581,0.0075942,True,False,1,1092,1,0
shrinking_split_b_decay_r05,shrinking,cost_model,496.2802133398286,406,298581,0.007585,True,False,1,1092,1,0
shrinking_split_b_decay_r05,shrinking,cost_model_x0.5,248.1401066699143,406,298581,0.0076125,True,False,132,1029,1,0
shrinking_split_b_decay_r05,shrinking,cost_model_x0.25,124.07005333495715,406,298581,0.0091942,True,False,1179,515,1,0
shrinking_split_b_decay_r1,shrinking,wallclock_timing,,406,1194326,0.0276793,True,False,4495,2,2,0
shrinking_split_b_decay_r1,shrinking,constant_60,60.0,406,1194326,0.0268933,True,False,4061,239,1,0
shrinking_split_b_decay_r1,shrinking,constant_125,125.0,406,1194326,0.0242978,True,False,3484,511,1,0
shrinking_split_b_decay_r1,shrinking,constant_250,250.0,406,1194326,0.022088,True,False,2407,1031,1,0
shrinking_split_b_decay_r1,shrinking,constant_500,500.0,406,1194326,0.0267724,True,False,253,2062,1,0
shrinking_split_b_decay_r1,shrinking,cost_model,524.5670125279418,406,1194326,0.0277551,True,False,32,2165,1,0
shrinking_split_b_decay_r1,shrinking,cost_model_x0.5,262.2835062639709,406,1194326,0.0222912,True,False,2295,1079,1,0
shrinking_split_b_decay_r1,shrinking,cost_model_x0.25,131.14175313198544,406,1194326,0.025358,True,False,3430,532,1,0
shrinking_split_b_decay_r2,shrinking,wallclock_timing,,406,4777304,0.0634429,True,False,8941,4,4,0
shrinking_split_b_decay_r2,shrinking,constant_60,60.0,406,4777304,0.0634344,True,False,8581,222,1,0
shrinking_split_b_decay_r2,shrinking,constant_125,125.0,406,4777304,0.0624203,True,False,8058,491,1,0
shrinking_split_b_decay_r2,shrinking,constant_250,250.0,406,4777304,0.0600097,True,False,6974,1011,1,0
shrinking_split_b_decay_r2,shrinking,constant_500,500.0,406,4777304,0.0688501,True,False,4812,2056,1,0
shrinking_split_b_decay_r2,shrinking,cost_model,572.7418683444771,406,4777304,0.0752385,True,False,4191,2350,1,0
shrinking_split_b_decay_r2,shrinking,cost_model_x0.5,286.37093417223855,406,4777304,0.0558918,True,False,6663,1163,1,0
shrinking_split_b_decay_r2,shrinking,cost_model_x0.25,143.18546708611927,406,4777304,0.0527369,True,False,7901,568,1,0
shrinking_b_decay_channels_1_r05,branch_count,wallclock_timing,,406,357951,0.0144121,True,False,2448,2,2,0
shrinking_b_decay_channels_1_r05,branch_count,constant_60,60.0,406,357951,0.0118926,True,False,1958,248,1,0
shrinking_b_decay_channels_1_r05,branch_count,constant_125,125.0,406,357951,0.0099449,True,False,1409,515,1,0
shrinking_b_decay_channels_1_r05,branch_count,constant_250,250.0,406,357951,0.0080349,True,False,338,1036,1,0
shrinking_b_decay_channels_1_r05,branch_count,constant_500,500.0,406,357951,0.0078223,True,False,1,1195,1,0
shrinking_b_decay_channels_1_r05,branch_count,cost_model,544.8928140153258,406,357951,0.0076671,True,False,1,1195,1,0
shrinking_b_decay_channels_1_r05,branch_count,cost_model_x0.5,272.4464070076629,406,357951,0.009654,True,False,153,1133,1,0
shrinking_b_decay_channels_1_r05,branch_count,cost_model_x0.25,136.22320350383146,406,357951,0.0094985,True,False,1316,563,1,0
shrinking_b_decay_channels_1_r1,branch_count,wallclock_timing,,406,1431807,0.0302833,True,False,4933,2,2,0
shrinking_b_decay_channels_1_r1,branch_count,constant_60,60.0,406,1431807,0.0278162,True,False,4465,236,1,0
shrinking_b_decay_channels_1_r1,branch_count,constant_125,125.0,406,1431807,0.0255644,True,False,3890,510,1,0
shrinking_b_decay_channels_1_r1,branch_count,constant_250,250.0,406,1431807,0.0245067,True,False,2823,1028,1,0
shrinking_b_decay_channels_1_r1,branch_count,constant_500,500.0,406,1431807,0.0268232,True,False,683,2063,1,0
shrinking_b_decay_channels_1_r1,branch_count,cost_model,579.2665840985251,406,1431807,0.0299233,True,False,1,2384,1,0
shrinking_b_decay_channels_1_r1,branch_count,cost_model_x0.5,289.63329204926254,406,1431807,0.0235979,True,False,2480,1191,1,0
shrinking_b_decay_channels_1_r1,branch_count,cost_model_x0.25,144.81664602463127,406,1431807,0.0254267,True,False,3730,590,1,0
shrinking_b_decay_channels_1_r2,branch_count,wallclock_timing,,406,5727229,0.0607386,True,False,9896,4,4,0
shrinking_b_decay_channels_1_r2,branch_count,constant_60,60.0,406,5727229,0.0620761,True,False,9408,219,1,0
shrinking_b_decay_channels_1_r2,branch_count,constant_125,125.0,406,5727229,0.0602554,True,False,8842,486,1,0
shrinking_b_decay_channels_1_r2,branch_count,constant_250,250.0,406,5727229,0.0624659,True,False,7751,1010,1,0
shrinking_b_decay_channels_1_r2,branch_count,constant_500,500.0,406,5727229,0.0664106,True,False,5610,2047,1,0
shrinking_b_decay_channels_1_r2,branch_count,cost_model,638.4465574594063,406,5727229,0.0747545,True,False,4443,2621,1,0
shrinking_b_decay_channels_1_r2,branch_count,cost_model_x0.5,319.22327872970317,406,5727229,0.0645628,True,False,7161,1298,1,0
shrinking_b_decay_channels_1_r2,branch_count,cost_model_x0.25,159.61163936485158,406,5727229,0.0658918,True,False,8544,634,1,0
shrinking_b_decay_channels_2_r05,branch_count,wallclock_timing,,406,332340,0.0182181,True,False,2341,2,2,0
shrinking_b_decay_channels_2_r05,branch_count,constant_60,60.0,406,332340,0.0138975,True,False,1849,249,1,0
shrinking_b_decay_channels_2_r05,branch_count,constant_125,125.0,406,332340,0.0112655,True,False,1295,516,1,0
shrinking_b_decay_channels_2_r05,branch_count,constant_250,250.0,406,332340,0.009709,True,False,235,1035,1,0
shrinking_b_decay_channels_2_r05,branch_count,constant_500,500.0,406,332340,0.0097587,True,False,1,1154,1,0
shrinking_b_decay_channels_2_r05,branch_count,cost_model,498.0234392861981,406,332340,0.0095053,True,False,1,1154,1,0
shrinking_b_decay_channels_2_r05,branch_count,cost_model_x0.5,249.01171964309904,406,332340,0.0106513,True,False,243,1031,1,0
shrinking_b_decay_channels_2_r05,branch_count,cost_model_x0.25,124.50585982154952,406,332340,0.0116339,True,False,1299,514,1,0
shrinking_b_decay_channels_2_r1,branch_count,wallclock_timing,,406,1329360,0.0350611,True,False,4754,4,4,0
shrinking_b_decay_channels_2_r1,branch_count,constant_60,60.0,406,1329360,0.0270879,True,False,4261,239,1,0
shrinking_b_decay_channels_2_r1,branch_count,constant_125,125.0,406,1329360,0.0234908,True,False,3699,506,1,0
shrinking_b_decay_channels_2_r1,branch_count,constant_250,250.0,406,1329360,0.0227632,True,False,2642,1027,1,0
shrinking_b_decay_channels_2_r1,branch_count,constant_500,500.0,406,1329360,0.0293558,True,False,481,2063,1,0
shrinking_b_decay_channels_2_r1,branch_count,cost_model,527.4043832284837,406,1329360,0.0295668,True,False,247,2182,1,0
shrinking_b_decay_channels_2_r1,branch_count,cost_model_x0.5,263.7021916142418,406,1329360,0.0235206,True,False,2528,1083,1,0
shrinking_b_decay_channels_2_r1,branch_count,cost_model_x0.25,131.8510958071209,406,1329360,0.0251407,True,False,3639,533,1,0
shrinking_b_decay_channels_2_r2,branch_count,wallclock_timing,,406,5317440,0.0617095,True,False,9518,4,4,0
shrinking_b_decay_channels_2_r2,branch_count,constant_60,60.0,406,5317440,0.059504,True,False,9065,221,1,0
shrinking_b_decay_channels_2_r2,branch_count,constant_125,125.0,406,5317440,0.0563933,True,False,8486,490,1,0
shrinking_b_decay_channels_2_r2,branch_count,constant_250,250.0,406,5317440,0.0566996,True,False,7432,1011,1,0
shrinking_b_decay_channels_2_r2,branch_count,constant_500,500.0,406,5317440,0.0645314,True,False,5254,2047,1,0
shrinking_b_decay_channels_2_r2,branch_count,cost_model,577.767632966904,406,5317440,0.0661424,True,False,4576,2371,1,0
shrinking_b_decay_channels_2_r2,branch_count,cost_model_x0.5,288.883816483452,406,5317440,0.0626123,True,False,7113,1169,1,0
shrinking_b_decay_channels_2_r2,branch_count,cost_model_x0.25,144.441908241726,406,5317440,0.0642957,True,False,8331,573,1,0
shrinking_b_decay_channels_4_r05,branch_count,wallclock_timing,,406,190960,0.0071611,True,False,280,745,3,0
shrinking_b_decay_channels_4_r05,branch_count,constant_60,60.0,406,190960,0.0109263,True,False,1270,247,1,0
shrinking_b_decay_channels_4_r05,branch_count,constant_125,125.0,406,190960,0.0077593,True,False,720,519,1,0
shrinking_b_decay_channels_4_r05,branch_count,constant_250,250.0,406,190960,0.00712,True,False,1,875,1,0
shrinking_b_decay_channels_4_r05,branch_count,constant_500,500.0,406,190960,0.0070788,True,False,1,875,1,0
shrinking_b_decay_channels_4_r05,branch_count,cost_model,427.11375923733834,406,190960,0.0066386,True,False,1,875,1,0
shrinking_b_decay_channels_4_r05,branch_count,cost_model_x0.5,213.55687961866917,406,190960,0.006819,True,False,1,875,1,0
shrinking_b_decay_channels_4_r05,branch_count,cost_model_x0.25,106.77843980933459,406,190960,0.0085109,True,False,883,443,1,0
shrinking_b_decay_channels_4_r1,branch_count,wallclock_timing,,406,763841,0.0264867,True,False,3636,2,2,0
shrinking_b_decay_channels_4_r1,branch_count,constant_60,60.0,406,763841,0.0240181,True,False,3104,242,1,0
shrinking_b_decay_channels_4_r1,branch_count,constant_125,125.0,406,763841,0.0229357,True,False,2559,512,1,0
shrinking_b_decay_channels_4_r1,branch_count,constant_250,250.0,406,763841,0.0212482,True,False,1472,1032,1,0
shrinking_b_decay_channels_4_r1,branch_count,constant_500,500.0,406,763841,0.0282448,True,False,1,1742,1,0
shrinking_b_decay_channels_4_r1,branch_count,cost_model,446.6452507773898,406,763841,0.0259429,True,False,1,1742,1,0
shrinking_b_decay_channels_4_r1,branch_count,cost_model_x0.5,223.3226253886949,406,763841,0.0206002,True,False,1694,925,1,0
shrinking_b_decay_channels_4_r1,branch_count,cost_model_x0.25,111.66131269434744,406,763841,0.0238338,True,False,2673,455,1,0
shrinking_b_decay_channels_4_r2,branch_count,wallclock_timing,,406,3055364,0.0563901,True,False,7187,2,2,0
shrinking_b_decay_channels_4_r2,branch_count,constant_60,60.0,406,3055364,0.0538753,True,False,6716,228,1,0
shrinking_b_decay_channels_4_r2,branch_count,constant_125,125.0,406,3055364,0.0528636,True,False,6172,499,1,0
shrinking_b_decay_channels_4_r2,branch_count,constant_250,250.0,406,3055364,0.0502899,True,False,5116,1017,1,0
shrinking_b_decay_channels_4_r2,branch_count,constant_500,500.0,406,3055364,0.0602751,True,False,2922,2059,1,0
shrinking_b_decay_channels_4_r2,branch_count,cost_model,478.95873999982166,406,3055364,0.0591293,True,False,3111,1965,1,0
shrinking_b_decay_channels_4_r2,branch_count,cost_model_x0.5,239.47936999991083,406,3055364,0.0494581,True,False,5204,974,1,0
shrinking_b_decay_channels_4_r2,branch_count,cost_model_x0.25,119.73968499995541,406,3055364,0.051378,True,False,6214,476,1,0
shrinking_b_decay_channels_8_r05,branch_count,wallclock_timing,,406,90594,0.0090962,True,False,1221,2,2,0
shrinking_b_decay_channels_8_r05,branch_count,constant_60,60.0,406,90594,0.0069653,True,False,741,248,1,0
shrinking_b_decay_channels_8_r05,branch_count,constant_125,125.0,406,90594,0.0050996,True,False,178,520,1,0
shrinking_b_decay_channels_8_r05,branch_count,constant_250,250.0,406,90594,0.0057695,True,False,1,609,1,0
shrinking_b_decay_channels_8_r05,branch_count,constant_500,500.0,406,90594,0.0049671,True,False,1,609,1,0
shrinking_b_decay_channels_8_r05,branch_count,cost_model,349.54916218998983,406,90594,0.0050308,True,False,1,609,1,0
shrinking_b_decay_channels_8_r05,branch_count,cost_model_x0.5,174.77458109499491,406,90594,0.0050108,True,False,1,609,1,0
shrinking_b_decay_channels_8_r05,branch_count,cost_model_x0.25,87.38729054749746,406,90594,0.0058336,True,False,508,364,1,0
shrinking_b_decay_channels_8_r1,branch_count,wallclock_timing,,406,362378,0.0195341,True,False,2528,2,2,0
shrinking_b_decay_channels_8_r1,branch_count,constant_60,60.0,406,362378,0.0169996,True,False,1968,247,1,0
shrinking_b_decay_channels_8_r1,branch_count,constant_125,125.0,406,362378,0.0162677,True,False,1428,518,1,0
shrinking_b_decay_channels_8_r1,branch_count,constant_250,250.0,406,362378,0.0171233,True,False,361,1039,1,0
shrinking_b_decay_channels_8_r1,branch_count,constant_500,500.0,406,362378,0.0185276,True,False,1,1204,1,0
shrinking_b_decay_channels_8_r1,branch_count,cost_model,360.7170256521287,406,362378,0.0195222,True,False,1,1204,1,0
shrinking_b_decay_channels_8_r1,branch_count,cost_model_x0.5,180.35851282606436,406,362378,0.0155596,True,False,945,742,1,0
shrinking_b_decay_channels_8_r1,branch_count,cost_model_x0.25,90.17925641303218,406,362378,0.0166412,True,False,1708,377,1,0
shrinking_b_decay_channels_8_r2,branch_count,wallclock_timing,,406,1449512,0.04179,True,False,4938,4,4,0
shrinking_b_decay_channels_8_r2,branch_count,constant_60,60.0,406,1449512,0.039238,True,False,4563,235,1,0
shrinking_b_decay_channels_8_r2,branch_count,constant_125,125.0,406,1449512,0.0381501,True,False,3993,507,1,0
shrinking_b_decay_channels_8_r2,branch_count,constant_250,250.0,406,1449512,0.0400595,True,False,2943,1030,1,0
shrinking_b_decay_channels_8_r2,branch_count,constant_500,500.0,406,1449512,0.0599972,True,False,722,2065,1,0
shrinking_b_decay_channels_8_r2,branch_count,cost_model,378.2062802764907,406,1449512,0.0496583,True,False,1802,1556,1,0
shrinking_b_decay_channels_8_r2,branch_count,cost_model_x0.5,189.10314013824535,406,1449512,0.0369644,True,False,3448,774,1,0
shrinking_b_decay_channels_8_r2,branch_count,cost_model_x0.25,94.55157006912268,406,1449512,0.0391533,True,False,4273,381,1,0
dense_support_q4_r05,dense_support,wallclock_timing,,406,27747879,0.1467969,True,False,6337,584,3,0
dense_support_q4_r05,dense_support,constant_60,60.0,406,27747879,0.2218252,True,False,28495,134,1,0
dense_support_q4_r05,dense_support,constant_125,125.0,406,27747879,0.1379017,True,False,13066,388,1,0
dense_support_q4_r05,dense_support,constant_250,250.0,406,27747879,0.1271866,True,False,2782,731,1,0
dense_support_q4_r05,dense_support,constant_500,500.0,406,27747879,0.1309093,True,False,1,879,1,0
dense_support_q4_r05,dense_support,cost_model,733.9299421413416,406,27747879,0.1355874,True,False,1,879,1,0
dense_support_q4_r05,dense_support,cost_model_x0.5,366.9649710706708,406,27747879,0.1431169,True,False,1,879,1,0
dense_support_q4_r05,dense_support,cost_model_x0.25,183.4824855353354,406,27747879,0.1463346,True,False,6914,563,1,0
dense_support_q4_r1,dense_support,wallclock_timing,,406,110991516,0.4670161,True,False,26475,768,9,0
dense_support_q4_r1,dense_support,constant_60,60.0,406,110991516,0.6234401,True,False,87562,0,0,0
dense_support_q4_r1,dense_support,constant_125,125.0,406,110991516,0.5213705,True,False,54982,291,1,0
dense_support_q4_r1,dense_support,constant_250,250.0,406,110991516,0.4510606,True,False,26063,775,1,0
dense_support_q4_r1,dense_support,constant_500,500.0,406,110991516,0.476912,True,False,5580,1460,1,0
dense_support_q4_r1,dense_support,cost_model,784.9494027582399,406,110991516,0.5949861,True,False,1,1758,1,0
dense_support_q4_r1,dense_support,cost_model_x0.5,392.47470137911995,406,110991516,0.4728152,True,False,11987,1194,1,0
dense_support_q4_r1,dense_support,cost_model_x0.25,196.23735068955997,406,110991516,0.4218605,True,False,35031,587,1,0
dense_support_q6_r05,dense_support,wallclock_timing,,406,16382894,0.1359415,True,False,3579,499,3,0
dense_support_q6_r05,dense_support,constant_60,60.0,406,16382894,0.1824844,True,False,17198,165,1,0
dense_support_q6_r05,dense_support,constant_125,125.0,406,16382894,0.138158,True,False,6689,388,1,0
dense_support_q6_r05,dense_support,constant_250,250.0,406,16382894,0.1484036,True,False,1,676,1,0
dense_support_q6_r05,dense_support,constant_500,500.0,406,16382894,0.1251693,True,False,1,676,1,0
dense_support_q6_r05,dense_support,cost_model,501.4841754008458,406,16382894,0.1272635,True,False,1,676,1,0
dense_support_q6_r05,dense_support,cost_model_x0.5,250.7420877004229,406,16382894,0.1285797,True,False,1,676,1,0
dense_support_q6_r05,dense_support,cost_model_x0.25,125.37104385021145,406,16382894,0.1238892,True,False,6653,389,1,0
dense_support_q6_r1,dense_support,wallclock_timing,,406,65531576,0.4347295,True,False,26178,470,11,0
dense_support_q6_r1,dense_support,constant_60,60.0,406,65531576,0.5704616,True,False,62333,35,1,0
dense_support_q6_r1,dense_support,constant_125,125.0,406,65531576,0.4179661,True,False,32856,350,1,0
dense_support_q6_r1,dense_support,constant_250,250.0,406,65531576,0.4612561,True,False,13432,775,1,0
dense_support_q6_r1,dense_support,constant_500,500.0,406,65531576,0.5114518,True,False,1,1351,1,0
dense_support_q6_r1,dense_support,cost_model,525.8795973198837,406,65531576,0.4996474,True,False,1,1351,1,0
dense_support_q6_r1,dense_support,cost_model_x0.5,262.93979865994186,406,65531576,0.4149011,True,False,12254,812,1,0
dense_support_q6_r1,dense_support,cost_model_x0.25,131.46989932997093,406,65531576,0.4329447,True,False,31188,377,1,0
dense_support_q8_r05,dense_support,wallclock_timing,,406,7615247,0.096093,True,False,1589,377,3,0
dense_support_q8_r05,dense_support,constant_60,60.0,406,7615247,0.1135152,True,False,7632,185,1,0
dense_support_q8_r05,dense_support,constant_125,125.0,406,7615247,0.0990445,True,False,1755,370,1,0
dense_support_q8_r05,dense_support,constant_250,250.0,406,7615247,0.1025525,True,False,1,461,1,0
dense_support_q8_r05,dense_support,constant_500,500.0,406,7615247,0.1085654,True,False,1,461,1,0
dense_support_q8_r05,dense_support,cost_model,362.75548127430085,406,7615247,0.1177167,True,False,1,461,1,0
dense_support_q8_r05,dense_support,cost_model_x0.5,181.37774063715042,406,7615247,0.1176223,True,False,1,461,1,0
dense_support_q8_r05,dense_support,cost_model_x0.25,90.68887031857521,406,7615247,0.1162373,True,False,4088,281,1,0
dense_support_q8_r1,dense_support,wallclock_timing,,406,30460991,0.4183598,True,False,41243,41,15,0
dense_support_q8_r1,dense_support,constant_60,60.0,406,30460991,0.3631142,True,False,31063,127,1,0
dense_support_q8_r1,dense_support,constant_125,125.0,406,30460991,0.3139054,True,False,14535,387,1,0
dense_support_q8_r1,dense_support,constant_250,250.0,406,30460991,0.3519072,True,False,3534,737,1,0
dense_support_q8_r1,dense_support,constant_500,500.0,406,30460991,0.3991792,True,False,1,921,1,0
dense_support_q8_r1,dense_support,cost_model,374.37645032354044,406,30460991,0.4030298,True,False,1,921,1,0
dense_support_q8_r1,dense_support,cost_model_x0.5,187.18822516177022,406,30460991,0.3277415,True,False,7633,576,1,0
dense_support_q8_r1,dense_support,cost_model_x0.25,93.59411258088511,406,30460991,0.3336653,True,False,20394,273,1,0
dense_support_q8_r2,dense_support,wallclock_timing,,406,121843964,0.9736741,True,False,34605,659,11,0
dense_support_q8_r2,dense_support,constant_60,60.0,406,121843964,1.0340713,True,False,91712,0,0,0
dense_support_q8_r2,dense_support,constant_125,125.0,406,121843964,0.9287069,True,False,60017,277,1,0
dense_support_q8_r2,dense_support,constant_250,250.0,406,121843964,1.0037333,True,False,29011,772,1,0
dense_support_q8_r2,dense_support,constant_500,500.0,406,121843964,1.421809,True,False,7054,1473,1,0
dense_support_q8_r2,dense_support,cost_model,392.9554258679335,406,121843964,1.2425318,True,False,13894,1202,1,0
dense_support_q8_r2,dense_support,cost_model_x0.5,196.47771293396676,406,121843964,0.9603795,True,False,38595,580,1,0
dense_support_q8_r2,dense_support,cost_model_x0.25,98.23885646698338,406,121843964,0.9456088,True,False,73495,141,1,0
dense_support_q12_r05,dense_support,wallclock_timing,,406,4302608,0.1180426,True,False,1565,267,5,0
dense_support_q12_r05,dense_support,constant_60,60.0,406,4302608,0.1245025,True,False,3841,188,1,0
dense_support_q12_r05,dense_support,constant_125,125.0,406,4302608,0.1307061,True,False,3,348,1,0
dense_support_q12_r05,dense_support,constant_250,250.0,406,4302608,0.1375196,True,False,1,347,1,0
dense_support_q12_r05,dense_support,constant_500,500.0,406,4302608,0.1362658,True,False,1,347,1,0
dense_support_q12_r05,dense_support,cost_model,237.1021813958432,406,4302608,0.1252251,True,False,1,347,1,0
dense_support_q12_r05,dense_support,cost_model_x0.5,118.5510906979216,406,4302608,0.1206012,True,False,245,334,1,0
dense_support_q12_r05,dense_support,cost_model_x0.25,59.2755453489608,406,4302608,0.1173779,True,False,3911,185,1,0
dense_support_q12_r1,dense_support,wallclock_timing,,406,17210432,0.4187482,True,False,25210,80,9,0
dense_support_q12_r1,dense_support,constant_60,60.0,406,17210432,0.3766188,True,False,18062,163,1,0
dense_support_q12_r1,dense_support,constant_125,125.0,406,17210432,0.3743472,True,False,7163,389,1,0
dense_support_q12_r1,dense_support,constant_250,250.0,406,17210432,0.482677,True,False,6,693,1,0
dense_support_q12_r1,dense_support,constant_500,500.0,406,17210432,0.5317956,True,False,1,693,1,0
dense_support_q12_r1,dense_support,cost_model,241.64168573212487,406,17210432,0.4716866,True,False,320,675,1,0
dense_support_q12_r1,dense_support,cost_model_x0.5,120.82084286606243,406,17210432,0.3909426,True,False,7567,376,1,0
dense_support_q12_r1,dense_support,cost_model_x0.25,60.41042143303122,406,17210432,0.3952565,True,False,17936,165,1,0
dense_support_q12_r2,dense_support,wallclock_timing,,406,68841729,1.0478213,True,False,57413,96,15,0
dense_support_q12_r2,dense_support,constant_60,60.0,406,68841729,1.0674377,True,False,65092,28,1,0
dense_support_q12_r2,dense_support,constant_125,125.0,406,68841729,1.0548419,True,False,34530,346,1,0
dense_support_q12_r2,dense_support,constant_250,250.0,406,68841729,1.3543333,True,False,14344,776,1,0
dense_support_q12_r2,dense_support,constant_500,500.0,406,68841729,2.0318888,True,False,10,1384,1,0
dense_support_q12_r2,dense_support,cost_model,248.58105693558042,406,68841729,1.294848,True,False,14482,772,1,0
dense_support_q12_r2,dense_support,cost_model_x0.5,124.29052846779021,406,68841729,1.0419713,True,False,34732,343,1,0
dense_support_q12_r2,dense_support,cost_model_x0.25,62.145264233895105,406,68841729,1.0700532,True,False,63344,40,1,0
collision_o2_g0_n1000000_r05,collision,wallclock_timing,,406,22361383,0.1252109,True,False,10418,381,5,0
collision_o2_g0_n1000000_r05,collision,constant_60,60.0,406,22361383,0.1843531,True,False,23252,149,1,0
collision_o2_g0_n1000000_r05,collision,constant_125,125.0,406,22361383,0.1307612,True,False,10061,390,1,0
collision_o2_g0_n1000000_r05,collision,constant_250,250.0,406,22361383,0.1025226,True,False,1334,714,1,0
collision_o2_g0_n1000000_r05,collision,constant_500,500.0,406,22361383,0.1055584,True,False,1,790,1,0
collision_o2_g0_n1000000_r05,collision,cost_model,728.0031665684888,406,22361383,0.1079197,True,False,1,790,1,0
collision_o2_g0_n1000000_r05,collision,cost_model_x0.5,364.0015832842444,406,22361383,0.1043046,True,False,1,790,1,0
collision_o2_g0_n1000000_r05,collision,cost_model_x0.25,182.0007916421222,406,22361383,0.1057459,True,False,4956,552,1,0
collision_o2_g0_n1000000_r1,collision,wallclock_timing,,406,89445535,0.4072924,True,False,9698,1134,7,0
collision_o2_g0_n1000000_r1,collision,constant_60,60.0,406,89445535,0.5403052,True,False,78600,0,0,0
collision_o2_g0_n1000000_r1,collision,constant_125,125.0,406,89445535,0.4230496,True,False,44682,320,1,0
collision_o2_g0_n1000000_r1,collision,constant_250,250.0,406,89445535,0.3670544,True,False,20142,779,1,0
collision_o2_g0_n1000000_r1,collision,constant_500,500.0,406,89445535,0.4138308,True,False,2675,1427,1,0
collision_o2_g0_n1000000_r1,collision,cost_model,775.1598234648103,406,89445535,0.4681415,True,False,1,1578,1,0
collision_o2_g0_n1000000_r1,collision,cost_model_x0.5,387.57991173240515,406,89445535,0.3667818,True,False,8371,1162,1,0
collision_o2_g0_n1000000_r1,collision,cost_model_x0.25,193.78995586620258,406,89445535,0.3565303,True,False,28153,591,1,0
collision_o2_g1_n1000000_r05,collision,wallclock_timing,,406,78119729,0.4284217,True,False,16433,827,7,0
collision_o2_g1_n1000000_r05,collision,constant_60,60.0,406,78119729,0.7750712,True,False,68362,219,1,0
collision_o2_g1_n1000000_r05,collision,constant_125,125.0,406,78119729,0.4835544,True,False,31948,549,1,0
collision_o2_g1_n1000000_r05,collision,constant_250,250.0,406,78119729,0.3904757,True,False,10779,961,1,0
collision_o2_g1_n1000000_r05,collision,constant_500,500.0,406,78119729,0.4114598,True,False,1,1369,1,0
collision_o2_g1_n1000000_r05,collision,cost_model,1062.8147114595884,406,78119729,0.3747028,True,False,1,1369,1,0
collision_o2_g1_n1000000_r05,collision,cost_model_x0.5,531.4073557297942,406,78119729,0.4022213,True,False,1,1369,1,0
collision_o2_g1_n1000000_r05,collision,cost_model_x0.25,265.7036778648971,406,78119729,0.3823508,True,False,9423,1002,1,0
collision_o2_g2_n1000000_r05,collision,wallclock_timing,,406,115123229,0.562817,True,False,3052,1447,5,0
collision_o2_g2_n1000000_r05,collision,constant_60,60.0,406,115123229,1.3155232,True,False,93820,340,1,0
collision_o2_g2_n1000000_r05,collision,constant_125,125.0,406,115123229,0.7556927,True,False,41981,702,1,0
collision_o2_g2_n1000000_r05,collision,constant_250,250.0,406,115123229,0.577793,True,False,14063,1127,1,0
collision_o2_g2_n1000000_r05,collision,constant_500,500.0,406,115123229,0.5513093,True,False,1,1563,1,0
collision_o2_g2_n1000000_r05,collision,cost_model,1163.8590874864715,406,115123229,0.5451634,True,False,1,1563,1,0
collision_o2_g2_n1000000_r05,collision,cost_model_x0.5,581.9295437432357,406,115123229,0.5967308,True,False,1,1563,1,0
collision_o2_g2_n1000000_r05,collision,cost_model_x0.25,290.96477187161787,406,115123229,0.5565798,True,False,9796,1231,1,0
dimerization_r05,dimerization,wallclock_timing,,401,7486081,0.1499695,True,False,1368,2181,5,1
dimerization_r05,dimerization,constant_60,60.0,401,7486081,0.1691892,True,False,15581,0,0,1
dimerization_r05,dimerization,constant_125,125.0,401,7486081,0.1502106,True,False,15581,0,0,1
dimerization_r05,dimerization,constant_250,250.0,401,7486081,0.1436508,True,False,15581,0,0,1
dimerization_r05,dimerization,constant_500,500.0,401,7486081,0.135405,True,False,1,2369,1,1
dimerization_r05,dimerization,cost_model,876.9217514218748,401,7486081,0.1320716,True,False,1,2369,1,1
dimerization_r05,dimerization,cost_model_x0.5,438.4608757109374,401,7486081,0.1376446,True,False,1,2369,1,1
dimerization_r05,dimerization,cost_model_x0.25,219.2304378554687,401,7486081,0.16285,True,False,15581,0,0,1
dimerization_r1,dimerization,wallclock_timing,,401,29944326,0.3192685,True,False,31039,10,10,1
dimerization_r1,dimerization,constant_60,60.0,401,29944326,0.2879341,True,False,31099,0,0,1
dimerization_r1,dimerization,constant_125,125.0,401,29944326,0.2944023,True,False,31099,0,0,1
dimerization_r1,dimerization,constant_250,250.0,401,29944326,0.3056052,True,False,31099,0,0,1
dimerization_r1,dimerization,constant_500,500.0,401,29944326,0.3306233,True,False,31099,0,0,1
dimerization_r1,dimerization,cost_model,931.4985322705442,401,29944326,0.535564,True,False,1,4736,1,1
dimerization_r1,dimerization,cost_model_x0.5,465.7492661352721,401,29944326,0.2906089,True,False,31099,0,0,1
dimerization_r1,dimerization,cost_model_x0.25,232.87463306763604,401,29944326,0.2900302,True,False,31099,0,0,1
lotka_volterra_r05,lotka_volterra,wallclock_timing,,401,179940,0.2779475,True,False,17908,10315,32,1
lotka_volterra_r05,lotka_volterra,constant_60,60.0,401,179940,0.445775,True,False,44141,0,0,1
lotka_volterra_r05,lotka_volterra,constant_125,125.0,401,179940,0.4048284,True,False,44141,0,0,1
lotka_volterra_r05,lotka_volterra,constant_250,250.0,401,179940,0.273945,True,False,18904,10158,7,1
lotka_volterra_r05,lotka_volterra,constant_500,500.0,401,179940,0.2069138,True,False,1,17113,1,1
lotka_volterra_r05,lotka_volterra,cost_model,727.0380042190227,401,179940,0.224984,True,False,1,17113,1,1
lotka_volterra_r05,lotka_volterra,cost_model_x0.5,363.51900210951135,401,179940,0.234035,True,False,1,17113,1,1
lotka_volterra_r05,lotka_volterra,cost_model_x0.25,181.75950105475567,401,179940,0.3990585,True,False,44141,0,0,1
lotka_volterra_r1,lotka_volterra,wallclock_timing,,401,719761,0.8485123,True,False,39523,19142,30,1
lotka_volterra_r1,lotka_volterra,constant_60,60.0,401,719761,0.8215957,True,False,88783,0,0,1
lotka_volterra_r1,lotka_volterra,constant_125,125.0,401,719761,0.8637307,True,False,88783,0,0,1
lotka_volterra_r1,lotka_volterra,constant_250,250.0,401,719761,0.8803423,True,False,88783,0,0,1
lotka_volterra_r1,lotka_volterra,constant_500,500.0,401,719761,0.760778,True,False,37779,20349,7,1
lotka_volterra_r1,lotka_volterra,cost_model,757.789328062881,401,719761,0.8338774,True,False,1,34216,1,1
lotka_volterra_r1,lotka_volterra,cost_model_x0.5,378.8946640314405,401,719761,0.8683607,True,False,88783,0,0,1
lotka_volterra_r1,lotka_volterra,cost_model_x0.25,189.44733201572026,401,719761,0.8534096,True,False,88783,0,0,1
lotka_volterra_r2,lotka_volterra,wallclock_timing,,401,2879044,1.7208848,True,False,171349,2332,68,1
lotka_volterra_r2,lotka_volterra,constant_60,60.0,401,2879044,1.7242138,True,False,177711,0,0,1
lotka_volterra_r2,lotka_volterra,constant_125,125.0,401,2879044,1.734329,True,False,177711,0,0,1
lotka_volterra_r2,lotka_volterra,constant_250,250.0,401,2879044,1.7550183,True,False,177711,0,0,1
lotka_volterra_r2,lotka_volterra,constant_500,500.0,401,2879044,1.7526347,True,False,177711,0,0,1
lotka_volterra_r2,lotka_volterra,cost_model,804.9996298765527,401,2879044,1.9338833,True,False,150201,12131,7,1
lotka_volterra_r2,lotka_volterra,cost_model_x0.5,402.49981493827636,401,2879044,1.7443946,True,False,177711,0,0,1
lotka_volterra_r2,lotka_volterra,cost_model_x0.25,201.24990746913818,401,2879044,1.7644192,True,False,177711,0,0,1
shrinking_r05,shrinking,wallclock_timing,,401,342703,0.0135291,True,False,2392,2,2,1
shrinking_r05,shrinking,constant_60,60.0,401,342703,0.0134451,True,False,1894,248,1,1
shrinking_r05,shrinking,constant_125,125.0,401,342703,0.0103432,True,False,1342,517,1,1
shrinking_r05,shrinking,constant_250,250.0,401,342703,0.0082024,True,False,289,1032,1,1
shrinking_r05,shrinking,constant_500,500.0,401,342703,0.0076609,True,False,1,1166,1,1
shrinking_r05,shrinking,cost_model,544.0582811864226,401,342703,0.0076227,True,False,1,1166,1,1
shrinking_r05,shrinking,cost_model_x0.5,272.0291405932113,401,342703,0.0076545,True,False,99,1127,1,1
shrinking_r05,shrinking,cost_model_x0.25,136.01457029660565,401,342703,0.0094917,True,False,1237,566,1,1
shrinking_r1,shrinking,wallclock_timing,,401,1370812,0.0297287,True,False,4780,2,2,1
shrinking_r1,shrinking,constant_60,60.0,401,1370812,0.0273221,True,False,4371,239,1,1
shrinking_r1,shrinking,constant_125,125.0,401,1370812,0.0253715,True,False,3814,507,1,1
shrinking_r1,shrinking,constant_250,250.0,401,1370812,0.0234108,True,False,2746,1025,1,1
shrinking_r1,shrinking,constant_500,500.0,401,1370812,0.0291377,True,False,557,2063,1,1
shrinking_r1,shrinking,cost_model,577.897910766499,401,1370812,0.0290907,True,False,1,2333,1,1
shrinking_r1,shrinking,cost_model_x0.5,288.9489553832495,401,1370812,0.0227347,True,False,2400,1191,1,1
shrinking_r1,shrinking,cost_model_x0.25,144.47447769162474,401,1370812,0.0247147,True,False,3646,588,1,1
shrinking_r2,shrinking,wallclock_timing,,401,5483250,0.0612531,True,False,9623,4,4,1
shrinking_r2,shrinking,constant_60,60.0,401,5483250,0.0590224,True,False,9271,218,1,1
shrinking_r2,shrinking,constant_125,125.0,401,5483250,0.062115,True,False,8710,493,1,1
shrinking_r2,shrinking,constant_250,250.0,401,5483250,0.061562,True,False,7651,1008,1,1
shrinking_r2,shrinking,constant_500,500.0,401,5483250,0.0661716,True,False,5465,2046,1,1
shrinking_r2,shrinking,cost_model,636.0096349670639,401,5483250,0.0723624,True,False,4248,2612,1,1
shrinking_r2,shrinking,cost_model_x0.5,318.00481748353195,401,5483250,0.0621647,True,False,7051,1293,1,1
shrinking_r2,shrinking,cost_model_x0.25,159.00240874176598,401,5483250,0.0644242,True,False,8413,634,1,1
shrinking_no_b_decay_r05,shrinking,wallclock_timing,,401,1108596,0.0555025,True,False,8447,8,3,1
shrinking_no_b_decay_r05,shrinking,constant_60,60.0,401,1108596,0.0262377,True,False,3515,134,1,1
shrinking_no_b_decay_r05,shrinking,constant_125,125.0,401,1108596,0.0190474,True,False,2190,287,1,1
shrinking_no_b_decay_r05,shrinking,constant_250,250.0,401,1108596,0.0136906,True,False,589,615,1,1
shrinking_no_b_decay_r05,shrinking,constant_500,500.0,401,1108596,0.0113128,True,False,1,773,1,1
shrinking_no_b_decay_r05,shrinking,cost_model,615.9818556111519,401,1108596,0.0106257,True,False,1,773,1,1
shrinking_no_b_decay_r05,shrinking,cost_model_x0.5,307.99092780557595,401,1108596,0.0098232,True,False,1,773,1,1
shrinking_no_b_decay_r05,shrinking,cost_model_x0.25,153.99546390278798,401,1108596,0.0148166,True,False,1763,361,1,1
shrinking_no_b_decay_r1,shrinking,wallclock_timing,,401,4434387,0.0488364,True,False,6614,296,3,1
shrinking_no_b_decay_r1,shrinking,constant_60,60.0,401,4434387,0.0578862,True,False,9140,131,1,1
shrinking_no_b_decay_r1,shrinking,constant_125,125.0,401,4434387,0.0489515,True,False,6834,275,1,1
shrinking_no_b_decay_r1,shrinking,constant_250,250.0,401,4434387,0.0412016,True,False,4340,572,1,1
shrinking_no_b_decay_r1,shrinking,constant_500,500.0,401,4434387,0.0399366,True,False,1160,1227,1,1
shrinking_no_b_decay_r1,shrinking,cost_model,657.5600996857365,401,4434387,0.0441086,True,False,1,1544,1,1
shrinking_no_b_decay_r1,shrinking,cost_model_x0.5,328.78004984286827,401,4434387,0.0384589,True,False,3197,768,1,1
shrinking_no_b_decay_r1,shrinking,cost_model_x0.25,164.39002492143413,401,4434387,0.0450242,True,False,5886,365,1,1
shrinking_no_b_decay_r2,shrinking,wallclock_timing,,401,17737550,0.1402797,True,False,20215,191,7,1
shrinking_no_b_decay_r2,shrinking,constant_60,60.0,401,17737550,0.1641649,True,False,22327,129,1,1
shrinking_no_b_decay_r2,shrinking,constant_125,125.0,401,17737550,0.144647,True,False,18011,269,1,1
shrinking_no_b_decay_r2,shrinking,constant_250,250.0,401,17737550,0.1287085,True,False,13673,546,1,1
shrinking_no_b_decay_r2,shrinking,constant_500,500.0,401,17737550,0.1164401,True,False,8730,1137,1,1
shrinking_no_b_decay_r2,shrinking,cost_model,729.6023497822766,401,17737550,0.1196171,True,False,5463,1719,1,1
shrinking_no_b_decay_r2,shrinking,cost_model_x0.5,364.8011748911383,401,17737550,0.1118346,True,False,11094,812,1,1
shrinking_no_b_decay_r2,shrinking,cost_model_x0.25,182.40058744556916,401,17737550,0.1186506,True,False,15706,395,1,1
shrinking_split_b_decay_r05,shrinking,wallclock_timing,,401,298581,0.0135253,True,False,2241,2,2,1
shrinking_split_b_decay_r05,shrinking,constant_60,60.0,401,298581,0.0123646,True,False,1749,242,1,1
shrinking_split_b_decay_r05,shrinking,constant_125,125.0,401,298581,0.0093474,True,False,1206,511,1,1
shrinking_split_b_decay_r05,shrinking,constant_250,250.0,401,298581,0.0075728,True,False,122,1038,1,1
shrinking_split_b_decay_r05,shrinking,constant_500,500.0,401,298581,0.0075694,True,False,1,1088,1,1
shrinking_split_b_decay_r05,shrinking,cost_model,496.2802133398286,401,298581,0.0074225,True,False,1,1088,1,1
shrinking_split_b_decay_r05,shrinking,cost_model_x0.5,248.1401066699143,401,298581,0.00844,True,False,139,1028,1,1
shrinking_split_b_decay_r05,shrinking,cost_model_x0.25,124.07005333495715,401,298581,0.0097556,True,False,1215,512,1,1
shrinking_split_b_decay_r1,shrinking,wallclock_timing,,401,1194326,0.0259415,True,False,4470,2,2,1
shrinking_split_b_decay_r1,shrinking,constant_60,60.0,401,1194326,0.0282069,True,False,3966,238,1,1
shrinking_split_b_decay_r1,shrinking,constant_125,125.0,401,1194326,0.0257649,True,False,3399,511,1,1
shrinking_split_b_decay_r1,shrinking,constant_250,250.0,401,1194326,0.0247394,True,False,2344,1023,1,1
shrinking_split_b_decay_r1,shrinking,constant_500,500.0,401,1194326,0.0300761,True,False,238,2064,1,1
shrinking_split_b_decay_r1,shrinking,cost_model,524.5670125279418,401,1194326,0.0322047,True,False,34,2162,1,1
shrinking_split_b_decay_r1,shrinking,cost_model_x0.5,262.2835062639709,401,1194326,0.0251089,True,False,2235,1081,1,1
shrinking_split_b_decay_r1,shrinking,cost_model_x0.25,131.14175313198544,401,1194326,0.0274998,True,False,3348,535,1,1
shrinking_split_b_decay_r2,shrinking,wallclock_timing,,401,4777304,0.0651128,True,False,8966,4,4,1
shrinking_split_b_decay_r2,shrinking,constant_60,60.0,401,4777304,0.0640059,True,False,8500,221,1,1
shrinking_split_b_decay_r2,shrinking,constant_125,125.0,401,4777304,0.0604581,True,False,7962,494,1,1
shrinking_split_b_decay_r2,shrinking,constant_250,250.0,401,4777304,0.0604833,True,False,6911,1016,1,1
shrinking_split_b_decay_r2,shrinking,constant_500,500.0,401,4777304,0.0690031,True,False,4792,2049,1,1
shrinking_split_b_decay_r2,shrinking,cost_model,572.7418683444771,401,4777304,0.0685629,True,False,4170,2348,1,1
shrinking_split_b_decay_r2,shrinking,cost_model_x0.5,286.37093417223855,401,4777304,0.0591164,True,False,6603,1161,1,1
shrinking_split_b_decay_r2,shrinking,cost_model_x0.25,143.18546708611927,401,4777304,0.0622287,True,False,7809,570,1,1
shrinking_b_decay_channels_1_r05,branch_count,wallclock_timing,,401,357951,0.0143511,True,False,2454,2,2,1
shrinking_b_decay_channels_1_r05,branch_count,constant_60,60.0,401,357951,0.0118675,True,False,1960,241,1,1
shrinking_b_decay_channels_1_r05,branch_count,constant_125,125.0,401,357951,0.009277,True,False,1398,518,1,1
shrinking_b_decay_channels_1_r05,branch_count,constant_250,250.0,401,357951,0.0072997,True,False,347,1033,1,1
shrinking_b_decay_channels_1_r05,branch_count,constant_500,500.0,401,357951,0.0071722,True,False,1,1194,1,1
shrinking_b_decay_channels_1_r05,branch_count,cost_model,544.8928140153258,401,357951,0.0074401,True,False,1,1194,1,1
shrinking_b_decay_channels_1_r05,branch_count,cost_model_x0.5,272.4464070076629,401,357951,0.0075282,True,False,151,1125,1,1
shrinking_b_decay_channels_1_r05,branch_count,cost_model_x0.25,136.22320350383146,401,357951,0.0102659,True,False,1292,560,1,1
shrinking_b_decay_channels_1_r1,branch_count,wallclock_timing,,401,1431807,0.0296759,True,False,4874,28,4,1
shrinking_b_decay_channels_1_r1,branch_count,constant_60,60.0,401,1431807,0.0292707,True,False,4507,236,1,1
shrinking_b_decay_channels_1_r1,branch_count,constant_125,125.0,401,1431807,0.0265702,True,False,3933,507,1,1
shrinking_b_decay_channels_1_r1,branch_count,constant_250,250.0,401,1431807,0.0242152,True,False,2851,1027,1,1
shrinking_b_decay_channels_1_r1,branch_count,constant_500,500.0,401,1431807,0.027691,True,False,675,2060,1,1
shrinking_b_decay_channels_1_r1,branch_count,cost_model,579.2665840985251,401,1431807,0.0313249,True,False,1,2385,1,1
shrinking_b_decay_channels_1_r1,branch_count,cost_model_x0.5,289.63329204926254,401,1431807,0.0244228,True,False,2519,1192,1,1
shrinking_b_decay_channels_1_r1,branch_count,cost_model_x0.25,144.81664602463127,401,1431807,0.0251531,True,False,3761,587,1,1
shrinking_b_decay_channels_1_r2,branch_count,wallclock_timing,,401,5727229,0.0620114,True,False,9834,4,4,1
shrinking_b_decay_channels_1_r2,branch_count,constant_60,60.0,401,5727229,0.0603034,True,False,9418,216,1,1
shrinking_b_decay_channels_1_r2,branch_count,constant_125,125.0,401,5727229,0.0606583,True,False,8873,492,1,1
shrinking_b_decay_channels_1_r2,branch_count,constant_250,250.0,401,5727229,0.0562512,True,False,7817,1008,1,1
shrinking_b_decay_channels_1_r2,branch_count,constant_500,500.0,401,5727229,0.0660161,True,False,5650,2044,1,1
shrinking_b_decay_channels_1_r2,branch_count,cost_model,638.4465574594063,401,5727229,0.0726167,True,False,4450,2618,1,1
shrinking_b_decay_channels_1_r2,branch_count,cost_model_x0.5,319.22327872970317,401,5727229,0.0629926,True,False,7205,1300,1,1
shrinking_b_decay_channels_1_r2,branch_count,cost_model_x0.25,159.61163936485158,401,5727229,0.0675407,True,False,8585,636,1,1
shrinking_b_decay_channels_2_r05,branch_count,wallclock_timing,,401,332340,0.0159332,True,False,2379,2,2,1
shrinking_b_decay_channels_2_r05,branch_count,constant_60,60.0,401,332340,0.0133895,True,False,1862,246,1,1
shrinking_b_decay_channels_2_r05,branch_count,constant_125,125.0,401,332340,0.011412,True,False,1326,513,1,1
shrinking_b_decay_channels_2_r05,branch_count,constant_250,250.0,401,332340,0.009586,True,False,245,1036,1,1
shrinking_b_decay_channels_2_r05,branch_count,constant_500,500.0,401,332340,0.0103822,True,False,1,1150,1,1
shrinking_b_decay_channels_2_r05,branch_count,cost_model,498.0234392861981,401,332340,0.0098746,True,False,1,1150,1,1
shrinking_b_decay_channels_2_r05,branch_count,cost_model_x0.5,249.01171964309904,401,332340,0.0095782,True,False,253,1032,1,1
shrinking_b_decay_channels_2_r05,branch_count,cost_model_x0.25,124.50585982154952,401,332340,0.0115065,True,False,1331,512,1,1
shrinking_b_decay_channels_2_r1,branch_count,wallclock_timing,,401,1329360,0.0340469,True,False,4764,2,2,1
shrinking_b_decay_channels_2_r1,branch_count,constant_60,60.0,401,1329360,0.0313134,True,False,4251,237,1,1
shrinking_b_decay_channels_2_r1,branch_count,constant_125,125.0,401,1329360,0.0297359,True,False,3706,508,1,1
shrinking_b_decay_channels_2_r1,branch_count,constant_250,250.0,401,1329360,0.0269772,True,False,2648,1027,1,1
shrinking_b_decay_channels_2_r1,branch_count,constant_500,500.0,401,1329360,0.0327585,True,False,483,2060,1,1
shrinking_b_decay_channels_2_r1,branch_count,cost_model,527.4043832284837,401,1329360,0.0340201,True,False,260,2178,1,1
shrinking_b_decay_channels_2_r1,branch_count,cost_model_x0.5,263.7021916142418,401,1329360,0.0267749,True,False,2526,1080,1,1
shrinking_b_decay_channels_2_r1,branch_count,cost_model_x0.25,131.8510958071209,401,1329360,0.0300823,True,False,3642,534,1,1
shrinking_b_decay_channels_2_r2,branch_count,wallclock_timing,,401,5317440,0.0693091,True,False,9438,4,4,1
shrinking_b_decay_channels_2_r2,branch_count,constant_60,60.0,401,5317440,0.0689682,True,False,8961,220,1,1
shrinking_b_decay_channels_2_r2,branch_count,constant_125,125.0,401,5317440,0.0648716,True,False,8421,491,1,1
shrinking_b_decay_channels_2_r2,branch_count,constant_250,250.0,401,5317440,0.0542947,True,False,7374,1011,1,1
shrinking_b_decay_channels_2_r2,branch_count,constant_500,500.0,401,5317440,0.0593013,True,False,5287,2048,1,1
shrinking_b_decay_channels_2_r2,branch_count,cost_model,577.767632966904,401,5317440,0.0631068,True,False,4616,2369,1,1
shrinking_b_decay_channels_2_r2,branch_count,cost_model_x0.5,288.883816483452,401,5317440,0.0544515,True,False,7049,1175,1,1
shrinking_b_decay_channels_2_r2,branch_count,cost_model_x0.25,144.441908241726,401,5317440,0.056262,True,False,8262,573,1,1
shrinking_b_decay_channels_4_r05,branch_count,wallclock_timing,,401,190960,0.0111612,True,False,1796,2,2,1
shrinking_b_decay_channels_4_r05,branch_count,constant_60,60.0,401,190960,0.0090672,True,False,1316,245,1,1
shrinking_b_decay_channels_4_r05,branch_count,constant_125,125.0,401,190960,0.0077851,True,False,746,518,1,1
shrinking_b_decay_channels_4_r05,branch_count,constant_250,250.0,401,190960,0.0059756,True,False,1,877,1,1
shrinking_b_decay_channels_4_r05,branch_count,constant_500,500.0,401,190960,0.0071533,True,False,1,877,1,1
shrinking_b_decay_channels_4_r05,branch_count,cost_model,427.11375923733834,401,190960,0.0058978,True,False,1,877,1,1
shrinking_b_decay_channels_4_r05,branch_count,cost_model_x0.5,213.55687961866917,401,190960,0.0060541,True,False,1,877,1,1
shrinking_b_decay_channels_4_r05,branch_count,cost_model_x0.25,106.77843980933459,401,190960,0.0074989,True,False,905,441,1,1
shrinking_b_decay_channels_4_r1,branch_count,wallclock_timing,,401,763841,0.0256456,True,False,3575,2,2,1
shrinking_b_decay_channels_4_r1,branch_count,constant_60,60.0,401,763841,0.0209934,True,False,3114,241,1,1
shrinking_b_decay_channels_4_r1,branch_count,constant_125,125.0,401,763841,0.0191916,True,False,2549,510,1,1
shrinking_b_decay_channels_4_r1,branch_count,constant_250,250.0,401,763841,0.018486,True,False,1464,1034,1,1
shrinking_b_decay_channels_4_r1,branch_count,constant_500,500.0,401,763841,0.0228743,True,False,1,1748,1,1
shrinking_b_decay_channels_4_r1,branch_count,cost_model,446.6452507773898,401,763841,0.0222144,True,False,1,1748,1,1
shrinking_b_decay_channels_4_r1,branch_count,cost_model_x0.5,223.3226253886949,401,763841,0.0183739,True,False,1683,923,1,1
shrinking_b_decay_channels_4_r1,branch_count,cost_model_x0.25,111.66131269434744,401,763841,0.0202172,True,False,2667,454,1,1
shrinking_b_decay_channels_4_r2,branch_count,wallclock_timing,,401,3055364,0.053384,True,False,7189,2,2,1
shrinking_b_decay_channels_4_r2,branch_count,constant_60,60.0,401,3055364,0.0541655,True,False,6704,228,1,1
shrinking_b_decay_channels_4_r2,branch_count,constant_125,125.0,401,3055364,0.0500834,True,False,6153,500,1,1
shrinking_b_decay_channels_4_r2,branch_count,constant_250,250.0,401,3055364,0.049695,True,False,5096,1019,1,1
shrinking_b_decay_channels_4_r2,branch_count,constant_500,500.0,401,3055364,0.0602391,True,False,2965,2057,1,1
shrinking_b_decay_channels_4_r2,branch_count,cost_model,478.95873999982166,401,3055364,0.0569537,True,False,3143,1970,1,1
shrinking_b_decay_channels_4_r2,branch_count,cost_model_x0.5,239.47936999991083,401,3055364,0.0512657,True,False,5182,974,1,1
shrinking_b_decay_channels_4_r2,branch_count,cost_model_x0.25,119.73968499995541,401,3055364,0.0541223,True,False,6199,476,1,1
shrinking_b_decay_channels_8_r05,branch_count,wallclock_timing,,401,90594,0.0092025,True,False,1230,2,2,1
shrinking_b_decay_channels_8_r05,branch_count,constant_60,60.0,401,90594,0.0072353,True,False,731,249,1,1
shrinking_b_decay_channels_8_r05,branch_count,constant_125,125.0,401,90594,0.0056396,True,False,180,523,1,1
shrinking_b_decay_channels_8_r05,branch_count,constant_250,250.0,401,90594,0.0051947,True,False,1,601,1,1
shrinking_b_decay_channels_8_r05,branch_count,constant_500,500.0,401,90594,0.0052914,True,False,1,601,1,1
shrinking_b_decay_channels_8_r05,branch_count,cost_model,349.54916218998983,401,90594,0.0049968,True,False,1,601,1,1
shrinking_b_decay_channels_8_r05,branch_count,cost_model_x0.5,174.77458109499491,401,90594,0.0051307,True,False,1,601,1,1
shrinking_b_decay_channels_8_r05,branch_count,cost_model_x0.25,87.38729054749746,401,90594,0.0054521,True,False,502,361,1,1
shrinking_b_decay_channels_8_r1,branch_count,wallclock_timing,,401,362378,0.0157843,True,False,594,896,3,1
shrinking_b_decay_channels_8_r1,branch_count,constant_60,60.0,401,362378,0.0161911,True,False,1944,246,1,1
shrinking_b_decay_channels_8_r1,branch_count,constant_125,125.0,401,362378,0.015657,True,False,1386,518,1,1
shrinking_b_decay_channels_8_r1,branch_count,constant_250,250.0,401,362378,0.0152899,True,False,322,1034,1,1
shrinking_b_decay_channels_8_r1,branch_count,constant_500,500.0,401,362378,0.0198542,True,False,1,1202,1,1
shrinking_b_decay_channels_8_r1,branch_count,cost_model,360.7170256521287,401,362378,0.0189223,True,False,1,1202,1,1
shrinking_b_decay_channels_8_r1,branch_count,cost_model_x0.5,180.35851282606436,401,362378,0.0160968,True,False,916,747,1,1
shrinking_b_decay_channels_8_r1,branch_count,cost_model_x0.25,90.17925641303218,401,362378,0.0156193,True,False,1678,372,1,1
shrinking_b_decay_channels_8_r2,branch_count,wallclock_timing,,401,1449512,0.0415268,True,False,4952,2,2,1
shrinking_b_decay_channels_8_r2,branch_count,constant_60,60.0,401,1449512,0.039724,True,False,4477,240,1,1
shrinking_b_decay_channels_8_r2,branch_count,constant_125,125.0,401,1449512,0.0366253,True,False,3919,509,1,1
shrinking_b_decay_channels_8_r2,branch_count,constant_250,250.0,401,1449512,0.0404362,True,False,2879,1030,1,1
shrinking_b_decay_channels_8_r2,branch_count,constant_500,500.0,401,1449512,0.0617118,True,False,712,2063,1,1
shrinking_b_decay_channels_8_r2,branch_count,cost_model,378.2062802764907,401,1449512,0.0457832,True,False,1789,1556,1,1
shrinking_b_decay_channels_8_r2,branch_count,cost_model_x0.5,189.10314013824535,401,1449512,0.037452,True,False,3384,774,1,1
shrinking_b_decay_channels_8_r2,branch_count,cost_model_x0.25,94.55157006912268,401,1449512,0.0387609,True,False,4189,378,1,1
dense_support_q4_r05,dense_support,wallclock_timing,,401,27747879,0.1445893,True,False,3969,678,3,1
dense_support_q4_r05,dense_support,constant_60,60.0,401,27747879,0.2201545,True,False,28273,134,1,1
dense_support_q4_r05,dense_support,constant_125,125.0,401,27747879,0.1584451,True,False,12988,388,1,1
dense_support_q4_r05,dense_support,constant_250,250.0,401,27747879,0.1448958,True,False,2791,731,1,1
dense_support_q4_r05,dense_support,constant_500,500.0,401,27747879,0.1512326,True,False,1,880,1,1
dense_support_q4_r05,dense_support,cost_model,733.9299421413416,401,27747879,0.1536125,True,False,1,880,1,1
dense_support_q4_r05,dense_support,cost_model_x0.5,366.9649710706708,401,27747879,0.1523162,True,False,1,880,1,1
dense_support_q4_r05,dense_support,cost_model_x0.25,183.4824855353354,401,27747879,0.1392336,True,False,6920,563,1,1
dense_support_q4_r1,dense_support,wallclock_timing,,401,110991516,0.4109706,True,False,22376,868,9,1
dense_support_q4_r1,dense_support,constant_60,60.0,401,110991516,0.6777996,True,False,87137,0,0,1
dense_support_q4_r1,dense_support,constant_125,125.0,401,110991516,0.5367283,True,False,54670,291,1,1
dense_support_q4_r1,dense_support,constant_250,250.0,401,110991516,0.4522726,True,False,25844,775,1,1
dense_support_q4_r1,dense_support,constant_500,500.0,401,110991516,0.474467,True,False,5580,1460,1,1
dense_support_q4_r1,dense_support,cost_model,784.9494027582399,401,110991516,0.5859623,True,False,1,1757,1,1
dense_support_q4_r1,dense_support,cost_model_x0.5,392.47470137911995,401,110991516,0.4375175,True,False,11886,1193,1,1
dense_support_q4_r1,dense_support,cost_model_x0.25,196.23735068955997,401,110991516,0.4729809,True,False,34803,587,1,1
dense_support_q6_r05,dense_support,wallclock_timing,,401,16382894,0.1157729,True,False,1652,587,3,1
dense_support_q6_r05,dense_support,constant_60,60.0,401,16382894,0.1552054,True,False,17034,165,1,1
dense_support_q6_r05,dense_support,constant_125,125.0,401,16382894,0.1210368,True,False,6679,388,1,1
dense_support_q6_r05,dense_support,constant_250,250.0,401,16382894,0.1265537,True,False,1,676,1,1
dense_support_q6_r05,dense_support,constant_500,500.0,401,16382894,0.1383237,True,False,1,676,1,1
dense_support_q6_r05,dense_support,cost_model,501.4841754008458,401,16382894,0.1427185,True,False,1,676,1,1
dense_support_q6_r05,dense_support,cost_model_x0.5,250.7420877004229,401,16382894,0.1441369,True,False,1,676,1,1
dense_support_q6_r05,dense_support,cost_model_x0.25,125.37104385021145,401,16382894,0.1409424,True,False,6644,389,1,1
dense_support_q6_r1,dense_support,wallclock_timing,,401,65531576,0.4183453,True,False,10823,857,5,1
dense_support_q6_r1,dense_support,constant_60,60.0,401,65531576,0.5406754,True,False,62043,35,1,1
dense_support_q6_r1,dense_support,constant_125,125.0,401,65531576,0.4110447,True,False,32657,350,1,1
dense_support_q6_r1,dense_support,constant_250,250.0,401,65531576,0.3952694,True,False,13347,775,1,1
dense_support_q6_r1,dense_support,constant_500,500.0,401,65531576,0.5684904,True,False,1,1351,1,1
dense_support_q6_r1,dense_support,cost_model,525.8795973198837,401,65531576,0.5749937,True,False,1,1351,1,1
dense_support_q6_r1,dense_support,cost_model_x0.5,262.93979865994186,401,65531576,0.4512927,True,False,12151,812,1,1
dense_support_q6_r1,dense_support,cost_model_x0.25,131.46989932997093,401,65531576,0.4097078,True,False,30989,377,1,1
dense_support_q8_r05,dense_support,wallclock_timing,,401,7615247,0.1279507,True,False,11413,118,5,1
dense_support_q8_r05,dense_support,constant_60,60.0,401,7615247,0.1098806,True,False,7616,186,1,1
dense_support_q8_r05,dense_support,constant_125,125.0,401,7615247,0.0971144,True,False,1787,369,1,1
dense_support_q8_r05,dense_support,constant_250,250.0,401,7615247,0.1096095,True,False,1,462,1,1
dense_support_q8_r05,dense_support,constant_500,500.0,401,7615247,0.1113592,True,False,1,462,1,1
dense_support_q8_r05,dense_support,cost_model,362.75548127430085,401,7615247,0.1135661,True,False,1,462,1,1
dense_support_q8_r05,dense_support,cost_model_x0.5,181.37774063715042,401,7615247,0.1148503,True,False,1,462,1,1
dense_support_q8_r05,dense_support,cost_model_x0.25,90.68887031857521,401,7615247,0.1128656,True,False,4080,281,1,1
dense_support_q8_r1,dense_support,wallclock_timing,,401,30460991,0.3784512,True,False,27527,169,9,1
dense_support_q8_r1,dense_support,constant_60,60.0,401,30460991,0.3558405,True,False,30881,127,1,1
dense_support_q8_r1,dense_support,constant_125,125.0,401,30460991,0.316646,True,False,14458,387,1,1
dense_support_q8_r1,dense_support,constant_250,250.0,401,30460991,0.4005731,True,False,3537,737,1,1
dense_support_q8_r1,dense_support,constant_500,500.0,401,30460991,0.4058369,True,False,1,921,1,1
dense_support_q8_r1,dense_support,cost_model,374.37645032354044,401,30460991,0.4173201,True,False,1,921,1,1
dense_support_q8_r1,dense_support,cost_model_x0.5,187.18822516177022,401,30460991,0.3648429,True,False,7640,576,1,1
dense_support_q8_r1,dense_support,cost_model_x0.25,93.59411258088511,401,30460991,0.3275944,True,False,20213,273,1,1
dense_support_q8_r2,dense_support,wallclock_timing,,401,121843964,0.9766106,True,False,42269,518,13,1
dense_support_q8_r2,dense_support,constant_60,60.0,401,121843964,1.0129304,True,False,91256,0,0,1
dense_support_q8_r2,dense_support,constant_125,125.0,401,121843964,0.9546315,True,False,59696,277,1,1
dense_support_q8_r2,dense_support,constant_250,250.0,401,121843964,1.0186783,True,False,28769,773,1,1
dense_support_q8_r2,dense_support,constant_500,500.0,401,121843964,1.4152266,True,False,7056,1473,1,1
dense_support_q8_r2,dense_support,cost_model,392.9554258679335,401,121843964,1.370288,True,False,13810,1202,1,1
dense_support_q8_r2,dense_support,cost_model_x0.5,196.47771293396676,401,121843964,0.9570743,True,False,38368,580,1,1
dense_support_q8_r2,dense_support,cost_model_x0.25,98.23885646698338,401,121843964,0.8854341,True,False,73147,141,1,1
dense_support_q12_r05,dense_support,wallclock_timing,,401,4302608,0.1172728,True,False,1584,268,3,1
dense_support_q12_r05,dense_support,constant_60,60.0,401,4302608,0.1237046,True,False,3842,187,1,1
dense_support_q12_r05,dense_support,constant_125,125.0,401,4302608,0.1373347,True,False,3,347,1,1
dense_support_q12_r05,dense_support,constant_250,250.0,401,4302608,0.1388773,True,False,1,347,1,1
dense_support_q12_r05,dense_support,constant_500,500.0,401,4302608,0.1374461,True,False,1,347,1,1
dense_support_q12_r05,dense_support,cost_model,237.1021813958432,401,4302608,0.1160098,True,False,1,347,1,1
dense_support_q12_r05,dense_support,cost_model_x0.5,118.5510906979216,401,4302608,0.1196482,True,False,258,334,1,1
dense_support_q12_r05,dense_support,cost_model_x0.25,59.2755453489608,401,4302608,0.1172533,True,False,3921,185,1,1
dense_support_q12_r1,dense_support,wallclock_timing,,401,17210432,0.4469774,True,False,25962,71,9,1
dense_support_q12_r1,dense_support,constant_60,60.0,401,17210432,0.39489,True,False,17907,163,1,1
dense_support_q12_r1,dense_support,constant_125,125.0,401,17210432,0.3710072,True,False,7166,389,1,1
dense_support_q12_r1,dense_support,constant_250,250.0,401,17210432,0.5356856,True,False,4,692,1,1
dense_support_q12_r1,dense_support,constant_500,500.0,401,17210432,0.464917,True,False,1,693,1,1
dense_support_q12_r1,dense_support,cost_model,241.64168573212487,401,17210432,0.5329877,True,False,333,675,1,1
dense_support_q12_r1,dense_support,cost_model_x0.5,120.82084286606243,401,17210432,0.3783828,True,False,7562,376,1,1
dense_support_q12_r1,dense_support,cost_model_x0.25,60.41042143303122,401,17210432,0.3726188,True,False,17788,165,1,1
dense_support_q12_r2,dense_support,wallclock_timing,,401,68841729,1.0184268,True,False,53976,123,15,1
dense_support_q12_r2,dense_support,constant_60,60.0,401,68841729,1.0296807,True,False,64800,27,1,1
dense_support_q12_r2,dense_support,constant_125,125.0,401,68841729,0.9721105,True,False,34305,346,1,1
dense_support_q12_r2,dense_support,constant_250,250.0,401,68841729,1.3704889,True,False,14268,776,1,1
dense_support_q12_r2,dense_support,constant_500,500.0,401,68841729,2.0740049,True,False,10,1384,1,1
dense_support_q12_r2,dense_support,cost_model,248.58105693558042,401,68841729,1.3808545,True,False,14402,772,1,1
dense_support_q12_r2,dense_support,cost_model_x0.5,124.29052846779021,401,68841729,1.0505489,True,False,34493,343,1,1
dense_support_q12_r2,dense_support,cost_model_x0.25,62.145264233895105,401,68841729,1.1373689,True,False,63089,40,1,1
collision_o2_g0_n1000000_r05,collision,wallclock_timing,,401,22361383,0.1194258,True,False,5339,539,5,1
collision_o2_g0_n1000000_r05,collision,constant_60,60.0,401,22361383,0.181207,True,False,23005,149,1,1
collision_o2_g0_n1000000_r05,collision,constant_125,125.0,401,22361383,0.1280503,True,False,10005,390,1,1
collision_o2_g0_n1000000_r05,collision,constant_250,250.0,401,22361383,0.1182761,True,False,1358,714,1,1
collision_o2_g0_n1000000_r05,collision,constant_500,500.0,401,22361383,0.1190243,True,False,1,790,1,1
collision_o2_g0_n1000000_r05,collision,cost_model,728.0031665684888,401,22361383,0.1209517,True,False,1,790,1,1
collision_o2_g0_n1000000_r05,collision,cost_model_x0.5,364.0015832842444,401,22361383,0.1212758,True,False,1,790,1,1
collision_o2_g0_n1000000_r05,collision,cost_model_x0.25,182.0007916421222,401,22361383,0.1193121,True,False,4962,552,1,1
collision_o2_g0_n1000000_r1,collision,wallclock_timing,,401,89445535,0.3952342,True,False,15958,894,7,1
collision_o2_g0_n1000000_r1,collision,constant_60,60.0,401,89445535,0.5599798,True,False,78185,0,0,1
collision_o2_g0_n1000000_r1,collision,constant_125,125.0,401,89445535,0.3885574,True,False,44418,320,1,1
collision_o2_g0_n1000000_r1,collision,constant_250,250.0,401,89445535,0.3817934,True,False,19955,779,1,1
collision_o2_g0_n1000000_r1,collision,constant_500,500.0,401,89445535,0.4293208,True,False,2679,1427,1,1
collision_o2_g0_n1000000_r1,collision,cost_model,775.1598234648103,401,89445535,0.4305892,True,False,1,1578,1,1
collision_o2_g0_n1000000_r1,collision,cost_model_x0.5,387.57991173240515,401,89445535,0.4139176,True,False,8367,1163,1,1
collision_o2_g0_n1000000_r1,collision,cost_model_x0.25,193.78995586620258,401,89445535,0.3601601,True,False,27928,591,1,1
collision_o2_g1_n1000000_r05,collision,wallclock_timing,,401,78119729,0.3632733,True,False,5145,1151,5,1
collision_o2_g1_n1000000_r05,collision,constant_60,60.0,401,78119729,0.7948487,True,False,67973,219,1,1
collision_o2_g1_n1000000_r05,collision,constant_125,125.0,401,78119729,0.4685779,True,False,31758,549,1,1
collision_o2_g1_n1000000_r05,collision,constant_250,250.0,401,78119729,0.4255759,True,False,10714,961,1,1
collision_o2_g1_n1000000_r05,collision,constant_500,500.0,401,78119729,0.3680551,True,False,1,1369,1,1
collision_o2_g1_n1000000_r05,collision,cost_model,1062.8147114595884,401,78119729,0.3874677,True,False,1,1369,1,1
collision_o2_g1_n1000000_r05,collision,cost_model_x0.5,531.4073557297942,401,78119729,0.411334,True,False,1,1369,1,1
collision_o2_g1_n1000000_r05,collision,cost_model_x0.25,265.7036778648971,401,78119729,0.3652022,True,False,9375,1002,1,1
collision_o2_g2_n1000000_r05,collision,wallclock_timing,,401,115123229,0.6107463,True,False,518,1543,3,1
collision_o2_g2_n1000000_r05,collision,constant_60,60.0,401,115123229,1.3406763,True,False,93349,340,1,1
collision_o2_g2_n1000000_r05,collision,constant_125,125.0,401,115123229,0.7596126,True,False,41691,702,1,1
collision_o2_g2_n1000000_r05,collision,constant_250,250.0,401,115123229,0.546098,True,False,13985,1127,1,1
collision_o2_g2_n1000000_r05,collision,constant_500,500.0,401,115123229,0.5606406,True,False,1,1563,1,1
collision_o2_g2_n1000000_r05,collision,cost_model,1163.8590874864715,401,115123229,0.6670732,True,False,1,1563,1,1
collision_o2_g2_n1000000_r05,collision,cost_model_x0.5,581.9295437432357,401,115123229,0.565921,True,False,1,1563,1,1
collision_o2_g2_n1000000_r05,collision,cost_model_x0.25,290.96477187161787,401,115123229,0.616937,True,False,9734,1231,1,1
dimerization_r05,dimerization,wallclock_timing,,402,7486081,0.1256142,True,False,1584,2147,3,1
dimerization_r05,dimerization,constant_60,60.0,402,7486081,0.143544,True,False,15543,0,0,1
dimerization_r05,dimerization,constant_125,125.0,402,7486081,0.147898,True,False,15543,0,0,1
dimerization_r05,dimerization,constant_250,250.0,402,7486081,0.1451989,True,False,15543,0,0,1
dimerization_r05,dimerization,constant_500,500.0,402,7486081,0.1497852,True,False,1,2369,1,1
dimerization_r05,dimerization,cost_model,876.9217514218748,402,7486081,0.1492167,True,False,1,2369,1,1
dimerization_r05,dimerization,cost_model_x0.5,438.4608757109374,402,7486081,0.1575049,True,False,1,2369,1,1
dimerization_r05,dimerization,cost_model_x0.25,219.2304378554687,402,7486081,0.1405686,True,False,15543,0,0,1
dimerization_r1,dimerization,wallclock_timing,,402,29944326,0.2933174,True,False,31209,10,10,1
dimerization_r1,dimerization,constant_60,60.0,402,29944326,0.3235487,True,False,31258,0,0,1
dimerization_r1,dimerization,constant_125,125.0,402,29944326,0.3296535,True,False,31258,0,0,1
dimerization_r1,dimerization,constant_250,250.0,402,29944326,0.291014,True,False,31258,0,0,1
dimerization_r1,dimerization,constant_500,500.0,402,29944326,0.3126651,True,False,31258,0,0,1
dimerization_r1,dimerization,cost_model,931.4985322705442,402,29944326,0.6310304,True,False,1,4736,1,1
dimerization_r1,dimerization,cost_model_x0.5,465.7492661352721,402,29944326,0.3362491,True,False,31258,0,0,1
dimerization_r1,dimerization,cost_model_x0.25,232.87463306763604,402,29944326,0.2909453,True,False,31258,0,0,1
lotka_volterra_r05,lotka_volterra,wallclock_timing,,402,179940,0.2299292,True,False,6076,14795,27,1
lotka_volterra_r05,lotka_volterra,constant_60,60.0,402,179940,0.4480771,True,False,44468,0,0,1
lotka_volterra_r05,lotka_volterra,constant_125,125.0,402,179940,0.391888,True,False,44468,0,0,1
lotka_volterra_r05,lotka_volterra,constant_250,250.0,402,179940,0.3001786,True,False,19033,10198,7,1
lotka_volterra_r05,lotka_volterra,constant_500,500.0,402,179940,0.2327876,True,False,1,17113,1,1
lotka_volterra_r05,lotka_volterra,cost_model,727.0380042190227,402,179940,0.2347608,True,False,1,17113,1,1
lotka_volterra_r05,lotka_volterra,cost_model_x0.5,363.51900210951135,402,179940,0.2352143,True,False,1,17113,1,1
lotka_volterra_r05,lotka_volterra,cost_model_x0.25,181.75950105475567,402,179940,0.4487289,True,False,44468,0,0,1
lotka_volterra_r1,lotka_volterra,wallclock_timing,,402,719761,0.8413106,True,False,86974,692,48,1
lotka_volterra_r1,lotka_volterra,constant_60,60.0,402,719761,0.9278857,True,False,88771,0,0,1
lotka_volterra_r1,lotka_volterra,constant_125,125.0,402,719761,0.8568032,True,False,88771,0,0,1
lotka_volterra_r1,lotka_volterra,constant_250,250.0,402,719761,0.857035,True,False,88771,0,0,1
lotka_volterra_r1,lotka_volterra,constant_500,500.0,402,719761,0.8187654,True,False,37962,20345,7,1
lotka_volterra_r1,lotka_volterra,cost_model,757.789328062881,402,719761,0.9004052,True,False,1,34205,1,1
lotka_volterra_r1,lotka_volterra,cost_model_x0.5,378.8946640314405,402,719761,0.9171886,True,False,88771,0,0,1
lotka_volterra_r1,lotka_volterra,cost_model_x0.25,189.44733201572026,402,719761,0.8371052,True,False,88771,0,0,1
lotka_volterra_r2,lotka_volterra,wallclock_timing,,402,2879044,1.7968484,True,False,173932,1492,62,1
lotka_volterra_r2,lotka_volterra,constant_60,60.0,402,2879044,1.7884156,True,False,177848,0,0,1
lotka_volterra_r2,lotka_volterra,constant_125,125.0,402,2879044,1.7521112,True,False,177848,0,0,1
lotka_volterra_r2,lotka_volterra,constant_250,250.0,402,2879044,1.7990191,True,False,177848,0,0,1
lotka_volterra_r2,lotka_volterra,constant_500,500.0,402,2879044,1.7611804,True,False,177848,0,0,1
lotka_volterra_r2,lotka_volterra,cost_model,804.9996298765527,402,2879044,1.9485456,True,False,150475,12096,7,1
lotka_volterra_r2,lotka_volterra,cost_model_x0.5,402.49981493827636,402,2879044,1.7701227,True,False,177848,0,0,1
lotka_volterra_r2,lotka_volterra,cost_model_x0.25,201.24990746913818,402,2879044,1.8118885,True,False,177848,0,0,1
shrinking_r05,shrinking,wallclock_timing,,402,342703,0.0154793,True,False,2420,2,2,1
shrinking_r05,shrinking,constant_60,60.0,402,342703,0.013104,True,False,1906,248,1,1
shrinking_r05,shrinking,constant_125,125.0,402,342703,0.0114024,True,False,1362,519,1,1
shrinking_r05,shrinking,constant_250,250.0,402,342703,0.0088958,True,False,295,1037,1,1
shrinking_r05,shrinking,constant_500,500.0,402,342703,0.008323,True,False,1,1171,1,1
shrinking_r05,shrinking,cost_model,544.0582811864226,402,342703,0.0090604,True,False,1,1171,1,1
shrinking_r05,shrinking,cost_model_x0.5,272.0291405932113,402,342703,0.0090303,True,False,102,1124,1,1
shrinking_r05,shrinking,cost_model_x0.25,136.01457029660565,402,342703,0.0105859,True,False,1261,564,1,1
shrinking_r1,shrinking,wallclock_timing,,402,1370812,0.0330883,True,False,4862,2,2,1
shrinking_r1,shrinking,constant_60,60.0,402,1370812,0.0303776,True,False,4357,239,1,1
shrinking_r1,shrinking,constant_125,125.0,402,1370812,0.0281337,True,False,3805,507,1,1
shrinking_r1,shrinking,constant_250,250.0,402,1370812,0.0267643,True,False,2742,1025,1,1
shrinking_r1,shrinking,constant_500,500.0,402,1370812,0.0301987,True,False,597,2061,1,1
shrinking_r1,shrinking,cost_model,577.897910766499,402,1370812,0.0329771,True,False,1,2335,1,1
shrinking_r1,shrinking,cost_model_x0.5,288.9489553832495,402,1370812,0.0258242,True,False,2405,1193,1,1
shrinking_r1,shrinking,cost_model_x0.25,144.47447769162474,402,1370812,0.0274431,True,False,3637,585,1,1
shrinking_r2,shrinking,wallclock_timing,,402,5483250,0.0690281,True,False,9691,4,4,1
shrinking_r2,shrinking,constant_60,60.0,402,5483250,0.0668328,True,False,9268,219,1,1
shrinking_r2,shrinking,constant_125,125.0,402,5483250,0.0666759,True,False,8683,492,1,1
shrinking_r2,shrinking,constant_250,250.0,402,5483250,0.0654999,True,False,7611,1008,1,1
shrinking_r2,shrinking,constant_500,500.0,402,5483250,0.0695171,True,False,5454,2045,1,1
shrinking_r2,shrinking,cost_model,636.0096349670639,402,5483250,0.0651964,True,False,4281,2612,1,1
shrinking_r2,shrinking,cost_model_x0.5,318.00481748353195,402,5483250,0.0550623,True,False,7014,1289,1,1
shrinking_r2,shrinking,cost_model_x0.25,159.00240874176598,402,5483250,0.0577647,True,False,8382,632,1,1
shrinking_no_b_decay_r05,shrinking,wallclock_timing,,402,1108596,0.0161564,True,False,1822,347,3,1
shrinking_no_b_decay_r05,shrinking,constant_60,60.0,402,1108596,0.0228562,True,False,3521,134,1,1
shrinking_no_b_decay_r05,shrinking,constant_125,125.0,402,1108596,0.018996,True,False,2219,288,1,1
shrinking_no_b_decay_r05,shrinking,constant_250,250.0,402,1108596,0.0114285,True,False,597,615,1,1
shrinking_no_b_decay_r05,shrinking,constant_500,500.0,402,1108596,0.0107082,True,False,1,773,1,1
shrinking_no_b_decay_r05,shrinking,cost_model,615.9818556111519,402,1108596,0.0121042,True,False,1,773,1,1
shrinking_no_b_decay_r05,shrinking,cost_model_x0.5,307.99092780557595,402,1108596,0.0106475,True,False,1,773,1,1
shrinking_no_b_decay_r05,shrinking,cost_model_x0.25,153.99546390278798,402,1108596,0.014866,True,False,1778,360,1,1
shrinking_no_b_decay_r1,shrinking,wallclock_timing,,402,4434387,0.0412376,True,False,4210,592,3,1
shrinking_no_b_decay_r1,shrinking,constant_60,60.0,402,4434387,0.0598716,True,False,9236,130,1,1
shrinking_no_b_decay_r1,shrinking,constant_125,125.0,402,4434387,0.0495254,True,False,6859,275,1,1
shrinking_no_b_decay_r1,shrinking,constant_250,250.0,402,4434387,0.0420721,True,False,4358,572,1,1
shrinking_no_b_decay_r1,shrinking,constant_500,500.0,402,4434387,0.0398646,True,False,1162,1227,1,1
shrinking_no_b_decay_r1,shrinking,cost_model,657.5600996857365,402,4434387,0.0405549,True,False,1,1543,1,1
shrinking_no_b_decay_r1,shrinking,cost_model_x0.5,328.78004984286827,402,4434387,0.0391514,True,False,3199,770,1,1
shrinking_no_b_decay_r1,shrinking,cost_model_x0.25,164.39002492143413,402,4434387,0.0441495,True,False,5931,365,1,1
shrinking_no_b_decay_r2,shrinking,wallclock_timing,,402,17737550,0.1560836,True,False,24877,90,9,1
shrinking_no_b_decay_r2,shrinking,constant_60,60.0,402,17737550,0.1489965,True,False,22576,129,1,1
shrinking_no_b_decay_r2,shrinking,constant_125,125.0,402,17737550,0.1278483,True,False,18224,269,1,1
shrinking_no_b_decay_r2,shrinking,constant_250,250.0,402,17737550,0.1132634,True,False,13816,547,1,1
shrinking_no_b_decay_r2,shrinking,constant_500,500.0,402,17737550,0.1114041,True,False,8765,1138,1,1
shrinking_no_b_decay_r2,shrinking,cost_model,729.6023497822766,402,17737550,0.1206467,True,False,5499,1719,1,1
shrinking_no_b_decay_r2,shrinking,cost_model_x0.5,364.8011748911383,402,17737550,0.1081933,True,False,11175,813,1,1
shrinking_no_b_decay_r2,shrinking,cost_model_x0.25,182.40058744556916,402,17737550,0.113553,True,False,15875,395,1,1
shrinking_split_b_decay_r05,shrinking,wallclock_timing,,402,298581,0.0123935,True,False,2226,2,2,1
shrinking_split_b_decay_r05,shrinking,constant_60,60.0,402,298581,0.0105163,True,False,1722,247,1,1
shrinking_split_b_decay_r05,shrinking,constant_125,125.0,402,298581,0.0085965,True,False,1173,516,1,1
shrinking_split_b_decay_r05,shrinking,constant_250,250.0,402,298581,0.0070423,True,False,111,1031,1,1
shrinking_split_b_decay_r05,shrinking,constant_500,500.0,402,298581,0.007036,True,False,1,1093,1,1
shrinking_split_b_decay_r05,shrinking,cost_model,496.2802133398286,402,298581,0.007154,True,False,1,1093,1,1
shrinking_split_b_decay_r05,shrinking,cost_model_x0.5,248.1401066699143,402,298581,0.0069972,True,False,126,1026,1,1
shrinking_split_b_decay_r05,shrinking,cost_model_x0.25,124.07005333495715,402,298581,0.008735,True,False,1180,513,1,1
shrinking_split_b_decay_r1,shrinking,wallclock_timing,,402,1194326,0.0259815,True,False,4461,2,2,1
shrinking_split_b_decay_r1,shrinking,constant_60,60.0,402,1194326,0.0255832,True,False,3967,241,1,1
shrinking_split_b_decay_r1,shrinking,constant_125,125.0,402,1194326,0.0232842,True,False,3424,510,1,1
shrinking_split_b_decay_r1,shrinking,constant_250,250.0,402,1194326,0.0220817,True,False,2376,1027,1,1
shrinking_split_b_decay_r1,shrinking,constant_500,500.0,402,1194326,0.0268976,True,False,245,2063,1,1
shrinking_split_b_decay_r1,shrinking,cost_model,524.5670125279418,402,1194326,0.0315457,True,False,27,2168,1,1
shrinking_split_b_decay_r1,shrinking,cost_model_x0.5,262.2835062639709,402,1194326,0.0225131,True,False,2271,1078,1,1
shrinking_split_b_decay_r1,shrinking,cost_model_x0.25,131.14175313198544,402,1194326,0.0245572,True,False,3375,537,1,1
shrinking_split_b_decay_r2,shrinking,wallclock_timing,,402,4777304,0.0581087,True,False,9040,4,4,1
shrinking_split_b_decay_r2,shrinking,constant_60,60.0,402,4777304,0.0531028,True,False,8559,220,1,1
shrinking_split_b_decay_r2,shrinking,constant_125,125.0,402,4777304,0.0510224,True,False,8004,493,1,1
shrinking_split_b_decay_r2,shrinking,constant_250,250.0,402,4777304,0.0501972,True,False,6932,1013,1,1
shrinking_split_b_decay_r2,shrinking,constant_500,500.0,402,4777304,0.0554054,True,False,4781,2050,1,1
shrinking_split_b_decay_r2,shrinking,cost_model,572.7418683444771,402,4777304,0.0589038,True,False,4138,2347,1,1
shrinking_split_b_decay_r2,shrinking,cost_model_x0.5,286.37093417223855,402,4777304,0.0528673,True,False,6623,1158,1,1
shrinking_split_b_decay_r2,shrinking,cost_model_x0.25,143.18546708611927,402,4777304,0.0524148,True,False,7856,569,1,1
shrinking_b_decay_channels_1_r05,branch_count,wallclock_timing,,402,357951,0.0139844,True,False,2476,2,2,1
shrinking_b_decay_channels_1_r05,branch_count,constant_60,60.0,402,357951,0.0119849,True,False,1972,245,1,1
shrinking_b_decay_channels_1_r05,branch_count,constant_125,125.0,402,357951,0.0114555,True,False,1407,521,1,1
shrinking_b_decay_channels_1_r05,branch_count,constant_250,250.0,402,357951,0.0081816,True,False,340,1039,1,1
shrinking_b_decay_channels_1_r05,branch_count,constant_500,500.0,402,357951,0.0079355,True,False,1,1202,1,1
shrinking_b_decay_channels_1_r05,branch_count,cost_model,544.8928140153258,402,357951,0.0079997,True,False,1,1202,1,1
shrinking_b_decay_channels_1_r05,branch_count,cost_model_x0.5,272.4464070076629,402,357951,0.0079208,True,False,148,1130,1,1
shrinking_b_decay_channels_1_r05,branch_count,cost_model_x0.25,136.22320350383146,402,357951,0.0096544,True,False,1309,561,1,1
shrinking_b_decay_channels_1_r1,branch_count,wallclock_timing,,402,1431807,0.0292992,True,False,4955,2,2,1
shrinking_b_decay_channels_1_r1,branch_count,constant_60,60.0,402,1431807,0.0273961,True,False,4457,236,1,1
shrinking_b_decay_channels_1_r1,branch_count,constant_125,125.0,402,1431807,0.0253217,True,False,3888,505,1,1
shrinking_b_decay_channels_1_r1,branch_count,constant_250,250.0,402,1431807,0.0234676,True,False,2803,1036,1,1
shrinking_b_decay_channels_1_r1,branch_count,constant_500,500.0,402,1431807,0.026327,True,False,694,2063,1,1
shrinking_b_decay_channels_1_r1,branch_count,cost_model,579.2665840985251,402,1431807,0.0293118,True,False,1,2385,1,1
shrinking_b_decay_channels_1_r1,branch_count,cost_model_x0.5,289.63329204926254,402,1431807,0.0232877,True,False,2481,1197,1,1
shrinking_b_decay_channels_1_r1,branch_count,cost_model_x0.25,144.81664602463127,402,1431807,0.0243596,True,False,3712,588,1,1
shrinking_b_decay_channels_1_r2,branch_count,wallclock_timing,,402,5727229,0.0569849,True,False,9924,4,4,1
shrinking_b_decay_channels_1_r2,branch_count,constant_60,60.0,402,5727229,0.0584443,True,False,9452,220,1,1
shrinking_b_decay_channels_1_r2,branch_count,constant_125,125.0,402,5727229,0.059563,True,False,8883,491,1,1
shrinking_b_decay_channels_1_r2,branch_count,constant_250,250.0,402,5727229,0.0529867,True,False,7823,1008,1,1
shrinking_b_decay_channels_1_r2,branch_count,constant_500,500.0,402,5727229,0.0649307,True,False,5656,2049,1,1
shrinking_b_decay_channels_1_r2,branch_count,cost_model,638.4465574594063,402,5727229,0.0674203,True,False,4474,2617,1,1
shrinking_b_decay_channels_1_r2,branch_count,cost_model_x0.5,319.22327872970317,402,5727229,0.0545019,True,False,7208,1296,1,1
shrinking_b_decay_channels_1_r2,branch_count,cost_model_x0.25,159.61163936485158,402,5727229,0.0565427,True,False,8584,639,1,1
shrinking_b_decay_channels_2_r05,branch_count,wallclock_timing,,402,332340,0.0077651,True,False,442,931,3,1
shrinking_b_decay_channels_2_r05,branch_count,constant_60,60.0,402,332340,0.011245,True,False,1862,248,1,1
shrinking_b_decay_channels_2_r05,branch_count,constant_125,125.0,402,332340,0.009484,True,False,1305,518,1,1
shrinking_b_decay_channels_2_r05,branch_count,constant_250,250.0,402,332340,0.0083008,True,False,234,1033,1,1
shrinking_b_decay_channels_2_r05,branch_count,constant_500,500.0,402,332340,0.0103029,True,False,1,1156,1,1
shrinking_b_decay_channels_2_r05,branch_count,cost_model,498.0234392861981,402,332340,0.0097161,True,False,1,1156,1,1
shrinking_b_decay_channels_2_r05,branch_count,cost_model_x0.5,249.01171964309904,402,332340,0.0094621,True,False,245,1027,1,1
shrinking_b_decay_channels_2_r05,branch_count,cost_model_x0.25,124.50585982154952,402,332340,0.0123539,True,False,1310,516,1,1
shrinking_b_decay_channels_2_r1,branch_count,wallclock_timing,,402,1329360,0.0297623,True,False,4724,4,4,1
shrinking_b_decay_channels_2_r1,branch_count,constant_60,60.0,402,1329360,0.0297251,True,False,4267,239,1,1
shrinking_b_decay_channels_2_r1,branch_count,constant_125,125.0,402,1329360,0.0296502,True,False,3691,506,1,1
shrinking_b_decay_channels_2_r1,branch_count,constant_250,250.0,402,1329360,0.0270745,True,False,2617,1026,1,1
shrinking_b_decay_channels_2_r1,branch_count,constant_500,500.0,402,1329360,0.0279517,True,False,479,2067,1,1
shrinking_b_decay_channels_2_r1,branch_count,cost_model,527.4043832284837,402,1329360,0.0271108,True,False,250,2175,1,1
shrinking_b_decay_channels_2_r1,branch_count,cost_model_x0.5,263.7021916142418,402,1329360,0.0218591,True,False,2501,1086,1,1
shrinking_b_decay_channels_2_r1,branch_count,cost_model_x0.25,131.8510958071209,402,1329360,0.0233303,True,False,3634,539,1,1
shrinking_b_decay_channels_2_r2,branch_count,wallclock_timing,,402,5317440,0.0585675,True,False,9503,4,4,1
shrinking_b_decay_channels_2_r2,branch_count,constant_60,60.0,402,5317440,0.0594599,True,False,9110,222,1,1
shrinking_b_decay_channels_2_r2,branch_count,constant_125,125.0,402,5317440,0.0563313,True,False,8552,493,1,1
shrinking_b_decay_channels_2_r2,branch_count,constant_250,250.0,402,5317440,0.0559254,True,False,7486,1012,1,1
shrinking_b_decay_channels_2_r2,branch_count,constant_500,500.0,402,5317440,0.0609383,True,False,5320,2046,1,1
shrinking_b_decay_channels_2_r2,branch_count,cost_model,577.767632966904,402,5317440,0.06334,True,False,4643,2372,1,1
shrinking_b_decay_channels_2_r2,branch_count,cost_model_x0.5,288.883816483452,402,5317440,0.0584982,True,False,7144,1173,1,1
shrinking_b_decay_channels_2_r2,branch_count,cost_model_x0.25,144.441908241726,402,5317440,0.0576254,True,False,8379,570,1,1
shrinking_b_decay_channels_4_r05,branch_count,wallclock_timing,,402,190960,0.0107805,True,False,1784,2,2,1
shrinking_b_decay_channels_4_r05,branch_count,constant_60,60.0,402,190960,0.0089094,True,False,1320,245,1,1
shrinking_b_decay_channels_4_r05,branch_count,constant_125,125.0,402,190960,0.0072024,True,False,759,521,1,1
shrinking_b_decay_channels_4_r05,branch_count,constant_250,250.0,402,190960,0.0060246,True,False,1,873,1,1
shrinking_b_decay_channels_4_r05,branch_count,constant_500,500.0,402,190960,0.0063243,True,False,1,873,1,1
shrinking_b_decay_channels_4_r05,branch_count,cost_model,427.11375923733834,402,190960,0.0060749,True,False,1,873,1,1
shrinking_b_decay_channels_4_r05,branch_count,cost_model_x0.5,213.55687961866917,402,190960,0.0059619,True,False,1,873,1,1
shrinking_b_decay_channels_4_r05,branch_count,cost_model_x0.25,106.77843980933459,402,190960,0.0072982,True,False,915,440,1,1
shrinking_b_decay_channels_4_r1,branch_count,wallclock_timing,,402,763841,0.0227015,True,False,3593,2,2,1
shrinking_b_decay_channels_4_r1,branch_count,constant_60,60.0,402,763841,0.0228924,True,False,3127,239,1,1
shrinking_b_decay_channels_4_r1,branch_count,constant_125,125.0,402,763841,0.0204359,True,False,2557,513,1,1
shrinking_b_decay_channels_4_r1,branch_count,constant_250,250.0,402,763841,0.0166082,True,False,1488,1030,1,1
shrinking_b_decay_channels_4_r1,branch_count,constant_500,500.0,402,763841,0.0221602,True,False,1,1745,1,1
shrinking_b_decay_channels_4_r1,branch_count,cost_model,446.6452507773898,402,763841,0.0208984,True,False,1,1745,1,1
shrinking_b_decay_channels_4_r1,branch_count,cost_model_x0.5,223.3226253886949,402,763841,0.0173969,True,False,1719,916,1,1
shrinking_b_decay_channels_4_r1,branch_count,cost_model_x0.25,111.66131269434744,402,763841,0.0187836,True,False,2675,456,1,1
shrinking_b_decay_channels_4_r2,branch_count,wallclock_timing,,402,3055364,0.046218,True,False,7189,2,2,1
shrinking_b_decay_channels_4_r2,branch_count,constant_60,60.0,402,3055364,0.0440248,True,False,6761,228,1,1
shrinking_b_decay_channels_4_r2,branch_count,constant_125,125.0,402,3055364,0.0438087,True,False,6199,503,1,1
shrinking_b_decay_channels_4_r2,branch_count,constant_250,250.0,402,3055364,0.0445772,True,False,5106,1022,1,1
shrinking_b_decay_channels_4_r2,branch_count,constant_500,500.0,402,3055364,0.0496705,True,False,2962,2053,1,1
shrinking_b_decay_channels_4_r2,branch_count,cost_model,478.95873999982166,402,3055364,0.0484822,True,False,3141,1966,1,1
shrinking_b_decay_channels_4_r2,branch_count,cost_model_x0.5,239.47936999991083,402,3055364,0.0434413,True,False,5197,971,1,1
shrinking_b_decay_channels_4_r2,branch_count,cost_model_x0.25,119.73968499995541,402,3055364,0.0475926,True,False,6250,479,1,1
shrinking_b_decay_channels_8_r05,branch_count,wallclock_timing,,402,90594,0.0084569,True,False,1205,2,2,1
shrinking_b_decay_channels_8_r05,branch_count,constant_60,60.0,402,90594,0.007508,True,False,750,252,1,1
shrinking_b_decay_channels_8_r05,branch_count,constant_125,125.0,402,90594,0.0054038,True,False,183,519,1,1
shrinking_b_decay_channels_8_r05,branch_count,constant_250,250.0,402,90594,0.0048176,True,False,1,606,1,1
shrinking_b_decay_channels_8_r05,branch_count,constant_500,500.0,402,90594,0.0047879,True,False,1,606,1,1
shrinking_b_decay_channels_8_r05,branch_count,cost_model,349.54916218998983,402,90594,0.0048649,True,False,1,606,1,1
shrinking_b_decay_channels_8_r05,branch_count,cost_model_x0.5,174.77458109499491,402,90594,0.0048764,True,False,1,606,1,1
shrinking_b_decay_channels_8_r05,branch_count,cost_model_x0.25,87.38729054749746,402,90594,0.0059503,True,False,502,364,1,1
shrinking_b_decay_channels_8_r1,branch_count,wallclock_timing,,402,362378,0.017849,True,False,2461,2,2,1
shrinking_b_decay_channels_8_r1,branch_count,constant_60,60.0,402,362378,0.014845,True,False,1950,243,1,1
shrinking_b_decay_channels_8_r1,branch_count,constant_125,125.0,402,362378,0.0142904,True,False,1420,517,1,1
shrinking_b_decay_channels_8_r1,branch_count,constant_250,250.0,402,362378,0.0162002,True,False,352,1035,1,1
shrinking_b_decay_channels_8_r1,branch_count,constant_500,500.0,402,362378,0.0175618,True,False,1,1201,1,1
shrinking_b_decay_channels_8_r1,branch_count,cost_model,360.7170256521287,402,362378,0.0160308,True,False,1,1201,1,1
shrinking_b_decay_channels_8_r1,branch_count,cost_model_x0.5,180.35851282606436,402,362378,0.0117104,True,False,928,746,1,1
shrinking_b_decay_channels_8_r1,branch_count,cost_model_x0.25,90.17925641303218,402,362378,0.012463,True,False,1701,371,1,1
shrinking_b_decay_channels_8_r2,branch_count,wallclock_timing,,402,1449512,0.0390822,True,False,5008,2,2,1
shrinking_b_decay_channels_8_r2,branch_count,constant_60,60.0,402,1449512,0.0309408,True,False,4478,235,1,1
shrinking_b_decay_channels_8_r2,branch_count,constant_125,125.0,402,1449512,0.0338569,True,False,3934,505,1,1
shrinking_b_decay_channels_8_r2,branch_count,constant_250,250.0,402,1449512,0.036782,True,False,2875,1029,1,1
shrinking_b_decay_channels_8_r2,branch_count,constant_500,500.0,402,1449512,0.0532539,True,False,712,2063,1,1
shrinking_b_decay_channels_8_r2,branch_count,cost_model,378.2062802764907,402,1449512,0.0374013,True,False,1789,1556,1,1
shrinking_b_decay_channels_8_r2,branch_count,cost_model_x0.5,189.10314013824535,402,1449512,0.0302149,True,False,3393,774,1,1
shrinking_b_decay_channels_8_r2,branch_count,cost_model_x0.25,94.55157006912268,402,1449512,0.0331216,True,False,4189,380,1,1
dense_support_q4_r05,dense_support,wallclock_timing,,402,27747879,0.133716,True,False,12300,411,7,1
dense_support_q4_r05,dense_support,constant_60,60.0,402,27747879,0.1991451,True,False,28471,134,1,1
dense_support_q4_r05,dense_support,constant_125,125.0,402,27747879,0.1323812,True,False,13061,388,1,1
dense_support_q4_r05,dense_support,constant_250,250.0,402,27747879,0.1224742,True,False,2847,731,1,1
dense_support_q4_r05,dense_support,constant_500,500.0,402,27747879,0.1333874,True,False,1,880,1,1
dense_support_q4_r05,dense_support,cost_model,733.9299421413416,402,27747879,0.1322088,True,False,1,880,1,1
dense_support_q4_r05,dense_support,cost_model_x0.5,366.9649710706708,402,27747879,0.1296335,True,False,1,880,1,1
dense_support_q4_r05,dense_support,cost_model_x0.25,183.4824855353354,402,27747879,0.1234558,True,False,6973,563,1,1
dense_support_q4_r1,dense_support,wallclock_timing,,402,110991516,0.4006646,True,False,35784,577,11,1
dense_support_q4_r1,dense_support,constant_60,60.0,402,110991516,0.6136682,True,False,87376,0,0,1
dense_support_q4_r1,dense_support,constant_125,125.0,402,110991516,0.4619447,True,False,54965,291,1,1
dense_support_q4_r1,dense_support,constant_250,250.0,402,110991516,0.4157167,True,False,26021,775,1,1
dense_support_q4_r1,dense_support,constant_500,500.0,402,110991516,0.4869325,True,False,5629,1460,1,1
dense_support_q4_r1,dense_support,cost_model,784.9494027582399,402,110991516,0.5196982,True,False,1,1757,1,1
dense_support_q4_r1,dense_support,cost_model_x0.5,392.47470137911995,402,110991516,0.4418562,True,False,11981,1194,1,1
dense_support_q4_r1,dense_support,cost_model_x0.25,196.23735068955997,402,110991516,0.4551661,True,False,34992,587,1,1
dense_support_q6_r05,dense_support,wallclock_timing,,402,16382894,0.1401709,True,False,9747,309,7,1
dense_support_q6_r05,dense_support,constant_60,60.0,402,16382894,0.1520925,True,False,17163,165,1,1
dense_support_q6_r05,dense_support,constant_125,125.0,402,16382894,0.1336228,True,False,6744,388,1,1
dense_support_q6_r05,dense_support,constant_250,250.0,402,16382894,0.127354,True,False,1,676,1,1
dense_support_q6_r05,dense_support,constant_500,500.0,402,16382894,0.1263209,True,False,1,676,1,1
dense_support_q6_r05,dense_support,cost_model,501.4841754008458,402,16382894,0.1263605,True,False,1,676,1,1
dense_support_q6_r05,dense_support,cost_model_x0.5,250.7420877004229,402,16382894,0.1274971,True,False,1,676,1,1
dense_support_q6_r05,dense_support,cost_model_x0.25,125.37104385021145,402,16382894,0.1279979,True,False,6711,389,1,1
dense_support_q6_r1,dense_support,wallclock_timing,,402,65531576,0.3807648,True,False,16910,679,9,1
dense_support_q6_r1,dense_support,constant_60,60.0,402,65531576,0.5071684,True,False,62281,35,1,1
dense_support_q6_r1,dense_support,constant_125,125.0,402,65531576,0.4085784,True,False,32830,350,1,1
dense_support_q6_r1,dense_support,constant_250,250.0,402,65531576,0.4494184,True,False,13437,775,1,1
dense_support_q6_r1,dense_support,constant_500,500.0,402,65531576,0.5027919,True,False,1,1350,1,1
dense_support_q6_r1,dense_support,cost_model,525.8795973198837,402,65531576,0.5481297,True,False,1,1350,1,1
dense_support_q6_r1,dense_support,cost_model_x0.5,262.93979865994186,402,65531576,0.402451,True,False,12242,812,1,1
dense_support_q6_r1,dense_support,cost_model_x0.25,131.46989932997093,402,65531576,0.4393812,True,False,31186,376,1,1
dense_support_q8_r05,dense_support,wallclock_timing,,402,7615247,0.1369322,True,False,9494,151,5,1
dense_support_q8_r05,dense_support,constant_60,60.0,402,7615247,0.1109542,True,False,7694,185,1,1
dense_support_q8_r05,dense_support,constant_125,125.0,402,7615247,0.0956006,True,False,1778,369,1,1
dense_support_q8_r05,dense_support,constant_250,250.0,402,7615247,0.1013543,True,False,1,461,1,1
dense_support_q8_r05,dense_support,constant_500,500.0,402,7615247,0.0999176,True,False,1,461,1,1
dense_support_q8_r05,dense_support,cost_model,362.75548127430085,402,7615247,0.1015966,True,False,1,461,1,1
dense_support_q8_r05,dense_support,cost_model_x0.5,181.37774063715042,402,7615247,0.1026826,True,False,1,461,1,1
dense_support_q8_r05,dense_support,cost_model_x0.25,90.68887031857521,402,7615247,0.1121847,True,False,4163,281,1,1
dense_support_q8_r1,dense_support,wallclock_timing,,402,30460991,0.3675598,True,False,23497,227,7,1
dense_support_q8_r1,dense_support,constant_60,60.0,402,30460991,0.4215161,True,False,31052,127,1,1
dense_support_q8_r1,dense_support,constant_125,125.0,402,30460991,0.3537139,True,False,14565,387,1,1
dense_support_q8_r1,dense_support,constant_250,250.0,402,30460991,0.3532261,True,False,3604,737,1,1
dense_support_q8_r1,dense_support,constant_500,500.0,402,30460991,0.4234675,True,False,1,921,1,1
dense_support_q8_r1,dense_support,cost_model,374.37645032354044,402,30460991,0.4455223,True,False,1,921,1,1
dense_support_q8_r1,dense_support,cost_model_x0.5,187.18822516177022,402,30460991,0.3231189,True,False,7708,577,1,1
dense_support_q8_r1,dense_support,cost_model_x0.25,93.59411258088511,402,30460991,0.3457797,True,False,20377,273,1,1
dense_support_q8_r2,dense_support,wallclock_timing,,402,121843964,0.9129957,True,False,47920,437,13,1
dense_support_q8_r2,dense_support,constant_60,60.0,402,121843964,1.0890468,True,False,91572,0,0,1
dense_support_q8_r2,dense_support,constant_125,125.0,402,121843964,0.9164637,True,False,59975,277,1,1
dense_support_q8_r2,dense_support,constant_250,250.0,402,121843964,1.0359951,True,False,28986,772,1,1
dense_support_q8_r2,dense_support,constant_500,500.0,402,121843964,1.4447774,True,False,7123,1473,1,1
dense_support_q8_r2,dense_support,cost_model,392.9554258679335,402,121843964,1.2820183,True,False,13910,1202,1,1
dense_support_q8_r2,dense_support,cost_model_x0.5,196.47771293396676,402,121843964,0.9833791,True,False,38567,580,1,1
dense_support_q8_r2,dense_support,cost_model_x0.25,98.23885646698338,402,121843964,0.9564955,True,False,73366,141,1,1
dense_support_q12_r05,dense_support,wallclock_timing,,402,4302608,0.1786275,True,False,7867,128,5,1
dense_support_q12_r05,dense_support,constant_60,60.0,402,4302608,0.1408912,True,False,3901,188,1,1
dense_support_q12_r05,dense_support,constant_125,125.0,402,4302608,0.1302073,True,False,3,347,1,1
dense_support_q12_r05,dense_support,constant_250,250.0,402,4302608,0.1167341,True,False,1,347,1,1
dense_support_q12_r05,dense_support,constant_500,500.0,402,4302608,0.1197993,True,False,1,347,1,1
dense_support_q12_r05,dense_support,cost_model,237.1021813958432,402,4302608,0.123867,True,False,1,347,1,1
dense_support_q12_r05,dense_support,cost_model_x0.5,118.5510906979216,402,4302608,0.1241784,True,False,245,334,1,1
dense_support_q12_r05,dense_support,cost_model_x0.25,59.2755453489608,402,4302608,0.1393285,True,False,3981,185,1,1
dense_support_q12_r1,dense_support,wallclock_timing,,402,17210432,0.4431283,True,False,18736,156,7,1
dense_support_q12_r1,dense_support,constant_60,60.0,402,17210432,0.3795677,True,False,18055,163,1,1
dense_support_q12_r1,dense_support,constant_125,125.0,402,17210432,0.3727762,True,False,7226,389,1,1
dense_support_q12_r1,dense_support,constant_250,250.0,402,17210432,0.4858123,True,False,6,693,1,1
dense_support_q12_r1,dense_support,constant_500,500.0,402,17210432,0.5352831,True,False,1,693,1,1
dense_support_q12_r1,dense_support,cost_model,241.64168573212487,402,17210432,0.4682331,True,False,315,675,1,1
dense_support_q12_r1,dense_support,cost_model_x0.5,120.82084286606243,402,17210432,0.3656002,True,False,7634,376,1,1
dense_support_q12_r1,dense_support,cost_model_x0.25,60.41042143303122,402,17210432,0.4055596,True,False,17934,165,1,1
dense_support_q12_r2,dense_support,wallclock_timing,,402,68841729,0.9893611,True,False,45651,208,13,1
dense_support_q12_r2,dense_support,constant_60,60.0,402,68841729,1.0510428,True,False,65061,27,1,1
dense_support_q12_r2,dense_support,constant_125,125.0,402,68841729,1.0290101,True,False,34492,346,1,1
dense_support_q12_r2,dense_support,constant_250,250.0,402,68841729,1.3561925,True,False,14365,776,1,1
dense_support_q12_r2,dense_support,constant_500,500.0,402,68841729,1.9429014,True,False,12,1384,1,1
dense_support_q12_r2,dense_support,cost_model,248.58105693558042,402,68841729,1.3341615,True,False,14512,772,1,1
dense_support_q12_r2,dense_support,cost_model_x0.5,124.29052846779021,402,68841729,1.0288465,True,False,34696,343,1,1
dense_support_q12_r2,dense_support,cost_model_x0.25,62.145264233895105,402,68841729,1.0103193,True,False,63332,40,1,1
collision_o2_g0_n1000000_r05,collision,wallclock_timing,,402,22361383,0.1041319,True,False,2546,656,3,1
collision_o2_g0_n1000000_r05,collision,constant_60,60.0,402,22361383,0.1628794,True,False,23250,149,1,1
collision_o2_g0_n1000000_r05,collision,constant_125,125.0,402,22361383,0.1117873,True,False,10099,390,1,1
collision_o2_g0_n1000000_r05,collision,constant_250,250.0,402,22361383,0.1042978,True,False,1342,715,1,1
collision_o2_g0_n1000000_r05,collision,constant_500,500.0,402,22361383,0.1068995,True,False,1,790,1,1
collision_o2_g0_n1000000_r05,collision,cost_model,728.0031665684888,402,22361383,0.1070061,True,False,1,790,1,1
collision_o2_g0_n1000000_r05,collision,cost_model_x0.5,364.0015832842444,402,22361383,0.107426,True,False,1,790,1,1
collision_o2_g0_n1000000_r05,collision,cost_model_x0.25,182.0007916421222,402,22361383,0.1058054,True,False,5013,552,1,1
collision_o2_g0_n1000000_r1,collision,wallclock_timing,,402,89445535,0.3915435,True,False,16800,874,7,1
collision_o2_g0_n1000000_r1,collision,constant_60,60.0,402,89445535,0.521634,True,False,78389,0,0,1
collision_o2_g0_n1000000_r1,collision,constant_125,125.0,402,89445535,0.3789697,True,False,44710,320,1,1
collision_o2_g0_n1000000_r1,collision,constant_250,250.0,402,89445535,0.3369358,True,False,20136,779,1,1
collision_o2_g0_n1000000_r1,collision,constant_500,500.0,402,89445535,0.4553966,True,False,2715,1428,1,1
collision_o2_g0_n1000000_r1,collision,cost_model,775.1598234648103,402,89445535,0.4126059,True,False,1,1578,1,1
collision_o2_g0_n1000000_r1,collision,cost_model_x0.5,387.57991173240515,402,89445535,0.3685916,True,False,8439,1162,1,1
collision_o2_g0_n1000000_r1,collision,cost_model_x0.25,193.78995586620258,402,89445535,0.3598732,True,False,28137,591,1,1
collision_o2_g1_n1000000_r05,collision,wallclock_timing,,402,78119729,0.3935028,True,False,2598,1252,3,1
collision_o2_g1_n1000000_r05,collision,constant_60,60.0,402,78119729,0.7655669,True,False,68234,219,1,1
collision_o2_g1_n1000000_r05,collision,constant_125,125.0,402,78119729,0.4800558,True,False,31906,549,1,1
collision_o2_g1_n1000000_r05,collision,constant_250,250.0,402,78119729,0.3839231,True,False,10829,961,1,1
collision_o2_g1_n1000000_r05,collision,constant_500,500.0,402,78119729,0.397775,True,False,1,1369,1,1
collision_o2_g1_n1000000_r05,collision,cost_model,1062.8147114595884,402,78119729,0.3676087,True,False,1,1369,1,1
collision_o2_g1_n1000000_r05,collision,cost_model_x0.5,531.4073557297942,402,78119729,0.4219851,True,False,1,1369,1,1
collision_o2_g1_n1000000_r05,collision,cost_model_x0.25,265.7036778648971,402,78119729,0.3773392,True,False,9457,1002,1,1
collision_o2_g2_n1000000_r05,collision,wallclock_timing,,402,115123229,0.5720375,True,False,9114,1254,7,1
collision_o2_g2_n1000000_r05,collision,constant_60,60.0,402,115123229,1.2962506,True,False,93687,340,1,1
collision_o2_g2_n1000000_r05,collision,constant_125,125.0,402,115123229,0.7465583,True,False,41950,702,1,1
collision_o2_g2_n1000000_r05,collision,constant_250,250.0,402,115123229,0.6134925,True,False,14083,1127,1,1
collision_o2_g2_n1000000_r05,collision,constant_500,500.0,402,115123229,0.539996,True,False,1,1563,1,1
collision_o2_g2_n1000000_r05,collision,cost_model,1163.8590874864715,402,115123229,0.5904934,True,False,1,1563,1,1
collision_o2_g2_n1000000_r05,collision,cost_model_x0.5,581.9295437432357,402,115123229,0.5371634,True,False,1,1563,1,1
collision_o2_g2_n1000000_r05,collision,cost_model_x0.25,290.96477187161787,402,115123229,0.560708,True,False,9825,1231,1,1
dimerization_r05,dimerization,wallclock_timing,,403,7486081,0.1467092,True,False,2746,1994,3,1
dimerization_r05,dimerization,constant_60,60.0,403,7486081,0.1574945,True,False,15625,0,0,1
dimerization_r05,dimerization,constant_125,125.0,403,7486081,0.1389662,True,False,15625,0,0,1
dimerization_r05,dimerization,constant_250,250.0,403,7486081,0.147843,True,False,15625,0,0,1
dimerization_r05,dimerization,constant_500,500.0,403,7486081,0.1330015,True,False,1,2368,1,1
dimerization_r05,dimerization,cost_model,876.9217514218748,403,7486081,0.1327345,True,False,1,2368,1,1
dimerization_r05,dimerization,cost_model_x0.5,438.4608757109374,403,7486081,0.1405594,True,False,1,2368,1,1
dimerization_r05,dimerization,cost_model_x0.25,219.2304378554687,403,7486081,0.1629593,True,False,15625,0,0,1
dimerization_r1,dimerization,wallclock_timing,,403,29944326,0.3153849,True,False,30048,155,12,1
dimerization_r1,dimerization,constant_60,60.0,403,29944326,0.2975819,True,False,31043,0,0,1
dimerization_r1,dimerization,constant_125,125.0,403,29944326,0.292475,True,False,31043,0,0,1
dimerization_r1,dimerization,constant_250,250.0,403,29944326,0.2908397,True,False,31043,0,0,1
dimerization_r1,dimerization,constant_500,500.0,403,29944326,0.2914532,True,False,31043,0,0,1
dimerization_r1,dimerization,cost_model,931.4985322705442,403,29944326,0.5256547,True,False,1,4736,1,1
dimerization_r1,dimerization,cost_model_x0.5,465.7492661352721,403,29944326,0.3138687,True,False,31043,0,0,1
dimerization_r1,dimerization,cost_model_x0.25,232.87463306763604,403,29944326,0.3150213,True,False,31043,0,0,1
lotka_volterra_r05,lotka_volterra,wallclock_timing,,403,179940,0.3356566,True,False,32085,4810,34,1
lotka_volterra_r05,lotka_volterra,constant_60,60.0,403,179940,0.4103056,True,False,44157,0,0,1
lotka_volterra_r05,lotka_volterra,constant_125,125.0,403,179940,0.4259878,True,False,44157,0,0,1
lotka_volterra_r05,lotka_volterra,constant_250,250.0,403,179940,0.2730249,True,False,18717,10164,7,1
lotka_volterra_r05,lotka_volterra,constant_500,500.0,403,179940,0.2085972,True,False,1,17126,1,1
lotka_volterra_r05,lotka_volterra,cost_model,727.0380042190227,403,179940,0.2035996,True,False,1,17126,1,1
lotka_volterra_r05,lotka_volterra,cost_model_x0.5,363.51900210951135,403,179940,0.2140894,True,False,1,17126,1,1
lotka_volterra_r05,lotka_volterra,cost_model_x0.25,181.75950105475567,403,179940,0.4400762,True,False,44157,0,0,1
lotka_volterra_r1,lotka_volterra,wallclock_timing,,403,719761,0.7986912,True,False,77250,4350,36,1
lotka_volterra_r1,lotka_volterra,constant_60,60.0,403,719761,0.8549974,True,False,88776,0,0,1
lotka_volterra_r1,lotka_volterra,constant_125,125.0,403,719761,0.8532293,True,False,88776,0,0,1
lotka_volterra_r1,lotka_volterra,constant_250,250.0,403,719761,0.8440912,True,False,88776,0,0,1
lotka_volterra_r1,lotka_volterra,constant_500,500.0,403,719761,0.7845394,True,False,37657,20343,7,1
lotka_volterra_r1,lotka_volterra,cost_model,757.789328062881,403,719761,0.8398773,True,False,1,34229,1,1
lotka_volterra_r1,lotka_volterra,cost_model_x0.5,378.8946640314405,403,719761,0.8711372,True,False,88776,0,0,1
lotka_volterra_r1,lotka_volterra,cost_model_x0.25,189.44733201572026,403,719761,0.821713,True,False,88776,0,0,1
lotka_volterra_r2,lotka_volterra,wallclock_timing,,403,2879044,1.8179889,True,False,174221,1263,64,1
lotka_volterra_r2,lotka_volterra,constant_60,60.0,403,2879044,1.6947622,True,False,177665,0,0,1
lotka_volterra_r2,lotka_volterra,constant_125,125.0,403,2879044,1.6715912,True,False,177665,0,0,1
lotka_volterra_r2,lotka_volterra,constant_250,250.0,403,2879044,1.7710141,True,False,177665,0,0,1
lotka_volterra_r2,lotka_volterra,constant_500,500.0,403,2879044,1.7310845,True,False,177665,0,0,1
lotka_volterra_r2,lotka_volterra,cost_model,804.9996298765527,403,2879044,1.8127674,True,False,150027,12321,7,1
lotka_volterra_r2,lotka_volterra,cost_model_x0.5,402.49981493827636,403,2879044,1.7110943,True,False,177665,0,0,1
lotka_volterra_r2,lotka_volterra,cost_model_x0.25,201.24990746913818,403,2879044,1.7306919,True,False,177665,0,0,1
shrinking_r05,shrinking,wallclock_timing,,403,342703,0.0134076,True,False,2403,2,2,1
shrinking_r05,shrinking,constant_60,60.0,403,342703,0.0115718,True,False,1910,245,1,1
shrinking_r05,shrinking,constant_125,125.0,403,342703,0.0095445,True,False,1339,516,1,1
shrinking_r05,shrinking,constant_250,250.0,403,342703,0.0078489,True,False,281,1036,1,1
shrinking_r05,shrinking,constant_500,500.0,403,342703,0.0074685,True,False,1,1173,1,1
shrinking_r05,shrinking,cost_model,544.0582811864226,403,342703,0.0076057,True,False,1,1173,1,1
shrinking_r05,shrinking,cost_model_x0.5,272.0291405932113,403,342703,0.0076177,True,False,89,1125,1,1
shrinking_r05,shrinking,cost_model_x0.25,136.01457029660565,403,342703,0.0112821,True,False,1245,562,1,1
shrinking_r1,shrinking,wallclock_timing,,403,1370812,0.0286485,True,False,4742,29,4,1
shrinking_r1,shrinking,constant_60,60.0,403,1370812,0.0264939,True,False,4371,237,1,1
shrinking_r1,shrinking,constant_125,125.0,403,1370812,0.0258021,True,False,3803,508,1,1
shrinking_r1,shrinking,constant_250,250.0,403,1370812,0.0225588,True,False,2715,1028,1,1
shrinking_r1,shrinking,constant_500,500.0,403,1370812,0.0260877,True,False,582,2064,1,1
shrinking_r1,shrinking,cost_model,577.897910766499,403,1370812,0.0284033,True,False,1,2336,1,1
shrinking_r1,shrinking,cost_model_x0.5,288.9489553832495,403,1370812,0.0234244,True,False,2384,1189,1,1
shrinking_r1,shrinking,cost_model_x0.25,144.47447769162474,403,1370812,0.0244359,True,False,3629,591,1,1
shrinking_r2,shrinking,wallclock_timing,,403,5483250,0.0615308,True,False,9617,4,4,1
shrinking_r2,shrinking,constant_60,60.0,403,5483250,0.0594868,True,False,9216,220,1,1
shrinking_r2,shrinking,constant_125,125.0,403,5483250,0.0602341,True,False,8666,491,1,1
shrinking_r2,shrinking,constant_250,250.0,403,5483250,0.0544577,True,False,7579,1010,1,1
shrinking_r2,shrinking,constant_500,500.0,403,5483250,0.056794,True,False,5421,2045,1,1
shrinking_r2,shrinking,cost_model,636.0096349670639,403,5483250,0.0679983,True,False,4249,2612,1,1
shrinking_r2,shrinking,cost_model_x0.5,318.00481748353195,403,5483250,0.0596994,True,False,6988,1293,1,1
shrinking_r2,shrinking,cost_model_x0.25,159.00240874176598,403,5483250,0.0629694,True,False,8371,632,1,1
shrinking_no_b_decay_r05,shrinking,wallclock_timing,,403,1108596,0.0587063,True,False,8406,49,5,1
shrinking_no_b_decay_r05,shrinking,constant_60,60.0,403,1108596,0.0251329,True,False,3492,133,1,1
shrinking_no_b_decay_r05,shrinking,constant_125,125.0,403,1108596,0.0186766,True,False,2183,287,1,1
shrinking_no_b_decay_r05,shrinking,constant_250,250.0,403,1108596,0.0134957,True,False,596,616,1,1
shrinking_no_b_decay_r05,shrinking,constant_500,500.0,403,1108596,0.0130866,True,False,1,774,1,1
shrinking_no_b_decay_r05,shrinking,cost_model,615.9818556111519,403,1108596,0.0121878,True,False,1,774,1,1
shrinking_no_b_decay_r05,shrinking,cost_model_x0.5,307.99092780557595,403,1108596,0.0124451,True,False,1,774,1,1
shrinking_no_b_decay_r05,shrinking,cost_model_x0.25,153.99546390278798,403,1108596,0.0170748,True,False,1755,360,1,1
shrinking_no_b_decay_r1,shrinking,wallclock_timing,,403,4434387,0.0481933,True,False,3901,643,3,1
shrinking_no_b_decay_r1,shrinking,constant_60,60.0,403,4434387,0.0655864,True,False,9279,131,1,1
shrinking_no_b_decay_r1,shrinking,constant_125,125.0,403,4434387,0.0487928,True,False,6907,275,1,1
shrinking_no_b_decay_r1,shrinking,constant_250,250.0,403,4434387,0.0398418,True,False,4371,571,1,1
shrinking_no_b_decay_r1,shrinking,constant_500,500.0,403,4434387,0.0395882,True,False,1163,1227,1,1
shrinking_no_b_decay_r1,shrinking,cost_model,657.5600996857365,403,4434387,0.0421778,True,False,1,1543,1,1
shrinking_no_b_decay_r1,shrinking,cost_model_x0.5,328.78004984286827,403,4434387,0.0385772,True,False,3190,768,1,1
shrinking_no_b_decay_r1,shrinking,cost_model_x0.25,164.39002492143413,403,4434387,0.0451372,True,False,5962,366,1,1
shrinking_no_b_decay_r2,shrinking,wallclock_timing,,403,17737550,0.1540224,True,False,23489,114,7,1
shrinking_no_b_decay_r2,shrinking,constant_60,60.0,403,17737550,0.1461455,True,False,22303,129,1,1
shrinking_no_b_decay_r2,shrinking,constant_125,125.0,403,17737550,0.1385787,True,False,17984,269,1,1
shrinking_no_b_decay_r2,shrinking,constant_250,250.0,403,17737550,0.1278479,True,False,13614,547,1,1
shrinking_no_b_decay_r2,shrinking,constant_500,500.0,403,17737550,0.1268129,True,False,8662,1138,1,1
shrinking_no_b_decay_r2,shrinking,cost_model,729.6023497822766,403,17737550,0.1316211,True,False,5437,1718,1,1
shrinking_no_b_decay_r2,shrinking,cost_model_x0.5,364.8011748911383,403,17737550,0.1053468,True,False,11041,813,1,1
shrinking_no_b_decay_r2,shrinking,cost_model_x0.25,182.40058744556916,403,17737550,0.1179421,True,False,15676,395,1,1
shrinking_split_b_decay_r05,shrinking,wallclock_timing,,403,298581,0.0127933,True,False,2229,2,2,1
shrinking_split_b_decay_r05,shrinking,constant_60,60.0,403,298581,0.0112452,True,False,1753,246,1,1
shrinking_split_b_decay_r05,shrinking,constant_125,125.0,403,298581,0.0111018,True,False,1206,511,1,1
shrinking_split_b_decay_r05,shrinking,constant_250,250.0,403,298581,0.0072948,True,False,124,1035,1,1
shrinking_split_b_decay_r05,shrinking,constant_500,500.0,403,298581,0.0079449,True,False,1,1096,1,1
shrinking_split_b_decay_r05,shrinking,cost_model,496.2802133398286,403,298581,0.0074577,True,False,1,1096,1,1
shrinking_split_b_decay_r05,shrinking,cost_model_x0.5,248.1401066699143,403,298581,0.0084447,True,False,141,1026,1,1
shrinking_split_b_decay_r05,shrinking,cost_model_x0.25,124.07005333495715,403,298581,0.0091365,True,False,1213,514,1,1
shrinking_split_b_decay_r1,shrinking,wallclock_timing,,403,1194326,0.0268748,True,False,4485,2,2,1
shrinking_split_b_decay_r1,shrinking,constant_60,60.0,403,1194326,0.0266477,True,False,3995,240,1,1
shrinking_split_b_decay_r1,shrinking,constant_125,125.0,403,1194326,0.0244434,True,False,3444,511,1,1
shrinking_split_b_decay_r1,shrinking,constant_250,250.0,403,1194326,0.0219241,True,False,2368,1025,1,1
shrinking_split_b_decay_r1,shrinking,constant_500,500.0,403,1194326,0.0274019,True,False,242,2063,1,1
shrinking_split_b_decay_r1,shrinking,cost_model,524.5670125279418,403,1194326,0.028447,True,False,34,2159,1,1
shrinking_split_b_decay_r1,shrinking,cost_model_x0.5,262.2835062639709,403,1194326,0.0218736,True,False,2260,1080,1,1
shrinking_split_b_decay_r1,shrinking,cost_model_x0.25,131.14175313198544,403,1194326,0.0231851,True,False,3392,534,1,1
shrinking_split_b_decay_r2,shrinking,wallclock_timing,,403,4777304,0.0620002,True,False,9049,4,4,1
shrinking_split_b_decay_r2,shrinking,constant_60,60.0,403,4777304,0.0581705,True,False,8532,222,1,1
shrinking_split_b_decay_r2,shrinking,constant_125,125.0,403,4777304,0.0542148,True,False,7973,495,1,1
shrinking_split_b_decay_r2,shrinking,constant_250,250.0,403,4777304,0.0528239,True,False,6905,1011,1,1
shrinking_split_b_decay_r2,shrinking,constant_500,500.0,403,4777304,0.0569734,True,False,4755,2050,1,1
shrinking_split_b_decay_r2,shrinking,cost_model,572.7418683444771,403,4777304,0.0638417,True,False,4143,2354,1,1
shrinking_split_b_decay_r2,shrinking,cost_model_x0.5,286.37093417223855,403,4777304,0.0531937,True,False,6588,1164,1,1
shrinking_split_b_decay_r2,shrinking,cost_model_x0.25,143.18546708611927,403,4777304,0.0540136,True,False,7824,568,1,1
shrinking_b_decay_channels_1_r05,branch_count,wallclock_timing,,403,357951,0.0137138,True,False,2439,2,2,1
shrinking_b_decay_channels_1_r05,branch_count,constant_60,60.0,403,357951,0.0120393,True,False,1984,247,1,1
shrinking_b_decay_channels_1_r05,branch_count,constant_125,125.0,403,357951,0.010169,True,False,1414,520,1,1
shrinking_b_decay_channels_1_r05,branch_count,constant_250,250.0,403,357951,0.0093133,True,False,347,1031,1,1
shrinking_b_decay_channels_1_r05,branch_count,constant_500,500.0,403,357951,0.0072065,True,False,1,1201,1,1
shrinking_b_decay_channels_1_r05,branch_count,cost_model,544.8928140153258,403,357951,0.0086762,True,False,1,1201,1,1
shrinking_b_decay_channels_1_r05,branch_count,cost_model_x0.5,272.4464070076629,403,357951,0.0072225,True,False,149,1127,1,1
shrinking_b_decay_channels_1_r05,branch_count,cost_model_x0.25,136.22320350383146,403,357951,0.0106153,True,False,1317,568,1,1
shrinking_b_decay_channels_1_r1,branch_count,wallclock_timing,,403,1431807,0.0311206,True,False,4903,2,2,1
shrinking_b_decay_channels_1_r1,branch_count,constant_60,60.0,403,1431807,0.0295106,True,False,4454,236,1,1
shrinking_b_decay_channels_1_r1,branch_count,constant_125,125.0,403,1431807,0.028817,True,False,3904,502,1,1
shrinking_b_decay_channels_1_r1,branch_count,constant_250,250.0,403,1431807,0.0273584,True,False,2831,1025,1,1
shrinking_b_decay_channels_1_r1,branch_count,constant_500,500.0,403,1431807,0.0313222,True,False,682,2065,1,1
shrinking_b_decay_channels_1_r1,branch_count,cost_model,579.2665840985251,403,1431807,0.0330269,True,False,1,2382,1,1
shrinking_b_decay_channels_1_r1,branch_count,cost_model_x0.5,289.63329204926254,403,1431807,0.0267033,True,False,2495,1188,1,1
shrinking_b_decay_channels_1_r1,branch_count,cost_model_x0.25,144.81664602463127,403,1431807,0.0285415,True,False,3745,589,1,1
shrinking_b_decay_channels_1_r2,branch_count,wallclock_timing,,403,5727229,0.0696749,True,False,9853,4,4,1
shrinking_b_decay_channels_1_r2,branch_count,constant_60,60.0,403,5727229,0.0677323,True,False,9431,220,1,1
shrinking_b_decay_channels_1_r2,branch_count,constant_125,125.0,403,5727229,0.0652433,True,False,8869,492,1,1
shrinking_b_decay_channels_1_r2,branch_count,constant_250,250.0,403,5727229,0.0560086,True,False,7796,1012,1,1
shrinking_b_decay_channels_1_r2,branch_count,constant_500,500.0,403,5727229,0.0606116,True,False,5658,2044,1,1
shrinking_b_decay_channels_1_r2,branch_count,cost_model,638.4465574594063,403,5727229,0.0651381,True,False,4450,2624,1,1
shrinking_b_decay_channels_1_r2,branch_count,cost_model_x0.5,319.22327872970317,403,5727229,0.0555159,True,False,7207,1292,1,1
shrinking_b_decay_channels_1_r2,branch_count,cost_model_x0.25,159.61163936485158,403,5727229,0.056331,True,False,8570,634,1,1
shrinking_b_decay_channels_2_r05,branch_count,wallclock_timing,,403,332340,0.0101337,True,False,876,731,3,1
shrinking_b_decay_channels_2_r05,branch_count,constant_60,60.0,403,332340,0.013514,True,False,1832,247,1,1
shrinking_b_decay_channels_2_r05,branch_count,constant_125,125.0,403,332340,0.0097057,True,False,1285,517,1,1
shrinking_b_decay_channels_2_r05,branch_count,constant_250,250.0,403,332340,0.0083124,True,False,241,1035,1,1
shrinking_b_decay_channels_2_r05,branch_count,constant_500,500.0,403,332340,0.0082485,True,False,1,1160,1,1
shrinking_b_decay_channels_2_r05,branch_count,cost_model,498.0234392861981,403,332340,0.0081772,True,False,1,1160,1,1
shrinking_b_decay_channels_2_r05,branch_count,cost_model_x0.5,249.01171964309904,403,332340,0.0095674,True,False,250,1033,1,1
shrinking_b_decay_channels_2_r05,branch_count,cost_model_x0.25,124.50585982154952,403,332340,0.0103983,True,False,1289,518,1,1
shrinking_b_decay_channels_2_r1,branch_count,wallclock_timing,,403,1329360,0.0294801,True,False,4723,2,2,1
shrinking_b_decay_channels_2_r1,branch_count,constant_60,60.0,403,1329360,0.0269067,True,False,4301,235,1,1
shrinking_b_decay_channels_2_r1,branch_count,constant_125,125.0,403,1329360,0.0260397,True,False,3712,504,1,1
shrinking_b_decay_channels_2_r1,branch_count,constant_250,250.0,403,1329360,0.0246119,True,False,2663,1028,1,1
shrinking_b_decay_channels_2_r1,branch_count,constant_500,500.0,403,1329360,0.0299394,True,False,492,2067,1,1
shrinking_b_decay_channels_2_r1,branch_count,cost_model,527.4043832284837,403,1329360,0.0307187,True,False,259,2178,1,1
shrinking_b_decay_channels_2_r1,branch_count,cost_model_x0.5,263.7021916142418,403,1329360,0.0248088,True,False,2540,1082,1,1
shrinking_b_decay_channels_2_r1,branch_count,cost_model_x0.25,131.8510958071209,403,1329360,0.0272291,True,False,3655,537,1,1
shrinking_b_decay_channels_2_r2,branch_count,wallclock_timing,,403,5317440,0.063068,True,False,9484,13,6,1
shrinking_b_decay_channels_2_r2,branch_count,constant_60,60.0,403,5317440,0.0602143,True,False,8987,222,1,1
shrinking_b_decay_channels_2_r2,branch_count,constant_125,125.0,403,5317440,0.0576495,True,False,8444,492,1,1
shrinking_b_decay_channels_2_r2,branch_count,constant_250,250.0,403,5317440,0.0555468,True,False,7366,1013,1,1
shrinking_b_decay_channels_2_r2,branch_count,constant_500,500.0,403,5317440,0.0604519,True,False,5237,2050,1,1
shrinking_b_decay_channels_2_r2,branch_count,cost_model,577.767632966904,403,5317440,0.0657689,True,False,4598,2371,1,1
shrinking_b_decay_channels_2_r2,branch_count,cost_model_x0.5,288.883816483452,403,5317440,0.0595723,True,False,7043,1172,1,1
shrinking_b_decay_channels_2_r2,branch_count,cost_model_x0.25,144.441908241726,403,5317440,0.0656048,True,False,8285,571,1,1
shrinking_b_decay_channels_4_r05,branch_count,wallclock_timing,,403,190960,0.0139865,True,False,1703,32,4,1
shrinking_b_decay_channels_4_r05,branch_count,constant_60,60.0,403,190960,0.0099057,True,False,1286,248,1,1
shrinking_b_decay_channels_4_r05,branch_count,constant_125,125.0,403,190960,0.0078654,True,False,739,517,1,1
shrinking_b_decay_channels_4_r05,branch_count,constant_250,250.0,403,190960,0.0068863,True,False,1,879,1,1
shrinking_b_decay_channels_4_r05,branch_count,constant_500,500.0,403,190960,0.006864,True,False,1,879,1,1
shrinking_b_decay_channels_4_r05,branch_count,cost_model,427.11375923733834,403,190960,0.0069903,True,False,1,879,1,1
shrinking_b_decay_channels_4_r05,branch_count,cost_model_x0.5,213.55687961866917,403,190960,0.0068115,True,False,1,879,1,1
shrinking_b_decay_channels_4_r05,branch_count,cost_model_x0.25,106.77843980933459,403,190960,0.0085088,True,False,884,446,1,1
shrinking_b_decay_channels_4_r1,branch_count,wallclock_timing,,403,763841,0.0256564,True,False,3545,2,2,1
shrinking_b_decay_channels_4_r1,branch_count,constant_60,60.0,403,763841,0.024083,True,False,3098,244,1,1
shrinking_b_decay_channels_4_r1,branch_count,constant_125,125.0,403,763841,0.0217287,True,False,2538,510,1,1
shrinking_b_decay_channels_4_r1,branch_count,constant_250,250.0,403,763841,0.0208384,True,False,1445,1031,1,1
shrinking_b_decay_channels_4_r1,branch_count,constant_500,500.0,403,763841,0.0272278,True,False,1,1747,1,1
shrinking_b_decay_channels_4_r1,branch_count,cost_model,446.6452507773898,403,763841,0.0257667,True,False,1,1747,1,1
shrinking_b_decay_channels_4_r1,branch_count,cost_model_x0.5,223.3226253886949,403,763841,0.02044,True,False,1677,922,1,1
shrinking_b_decay_channels_4_r1,branch_count,cost_model_x0.25,111.66131269434744,403,763841,0.0228783,True,False,2651,457,1,1
shrinking_b_decay_channels_4_r2,branch_count,wallclock_timing,,403,3055364,0.0537283,True,False,7079,2,2,1
shrinking_b_decay_channels_4_r2,branch_count,constant_60,60.0,403,3055364,0.0433733,True,False,6692,228,1,1
shrinking_b_decay_channels_4_r2,branch_count,constant_125,125.0,403,3055364,0.0429692,True,False,6113,498,1,1
shrinking_b_decay_channels_4_r2,branch_count,constant_250,250.0,403,3055364,0.0437508,True,False,5051,1017,1,1
shrinking_b_decay_channels_4_r2,branch_count,constant_500,500.0,403,3055364,0.0518805,True,False,2942,2056,1,1
shrinking_b_decay_channels_4_r2,branch_count,cost_model,478.95873999982166,403,3055364,0.0529342,True,False,3123,1967,1,1
shrinking_b_decay_channels_4_r2,branch_count,cost_model_x0.5,239.47936999991083,403,3055364,0.0427116,True,False,5141,974,1,1
shrinking_b_decay_channels_4_r2,branch_count,cost_model_x0.25,119.73968499995541,403,3055364,0.0438955,True,False,6162,478,1,1
shrinking_b_decay_channels_8_r05,branch_count,wallclock_timing,,403,90594,0.0078961,True,False,1209,2,2,1
shrinking_b_decay_channels_8_r05,branch_count,constant_60,60.0,403,90594,0.0057043,True,False,729,247,1,1
shrinking_b_decay_channels_8_r05,branch_count,constant_125,125.0,403,90594,0.0045874,True,False,175,522,1,1
shrinking_b_decay_channels_8_r05,branch_count,constant_250,250.0,403,90594,0.0044477,True,False,1,606,1,1
shrinking_b_decay_channels_8_r05,branch_count,constant_500,500.0,403,90594,0.0043375,True,False,1,606,1,1
shrinking_b_decay_channels_8_r05,branch_count,cost_model,349.54916218998983,403,90594,0.0042343,True,False,1,606,1,1
shrinking_b_decay_channels_8_r05,branch_count,cost_model_x0.5,174.77458109499491,403,90594,0.0050787,True,False,1,606,1,1
shrinking_b_decay_channels_8_r05,branch_count,cost_model_x0.25,87.38729054749746,403,90594,0.0048981,True,False,493,368,1,1
shrinking_b_decay_channels_8_r1,branch_count,wallclock_timing,,403,362378,0.0175049,True,False,2491,2,2,1
shrinking_b_decay_channels_8_r1,branch_count,constant_60,60.0,403,362378,0.0147027,True,False,1986,246,1,1
shrinking_b_decay_channels_8_r1,branch_count,constant_125,125.0,403,362378,0.013499,True,False,1414,514,1,1
shrinking_b_decay_channels_8_r1,branch_count,constant_250,250.0,403,362378,0.0145232,True,False,337,1039,1,1
shrinking_b_decay_channels_8_r1,branch_count,constant_500,500.0,403,362378,0.0159921,True,False,1,1203,1,1
shrinking_b_decay_channels_8_r1,branch_count,cost_model,360.7170256521287,403,362378,0.0166578,True,False,1,1203,1,1
shrinking_b_decay_channels_8_r1,branch_count,cost_model_x0.5,180.35851282606436,403,362378,0.0132941,True,False,941,747,1,1
shrinking_b_decay_channels_8_r1,branch_count,cost_model_x0.25,90.17925641303218,403,362378,0.0143088,True,False,1717,373,1,1
shrinking_b_decay_channels_8_r2,branch_count,wallclock_timing,,403,1449512,0.0372725,True,False,5003,2,2,1
shrinking_b_decay_channels_8_r2,branch_count,constant_60,60.0,403,1449512,0.0329362,True,False,4452,237,1,1
shrinking_b_decay_channels_8_r2,branch_count,constant_125,125.0,403,1449512,0.0323871,True,False,3903,511,1,1
shrinking_b_decay_channels_8_r2,branch_count,constant_250,250.0,403,1449512,0.0328838,True,False,2817,1025,1,1
shrinking_b_decay_channels_8_r2,branch_count,constant_500,500.0,403,1449512,0.0541989,True,False,716,2059,1,1
shrinking_b_decay_channels_8_r2,branch_count,cost_model,378.2062802764907,403,1449512,0.0411094,True,False,1726,1558,1,1
shrinking_b_decay_channels_8_r2,branch_count,cost_model_x0.5,189.10314013824535,403,1449512,0.0333706,True,False,3352,775,1,1
shrinking_b_decay_channels_8_r2,branch_count,cost_model_x0.25,94.55157006912268,403,1449512,0.0324078,True,False,4168,383,1,1
dense_support_q4_r05,dense_support,wallclock_timing,,403,27747879,0.1281969,True,False,4340,659,5,1
dense_support_q4_r05,dense_support,constant_60,60.0,403,27747879,0.1912698,True,False,28269,134,1,1
dense_support_q4_r05,dense_support,constant_125,125.0,403,27747879,0.1356271,True,False,12861,388,1,1
dense_support_q4_r05,dense_support,constant_250,250.0,403,27747879,0.1330372,True,False,2741,731,1,1
dense_support_q4_r05,dense_support,constant_500,500.0,403,27747879,0.147571,True,False,1,880,1,1
dense_support_q4_r05,dense_support,cost_model,733.9299421413416,403,27747879,0.1505472,True,False,1,880,1,1
dense_support_q4_r05,dense_support,cost_model_x0.5,366.9649710706708,403,27747879,0.1360133,True,False,1,880,1,1
dense_support_q4_r05,dense_support,cost_model_x0.25,183.4824855353354,403,27747879,0.1253736,True,False,6796,563,1,1
dense_support_q4_r1,dense_support,wallclock_timing,,403,110991516,0.4722688,True,False,7286,1376,5,1
dense_support_q4_r1,dense_support,constant_60,60.0,403,110991516,0.6394388,True,False,87172,0,0,1
dense_support_q4_r1,dense_support,constant_125,125.0,403,110991516,0.4949826,True,False,54472,291,1,1
dense_support_q4_r1,dense_support,constant_250,250.0,403,110991516,0.4334423,True,False,25827,775,1,1
dense_support_q4_r1,dense_support,constant_500,500.0,403,110991516,0.480801,True,False,5451,1460,1,1
dense_support_q4_r1,dense_support,cost_model,784.9494027582399,403,110991516,0.5683786,True,False,1,1757,1,1
dense_support_q4_r1,dense_support,cost_model_x0.5,392.47470137911995,403,110991516,0.4347415,True,False,11769,1194,1,1
dense_support_q4_r1,dense_support,cost_model_x0.25,196.23735068955997,403,110991516,0.4477732,True,False,34732,587,1,1
dense_support_q6_r05,dense_support,wallclock_timing,,403,16382894,0.1499976,True,False,7009,375,3,1
dense_support_q6_r05,dense_support,constant_60,60.0,403,16382894,0.1703495,True,False,16929,165,1,1
dense_support_q6_r05,dense_support,constant_125,125.0,403,16382894,0.1212839,True,False,6562,388,1,1
dense_support_q6_r05,dense_support,constant_250,250.0,403,16382894,0.1283787,True,False,1,677,1,1
dense_support_q6_r05,dense_support,constant_500,500.0,403,16382894,0.128864,True,False,1,677,1,1
dense_support_q6_r05,dense_support,cost_model,501.4841754008458,403,16382894,0.1267837,True,False,1,677,1,1
dense_support_q6_r05,dense_support,cost_model_x0.5,250.7420877004229,403,16382894,0.1543277,True,False,1,677,1,1
dense_support_q6_r05,dense_support,cost_model_x0.25,125.37104385021145,403,16382894,0.1497321,True,False,6521,389,1,1
dense_support_q6_r1,dense_support,wallclock_timing,,403,65531576,0.3952548,True,False,18462,630,7,1
dense_support_q6_r1,dense_support,constant_60,60.0,403,65531576,0.5661629,True,False,61915,36,1,1
dense_support_q6_r1,dense_support,constant_125,125.0,403,65531576,0.4247868,True,False,32605,350,1,1
dense_support_q6_r1,dense_support,constant_250,250.0,403,65531576,0.4220624,True,False,13205,775,1,1
dense_support_q6_r1,dense_support,constant_500,500.0,403,65531576,0.5957392,True,False,1,1351,1,1
dense_support_q6_r1,dense_support,cost_model,525.8795973198837,403,65531576,0.4998207,True,False,1,1351,1,1
dense_support_q6_r1,dense_support,cost_model_x0.5,262.93979865994186,403,65531576,0.4144806,True,False,12043,812,1,1
dense_support_q6_r1,dense_support,cost_model_x0.25,131.46989932997093,403,65531576,0.4183488,True,False,30925,377,1,1
dense_support_q8_r05,dense_support,wallclock_timing,,403,7615247,0.1184717,True,False,8541,169,7,1
dense_support_q8_r05,dense_support,constant_60,60.0,403,7615247,0.1083341,True,False,7506,185,1,1
dense_support_q8_r05,dense_support,constant_125,125.0,403,7615247,0.0944475,True,False,1751,369,1,1
dense_support_q8_r05,dense_support,constant_250,250.0,403,7615247,0.1003848,True,False,1,462,1,1
dense_support_q8_r05,dense_support,constant_500,500.0,403,7615247,0.1028474,True,False,1,462,1,1
dense_support_q8_r05,dense_support,cost_model,362.75548127430085,403,7615247,0.0996949,True,False,1,462,1,1
dense_support_q8_r05,dense_support,cost_model_x0.5,181.37774063715042,403,7615247,0.1025469,True,False,1,462,1,1
dense_support_q8_r05,dense_support,cost_model_x0.25,90.68887031857521,403,7615247,0.1086088,True,False,4013,281,1,1
dense_support_q8_r1,dense_support,wallclock_timing,,403,30460991,0.3611891,True,False,24383,210,7,1
dense_support_q8_r1,dense_support,constant_60,60.0,403,30460991,0.3491203,True,False,30830,127,1,1
dense_support_q8_r1,dense_support,constant_125,125.0,403,30460991,0.30418,True,False,14319,387,1,1
dense_support_q8_r1,dense_support,constant_250,250.0,403,30460991,0.3982632,True,False,3483,738,1,1
dense_support_q8_r1,dense_support,constant_500,500.0,403,30460991,0.4065969,True,False,1,922,1,1
dense_support_q8_r1,dense_support,cost_model,374.37645032354044,403,30460991,0.4163695,True,False,1,922,1,1
dense_support_q8_r1,dense_support,cost_model_x0.5,187.18822516177022,403,30460991,0.3520961,True,False,7520,576,1,1
dense_support_q8_r1,dense_support,cost_model_x0.25,93.59411258088511,403,30460991,0.311454,True,False,20120,273,1,1
dense_support_q8_r2,dense_support,wallclock_timing,,403,121843964,0.9175749,True,False,51479,382,15,1
dense_support_q8_r2,dense_support,constant_60,60.0,403,121843964,1.0131018,True,False,91372,0,0,1
dense_support_q8_r2,dense_support,constant_125,125.0,403,121843964,0.8901977,True,False,59567,277,1,1
dense_support_q8_r2,dense_support,constant_250,250.0,403,121843964,0.9977548,True,False,28749,772,1,1
dense_support_q8_r2,dense_support,constant_500,500.0,403,121843964,1.3915908,True,False,6935,1473,1,1
dense_support_q8_r2,dense_support,cost_model,392.9554258679335,403,121843964,1.230823,True,False,13697,1202,1,1
dense_support_q8_r2,dense_support,cost_model_x0.5,196.47771293396676,403,121843964,0.9482618,True,False,38267,580,1,1
dense_support_q8_r2,dense_support,cost_model_x0.25,98.23885646698338,403,121843964,0.9352985,True,False,73171,141,1,1
dense_support_q12_r05,dense_support,wallclock_timing,,403,4302608,0.15363,True,False,8614,89,7,1
dense_support_q12_r05,dense_support,constant_60,60.0,403,4302608,0.1177095,True,False,3779,187,1,1
dense_support_q12_r05,dense_support,constant_125,125.0,403,4302608,0.1338246,True,False,3,347,1,1
dense_support_q12_r05,dense_support,constant_250,250.0,403,4302608,0.1375277,True,False,1,348,1,1
dense_support_q12_r05,dense_support,constant_500,500.0,403,4302608,0.1366563,True,False,1,348,1,1
dense_support_q12_r05,dense_support,cost_model,237.1021813958432,403,4302608,0.1264591,True,False,1,348,1,1
dense_support_q12_r05,dense_support,cost_model_x0.5,118.5510906979216,403,4302608,0.1174171,True,False,224,334,1,1
dense_support_q12_r05,dense_support,cost_model_x0.25,59.2755453489608,403,4302608,0.1225184,True,False,3853,185,1,1
dense_support_q12_r1,dense_support,wallclock_timing,,403,17210432,0.4237605,True,False,22482,106,7,1
dense_support_q12_r1,dense_support,constant_60,60.0,403,17210432,0.3989081,True,False,17773,163,1,1
dense_support_q12_r1,dense_support,constant_125,125.0,403,17210432,0.3705539,True,False,7034,389,1,1
dense_support_q12_r1,dense_support,constant_250,250.0,403,17210432,0.5298399,True,False,6,693,1,1
dense_support_q12_r1,dense_support,constant_500,500.0,403,17210432,0.477346,True,False,1,693,1,1
dense_support_q12_r1,dense_support,cost_model,241.64168573212487,403,17210432,0.5300188,True,False,298,675,1,1
dense_support_q12_r1,dense_support,cost_model_x0.5,120.82084286606243,403,17210432,0.3681214,True,False,7449,376,1,1
dense_support_q12_r1,dense_support,cost_model_x0.25,60.41042143303122,403,17210432,0.391837,True,False,17651,165,1,1
dense_support_q12_r2,dense_support,wallclock_timing,,403,68841729,1.0262214,True,False,36624,316,11,1
dense_support_q12_r2,dense_support,constant_60,60.0,403,68841729,1.0536554,True,False,64724,27,1,1
dense_support_q12_r2,dense_support,constant_125,125.0,403,68841729,1.0384716,True,False,34231,346,1,1
dense_support_q12_r2,dense_support,constant_250,250.0,403,68841729,1.3229286,True,False,14143,776,1,1
dense_support_q12_r2,dense_support,constant_500,500.0,403,68841729,2.0559787,True,False,12,1384,1,1
dense_support_q12_r2,dense_support,cost_model,248.58105693558042,403,68841729,1.3346535,True,False,14275,772,1,1
dense_support_q12_r2,dense_support,cost_model_x0.5,124.29052846779021,403,68841729,1.0376629,True,False,34435,343,1,1
dense_support_q12_r2,dense_support,cost_model_x0.25,62.145264233895105,403,68841729,1.0156403,True,False,62988,40,1,1
collision_o2_g0_n1000000_r05,collision,wallclock_timing,,403,22361383,0.1019605,True,False,3196,623,3,1
collision_o2_g0_n1000000_r05,collision,constant_60,60.0,403,22361383,0.1597061,True,False,23020,149,1,1
collision_o2_g0_n1000000_r05,collision,constant_125,125.0,403,22361383,0.1179601,True,False,9898,390,1,1
collision_o2_g0_n1000000_r05,collision,constant_250,250.0,403,22361383,0.1163733,True,False,1313,715,1,1
collision_o2_g0_n1000000_r05,collision,constant_500,500.0,403,22361383,0.1222131,True,False,1,790,1,1
collision_o2_g0_n1000000_r05,collision,cost_model,728.0031665684888,403,22361383,0.1236286,True,False,1,790,1,1
collision_o2_g0_n1000000_r05,collision,cost_model_x0.5,364.0015832842444,403,22361383,0.1083118,True,False,1,790,1,1
collision_o2_g0_n1000000_r05,collision,cost_model_x0.25,182.0007916421222,403,22361383,0.1016728,True,False,4868,552,1,1
collision_o2_g0_n1000000_r1,collision,wallclock_timing,,403,89445535,0.3373233,True,False,19616,787,7,1
collision_o2_g0_n1000000_r1,collision,constant_60,60.0,403,89445535,0.5697272,True,False,78238,0,0,1
collision_o2_g0_n1000000_r1,collision,constant_125,125.0,403,89445535,0.3819877,True,False,44299,320,1,1
collision_o2_g0_n1000000_r1,collision,constant_250,250.0,403,89445535,0.3719026,True,False,19860,778,1,1
collision_o2_g0_n1000000_r1,collision,constant_500,500.0,403,89445535,0.4186461,True,False,2639,1427,1,1
collision_o2_g0_n1000000_r1,collision,cost_model,775.1598234648103,403,89445535,0.4183248,True,False,1,1578,1,1
collision_o2_g0_n1000000_r1,collision,cost_model_x0.5,387.57991173240515,403,89445535,0.3969466,True,False,8250,1162,1,1
collision_o2_g0_n1000000_r1,collision,cost_model_x0.25,193.78995586620258,403,89445535,0.3624516,True,False,27916,591,1,1
collision_o2_g1_n1000000_r05,collision,wallclock_timing,,403,78119729,0.3622437,True,False,3461,1213,3,1
collision_o2_g1_n1000000_r05,collision,constant_60,60.0,403,78119729,0.7743104,True,False,67947,219,1,1
collision_o2_g1_n1000000_r05,collision,constant_125,125.0,403,78119729,0.4934279,True,False,31697,550,1,1
collision_o2_g1_n1000000_r05,collision,constant_250,250.0,403,78119729,0.3724574,True,False,10610,961,1,1
collision_o2_g1_n1000000_r05,collision,constant_500,500.0,403,78119729,0.4103008,True,False,1,1369,1,1
collision_o2_g1_n1000000_r05,collision,cost_model,1062.8147114595884,403,78119729,0.3685498,True,False,1,1369,1,1
collision_o2_g1_n1000000_r05,collision,cost_model_x0.5,531.4073557297942,403,78119729,0.3762478,True,False,1,1369,1,1
collision_o2_g1_n1000000_r05,collision,cost_model_x0.25,265.7036778648971,403,78119729,0.3634806,True,False,9263,1002,1,1
collision_o2_g2_n1000000_r05,collision,wallclock_timing,,403,115123229,0.5421853,True,False,1002,1521,3,1
collision_o2_g2_n1000000_r05,collision,constant_60,60.0,403,115123229,1.2781505,True,False,93393,340,1,1
collision_o2_g2_n1000000_r05,collision,constant_125,125.0,403,115123229,0.8003073,True,False,41632,702,1,1
collision_o2_g2_n1000000_r05,collision,constant_250,250.0,403,115123229,0.5689535,True,False,13869,1127,1,1
collision_o2_g2_n1000000_r05,collision,constant_500,500.0,403,115123229,0.5857817,True,False,1,1563,1,1
collision_o2_g2_n1000000_r05,collision,cost_model,1163.8590874864715,403,115123229,0.5500242,True,False,1,1563,1,1
collision_o2_g2_n1000000_r05,collision,cost_model_x0.5,581.9295437432357,403,115123229,0.5655776,True,False,1,1563,1,1
collision_o2_g2_n1000000_r05,collision,cost_model_x0.25,290.96477187161787,403,115123229,0.5796484,True,False,9615,1231,1,1
dimerization_r05,dimerization,wallclock_timing,,404,7486081,0.145214,True,False,15720,9,8,1
dimerization_r05,dimerization,constant_60,60.0,404,7486081,0.1430719,True,False,15595,0,0,1
dimerization_r05,dimerization,constant_125,125.0,404,7486081,0.1450123,True,False,15595,0,0,1
dimerization_r05,dimerization,constant_250,250.0,404,7486081,0.1501134,True,False,15595,0,0,1
dimerization_r05,dimerization,constant_500,500.0,404,7486081,0.1355124,True,False,1,2369,1,1
dimerization_r05,dimerization,cost_model,876.9217514218748,404,7486081,0.1339572,True,False,1,2369,1,1
dimerization_r05,dimerization,cost_model_x0.5,438.4608757109374,404,7486081,0.146781,True,False,1,2369,1,1
dimerization_r05,dimerization,cost_model_x0.25,219.2304378554687,404,7486081,0.1605884,True,False,15595,0,0,1
dimerization_r1,dimerization,wallclock_timing,,404,29944326,0.3157311,True,False,30481,129,10,1
dimerization_r1,dimerization,constant_60,60.0,404,29944326,0.2917309,True,False,31280,0,0,1
dimerization_r1,dimerization,constant_125,125.0,404,29944326,0.2924035,True,False,31280,0,0,1
dimerization_r1,dimerization,constant_250,250.0,404,29944326,0.2868713,True,False,31280,0,0,1
dimerization_r1,dimerization,constant_500,500.0,404,29944326,0.2932599,True,False,31280,0,0,1
dimerization_r1,dimerization,cost_model,931.4985322705442,404,29944326,0.5696551,True,False,1,4736,1,1
dimerization_r1,dimerization,cost_model_x0.5,465.7492661352721,404,29944326,0.3003918,True,False,31280,0,0,1
dimerization_r1,dimerization,cost_model_x0.25,232.87463306763604,404,29944326,0.2919877,True,False,31280,0,0,1
lotka_volterra_r05,lotka_volterra,wallclock_timing,,404,179940,0.3876333,True,False,36267,3251,41,1
lotka_volterra_r05,lotka_volterra,constant_60,60.0,404,179940,0.4191726,True,False,44490,0,0,1
lotka_volterra_r05,lotka_volterra,constant_125,125.0,404,179940,0.3996621,True,False,44490,0,0,1
lotka_volterra_r05,lotka_volterra,constant_250,250.0,404,179940,0.2920222,True,False,18911,10189,7,1
lotka_volterra_r05,lotka_volterra,constant_500,500.0,404,179940,0.2384758,True,False,1,17099,1,1
lotka_volterra_r05,lotka_volterra,cost_model,727.0380042190227,404,179940,0.2076526,True,False,1,17099,1,1
lotka_volterra_r05,lotka_volterra,cost_model_x0.5,363.51900210951135,404,179940,0.2043216,True,False,1,17099,1,1
lotka_volterra_r05,lotka_volterra,cost_model_x0.25,181.75950105475567,404,179940,0.4007351,True,False,44490,0,0,1
lotka_volterra_r1,lotka_volterra,wallclock_timing,,404,719761,0.8551026,True,False,74686,5465,39,1
lotka_volterra_r1,lotka_volterra,constant_60,60.0,404,719761,0.8228453,True,False,89086,0,0,1
lotka_volterra_r1,lotka_volterra,constant_125,125.0,404,719761,0.8126096,True,False,89086,0,0,1
lotka_volterra_r1,lotka_volterra,constant_250,250.0,404,719761,0.8576966,True,False,89086,0,0,1
lotka_volterra_r1,lotka_volterra,constant_500,500.0,404,719761,0.7626951,True,False,37953,20345,7,1
lotka_volterra_r1,lotka_volterra,cost_model,757.789328062881,404,719761,0.8179921,True,False,1,34211,1,1
lotka_volterra_r1,lotka_volterra,cost_model_x0.5,378.8946640314405,404,719761,0.8640013,True,False,89086,0,0,1
lotka_volterra_r1,lotka_volterra,cost_model_x0.25,189.44733201572026,404,719761,0.8364273,True,False,89086,0,0,1
lotka_volterra_r2,lotka_volterra,wallclock_timing,,404,2879044,1.7955276,True,False,170074,3418,64,1
lotka_volterra_r2,lotka_volterra,constant_60,60.0,404,2879044,1.7144864,True,False,178058,0,0,1
lotka_volterra_r2,lotka_volterra,constant_125,125.0,404,2879044,1.746643,True,False,178058,0,0,1
lotka_volterra_r2,lotka_volterra,constant_250,250.0,404,2879044,1.7888537,True,False,178058,0,0,1
lotka_volterra_r2,lotka_volterra,constant_500,500.0,404,2879044,1.8016752,True,False,178058,0,0,1
lotka_volterra_r2,lotka_volterra,cost_model,804.9996298765527,404,2879044,1.92146,True,False,150396,12271,7,1
lotka_volterra_r2,lotka_volterra,cost_model_x0.5,402.49981493827636,404,2879044,1.7930474,True,False,178058,0,0,1
lotka_volterra_r2,lotka_volterra,cost_model_x0.25,201.24990746913818,404,2879044,1.7910221,True,False,178058,0,0,1
shrinking_r05,shrinking,wallclock_timing,,404,342703,0.014922,True,False,2347,2,2,1
shrinking_r05,shrinking,constant_60,60.0,404,342703,0.0152243,True,False,1918,246,1,1
shrinking_r05,shrinking,constant_125,125.0,404,342703,0.0126625,True,False,1358,519,1,1
shrinking_r05,shrinking,constant_250,250.0,404,342703,0.009064,True,False,269,1037,1,1
shrinking_r05,shrinking,constant_500,500.0,404,342703,0.0091878,True,False,1,1170,1,1
shrinking_r05,shrinking,cost_model,544.0582811864226,404,342703,0.0088577,True,False,1,1170,1,1
shrinking_r05,shrinking,cost_model_x0.5,272.0291405932113,404,342703,0.0090166,True,False,93,1120,1,1
shrinking_r05,shrinking,cost_model_x0.25,136.01457029660565,404,342703,0.0108274,True,False,1255,566,1,1
shrinking_r1,shrinking,wallclock_timing,,404,1370812,0.0284708,True,False,835,1918,3,1
shrinking_r1,shrinking,constant_60,60.0,404,1370812,0.0315396,True,False,4355,233,1,1
shrinking_r1,shrinking,constant_125,125.0,404,1370812,0.0267011,True,False,3805,511,1,1
shrinking_r1,shrinking,constant_250,250.0,404,1370812,0.0225215,True,False,2716,1029,1,1
shrinking_r1,shrinking,constant_500,500.0,404,1370812,0.0262131,True,False,543,2067,1,1
shrinking_r1,shrinking,cost_model,577.897910766499,404,1370812,0.0298199,True,False,1,2334,1,1
shrinking_r1,shrinking,cost_model_x0.5,288.9489553832495,404,1370812,0.0225963,True,False,2367,1190,1,1
shrinking_r1,shrinking,cost_model_x0.25,144.47447769162474,404,1370812,0.0255453,True,False,3647,588,1,1
shrinking_r2,shrinking,wallclock_timing,,404,5483250,0.0613076,True,False,9621,4,4,1
shrinking_r2,shrinking,constant_60,60.0,404,5483250,0.0617796,True,False,9174,222,1,1
shrinking_r2,shrinking,constant_125,125.0,404,5483250,0.0572417,True,False,8618,492,1,1
shrinking_r2,shrinking,constant_250,250.0,404,5483250,0.057312,True,False,7541,1010,1,1
shrinking_r2,shrinking,constant_500,500.0,404,5483250,0.0616749,True,False,5407,2047,1,1
shrinking_r2,shrinking,cost_model,636.0096349670639,404,5483250,0.0666645,True,False,4237,2613,1,1
shrinking_r2,shrinking,cost_model_x0.5,318.00481748353195,404,5483250,0.0550804,True,False,6945,1295,1,1
shrinking_r2,shrinking,cost_model_x0.25,159.00240874176598,404,5483250,0.0567856,True,False,8316,632,1,1
shrinking_no_b_decay_r05,shrinking,wallclock_timing,,404,1108596,0.0212345,True,False,2961,189,3,1
shrinking_no_b_decay_r05,shrinking,constant_60,60.0,404,1108596,0.0215766,True,False,3464,134,1,1
shrinking_no_b_decay_r05,shrinking,constant_125,125.0,404,1108596,0.0172344,True,False,2151,286,1,1
shrinking_no_b_decay_r05,shrinking,constant_250,250.0,404,1108596,0.0125431,True,False,560,616,1,1
shrinking_no_b_decay_r05,shrinking,constant_500,500.0,404,1108596,0.0117233,True,False,1,774,1,1
shrinking_no_b_decay_r05,shrinking,cost_model,615.9818556111519,404,1108596,0.0124863,True,False,1,774,1,1
shrinking_no_b_decay_r05,shrinking,cost_model_x0.5,307.99092780557595,404,1108596,0.0119092,True,False,1,774,1,1
shrinking_no_b_decay_r05,shrinking,cost_model_x0.25,153.99546390278798,404,1108596,0.0161084,True,False,1716,359,1,1
shrinking_no_b_decay_r1,shrinking,wallclock_timing,,404,4434387,0.045193,True,False,1621,1111,5,1
shrinking_no_b_decay_r1,shrinking,constant_60,60.0,404,4434387,0.0674675,True,False,9185,131,1,1
shrinking_no_b_decay_r1,shrinking,constant_125,125.0,404,4434387,0.0558354,True,False,6842,274,1,1
shrinking_no_b_decay_r1,shrinking,constant_250,250.0,404,4434387,0.0463416,True,False,4342,571,1,1
shrinking_no_b_decay_r1,shrinking,constant_500,500.0,404,4434387,0.0459665,True,False,1144,1228,1,1
shrinking_no_b_decay_r1,shrinking,cost_model,657.5600996857365,404,4434387,0.0508273,True,False,1,1542,1,1
shrinking_no_b_decay_r1,shrinking,cost_model_x0.5,328.78004984286827,404,4434387,0.0435131,True,False,3178,768,1,1
shrinking_no_b_decay_r1,shrinking,cost_model_x0.25,164.39002492143413,404,4434387,0.0421234,True,False,5917,367,1,1
shrinking_no_b_decay_r2,shrinking,wallclock_timing,,404,17737550,0.1151962,True,False,9426,1028,7,1
shrinking_no_b_decay_r2,shrinking,constant_60,60.0,404,17737550,0.1553374,True,False,22586,129,1,1
shrinking_no_b_decay_r2,shrinking,constant_125,125.0,404,17737550,0.1338116,True,False,18190,269,1,1
shrinking_no_b_decay_r2,shrinking,constant_250,250.0,404,17737550,0.1168328,True,False,13740,547,1,1
shrinking_no_b_decay_r2,shrinking,constant_500,500.0,404,17737550,0.1096632,True,False,8681,1138,1,1
shrinking_no_b_decay_r2,shrinking,cost_model,729.6023497822766,404,17737550,0.1205488,True,False,5450,1719,1,1
shrinking_no_b_decay_r2,shrinking,cost_model_x0.5,364.8011748911383,404,17737550,0.1121666,True,False,11101,812,1,1
shrinking_no_b_decay_r2,shrinking,cost_model_x0.25,182.40058744556916,404,17737550,0.1238971,True,False,15840,395,1,1
shrinking_split_b_decay_r05,shrinking,wallclock_timing,,404,298581,0.0109351,True,False,1245,509,3,1
shrinking_split_b_decay_r05,shrinking,constant_60,60.0,404,298581,0.0122173,True,False,1797,245,1,1
shrinking_split_b_decay_r05,shrinking,constant_125,125.0,404,298581,0.0103138,True,False,1221,514,1,1
shrinking_split_b_decay_r05,shrinking,constant_250,250.0,404,298581,0.0083158,True,False,128,1035,1,1
shrinking_split_b_decay_r05,shrinking,constant_500,500.0,404,298581,0.0084618,True,False,1,1094,1,1
shrinking_split_b_decay_r05,shrinking,cost_model,496.2802133398286,404,298581,0.0086183,True,False,1,1094,1,1
shrinking_split_b_decay_r05,shrinking,cost_model_x0.5,248.1401066699143,404,298581,0.0088071,True,False,143,1031,1,1
shrinking_split_b_decay_r05,shrinking,cost_model_x0.25,124.07005333495715,404,298581,0.0105481,True,False,1231,513,1,1
shrinking_split_b_decay_r1,shrinking,wallclock_timing,,404,1194326,0.0339991,True,False,4555,2,2,1
shrinking_split_b_decay_r1,shrinking,constant_60,60.0,404,1194326,0.0296716,True,False,4023,237,1,1
shrinking_split_b_decay_r1,shrinking,constant_125,125.0,404,1194326,0.0268136,True,False,3473,511,1,1
shrinking_split_b_decay_r1,shrinking,constant_250,250.0,404,1194326,0.0253003,True,False,2410,1031,1,1
shrinking_split_b_decay_r1,shrinking,constant_500,500.0,404,1194326,0.0314951,True,False,247,2062,1,1
shrinking_split_b_decay_r1,shrinking,cost_model,524.5670125279418,404,1194326,0.0327621,True,False,36,2162,1,1
shrinking_split_b_decay_r1,shrinking,cost_model_x0.5,262.2835062639709,404,1194326,0.0252543,True,False,2304,1080,1,1
shrinking_split_b_decay_r1,shrinking,cost_model_x0.25,131.14175313198544,404,1194326,0.0280401,True,False,3419,535,1,1
shrinking_split_b_decay_r2,shrinking,wallclock_timing,,404,4777304,0.0677674,True,False,9036,6,6,1
shrinking_split_b_decay_r2,shrinking,constant_60,60.0,404,4777304,0.0574882,True,False,8531,223,1,1
shrinking_split_b_decay_r2,shrinking,constant_125,125.0,404,4777304,0.051634,True,False,7977,496,1,1
shrinking_split_b_decay_r2,shrinking,constant_250,250.0,404,4777304,0.052741,True,False,6899,1014,1,1
shrinking_split_b_decay_r2,shrinking,constant_500,500.0,404,4777304,0.0565274,True,False,4792,2051,1,1
shrinking_split_b_decay_r2,shrinking,cost_model,572.7418683444771,404,4777304,0.0607622,True,False,4151,2348,1,1
shrinking_split_b_decay_r2,shrinking,cost_model_x0.5,286.37093417223855,404,4777304,0.0526321,True,False,6589,1165,1,1
shrinking_split_b_decay_r2,shrinking,cost_model_x0.25,143.18546708611927,404,4777304,0.0536825,True,False,7825,566,1,1
shrinking_b_decay_channels_1_r05,branch_count,wallclock_timing,,404,357951,0.0111316,True,False,1260,584,3,1
shrinking_b_decay_channels_1_r05,branch_count,constant_60,60.0,404,357951,0.0118122,True,False,1946,248,1,1
shrinking_b_decay_channels_1_r05,branch_count,constant_125,125.0,404,357951,0.0100563,True,False,1399,518,1,1
shrinking_b_decay_channels_1_r05,branch_count,constant_250,250.0,404,357951,0.0089037,True,False,333,1036,1,1
shrinking_b_decay_channels_1_r05,branch_count,constant_500,500.0,404,357951,0.0076916,True,False,1,1197,1,1
shrinking_b_decay_channels_1_r05,branch_count,cost_model,544.8928140153258,404,357951,0.0078583,True,False,1,1197,1,1
shrinking_b_decay_channels_1_r05,branch_count,cost_model_x0.5,272.4464070076629,404,357951,0.0088707,True,False,143,1126,1,1
shrinking_b_decay_channels_1_r05,branch_count,cost_model_x0.25,136.22320350383146,404,357951,0.0092707,True,False,1294,564,1,1
shrinking_b_decay_channels_1_r1,branch_count,wallclock_timing,,404,1431807,0.0303373,True,False,4939,2,2,1
shrinking_b_decay_channels_1_r1,branch_count,constant_60,60.0,404,1431807,0.0299527,True,False,4450,239,1,1
shrinking_b_decay_channels_1_r1,branch_count,constant_125,125.0,404,1431807,0.0271692,True,False,3900,508,1,1
shrinking_b_decay_channels_1_r1,branch_count,constant_250,250.0,404,1431807,0.0242226,True,False,2831,1027,1,1
shrinking_b_decay_channels_1_r1,branch_count,constant_500,500.0,404,1431807,0.027394,True,False,666,2061,1,1
shrinking_b_decay_channels_1_r1,branch_count,cost_model,579.2665840985251,404,1431807,0.0304598,True,False,1,2387,1,1
shrinking_b_decay_channels_1_r1,branch_count,cost_model_x0.5,289.63329204926254,404,1431807,0.0237133,True,False,2475,1192,1,1
shrinking_b_decay_channels_1_r1,branch_count,cost_model_x0.25,144.81664602463127,404,1431807,0.0254843,True,False,3718,591,1,1
shrinking_b_decay_channels_1_r2,branch_count,wallclock_timing,,404,5727229,0.0660998,True,False,9841,4,4,1
shrinking_b_decay_channels_1_r2,branch_count,constant_60,60.0,404,5727229,0.0681287,True,False,9445,220,1,1
shrinking_b_decay_channels_1_r2,branch_count,constant_125,125.0,404,5727229,0.0670214,True,False,8862,491,1,1
shrinking_b_decay_channels_1_r2,branch_count,constant_250,250.0,404,5727229,0.0639637,True,False,7797,1006,1,1
shrinking_b_decay_channels_1_r2,branch_count,constant_500,500.0,404,5727229,0.0689891,True,False,5637,2048,1,1
shrinking_b_decay_channels_1_r2,branch_count,cost_model,638.4465574594063,404,5727229,0.0735914,True,False,4426,2619,1,1
shrinking_b_decay_channels_1_r2,branch_count,cost_model_x0.5,319.22327872970317,404,5727229,0.0652232,True,False,7190,1302,1,1
shrinking_b_decay_channels_1_r2,branch_count,cost_model_x0.25,159.61163936485158,404,5727229,0.0546641,True,False,8566,632,1,1
shrinking_b_decay_channels_2_r05,branch_count,wallclock_timing,,404,332340,0.0140791,True,False,2181,91,4,1
shrinking_b_decay_channels_2_r05,branch_count,constant_60,60.0,404,332340,0.0116827,True,False,1894,246,1,1
shrinking_b_decay_channels_2_r05,branch_count,constant_125,125.0,404,332340,0.0100643,True,False,1330,520,1,1
shrinking_b_decay_channels_2_r05,branch_count,constant_250,250.0,404,332340,0.0084973,True,False,246,1035,1,1
shrinking_b_decay_channels_2_r05,branch_count,constant_500,500.0,404,332340,0.0082431,True,False,1,1153,1,1
shrinking_b_decay_channels_2_r05,branch_count,cost_model,498.0234392861981,404,332340,0.0080792,True,False,1,1153,1,1
shrinking_b_decay_channels_2_r05,branch_count,cost_model_x0.5,249.01171964309904,404,332340,0.0090266,True,False,252,1027,1,1
shrinking_b_decay_channels_2_r05,branch_count,cost_model_x0.25,124.50585982154952,404,332340,0.010222,True,False,1337,511,1,1
shrinking_b_decay_channels_2_r1,branch_count,wallclock_timing,,404,1329360,0.0300304,True,False,4810,2,2,1
shrinking_b_decay_channels_2_r1,branch_count,constant_60,60.0,404,1329360,0.0268743,True,False,4305,237,1,1
shrinking_b_decay_channels_2_r1,branch_count,constant_125,125.0,404,1329360,0.0257919,True,False,3720,509,1,1
shrinking_b_decay_channels_2_r1,branch_count,constant_250,250.0,404,1329360,0.0245112,True,False,2639,1026,1,1
shrinking_b_decay_channels_2_r1,branch_count,constant_500,500.0,404,1329360,0.0292914,True,False,497,2060,1,1
shrinking_b_decay_channels_2_r1,branch_count,cost_model,527.4043832284837,404,1329360,0.0308696,True,False,259,2175,1,1
shrinking_b_decay_channels_2_r1,branch_count,cost_model_x0.5,263.7021916142418,404,1329360,0.0246896,True,False,2518,1084,1,1
shrinking_b_decay_channels_2_r1,branch_count,cost_model_x0.25,131.8510958071209,404,1329360,0.0264385,True,False,3662,535,1,1
shrinking_b_decay_channels_2_r2,branch_count,wallclock_timing,,404,5317440,0.0626461,True,False,9569,4,4,1
shrinking_b_decay_channels_2_r2,branch_count,constant_60,60.0,404,5317440,0.059685,True,False,9117,220,1,1
shrinking_b_decay_channels_2_r2,branch_count,constant_125,125.0,404,5317440,0.0608429,True,False,8545,490,1,1
shrinking_b_decay_channels_2_r2,branch_count,constant_250,250.0,404,5317440,0.0569748,True,False,7474,1008,1,1
shrinking_b_decay_channels_2_r2,branch_count,constant_500,500.0,404,5317440,0.061968,True,False,5324,2048,1,1
shrinking_b_decay_channels_2_r2,branch_count,cost_model,577.767632966904,404,5317440,0.0658134,True,False,4670,2372,1,1
shrinking_b_decay_channels_2_r2,branch_count,cost_model_x0.5,288.883816483452,404,5317440,0.0597403,True,False,7154,1174,1,1
shrinking_b_decay_channels_2_r2,branch_count,cost_model_x0.25,144.441908241726,404,5317440,0.0658259,True,False,8393,572,1,1
shrinking_b_decay_channels_4_r05,branch_count,wallclock_timing,,404,190960,0.0126889,True,False,1792,2,2,1
shrinking_b_decay_channels_4_r05,branch_count,constant_60,60.0,404,190960,0.010357,True,False,1307,247,1,1
shrinking_b_decay_channels_4_r05,branch_count,constant_125,125.0,404,190960,0.0087631,True,False,739,523,1,1
shrinking_b_decay_channels_4_r05,branch_count,constant_250,250.0,404,190960,0.007011,True,False,1,871,1,1
shrinking_b_decay_channels_4_r05,branch_count,constant_500,500.0,404,190960,0.0071615,True,False,1,871,1,1
shrinking_b_decay_channels_4_r05,branch_count,cost_model,427.11375923733834,404,190960,0.0070219,True,False,1,871,1,1
shrinking_b_decay_channels_4_r05,branch_count,cost_model_x0.5,213.55687961866917,404,190960,0.0075732,True,False,1,871,1,1
shrinking_b_decay_channels_4_r05,branch_count,cost_model_x0.25,106.77843980933459,404,190960,0.008409,True,False,891,442,1,1
shrinking_b_decay_channels_4_r1,branch_count,wallclock_timing,,404,763841,0.0275664,True,False,3595,8,4,1
shrinking_b_decay_channels_4_r1,branch_count,constant_60,60.0,404,763841,0.0248833,True,False,3112,243,1,1
shrinking_b_decay_channels_4_r1,branch_count,constant_125,125.0,404,763841,0.0220894,True,False,2542,512,1,1
shrinking_b_decay_channels_4_r1,branch_count,constant_250,250.0,404,763841,0.0226655,True,False,1472,1031,1,1
shrinking_b_decay_channels_4_r1,branch_count,constant_500,500.0,404,763841,0.0271002,True,False,1,1743,1,1
shrinking_b_decay_channels_4_r1,branch_count,cost_model,446.6452507773898,404,763841,0.0264928,True,False,1,1743,1,1
shrinking_b_decay_channels_4_r1,branch_count,cost_model_x0.5,223.3226253886949,404,763841,0.0210865,True,False,1699,922,1,1
shrinking_b_decay_channels_4_r1,branch_count,cost_model_x0.25,111.66131269434744,404,763841,0.0224178,True,False,2666,461,1,1
shrinking_b_decay_channels_4_r2,branch_count,wallclock_timing,,404,3055364,0.0552332,True,False,7162,2,2,1
shrinking_b_decay_channels_4_r2,branch_count,constant_60,60.0,404,3055364,0.0437838,True,False,6798,228,1,1
shrinking_b_decay_channels_4_r2,branch_count,constant_125,125.0,404,3055364,0.0444476,True,False,6234,499,1,1
shrinking_b_decay_channels_4_r2,branch_count,constant_250,250.0,404,3055364,0.0463164,True,False,5161,1017,1,1
shrinking_b_decay_channels_4_r2,branch_count,constant_500,500.0,404,3055364,0.0522608,True,False,2974,2058,1,1
shrinking_b_decay_channels_4_r2,branch_count,cost_model,478.95873999982166,404,3055364,0.0522994,True,False,3157,1969,1,1
shrinking_b_decay_channels_4_r2,branch_count,cost_model_x0.5,239.47936999991083,404,3055364,0.0446231,True,False,5255,977,1,1
shrinking_b_decay_channels_4_r2,branch_count,cost_model_x0.25,119.73968499995541,404,3055364,0.0468793,True,False,6280,475,1,1
shrinking_b_decay_channels_8_r05,branch_count,wallclock_timing,,404,90594,0.0079797,True,False,1215,2,2,1
shrinking_b_decay_channels_8_r05,branch_count,constant_60,60.0,404,90594,0.0058936,True,False,745,253,1,1
shrinking_b_decay_channels_8_r05,branch_count,constant_125,125.0,404,90594,0.004519,True,False,175,521,1,1
shrinking_b_decay_channels_8_r05,branch_count,constant_250,250.0,404,90594,0.0043351,True,False,1,604,1,1
shrinking_b_decay_channels_8_r05,branch_count,constant_500,500.0,404,90594,0.0043986,True,False,1,604,1,1
shrinking_b_decay_channels_8_r05,branch_count,cost_model,349.54916218998983,404,90594,0.0045436,True,False,1,604,1,1
shrinking_b_decay_channels_8_r05,branch_count,cost_model_x0.5,174.77458109499491,404,90594,0.0043208,True,False,1,604,1,1
shrinking_b_decay_channels_8_r05,branch_count,cost_model_x0.25,87.38729054749746,404,90594,0.0051635,True,False,510,361,1,1
shrinking_b_decay_channels_8_r1,branch_count,wallclock_timing,,404,362378,0.0165994,True,False,2480,2,2,1
shrinking_b_decay_channels_8_r1,branch_count,constant_60,60.0,404,362378,0.014484,True,False,1996,246,1,1
shrinking_b_decay_channels_8_r1,branch_count,constant_125,125.0,404,362378,0.0131121,True,False,1423,515,1,1
shrinking_b_decay_channels_8_r1,branch_count,constant_250,250.0,404,362378,0.0146653,True,False,356,1035,1,1
shrinking_b_decay_channels_8_r1,branch_count,constant_500,500.0,404,362378,0.0160214,True,False,1,1200,1,1
shrinking_b_decay_channels_8_r1,branch_count,cost_model,360.7170256521287,404,362378,0.0171415,True,False,1,1200,1,1
shrinking_b_decay_channels_8_r1,branch_count,cost_model_x0.5,180.35851282606436,404,362378,0.0125922,True,False,944,749,1,1
shrinking_b_decay_channels_8_r1,branch_count,cost_model_x0.25,90.17925641303218,404,362378,0.0142909,True,False,1727,373,1,1
shrinking_b_decay_channels_8_r2,branch_count,wallclock_timing,,404,1449512,0.0388007,True,False,4925,4,4,1
shrinking_b_decay_channels_8_r2,branch_count,constant_60,60.0,404,1449512,0.0375588,True,False,4457,236,1,1
shrinking_b_decay_channels_8_r2,branch_count,constant_125,125.0,404,1449512,0.0353303,True,False,3909,510,1,1
shrinking_b_decay_channels_8_r2,branch_count,constant_250,250.0,404,1449512,0.0386197,True,False,2854,1029,1,1
shrinking_b_decay_channels_8_r2,branch_count,constant_500,500.0,404,1449512,0.0584545,True,False,683,2064,1,1
shrinking_b_decay_channels_8_r2,branch_count,cost_model,378.2062802764907,404,1449512,0.0476741,True,False,1730,1560,1,1
shrinking_b_decay_channels_8_r2,branch_count,cost_model_x0.5,189.10314013824535,404,1449512,0.0366775,True,False,3369,771,1,1
shrinking_b_decay_channels_8_r2,branch_count,cost_model_x0.25,94.55157006912268,404,1449512,0.036847,True,False,4162,380,1,1
dense_support_q4_r05,dense_support,wallclock_timing,,404,27747879,0.1419984,True,False,7196,555,5,1
dense_support_q4_r05,dense_support,constant_60,60.0,404,27747879,0.1910844,True,False,28434,134,1,1
dense_support_q4_r05,dense_support,constant_125,125.0,404,27747879,0.1402345,True,False,12949,388,1,1
dense_support_q4_r05,dense_support,constant_250,250.0,404,27747879,0.1268721,True,False,2743,731,1,1
dense_support_q4_r05,dense_support,constant_500,500.0,404,27747879,0.1307901,True,False,1,880,1,1
dense_support_q4_r05,dense_support,cost_model,733.9299421413416,404,27747879,0.1356323,True,False,1,880,1,1
dense_support_q4_r05,dense_support,cost_model_x0.5,366.9649710706708,404,27747879,0.1311513,True,False,1,880,1,1
dense_support_q4_r05,dense_support,cost_model_x0.25,183.4824855353354,404,27747879,0.129974,True,False,6910,563,1,1
dense_support_q4_r1,dense_support,wallclock_timing,,404,110991516,0.5042356,True,False,28988,853,11,1
dense_support_q4_r1,dense_support,constant_60,60.0,404,110991516,0.602929,True,False,87427,0,0,1
dense_support_q4_r1,dense_support,constant_125,125.0,404,110991516,0.4813936,True,False,54872,291,1,1
dense_support_q4_r1,dense_support,constant_250,250.0,404,110991516,0.451292,True,False,26005,775,1,1
dense_support_q4_r1,dense_support,constant_500,500.0,404,110991516,0.4836194,True,False,5564,1460,1,1
dense_support_q4_r1,dense_support,cost_model,784.9494027582399,404,110991516,0.5735207,True,False,1,1758,1,1
dense_support_q4_r1,dense_support,cost_model_x0.5,392.47470137911995,404,110991516,0.4332294,True,False,11872,1194,1,1
dense_support_q4_r1,dense_support,cost_model_x0.25,196.23735068955997,404,110991516,0.4508484,True,False,34995,587,1,1
dense_support_q6_r05,dense_support,wallclock_timing,,404,16382894,0.143502,True,False,10896,279,5,1
dense_support_q6_r05,dense_support,constant_60,60.0,404,16382894,0.158209,True,False,17091,165,1,1
dense_support_q6_r05,dense_support,constant_125,125.0,404,16382894,0.1239571,True,False,6703,388,1,1
dense_support_q6_r05,dense_support,constant_250,250.0,404,16382894,0.1251211,True,False,1,676,1,1
dense_support_q6_r05,dense_support,constant_500,500.0,404,16382894,0.1250956,True,False,1,676,1,1
dense_support_q6_r05,dense_support,cost_model,501.4841754008458,404,16382894,0.1269995,True,False,1,676,1,1
dense_support_q6_r05,dense_support,cost_model_x0.5,250.7420877004229,404,16382894,0.1255034,True,False,1,676,1,1
dense_support_q6_r05,dense_support,cost_model_x0.25,125.37104385021145,404,16382894,0.1216211,True,False,6665,389,1,1
dense_support_q6_r1,dense_support,wallclock_timing,,404,65531576,0.3912156,True,False,27539,445,13,1
dense_support_q6_r1,dense_support,constant_60,60.0,404,65531576,0.5510737,True,False,62209,36,1,1
dense_support_q6_r1,dense_support,constant_125,125.0,404,65531576,0.4119742,True,False,32809,350,1,1
dense_support_q6_r1,dense_support,constant_250,250.0,404,65531576,0.3956958,True,False,13299,775,1,1
dense_support_q6_r1,dense_support,constant_500,500.0,404,65531576,0.5455615,True,False,1,1351,1,1
dense_support_q6_r1,dense_support,cost_model,525.8795973198837,404,65531576,0.5079131,True,False,1,1351,1,1
dense_support_q6_r1,dense_support,cost_model_x0.5,262.93979865994186,404,65531576,0.4547543,True,False,12152,812,1,1
dense_support_q6_r1,dense_support,cost_model_x0.25,131.46989932997093,404,65531576,0.3868686,True,False,31173,377,1,1
dense_support_q8_r05,dense_support,wallclock_timing,,404,7615247,0.0988843,True,False,1266,392,3,1
dense_support_q8_r05,dense_support,constant_60,60.0,404,7615247,0.11165,True,False,7626,185,1,1
dense_support_q8_r05,dense_support,constant_125,125.0,404,7615247,0.1014818,True,False,1737,370,1,1
dense_support_q8_r05,dense_support,constant_250,250.0,404,7615247,0.1121026,True,False,1,462,1,1
dense_support_q8_r05,dense_support,constant_500,500.0,404,7615247,0.1158927,True,False,1,462,1,1
dense_support_q8_r05,dense_support,cost_model,362.75548127430085,404,7615247,0.1153389,True,False,1,462,1,1
dense_support_q8_r05,dense_support,cost_model_x0.5,181.37774063715042,404,7615247,0.1044867,True,False,1,462,1,1
dense_support_q8_r05,dense_support,cost_model_x0.25,90.68887031857521,404,7615247,0.1003589,True,False,4062,281,1,1
dense_support_q8_r1,dense_support,wallclock_timing,,404,30460991,0.3296343,True,False,19961,281,7,1
dense_support_q8_r1,dense_support,constant_60,60.0,404,30460991,0.3379814,True,False,31087,127,1,1
dense_support_q8_r1,dense_support,constant_125,125.0,404,30460991,0.31118,True,False,14433,387,1,1
dense_support_q8_r1,dense_support,constant_250,250.0,404,30460991,0.3588413,True,False,3500,738,1,1
dense_support_q8_r1,dense_support,constant_500,500.0,404,30460991,0.4333774,True,False,1,922,1,1
dense_support_q8_r1,dense_support,cost_model,374.37645032354044,404,30460991,0.4575071,True,False,1,922,1,1
dense_support_q8_r1,dense_support,cost_model_x0.5,187.18822516177022,404,30460991,0.3215857,True,False,7638,576,1,1
dense_support_q8_r1,dense_support,cost_model_x0.25,93.59411258088511,404,30460991,0.3374318,True,False,20310,273,1,1
dense_support_q8_r2,dense_support,wallclock_timing,,404,121843964,0.9476029,True,False,40762,547,13,1
dense_support_q8_r2,dense_support,constant_60,60.0,404,121843964,1.0674464,True,False,91562,0,0,1
dense_support_q8_r2,dense_support,constant_125,125.0,404,121843964,0.99831,True,False,59929,277,1,1
dense_support_q8_r2,dense_support,constant_250,250.0,404,121843964,1.0361036,True,False,28954,773,1,1
dense_support_q8_r2,dense_support,constant_500,500.0,404,121843964,1.4630392,True,False,7056,1474,1,1
dense_support_q8_r2,dense_support,cost_model,392.9554258679335,404,121843964,1.2830925,True,False,13783,1202,1,1
dense_support_q8_r2,dense_support,cost_model_x0.5,196.47771293396676,404,121843964,0.9538727,True,False,38543,580,1,1
dense_support_q8_r2,dense_support,cost_model_x0.25,98.23885646698338,404,121843964,0.9628299,True,False,73394,141,1,1
dense_support_q12_r05,dense_support,wallclock_timing,,404,4302608,0.1351843,True,False,6174,133,5,1
dense_support_q12_r05,dense_support,constant_60,60.0,404,4302608,0.1330329,True,False,3808,188,1,1
dense_support_q12_r05,dense_support,constant_125,125.0,404,4302608,0.1405421,True,False,4,348,1,1
dense_support_q12_r05,dense_support,constant_250,250.0,404,4302608,0.1377622,True,False,1,347,1,1
dense_support_q12_r05,dense_support,constant_500,500.0,404,4302608,0.1355221,True,False,1,347,1,1
dense_support_q12_r05,dense_support,cost_model,237.1021813958432,404,4302608,0.1273046,True,False,1,347,1,1
dense_support_q12_r05,dense_support,cost_model_x0.5,118.5510906979216,404,4302608,0.1177081,True,False,232,333,1,1
dense_support_q12_r05,dense_support,cost_model_x0.25,59.2755453489608,404,4302608,0.1163849,True,False,3884,185,1,1
dense_support_q12_r1,dense_support,wallclock_timing,,404,17210432,0.3803616,True,False,15815,198,5,1
dense_support_q12_r1,dense_support,constant_60,60.0,404,17210432,0.4334218,True,False,17963,163,1,1
dense_support_q12_r1,dense_support,constant_125,125.0,404,17210432,0.4253847,True,False,7140,389,1,1
dense_support_q12_r1,dense_support,constant_250,250.0,404,17210432,0.5421122,True,False,8,693,1,1
dense_support_q12_r1,dense_support,constant_500,500.0,404,17210432,0.4827483,True,False,1,693,1,1
dense_support_q12_r1,dense_support,cost_model,241.64168573212487,404,17210432,0.527108,True,False,301,675,1,1
dense_support_q12_r1,dense_support,cost_model_x0.5,120.82084286606243,404,17210432,0.3804796,True,False,7554,377,1,1
dense_support_q12_r1,dense_support,cost_model_x0.25,60.41042143303122,404,17210432,0.3673904,True,False,17841,165,1,1
dense_support_q12_r2,dense_support,wallclock_timing,,404,68841729,1.0835814,True,False,64670,38,17,1
dense_support_q12_r2,dense_support,constant_60,60.0,404,68841729,1.1213182,True,False,64969,27,1,1
dense_support_q12_r2,dense_support,constant_125,125.0,404,68841729,1.0485844,True,False,34492,346,1,1
dense_support_q12_r2,dense_support,constant_250,250.0,404,68841729,1.3645821,True,False,14248,776,1,1
dense_support_q12_r2,dense_support,constant_500,500.0,404,68841729,2.0298995,True,False,14,1384,1,1
dense_support_q12_r2,dense_support,cost_model,248.58105693558042,404,68841729,1.3796566,True,False,14387,772,1,1
dense_support_q12_r2,dense_support,cost_model_x0.5,124.29052846779021,404,68841729,1.0510995,True,False,34693,343,1,1
dense_support_q12_r2,dense_support,cost_model_x0.25,62.145264233895105,404,68841729,1.0661929,True,False,63235,40,1,1
collision_o2_g0_n1000000_r05,collision,wallclock_timing,,404,22361383,0.1160419,True,False,2971,633,3,1
collision_o2_g0_n1000000_r05,collision,constant_60,60.0,404,22361383,0.1817116,True,False,23207,149,1,1
collision_o2_g0_n1000000_r05,collision,constant_125,125.0,404,22361383,0.1285222,True,False,10004,390,1,1
collision_o2_g0_n1000000_r05,collision,constant_250,250.0,404,22361383,0.102151,True,False,1304,715,1,1
collision_o2_g0_n1000000_r05,collision,constant_500,500.0,404,22361383,0.1026454,True,False,1,790,1,1
collision_o2_g0_n1000000_r05,collision,cost_model,728.0031665684888,404,22361383,0.1068688,True,False,1,790,1,1
collision_o2_g0_n1000000_r05,collision,cost_model_x0.5,364.0015832842444,404,22361383,0.1059638,True,False,1,790,1,1
collision_o2_g0_n1000000_r05,collision,cost_model_x0.25,182.0007916421222,404,22361383,0.1041929,True,False,4927,552,1,1
collision_o2_g0_n1000000_r1,collision,wallclock_timing,,404,89445535,0.407621,True,False,10185,1108,7,1
collision_o2_g0_n1000000_r1,collision,constant_60,60.0,404,89445535,0.5604134,True,False,78449,0,0,1
collision_o2_g0_n1000000_r1,collision,constant_125,125.0,404,89445535,0.4033033,True,False,44631,320,1,1
collision_o2_g0_n1000000_r1,collision,constant_250,250.0,404,89445535,0.375476,True,False,20059,778,1,1
collision_o2_g0_n1000000_r1,collision,constant_500,500.0,404,89445535,0.3880894,True,False,2638,1427,1,1
collision_o2_g0_n1000000_r1,collision,cost_model,775.1598234648103,404,89445535,0.4901202,True,False,1,1578,1,1
collision_o2_g0_n1000000_r1,collision,cost_model_x0.5,387.57991173240515,404,89445535,0.3883938,True,False,8363,1162,1,1
collision_o2_g0_n1000000_r1,collision,cost_model_x0.25,193.78995586620258,404,89445535,0.3440331,True,False,28098,591,1,1
collision_o2_g1_n1000000_r05,collision,wallclock_timing,,404,78119729,0.4218372,True,False,1410,1301,3,1
collision_o2_g1_n1000000_r05,collision,constant_60,60.0,404,78119729,0.7587884,True,False,68162,219,1,1
collision_o2_g1_n1000000_r05,collision,constant_125,125.0,404,78119729,0.5122362,True,False,31903,549,1,1
collision_o2_g1_n1000000_r05,collision,constant_250,250.0,404,78119729,0.3736953,True,False,10712,961,1,1
collision_o2_g1_n1000000_r05,collision,constant_500,500.0,404,78119729,0.425224,True,False,1,1369,1,1
collision_o2_g1_n1000000_r05,collision,cost_model,1062.8147114595884,404,78119729,0.3768013,True,False,1,1369,1,1
collision_o2_g1_n1000000_r05,collision,cost_model_x0.5,531.4073557297942,404,78119729,0.369876,True,False,1,1369,1,1
collision_o2_g1_n1000000_r05,collision,cost_model_x0.25,265.7036778648971,404,78119729,0.4185746,True,False,9384,1002,1,1
collision_o2_g2_n1000000_r05,collision,wallclock_timing,,404,115123229,0.5519931,True,False,8438,1296,7,1
collision_o2_g2_n1000000_r05,collision,constant_60,60.0,404,115123229,1.3372959,True,False,93630,340,1,1
collision_o2_g2_n1000000_r05,collision,constant_125,125.0,404,115123229,0.7761671,True,False,41924,702,1,1
collision_o2_g2_n1000000_r05,collision,constant_250,250.0,404,115123229,0.6065448,True,False,13944,1127,1,1
collision_o2_g2_n1000000_r05,collision,constant_500,500.0,404,115123229,0.5867627,True,False,1,1563,1,1
collision_o2_g2_n1000000_r05,collision,cost_model,1163.8590874864715,404,115123229,0.5724547,True,False,1,1563,1,1
collision_o2_g2_n1000000_r05,collision,cost_model_x0.5,581.9295437432357,404,115123229,0.6089038,True,False,1,1563,1,1
collision_o2_g2_n1000000_r05,collision,cost_model_x0.25,290.96477187161787,404,115123229,0.5971969,True,False,9729,1231,1,1
dimerization_r05,dimerization,wallclock_timing,,405,7486081,0.1390651,True,False,9498,945,10,1
dimerization_r05,dimerization,constant_60,60.0,405,7486081,0.1481043,True,False,15677,0,0,1
dimerization_r05,dimerization,constant_125,125.0,405,7486081,0.1516103,True,False,15677,0,0,1
dimerization_r05,dimerization,constant_250,250.0,405,7486081,0.1692423,True,False,15677,0,0,1
dimerization_r05,dimerization,constant_500,500.0,405,7486081,0.1564611,True,False,1,2368,1,1
dimerization_r05,dimerization,cost_model,876.9217514218748,405,7486081,0.1614643,True,False,1,2368,1,1
dimerization_r05,dimerization,cost_model_x0.5,438.4608757109374,405,7486081,0.1510012,True,False,1,2368,1,1
dimerization_r05,dimerization,cost_model_x0.25,219.2304378554687,405,7486081,0.1429882,True,False,15677,0,0,1
dimerization_r1,dimerization,wallclock_timing,,405,29944326,0.2862212,True,False,31081,8,8,1
dimerization_r1,dimerization,constant_60,60.0,405,29944326,0.3229343,True,False,31132,0,0,1
dimerization_r1,dimerization,constant_125,125.0,405,29944326,0.3393342,True,False,31132,0,0,1
dimerization_r1,dimerization,constant_250,250.0,405,29944326,0.2997244,True,False,31132,0,0,1
dimerization_r1,dimerization,constant_500,500.0,405,29944326,0.287778,True,False,31132,0,0,1
dimerization_r1,dimerization,cost_model,931.4985322705442,405,29944326,0.6140743,True,False,1,4736,1,1
dimerization_r1,dimerization,cost_model_x0.5,465.7492661352721,405,29944326,0.2947907,True,False,31132,0,0,1
dimerization_r1,dimerization,cost_model_x0.25,232.87463306763604,405,29944326,0.2928198,True,False,31132,0,0,1
lotka_volterra_r05,lotka_volterra,wallclock_timing,,405,179940,0.4267271,True,False,40646,1363,32,1
lotka_volterra_r05,lotka_volterra,constant_60,60.0,405,179940,0.4121752,True,False,44408,0,0,1
lotka_volterra_r05,lotka_volterra,constant_125,125.0,405,179940,0.406892,True,False,44408,0,0,1
lotka_volterra_r05,lotka_volterra,constant_250,250.0,405,179940,0.3140404,True,False,18855,10151,7,1
lotka_volterra_r05,lotka_volterra,constant_500,500.0,405,179940,0.2120128,True,False,1,17109,1,1
lotka_volterra_r05,lotka_volterra,cost_model,727.0380042190227,405,179940,0.2016622,True,False,1,17109,1,1
lotka_volterra_r05,lotka_volterra,cost_model_x0.5,363.51900210951135,405,179940,0.2025798,True,False,1,17109,1,1
lotka_volterra_r05,lotka_volterra,cost_model_x0.25,181.75950105475567,405,179940,0.4399961,True,False,44408,0,0,1
lotka_volterra_r1,lotka_volterra,wallclock_timing,,405,719761,0.910048,True,False,58797,11544,32,1
lotka_volterra_r1,lotka_volterra,constant_60,60.0,405,719761,0.9238882,True,False,88762,0,0,1
lotka_volterra_r1,lotka_volterra,constant_125,125.0,405,719761,0.8406988,True,False,88762,0,0,1
lotka_volterra_r1,lotka_volterra,constant_250,250.0,405,719761,0.8795456,True,False,88762,0,0,1
lotka_volterra_r1,lotka_volterra,constant_500,500.0,405,719761,0.8144479,True,False,37770,20331,7,1
lotka_volterra_r1,lotka_volterra,cost_model,757.789328062881,405,719761,0.8138121,True,False,1,34195,1,1
lotka_volterra_r1,lotka_volterra,cost_model_x0.5,378.8946640314405,405,719761,0.8544812,True,False,88762,0,0,1
lotka_volterra_r1,lotka_volterra,cost_model_x0.25,189.44733201572026,405,719761,0.8797849,True,False,88762,0,0,1
lotka_volterra_r2,lotka_volterra,wallclock_timing,,405,2879044,1.7609717,True,False,175587,903,60,1
lotka_volterra_r2,lotka_volterra,constant_60,60.0,405,2879044,1.8057113,True,False,177725,0,0,1
lotka_volterra_r2,lotka_volterra,constant_125,125.0,405,2879044,1.8325501,True,False,177725,0,0,1
lotka_volterra_r2,lotka_volterra,constant_250,250.0,405,2879044,1.769192,True,False,177725,0,0,1
lotka_volterra_r2,lotka_volterra,constant_500,500.0,405,2879044,1.7957696,True,False,177725,0,0,1
lotka_volterra_r2,lotka_volterra,cost_model,804.9996298765527,405,2879044,1.8955219,True,False,150247,12208,7,1
lotka_volterra_r2,lotka_volterra,cost_model_x0.5,402.49981493827636,405,2879044,1.7442179,True,False,177725,0,0,1
lotka_volterra_r2,lotka_volterra,cost_model_x0.25,201.24990746913818,405,2879044,1.6792981,True,False,177725,0,0,1
shrinking_r05,shrinking,wallclock_timing,,405,342703,0.0130843,True,False,2339,2,2,1
shrinking_r05,shrinking,constant_60,60.0,405,342703,0.0130948,True,False,1893,246,1,1
shrinking_r05,shrinking,constant_125,125.0,405,342703,0.0097594,True,False,1359,514,1,1
shrinking_r05,shrinking,constant_250,250.0,405,342703,0.0073089,True,False,280,1028,1,1
shrinking_r05,shrinking,constant_500,500.0,405,342703,0.0077196,True,False,1,1173,1,1
shrinking_r05,shrinking,cost_model,544.0582811864226,405,342703,0.0075786,True,False,1,1173,1,1
shrinking_r05,shrinking,cost_model_x0.5,272.0291405932113,405,342703,0.0075516,True,False,92,1123,1,1
shrinking_r05,shrinking,cost_model_x0.25,136.01457029660565,405,342703,0.0096015,True,False,1258,562,1,1
shrinking_r1,shrinking,wallclock_timing,,405,1370812,0.0278218,True,False,4746,2,2,1
shrinking_r1,shrinking,constant_60,60.0,405,1370812,0.0289784,True,False,4337,238,1,1
shrinking_r1,shrinking,constant_125,125.0,405,1370812,0.0270876,True,False,3779,506,1,1
shrinking_r1,shrinking,constant_250,250.0,405,1370812,0.0225149,True,False,2708,1025,1,1
shrinking_r1,shrinking,constant_500,500.0,405,1370812,0.0250248,True,False,573,2062,1,1
shrinking_r1,shrinking,cost_model,577.897910766499,405,1370812,0.0282147,True,False,1,2337,1,1
shrinking_r1,shrinking,cost_model_x0.5,288.9489553832495,405,1370812,0.0244021,True,False,2376,1195,1,1
shrinking_r1,shrinking,cost_model_x0.25,144.47447769162474,405,1370812,0.0277536,True,False,3615,585,1,1
shrinking_r2,shrinking,wallclock_timing,,405,5483250,0.0574676,True,False,9555,4,4,1
shrinking_r2,shrinking,constant_60,60.0,405,5483250,0.0565132,True,False,9172,219,1,1
shrinking_r2,shrinking,constant_125,125.0,405,5483250,0.0543951,True,False,8601,492,1,1
shrinking_r2,shrinking,constant_250,250.0,405,5483250,0.0531962,True,False,7553,1007,1,1
shrinking_r2,shrinking,constant_500,500.0,405,5483250,0.057922,True,False,5413,2047,1,1
shrinking_r2,shrinking,cost_model,636.0096349670639,405,5483250,0.063097,True,False,4230,2611,1,1
shrinking_r2,shrinking,cost_model_x0.5,318.00481748353195,405,5483250,0.0536248,True,False,6955,1294,1,1
shrinking_r2,shrinking,cost_model_x0.25,159.00240874176598,405,5483250,0.0570665,True,False,8328,635,1,1
shrinking_no_b_decay_r05,shrinking,wallclock_timing,,405,1108596,0.0130395,True,False,1121,486,3,1
shrinking_no_b_decay_r05,shrinking,constant_60,60.0,405,1108596,0.0227305,True,False,3488,134,1,1
shrinking_no_b_decay_r05,shrinking,constant_125,125.0,405,1108596,0.0176161,True,False,2144,288,1,1
shrinking_no_b_decay_r05,shrinking,constant_250,250.0,405,1108596,0.0125167,True,False,579,614,1,1
shrinking_no_b_decay_r05,shrinking,constant_500,500.0,405,1108596,0.0119799,True,False,1,772,1,1
shrinking_no_b_decay_r05,shrinking,cost_model,615.9818556111519,405,1108596,0.0118446,True,False,1,772,1,1
shrinking_no_b_decay_r05,shrinking,cost_model_x0.5,307.99092780557595,405,1108596,0.0118628,True,False,1,772,1,1
shrinking_no_b_decay_r05,shrinking,cost_model_x0.25,153.99546390278798,405,1108596,0.016085,True,False,1709,360,1,1
shrinking_no_b_decay_r1,shrinking,wallclock_timing,,405,4434387,0.0603915,True,False,8134,182,3,1
shrinking_no_b_decay_r1,shrinking,constant_60,60.0,405,4434387,0.065922,True,False,9104,131,1,1
shrinking_no_b_decay_r1,shrinking,constant_125,125.0,405,4434387,0.0556853,True,False,6794,275,1,1
shrinking_no_b_decay_r1,shrinking,constant_250,250.0,405,4434387,0.0457477,True,False,4311,569,1,1
shrinking_no_b_decay_r1,shrinking,constant_500,500.0,405,4434387,0.0446117,True,False,1152,1227,1,1
shrinking_no_b_decay_r1,shrinking,cost_model,657.5600996857365,405,4434387,0.0493421,True,False,1,1544,1,1
shrinking_no_b_decay_r1,shrinking,cost_model_x0.5,328.78004984286827,405,4434387,0.0402996,True,False,3156,769,1,1
shrinking_no_b_decay_r1,shrinking,cost_model_x0.25,164.39002492143413,405,4434387,0.0472432,True,False,5878,366,1,1
shrinking_no_b_decay_r2,shrinking,wallclock_timing,,405,17737550,0.1237307,True,False,18446,253,7,1
shrinking_no_b_decay_r2,shrinking,constant_60,60.0,405,17737550,0.1464013,True,False,22420,129,1,1
shrinking_no_b_decay_r2,shrinking,constant_125,125.0,405,17737550,0.1264766,True,False,18045,269,1,1
shrinking_no_b_decay_r2,shrinking,constant_250,250.0,405,17737550,0.1116776,True,False,13637,547,1,1
shrinking_no_b_decay_r2,shrinking,constant_500,500.0,405,17737550,0.1134282,True,False,8638,1137,1,1
shrinking_no_b_decay_r2,shrinking,cost_model,729.6023497822766,405,17737550,0.134364,True,False,5429,1720,1,1
shrinking_no_b_decay_r2,shrinking,cost_model_x0.5,364.8011748911383,405,17737550,0.1224894,True,False,11013,813,1,1
shrinking_no_b_decay_r2,shrinking,cost_model_x0.25,182.40058744556916,405,17737550,0.1417465,True,False,15681,395,1,1
shrinking_split_b_decay_r05,shrinking,wallclock_timing,,405,298581,0.0144763,True,False,2093,73,4,1
shrinking_split_b_decay_r05,shrinking,constant_60,60.0,405,298581,0.0106967,True,False,1750,246,1,1
shrinking_split_b_decay_r05,shrinking,constant_125,125.0,405,298581,0.0084397,True,False,1192,518,1,1
shrinking_split_b_decay_r05,shrinking,constant_250,250.0,405,298581,0.0070655,True,False,130,1035,1,1
shrinking_split_b_decay_r05,shrinking,constant_500,500.0,405,298581,0.0069574,True,False,1,1092,1,1
shrinking_split_b_decay_r05,shrinking,cost_model,496.2802133398286,405,298581,0.0073869,True,False,1,1092,1,1
shrinking_split_b_decay_r05,shrinking,cost_model_x0.5,248.1401066699143,405,298581,0.007152,True,False,146,1025,1,1
shrinking_split_b_decay_r05,shrinking,cost_model_x0.25,124.07005333495715,405,298581,0.0089197,True,False,1203,514,1,1
shrinking_split_b_decay_r1,shrinking,wallclock_timing,,405,1194326,0.0264899,True,False,4469,2,2,1
shrinking_split_b_decay_r1,shrinking,constant_60,60.0,405,1194326,0.0252866,True,False,4080,239,1,1
shrinking_split_b_decay_r1,shrinking,constant_125,125.0,405,1194326,0.0234865,True,False,3499,510,1,1
shrinking_split_b_decay_r1,shrinking,constant_250,250.0,405,1194326,0.0221323,True,False,2431,1030,1,1
shrinking_split_b_decay_r1,shrinking,constant_500,500.0,405,1194326,0.0281291,True,False,243,2061,1,1
shrinking_split_b_decay_r1,shrinking,cost_model,524.5670125279418,405,1194326,0.0287277,True,False,26,2165,1,1
shrinking_split_b_decay_r1,shrinking,cost_model_x0.5,262.2835062639709,405,1194326,0.0228912,True,False,2330,1082,1,1
shrinking_split_b_decay_r1,shrinking,cost_model_x0.25,131.14175313198544,405,1194326,0.0234834,True,False,3443,533,1,1
shrinking_split_b_decay_r2,shrinking,wallclock_timing,,405,4777304,0.0574767,True,False,8943,4,4,1
shrinking_split_b_decay_r2,shrinking,constant_60,60.0,405,4777304,0.0565453,True,False,8555,222,1,1
shrinking_split_b_decay_r2,shrinking,constant_125,125.0,405,4777304,0.0534108,True,False,7990,499,1,1
shrinking_split_b_decay_r2,shrinking,constant_250,250.0,405,4777304,0.0521915,True,False,6916,1008,1,1
shrinking_split_b_decay_r2,shrinking,constant_500,500.0,405,4777304,0.0603406,True,False,4763,2047,1,1
shrinking_split_b_decay_r2,shrinking,cost_model,572.7418683444771,405,4777304,0.0674676,True,False,4141,2351,1,1
shrinking_split_b_decay_r2,shrinking,cost_model_x0.5,286.37093417223855,405,4777304,0.0624237,True,False,6591,1166,1,1
shrinking_split_b_decay_r2,shrinking,cost_model_x0.25,143.18546708611927,405,4777304,0.0612246,True,False,7820,567,1,1
shrinking_b_decay_channels_1_r05,branch_count,wallclock_timing,,405,357951,0.0168464,True,False,2435,2,2,1
shrinking_b_decay_channels_1_r05,branch_count,constant_60,60.0,405,357951,0.0144476,True,False,1983,242,1,1
shrinking_b_decay_channels_1_r05,branch_count,constant_125,125.0,405,357951,0.0118857,True,False,1423,515,1,1
shrinking_b_decay_channels_1_r05,branch_count,constant_250,250.0,405,357951,0.0093804,True,False,338,1034,1,1
shrinking_b_decay_channels_1_r05,branch_count,constant_500,500.0,405,357951,0.0097507,True,False,1,1193,1,1
shrinking_b_decay_channels_1_r05,branch_count,cost_model,544.8928140153258,405,357951,0.009629,True,False,1,1193,1,1
shrinking_b_decay_channels_1_r05,branch_count,cost_model_x0.5,272.4464070076629,405,357951,0.0096628,True,False,143,1126,1,1
shrinking_b_decay_channels_1_r05,branch_count,cost_model_x0.25,136.22320350383146,405,357951,0.0117911,True,False,1325,564,1,1
shrinking_b_decay_channels_1_r1,branch_count,wallclock_timing,,405,1431807,0.0336746,True,False,4882,2,2,1
shrinking_b_decay_channels_1_r1,branch_count,constant_60,60.0,405,1431807,0.0327583,True,False,4433,235,1,1
shrinking_b_decay_channels_1_r1,branch_count,constant_125,125.0,405,1431807,0.0320007,True,False,3881,508,1,1
shrinking_b_decay_channels_1_r1,branch_count,constant_250,250.0,405,1431807,0.028543,True,False,2798,1028,1,1
shrinking_b_decay_channels_1_r1,branch_count,constant_500,500.0,405,1431807,0.0320803,True,False,679,2060,1,1
shrinking_b_decay_channels_1_r1,branch_count,cost_model,579.2665840985251,405,1431807,0.0264767,True,False,1,2384,1,1
shrinking_b_decay_channels_1_r1,branch_count,cost_model_x0.5,289.63329204926254,405,1431807,0.0218631,True,False,2461,1190,1,1
shrinking_b_decay_channels_1_r1,branch_count,cost_model_x0.25,144.81664602463127,405,1431807,0.024764,True,False,3716,589,1,1
shrinking_b_decay_channels_1_r2,branch_count,wallclock_timing,,405,5727229,0.0612501,True,False,9802,4,4,1
shrinking_b_decay_channels_1_r2,branch_count,constant_60,60.0,405,5727229,0.0595318,True,False,9364,220,1,1
shrinking_b_decay_channels_1_r2,branch_count,constant_125,125.0,405,5727229,0.0564765,True,False,8831,490,1,1
shrinking_b_decay_channels_1_r2,branch_count,constant_250,250.0,405,5727229,0.0547542,True,False,7778,1009,1,1
shrinking_b_decay_channels_1_r2,branch_count,constant_500,500.0,405,5727229,0.0576423,True,False,5620,2049,1,1
shrinking_b_decay_channels_1_r2,branch_count,cost_model,638.4465574594063,405,5727229,0.0657078,True,False,4448,2621,1,1
shrinking_b_decay_channels_1_r2,branch_count,cost_model_x0.5,319.22327872970317,405,5727229,0.0573143,True,False,7177,1296,1,1
shrinking_b_decay_channels_1_r2,branch_count,cost_model_x0.25,159.61163936485158,405,5727229,0.0612059,True,False,8538,634,1,1
shrinking_b_decay_channels_2_r05,branch_count,wallclock_timing,,405,332340,0.0130239,True,False,1992,163,4,1
shrinking_b_decay_channels_2_r05,branch_count,constant_60,60.0,405,332340,0.0132614,True,False,1896,248,1,1
shrinking_b_decay_channels_2_r05,branch_count,constant_125,125.0,405,332340,0.0106417,True,False,1339,516,1,1
shrinking_b_decay_channels_2_r05,branch_count,constant_250,250.0,405,332340,0.0090721,True,False,249,1034,1,1
shrinking_b_decay_channels_2_r05,branch_count,constant_500,500.0,405,332340,0.0089046,True,False,1,1153,1,1
shrinking_b_decay_channels_2_r05,branch_count,cost_model,498.0234392861981,405,332340,0.0090428,True,False,1,1153,1,1
shrinking_b_decay_channels_2_r05,branch_count,cost_model_x0.5,249.01171964309904,405,332340,0.0090659,True,False,257,1033,1,1
shrinking_b_decay_channels_2_r05,branch_count,cost_model_x0.25,124.50585982154952,405,332340,0.0112539,True,False,1343,514,1,1
shrinking_b_decay_channels_2_r1,branch_count,wallclock_timing,,405,1329360,0.0329066,True,False,4736,2,2,1
shrinking_b_decay_channels_2_r1,branch_count,constant_60,60.0,405,1329360,0.0306076,True,False,4227,239,1,1
shrinking_b_decay_channels_2_r1,branch_count,constant_125,125.0,405,1329360,0.029034,True,False,3683,511,1,1
shrinking_b_decay_channels_2_r1,branch_count,constant_250,250.0,405,1329360,0.0276295,True,False,2604,1024,1,1
shrinking_b_decay_channels_2_r1,branch_count,constant_500,500.0,405,1329360,0.0339212,True,False,493,2061,1,1
shrinking_b_decay_channels_2_r1,branch_count,cost_model,527.4043832284837,405,1329360,0.0342461,True,False,265,2177,1,1
shrinking_b_decay_channels_2_r1,branch_count,cost_model_x0.5,263.7021916142418,405,1329360,0.0268223,True,False,2488,1086,1,1
shrinking_b_decay_channels_2_r1,branch_count,cost_model_x0.25,131.8510958071209,405,1329360,0.0297459,True,False,3624,533,1,1
shrinking_b_decay_channels_2_r2,branch_count,wallclock_timing,,405,5317440,0.0688532,True,False,9399,7,6,1
shrinking_b_decay_channels_2_r2,branch_count,constant_60,60.0,405,5317440,0.0665324,True,False,8993,220,1,1
shrinking_b_decay_channels_2_r2,branch_count,constant_125,125.0,405,5317440,0.0558763,True,False,8438,492,1,1
shrinking_b_decay_channels_2_r2,branch_count,constant_250,250.0,405,5317440,0.0525436,True,False,7356,1011,1,1
shrinking_b_decay_channels_2_r2,branch_count,constant_500,500.0,405,5317440,0.0614204,True,False,5255,2046,1,1
shrinking_b_decay_channels_2_r2,branch_count,cost_model,577.767632966904,405,5317440,0.063374,True,False,4586,2370,1,1
shrinking_b_decay_channels_2_r2,branch_count,cost_model_x0.5,288.883816483452,405,5317440,0.0549716,True,False,7031,1174,1,1
shrinking_b_decay_channels_2_r2,branch_count,cost_model_x0.25,144.441908241726,405,5317440,0.0563481,True,False,8272,572,1,1
shrinking_b_decay_channels_4_r05,branch_count,wallclock_timing,,405,190960,0.0105935,True,False,1748,2,2,1
shrinking_b_decay_channels_4_r05,branch_count,constant_60,60.0,405,190960,0.0087715,True,False,1302,250,1,1
shrinking_b_decay_channels_4_r05,branch_count,constant_125,125.0,405,190960,0.0069688,True,False,722,520,1,1
shrinking_b_decay_channels_4_r05,branch_count,constant_250,250.0,405,190960,0.0059784,True,False,1,876,1,1
shrinking_b_decay_channels_4_r05,branch_count,constant_500,500.0,405,190960,0.0060382,True,False,1,876,1,1
shrinking_b_decay_channels_4_r05,branch_count,cost_model,427.11375923733834,405,190960,0.0059736,True,False,1,876,1,1
shrinking_b_decay_channels_4_r05,branch_count,cost_model_x0.5,213.55687961866917,405,190960,0.0063471,True,False,1,876,1,1
shrinking_b_decay_channels_4_r05,branch_count,cost_model_x0.25,106.77843980933459,405,190960,0.0073037,True,False,887,443,1,1
shrinking_b_decay_channels_4_r1,branch_count,wallclock_timing,,405,763841,0.0240533,True,False,3508,2,2,1
shrinking_b_decay_channels_4_r1,branch_count,constant_60,60.0,405,763841,0.0206905,True,False,3060,239,1,1
shrinking_b_decay_channels_4_r1,branch_count,constant_125,125.0,405,763841,0.0207661,True,False,2529,512,1,1
shrinking_b_decay_channels_4_r1,branch_count,constant_250,250.0,405,763841,0.0182765,True,False,1473,1036,1,1
shrinking_b_decay_channels_4_r1,branch_count,constant_500,500.0,405,763841,0.0226776,True,False,1,1747,1,1
shrinking_b_decay_channels_4_r1,branch_count,cost_model,446.6452507773898,405,763841,0.0222909,True,False,1,1747,1,1
shrinking_b_decay_channels_4_r1,branch_count,cost_model_x0.5,223.3226253886949,405,763841,0.0179055,True,False,1688,919,1,1
shrinking_b_decay_channels_4_r1,branch_count,cost_model_x0.25,111.66131269434744,405,763841,0.0196386,True,False,2634,456,1,1
shrinking_b_decay_channels_4_r2,branch_count,wallclock_timing,,405,3055364,0.0511431,True,False,7211,2,2,1
shrinking_b_decay_channels_4_r2,branch_count,constant_60,60.0,405,3055364,0.0464827,True,False,6720,228,1,1
shrinking_b_decay_channels_4_r2,branch_count,constant_125,125.0,405,3055364,0.0477917,True,False,6152,500,1,1
shrinking_b_decay_channels_4_r2,branch_count,constant_250,250.0,405,3055364,0.045081,True,False,5059,1016,1,1
shrinking_b_decay_channels_4_r2,branch_count,constant_500,500.0,405,3055364,0.057681,True,False,2920,2056,1,1
shrinking_b_decay_channels_4_r2,branch_count,cost_model,478.95873999982166,405,3055364,0.0618607,True,False,3103,1966,1,1
shrinking_b_decay_channels_4_r2,branch_count,cost_model_x0.5,239.47936999991083,405,3055364,0.0502346,True,False,5149,978,1,1
shrinking_b_decay_channels_4_r2,branch_count,cost_model_x0.25,119.73968499995541,405,3055364,0.0520413,True,False,6203,479,1,1
shrinking_b_decay_channels_8_r05,branch_count,wallclock_timing,,405,90594,0.0103361,True,False,1184,12,4,1
shrinking_b_decay_channels_8_r05,branch_count,constant_60,60.0,405,90594,0.0064128,True,False,748,248,1,1
shrinking_b_decay_channels_8_r05,branch_count,constant_125,125.0,405,90594,0.0053302,True,False,179,520,1,1
shrinking_b_decay_channels_8_r05,branch_count,constant_250,250.0,405,90594,0.0049534,True,False,1,608,1,1
shrinking_b_decay_channels_8_r05,branch_count,constant_500,500.0,405,90594,0.00488,True,False,1,608,1,1
shrinking_b_decay_channels_8_r05,branch_count,cost_model,349.54916218998983,405,90594,0.0049815,True,False,1,608,1,1
shrinking_b_decay_channels_8_r05,branch_count,cost_model_x0.5,174.77458109499491,405,90594,0.0048753,True,False,1,608,1,1
shrinking_b_decay_channels_8_r05,branch_count,cost_model_x0.25,87.38729054749746,405,90594,0.005847,True,False,504,366,1,1
shrinking_b_decay_channels_8_r1,branch_count,wallclock_timing,,405,362378,0.0158713,True,False,1341,555,3,1
shrinking_b_decay_channels_8_r1,branch_count,constant_60,60.0,405,362378,0.0167188,True,False,1982,244,1,1
shrinking_b_decay_channels_8_r1,branch_count,constant_125,125.0,405,362378,0.0159798,True,False,1420,518,1,1
shrinking_b_decay_channels_8_r1,branch_count,constant_250,250.0,405,362378,0.016719,True,False,349,1032,1,1
shrinking_b_decay_channels_8_r1,branch_count,constant_500,500.0,405,362378,0.0193652,True,False,1,1201,1,1
shrinking_b_decay_channels_8_r1,branch_count,cost_model,360.7170256521287,405,362378,0.0182111,True,False,1,1201,1,1
shrinking_b_decay_channels_8_r1,branch_count,cost_model_x0.5,180.35851282606436,405,362378,0.0162435,True,False,949,750,1,1
shrinking_b_decay_channels_8_r1,branch_count,cost_model_x0.25,90.17925641303218,405,362378,0.0153251,True,False,1734,372,1,1
shrinking_b_decay_channels_8_r2,branch_count,wallclock_timing,,405,1449512,0.032951,True,False,4989,2,2,1
shrinking_b_decay_channels_8_r2,branch_count,constant_60,60.0,405,1449512,0.0327688,True,False,4467,237,1,1
shrinking_b_decay_channels_8_r2,branch_count,constant_125,125.0,405,1449512,0.0320305,True,False,3927,506,1,1
shrinking_b_decay_channels_8_r2,branch_count,constant_250,250.0,405,1449512,0.0330646,True,False,2848,1025,1,1
shrinking_b_decay_channels_8_r2,branch_count,constant_500,500.0,405,1449512,0.0525702,True,False,709,2063,1,1
shrinking_b_decay_channels_8_r2,branch_count,cost_model,378.2062802764907,405,1449512,0.0404507,True,False,1751,1558,1,1
shrinking_b_decay_channels_8_r2,branch_count,cost_model_x0.5,189.10314013824535,405,1449512,0.0319517,True,False,3358,776,1,1
shrinking_b_decay_channels_8_r2,branch_count,cost_model_x0.25,94.55157006912268,405,1449512,0.0332228,True,False,4173,378,1,1
dense_support_q4_r05,dense_support,wallclock_timing,,405,27747879,0.1308375,True,False,10105,462,5,1
dense_support_q4_r05,dense_support,constant_60,60.0,405,27747879,0.2093301,True,False,28311,134,1,1
dense_support_q4_r05,dense_support,constant_125,125.0,405,27747879,0.158105,True,False,12899,388,1,1
dense_support_q4_r05,dense_support,constant_250,250.0,405,27747879,0.1532769,True,False,2753,731,1,1
dense_support_q4_r05,dense_support,constant_500,500.0,405,27747879,0.1358432,True,False,1,879,1,1
dense_support_q4_r05,dense_support,cost_model,733.9299421413416,405,27747879,0.1280206,True,False,1,879,1,1
dense_support_q4_r05,dense_support,cost_model_x0.5,366.9649710706708,405,27747879,0.1335492,True,False,1,879,1,1
dense_support_q4_r05,dense_support,cost_model_x0.25,183.4824855353354,405,27747879,0.1279494,True,False,6881,563,1,1
dense_support_q4_r1,dense_support,wallclock_timing,,405,110991516,0.4594877,True,False,9398,1290,5,1
dense_support_q4_r1,dense_support,constant_60,60.0,405,110991516,0.6462849,True,False,87114,0,0,1
dense_support_q4_r1,dense_support,constant_125,125.0,405,110991516,0.4682455,True,False,54643,291,1,1
dense_support_q4_r1,dense_support,constant_250,250.0,405,110991516,0.4463472,True,False,25827,775,1,1
dense_support_q4_r1,dense_support,constant_500,500.0,405,110991516,0.4860093,True,False,5572,1460,1,1
dense_support_q4_r1,dense_support,cost_model,784.9494027582399,405,110991516,0.5323589,True,False,1,1757,1,1
dense_support_q4_r1,dense_support,cost_model_x0.5,392.47470137911995,405,110991516,0.4703919,True,False,11822,1194,1,1
dense_support_q4_r1,dense_support,cost_model_x0.25,196.23735068955997,405,110991516,0.4145209,True,False,34833,587,1,1
dense_support_q6_r05,dense_support,wallclock_timing,,405,16382894,0.1339107,True,False,4678,461,5,1
dense_support_q6_r05,dense_support,constant_60,60.0,405,16382894,0.1861048,True,False,16972,165,1,1
dense_support_q6_r05,dense_support,constant_125,125.0,405,16382894,0.1346261,True,False,6653,388,1,1
dense_support_q6_r05,dense_support,constant_250,250.0,405,16382894,0.1227161,True,False,1,676,1,1
dense_support_q6_r05,dense_support,constant_500,500.0,405,16382894,0.1223159,True,False,1,676,1,1
dense_support_q6_r05,dense_support,cost_model,501.4841754008458,405,16382894,0.1252454,True,False,1,676,1,1
dense_support_q6_r05,dense_support,cost_model_x0.5,250.7420877004229,405,16382894,0.1236083,True,False,1,676,1,1
dense_support_q6_r05,dense_support,cost_model_x0.25,125.37104385021145,405,16382894,0.1208183,True,False,6616,389,1,1
dense_support_q6_r1,dense_support,wallclock_timing,,405,65531576,0.4057576,True,False,10085,882,5,1
dense_support_q6_r1,dense_support,constant_60,60.0,405,65531576,0.5112373,True,False,62033,35,1,1
dense_support_q6_r1,dense_support,constant_125,125.0,405,65531576,0.4378625,True,False,32694,350,1,1
dense_support_q6_r1,dense_support,constant_250,250.0,405,65531576,0.3847072,True,False,13284,775,1,1
dense_support_q6_r1,dense_support,constant_500,500.0,405,65531576,0.5222379,True,False,1,1350,1,1
dense_support_q6_r1,dense_support,cost_model,525.8795973198837,405,65531576,0.5176281,True,False,1,1350,1,1
dense_support_q6_r1,dense_support,cost_model_x0.5,262.93979865994186,405,65531576,0.3956106,True,False,12110,812,1,1
dense_support_q6_r1,dense_support,cost_model_x0.25,131.46989932997093,405,65531576,0.3910196,True,False,31046,377,1,1
dense_support_q8_r05,dense_support,wallclock_timing,,405,7615247,0.1318737,True,False,11814,111,5,1
dense_support_q8_r05,dense_support,constant_60,60.0,405,7615247,0.118254,True,False,7570,186,1,1
dense_support_q8_r05,dense_support,constant_125,125.0,405,7615247,0.108297,True,False,1743,369,1,1
dense_support_q8_r05,dense_support,constant_250,250.0,405,7615247,0.111454,True,False,1,461,1,1
dense_support_q8_r05,dense_support,constant_500,500.0,405,7615247,0.1120196,True,False,1,461,1,1
dense_support_q8_r05,dense_support,cost_model,362.75548127430085,405,7615247,0.0995587,True,False,1,461,1,1
dense_support_q8_r05,dense_support,cost_model_x0.5,181.37774063715042,405,7615247,0.0996623,True,False,1,461,1,1
dense_support_q8_r05,dense_support,cost_model_x0.25,90.68887031857521,405,7615247,0.098446,True,False,4041,281,1,1
dense_support_q8_r1,dense_support,wallclock_timing,,405,30460991,0.3693344,True,False,1891,815,3,1
dense_support_q8_r1,dense_support,constant_60,60.0,405,30460991,0.3613439,True,False,30966,126,1,1
dense_support_q8_r1,dense_support,constant_125,125.0,405,30460991,0.3482217,True,False,14392,387,1,1
dense_support_q8_r1,dense_support,constant_250,250.0,405,30460991,0.3500732,True,False,3498,737,1,1
dense_support_q8_r1,dense_support,constant_500,500.0,405,30460991,0.404455,True,False,1,921,1,1
dense_support_q8_r1,dense_support,cost_model,374.37645032354044,405,30460991,0.4007331,True,False,1,921,1,1
dense_support_q8_r1,dense_support,cost_model_x0.5,187.18822516177022,405,30460991,0.3155086,True,False,7595,576,1,1
dense_support_q8_r1,dense_support,cost_model_x0.25,93.59411258088511,405,30460991,0.3371527,True,False,20192,273,1,1
dense_support_q8_r2,dense_support,wallclock_timing,,405,121843964,1.0216662,True,False,29383,763,9,1
dense_support_q8_r2,dense_support,constant_60,60.0,405,121843964,1.0226105,True,False,91242,0,0,1
dense_support_q8_r2,dense_support,constant_125,125.0,405,121843964,0.9042941,True,False,59657,277,1,1
dense_support_q8_r2,dense_support,constant_250,250.0,405,121843964,1.0046919,True,False,28809,772,1,1
dense_support_q8_r2,dense_support,constant_500,500.0,405,121843964,1.3872037,True,False,7018,1473,1,1
dense_support_q8_r2,dense_support,cost_model,392.9554258679335,405,121843964,1.2239508,True,False,13738,1202,1,1
dense_support_q8_r2,dense_support,cost_model_x0.5,196.47771293396676,405,121843964,0.946789,True,False,38368,580,1,1
dense_support_q8_r2,dense_support,cost_model_x0.25,98.23885646698338,405,121843964,0.8815744,True,False,73199,141,1,1
dense_support_q12_r05,dense_support,wallclock_timing,,405,4302608,0.1352034,True,False,6867,118,3,1
dense_support_q12_r05,dense_support,constant_60,60.0,405,4302608,0.1198546,True,False,3803,187,1,1
dense_support_q12_r05,dense_support,constant_125,125.0,405,4302608,0.1262492,True,False,1,347,1,1
dense_support_q12_r05,dense_support,constant_250,250.0,405,4302608,0.1343527,True,False,1,347,1,1
dense_support_q12_r05,dense_support,constant_500,500.0,405,4302608,0.1397844,True,False,1,347,1,1
dense_support_q12_r05,dense_support,cost_model,237.1021813958432,405,4302608,0.132389,True,False,1,347,1,1
dense_support_q12_r05,dense_support,cost_model_x0.5,118.5510906979216,405,4302608,0.1163774,True,False,223,334,1,1
dense_support_q12_r05,dense_support,cost_model_x0.25,59.2755453489608,405,4302608,0.1152735,True,False,3882,185,1,1
dense_support_q12_r1,dense_support,wallclock_timing,,405,17210432,0.3780107,True,False,18773,152,7,1
dense_support_q12_r1,dense_support,constant_60,60.0,405,17210432,0.3834809,True,False,17834,163,1,1
dense_support_q12_r1,dense_support,constant_125,125.0,405,17210432,0.4126931,True,False,7104,389,1,1
dense_support_q12_r1,dense_support,constant_250,250.0,405,17210432,0.4818553,True,False,6,693,1,1
dense_support_q12_r1,dense_support,constant_500,500.0,405,17210432,0.4793956,True,False,1,693,1,1
dense_support_q12_r1,dense_support,cost_model,241.64168573212487,405,17210432,0.4770063,True,False,297,675,1,1
dense_support_q12_r1,dense_support,cost_model_x0.5,120.82084286606243,405,17210432,0.3753911,True,False,7510,376,1,1
dense_support_q12_r1,dense_support,cost_model_x0.25,60.41042143303122,405,17210432,0.3658068,True,False,17713,165,1,1
dense_support_q12_r2,dense_support,wallclock_timing,,405,68841729,1.0410355,True,False,33710,360,11,1
dense_support_q12_r2,dense_support,constant_60,60.0,405,68841729,1.049037,True,False,64749,27,1,1
dense_support_q12_r2,dense_support,constant_125,125.0,405,68841729,0.9803811,True,False,34352,346,1,1
dense_support_q12_r2,dense_support,constant_250,250.0,405,68841729,1.3081954,True,False,14208,776,1,1
dense_support_q12_r2,dense_support,constant_500,500.0,405,68841729,1.9371689,True,False,10,1384,1,1
dense_support_q12_r2,dense_support,cost_model,248.58105693558042,405,68841729,1.3622213,True,False,14335,772,1,1
dense_support_q12_r2,dense_support,cost_model_x0.5,124.29052846779021,405,68841729,1.0186363,True,False,34551,343,1,1
dense_support_q12_r2,dense_support,cost_model_x0.25,62.145264233895105,405,68841729,1.0429388,True,False,63039,40,1,1
collision_o2_g0_n1000000_r05,collision,wallclock_timing,,405,22361383,0.1063095,True,False,5072,570,5,1
collision_o2_g0_n1000000_r05,collision,constant_60,60.0,405,22361383,0.1583283,True,False,23038,149,1,1
collision_o2_g0_n1000000_r05,collision,constant_125,125.0,405,22361383,0.1085777,True,False,9943,390,1,1
collision_o2_g0_n1000000_r05,collision,constant_250,250.0,405,22361383,0.1117726,True,False,1316,715,1,1
collision_o2_g0_n1000000_r05,collision,constant_500,500.0,405,22361383,0.1215236,True,False,1,789,1,1
collision_o2_g0_n1000000_r05,collision,cost_model,728.0031665684888,405,22361383,0.1206944,True,False,1,789,1,1
collision_o2_g0_n1000000_r05,collision,cost_model_x0.5,364.0015832842444,405,22361383,0.1170384,True,False,1,789,1,1
collision_o2_g0_n1000000_r05,collision,cost_model_x0.25,182.0007916421222,405,22361383,0.1008617,True,False,4941,552,1,1
collision_o2_g0_n1000000_r1,collision,wallclock_timing,,405,89445535,0.3385184,True,False,22425,718,9,1
collision_o2_g0_n1000000_r1,collision,constant_60,60.0,405,89445535,0.5258913,True,False,78185,0,0,1
collision_o2_g0_n1000000_r1,collision,constant_125,125.0,405,89445535,0.4246022,True,False,44408,320,1,1
collision_o2_g0_n1000000_r1,collision,constant_250,250.0,405,89445535,0.3404998,True,False,19937,778,1,1
collision_o2_g0_n1000000_r1,collision,constant_500,500.0,405,89445535,0.3967396,True,False,2641,1428,1,1
collision_o2_g0_n1000000_r1,collision,cost_model,775.1598234648103,405,89445535,0.4198163,True,False,1,1577,1,1
collision_o2_g0_n1000000_r1,collision,cost_model_x0.5,387.57991173240515,405,89445535,0.3643788,True,False,8290,1163,1,1
collision_o2_g0_n1000000_r1,collision,cost_model_x0.25,193.78995586620258,405,89445535,0.3419177,True,False,27955,591,1,1
collision_o2_g1_n1000000_r05,collision,wallclock_timing,,405,78119729,0.3598892,True,False,6629,1094,3,1
collision_o2_g1_n1000000_r05,collision,constant_60,60.0,405,78119729,0.7833989,True,False,67984,219,1,1
collision_o2_g1_n1000000_r05,collision,constant_125,125.0,405,78119729,0.4638824,True,False,31751,549,1,1
collision_o2_g1_n1000000_r05,collision,constant_250,250.0,405,78119729,0.4001738,True,False,10669,961,1,1
collision_o2_g1_n1000000_r05,collision,constant_500,500.0,405,78119729,0.3824734,True,False,1,1369,1,1
collision_o2_g1_n1000000_r05,collision,cost_model,1062.8147114595884,405,78119729,0.3743762,True,False,1,1369,1,1
collision_o2_g1_n1000000_r05,collision,cost_model_x0.5,531.4073557297942,405,78119729,0.4120808,True,False,1,1369,1,1
collision_o2_g1_n1000000_r05,collision,cost_model_x0.25,265.7036778648971,405,78119729,0.3601429,True,False,9317,1002,1,1
collision_o2_g2_n1000000_r05,collision,wallclock_timing,,405,115123229,0.5603397,True,False,3509,1425,5,1
collision_o2_g2_n1000000_r05,collision,constant_60,60.0,405,115123229,1.3032543,True,False,93342,340,1,1
collision_o2_g2_n1000000_r05,collision,constant_125,125.0,405,115123229,0.7408609,True,False,41715,702,1,1
collision_o2_g2_n1000000_r05,collision,constant_250,250.0,405,115123229,0.5646648,True,False,13905,1127,1,1
collision_o2_g2_n1000000_r05,collision,constant_500,500.0,405,115123229,0.5823129,True,False,1,1562,1,1
collision_o2_g2_n1000000_r05,collision,cost_model,1163.8590874864715,405,115123229,0.5688286,True,False,1,1562,1,1
collision_o2_g2_n1000000_r05,collision,cost_model_x0.5,581.9295437432357,405,115123229,0.5625251,True,False,1,1562,1,1
collision_o2_g2_n1000000_r05,collision,cost_model_x0.25,290.96477187161787,405,115123229,0.5555107,True,False,9666,1231,1,1
dimerization_r05,dimerization,wallclock_timing,,406,7486081,0.1549746,True,False,8919,1056,6,1
dimerization_r05,dimerization,constant_60,60.0,406,7486081,0.1628191,True,False,15672,0,0,1
dimerization_r05,dimerization,constant_125,125.0,406,7486081,0.1461596,True,False,15672,0,0,1
dimerization_r05,dimerization,constant_250,250.0,406,7486081,0.1476455,True,False,15672,0,0,1
dimerization_r05,dimerization,constant_500,500.0,406,7486081,0.1293426,True,False,1,2369,1,1
dimerization_r05,dimerization,cost_model,876.9217514218748,406,7486081,0.1362232,True,False,1,2369,1,1
dimerization_r05,dimerization,cost_model_x0.5,438.4608757109374,406,7486081,0.1311536,True,False,1,2369,1,1
dimerization_r05,dimerization,cost_model_x0.25,219.2304378554687,406,7486081,0.1439813,True,False,15672,0,0,1
dimerization_r1,dimerization,wallclock_timing,,406,29944326,0.313086,True,False,28183,493,10,1
dimerization_r1,dimerization,constant_60,60.0,406,29944326,0.2971141,True,False,31279,0,0,1
dimerization_r1,dimerization,constant_125,125.0,406,29944326,0.2907547,True,False,31279,0,0,1
dimerization_r1,dimerization,constant_250,250.0,406,29944326,0.3219928,True,False,31279,0,0,1
dimerization_r1,dimerization,constant_500,500.0,406,29944326,0.3074541,True,False,31279,0,0,1
dimerization_r1,dimerization,cost_model,931.4985322705442,406,29944326,0.526924,True,False,1,4736,1,1
dimerization_r1,dimerization,cost_model_x0.5,465.7492661352721,406,29944326,0.3027886,True,False,31279,0,0,1
dimerization_r1,dimerization,cost_model_x0.25,232.87463306763604,406,29944326,0.2955957,True,False,31279,0,0,1
lotka_volterra_r05,lotka_volterra,wallclock_timing,,406,179940,0.3679394,True,False,38122,2388,26,1
lotka_volterra_r05,lotka_volterra,constant_60,60.0,406,179940,0.4027402,True,False,44554,0,0,1
lotka_volterra_r05,lotka_volterra,constant_125,125.0,406,179940,0.4015464,True,False,44554,0,0,1
lotka_volterra_r05,lotka_volterra,constant_250,250.0,406,179940,0.2748511,True,False,19031,10183,7,1
lotka_volterra_r05,lotka_volterra,constant_500,500.0,406,179940,0.2038359,True,False,1,17108,1,1
lotka_volterra_r05,lotka_volterra,cost_model,727.0380042190227,406,179940,0.2046552,True,False,1,17108,1,1
lotka_volterra_r05,lotka_volterra,cost_model_x0.5,363.51900210951135,406,179940,0.2044442,True,False,1,17108,1,1
lotka_volterra_r05,lotka_volterra,cost_model_x0.25,181.75950105475567,406,179940,0.4369304,True,False,44554,0,0,1
lotka_volterra_r1,lotka_volterra,wallclock_timing,,406,719761,0.8294324,True,False,77668,4212,34,1
lotka_volterra_r1,lotka_volterra,constant_60,60.0,406,719761,0.8397272,True,False,89185,0,0,1
lotka_volterra_r1,lotka_volterra,constant_125,125.0,406,719761,0.8467776,True,False,89185,0,0,1
lotka_volterra_r1,lotka_volterra,constant_250,250.0,406,719761,0.8773902,True,False,89185,0,0,1
lotka_volterra_r1,lotka_volterra,constant_500,500.0,406,719761,0.7815048,True,False,37961,20335,7,1
lotka_volterra_r1,lotka_volterra,cost_model,757.789328062881,406,719761,0.7894445,True,False,1,34236,1,1
lotka_volterra_r1,lotka_volterra,cost_model_x0.5,378.8946640314405,406,719761,0.8660901,True,False,89185,0,0,1
lotka_volterra_r1,lotka_volterra,cost_model_x0.25,189.44733201572026,406,719761,0.8621966,True,False,89185,0,0,1
lotka_volterra_r2,lotka_volterra,wallclock_timing,,406,2879044,1.7660267,True,False,177788,160,62,1
lotka_volterra_r2,lotka_volterra,constant_60,60.0,406,2879044,1.7263223,True,False,178191,0,0,1
lotka_volterra_r2,lotka_volterra,constant_125,125.0,406,2879044,1.7229462,True,False,178191,0,0,1
lotka_volterra_r2,lotka_volterra,constant_250,250.0,406,2879044,1.7221996,True,False,178191,0,0,1
lotka_volterra_r2,lotka_volterra,constant_500,500.0,406,2879044,1.754839,True,False,178191,0,0,1
lotka_volterra_r2,lotka_volterra,cost_model,804.9996298765527,406,2879044,1.8533087,True,False,150765,12179,7,1
lotka_volterra_r2,lotka_volterra,cost_model_x0.5,402.49981493827636,406,2879044,1.7553341,True,False,178191,0,0,1
lotka_volterra_r2,lotka_volterra,cost_model_x0.25,201.24990746913818,406,2879044,1.7268281,True,False,178191,0,0,1
shrinking_r05,shrinking,wallclock_timing,,406,342703,0.0135097,True,False,2405,2,2,1
shrinking_r05,shrinking,constant_60,60.0,406,342703,0.0122684,True,False,1925,243,1,1
shrinking_r05,shrinking,constant_125,125.0,406,342703,0.0100741,True,False,1392,521,1,1
shrinking_r05,shrinking,constant_250,250.0,406,342703,0.0077024,True,False,294,1037,1,1
shrinking_r05,shrinking,constant_500,500.0,406,342703,0.0077605,True,False,1,1171,1,1
shrinking_r05,shrinking,cost_model,544.0582811864226,406,342703,0.0075093,True,False,1,1171,1,1
shrinking_r05,shrinking,cost_model_x0.5,272.0291405932113,406,342703,0.0079126,True,False,107,1124,1,1
shrinking_r05,shrinking,cost_model_x0.25,136.01457029660565,406,342703,0.0094397,True,False,1291,567,1,1
shrinking_r1,shrinking,wallclock_timing,,406,1370812,0.0292073,True,False,4737,2,2,1
shrinking_r1,shrinking,constant_60,60.0,406,1370812,0.0278754,True,False,4375,233,1,1
shrinking_r1,shrinking,constant_125,125.0,406,1370812,0.0261723,True,False,3809,506,1,1
shrinking_r1,shrinking,constant_250,250.0,406,1370812,0.0230409,True,False,2738,1025,1,1
shrinking_r1,shrinking,constant_500,500.0,406,1370812,0.025624,True,False,576,2063,1,1
shrinking_r1,shrinking,cost_model,577.897910766499,406,1370812,0.0286297,True,False,1,2332,1,1
shrinking_r1,shrinking,cost_model_x0.5,288.9489553832495,406,1370812,0.0231795,True,False,2388,1188,1,1
shrinking_r1,shrinking,cost_model_x0.25,144.47447769162474,406,1370812,0.0246226,True,False,3652,588,1,1
shrinking_r2,shrinking,wallclock_timing,,406,5483250,0.0612035,True,False,9643,4,4,1
shrinking_r2,shrinking,constant_60,60.0,406,5483250,0.0577336,True,False,9197,221,1,1
shrinking_r2,shrinking,constant_125,125.0,406,5483250,0.0584179,True,False,8634,490,1,1
shrinking_r2,shrinking,constant_250,250.0,406,5483250,0.0570149,True,False,7553,1011,1,1
shrinking_r2,shrinking,constant_500,500.0,406,5483250,0.05897,True,False,5404,2045,1,1
shrinking_r2,shrinking,cost_model,636.0096349670639,406,5483250,0.0645697,True,False,4230,2611,1,1
shrinking_r2,shrinking,cost_model_x0.5,318.00481748353195,406,5483250,0.0534623,True,False,6965,1290,1,1
shrinking_r2,shrinking,cost_model_x0.25,159.00240874176598,406,5483250,0.0539225,True,False,8342,629,1,1
shrinking_no_b_decay_r05,shrinking,wallclock_timing,,406,1108596,0.0136808,True,False,1393,431,3,1
shrinking_no_b_decay_r05,shrinking,constant_60,60.0,406,1108596,0.0220161,True,False,3492,134,1,1
shrinking_no_b_decay_r05,shrinking,constant_125,125.0,406,1108596,0.0163215,True,False,2182,286,1,1
shrinking_no_b_decay_r05,shrinking,constant_250,250.0,406,1108596,0.011672,True,False,591,615,1,1
shrinking_no_b_decay_r05,shrinking,constant_500,500.0,406,1108596,0.010628,True,False,1,773,1,1
shrinking_no_b_decay_r05,shrinking,cost_model,615.9818556111519,406,1108596,0.010544,True,False,1,773,1,1
shrinking_no_b_decay_r05,shrinking,cost_model_x0.5,307.99092780557595,406,1108596,0.0104829,True,False,1,773,1,1
shrinking_no_b_decay_r05,shrinking,cost_model_x0.25,153.99546390278798,406,1108596,0.0146725,True,False,1747,359,1,1
shrinking_no_b_decay_r1,shrinking,wallclock_timing,,406,4434387,0.0405712,True,False,3049,796,3,1
shrinking_no_b_decay_r1,shrinking,constant_60,60.0,406,4434387,0.0574549,True,False,9132,131,1,1
shrinking_no_b_decay_r1,shrinking,constant_125,125.0,406,4434387,0.047669,True,False,6840,275,1,1
shrinking_no_b_decay_r1,shrinking,constant_250,250.0,406,4434387,0.0399223,True,False,4335,570,1,1
shrinking_no_b_decay_r1,shrinking,constant_500,500.0,406,4434387,0.0400495,True,False,1164,1228,1,1
shrinking_no_b_decay_r1,shrinking,cost_model,657.5600996857365,406,4434387,0.04235,True,False,1,1542,1,1
shrinking_no_b_decay_r1,shrinking,cost_model_x0.5,328.78004984286827,406,4434387,0.0384809,True,False,3206,769,1,1
shrinking_no_b_decay_r1,shrinking,cost_model_x0.25,164.39002492143413,406,4434387,0.0443603,True,False,5909,366,1,1
shrinking_no_b_decay_r2,shrinking,wallclock_timing,,406,17737550,0.1345512,True,False,18723,251,7,1
shrinking_no_b_decay_r2,shrinking,constant_60,60.0,406,17737550,0.1647927,True,False,22523,129,1,1
shrinking_no_b_decay_r2,shrinking,constant_125,125.0,406,17737550,0.1492397,True,False,18170,269,1,1
shrinking_no_b_decay_r2,shrinking,constant_250,250.0,406,17737550,0.1268293,True,False,13717,545,1,1
shrinking_no_b_decay_r2,shrinking,constant_500,500.0,406,17737550,0.1089204,True,False,8655,1137,1,1
shrinking_no_b_decay_r2,shrinking,cost_model,729.6023497822766,406,17737550,0.1163946,True,False,5390,1719,1,1
shrinking_no_b_decay_r2,shrinking,cost_model_x0.5,364.8011748911383,406,17737550,0.1102879,True,False,11074,811,1,1
shrinking_no_b_decay_r2,shrinking,cost_model_x0.25,182.40058744556916,406,17737550,0.1208967,True,False,15813,395,1,1
shrinking_split_b_decay_r05,shrinking,wallclock_timing,,406,298581,0.0110475,True,False,1759,239,3,1
shrinking_split_b_decay_r05,shrinking,constant_60,60.0,406,298581,0.0104935,True,False,1729,245,1,1
shrinking_split_b_decay_r05,shrinking,constant_125,125.0,406,298581,0.0103612,True,False,1171,516,1,1
shrinking_split_b_decay_r05,shrinking,constant_250,250.0,406,298581,0.0076373,True,False,118,1033,1,1
shrinking_split_b_decay_r05,shrinking,constant_500,500.0,406,298581,0.0072909,True,False,1,1092,1,1
shrinking_split_b_decay_r05,shrinking,cost_model,496.2802133398286,406,298581,0.0073851,True,False,1,1092,1,1
shrinking_split_b_decay_r05,shrinking,cost_model_x0.5,248.1401066699143,406,298581,0.007362,True,False,132,1029,1,1
shrinking_split_b_decay_r05,shrinking,cost_model_x0.25,124.07005333495715,406,298581,0.0090307,True,False,1179,515,1,1
shrinking_split_b_decay_r1,shrinking,wallclock_timing,,406,1194326,0.027158,True,False,4495,2,2,1
shrinking_split_b_decay_r1,shrinking,constant_60,60.0,406,1194326,0.0255452,True,False,4061,239,1,1
shrinking_split_b_decay_r1,shrinking,constant_125,125.0,406,1194326,0.0237654,True,False,3484,511,1,1
shrinking_split_b_decay_r1,shrinking,constant_250,250.0,406,1194326,0.0236839,True,False,2407,1031,1,1
shrinking_split_b_decay_r1,shrinking,constant_500,500.0,406,1194326,0.0274911,True,False,253,2062,1,1
shrinking_split_b_decay_r1,shrinking,cost_model,524.5670125279418,406,1194326,0.0275321,True,False,32,2165,1,1
shrinking_split_b_decay_r1,shrinking,cost_model_x0.5,262.2835062639709,406,1194326,0.0234482,True,False,2295,1079,1,1
shrinking_split_b_decay_r1,shrinking,cost_model_x0.25,131.14175313198544,406,1194326,0.0268787,True,False,3430,532,1,1
shrinking_split_b_decay_r2,shrinking,wallclock_timing,,406,4777304,0.0657943,True,False,8941,4,4,1
shrinking_split_b_decay_r2,shrinking,constant_60,60.0,406,4777304,0.0662224,True,False,8581,222,1,1
shrinking_split_b_decay_r2,shrinking,constant_125,125.0,406,4777304,0.0595506,True,False,8058,491,1,1
shrinking_split_b_decay_r2,shrinking,constant_250,250.0,406,4777304,0.0598504,True,False,6974,1011,1,1
shrinking_split_b_decay_r2,shrinking,constant_500,500.0,406,4777304,0.066364,True,False,4812,2056,1,1
shrinking_split_b_decay_r2,shrinking,cost_model,572.7418683444771,406,4777304,0.0687286,True,False,4191,2350,1,1
shrinking_split_b_decay_r2,shrinking,cost_model_x0.5,286.37093417223855,406,4777304,0.0521724,True,False,6663,1163,1,1
shrinking_split_b_decay_r2,shrinking,cost_model_x0.25,143.18546708611927,406,4777304,0.0520734,True,False,7901,568,1,1
shrinking_b_decay_channels_1_r05,branch_count,wallclock_timing,,406,357951,0.013787,True,False,2448,2,2,1
shrinking_b_decay_channels_1_r05,branch_count,constant_60,60.0,406,357951,0.0115663,True,False,1958,248,1,1
shrinking_b_decay_channels_1_r05,branch_count,constant_125,125.0,406,357951,0.0111063,True,False,1409,515,1,1
shrinking_b_decay_channels_1_r05,branch_count,constant_250,250.0,406,357951,0.009351,True,False,338,1036,1,1
shrinking_b_decay_channels_1_r05,branch_count,constant_500,500.0,406,357951,0.0072754,True,False,1,1195,1,1
shrinking_b_decay_channels_1_r05,branch_count,cost_model,544.8928140153258,406,357951,0.0079028,True,False,1,1195,1,1
shrinking_b_decay_channels_1_r05,branch_count,cost_model_x0.5,272.4464070076629,406,357951,0.0078134,True,False,153,1133,1,1
shrinking_b_decay_channels_1_r05,branch_count,cost_model_x0.25,136.22320350383146,406,357951,0.009622,True,False,1316,563,1,1
shrinking_b_decay_channels_1_r1,branch_count,wallclock_timing,,406,1431807,0.0301757,True,False,4880,7,4,1
shrinking_b_decay_channels_1_r1,branch_count,constant_60,60.0,406,1431807,0.0272906,True,False,4465,236,1,1
shrinking_b_decay_channels_1_r1,branch_count,constant_125,125.0,406,1431807,0.0258292,True,False,3890,510,1,1
shrinking_b_decay_channels_1_r1,branch_count,constant_250,250.0,406,1431807,0.0232413,True,False,2823,1028,1,1
shrinking_b_decay_channels_1_r1,branch_count,constant_500,500.0,406,1431807,0.028276,True,False,683,2063,1,1
shrinking_b_decay_channels_1_r1,branch_count,cost_model,579.2665840985251,406,1431807,0.029302,True,False,1,2384,1,1
shrinking_b_decay_channels_1_r1,branch_count,cost_model_x0.5,289.63329204926254,406,1431807,0.0232522,True,False,2480,1191,1,1
shrinking_b_decay_channels_1_r1,branch_count,cost_model_x0.25,144.81664602463127,406,1431807,0.0246617,True,False,3730,590,1,1
shrinking_b_decay_channels_1_r2,branch_count,wallclock_timing,,406,5727229,0.0613665,True,False,9896,4,4,1
shrinking_b_decay_channels_1_r2,branch_count,constant_60,60.0,406,5727229,0.0620619,True,False,9408,219,1,1
shrinking_b_decay_channels_1_r2,branch_count,constant_125,125.0,406,5727229,0.0615296,True,False,8842,486,1,1
shrinking_b_decay_channels_1_r2,branch_count,constant_250,250.0,406,5727229,0.0621904,True,False,7751,1010,1,1
shrinking_b_decay_channels_1_r2,branch_count,constant_500,500.0,406,5727229,0.0693335,True,False,5610,2047,1,1
shrinking_b_decay_channels_1_r2,branch_count,cost_model,638.4465574594063,406,5727229,0.0725291,True,False,4443,2621,1,1
shrinking_b_decay_channels_1_r2,branch_count,cost_model_x0.5,319.22327872970317,406,5727229,0.0621397,True,False,7161,1298,1,1
shrinking_b_decay_channels_1_r2,branch_count,cost_model_x0.25,159.61163936485158,406,5727229,0.063015,True,False,8544,634,1,1
shrinking_b_decay_channels_2_r05,branch_count,wallclock_timing,,406,332340,0.0157725,True,False,2341,2,2,1
shrinking_b_decay_channels_2_r05,branch_count,constant_60,60.0,406,332340,0.0132008,True,False,1849,249,1,1
shrinking_b_decay_channels_2_r05,branch_count,constant_125,125.0,406,332340,0.0115816,True,False,1295,516,1,1
shrinking_b_decay_channels_2_r05,branch_count,constant_250,250.0,406,332340,0.0092083,True,False,235,1035,1,1
shrinking_b_decay_channels_2_r05,branch_count,constant_500,500.0,406,332340,0.0094638,True,False,1,1154,1,1
shrinking_b_decay_channels_2_r05,branch_count,cost_model,498.0234392861981,406,332340,0.008627,True,False,1,1154,1,1
shrinking_b_decay_channels_2_r05,branch_count,cost_model_x0.5,249.01171964309904,406,332340,0.0076955,True,False,243,1031,1,1
shrinking_b_decay_channels_2_r05,branch_count,cost_model_x0.25,124.50585982154952,406,332340,0.0095009,True,False,1299,514,1,1
shrinking_b_decay_channels_2_r1,branch_count,wallclock_timing,,406,1329360,0.0283725,True,False,4708,2,2,1
shrinking_b_decay_channels_2_r1,branch_count,constant_60,60.0,406,1329360,0.0267019,True,False,4261,239,1,1
shrinking_b_decay_channels_2_r1,branch_count,constant_125,125.0,406,1329360,0.0241729,True,False,3699,506,1,1
shrinking_b_decay_channels_2_r1,branch_count,constant_250,250.0,406,1329360,0.0234897,True,False,2642,1027,1,1
shrinking_b_decay_channels_2_r1,branch_count,constant_500,500.0,406,1329360,0.0286701,True,False,481,2063,1,1
shrinking_b_decay_channels_2_r1,branch_count,cost_model,527.4043832284837,406,1329360,0.0290078,True,False,247,2182,1,1
shrinking_b_decay_channels_2_r1,branch_count,cost_model_x0.5,263.7021916142418,406,1329360,0.0239411,True,False,2528,1083,1,1
shrinking_b_decay_channels_2_r1,branch_count,cost_model_x0.25,131.8510958071209,406,1329360,0.025499,True,False,3639,533,1,1
shrinking_b_decay_channels_2_r2,branch_count,wallclock_timing,,406,5317440,0.0596386,True,False,9518,4,4,1
shrinking_b_decay_channels_2_r2,branch_count,constant_60,60.0,406,5317440,0.0585262,True,False,9065,221,1,1
shrinking_b_decay_channels_2_r2,branch_count,constant_125,125.0,406,5317440,0.0577729,True,False,8486,490,1,1
shrinking_b_decay_channels_2_r2,branch_count,constant_250,250.0,406,5317440,0.0547326,True,False,7432,1011,1,1
shrinking_b_decay_channels_2_r2,branch_count,constant_500,500.0,406,5317440,0.0606663,True,False,5254,2047,1,1
shrinking_b_decay_channels_2_r2,branch_count,cost_model,577.767632966904,406,5317440,0.0647384,True,False,4576,2371,1,1
shrinking_b_decay_channels_2_r2,branch_count,cost_model_x0.5,288.883816483452,406,5317440,0.0556537,True,False,7113,1169,1,1
shrinking_b_decay_channels_2_r2,branch_count,cost_model_x0.25,144.441908241726,406,5317440,0.0592307,True,False,8331,573,1,1
shrinking_b_decay_channels_4_r05,branch_count,wallclock_timing,,406,190960,0.0116364,True,False,1795,2,2,1
shrinking_b_decay_channels_4_r05,branch_count,constant_60,60.0,406,190960,0.0086107,True,False,1270,247,1,1
shrinking_b_decay_channels_4_r05,branch_count,constant_125,125.0,406,190960,0.0077548,True,False,720,519,1,1
shrinking_b_decay_channels_4_r05,branch_count,constant_250,250.0,406,190960,0.0060063,True,False,1,875,1,1
shrinking_b_decay_channels_4_r05,branch_count,constant_500,500.0,406,190960,0.0072981,True,False,1,875,1,1
shrinking_b_decay_channels_4_r05,branch_count,cost_model,427.11375923733834,406,190960,0.0057215,True,False,1,875,1,1
shrinking_b_decay_channels_4_r05,branch_count,cost_model_x0.5,213.55687961866917,406,190960,0.0065102,True,False,1,875,1,1
shrinking_b_decay_channels_4_r05,branch_count,cost_model_x0.25,106.77843980933459,406,190960,0.0071533,True,False,883,443,1,1
shrinking_b_decay_channels_4_r1,branch_count,wallclock_timing,,406,763841,0.023321,True,False,3636,2,2,1
shrinking_b_decay_channels_4_r1,branch_count,constant_60,60.0,406,763841,0.0216598,True,False,3104,242,1,1
shrinking_b_decay_channels_4_r1,branch_count,constant_125,125.0,406,763841,0.0194219,True,False,2559,512,1,1
shrinking_b_decay_channels_4_r1,branch_count,constant_250,250.0,406,763841,0.0183215,True,False,1472,1032,1,1
shrinking_b_decay_channels_4_r1,branch_count,constant_500,500.0,406,763841,0.0223231,True,False,1,1742,1,1
shrinking_b_decay_channels_4_r1,branch_count,cost_model,446.6452507773898,406,763841,0.0221266,True,False,1,1742,1,1
shrinking_b_decay_channels_4_r1,branch_count,cost_model_x0.5,223.3226253886949,406,763841,0.0191129,True,False,1694,925,1,1
shrinking_b_decay_channels_4_r1,branch_count,cost_model_x0.25,111.66131269434744,406,763841,0.0198326,True,False,2673,455,1,1
shrinking_b_decay_channels_4_r2,branch_count,wallclock_timing,,406,3055364,0.0490912,True,False,7187,2,2,1
shrinking_b_decay_channels_4_r2,branch_count,constant_60,60.0,406,3055364,0.0463884,True,False,6716,228,1,1
shrinking_b_decay_channels_4_r2,branch_count,constant_125,125.0,406,3055364,0.0455538,True,False,6172,499,1,1
shrinking_b_decay_channels_4_r2,branch_count,constant_250,250.0,406,3055364,0.0447918,True,False,5116,1017,1,1
shrinking_b_decay_channels_4_r2,branch_count,constant_500,500.0,406,3055364,0.0523787,True,False,2922,2059,1,1
shrinking_b_decay_channels_4_r2,branch_count,cost_model,478.95873999982166,406,3055364,0.0504511,True,False,3111,1965,1,1
shrinking_b_decay_channels_4_r2,branch_count,cost_model_x0.5,239.47936999991083,406,3055364,0.0485205,True,False,5204,974,1,1
shrinking_b_decay_channels_4_r2,branch_count,cost_model_x0.25,119.73968499995541,406,3055364,0.0497566,True,False,6214,476,1,1
shrinking_b_decay_channels_8_r05,branch_count,wallclock_timing,,406,90594,0.0091005,True,False,1221,2,2,1
shrinking_b_decay_channels_8_r05,branch_count,constant_60,60.0,406,90594,0.0064684,True,False,741,248,1,1
shrinking_b_decay_channels_8_r05,branch_count,constant_125,125.0,406,90594,0.0050181,True,False,178,520,1,1
shrinking_b_decay_channels_8_r05,branch_count,constant_250,250.0,406,90594,0.0048208,True,False,1,609,1,1
shrinking_b_decay_channels_8_r05,branch_count,constant_500,500.0,406,90594,0.0049804,True,False,1,609,1,1
shrinking_b_decay_channels_8_r05,branch_count,cost_model,349.54916218998983,406,90594,0.0044567,True,False,1,609,1,1
shrinking_b_decay_channels_8_r05,branch_count,cost_model_x0.5,174.77458109499491,406,90594,0.0048882,True,False,1,609,1,1
shrinking_b_decay_channels_8_r05,branch_count,cost_model_x0.25,87.38729054749746,406,90594,0.0062683,True,False,508,364,1,1
shrinking_b_decay_channels_8_r1,branch_count,wallclock_timing,,406,362378,0.0202548,True,False,2462,5,4,1
shrinking_b_decay_channels_8_r1,branch_count,constant_60,60.0,406,362378,0.0161509,True,False,1968,247,1,1
shrinking_b_decay_channels_8_r1,branch_count,constant_125,125.0,406,362378,0.0155303,True,False,1428,518,1,1
shrinking_b_decay_channels_8_r1,branch_count,constant_250,250.0,406,362378,0.0164869,True,False,361,1039,1,1
shrinking_b_decay_channels_8_r1,branch_count,constant_500,500.0,406,362378,0.018628,True,False,1,1204,1,1
shrinking_b_decay_channels_8_r1,branch_count,cost_model,360.7170256521287,406,362378,0.0182033,True,False,1,1204,1,1
shrinking_b_decay_channels_8_r1,branch_count,cost_model_x0.5,180.35851282606436,406,362378,0.0145324,True,False,945,742,1,1
shrinking_b_decay_channels_8_r1,branch_count,cost_model_x0.25,90.17925641303218,406,362378,0.0159209,True,False,1708,377,1,1
shrinking_b_decay_channels_8_r2,branch_count,wallclock_timing,,406,1449512,0.0418457,True,False,4932,2,2,1
shrinking_b_decay_channels_8_r2,branch_count,constant_60,60.0,406,1449512,0.038643,True,False,4563,235,1,1
shrinking_b_decay_channels_8_r2,branch_count,constant_125,125.0,406,1449512,0.0396295,True,False,3993,507,1,1
shrinking_b_decay_channels_8_r2,branch_count,constant_250,250.0,406,1449512,0.0330564,True,False,2943,1030,1,1
shrinking_b_decay_channels_8_r2,branch_count,constant_500,500.0,406,1449512,0.0522318,True,False,722,2065,1,1
shrinking_b_decay_channels_8_r2,branch_count,cost_model,378.2062802764907,406,1449512,0.0394283,True,False,1802,1556,1,1
shrinking_b_decay_channels_8_r2,branch_count,cost_model_x0.5,189.10314013824535,406,1449512,0.0326147,True,False,3448,774,1,1
shrinking_b_decay_channels_8_r2,branch_count,cost_model_x0.25,94.55157006912268,406,1449512,0.0340057,True,False,4273,381,1,1
dense_support_q4_r05,dense_support,wallclock_timing,,406,27747879,0.1302975,True,False,7916,530,5,1
dense_support_q4_r05,dense_support,constant_60,60.0,406,27747879,0.1951547,True,False,28495,134,1,1
dense_support_q4_r05,dense_support,constant_125,125.0,406,27747879,0.139223,True,False,13066,388,1,1
dense_support_q4_r05,dense_support,constant_250,250.0,406,27747879,0.122608,True,False,2782,731,1,1
dense_support_q4_r05,dense_support,constant_500,500.0,406,27747879,0.140496,True,False,1,879,1,1
dense_support_q4_r05,dense_support,cost_model,733.9299421413416,406,27747879,0.153019,True,False,1,879,1,1
dense_support_q4_r05,dense_support,cost_model_x0.5,366.9649710706708,406,27747879,0.1554975,True,False,1,879,1,1
dense_support_q4_r05,dense_support,cost_model_x0.25,183.4824855353354,406,27747879,0.1320413,True,False,6914,563,1,1
dense_support_q4_r1,dense_support,wallclock_timing,,406,110991516,0.5224789,True,False,440,1732,3,1
dense_support_q4_r1,dense_support,constant_60,60.0,406,110991516,0.6710649,True,False,87562,0,0,1
dense_support_q4_r1,dense_support,constant_125,125.0,406,110991516,0.4682575,True,False,54982,291,1,1
dense_support_q4_r1,dense_support,constant_250,250.0,406,110991516,0.4549713,True,False,26063,775,1,1
dense_support_q4_r1,dense_support,constant_500,500.0,406,110991516,0.475152,True,False,5580,1460,1,1
dense_support_q4_r1,dense_support,cost_model,784.9494027582399,406,110991516,0.5737159,True,False,1,1758,1,1
dense_support_q4_r1,dense_support,cost_model_x0.5,392.47470137911995,406,110991516,0.4433536,True,False,11987,1194,1,1
dense_support_q4_r1,dense_support,cost_model_x0.25,196.23735068955997,406,110991516,0.4698214,True,False,35031,587,1,1
dense_support_q6_r05,dense_support,wallclock_timing,,406,16382894,0.1215532,True,False,1703,583,3,1
dense_support_q6_r05,dense_support,constant_60,60.0,406,16382894,0.1609845,True,False,17198,165,1,1
dense_support_q6_r05,dense_support,constant_125,125.0,406,16382894,0.1219223,True,False,6689,388,1,1
dense_support_q6_r05,dense_support,constant_250,250.0,406,16382894,0.128476,True,False,1,676,1,1
dense_support_q6_r05,dense_support,constant_500,500.0,406,16382894,0.1286906,True,False,1,676,1,1
dense_support_q6_r05,dense_support,cost_model,501.4841754008458,406,16382894,0.1395873,True,False,1,676,1,1
dense_support_q6_r05,dense_support,cost_model_x0.5,250.7420877004229,406,16382894,0.1439362,True,False,1,676,1,1
dense_support_q6_r05,dense_support,cost_model_x0.25,125.37104385021145,406,16382894,0.1307429,True,False,6653,389,1,1
dense_support_q6_r1,dense_support,wallclock_timing,,406,65531576,0.4174666,True,False,41873,238,15,1
dense_support_q6_r1,dense_support,constant_60,60.0,406,65531576,0.5671123,True,False,62333,35,1,1
dense_support_q6_r1,dense_support,constant_125,125.0,406,65531576,0.393631,True,False,32856,350,1,1
dense_support_q6_r1,dense_support,constant_250,250.0,406,65531576,0.4235006,True,False,13432,775,1,1
dense_support_q6_r1,dense_support,constant_500,500.0,406,65531576,0.5172837,True,False,1,1351,1,1
dense_support_q6_r1,dense_support,cost_model,525.8795973198837,406,65531576,0.5011397,True,False,1,1351,1,1
dense_support_q6_r1,dense_support,cost_model_x0.5,262.93979865994186,406,65531576,0.4054236,True,False,12254,812,1,1
dense_support_q6_r1,dense_support,cost_model_x0.25,131.46989932997093,406,65531576,0.3998407,True,False,31188,377,1,1
dense_support_q8_r05,dense_support,wallclock_timing,,406,7615247,0.0981682,True,False,476,435,3,1
dense_support_q8_r05,dense_support,constant_60,60.0,406,7615247,0.1090481,True,False,7632,185,1,1
dense_support_q8_r05,dense_support,constant_125,125.0,406,7615247,0.0958516,True,False,1755,370,1,1
dense_support_q8_r05,dense_support,constant_250,250.0,406,7615247,0.1006957,True,False,1,461,1,1
dense_support_q8_r05,dense_support,constant_500,500.0,406,7615247,0.1020077,True,False,1,461,1,1
dense_support_q8_r05,dense_support,cost_model,362.75548127430085,406,7615247,0.1007507,True,False,1,461,1,1
dense_support_q8_r05,dense_support,cost_model_x0.5,181.37774063715042,406,7615247,0.1000115,True,False,1,461,1,1
dense_support_q8_r05,dense_support,cost_model_x0.25,90.68887031857521,406,7615247,0.0992783,True,False,4088,281,1,1
dense_support_q8_r1,dense_support,wallclock_timing,,406,30460991,0.3242144,True,False,11357,467,5,1
dense_support_q8_r1,dense_support,constant_60,60.0,406,30460991,0.392031,True,False,31063,127,1,1
dense_support_q8_r1,dense_support,constant_125,125.0,406,30460991,0.3049518,True,False,14535,387,1,1
dense_support_q8_r1,dense_support,constant_250,250.0,406,30460991,0.3604961,True,False,3534,737,1,1
dense_support_q8_r1,dense_support,constant_500,500.0,406,30460991,0.4240746,True,False,1,921,1,1
dense_support_q8_r1,dense_support,cost_model,374.37645032354044,406,30460991,0.4215313,True,False,1,921,1,1
dense_support_q8_r1,dense_support,cost_model_x0.5,187.18822516177022,406,30460991,0.3322522,True,False,7633,576,1,1
dense_support_q8_r1,dense_support,cost_model_x0.25,93.59411258088511,406,30460991,0.3465032,True,False,20394,273,1,1
dense_support_q8_r2,dense_support,wallclock_timing,,406,121843964,1.0289276,True,False,26930,823,9,1
dense_support_q8_r2,dense_support,constant_60,60.0,406,121843964,1.017908,True,False,91712,0,0,1
dense_support_q8_r2,dense_support,constant_125,125.0,406,121843964,0.900713,True,False,60017,277,1,1
dense_support_q8_r2,dense_support,constant_250,250.0,406,121843964,1.0384211,True,False,29011,772,1,1
dense_support_q8_r2,dense_support,constant_500,500.0,406,121843964,1.4235731,True,False,7054,1473,1,1
dense_support_q8_r2,dense_support,cost_model,392.9554258679335,406,121843964,1.2407126,True,False,13894,1202,1,1
dense_support_q8_r2,dense_support,cost_model_x0.5,196.47771293396676,406,121843964,0.9512617,True,False,38595,580,1,1
dense_support_q8_r2,dense_support,cost_model_x0.25,98.23885646698338,406,121843964,0.9485386,True,False,73495,141,1,1
dense_support_q12_r05,dense_support,wallclock_timing,,406,4302608,0.1346537,True,False,5772,140,3,1
dense_support_q12_r05,dense_support,constant_60,60.0,406,4302608,0.1178797,True,False,3841,188,1,1
dense_support_q12_r05,dense_support,constant_125,125.0,406,4302608,0.1314466,True,False,3,348,1,1
dense_support_q12_r05,dense_support,constant_250,250.0,406,4302608,0.135245,True,False,1,347,1,1
dense_support_q12_r05,dense_support,constant_500,500.0,406,4302608,0.1386691,True,False,1,347,1,1
dense_support_q12_r05,dense_support,cost_model,237.1021813958432,406,4302608,0.1199875,True,False,1,347,1,1
dense_support_q12_r05,dense_support,cost_model_x0.5,118.5510906979216,406,4302608,0.1181225,True,False,245,334,1,1
dense_support_q12_r05,dense_support,cost_model_x0.25,59.2755453489608,406,4302608,0.1180481,True,False,3911,185,1,1
dense_support_q12_r1,dense_support,wallclock_timing,,406,17210432,0.3683214,True,False,17295,177,7,1
dense_support_q12_r1,dense_support,constant_60,60.0,406,17210432,0.4310211,True,False,18062,163,1,1
dense_support_q12_r1,dense_support,constant_125,125.0,406,17210432,0.3694874,True,False,7163,389,1,1
dense_support_q12_r1,dense_support,constant_250,250.0,406,17210432,0.4834187,True,False,6,693,1,1
dense_support_q12_r1,dense_support,constant_500,500.0,406,17210432,0.5409009,True,False,1,693,1,1
dense_support_q12_r1,dense_support,cost_model,241.64168573212487,406,17210432,0.4691686,True,False,320,675,1,1
dense_support_q12_r1,dense_support,cost_model_x0.5,120.82084286606243,406,17210432,0.4164861,True,False,7567,376,1,1
dense_support_q12_r1,dense_support,cost_model_x0.25,60.41042143303122,406,17210432,0.3850405,True,False,17936,165,1,1
dense_support_q12_r2,dense_support,wallclock_timing,,406,68841729,1.0367183,True,False,54074,124,15,1
dense_support_q12_r2,dense_support,constant_60,60.0,406,68841729,1.0728431,True,False,65092,28,1,1
dense_support_q12_r2,dense_support,constant_125,125.0,406,68841729,1.0696797,True,False,34530,346,1,1
dense_support_q12_r2,dense_support,constant_250,250.0,406,68841729,1.3018173,True,False,14344,776,1,1
dense_support_q12_r2,dense_support,constant_500,500.0,406,68841729,2.0083953,True,False,10,1384,1,1
dense_support_q12_r2,dense_support,cost_model,248.58105693558042,406,68841729,1.3227581,True,False,14482,772,1,1
dense_support_q12_r2,dense_support,cost_model_x0.5,124.29052846779021,406,68841729,1.0031379,True,False,34732,343,1,1
dense_support_q12_r2,dense_support,cost_model_x0.25,62.145264233895105,406,68841729,1.0442393,True,False,63344,40,1,1
collision_o2_g0_n1000000_r05,collision,wallclock_timing,,406,22361383,0.1152602,True,False,1386,711,3,1
collision_o2_g0_n1000000_r05,collision,constant_60,60.0,406,22361383,0.1827161,True,False,23252,149,1,1
collision_o2_g0_n1000000_r05,collision,constant_125,125.0,406,22361383,0.117351,True,False,10061,390,1,1
collision_o2_g0_n1000000_r05,collision,constant_250,250.0,406,22361383,0.099424,True,False,1334,714,1,1
collision_o2_g0_n1000000_r05,collision,constant_500,500.0,406,22361383,0.1048714,True,False,1,790,1,1
collision_o2_g0_n1000000_r05,collision,cost_model,728.0031665684888,406,22361383,0.1047585,True,False,1,790,1,1
collision_o2_g0_n1000000_r05,collision,cost_model_x0.5,364.0015832842444,406,22361383,0.1063327,True,False,1,790,1,1
collision_o2_g0_n1000000_r05,collision,cost_model_x0.25,182.0007916421222,406,22361383,0.1011142,True,False,4956,552,1,1
collision_o2_g0_n1000000_r1,collision,wallclock_timing,,406,89445535,0.395807,True,False,27023,618,9,1
collision_o2_g0_n1000000_r1,collision,constant_60,60.0,406,89445535,0.5302978,True,False,78600,0,0,1
collision_o2_g0_n1000000_r1,collision,constant_125,125.0,406,89445535,0.3808435,True,False,44682,320,1,1
collision_o2_g0_n1000000_r1,collision,constant_250,250.0,406,89445535,0.345051,True,False,20142,779,1,1
collision_o2_g0_n1000000_r1,collision,constant_500,500.0,406,89445535,0.4163863,True,False,2675,1427,1,1
collision_o2_g0_n1000000_r1,collision,cost_model,775.1598234648103,406,89445535,0.4607971,True,False,1,1578,1,1
collision_o2_g0_n1000000_r1,collision,cost_model_x0.5,387.57991173240515,406,89445535,0.3662859,True,False,8371,1162,1,1
collision_o2_g0_n1000000_r1,collision,cost_model_x0.25,193.78995586620258,406,89445535,0.3475374,True,False,28153,591,1,1
collision_o2_g1_n1000000_r05,collision,wallclock_timing,,406,78119729,0.3767054,True,False,4905,1157,5,1
collision_o2_g1_n1000000_r05,collision,constant_60,60.0,406,78119729,0.7528767,True,False,68362,219,1,1
collision_o2_g1_n1000000_r05,collision,constant_125,125.0,406,78119729,0.5234554,True,False,31948,549,1,1
collision_o2_g1_n1000000_r05,collision,constant_250,250.0,406,78119729,0.3884157,True,False,10779,961,1,1
collision_o2_g1_n1000000_r05,collision,constant_500,500.0,406,78119729,0.3727426,True,False,1,1369,1,1
collision_o2_g1_n1000000_r05,collision,cost_model,1062.8147114595884,406,78119729,0.37026,True,False,1,1369,1,1
collision_o2_g1_n1000000_r05,collision,cost_model_x0.5,531.4073557297942,406,78119729,0.4200432,True,False,1,1369,1,1
collision_o2_g1_n1000000_r05,collision,cost_model_x0.25,265.7036778648971,406,78119729,0.3736235,True,False,9423,1002,1,1
collision_o2_g2_n1000000_r05,collision,wallclock_timing,,406,115123229,0.5658748,True,False,3354,1431,3,1
collision_o2_g2_n1000000_r05,collision,constant_60,60.0,406,115123229,1.301485,True,False,93820,340,1,1
collision_o2_g2_n1000000_r05,collision,constant_125,125.0,406,115123229,0.7426659,True,False,41981,702,1,1
collision_o2_g2_n1000000_r05,collision,constant_250,250.0,406,115123229,0.5722393,True,False,14063,1127,1,1
collision_o2_g2_n1000000_r05,collision,constant_500,500.0,406,115123229,0.5945291,True,False,1,1563,1,1
collision_o2_g2_n1000000_r05,collision,cost_model,1163.8590874864715,406,115123229,0.5402151,True,False,1,1563,1,1
collision_o2_g2_n1000000_r05,collision,cost_model_x0.5,581.9295437432357,406,115123229,0.5916137,True,False,1,1563,1,1
collision_o2_g2_n1000000_r05,collision,cost_model_x0.25,290.96477187161787,406,115123229,0.5471037,True,False,9796,1231,1,1
dimerization_r05,dimerization,wallclock_timing,,401,7486081,0.1398168,True,False,11599,601,8,2
dimerization_r05,dimerization,constant_60,60.0,401,7486081,0.1490957,True,False,15581,0,0,2
dimerization_r05,dimerization,constant_125,125.0,401,7486081,0.1459869,True,False,15581,0,0,2
dimerization_r05,dimerization,constant_250,250.0,401,7486081,0.142676,True,False,15581,0,0,2
dimerization_r05,dimerization,constant_500,500.0,401,7486081,0.1334277,True,False,1,2369,1,2
dimerization_r05,dimerization,cost_model,876.9217514218748,401,7486081,0.1325244,True,False,1,2369,1,2
dimerization_r05,dimerization,cost_model_x0.5,438.4608757109374,401,7486081,0.1339322,True,False,1,2369,1,2
dimerization_r05,dimerization,cost_model_x0.25,219.2304378554687,401,7486081,0.1590341,True,False,15581,0,0,2
dimerization_r1,dimerization,wallclock_timing,,401,29944326,0.3242853,True,False,31054,8,8,2
dimerization_r1,dimerization,constant_60,60.0,401,29944326,0.2970564,True,False,31099,0,0,2
dimerization_r1,dimerization,constant_125,125.0,401,29944326,0.2938373,True,False,31099,0,0,2
dimerization_r1,dimerization,constant_250,250.0,401,29944326,0.3438348,True,False,31099,0,0,2
dimerization_r1,dimerization,constant_500,500.0,401,29944326,0.3051778,True,False,31099,0,0,2
dimerization_r1,dimerization,cost_model,931.4985322705442,401,29944326,0.5379353,True,False,1,4736,1,2
dimerization_r1,dimerization,cost_model_x0.5,465.7492661352721,401,29944326,0.3278756,True,False,31099,0,0,2
dimerization_r1,dimerization,cost_model_x0.25,232.87463306763604,401,29944326,0.2932964,True,False,31099,0,0,2
lotka_volterra_r05,lotka_volterra,wallclock_timing,,401,179940,0.3099954,True,False,25410,7399,25,2
lotka_volterra_r05,lotka_volterra,constant_60,60.0,401,179940,0.4487024,True,False,44141,0,0,2
lotka_volterra_r05,lotka_volterra,constant_125,125.0,401,179940,0.3941754,True,False,44141,0,0,2
lotka_volterra_r05,lotka_volterra,constant_250,250.0,401,179940,0.2815568,True,False,18904,10158,7,2
lotka_volterra_r05,lotka_volterra,constant_500,500.0,401,179940,0.2086886,True,False,1,17113,1,2
lotka_volterra_r05,lotka_volterra,cost_model,727.0380042190227,401,179940,0.2042977,True,False,1,17113,1,2
lotka_volterra_r05,lotka_volterra,cost_model_x0.5,363.51900210951135,401,179940,0.2158492,True,False,1,17113,1,2
lotka_volterra_r05,lotka_volterra,cost_model_x0.25,181.75950105475567,401,179940,0.4300052,True,False,44141,0,0,2
lotka_volterra_r1,lotka_volterra,wallclock_timing,,401,719761,0.7973685,True,False,60064,11310,28,2
lotka_volterra_r1,lotka_volterra,constant_60,60.0,401,719761,0.8548514,True,False,88783,0,0,2
lotka_volterra_r1,lotka_volterra,constant_125,125.0,401,719761,0.8173271,True,False,88783,0,0,2
lotka_volterra_r1,lotka_volterra,constant_250,250.0,401,719761,0.863838,True,False,88783,0,0,2
lotka_volterra_r1,lotka_volterra,constant_500,500.0,401,719761,0.7502588,True,False,37779,20349,7,2
lotka_volterra_r1,lotka_volterra,cost_model,757.789328062881,401,719761,0.8319651,True,False,1,34216,1,2
lotka_volterra_r1,lotka_volterra,cost_model_x0.5,378.8946640314405,401,719761,0.8090756,True,False,88783,0,0,2
lotka_volterra_r1,lotka_volterra,cost_model_x0.25,189.44733201572026,401,719761,0.8574616,True,False,88783,0,0,2
lotka_volterra_r2,lotka_volterra,wallclock_timing,,401,2879044,1.7369304,True,False,177441,65,62,2
lotka_volterra_r2,lotka_volterra,constant_60,60.0,401,2879044,1.736246,True,False,177711,0,0,2
lotka_volterra_r2,lotka_volterra,constant_125,125.0,401,2879044,1.7186424,True,False,177711,0,0,2
lotka_volterra_r2,lotka_volterra,constant_250,250.0,401,2879044,1.7193849,True,False,177711,0,0,2
lotka_volterra_r2,lotka_volterra,constant_500,500.0,401,2879044,1.7283822,True,False,177711,0,0,2
lotka_volterra_r2,lotka_volterra,cost_model,804.9996298765527,401,2879044,1.9110407,True,False,150201,12131,7,2
lotka_volterra_r2,lotka_volterra,cost_model_x0.5,402.49981493827636,401,2879044,1.7229095,True,False,177711,0,0,2
lotka_volterra_r2,lotka_volterra,cost_model_x0.25,201.24990746913818,401,2879044,1.7126073,True,False,177711,0,0,2
shrinking_r05,shrinking,wallclock_timing,,401,342703,0.0131412,True,False,2392,2,2,2
shrinking_r05,shrinking,constant_60,60.0,401,342703,0.0112436,True,False,1894,248,1,2
shrinking_r05,shrinking,constant_125,125.0,401,342703,0.0094452,True,False,1342,517,1,2
shrinking_r05,shrinking,constant_250,250.0,401,342703,0.0077339,True,False,289,1032,1,2
shrinking_r05,shrinking,constant_500,500.0,401,342703,0.0072545,True,False,1,1166,1,2
shrinking_r05,shrinking,cost_model,544.0582811864226,401,342703,0.0078383,True,False,1,1166,1,2
shrinking_r05,shrinking,cost_model_x0.5,272.0291405932113,401,342703,0.0073687,True,False,99,1127,1,2
shrinking_r05,shrinking,cost_model_x0.25,136.01457029660565,401,342703,0.0094748,True,False,1237,566,1,2
shrinking_r1,shrinking,wallclock_timing,,401,1370812,0.0283125,True,False,4780,2,2,2
shrinking_r1,shrinking,constant_60,60.0,401,1370812,0.0261332,True,False,4371,239,1,2
shrinking_r1,shrinking,constant_125,125.0,401,1370812,0.0251158,True,False,3814,507,1,2
shrinking_r1,shrinking,constant_250,250.0,401,1370812,0.0229266,True,False,2746,1025,1,2
shrinking_r1,shrinking,constant_500,500.0,401,1370812,0.0257362,True,False,557,2063,1,2
shrinking_r1,shrinking,cost_model,577.897910766499,401,1370812,0.0286569,True,False,1,2333,1,2
shrinking_r1,shrinking,cost_model_x0.5,288.9489553832495,401,1370812,0.0227178,True,False,2400,1191,1,2
shrinking_r1,shrinking,cost_model_x0.25,144.47447769162474,401,1370812,0.0248855,True,False,3646,588,1,2
shrinking_r2,shrinking,wallclock_timing,,401,5483250,0.0630375,True,False,9623,4,4,2
shrinking_r2,shrinking,constant_60,60.0,401,5483250,0.0606085,True,False,9271,218,1,2
shrinking_r2,shrinking,constant_125,125.0,401,5483250,0.0597638,True,False,8710,493,1,2
shrinking_r2,shrinking,constant_250,250.0,401,5483250,0.0544199,True,False,7651,1008,1,2
shrinking_r2,shrinking,constant_500,500.0,401,5483250,0.057533,True,False,5465,2046,1,2
shrinking_r2,shrinking,cost_model,636.0096349670639,401,5483250,0.0627428,True,False,4248,2612,1,2
shrinking_r2,shrinking,cost_model_x0.5,318.00481748353195,401,5483250,0.0558991,True,False,7051,1293,1,2
shrinking_r2,shrinking,cost_model_x0.25,159.00240874176598,401,5483250,0.0548699,True,False,8413,634,1,2
shrinking_no_b_decay_r05,shrinking,wallclock_timing,,401,1108596,0.0113201,True,False,515,634,3,2
shrinking_no_b_decay_r05,shrinking,constant_60,60.0,401,1108596,0.0221063,True,False,3515,134,1,2
shrinking_no_b_decay_r05,shrinking,constant_125,125.0,401,1108596,0.0162006,True,False,2190,287,1,2
shrinking_no_b_decay_r05,shrinking,constant_250,250.0,401,1108596,0.011523,True,False,589,615,1,2
shrinking_no_b_decay_r05,shrinking,constant_500,500.0,401,1108596,0.012562,True,False,1,773,1,2
shrinking_no_b_decay_r05,shrinking,cost_model,615.9818556111519,401,1108596,0.011316,True,False,1,773,1,2
shrinking_no_b_decay_r05,shrinking,cost_model_x0.5,307.99092780557595,401,1108596,0.0109339,True,False,1,773,1,2
shrinking_no_b_decay_r05,shrinking,cost_model_x0.25,153.99546390278798,401,1108596,0.0170129,True,False,1763,361,1,2
shrinking_no_b_decay_r1,shrinking,wallclock_timing,,401,4434387,0.063416,True,False,9388,123,5,2
shrinking_no_b_decay_r1,shrinking,constant_60,60.0,401,4434387,0.0631812,True,False,9140,131,1,2
shrinking_no_b_decay_r1,shrinking,constant_125,125.0,401,4434387,0.0541566,True,False,6834,275,1,2
shrinking_no_b_decay_r1,shrinking,constant_250,250.0,401,4434387,0.0465137,True,False,4340,572,1,2
shrinking_no_b_decay_r1,shrinking,constant_500,500.0,401,4434387,0.0445411,True,False,1160,1227,1,2
shrinking_no_b_decay_r1,shrinking,cost_model,657.5600996857365,401,4434387,0.0480985,True,False,1,1544,1,2
shrinking_no_b_decay_r1,shrinking,cost_model_x0.5,328.78004984286827,401,4434387,0.0453361,True,False,3197,768,1,2
shrinking_no_b_decay_r1,shrinking,cost_model_x0.25,164.39002492143413,401,4434387,0.0513213,True,False,5886,365,1,2
shrinking_no_b_decay_r2,shrinking,wallclock_timing,,401,17737550,0.1380109,True,False,18199,268,7,2
shrinking_no_b_decay_r2,shrinking,constant_60,60.0,401,17737550,0.1460925,True,False,22327,129,1,2
shrinking_no_b_decay_r2,shrinking,constant_125,125.0,401,17737550,0.1259498,True,False,18011,269,1,2
shrinking_no_b_decay_r2,shrinking,constant_250,250.0,401,17737550,0.1096917,True,False,13673,546,1,2
shrinking_no_b_decay_r2,shrinking,constant_500,500.0,401,17737550,0.1123591,True,False,8730,1137,1,2
shrinking_no_b_decay_r2,shrinking,cost_model,729.6023497822766,401,17737550,0.1317201,True,False,5463,1719,1,2
shrinking_no_b_decay_r2,shrinking,cost_model_x0.5,364.8011748911383,401,17737550,0.1238495,True,False,11094,812,1,2
shrinking_no_b_decay_r2,shrinking,cost_model_x0.25,182.40058744556916,401,17737550,0.1352968,True,False,15706,395,1,2
shrinking_split_b_decay_r05,shrinking,wallclock_timing,,401,298581,0.0151856,True,False,2241,2,2,2
shrinking_split_b_decay_r05,shrinking,constant_60,60.0,401,298581,0.0132219,True,False,1749,242,1,2
shrinking_split_b_decay_r05,shrinking,constant_125,125.0,401,298581,0.0105681,True,False,1206,511,1,2
shrinking_split_b_decay_r05,shrinking,constant_250,250.0,401,298581,0.0085138,True,False,122,1038,1,2
shrinking_split_b_decay_r05,shrinking,constant_500,500.0,401,298581,0.0100344,True,False,1,1088,1,2
shrinking_split_b_decay_r05,shrinking,cost_model,496.2802133398286,401,298581,0.0070771,True,False,1,1088,1,2
shrinking_split_b_decay_r05,shrinking,cost_model_x0.5,248.1401066699143,401,298581,0.0076237,True,False,139,1028,1,2
shrinking_split_b_decay_r05,shrinking,cost_model_x0.25,124.07005333495715,401,298581,0.0115318,True,False,1215,512,1,2
shrinking_split_b_decay_r1,shrinking,wallclock_timing,,401,1194326,0.0258726,True,False,4470,2,2,2
shrinking_split_b_decay_r1,shrinking,constant_60,60.0,401,1194326,0.0258159,True,False,3966,238,1,2
shrinking_split_b_decay_r1,shrinking,constant_125,125.0,401,1194326,0.023755,True,False,3399,511,1,2
shrinking_split_b_decay_r1,shrinking,constant_250,250.0,401,1194326,0.0215546,True,False,2344,1023,1,2
shrinking_split_b_decay_r1,shrinking,constant_500,500.0,401,1194326,0.0282487,True,False,238,2064,1,2
shrinking_split_b_decay_r1,shrinking,cost_model,524.5670125279418,401,1194326,0.0292579,True,False,34,2162,1,2
shrinking_split_b_decay_r1,shrinking,cost_model_x0.5,262.2835062639709,401,1194326,0.0215496,True,False,2235,1081,1,2
shrinking_split_b_decay_r1,shrinking,cost_model_x0.25,131.14175313198544,401,1194326,0.0230065,True,False,3348,535,1,2
shrinking_split_b_decay_r2,shrinking,wallclock_timing,,401,4777304,0.0580058,True,False,8966,4,4,2
shrinking_split_b_decay_r2,shrinking,constant_60,60.0,401,4777304,0.0573967,True,False,8500,221,1,2
shrinking_split_b_decay_r2,shrinking,constant_125,125.0,401,4777304,0.0529071,True,False,7962,494,1,2
shrinking_split_b_decay_r2,shrinking,constant_250,250.0,401,4777304,0.0510879,True,False,6911,1016,1,2
shrinking_split_b_decay_r2,shrinking,constant_500,500.0,401,4777304,0.0579521,True,False,4792,2049,1,2
shrinking_split_b_decay_r2,shrinking,cost_model,572.7418683444771,401,4777304,0.0621222,True,False,4170,2348,1,2
shrinking_split_b_decay_r2,shrinking,cost_model_x0.5,286.37093417223855,401,4777304,0.0591493,True,False,6603,1161,1,2
shrinking_split_b_decay_r2,shrinking,cost_model_x0.25,143.18546708611927,401,4777304,0.0599018,True,False,7809,570,1,2
shrinking_b_decay_channels_1_r05,branch_count,wallclock_timing,,401,357951,0.0152223,True,False,2213,109,4,2
shrinking_b_decay_channels_1_r05,branch_count,constant_60,60.0,401,357951,0.0131702,True,False,1960,241,1,2
shrinking_b_decay_channels_1_r05,branch_count,constant_125,125.0,401,357951,0.0111918,True,False,1398,518,1,2
shrinking_b_decay_channels_1_r05,branch_count,constant_250,250.0,401,357951,0.0094376,True,False,347,1033,1,2
shrinking_b_decay_channels_1_r05,branch_count,constant_500,500.0,401,357951,0.0090045,True,False,1,1194,1,2
shrinking_b_decay_channels_1_r05,branch_count,cost_model,544.8928140153258,401,357951,0.0087773,True,False,1,1194,1,2
shrinking_b_decay_channels_1_r05,branch_count,cost_model_x0.5,272.4464070076629,401,357951,0.0090398,True,False,151,1125,1,2
shrinking_b_decay_channels_1_r05,branch_count,cost_model_x0.25,136.22320350383146,401,357951,0.0113389,True,False,1292,560,1,2
shrinking_b_decay_channels_1_r1,branch_count,wallclock_timing,,401,1431807,0.0355469,True,False,4951,2,2,2
shrinking_b_decay_channels_1_r1,branch_count,constant_60,60.0,401,1431807,0.0314155,True,False,4507,236,1,2
shrinking_b_decay_channels_1_r1,branch_count,constant_125,125.0,401,1431807,0.030601,True,False,3933,507,1,2
shrinking_b_decay_channels_1_r1,branch_count,constant_250,250.0,401,1431807,0.0270961,True,False,2851,1027,1,2
shrinking_b_decay_channels_1_r1,branch_count,constant_500,500.0,401,1431807,0.0311674,True,False,675,2060,1,2
shrinking_b_decay_channels_1_r1,branch_count,cost_model,579.2665840985251,401,1431807,0.0348255,True,False,1,2385,1,2
shrinking_b_decay_channels_1_r1,branch_count,cost_model_x0.5,289.63329204926254,401,1431807,0.0265283,True,False,2519,1192,1,2
shrinking_b_decay_channels_1_r1,branch_count,cost_model_x0.25,144.81664602463127,401,1431807,0.0269996,True,False,3761,587,1,2
shrinking_b_decay_channels_1_r2,branch_count,wallclock_timing,,401,5727229,0.0599551,True,False,9834,4,4,2
shrinking_b_decay_channels_1_r2,branch_count,constant_60,60.0,401,5727229,0.0593703,True,False,9418,216,1,2
shrinking_b_decay_channels_1_r2,branch_count,constant_125,125.0,401,5727229,0.0563006,True,False,8873,492,1,2
shrinking_b_decay_channels_1_r2,branch_count,constant_250,250.0,401,5727229,0.0549528,True,False,7817,1008,1,2
shrinking_b_decay_channels_1_r2,branch_count,constant_500,500.0,401,5727229,0.0604029,True,False,5650,2044,1,2
shrinking_b_decay_channels_1_r2,branch_count,cost_model,638.4465574594063,401,5727229,0.064532,True,False,4450,2618,1,2
shrinking_b_decay_channels_1_r2,branch_count,cost_model_x0.5,319.22327872970317,401,5727229,0.0560262,True,False,7205,1300,1,2
shrinking_b_decay_channels_1_r2,branch_count,cost_model_x0.25,159.61163936485158,401,5727229,0.0563238,True,False,8585,636,1,2
shrinking_b_decay_channels_2_r05,branch_count,wallclock_timing,,401,332340,0.0102184,True,False,703,830,3,2
shrinking_b_decay_channels_2_r05,branch_count,constant_60,60.0,401,332340,0.011177,True,False,1862,246,1,2
shrinking_b_decay_channels_2_r05,branch_count,constant_125,125.0,401,332340,0.0109378,True,False,1326,513,1,2
shrinking_b_decay_channels_2_r05,branch_count,constant_250,250.0,401,332340,0.0077118,True,False,245,1036,1,2
shrinking_b_decay_channels_2_r05,branch_count,constant_500,500.0,401,332340,0.0077692,True,False,1,1150,1,2
shrinking_b_decay_channels_2_r05,branch_count,cost_model,498.0234392861981,401,332340,0.0086774,True,False,1,1150,1,2
shrinking_b_decay_channels_2_r05,branch_count,cost_model_x0.5,249.01171964309904,401,332340,0.0096444,True,False,253,1032,1,2
shrinking_b_decay_channels_2_r05,branch_count,cost_model_x0.25,124.50585982154952,401,332340,0.0118327,True,False,1331,512,1,2
shrinking_b_decay_channels_2_r1,branch_count,wallclock_timing,,401,1329360,0.0320161,True,False,4764,2,2,2
shrinking_b_decay_channels_2_r1,branch_count,constant_60,60.0,401,1329360,0.0312543,True,False,4251,237,1,2
shrinking_b_decay_channels_2_r1,branch_count,constant_125,125.0,401,1329360,0.0293375,True,False,3706,508,1,2
shrinking_b_decay_channels_2_r1,branch_count,constant_250,250.0,401,1329360,0.0263918,True,False,2648,1027,1,2
shrinking_b_decay_channels_2_r1,branch_count,constant_500,500.0,401,1329360,0.033336,True,False,483,2060,1,2
shrinking_b_decay_channels_2_r1,branch_count,cost_model,527.4043832284837,401,1329360,0.0333235,True,False,260,2178,1,2
shrinking_b_decay_channels_2_r1,branch_count,cost_model_x0.5,263.7021916142418,401,1329360,0.0286178,True,False,2526,1080,1,2
shrinking_b_decay_channels_2_r1,branch_count,cost_model_x0.25,131.8510958071209,401,1329360,0.0282973,True,False,3642,534,1,2
shrinking_b_decay_channels_2_r2,branch_count,wallclock_timing,,401,5317440,0.0673821,True,False,9438,4,4,2
shrinking_b_decay_channels_2_r2,branch_count,constant_60,60.0,401,5317440,0.0673237,True,False,8961,220,1,2
shrinking_b_decay_channels_2_r2,branch_count,constant_125,125.0,401,5317440,0.0647837,True,False,8421,491,1,2
shrinking_b_decay_channels_2_r2,branch_count,constant_250,250.0,401,5317440,0.0576188,True,False,7374,1011,1,2
shrinking_b_decay_channels_2_r2,branch_count,constant_500,500.0,401,5317440,0.0601583,True,False,5287,2048,1,2
shrinking_b_decay_channels_2_r2,branch_count,cost_model,577.767632966904,401,5317440,0.0634989,True,False,4616,2369,1,2
shrinking_b_decay_channels_2_r2,branch_count,cost_model_x0.5,288.883816483452,401,5317440,0.0537622,True,False,7049,1175,1,2
shrinking_b_decay_channels_2_r2,branch_count,cost_model_x0.25,144.441908241726,401,5317440,0.0564832,True,False,8262,573,1,2
shrinking_b_decay_channels_4_r05,branch_count,wallclock_timing,,401,190960,0.0085491,True,False,1101,350,3,2
shrinking_b_decay_channels_4_r05,branch_count,constant_60,60.0,401,190960,0.0086369,True,False,1316,245,1,2
shrinking_b_decay_channels_4_r05,branch_count,constant_125,125.0,401,190960,0.0070645,True,False,746,518,1,2
shrinking_b_decay_channels_4_r05,branch_count,constant_250,250.0,401,190960,0.0059478,True,False,1,877,1,2
shrinking_b_decay_channels_4_r05,branch_count,constant_500,500.0,401,190960,0.0061808,True,False,1,877,1,2
shrinking_b_decay_channels_4_r05,branch_count,cost_model,427.11375923733834,401,190960,0.0058724,True,False,1,877,1,2
shrinking_b_decay_channels_4_r05,branch_count,cost_model_x0.5,213.55687961866917,401,190960,0.0067874,True,False,1,877,1,2
shrinking_b_decay_channels_4_r05,branch_count,cost_model_x0.25,106.77843980933459,401,190960,0.0072681,True,False,905,441,1,2
shrinking_b_decay_channels_4_r1,branch_count,wallclock_timing,,401,763841,0.0241787,True,False,3575,2,2,2
shrinking_b_decay_channels_4_r1,branch_count,constant_60,60.0,401,763841,0.0224216,True,False,3114,241,1,2
shrinking_b_decay_channels_4_r1,branch_count,constant_125,125.0,401,763841,0.0191533,True,False,2549,510,1,2
shrinking_b_decay_channels_4_r1,branch_count,constant_250,250.0,401,763841,0.0188405,True,False,1464,1034,1,2
shrinking_b_decay_channels_4_r1,branch_count,constant_500,500.0,401,763841,0.0223501,True,False,1,1748,1,2
shrinking_b_decay_channels_4_r1,branch_count,cost_model,446.6452507773898,401,763841,0.0223273,True,False,1,1748,1,2
shrinking_b_decay_channels_4_r1,branch_count,cost_model_x0.5,223.3226253886949,401,763841,0.018766,True,False,1683,923,1,2
shrinking_b_decay_channels_4_r1,branch_count,cost_model_x0.25,111.66131269434744,401,763841,0.0206388,True,False,2667,454,1,2
shrinking_b_decay_channels_4_r2,branch_count,wallclock_timing,,401,3055364,0.0508071,True,False,7189,2,2,2
shrinking_b_decay_channels_4_r2,branch_count,constant_60,60.0,401,3055364,0.04731,True,False,6704,228,1,2
shrinking_b_decay_channels_4_r2,branch_count,constant_125,125.0,401,3055364,0.0442675,True,False,6153,500,1,2
shrinking_b_decay_channels_4_r2,branch_count,constant_250,250.0,401,3055364,0.0444848,True,False,5096,1019,1,2
shrinking_b_decay_channels_4_r2,branch_count,constant_500,500.0,401,3055364,0.0510267,True,False,2965,2057,1,2
shrinking_b_decay_channels_4_r2,branch_count,cost_model,478.95873999982166,401,3055364,0.0538589,True,False,3143,1970,1,2
shrinking_b_decay_channels_4_r2,branch_count,cost_model_x0.5,239.47936999991083,401,3055364,0.0487545,True,False,5182,974,1,2
shrinking_b_decay_channels_4_r2,branch_count,cost_model_x0.25,119.73968499995541,401,3055364,0.0512714,True,False,6199,476,1,2
shrinking_b_decay_channels_8_r05,branch_count,wallclock_timing,,401,90594,0.0088216,True,False,1230,2,2,2
shrinking_b_decay_channels_8_r05,branch_count,constant_60,60.0,401,90594,0.0064278,True,False,731,249,1,2
shrinking_b_decay_channels_8_r05,branch_count,constant_125,125.0,401,90594,0.005726,True,False,180,523,1,2
shrinking_b_decay_channels_8_r05,branch_count,constant_250,250.0,401,90594,0.0045388,True,False,1,601,1,2
shrinking_b_decay_channels_8_r05,branch_count,constant_500,500.0,401,90594,0.0049986,True,False,1,601,1,2
shrinking_b_decay_channels_8_r05,branch_count,cost_model,349.54916218998983,401,90594,0.0064955,True,False,1,601,1,2
shrinking_b_decay_channels_8_r05,branch_count,cost_model_x0.5,174.77458109499491,401,90594,0.0049915,True,False,1,601,1,2
shrinking_b_decay_channels_8_r05,branch_count,cost_model_x0.25,87.38729054749746,401,90594,0.007748,True,False,502,361,1,2
shrinking_b_decay_channels_8_r1,branch_count,wallclock_timing,,401,362378,0.0189245,True,False,2416,2,2,2
shrinking_b_decay_channels_8_r1,branch_count,constant_60,60.0,401,362378,0.0164399,True,False,1944,246,1,2
shrinking_b_decay_channels_8_r1,branch_count,constant_125,125.0,401,362378,0.0147365,True,False,1386,518,1,2
shrinking_b_decay_channels_8_r1,branch_count,constant_250,250.0,401,362378,0.0167808,True,False,322,1034,1,2
shrinking_b_decay_channels_8_r1,branch_count,constant_500,500.0,401,362378,0.0201053,True,False,1,1202,1,2
shrinking_b_decay_channels_8_r1,branch_count,cost_model,360.7170256521287,401,362378,0.0190603,True,False,1,1202,1,2
shrinking_b_decay_channels_8_r1,branch_count,cost_model_x0.5,180.35851282606436,401,362378,0.0149391,True,False,916,747,1,2
shrinking_b_decay_channels_8_r1,branch_count,cost_model_x0.25,90.17925641303218,401,362378,0.0151457,True,False,1678,372,1,2
shrinking_b_decay_channels_8_r2,branch_count,wallclock_timing,,401,1449512,0.0398477,True,False,4952,2,2,2
shrinking_b_decay_channels_8_r2,branch_count,constant_60,60.0,401,1449512,0.0387506,True,False,4477,240,1,2
shrinking_b_decay_channels_8_r2,branch_count,constant_125,125.0,401,1449512,0.0361763,True,False,3919,509,1,2
shrinking_b_decay_channels_8_r2,branch_count,constant_250,250.0,401,1449512,0.031454,True,False,2879,1030,1,2
shrinking_b_decay_channels_8_r2,branch_count,constant_500,500.0,401,1449512,0.0505909,True,False,712,2063,1,2
shrinking_b_decay_channels_8_r2,branch_count,cost_model,378.2062802764907,401,1449512,0.0398232,True,False,1789,1556,1,2
shrinking_b_decay_channels_8_r2,branch_count,cost_model_x0.5,189.10314013824535,401,1449512,0.0325364,True,False,3384,774,1,2
shrinking_b_decay_channels_8_r2,branch_count,cost_model_x0.25,94.55157006912268,401,1449512,0.0329829,True,False,4189,378,1,2
dense_support_q4_r05,dense_support,wallclock_timing,,401,27747879,0.1323275,True,False,11353,430,7,2
dense_support_q4_r05,dense_support,constant_60,60.0,401,27747879,0.1923672,True,False,28273,134,1,2
dense_support_q4_r05,dense_support,constant_125,125.0,401,27747879,0.1372689,True,False,12988,388,1,2
dense_support_q4_r05,dense_support,constant_250,250.0,401,27747879,0.1263445,True,False,2791,731,1,2
dense_support_q4_r05,dense_support,constant_500,500.0,401,27747879,0.1351146,True,False,1,880,1,2
dense_support_q4_r05,dense_support,cost_model,733.9299421413416,401,27747879,0.1465692,True,False,1,880,1,2
dense_support_q4_r05,dense_support,cost_model_x0.5,366.9649710706708,401,27747879,0.1534679,True,False,1,880,1,2
dense_support_q4_r05,dense_support,cost_model_x0.25,183.4824855353354,401,27747879,0.1430448,True,False,6920,563,1,2
dense_support_q4_r1,dense_support,wallclock_timing,,401,110991516,0.4863183,True,False,3713,1553,3,2
dense_support_q4_r1,dense_support,constant_60,60.0,401,110991516,0.6182293,True,False,87137,0,0,2
dense_support_q4_r1,dense_support,constant_125,125.0,401,110991516,0.4985012,True,False,54670,291,1,2
dense_support_q4_r1,dense_support,constant_250,250.0,401,110991516,0.4029546,True,False,25844,775,1,2
dense_support_q4_r1,dense_support,constant_500,500.0,401,110991516,0.5197111,True,False,5580,1460,1,2
dense_support_q4_r1,dense_support,cost_model,784.9494027582399,401,110991516,0.5272832,True,False,1,1757,1,2
dense_support_q4_r1,dense_support,cost_model_x0.5,392.47470137911995,401,110991516,0.4896085,True,False,11886,1193,1,2
dense_support_q4_r1,dense_support,cost_model_x0.25,196.23735068955997,401,110991516,0.4142913,True,False,34803,587,1,2
dense_support_q6_r05,dense_support,wallclock_timing,,401,16382894,0.1215857,True,False,5001,445,3,2
dense_support_q6_r05,dense_support,constant_60,60.0,401,16382894,0.1727399,True,False,17034,165,1,2
dense_support_q6_r05,dense_support,constant_125,125.0,401,16382894,0.1392799,True,False,6679,388,1,2
dense_support_q6_r05,dense_support,constant_250,250.0,401,16382894,0.1442859,True,False,1,676,1,2
dense_support_q6_r05,dense_support,constant_500,500.0,401,16382894,0.1234048,True,False,1,676,1,2
dense_support_q6_r05,dense_support,cost_model,501.4841754008458,401,16382894,0.1273949,True,False,1,676,1,2
dense_support_q6_r05,dense_support,cost_model_x0.5,250.7420877004229,401,16382894,0.1244253,True,False,1,676,1,2
dense_support_q6_r05,dense_support,cost_model_x0.25,125.37104385021145,401,16382894,0.1213423,True,False,6644,389,1,2
dense_support_q6_r1,dense_support,wallclock_timing,,401,65531576,0.5011673,True,False,3394,1166,3,2
dense_support_q6_r1,dense_support,constant_60,60.0,401,65531576,0.5133525,True,False,62043,35,1,2
dense_support_q6_r1,dense_support,constant_125,125.0,401,65531576,0.3993099,True,False,32657,350,1,2
dense_support_q6_r1,dense_support,constant_250,250.0,401,65531576,0.3978938,True,False,13347,775,1,2
dense_support_q6_r1,dense_support,constant_500,500.0,401,65531576,0.5414073,True,False,1,1351,1,2
dense_support_q6_r1,dense_support,cost_model,525.8795973198837,401,65531576,0.5154401,True,False,1,1351,1,2
dense_support_q6_r1,dense_support,cost_model_x0.5,262.93979865994186,401,65531576,0.421989,True,False,12151,812,1,2
dense_support_q6_r1,dense_support,cost_model_x0.25,131.46989932997093,401,65531576,0.4184406,True,False,30989,377,1,2
dense_support_q8_r05,dense_support,wallclock_timing,,401,7615247,0.1186368,True,False,9651,147,5,2
dense_support_q8_r05,dense_support,constant_60,60.0,401,7615247,0.1095864,True,False,7616,186,1,2
dense_support_q8_r05,dense_support,constant_125,125.0,401,7615247,0.0970393,True,False,1787,369,1,2
dense_support_q8_r05,dense_support,constant_250,250.0,401,7615247,0.1010742,True,False,1,462,1,2
dense_support_q8_r05,dense_support,constant_500,500.0,401,7615247,0.1027113,True,False,1,462,1,2
dense_support_q8_r05,dense_support,cost_model,362.75548127430085,401,7615247,0.1131648,True,False,1,462,1,2
dense_support_q8_r05,dense_support,cost_model_x0.5,181.37774063715042,401,7615247,0.1179883,True,False,1,462,1,2
dense_support_q8_r05,dense_support,cost_model_x0.25,90.68887031857521,401,7615247,0.1144828,True,False,4080,281,1,2
dense_support_q8_r1,dense_support,wallclock_timing,,401,30460991,0.3158903,True,False,23281,226,7,2
dense_support_q8_r1,dense_support,constant_60,60.0,401,30460991,0.3464172,True,False,30881,127,1,2
dense_support_q8_r1,dense_support,constant_125,125.0,401,30460991,0.311497,True,False,14458,387,1,2
dense_support_q8_r1,dense_support,constant_250,250.0,401,30460991,0.3522225,True,False,3537,737,1,2
dense_support_q8_r1,dense_support,constant_500,500.0,401,30460991,0.4047161,True,False,1,921,1,2
dense_support_q8_r1,dense_support,cost_model,374.37645032354044,401,30460991,0.4508499,True,False,1,921,1,2
dense_support_q8_r1,dense_support,cost_model_x0.5,187.18822516177022,401,30460991,0.3122198,True,False,7640,576,1,2
dense_support_q8_r1,dense_support,cost_model_x0.25,93.59411258088511,401,30460991,0.3270733,True,False,20213,273,1,2
dense_support_q8_r2,dense_support,wallclock_timing,,401,121843964,0.9029258,True,False,49398,412,15,2
dense_support_q8_r2,dense_support,constant_60,60.0,401,121843964,0.9978584,True,False,91256,0,0,2
dense_support_q8_r2,dense_support,constant_125,125.0,401,121843964,0.8977141,True,False,59696,277,1,2
dense_support_q8_r2,dense_support,constant_250,250.0,401,121843964,1.0193574,True,False,28769,773,1,2
dense_support_q8_r2,dense_support,constant_500,500.0,401,121843964,1.3962759,True,False,7056,1473,1,2
dense_support_q8_r2,dense_support,cost_model,392.9554258679335,401,121843964,1.2210436,True,False,13810,1202,1,2
dense_support_q8_r2,dense_support,cost_model_x0.5,196.47771293396676,401,121843964,0.9497009,True,False,38368,580,1,2
dense_support_q8_r2,dense_support,cost_model_x0.25,98.23885646698338,401,121843964,0.9377897,True,False,73147,141,1,2
dense_support_q12_r05,dense_support,wallclock_timing,,401,4302608,0.1313445,True,False,2415,234,5,2
dense_support_q12_r05,dense_support,constant_60,60.0,401,4302608,0.1151082,True,False,3842,187,1,2
dense_support_q12_r05,dense_support,constant_125,125.0,401,4302608,0.1162274,True,False,3,347,1,2
dense_support_q12_r05,dense_support,constant_250,250.0,401,4302608,0.1182883,True,False,1,347,1,2
dense_support_q12_r05,dense_support,constant_500,500.0,401,4302608,0.1202865,True,False,1,347,1,2
dense_support_q12_r05,dense_support,cost_model,237.1021813958432,401,4302608,0.1206613,True,False,1,347,1,2
dense_support_q12_r05,dense_support,cost_model_x0.5,118.5510906979216,401,4302608,0.1213303,True,False,258,334,1,2
dense_support_q12_r05,dense_support,cost_model_x0.25,59.2755453489608,401,4302608,0.1203203,True,False,3921,185,1,2
dense_support_q12_r1,dense_support,wallclock_timing,,401,17210432,0.4095149,True,False,21652,116,7,2
dense_support_q12_r1,dense_support,constant_60,60.0,401,17210432,0.4064399,True,False,17907,163,1,2
dense_support_q12_r1,dense_support,constant_125,125.0,401,17210432,0.370572,True,False,7166,389,1,2
dense_support_q12_r1,dense_support,constant_250,250.0,401,17210432,0.4828377,True,False,4,692,1,2
dense_support_q12_r1,dense_support,constant_500,500.0,401,17210432,0.5342134,True,False,1,693,1,2
dense_support_q12_r1,dense_support,cost_model,241.64168573212487,401,17210432,0.4682526,True,False,333,675,1,2
dense_support_q12_r1,dense_support,cost_model_x0.5,120.82084286606243,401,17210432,0.3821231,True,False,7562,376,1,2
dense_support_q12_r1,dense_support,cost_model_x0.25,60.41042143303122,401,17210432,0.4070523,True,False,17788,165,1,2
dense_support_q12_r2,dense_support,wallclock_timing,,401,68841729,0.9948565,True,False,36186,323,11,2
dense_support_q12_r2,dense_support,constant_60,60.0,401,68841729,1.0465638,True,False,64800,27,1,2
dense_support_q12_r2,dense_support,constant_125,125.0,401,68841729,1.0358508,True,False,34305,346,1,2
dense_support_q12_r2,dense_support,constant_250,250.0,401,68841729,1.3517479,True,False,14268,776,1,2
dense_support_q12_r2,dense_support,constant_500,500.0,401,68841729,1.9708047,True,False,10,1384,1,2
dense_support_q12_r2,dense_support,cost_model,248.58105693558042,401,68841729,1.3466902,True,False,14402,772,1,2
dense_support_q12_r2,dense_support,cost_model_x0.5,124.29052846779021,401,68841729,1.0306132,True,False,34493,343,1,2
dense_support_q12_r2,dense_support,cost_model_x0.25,62.145264233895105,401,68841729,1.055539,True,False,63089,40,1,2
collision_o2_g0_n1000000_r05,collision,wallclock_timing,,401,22361383,0.1018348,True,False,5392,537,5,2
collision_o2_g0_n1000000_r05,collision,constant_60,60.0,401,22361383,0.1568598,True,False,23005,149,1,2
collision_o2_g0_n1000000_r05,collision,constant_125,125.0,401,22361383,0.1118657,True,False,10005,390,1,2
collision_o2_g0_n1000000_r05,collision,constant_250,250.0,401,22361383,0.1022674,True,False,1358,714,1,2
collision_o2_g0_n1000000_r05,collision,constant_500,500.0,401,22361383,0.1081981,True,False,1,790,1,2
collision_o2_g0_n1000000_r05,collision,cost_model,728.0031665684888,401,22361383,0.1171344,True,False,1,790,1,2
collision_o2_g0_n1000000_r05,collision,cost_model_x0.5,364.0015832842444,401,22361383,0.1189574,True,False,1,790,1,2
collision_o2_g0_n1000000_r05,collision,cost_model_x0.25,182.0007916421222,401,22361383,0.1172374,True,False,4962,552,1,2
collision_o2_g0_n1000000_r1,collision,wallclock_timing,,401,89445535,0.3417269,True,False,24923,659,9,2
collision_o2_g0_n1000000_r1,collision,constant_60,60.0,401,89445535,0.5290408,True,False,78185,0,0,2
collision_o2_g0_n1000000_r1,collision,constant_125,125.0,401,89445535,0.3886856,True,False,44418,320,1,2
collision_o2_g0_n1000000_r1,collision,constant_250,250.0,401,89445535,0.3832982,True,False,19955,779,1,2
collision_o2_g0_n1000000_r1,collision,constant_500,500.0,401,89445535,0.3972966,True,False,2679,1427,1,2
collision_o2_g0_n1000000_r1,collision,cost_model,775.1598234648103,401,89445535,0.4236589,True,False,1,1578,1,2
collision_o2_g0_n1000000_r1,collision,cost_model_x0.5,387.57991173240515,401,89445535,0.3757936,True,False,8367,1163,1,2
collision_o2_g0_n1000000_r1,collision,cost_model_x0.25,193.78995586620258,401,89445535,0.3869712,True,False,27928,591,1,2
collision_o2_g1_n1000000_r05,collision,wallclock_timing,,401,78119729,0.3835341,True,False,17038,811,7,2
collision_o2_g1_n1000000_r05,collision,constant_60,60.0,401,78119729,0.7334501,True,False,67973,219,1,2
collision_o2_g1_n1000000_r05,collision,constant_125,125.0,401,78119729,0.4688634,True,False,31758,549,1,2
collision_o2_g1_n1000000_r05,collision,constant_250,250.0,401,78119729,0.4161892,True,False,10714,961,1,2
collision_o2_g1_n1000000_r05,collision,constant_500,500.0,401,78119729,0.3624858,True,False,1,1369,1,2
collision_o2_g1_n1000000_r05,collision,cost_model,1062.8147114595884,401,78119729,0.3708707,True,False,1,1369,1,2
collision_o2_g1_n1000000_r05,collision,cost_model_x0.5,531.4073557297942,401,78119729,0.4139829,True,False,1,1369,1,2
collision_o2_g1_n1000000_r05,collision,cost_model_x0.25,265.7036778648971,401,78119729,0.3582034,True,False,9375,1002,1,2
collision_o2_g2_n1000000_r05,collision,wallclock_timing,,401,115123229,0.5342623,True,False,2569,1461,3,2
collision_o2_g2_n1000000_r05,collision,constant_60,60.0,401,115123229,1.2709603,True,False,93349,340,1,2
collision_o2_g2_n1000000_r05,collision,constant_125,125.0,401,115123229,0.7935113,True,False,41691,702,1,2
collision_o2_g2_n1000000_r05,collision,constant_250,250.0,401,115123229,0.5641353,True,False,13985,1127,1,2
collision_o2_g2_n1000000_r05,collision,constant_500,500.0,401,115123229,0.5956853,True,False,1,1563,1,2
collision_o2_g2_n1000000_r05,collision,cost_model,1163.8590874864715,401,115123229,0.5445307,True,False,1,1563,1,2
collision_o2_g2_n1000000_r05,collision,cost_model_x0.5,581.9295437432357,401,115123229,0.5847623,True,False,1,1563,1,2
collision_o2_g2_n1000000_r05,collision,cost_model_x0.25,290.96477187161787,401,115123229,0.5488735,True,False,9734,1231,1,2
dimerization_r05,dimerization,wallclock_timing,,402,7486081,0.1429948,True,False,15521,8,6,2
dimerization_r05,dimerization,constant_60,60.0,402,7486081,0.141032,True,False,15543,0,0,2
dimerization_r05,dimerization,constant_125,125.0,402,7486081,0.1456166,True,False,15543,0,0,2
dimerization_r05,dimerization,constant_250,250.0,402,7486081,0.1502748,True,False,15543,0,0,2
dimerization_r05,dimerization,constant_500,500.0,402,7486081,0.1438531,True,False,1,2369,1,2
dimerization_r05,dimerization,cost_model,876.9217514218748,402,7486081,0.1491326,True,False,1,2369,1,2
dimerization_r05,dimerization,cost_model_x0.5,438.4608757109374,402,7486081,0.1510054,True,False,1,2369,1,2
dimerization_r05,dimerization,cost_model_x0.25,219.2304378554687,402,7486081,0.1426447,True,False,15543,0,0,2
dimerization_r1,dimerization,wallclock_timing,,402,29944326,0.2918179,True,False,31198,13,12,2
dimerization_r1,dimerization,constant_60,60.0,402,29944326,0.2962033,True,False,31258,0,0,2
dimerization_r1,dimerization,constant_125,125.0,402,29944326,0.3259566,True,False,31258,0,0,2
dimerization_r1,dimerization,constant_250,250.0,402,29944326,0.3030747,True,False,31258,0,0,2
dimerization_r1,dimerization,constant_500,500.0,402,29944326,0.2944258,True,False,31258,0,0,2
dimerization_r1,dimerization,cost_model,931.4985322705442,402,29944326,0.5727604,True,False,1,4736,1,2
dimerization_r1,dimerization,cost_model_x0.5,465.7492661352721,402,29944326,0.2876788,True,False,31258,0,0,2
dimerization_r1,dimerization,cost_model_x0.25,232.87463306763604,402,29944326,0.2999054,True,False,31258,0,0,2
lotka_volterra_r05,lotka_volterra,wallclock_timing,,402,179940,0.4161886,True,False,38103,2381,26,2
lotka_volterra_r05,lotka_volterra,constant_60,60.0,402,179940,0.3903883,True,False,44468,0,0,2
lotka_volterra_r05,lotka_volterra,constant_125,125.0,402,179940,0.4163643,True,False,44468,0,0,2
lotka_volterra_r05,lotka_volterra,constant_250,250.0,402,179940,0.2981821,True,False,19033,10198,7,2
lotka_volterra_r05,lotka_volterra,constant_500,500.0,402,179940,0.2054473,True,False,1,17113,1,2
lotka_volterra_r05,lotka_volterra,cost_model,727.0380042190227,402,179940,0.2075115,True,False,1,17113,1,2
lotka_volterra_r05,lotka_volterra,cost_model_x0.5,363.51900210951135,402,179940,0.2238356,True,False,1,17113,1,2
lotka_volterra_r05,lotka_volterra,cost_model_x0.25,181.75950105475567,402,179940,0.4186205,True,False,44468,0,0,2
lotka_volterra_r1,lotka_volterra,wallclock_timing,,402,719761,0.811126,True,False,86857,889,46,2
lotka_volterra_r1,lotka_volterra,constant_60,60.0,402,719761,0.8327644,True,False,88771,0,0,2
lotka_volterra_r1,lotka_volterra,constant_125,125.0,402,719761,0.8415613,True,False,88771,0,0,2
lotka_volterra_r1,lotka_volterra,constant_250,250.0,402,719761,0.8605436,True,False,88771,0,0,2
lotka_volterra_r1,lotka_volterra,constant_500,500.0,402,719761,0.8018327,True,False,37962,20345,7,2
lotka_volterra_r1,lotka_volterra,cost_model,757.789328062881,402,719761,0.7919123,True,False,1,34205,1,2
lotka_volterra_r1,lotka_volterra,cost_model_x0.5,378.8946640314405,402,719761,0.8722114,True,False,88771,0,0,2
lotka_volterra_r1,lotka_volterra,cost_model_x0.25,189.44733201572026,402,719761,0.8406153,True,False,88771,0,0,2
lotka_volterra_r2,lotka_volterra,wallclock_timing,,402,2879044,1.7899676,True,False,177020,329,62,2
lotka_volterra_r2,lotka_volterra,constant_60,60.0,402,2879044,1.7819522,True,False,177848,0,0,2
lotka_volterra_r2,lotka_volterra,constant_125,125.0,402,2879044,1.7881791,True,False,177848,0,0,2
lotka_volterra_r2,lotka_volterra,constant_250,250.0,402,2879044,1.8623468,True,False,177848,0,0,2
lotka_volterra_r2,lotka_volterra,constant_500,500.0,402,2879044,1.7405557,True,False,177848,0,0,2
lotka_volterra_r2,lotka_volterra,cost_model,804.9996298765527,402,2879044,1.9002682,True,False,150475,12096,7,2
lotka_volterra_r2,lotka_volterra,cost_model_x0.5,402.49981493827636,402,2879044,1.7572542,True,False,177848,0,0,2
lotka_volterra_r2,lotka_volterra,cost_model_x0.25,201.24990746913818,402,2879044,1.6426401,True,False,177848,0,0,2
shrinking_r05,shrinking,wallclock_timing,,402,342703,0.0136194,True,False,2420,2,2,2
shrinking_r05,shrinking,constant_60,60.0,402,342703,0.0114658,True,False,1906,248,1,2
shrinking_r05,shrinking,constant_125,125.0,402,342703,0.0097265,True,False,1362,519,1,2
shrinking_r05,shrinking,constant_250,250.0,402,342703,0.0085639,True,False,295,1037,1,2
shrinking_r05,shrinking,constant_500,500.0,402,342703,0.0074446,True,False,1,1171,1,2
shrinking_r05,shrinking,cost_model,544.0582811864226,402,342703,0.0086157,True,False,1,1171,1,2
shrinking_r05,shrinking,cost_model_x0.5,272.0291405932113,402,342703,0.0076459,True,False,102,1124,1,2
shrinking_r05,shrinking,cost_model_x0.25,136.01457029660565,402,342703,0.0102773,True,False,1261,564,1,2
shrinking_r1,shrinking,wallclock_timing,,402,1370812,0.0293606,True,False,4862,2,2,2
shrinking_r1,shrinking,constant_60,60.0,402,1370812,0.0269615,True,False,4357,239,1,2
shrinking_r1,shrinking,constant_125,125.0,402,1370812,0.0245779,True,False,3805,507,1,2
shrinking_r1,shrinking,constant_250,250.0,402,1370812,0.0227823,True,False,2742,1025,1,2
shrinking_r1,shrinking,constant_500,500.0,402,1370812,0.025946,True,False,597,2061,1,2
shrinking_r1,shrinking,cost_model,577.897910766499,402,1370812,0.0282101,True,False,1,2335,1,2
shrinking_r1,shrinking,cost_model_x0.5,288.9489553832495,402,1370812,0.0229198,True,False,2405,1193,1,2
shrinking_r1,shrinking,cost_model_x0.25,144.47447769162474,402,1370812,0.0241334,True,False,3637,585,1,2
shrinking_r2,shrinking,wallclock_timing,,402,5483250,0.0628877,True,False,9691,4,4,2
shrinking_r2,shrinking,constant_60,60.0,402,5483250,0.0588811,True,False,9268,219,1,2
shrinking_r2,shrinking,constant_125,125.0,402,5483250,0.0591529,True,False,8683,492,1,2
shrinking_r2,shrinking,constant_250,250.0,402,5483250,0.0587824,True,False,7611,1008,1,2
shrinking_r2,shrinking,constant_500,500.0,402,5483250,0.0654843,True,False,5454,2045,1,2
shrinking_r2,shrinking,cost_model,636.0096349670639,402,5483250,0.0734857,True,False,4281,2612,1,2
shrinking_r2,shrinking,cost_model_x0.5,318.00481748353195,402,5483250,0.0605755,True,False,7014,1289,1,2
shrinking_r2,shrinking,cost_model_x0.25,159.00240874176598,402,5483250,0.0637862,True,False,8382,632,1,2
shrinking_no_b_decay_r05,shrinking,wallclock_timing,,402,1108596,0.0216221,True,False,2651,222,3,2
shrinking_no_b_decay_r05,shrinking,constant_60,60.0,402,1108596,0.0251898,True,False,3521,134,1,2
shrinking_no_b_decay_r05,shrinking,constant_125,125.0,402,1108596,0.0193523,True,False,2219,288,1,2
shrinking_no_b_decay_r05,shrinking,constant_250,250.0,402,1108596,0.0138454,True,False,597,615,1,2
shrinking_no_b_decay_r05,shrinking,constant_500,500.0,402,1108596,0.0121209,True,False,1,773,1,2
shrinking_no_b_decay_r05,shrinking,cost_model,615.9818556111519,402,1108596,0.013085,True,False,1,773,1,2
shrinking_no_b_decay_r05,shrinking,cost_model_x0.5,307.99092780557595,402,1108596,0.0122674,True,False,1,773,1,2
shrinking_no_b_decay_r05,shrinking,cost_model_x0.25,153.99546390278798,402,1108596,0.0176463,True,False,1778,360,1,2
shrinking_no_b_decay_r1,shrinking,wallclock_timing,,402,4434387,0.0461746,True,False,5152,461,3,2
shrinking_no_b_decay_r1,shrinking,constant_60,60.0,402,4434387,0.0584177,True,False,9236,130,1,2
shrinking_no_b_decay_r1,shrinking,constant_125,125.0,402,4434387,0.0496308,True,False,6859,275,1,2
shrinking_no_b_decay_r1,shrinking,constant_250,250.0,402,4434387,0.0411977,True,False,4358,572,1,2
shrinking_no_b_decay_r1,shrinking,constant_500,500.0,402,4434387,0.0399234,True,False,1162,1227,1,2
shrinking_no_b_decay_r1,shrinking,cost_model,657.5600996857365,402,4434387,0.041131,True,False,1,1543,1,2
shrinking_no_b_decay_r1,shrinking,cost_model_x0.5,328.78004984286827,402,4434387,0.0396319,True,False,3199,770,1,2
shrinking_no_b_decay_r1,shrinking,cost_model_x0.25,164.39002492143413,402,4434387,0.0470855,True,False,5931,365,1,2
shrinking_no_b_decay_r2,shrinking,wallclock_timing,,402,17737550,0.1345137,True,False,19412,224,9,2
shrinking_no_b_decay_r2,shrinking,constant_60,60.0,402,17737550,0.15712,True,False,22576,129,1,2
shrinking_no_b_decay_r2,shrinking,constant_125,125.0,402,17737550,0.147087,True,False,18224,269,1,2
shrinking_no_b_decay_r2,shrinking,constant_250,250.0,402,17737550,0.13015,True,False,13816,547,1,2
shrinking_no_b_decay_r2,shrinking,constant_500,500.0,402,17737550,0.1170714,True,False,8765,1138,1,2
shrinking_no_b_decay_r2,shrinking,cost_model,729.6023497822766,402,17737550,0.1156687,True,False,5499,1719,1,2
shrinking_no_b_decay_r2,shrinking,cost_model_x0.5,364.8011748911383,402,17737550,0.1107355,True,False,11175,813,1,2
shrinking_no_b_decay_r2,shrinking,cost_model_x0.25,182.40058744556916,402,17737550,0.1223309,True,False,15875,395,1,2
shrinking_split_b_decay_r05,shrinking,wallclock_timing,,402,298581,0.012747,True,False,2226,2,2,2
shrinking_split_b_decay_r05,shrinking,constant_60,60.0,402,298581,0.0106427,True,False,1722,247,1,2
shrinking_split_b_decay_r05,shrinking,constant_125,125.0,402,298581,0.0090656,True,False,1173,516,1,2
shrinking_split_b_decay_r05,shrinking,constant_250,250.0,402,298581,0.0074382,True,False,111,1031,1,2
shrinking_split_b_decay_r05,shrinking,constant_500,500.0,402,298581,0.0074229,True,False,1,1093,1,2
shrinking_split_b_decay_r05,shrinking,cost_model,496.2802133398286,402,298581,0.0074987,True,False,1,1093,1,2
shrinking_split_b_decay_r05,shrinking,cost_model_x0.5,248.1401066699143,402,298581,0.0073329,True,False,126,1026,1,2
shrinking_split_b_decay_r05,shrinking,cost_model_x0.25,124.07005333495715,402,298581,0.0089796,True,False,1180,513,1,2
shrinking_split_b_decay_r1,shrinking,wallclock_timing,,402,1194326,0.0271237,True,False,4461,2,2,2
shrinking_split_b_decay_r1,shrinking,constant_60,60.0,402,1194326,0.0249074,True,False,3967,241,1,2
shrinking_split_b_decay_r1,shrinking,constant_125,125.0,402,1194326,0.0246761,True,False,3424,510,1,2
shrinking_split_b_decay_r1,shrinking,constant_250,250.0,402,1194326,0.0218804,True,False,2376,1027,1,2
shrinking_split_b_decay_r1,shrinking,constant_500,500.0,402,1194326,0.0276997,True,False,245,2063,1,2
shrinking_split_b_decay_r1,shrinking,cost_model,524.5670125279418,402,1194326,0.0304774,True,False,27,2168,1,2
shrinking_split_b_decay_r1,shrinking,cost_model_x0.5,262.2835062639709,402,1194326,0.0248994,True,False,2271,1078,1,2
shrinking_split_b_decay_r1,shrinking,cost_model_x0.25,131.14175313198544,402,1194326,0.0252702,True,False,3375,537,1,2
shrinking_split_b_decay_r2,shrinking,wallclock_timing,,402,4777304,0.0638926,True,False,9040,4,4,2
shrinking_split_b_decay_r2,shrinking,constant_60,60.0,402,4777304,0.0656382,True,False,8559,220,1,2
shrinking_split_b_decay_r2,shrinking,constant_125,125.0,402,4777304,0.0606892,True,False,8004,493,1,2
shrinking_split_b_decay_r2,shrinking,constant_250,250.0,402,4777304,0.059128,True,False,6932,1013,1,2
shrinking_split_b_decay_r2,shrinking,constant_500,500.0,402,4777304,0.064403,True,False,4781,2050,1,2
shrinking_split_b_decay_r2,shrinking,cost_model,572.7418683444771,402,4777304,0.0620368,True,False,4138,2347,1,2
shrinking_split_b_decay_r2,shrinking,cost_model_x0.5,286.37093417223855,402,4777304,0.0503604,True,False,6623,1158,1,2
shrinking_split_b_decay_r2,shrinking,cost_model_x0.25,143.18546708611927,402,4777304,0.0524054,True,False,7856,569,1,2
shrinking_b_decay_channels_1_r05,branch_count,wallclock_timing,,402,357951,0.0137442,True,False,2476,2,2,2
shrinking_b_decay_channels_1_r05,branch_count,constant_60,60.0,402,357951,0.0117441,True,False,1972,245,1,2
shrinking_b_decay_channels_1_r05,branch_count,constant_125,125.0,402,357951,0.0098392,True,False,1407,521,1,2
shrinking_b_decay_channels_1_r05,branch_count,constant_250,250.0,402,357951,0.0079131,True,False,340,1039,1,2
shrinking_b_decay_channels_1_r05,branch_count,constant_500,500.0,402,357951,0.0080526,True,False,1,1202,1,2
shrinking_b_decay_channels_1_r05,branch_count,cost_model,544.8928140153258,402,357951,0.0076877,True,False,1,1202,1,2
shrinking_b_decay_channels_1_r05,branch_count,cost_model_x0.5,272.4464070076629,402,357951,0.0091184,True,False,148,1130,1,2
shrinking_b_decay_channels_1_r05,branch_count,cost_model_x0.25,136.22320350383146,402,357951,0.0094723,True,False,1309,561,1,2
shrinking_b_decay_channels_1_r1,branch_count,wallclock_timing,,402,1431807,0.0251634,True,False,2414,1237,3,2
shrinking_b_decay_channels_1_r1,branch_count,constant_60,60.0,402,1431807,0.0292653,True,False,4457,236,1,2
shrinking_b_decay_channels_1_r1,branch_count,constant_125,125.0,402,1431807,0.025666,True,False,3888,505,1,2
shrinking_b_decay_channels_1_r1,branch_count,constant_250,250.0,402,1431807,0.023823,True,False,2803,1036,1,2
shrinking_b_decay_channels_1_r1,branch_count,constant_500,500.0,402,1431807,0.0289835,True,False,694,2063,1,2
shrinking_b_decay_channels_1_r1,branch_count,cost_model,579.2665840985251,402,1431807,0.030861,True,False,1,2385,1,2
shrinking_b_decay_channels_1_r1,branch_count,cost_model_x0.5,289.63329204926254,402,1431807,0.0228416,True,False,2481,1197,1,2
shrinking_b_decay_channels_1_r1,branch_count,cost_model_x0.25,144.81664602463127,402,1431807,0.0254607,True,False,3712,588,1,2
shrinking_b_decay_channels_1_r2,branch_count,wallclock_timing,,402,5727229,0.0629074,True,False,9924,4,4,2
shrinking_b_decay_channels_1_r2,branch_count,constant_60,60.0,402,5727229,0.0617496,True,False,9452,220,1,2
shrinking_b_decay_channels_1_r2,branch_count,constant_125,125.0,402,5727229,0.0597103,True,False,8883,491,1,2
shrinking_b_decay_channels_1_r2,branch_count,constant_250,250.0,402,5727229,0.0628247,True,False,7823,1008,1,2
shrinking_b_decay_channels_1_r2,branch_count,constant_500,500.0,402,5727229,0.0664678,True,False,5656,2049,1,2
shrinking_b_decay_channels_1_r2,branch_count,cost_model,638.4465574594063,402,5727229,0.0760373,True,False,4474,2617,1,2
shrinking_b_decay_channels_1_r2,branch_count,cost_model_x0.5,319.22327872970317,402,5727229,0.0640192,True,False,7208,1296,1,2
shrinking_b_decay_channels_1_r2,branch_count,cost_model_x0.25,159.61163936485158,402,5727229,0.064737,True,False,8584,639,1,2
shrinking_b_decay_channels_2_r05,branch_count,wallclock_timing,,402,332340,0.0156791,True,False,2334,2,2,2
shrinking_b_decay_channels_2_r05,branch_count,constant_60,60.0,402,332340,0.0136687,True,False,1862,248,1,2
shrinking_b_decay_channels_2_r05,branch_count,constant_125,125.0,402,332340,0.011518,True,False,1305,518,1,2
shrinking_b_decay_channels_2_r05,branch_count,constant_250,250.0,402,332340,0.0101792,True,False,234,1033,1,2
shrinking_b_decay_channels_2_r05,branch_count,constant_500,500.0,402,332340,0.0097718,True,False,1,1156,1,2
shrinking_b_decay_channels_2_r05,branch_count,cost_model,498.0234392861981,402,332340,0.0089863,True,False,1,1156,1,2
shrinking_b_decay_channels_2_r05,branch_count,cost_model_x0.5,249.01171964309904,402,332340,0.0101459,True,False,245,1027,1,2
shrinking_b_decay_channels_2_r05,branch_count,cost_model_x0.25,124.50585982154952,402,332340,0.013266,True,False,1310,516,1,2
shrinking_b_decay_channels_2_r1,branch_count,wallclock_timing,,402,1329360,0.0274503,True,False,4738,2,2,2
shrinking_b_decay_channels_2_r1,branch_count,constant_60,60.0,402,1329360,0.0253951,True,False,4267,239,1,2
shrinking_b_decay_channels_2_r1,branch_count,constant_125,125.0,402,1329360,0.0257909,True,False,3691,506,1,2
shrinking_b_decay_channels_2_r1,branch_count,constant_250,250.0,402,1329360,0.023949,True,False,2617,1026,1,2
shrinking_b_decay_channels_2_r1,branch_count,constant_500,500.0,402,1329360,0.0294803,True,False,479,2067,1,2
shrinking_b_decay_channels_2_r1,branch_count,cost_model,527.4043832284837,402,1329360,0.0288932,True,False,250,2175,1,2
shrinking_b_decay_channels_2_r1,branch_count,cost_model_x0.5,263.7021916142418,402,1329360,0.0239353,True,False,2501,1086,1,2
shrinking_b_decay_channels_2_r1,branch_count,cost_model_x0.25,131.8510958071209,402,1329360,0.0252392,True,False,3634,539,1,2
shrinking_b_decay_channels_2_r2,branch_count,wallclock_timing,,402,5317440,0.0653476,True,False,9503,4,4,2
shrinking_b_decay_channels_2_r2,branch_count,constant_60,60.0,402,5317440,0.0592908,True,False,9110,222,1,2
shrinking_b_decay_channels_2_r2,branch_count,constant_125,125.0,402,5317440,0.0581359,True,False,8552,493,1,2
shrinking_b_decay_channels_2_r2,branch_count,constant_250,250.0,402,5317440,0.056328,True,False,7486,1012,1,2
shrinking_b_decay_channels_2_r2,branch_count,constant_500,500.0,402,5317440,0.0602414,True,False,5320,2046,1,2
shrinking_b_decay_channels_2_r2,branch_count,cost_model,577.767632966904,402,5317440,0.0638926,True,False,4643,2372,1,2
shrinking_b_decay_channels_2_r2,branch_count,cost_model_x0.5,288.883816483452,402,5317440,0.0554598,True,False,7144,1173,1,2
shrinking_b_decay_channels_2_r2,branch_count,cost_model_x0.25,144.441908241726,402,5317440,0.0566423,True,False,8379,570,1,2
shrinking_b_decay_channels_4_r05,branch_count,wallclock_timing,,402,190960,0.0118743,True,False,1784,2,2,2
shrinking_b_decay_channels_4_r05,branch_count,constant_60,60.0,402,190960,0.0084521,True,False,1320,245,1,2
shrinking_b_decay_channels_4_r05,branch_count,constant_125,125.0,402,190960,0.0069697,True,False,759,521,1,2
shrinking_b_decay_channels_4_r05,branch_count,constant_250,250.0,402,190960,0.0057118,True,False,1,873,1,2
shrinking_b_decay_channels_4_r05,branch_count,constant_500,500.0,402,190960,0.0072645,True,False,1,873,1,2
shrinking_b_decay_channels_4_r05,branch_count,cost_model,427.11375923733834,402,190960,0.0063147,True,False,1,873,1,2
shrinking_b_decay_channels_4_r05,branch_count,cost_model_x0.5,213.55687961866917,402,190960,0.0080971,True,False,1,873,1,2
shrinking_b_decay_channels_4_r05,branch_count,cost_model_x0.25,106.77843980933459,402,190960,0.0076383,True,False,915,440,1,2
shrinking_b_decay_channels_4_r1,branch_count,wallclock_timing,,402,763841,0.0259471,True,False,3593,2,2,2
shrinking_b_decay_channels_4_r1,branch_count,constant_60,60.0,402,763841,0.0233921,True,False,3127,239,1,2
shrinking_b_decay_channels_4_r1,branch_count,constant_125,125.0,402,763841,0.0216072,True,False,2557,513,1,2
shrinking_b_decay_channels_4_r1,branch_count,constant_250,250.0,402,763841,0.0212335,True,False,1488,1030,1,2
shrinking_b_decay_channels_4_r1,branch_count,constant_500,500.0,402,763841,0.026704,True,False,1,1745,1,2
shrinking_b_decay_channels_4_r1,branch_count,cost_model,446.6452507773898,402,763841,0.0266099,True,False,1,1745,1,2
shrinking_b_decay_channels_4_r1,branch_count,cost_model_x0.5,223.3226253886949,402,763841,0.0201767,True,False,1719,916,1,2
shrinking_b_decay_channels_4_r1,branch_count,cost_model_x0.25,111.66131269434744,402,763841,0.0228332,True,False,2675,456,1,2
shrinking_b_decay_channels_4_r2,branch_count,wallclock_timing,,402,3055364,0.0559686,True,False,7189,2,2,2
shrinking_b_decay_channels_4_r2,branch_count,constant_60,60.0,402,3055364,0.0536968,True,False,6761,228,1,2
shrinking_b_decay_channels_4_r2,branch_count,constant_125,125.0,402,3055364,0.0499185,True,False,6199,503,1,2
shrinking_b_decay_channels_4_r2,branch_count,constant_250,250.0,402,3055364,0.0489021,True,False,5106,1022,1,2
shrinking_b_decay_channels_4_r2,branch_count,constant_500,500.0,402,3055364,0.0507955,True,False,2962,2053,1,2
shrinking_b_decay_channels_4_r2,branch_count,cost_model,478.95873999982166,402,3055364,0.0532416,True,False,3141,1966,1,2
shrinking_b_decay_channels_4_r2,branch_count,cost_model_x0.5,239.47936999991083,402,3055364,0.0437238,True,False,5197,971,1,2
shrinking_b_decay_channels_4_r2,branch_count,cost_model_x0.25,119.73968499995541,402,3055364,0.0437799,True,False,6250,479,1,2
shrinking_b_decay_channels_8_r05,branch_count,wallclock_timing,,402,90594,0.0077263,True,False,1205,2,2,2
shrinking_b_decay_channels_8_r05,branch_count,constant_60,60.0,402,90594,0.0072726,True,False,750,252,1,2
shrinking_b_decay_channels_8_r05,branch_count,constant_125,125.0,402,90594,0.0043775,True,False,183,519,1,2
shrinking_b_decay_channels_8_r05,branch_count,constant_250,250.0,402,90594,0.0043176,True,False,1,606,1,2
shrinking_b_decay_channels_8_r05,branch_count,constant_500,500.0,402,90594,0.0044152,True,False,1,606,1,2
shrinking_b_decay_channels_8_r05,branch_count,cost_model,349.54916218998983,402,90594,0.004229,True,False,1,606,1,2
shrinking_b_decay_channels_8_r05,branch_count,cost_model_x0.5,174.77458109499491,402,90594,0.0042156,True,False,1,606,1,2
shrinking_b_decay_channels_8_r05,branch_count,cost_model_x0.25,87.38729054749746,402,90594,0.0049236,True,False,502,364,1,2
shrinking_b_decay_channels_8_r1,branch_count,wallclock_timing,,402,362378,0.0165454,True,False,2461,2,2,2
shrinking_b_decay_channels_8_r1,branch_count,constant_60,60.0,402,362378,0.0144097,True,False,1950,243,1,2
shrinking_b_decay_channels_8_r1,branch_count,constant_125,125.0,402,362378,0.0131441,True,False,1420,517,1,2
shrinking_b_decay_channels_8_r1,branch_count,constant_250,250.0,402,362378,0.0145785,True,False,352,1035,1,2
shrinking_b_decay_channels_8_r1,branch_count,constant_500,500.0,402,362378,0.0172854,True,False,1,1201,1,2
shrinking_b_decay_channels_8_r1,branch_count,cost_model,360.7170256521287,402,362378,0.0159834,True,False,1,1201,1,2
shrinking_b_decay_channels_8_r1,branch_count,cost_model_x0.5,180.35851282606436,402,362378,0.0128303,True,False,928,746,1,2
shrinking_b_decay_channels_8_r1,branch_count,cost_model_x0.25,90.17925641303218,402,362378,0.0133323,True,False,1701,371,1,2
shrinking_b_decay_channels_8_r2,branch_count,wallclock_timing,,402,1449512,0.0351063,True,False,5008,2,2,2
shrinking_b_decay_channels_8_r2,branch_count,constant_60,60.0,402,1449512,0.0346076,True,False,4478,235,1,2
shrinking_b_decay_channels_8_r2,branch_count,constant_125,125.0,402,1449512,0.0332416,True,False,3934,505,1,2
shrinking_b_decay_channels_8_r2,branch_count,constant_250,250.0,402,1449512,0.0335113,True,False,2875,1029,1,2
shrinking_b_decay_channels_8_r2,branch_count,constant_500,500.0,402,1449512,0.051898,True,False,712,2063,1,2
shrinking_b_decay_channels_8_r2,branch_count,cost_model,378.2062802764907,402,1449512,0.0404848,True,False,1789,1556,1,2
shrinking_b_decay_channels_8_r2,branch_count,cost_model_x0.5,189.10314013824535,402,1449512,0.0327059,True,False,3393,774,1,2
shrinking_b_decay_channels_8_r2,branch_count,cost_model_x0.25,94.55157006912268,402,1449512,0.0320505,True,False,4189,380,1,2
dense_support_q4_r05,dense_support,wallclock_timing,,402,27747879,0.1404033,True,False,13889,373,9,2
dense_support_q4_r05,dense_support,constant_60,60.0,402,27747879,0.1907564,True,False,28471,134,1,2
dense_support_q4_r05,dense_support,constant_125,125.0,402,27747879,0.1372123,True,False,13061,388,1,2
dense_support_q4_r05,dense_support,constant_250,250.0,402,27747879,0.138248,True,False,2847,731,1,2
dense_support_q4_r05,dense_support,constant_500,500.0,402,27747879,0.1487644,True,False,1,880,1,2
dense_support_q4_r05,dense_support,cost_model,733.9299421413416,402,27747879,0.1508588,True,False,1,880,1,2
dense_support_q4_r05,dense_support,cost_model_x0.5,366.9649710706708,402,27747879,0.127173,True,False,1,880,1,2
dense_support_q4_r05,dense_support,cost_model_x0.25,183.4824855353354,402,27747879,0.1274532,True,False,6973,563,1,2
dense_support_q4_r1,dense_support,wallclock_timing,,402,110991516,0.4261639,True,False,23988,829,9,2
dense_support_q4_r1,dense_support,constant_60,60.0,402,110991516,0.6345756,True,False,87376,0,0,2
dense_support_q4_r1,dense_support,constant_125,125.0,402,110991516,0.481384,True,False,54965,291,1,2
dense_support_q4_r1,dense_support,constant_250,250.0,402,110991516,0.4152791,True,False,26021,775,1,2
dense_support_q4_r1,dense_support,constant_500,500.0,402,110991516,0.4825435,True,False,5629,1460,1,2
dense_support_q4_r1,dense_support,cost_model,784.9494027582399,402,110991516,0.5797129,True,False,1,1757,1,2
dense_support_q4_r1,dense_support,cost_model_x0.5,392.47470137911995,402,110991516,0.4368785,True,False,11981,1194,1,2
dense_support_q4_r1,dense_support,cost_model_x0.25,196.23735068955997,402,110991516,0.4526078,True,False,34992,587,1,2
dense_support_q6_r05,dense_support,wallclock_timing,,402,16382894,0.1164904,True,False,2456,549,3,2
dense_support_q6_r05,dense_support,constant_60,60.0,402,16382894,0.1584578,True,False,17163,165,1,2
dense_support_q6_r05,dense_support,constant_125,125.0,402,16382894,0.1276891,True,False,6744,388,1,2
dense_support_q6_r05,dense_support,constant_250,250.0,402,16382894,0.1231717,True,False,1,676,1,2
dense_support_q6_r05,dense_support,constant_500,500.0,402,16382894,0.1260364,True,False,1,676,1,2
dense_support_q6_r05,dense_support,cost_model,501.4841754008458,402,16382894,0.1255714,True,False,1,676,1,2
dense_support_q6_r05,dense_support,cost_model_x0.5,250.7420877004229,402,16382894,0.1232438,True,False,1,676,1,2
dense_support_q6_r05,dense_support,cost_model_x0.25,125.37104385021145,402,16382894,0.1235828,True,False,6711,389,1,2
dense_support_q6_r1,dense_support,wallclock_timing,,402,65531576,0.4643948,True,False,20388,591,7,2
dense_support_q6_r1,dense_support,constant_60,60.0,402,65531576,0.5096987,True,False,62281,35,1,2
dense_support_q6_r1,dense_support,constant_125,125.0,402,65531576,0.392251,True,False,32830,350,1,2
dense_support_q6_r1,dense_support,constant_250,250.0,402,65531576,0.4411791,True,False,13437,775,1,2
dense_support_q6_r1,dense_support,constant_500,500.0,402,65531576,0.4950105,True,False,1,1350,1,2
dense_support_q6_r1,dense_support,cost_model,525.8795973198837,402,65531576,0.4819419,True,False,1,1350,1,2
dense_support_q6_r1,dense_support,cost_model_x0.5,262.93979865994186,402,65531576,0.3932136,True,False,12242,812,1,2
dense_support_q6_r1,dense_support,cost_model_x0.25,131.46989932997093,402,65531576,0.3930685,True,False,31186,376,1,2
dense_support_q8_r05,dense_support,wallclock_timing,,402,7615247,0.1063686,True,False,1663,375,7,2
dense_support_q8_r05,dense_support,constant_60,60.0,402,7615247,0.1264809,True,False,7694,185,1,2
dense_support_q8_r05,dense_support,constant_125,125.0,402,7615247,0.1114087,True,False,1778,369,1,2
dense_support_q8_r05,dense_support,constant_250,250.0,402,7615247,0.1087757,True,False,1,461,1,2
dense_support_q8_r05,dense_support,constant_500,500.0,402,7615247,0.0969357,True,False,1,461,1,2
dense_support_q8_r05,dense_support,cost_model,362.75548127430085,402,7615247,0.0965676,True,False,1,461,1,2
dense_support_q8_r05,dense_support,cost_model_x0.5,181.37774063715042,402,7615247,0.102441,True,False,1,461,1,2
dense_support_q8_r05,dense_support,cost_model_x0.25,90.68887031857521,402,7615247,0.1023599,True,False,4163,281,1,2
dense_support_q8_r1,dense_support,wallclock_timing,,402,30460991,0.3084901,True,False,16690,344,7,2
dense_support_q8_r1,dense_support,constant_60,60.0,402,30460991,0.3712852,True,False,31052,127,1,2
dense_support_q8_r1,dense_support,constant_125,125.0,402,30460991,0.3556583,True,False,14565,387,1,2
dense_support_q8_r1,dense_support,constant_250,250.0,402,30460991,0.3472896,True,False,3604,737,1,2
dense_support_q8_r1,dense_support,constant_500,500.0,402,30460991,0.4066942,True,False,1,921,1,2
dense_support_q8_r1,dense_support,cost_model,374.37645032354044,402,30460991,0.4487876,True,False,1,921,1,2
dense_support_q8_r1,dense_support,cost_model_x0.5,187.18822516177022,402,30460991,0.3188882,True,False,7708,577,1,2
dense_support_q8_r1,dense_support,cost_model_x0.25,93.59411258088511,402,30460991,0.3116577,True,False,20377,273,1,2
dense_support_q8_r2,dense_support,wallclock_timing,,402,121843964,0.9429865,True,False,40740,548,13,2
dense_support_q8_r2,dense_support,constant_60,60.0,402,121843964,0.9630111,True,False,91572,0,0,2
dense_support_q8_r2,dense_support,constant_125,125.0,402,121843964,0.9156067,True,False,59975,277,1,2
dense_support_q8_r2,dense_support,constant_250,250.0,402,121843964,1.0158345,True,False,28986,772,1,2
dense_support_q8_r2,dense_support,constant_500,500.0,402,121843964,1.40783,True,False,7123,1473,1,2
dense_support_q8_r2,dense_support,cost_model,392.9554258679335,402,121843964,1.2532279,True,False,13910,1202,1,2
dense_support_q8_r2,dense_support,cost_model_x0.5,196.47771293396676,402,121843964,0.9344252,True,False,38567,580,1,2
dense_support_q8_r2,dense_support,cost_model_x0.25,98.23885646698338,402,121843964,0.9328681,True,False,73366,141,1,2
dense_support_q12_r05,dense_support,wallclock_timing,,402,4302608,0.1298555,True,False,4377,176,3,2
dense_support_q12_r05,dense_support,constant_60,60.0,402,4302608,0.1291058,True,False,3901,188,1,2
dense_support_q12_r05,dense_support,constant_125,125.0,402,4302608,0.137501,True,False,3,347,1,2
dense_support_q12_r05,dense_support,constant_250,250.0,402,4302608,0.1409059,True,False,1,347,1,2
dense_support_q12_r05,dense_support,constant_500,500.0,402,4302608,0.1399103,True,False,1,347,1,2
dense_support_q12_r05,dense_support,cost_model,237.1021813958432,402,4302608,0.1463997,True,False,1,347,1,2
dense_support_q12_r05,dense_support,cost_model_x0.5,118.5510906979216,402,4302608,0.1205524,True,False,245,334,1,2
dense_support_q12_r05,dense_support,cost_model_x0.25,59.2755453489608,402,4302608,0.1176985,True,False,3981,185,1,2
dense_support_q12_r1,dense_support,wallclock_timing,,402,17210432,0.3616435,True,False,13563,239,5,2
dense_support_q12_r1,dense_support,constant_60,60.0,402,17210432,0.3999851,True,False,18055,163,1,2
dense_support_q12_r1,dense_support,constant_125,125.0,402,17210432,0.3570267,True,False,7226,389,1,2
dense_support_q12_r1,dense_support,constant_250,250.0,402,17210432,0.4773247,True,False,6,693,1,2
dense_support_q12_r1,dense_support,constant_500,500.0,402,17210432,0.4851565,True,False,1,693,1,2
dense_support_q12_r1,dense_support,cost_model,241.64168573212487,402,17210432,0.4784431,True,False,315,675,1,2
dense_support_q12_r1,dense_support,cost_model_x0.5,120.82084286606243,402,17210432,0.3559507,True,False,7634,376,1,2
dense_support_q12_r1,dense_support,cost_model_x0.25,60.41042143303122,402,17210432,0.3601626,True,False,17934,165,1,2
dense_support_q12_r2,dense_support,wallclock_timing,,402,68841729,1.00498,True,False,41124,261,13,2
dense_support_q12_r2,dense_support,constant_60,60.0,402,68841729,1.0832461,True,False,65061,27,1,2
dense_support_q12_r2,dense_support,constant_125,125.0,402,68841729,1.060348,True,False,34492,346,1,2
dense_support_q12_r2,dense_support,constant_250,250.0,402,68841729,1.4706668,True,False,14365,776,1,2
dense_support_q12_r2,dense_support,constant_500,500.0,402,68841729,2.0468077,True,False,12,1384,1,2
dense_support_q12_r2,dense_support,cost_model,248.58105693558042,402,68841729,1.364598,True,False,14512,772,1,2
dense_support_q12_r2,dense_support,cost_model_x0.5,124.29052846779021,402,68841729,1.0524837,True,False,34696,343,1,2
dense_support_q12_r2,dense_support,cost_model_x0.25,62.145264233895105,402,68841729,1.0704138,True,False,63332,40,1,2
collision_o2_g0_n1000000_r05,collision,wallclock_timing,,402,22361383,0.1010545,True,False,605,755,3,2
collision_o2_g0_n1000000_r05,collision,constant_60,60.0,402,22361383,0.1583953,True,False,23250,149,1,2
collision_o2_g0_n1000000_r05,collision,constant_125,125.0,402,22361383,0.1125523,True,False,10099,390,1,2
collision_o2_g0_n1000000_r05,collision,constant_250,250.0,402,22361383,0.1029767,True,False,1342,715,1,2
collision_o2_g0_n1000000_r05,collision,constant_500,500.0,402,22361383,0.1097204,True,False,1,790,1,2
collision_o2_g0_n1000000_r05,collision,cost_model,728.0031665684888,402,22361383,0.118625,True,False,1,790,1,2
collision_o2_g0_n1000000_r05,collision,cost_model_x0.5,364.0015832842444,402,22361383,0.1189599,True,False,1,790,1,2
collision_o2_g0_n1000000_r05,collision,cost_model_x0.25,182.0007916421222,402,22361383,0.1204773,True,False,5013,552,1,2
collision_o2_g0_n1000000_r1,collision,wallclock_timing,,402,89445535,0.3678063,True,False,27315,695,13,2
collision_o2_g0_n1000000_r1,collision,constant_60,60.0,402,89445535,0.5632183,True,False,78389,0,0,2
collision_o2_g0_n1000000_r1,collision,constant_125,125.0,402,89445535,0.4370727,True,False,44710,320,1,2
collision_o2_g0_n1000000_r1,collision,constant_250,250.0,402,89445535,0.3890435,True,False,20136,779,1,2
collision_o2_g0_n1000000_r1,collision,constant_500,500.0,402,89445535,0.3968313,True,False,2715,1428,1,2
collision_o2_g0_n1000000_r1,collision,cost_model,775.1598234648103,402,89445535,0.4513245,True,False,1,1578,1,2
collision_o2_g0_n1000000_r1,collision,cost_model_x0.5,387.57991173240515,402,89445535,0.4158054,True,False,8439,1162,1,2
collision_o2_g0_n1000000_r1,collision,cost_model_x0.25,193.78995586620258,402,89445535,0.3473002,True,False,28137,591,1,2
collision_o2_g1_n1000000_r05,collision,wallclock_timing,,402,78119729,0.4250227,True,False,19683,768,11,2
collision_o2_g1_n1000000_r05,collision,constant_60,60.0,402,78119729,0.7629729,True,False,68234,219,1,2
collision_o2_g1_n1000000_r05,collision,constant_125,125.0,402,78119729,0.5248112,True,False,31906,549,1,2
collision_o2_g1_n1000000_r05,collision,constant_250,250.0,402,78119729,0.3840762,True,False,10829,961,1,2
collision_o2_g1_n1000000_r05,collision,constant_500,500.0,402,78119729,0.3724583,True,False,1,1369,1,2
collision_o2_g1_n1000000_r05,collision,cost_model,1062.8147114595884,402,78119729,0.413323,True,False,1,1369,1,2
collision_o2_g1_n1000000_r05,collision,cost_model_x0.5,531.4073557297942,402,78119729,0.4180703,True,False,1,1369,1,2
collision_o2_g1_n1000000_r05,collision,cost_model_x0.25,265.7036778648971,402,78119729,0.4032577,True,False,9457,1002,1,2
collision_o2_g2_n1000000_r05,collision,wallclock_timing,,402,115123229,0.543945,True,False,889,1526,3,2
collision_o2_g2_n1000000_r05,collision,constant_60,60.0,402,115123229,1.3225661,True,False,93687,340,1,2
collision_o2_g2_n1000000_r05,collision,constant_125,125.0,402,115123229,0.7689594,True,False,41950,702,1,2
collision_o2_g2_n1000000_r05,collision,constant_250,250.0,402,115123229,0.6021913,True,False,14083,1127,1,2
collision_o2_g2_n1000000_r05,collision,constant_500,500.0,402,115123229,0.5631649,True,False,1,1563,1,2
collision_o2_g2_n1000000_r05,collision,cost_model,1163.8590874864715,402,115123229,0.5840461,True,False,1,1563,1,2
collision_o2_g2_n1000000_r05,collision,cost_model_x0.5,581.9295437432357,402,115123229,0.5801171,True,False,1,1563,1,2
collision_o2_g2_n1000000_r05,collision,cost_model_x0.25,290.96477187161787,402,115123229,0.5859602,True,False,9825,1231,1,2
dimerization_r05,dimerization,wallclock_timing,,403,7486081,0.1391066,True,False,7149,1337,7,2
dimerization_r05,dimerization,constant_60,60.0,403,7486081,0.1488364,True,False,15625,0,0,2
dimerization_r05,dimerization,constant_125,125.0,403,7486081,0.1453485,True,False,15625,0,0,2
dimerization_r05,dimerization,constant_250,250.0,403,7486081,0.1468859,True,False,15625,0,0,2
dimerization_r05,dimerization,constant_500,500.0,403,7486081,0.1309998,True,False,1,2368,1,2
dimerization_r05,dimerization,cost_model,876.9217514218748,403,7486081,0.1464779,True,False,1,2368,1,2
dimerization_r05,dimerization,cost_model_x0.5,438.4608757109374,403,7486081,0.149386,True,False,1,2368,1,2
dimerization_r05,dimerization,cost_model_x0.25,219.2304378554687,403,7486081,0.164575,True,False,15625,0,0,2
dimerization_r1,dimerization,wallclock_timing,,403,29944326,0.3503964,True,False,22982,1281,8,2
dimerization_r1,dimerization,constant_60,60.0,403,29944326,0.2985569,True,False,31043,0,0,2
dimerization_r1,dimerization,constant_125,125.0,403,29944326,0.326162,True,False,31043,0,0,2
dimerization_r1,dimerization,constant_250,250.0,403,29944326,0.3058145,True,False,31043,0,0,2
dimerization_r1,dimerization,constant_500,500.0,403,29944326,0.295274,True,False,31043,0,0,2
dimerization_r1,dimerization,cost_model,931.4985322705442,403,29944326,0.5415489,True,False,1,4736,1,2
dimerization_r1,dimerization,cost_model_x0.5,465.7492661352721,403,29944326,0.3300602,True,False,31043,0,0,2
dimerization_r1,dimerization,cost_model_x0.25,232.87463306763604,403,29944326,0.3056474,True,False,31043,0,0,2
lotka_volterra_r05,lotka_volterra,wallclock_timing,,403,179940,0.2994249,True,False,21645,8830,13,2
lotka_volterra_r05,lotka_volterra,constant_60,60.0,403,179940,0.4346834,True,False,44157,0,0,2
lotka_volterra_r05,lotka_volterra,constant_125,125.0,403,179940,0.4009603,True,False,44157,0,0,2
lotka_volterra_r05,lotka_volterra,constant_250,250.0,403,179940,0.2724946,True,False,18717,10164,7,2
lotka_volterra_r05,lotka_volterra,constant_500,500.0,403,179940,0.2185292,True,False,1,17126,1,2
lotka_volterra_r05,lotka_volterra,cost_model,727.0380042190227,403,179940,0.2503011,True,False,1,17126,1,2
lotka_volterra_r05,lotka_volterra,cost_model_x0.5,363.51900210951135,403,179940,0.2235891,True,False,1,17126,1,2
lotka_volterra_r05,lotka_volterra,cost_model_x0.25,181.75950105475567,403,179940,0.4021674,True,False,44157,0,0,2
lotka_volterra_r1,lotka_volterra,wallclock_timing,,403,719761,0.819853,True,False,35073,20512,31,2
lotka_volterra_r1,lotka_volterra,constant_60,60.0,403,719761,0.8246166,True,False,88776,0,0,2
lotka_volterra_r1,lotka_volterra,constant_125,125.0,403,719761,0.9185335,True,False,88776,0,0,2
lotka_volterra_r1,lotka_volterra,constant_250,250.0,403,719761,0.8255177,True,False,88776,0,0,2
lotka_volterra_r1,lotka_volterra,constant_500,500.0,403,719761,0.8035706,True,False,37657,20343,7,2
lotka_volterra_r1,lotka_volterra,cost_model,757.789328062881,403,719761,0.8211543,True,False,1,34229,1,2
lotka_volterra_r1,lotka_volterra,cost_model_x0.5,378.8946640314405,403,719761,0.8454227,True,False,88776,0,0,2
lotka_volterra_r1,lotka_volterra,cost_model_x0.25,189.44733201572026,403,719761,0.8513873,True,False,88776,0,0,2
lotka_volterra_r2,lotka_volterra,wallclock_timing,,403,2879044,1.7373106,True,False,175267,1074,62,2
lotka_volterra_r2,lotka_volterra,constant_60,60.0,403,2879044,1.7290073,True,False,177665,0,0,2
lotka_volterra_r2,lotka_volterra,constant_125,125.0,403,2879044,1.7181468,True,False,177665,0,0,2
lotka_volterra_r2,lotka_volterra,constant_250,250.0,403,2879044,1.774135,True,False,177665,0,0,2
lotka_volterra_r2,lotka_volterra,constant_500,500.0,403,2879044,1.7322935,True,False,177665,0,0,2
lotka_volterra_r2,lotka_volterra,cost_model,804.9996298765527,403,2879044,1.8837731,True,False,150027,12321,7,2
lotka_volterra_r2,lotka_volterra,cost_model_x0.5,402.49981493827636,403,2879044,1.7231654,True,False,177665,0,0,2
lotka_volterra_r2,lotka_volterra,cost_model_x0.25,201.24990746913818,403,2879044,1.7211987,True,False,177665,0,0,2
shrinking_r05,shrinking,wallclock_timing,,403,342703,0.0134164,True,False,2403,2,2,2
shrinking_r05,shrinking,constant_60,60.0,403,342703,0.0120626,True,False,1910,245,1,2
shrinking_r05,shrinking,constant_125,125.0,403,342703,0.0095676,True,False,1339,516,1,2
shrinking_r05,shrinking,constant_250,250.0,403,342703,0.0085615,True,False,281,1036,1,2
shrinking_r05,shrinking,constant_500,500.0,403,342703,0.0078008,True,False,1,1173,1,2
shrinking_r05,shrinking,cost_model,544.0582811864226,403,342703,0.0079354,True,False,1,1173,1,2
shrinking_r05,shrinking,cost_model_x0.5,272.0291405932113,403,342703,0.0075098,True,False,89,1125,1,2
shrinking_r05,shrinking,cost_model_x0.25,136.01457029660565,403,342703,0.0093681,True,False,1245,562,1,2
shrinking_r1,shrinking,wallclock_timing,,403,1370812,0.0290133,True,False,4738,14,4,2
shrinking_r1,shrinking,constant_60,60.0,403,1370812,0.0278722,True,False,4371,237,1,2
shrinking_r1,shrinking,constant_125,125.0,403,1370812,0.0241936,True,False,3803,508,1,2
shrinking_r1,shrinking,constant_250,250.0,403,1370812,0.0229881,True,False,2715,1028,1,2
shrinking_r1,shrinking,constant_500,500.0,403,1370812,0.0265873,True,False,582,2064,1,2
shrinking_r1,shrinking,cost_model,577.897910766499,403,1370812,0.0286379,True,False,1,2336,1,2
shrinking_r1,shrinking,cost_model_x0.5,288.9489553832495,403,1370812,0.0223442,True,False,2384,1189,1,2
shrinking_r1,shrinking,cost_model_x0.25,144.47447769162474,403,1370812,0.0240095,True,False,3629,591,1,2
shrinking_r2,shrinking,wallclock_timing,,403,5483250,0.059583,True,False,9617,4,4,2
shrinking_r2,shrinking,constant_60,60.0,403,5483250,0.0569135,True,False,9216,220,1,2
shrinking_r2,shrinking,constant_125,125.0,403,5483250,0.0574404,True,False,8666,491,1,2
shrinking_r2,shrinking,constant_250,250.0,403,5483250,0.0572733,True,False,7579,1010,1,2
shrinking_r2,shrinking,constant_500,500.0,403,5483250,0.0654987,True,False,5421,2045,1,2
shrinking_r2,shrinking,cost_model,636.0096349670639,403,5483250,0.0741223,True,False,4249,2612,1,2
shrinking_r2,shrinking,cost_model_x0.5,318.00481748353195,403,5483250,0.0643935,True,False,6988,1293,1,2
shrinking_r2,shrinking,cost_model_x0.25,159.00240874176598,403,5483250,0.0643772,True,False,8371,632,1,2
shrinking_no_b_decay_r05,shrinking,wallclock_timing,,403,1108596,0.0147406,True,False,1081,495,3,2
shrinking_no_b_decay_r05,shrinking,constant_60,60.0,403,1108596,0.0261367,True,False,3492,133,1,2
shrinking_no_b_decay_r05,shrinking,constant_125,125.0,403,1108596,0.0188145,True,False,2183,287,1,2
shrinking_no_b_decay_r05,shrinking,constant_250,250.0,403,1108596,0.0135043,True,False,596,616,1,2
shrinking_no_b_decay_r05,shrinking,constant_500,500.0,403,1108596,0.0130341,True,False,1,774,1,2
shrinking_no_b_decay_r05,shrinking,cost_model,615.9818556111519,403,1108596,0.0133439,True,False,1,774,1,2
shrinking_no_b_decay_r05,shrinking,cost_model_x0.5,307.99092780557595,403,1108596,0.0134925,True,False,1,774,1,2
shrinking_no_b_decay_r05,shrinking,cost_model_x0.25,153.99546390278798,403,1108596,0.0173789,True,False,1755,360,1,2
shrinking_no_b_decay_r1,shrinking,wallclock_timing,,403,4434387,0.0888787,True,False,14679,30,7,2
shrinking_no_b_decay_r1,shrinking,constant_60,60.0,403,4434387,0.0586924,True,False,9279,131,1,2
shrinking_no_b_decay_r1,shrinking,constant_125,125.0,403,4434387,0.0490075,True,False,6907,275,1,2
shrinking_no_b_decay_r1,shrinking,constant_250,250.0,403,4434387,0.0427057,True,False,4371,571,1,2
shrinking_no_b_decay_r1,shrinking,constant_500,500.0,403,4434387,0.040415,True,False,1163,1227,1,2
shrinking_no_b_decay_r1,shrinking,cost_model,657.5600996857365,403,4434387,0.0418352,True,False,1,1543,1,2
shrinking_no_b_decay_r1,shrinking,cost_model_x0.5,328.78004984286827,403,4434387,0.0388628,True,False,3190,768,1,2
shrinking_no_b_decay_r1,shrinking,cost_model_x0.25,164.39002492143413,403,4434387,0.045439,True,False,5962,366,1,2
shrinking_no_b_decay_r2,shrinking,wallclock_timing,,403,17737550,0.1416825,True,False,21571,155,7,2
shrinking_no_b_decay_r2,shrinking,constant_60,60.0,403,17737550,0.145837,True,False,22303,129,1,2
shrinking_no_b_decay_r2,shrinking,constant_125,125.0,403,17737550,0.1305374,True,False,17984,269,1,2
shrinking_no_b_decay_r2,shrinking,constant_250,250.0,403,17737550,0.1131973,True,False,13614,547,1,2
shrinking_no_b_decay_r2,shrinking,constant_500,500.0,403,17737550,0.1096309,True,False,8662,1138,1,2
shrinking_no_b_decay_r2,shrinking,cost_model,729.6023497822766,403,17737550,0.1193579,True,False,5437,1718,1,2
shrinking_no_b_decay_r2,shrinking,cost_model_x0.5,364.8011748911383,403,17737550,0.1085469,True,False,11041,813,1,2
shrinking_no_b_decay_r2,shrinking,cost_model_x0.25,182.40058744556916,403,17737550,0.1160184,True,False,15676,395,1,2
shrinking_split_b_decay_r05,shrinking,wallclock_timing,,403,298581,0.0082564,True,False,302,950,3,2
shrinking_split_b_decay_r05,shrinking,constant_60,60.0,403,298581,0.0118867,True,False,1753,246,1,2
shrinking_split_b_decay_r05,shrinking,constant_125,125.0,403,298581,0.0089508,True,False,1206,511,1,2
shrinking_split_b_decay_r05,shrinking,constant_250,250.0,403,298581,0.0076003,True,False,124,1035,1,2
shrinking_split_b_decay_r05,shrinking,constant_500,500.0,403,298581,0.0074327,True,False,1,1096,1,2
shrinking_split_b_decay_r05,shrinking,cost_model,496.2802133398286,403,298581,0.0073249,True,False,1,1096,1,2
shrinking_split_b_decay_r05,shrinking,cost_model_x0.5,248.1401066699143,403,298581,0.0074151,True,False,141,1026,1,2
shrinking_split_b_decay_r05,shrinking,cost_model_x0.25,124.07005333495715,403,298581,0.0091045,True,False,1213,514,1,2
shrinking_split_b_decay_r1,shrinking,wallclock_timing,,403,1194326,0.0267209,True,False,4485,2,2,2
shrinking_split_b_decay_r1,shrinking,constant_60,60.0,403,1194326,0.02492,True,False,3995,240,1,2
shrinking_split_b_decay_r1,shrinking,constant_125,125.0,403,1194326,0.0267438,True,False,3444,511,1,2
shrinking_split_b_decay_r1,shrinking,constant_250,250.0,403,1194326,0.0233507,True,False,2368,1025,1,2
shrinking_split_b_decay_r1,shrinking,constant_500,500.0,403,1194326,0.0302123,True,False,242,2063,1,2
shrinking_split_b_decay_r1,shrinking,cost_model,524.5670125279418,403,1194326,0.0317515,True,False,34,2159,1,2
shrinking_split_b_decay_r1,shrinking,cost_model_x0.5,262.2835062639709,403,1194326,0.0263141,True,False,2260,1080,1,2
shrinking_split_b_decay_r1,shrinking,cost_model_x0.25,131.14175313198544,403,1194326,0.0263208,True,False,3392,534,1,2
shrinking_split_b_decay_r2,shrinking,wallclock_timing,,403,4777304,0.0674379,True,False,9049,4,4,2
shrinking_split_b_decay_r2,shrinking,constant_60,60.0,403,4777304,0.0662104,True,False,8532,222,1,2
shrinking_split_b_decay_r2,shrinking,constant_125,125.0,403,4777304,0.0626496,True,False,7973,495,1,2
shrinking_split_b_decay_r2,shrinking,constant_250,250.0,403,4777304,0.0585265,True,False,6905,1011,1,2
shrinking_split_b_decay_r2,shrinking,constant_500,500.0,403,4777304,0.0666449,True,False,4755,2050,1,2
shrinking_split_b_decay_r2,shrinking,cost_model,572.7418683444771,403,4777304,0.0605803,True,False,4143,2354,1,2
shrinking_split_b_decay_r2,shrinking,cost_model_x0.5,286.37093417223855,403,4777304,0.0508689,True,False,6588,1164,1,2
shrinking_split_b_decay_r2,shrinking,cost_model_x0.25,143.18546708611927,403,4777304,0.0511193,True,False,7824,568,1,2
shrinking_b_decay_channels_1_r05,branch_count,wallclock_timing,,403,357951,0.0136304,True,False,2439,2,2,2
shrinking_b_decay_channels_1_r05,branch_count,constant_60,60.0,403,357951,0.0118155,True,False,1984,247,1,2
shrinking_b_decay_channels_1_r05,branch_count,constant_125,125.0,403,357951,0.0101217,True,False,1414,520,1,2
shrinking_b_decay_channels_1_r05,branch_count,constant_250,250.0,403,357951,0.0080562,True,False,347,1031,1,2
shrinking_b_decay_channels_1_r05,branch_count,constant_500,500.0,403,357951,0.00788,True,False,1,1201,1,2
shrinking_b_decay_channels_1_r05,branch_count,cost_model,544.8928140153258,403,357951,0.007857,True,False,1,1201,1,2
shrinking_b_decay_channels_1_r05,branch_count,cost_model_x0.5,272.4464070076629,403,357951,0.0078238,True,False,149,1127,1,2
shrinking_b_decay_channels_1_r05,branch_count,cost_model_x0.25,136.22320350383146,403,357951,0.0095721,True,False,1317,568,1,2
shrinking_b_decay_channels_1_r1,branch_count,wallclock_timing,,403,1431807,0.0299693,True,False,4903,2,2,2
shrinking_b_decay_channels_1_r1,branch_count,constant_60,60.0,403,1431807,0.0278725,True,False,4454,236,1,2
shrinking_b_decay_channels_1_r1,branch_count,constant_125,125.0,403,1431807,0.0255941,True,False,3904,502,1,2
shrinking_b_decay_channels_1_r1,branch_count,constant_250,250.0,403,1431807,0.0233977,True,False,2831,1025,1,2
shrinking_b_decay_channels_1_r1,branch_count,constant_500,500.0,403,1431807,0.0268832,True,False,682,2065,1,2
shrinking_b_decay_channels_1_r1,branch_count,cost_model,579.2665840985251,403,1431807,0.0293187,True,False,1,2382,1,2
shrinking_b_decay_channels_1_r1,branch_count,cost_model_x0.5,289.63329204926254,403,1431807,0.0231106,True,False,2495,1188,1,2
shrinking_b_decay_channels_1_r1,branch_count,cost_model_x0.25,144.81664602463127,403,1431807,0.0257735,True,False,3745,589,1,2
shrinking_b_decay_channels_1_r2,branch_count,wallclock_timing,,403,5727229,0.0608156,True,False,9853,4,4,2
shrinking_b_decay_channels_1_r2,branch_count,constant_60,60.0,403,5727229,0.0601998,True,False,9431,220,1,2
shrinking_b_decay_channels_1_r2,branch_count,constant_125,125.0,403,5727229,0.0618132,True,False,8869,492,1,2
shrinking_b_decay_channels_1_r2,branch_count,constant_250,250.0,403,5727229,0.0654249,True,False,7796,1012,1,2
shrinking_b_decay_channels_1_r2,branch_count,constant_500,500.0,403,5727229,0.0709011,True,False,5658,2044,1,2
shrinking_b_decay_channels_1_r2,branch_count,cost_model,638.4465574594063,403,5727229,0.0763773,True,False,4450,2624,1,2
shrinking_b_decay_channels_1_r2,branch_count,cost_model_x0.5,319.22327872970317,403,5727229,0.0625102,True,False,7207,1292,1,2
shrinking_b_decay_channels_1_r2,branch_count,cost_model_x0.25,159.61163936485158,403,5727229,0.0638965,True,False,8570,634,1,2
shrinking_b_decay_channels_2_r05,branch_count,wallclock_timing,,403,332340,0.0154582,True,False,2345,2,2,2
shrinking_b_decay_channels_2_r05,branch_count,constant_60,60.0,403,332340,0.0138526,True,False,1832,247,1,2
shrinking_b_decay_channels_2_r05,branch_count,constant_125,125.0,403,332340,0.0094893,True,False,1285,517,1,2
shrinking_b_decay_channels_2_r05,branch_count,constant_250,250.0,403,332340,0.0077712,True,False,241,1035,1,2
shrinking_b_decay_channels_2_r05,branch_count,constant_500,500.0,403,332340,0.0100964,True,False,1,1160,1,2
shrinking_b_decay_channels_2_r05,branch_count,cost_model,498.0234392861981,403,332340,0.0075923,True,False,1,1160,1,2
shrinking_b_decay_channels_2_r05,branch_count,cost_model_x0.5,249.01171964309904,403,332340,0.0078655,True,False,250,1033,1,2
shrinking_b_decay_channels_2_r05,branch_count,cost_model_x0.25,124.50585982154952,403,332340,0.0095955,True,False,1289,518,1,2
shrinking_b_decay_channels_2_r1,branch_count,wallclock_timing,,403,1329360,0.0272294,True,False,4723,2,2,2
shrinking_b_decay_channels_2_r1,branch_count,constant_60,60.0,403,1329360,0.026356,True,False,4301,235,1,2
shrinking_b_decay_channels_2_r1,branch_count,constant_125,125.0,403,1329360,0.0245093,True,False,3712,504,1,2
shrinking_b_decay_channels_2_r1,branch_count,constant_250,250.0,403,1329360,0.0237058,True,False,2663,1028,1,2
shrinking_b_decay_channels_2_r1,branch_count,constant_500,500.0,403,1329360,0.0281333,True,False,492,2067,1,2
shrinking_b_decay_channels_2_r1,branch_count,cost_model,527.4043832284837,403,1329360,0.0304341,True,False,259,2178,1,2
shrinking_b_decay_channels_2_r1,branch_count,cost_model_x0.5,263.7021916142418,403,1329360,0.0232477,True,False,2540,1082,1,2
shrinking_b_decay_channels_2_r1,branch_count,cost_model_x0.25,131.8510958071209,403,1329360,0.0246975,True,False,3655,537,1,2
shrinking_b_decay_channels_2_r2,branch_count,wallclock_timing,,403,5317440,0.0627128,True,False,9466,4,4,2
shrinking_b_decay_channels_2_r2,branch_count,constant_60,60.0,403,5317440,0.0578049,True,False,8987,222,1,2
shrinking_b_decay_channels_2_r2,branch_count,constant_125,125.0,403,5317440,0.0562456,True,False,8444,492,1,2
shrinking_b_decay_channels_2_r2,branch_count,constant_250,250.0,403,5317440,0.0546737,True,False,7366,1013,1,2
shrinking_b_decay_channels_2_r2,branch_count,constant_500,500.0,403,5317440,0.0604334,True,False,5237,2050,1,2
shrinking_b_decay_channels_2_r2,branch_count,cost_model,577.767632966904,403,5317440,0.0630494,True,False,4598,2371,1,2
shrinking_b_decay_channels_2_r2,branch_count,cost_model_x0.5,288.883816483452,403,5317440,0.0576403,True,False,7043,1172,1,2
shrinking_b_decay_channels_2_r2,branch_count,cost_model_x0.25,144.441908241726,403,5317440,0.0556541,True,False,8285,571,1,2
shrinking_b_decay_channels_4_r05,branch_count,wallclock_timing,,403,190960,0.0106949,True,False,1773,2,2,2
shrinking_b_decay_channels_4_r05,branch_count,constant_60,60.0,403,190960,0.0088454,True,False,1286,248,1,2
shrinking_b_decay_channels_4_r05,branch_count,constant_125,125.0,403,190960,0.0069796,True,False,739,517,1,2
shrinking_b_decay_channels_4_r05,branch_count,constant_250,250.0,403,190960,0.0085272,True,False,1,879,1,2
shrinking_b_decay_channels_4_r05,branch_count,constant_500,500.0,403,190960,0.0058682,True,False,1,879,1,2
shrinking_b_decay_channels_4_r05,branch_count,cost_model,427.11375923733834,403,190960,0.0066582,True,False,1,879,1,2
shrinking_b_decay_channels_4_r05,branch_count,cost_model_x0.5,213.55687961866917,403,190960,0.0057814,True,False,1,879,1,2
shrinking_b_decay_channels_4_r05,branch_count,cost_model_x0.25,106.77843980933459,403,190960,0.0074074,True,False,884,446,1,2
shrinking_b_decay_channels_4_r1,branch_count,wallclock_timing,,403,763841,0.0225419,True,False,3545,2,2,2
shrinking_b_decay_channels_4_r1,branch_count,constant_60,60.0,403,763841,0.0207344,True,False,3098,244,1,2
shrinking_b_decay_channels_4_r1,branch_count,constant_125,125.0,403,763841,0.0188798,True,False,2538,510,1,2
shrinking_b_decay_channels_4_r1,branch_count,constant_250,250.0,403,763841,0.0181788,True,False,1445,1031,1,2
shrinking_b_decay_channels_4_r1,branch_count,constant_500,500.0,403,763841,0.0223164,True,False,1,1747,1,2
shrinking_b_decay_channels_4_r1,branch_count,cost_model,446.6452507773898,403,763841,0.0226599,True,False,1,1747,1,2
shrinking_b_decay_channels_4_r1,branch_count,cost_model_x0.5,223.3226253886949,403,763841,0.0215028,True,False,1677,922,1,2
shrinking_b_decay_channels_4_r1,branch_count,cost_model_x0.25,111.66131269434744,403,763841,0.0216022,True,False,2651,457,1,2
shrinking_b_decay_channels_4_r2,branch_count,wallclock_timing,,403,3055364,0.0551971,True,False,7079,2,2,2
shrinking_b_decay_channels_4_r2,branch_count,constant_60,60.0,403,3055364,0.0520745,True,False,6692,228,1,2
shrinking_b_decay_channels_4_r2,branch_count,constant_125,125.0,403,3055364,0.0507658,True,False,6113,498,1,2
shrinking_b_decay_channels_4_r2,branch_count,constant_250,250.0,403,3055364,0.0523748,True,False,5051,1017,1,2
shrinking_b_decay_channels_4_r2,branch_count,constant_500,500.0,403,3055364,0.0622213,True,False,2942,2056,1,2
shrinking_b_decay_channels_4_r2,branch_count,cost_model,478.95873999982166,403,3055364,0.0591182,True,False,3123,1967,1,2
shrinking_b_decay_channels_4_r2,branch_count,cost_model_x0.5,239.47936999991083,403,3055364,0.0517919,True,False,5141,974,1,2
shrinking_b_decay_channels_4_r2,branch_count,cost_model_x0.25,119.73968499995541,403,3055364,0.0469055,True,False,6162,478,1,2
shrinking_b_decay_channels_8_r05,branch_count,wallclock_timing,,403,90594,0.0075111,True,False,1209,2,2,2
shrinking_b_decay_channels_8_r05,branch_count,constant_60,60.0,403,90594,0.0051699,True,False,729,247,1,2
shrinking_b_decay_channels_8_r05,branch_count,constant_125,125.0,403,90594,0.0041085,True,False,175,522,1,2
shrinking_b_decay_channels_8_r05,branch_count,constant_250,250.0,403,90594,0.0041402,True,False,1,606,1,2
shrinking_b_decay_channels_8_r05,branch_count,constant_500,500.0,403,90594,0.0039998,True,False,1,606,1,2
shrinking_b_decay_channels_8_r05,branch_count,cost_model,349.54916218998983,403,90594,0.0041136,True,False,1,606,1,2
shrinking_b_decay_channels_8_r05,branch_count,cost_model_x0.5,174.77458109499491,403,90594,0.0044531,True,False,1,606,1,2
shrinking_b_decay_channels_8_r05,branch_count,cost_model_x0.25,87.38729054749746,403,90594,0.0046903,True,False,493,368,1,2
shrinking_b_decay_channels_8_r1,branch_count,wallclock_timing,,403,362378,0.0164019,True,False,2491,2,2,2
shrinking_b_decay_channels_8_r1,branch_count,constant_60,60.0,403,362378,0.0146363,True,False,1986,246,1,2
shrinking_b_decay_channels_8_r1,branch_count,constant_125,125.0,403,362378,0.0131482,True,False,1414,514,1,2
shrinking_b_decay_channels_8_r1,branch_count,constant_250,250.0,403,362378,0.0146213,True,False,337,1039,1,2
shrinking_b_decay_channels_8_r1,branch_count,constant_500,500.0,403,362378,0.0157479,True,False,1,1203,1,2
shrinking_b_decay_channels_8_r1,branch_count,cost_model,360.7170256521287,403,362378,0.0158967,True,False,1,1203,1,2
shrinking_b_decay_channels_8_r1,branch_count,cost_model_x0.5,180.35851282606436,403,362378,0.0129365,True,False,941,747,1,2
shrinking_b_decay_channels_8_r1,branch_count,cost_model_x0.25,90.17925641303218,403,362378,0.013407,True,False,1717,373,1,2
shrinking_b_decay_channels_8_r2,branch_count,wallclock_timing,,403,1449512,0.0351872,True,False,5003,2,2,2
shrinking_b_decay_channels_8_r2,branch_count,constant_60,60.0,403,1449512,0.0361144,True,False,4452,237,1,2
shrinking_b_decay_channels_8_r2,branch_count,constant_125,125.0,403,1449512,0.0319785,True,False,3903,511,1,2
shrinking_b_decay_channels_8_r2,branch_count,constant_250,250.0,403,1449512,0.0336385,True,False,2817,1025,1,2
shrinking_b_decay_channels_8_r2,branch_count,constant_500,500.0,403,1449512,0.0535236,True,False,716,2059,1,2
shrinking_b_decay_channels_8_r2,branch_count,cost_model,378.2062802764907,403,1449512,0.0402483,True,False,1726,1558,1,2
shrinking_b_decay_channels_8_r2,branch_count,cost_model_x0.5,189.10314013824535,403,1449512,0.0323912,True,False,3352,775,1,2
shrinking_b_decay_channels_8_r2,branch_count,cost_model_x0.25,94.55157006912268,403,1449512,0.0318885,True,False,4168,383,1,2
dense_support_q4_r05,dense_support,wallclock_timing,,403,27747879,0.1320231,True,False,7771,530,5,2
dense_support_q4_r05,dense_support,constant_60,60.0,403,27747879,0.2215396,True,False,28269,134,1,2
dense_support_q4_r05,dense_support,constant_125,125.0,403,27747879,0.1581073,True,False,12861,388,1,2
dense_support_q4_r05,dense_support,constant_250,250.0,403,27747879,0.1268289,True,False,2741,731,1,2
dense_support_q4_r05,dense_support,constant_500,500.0,403,27747879,0.1293418,True,False,1,880,1,2
dense_support_q4_r05,dense_support,cost_model,733.9299421413416,403,27747879,0.1321054,True,False,1,880,1,2
dense_support_q4_r05,dense_support,cost_model_x0.5,366.9649710706708,403,27747879,0.1312814,True,False,1,880,1,2
dense_support_q4_r05,dense_support,cost_model_x0.25,183.4824855353354,403,27747879,0.1264128,True,False,6796,563,1,2
dense_support_q4_r1,dense_support,wallclock_timing,,403,110991516,0.4411653,True,False,19339,976,9,2
dense_support_q4_r1,dense_support,constant_60,60.0,403,110991516,0.6297537,True,False,87172,0,0,2
dense_support_q4_r1,dense_support,constant_125,125.0,403,110991516,0.4654054,True,False,54472,291,1,2
dense_support_q4_r1,dense_support,constant_250,250.0,403,110991516,0.459038,True,False,25827,775,1,2
dense_support_q4_r1,dense_support,constant_500,500.0,403,110991516,0.4672177,True,False,5451,1460,1,2
dense_support_q4_r1,dense_support,cost_model,784.9494027582399,403,110991516,0.5738497,True,False,1,1757,1,2
dense_support_q4_r1,dense_support,cost_model_x0.5,392.47470137911995,403,110991516,0.4318261,True,False,11769,1194,1,2
dense_support_q4_r1,dense_support,cost_model_x0.25,196.23735068955997,403,110991516,0.4148422,True,False,34732,587,1,2
dense_support_q6_r05,dense_support,wallclock_timing,,403,16382894,0.1409762,True,False,12849,237,7,2
dense_support_q6_r05,dense_support,constant_60,60.0,403,16382894,0.1630452,True,False,16929,165,1,2
dense_support_q6_r05,dense_support,constant_125,125.0,403,16382894,0.1287334,True,False,6562,388,1,2
dense_support_q6_r05,dense_support,constant_250,250.0,403,16382894,0.1417304,True,False,1,677,1,2
dense_support_q6_r05,dense_support,constant_500,500.0,403,16382894,0.1406508,True,False,1,677,1,2
dense_support_q6_r05,dense_support,cost_model,501.4841754008458,403,16382894,0.1370594,True,False,1,677,1,2
dense_support_q6_r05,dense_support,cost_model_x0.5,250.7420877004229,403,16382894,0.1204353,True,False,1,677,1,2
dense_support_q6_r05,dense_support,cost_model_x0.25,125.37104385021145,403,16382894,0.1184509,True,False,6521,389,1,2
dense_support_q6_r1,dense_support,wallclock_timing,,403,65531576,0.4004054,True,False,15244,719,9,2
dense_support_q6_r1,dense_support,constant_60,60.0,403,65531576,0.5554733,True,False,61915,36,1,2
dense_support_q6_r1,dense_support,constant_125,125.0,403,65531576,0.3879355,True,False,32605,350,1,2
dense_support_q6_r1,dense_support,constant_250,250.0,403,65531576,0.3884998,True,False,13205,775,1,2
dense_support_q6_r1,dense_support,constant_500,500.0,403,65531576,0.5303498,True,False,1,1351,1,2
dense_support_q6_r1,dense_support,cost_model,525.8795973198837,403,65531576,0.5147226,True,False,1,1351,1,2
dense_support_q6_r1,dense_support,cost_model_x0.5,262.93979865994186,403,65531576,0.3926104,True,False,12043,812,1,2
dense_support_q6_r1,dense_support,cost_model_x0.25,131.46989932997093,403,65531576,0.383184,True,False,30925,377,1,2
dense_support_q8_r05,dense_support,wallclock_timing,,403,7615247,0.1068601,True,False,1992,358,3,2
dense_support_q8_r05,dense_support,constant_60,60.0,403,7615247,0.1244791,True,False,7506,185,1,2
dense_support_q8_r05,dense_support,constant_125,125.0,403,7615247,0.1069729,True,False,1751,369,1,2
dense_support_q8_r05,dense_support,constant_250,250.0,403,7615247,0.1120059,True,False,1,462,1,2
dense_support_q8_r05,dense_support,constant_500,500.0,403,7615247,0.0959899,True,False,1,462,1,2
dense_support_q8_r05,dense_support,cost_model,362.75548127430085,403,7615247,0.0997118,True,False,1,462,1,2
dense_support_q8_r05,dense_support,cost_model_x0.5,181.37774063715042,403,7615247,0.0978443,True,False,1,462,1,2
dense_support_q8_r05,dense_support,cost_model_x0.25,90.68887031857521,403,7615247,0.09645,True,False,4013,281,1,2
dense_support_q8_r1,dense_support,wallclock_timing,,403,30460991,0.3323461,True,False,8468,546,5,2
dense_support_q8_r1,dense_support,constant_60,60.0,403,30460991,0.386493,True,False,30830,127,1,2
dense_support_q8_r1,dense_support,constant_125,125.0,403,30460991,0.3030303,True,False,14319,387,1,2
dense_support_q8_r1,dense_support,constant_250,250.0,403,30460991,0.3567125,True,False,3483,738,1,2
dense_support_q8_r1,dense_support,constant_500,500.0,403,30460991,0.4468439,True,False,1,922,1,2
dense_support_q8_r1,dense_support,cost_model,374.37645032354044,403,30460991,0.3891224,True,False,1,922,1,2
dense_support_q8_r1,dense_support,cost_model_x0.5,187.18822516177022,403,30460991,0.3243252,True,False,7520,576,1,2
dense_support_q8_r1,dense_support,cost_model_x0.25,93.59411258088511,403,30460991,0.3313721,True,False,20120,273,1,2
dense_support_q8_r2,dense_support,wallclock_timing,,403,121843964,0.9049329,True,False,60781,272,19,2
dense_support_q8_r2,dense_support,constant_60,60.0,403,121843964,1.0033232,True,False,91372,0,0,2
dense_support_q8_r2,dense_support,constant_125,125.0,403,121843964,0.9106872,True,False,59567,277,1,2
dense_support_q8_r2,dense_support,constant_250,250.0,403,121843964,1.0188388,True,False,28749,772,1,2
dense_support_q8_r2,dense_support,constant_500,500.0,403,121843964,1.4098938,True,False,6935,1473,1,2
dense_support_q8_r2,dense_support,cost_model,392.9554258679335,403,121843964,1.210046,True,False,13697,1202,1,2
dense_support_q8_r2,dense_support,cost_model_x0.5,196.47771293396676,403,121843964,0.924176,True,False,38267,580,1,2
dense_support_q8_r2,dense_support,cost_model_x0.25,98.23885646698338,403,121843964,0.9410229,True,False,73171,141,1,2
dense_support_q12_r05,dense_support,wallclock_timing,,403,4302608,0.1562768,True,False,9488,75,5,2
dense_support_q12_r05,dense_support,constant_60,60.0,403,4302608,0.1114103,True,False,3779,187,1,2
dense_support_q12_r05,dense_support,constant_125,125.0,403,4302608,0.1146992,True,False,3,347,1,2
dense_support_q12_r05,dense_support,constant_250,250.0,403,4302608,0.1164879,True,False,1,348,1,2
dense_support_q12_r05,dense_support,constant_500,500.0,403,4302608,0.1144599,True,False,1,348,1,2
dense_support_q12_r05,dense_support,cost_model,237.1021813958432,403,4302608,0.1148024,True,False,1,348,1,2
dense_support_q12_r05,dense_support,cost_model_x0.5,118.5510906979216,403,4302608,0.1142838,True,False,224,334,1,2
dense_support_q12_r05,dense_support,cost_model_x0.25,59.2755453489608,403,4302608,0.1196755,True,False,3853,185,1,2
dense_support_q12_r1,dense_support,wallclock_timing,,403,17210432,0.3655559,True,False,13930,228,5,2
dense_support_q12_r1,dense_support,constant_60,60.0,403,17210432,0.4241833,True,False,17773,163,1,2
dense_support_q12_r1,dense_support,constant_125,125.0,403,17210432,0.3692881,True,False,7034,389,1,2
dense_support_q12_r1,dense_support,constant_250,250.0,403,17210432,0.5247596,True,False,6,693,1,2
dense_support_q12_r1,dense_support,constant_500,500.0,403,17210432,0.4899771,True,False,1,693,1,2
dense_support_q12_r1,dense_support,cost_model,241.64168573212487,403,17210432,0.5058485,True,False,298,675,1,2
dense_support_q12_r1,dense_support,cost_model_x0.5,120.82084286606243,403,17210432,0.393992,True,False,7449,376,1,2
dense_support_q12_r1,dense_support,cost_model_x0.25,60.41042143303122,403,17210432,0.3719824,True,False,17651,165,1,2
dense_support_q12_r2,dense_support,wallclock_timing,,403,68841729,1.0693366,True,False,47953,179,13,2
dense_support_q12_r2,dense_support,constant_60,60.0,403,68841729,1.0487291,True,False,64724,27,1,2
dense_support_q12_r2,dense_support,constant_125,125.0,403,68841729,1.0372636,True,False,34231,346,1,2
dense_support_q12_r2,dense_support,constant_250,250.0,403,68841729,1.4001115,True,False,14143,776,1,2
dense_support_q12_r2,dense_support,constant_500,500.0,403,68841729,2.1199377,True,False,12,1384,1,2
dense_support_q12_r2,dense_support,cost_model,248.58105693558042,403,68841729,1.3359551,True,False,14275,772,1,2
dense_support_q12_r2,dense_support,cost_model_x0.5,124.29052846779021,403,68841729,1.0634818,True,False,34435,343,1,2
dense_support_q12_r2,dense_support,cost_model_x0.25,62.145264233895105,403,68841729,1.0377665,True,False,62988,40,1,2
collision_o2_g0_n1000000_r05,collision,wallclock_timing,,403,22361383,0.1159866,True,False,5115,542,5,2
collision_o2_g0_n1000000_r05,collision,constant_60,60.0,403,22361383,0.1806001,True,False,23020,149,1,2
collision_o2_g0_n1000000_r05,collision,constant_125,125.0,403,22361383,0.1251065,True,False,9898,390,1,2
collision_o2_g0_n1000000_r05,collision,constant_250,250.0,403,22361383,0.1156776,True,False,1313,715,1,2
collision_o2_g0_n1000000_r05,collision,constant_500,500.0,403,22361383,0.1203835,True,False,1,790,1,2
collision_o2_g0_n1000000_r05,collision,cost_model,728.0031665684888,403,22361383,0.0996956,True,False,1,790,1,2
collision_o2_g0_n1000000_r05,collision,cost_model_x0.5,364.0015832842444,403,22361383,0.1040318,True,False,1,790,1,2
collision_o2_g0_n1000000_r05,collision,cost_model_x0.25,182.0007916421222,403,22361383,0.1025969,True,False,4868,552,1,2
collision_o2_g0_n1000000_r1,collision,wallclock_timing,,403,89445535,0.3527979,True,False,23790,685,9,2
collision_o2_g0_n1000000_r1,collision,constant_60,60.0,403,89445535,0.587413,True,False,78238,0,0,2
collision_o2_g0_n1000000_r1,collision,constant_125,125.0,403,89445535,0.3909456,True,False,44299,320,1,2
collision_o2_g0_n1000000_r1,collision,constant_250,250.0,403,89445535,0.3449848,True,False,19860,778,1,2
collision_o2_g0_n1000000_r1,collision,constant_500,500.0,403,89445535,0.4527438,True,False,2639,1427,1,2
collision_o2_g0_n1000000_r1,collision,cost_model,775.1598234648103,403,89445535,0.428414,True,False,1,1578,1,2
collision_o2_g0_n1000000_r1,collision,cost_model_x0.5,387.57991173240515,403,89445535,0.3754004,True,False,8250,1162,1,2
collision_o2_g0_n1000000_r1,collision,cost_model_x0.25,193.78995586620258,403,89445535,0.3792466,True,False,27916,591,1,2
collision_o2_g1_n1000000_r05,collision,wallclock_timing,,403,78119729,0.3966094,True,False,16127,884,13,2
collision_o2_g1_n1000000_r05,collision,constant_60,60.0,403,78119729,0.7773023,True,False,67947,219,1,2
collision_o2_g1_n1000000_r05,collision,constant_125,125.0,403,78119729,0.4787232,True,False,31697,550,1,2
collision_o2_g1_n1000000_r05,collision,constant_250,250.0,403,78119729,0.4143712,True,False,10610,961,1,2
collision_o2_g1_n1000000_r05,collision,constant_500,500.0,403,78119729,0.3783306,True,False,1,1369,1,2
collision_o2_g1_n1000000_r05,collision,cost_model,1062.8147114595884,403,78119729,0.3846484,True,False,1,1369,1,2
collision_o2_g1_n1000000_r05,collision,cost_model_x0.5,531.4073557297942,403,78119729,0.4108736,True,False,1,1369,1,2
collision_o2_g1_n1000000_r05,collision,cost_model_x0.25,265.7036778648971,403,78119729,0.3628713,True,False,9263,1002,1,2
collision_o2_g2_n1000000_r05,collision,wallclock_timing,,403,115123229,0.6256573,True,False,12687,1171,7,2
collision_o2_g2_n1000000_r05,collision,constant_60,60.0,403,115123229,1.3020768,True,False,93393,340,1,2
collision_o2_g2_n1000000_r05,collision,constant_125,125.0,403,115123229,0.7651138,True,False,41632,702,1,2
collision_o2_g2_n1000000_r05,collision,constant_250,250.0,403,115123229,0.6364008,True,False,13869,1127,1,2
collision_o2_g2_n1000000_r05,collision,constant_500,500.0,403,115123229,0.5547771,True,False,1,1563,1,2
collision_o2_g2_n1000000_r05,collision,cost_model,1163.8590874864715,403,115123229,0.5864327,True,False,1,1563,1,2
collision_o2_g2_n1000000_r05,collision,cost_model_x0.5,581.9295437432357,403,115123229,0.5439451,True,False,1,1563,1,2
collision_o2_g2_n1000000_r05,collision,cost_model_x0.25,290.96477187161787,403,115123229,0.6232419,True,False,9615,1231,1,2
dimerization_r05,dimerization,wallclock_timing,,404,7486081,0.1492338,True,False,3620,1866,3,2
dimerization_r05,dimerization,constant_60,60.0,404,7486081,0.1639036,True,False,15595,0,0,2
dimerization_r05,dimerization,constant_125,125.0,404,7486081,0.1674513,True,False,15595,0,0,2
dimerization_r05,dimerization,constant_250,250.0,404,7486081,0.1658232,True,False,15595,0,0,2
dimerization_r05,dimerization,constant_500,500.0,404,7486081,0.1243738,True,False,1,2369,1,2
dimerization_r05,dimerization,cost_model,876.9217514218748,404,7486081,0.128915,True,False,1,2369,1,2
dimerization_r05,dimerization,cost_model_x0.5,438.4608757109374,404,7486081,0.1330898,True,False,1,2369,1,2
dimerization_r05,dimerization,cost_model_x0.25,219.2304378554687,404,7486081,0.1485979,True,False,15595,0,0,2
dimerization_r1,dimerization,wallclock_timing,,404,29944326,0.3234937,True,False,31241,8,8,2
dimerization_r1,dimerization,constant_60,60.0,404,29944326,0.3257482,True,False,31280,0,0,2
dimerization_r1,dimerization,constant_125,125.0,404,29944326,0.3271336,True,False,31280,0,0,2
dimerization_r1,dimerization,constant_250,250.0,404,29944326,0.2912267,True,False,31280,0,0,2
dimerization_r1,dimerization,constant_500,500.0,404,29944326,0.2960678,True,False,31280,0,0,2
dimerization_r1,dimerization,cost_model,931.4985322705442,404,29944326,0.5840997,True,False,1,4736,1,2
dimerization_r1,dimerization,cost_model_x0.5,465.7492661352721,404,29944326,0.291584,True,False,31280,0,0,2
dimerization_r1,dimerization,cost_model_x0.25,232.87463306763604,404,29944326,0.3083488,True,False,31280,0,0,2
lotka_volterra_r05,lotka_volterra,wallclock_timing,,404,179940,0.3209122,True,False,17983,10190,19,2
lotka_volterra_r05,lotka_volterra,constant_60,60.0,404,179940,0.4487594,True,False,44490,0,0,2
lotka_volterra_r05,lotka_volterra,constant_125,125.0,404,179940,0.4404267,True,False,44490,0,0,2
lotka_volterra_r05,lotka_volterra,constant_250,250.0,404,179940,0.3121821,True,False,18911,10189,7,2
lotka_volterra_r05,lotka_volterra,constant_500,500.0,404,179940,0.2362738,True,False,1,17099,1,2
lotka_volterra_r05,lotka_volterra,cost_model,727.0380042190227,404,179940,0.2332593,True,False,1,17099,1,2
lotka_volterra_r05,lotka_volterra,cost_model_x0.5,363.51900210951135,404,179940,0.1976002,True,False,1,17099,1,2
lotka_volterra_r05,lotka_volterra,cost_model_x0.25,181.75950105475567,404,179940,0.4088765,True,False,44490,0,0,2
lotka_volterra_r1,lotka_volterra,wallclock_timing,,404,719761,0.8526284,True,False,80614,3130,36,2
lotka_volterra_r1,lotka_volterra,constant_60,60.0,404,719761,0.868868,True,False,89086,0,0,2
lotka_volterra_r1,lotka_volterra,constant_125,125.0,404,719761,0.8709558,True,False,89086,0,0,2
lotka_volterra_r1,lotka_volterra,constant_250,250.0,404,719761,0.8904294,True,False,89086,0,0,2
lotka_volterra_r1,lotka_volterra,constant_500,500.0,404,719761,0.7965128,True,False,37953,20345,7,2
lotka_volterra_r1,lotka_volterra,cost_model,757.789328062881,404,719761,0.798052,True,False,1,34211,1,2
lotka_volterra_r1,lotka_volterra,cost_model_x0.5,378.8946640314405,404,719761,0.8634294,True,False,89086,0,0,2
lotka_volterra_r1,lotka_volterra,cost_model_x0.25,189.44733201572026,404,719761,0.9156972,True,False,89086,0,0,2
lotka_volterra_r2,lotka_volterra,wallclock_timing,,404,2879044,1.7579481,True,False,176990,370,66,2
lotka_volterra_r2,lotka_volterra,constant_60,60.0,404,2879044,1.7596624,True,False,178058,0,0,2
lotka_volterra_r2,lotka_volterra,constant_125,125.0,404,2879044,1.7651954,True,False,178058,0,0,2
lotka_volterra_r2,lotka_volterra,constant_250,250.0,404,2879044,1.8271938,True,False,178058,0,0,2
lotka_volterra_r2,lotka_volterra,constant_500,500.0,404,2879044,1.877973,True,False,178058,0,0,2
lotka_volterra_r2,lotka_volterra,cost_model,804.9996298765527,404,2879044,1.9067675,True,False,150396,12271,7,2
lotka_volterra_r2,lotka_volterra,cost_model_x0.5,402.49981493827636,404,2879044,1.7837915,True,False,178058,0,0,2
lotka_volterra_r2,lotka_volterra,cost_model_x0.25,201.24990746913818,404,2879044,1.8092151,True,False,178058,0,0,2
shrinking_r05,shrinking,wallclock_timing,,404,342703,0.0149711,True,False,2347,2,2,2
shrinking_r05,shrinking,constant_60,60.0,404,342703,0.0131667,True,False,1918,246,1,2
shrinking_r05,shrinking,constant_125,125.0,404,342703,0.0123283,True,False,1358,519,1,2
shrinking_r05,shrinking,constant_250,250.0,404,342703,0.0089464,True,False,269,1037,1,2
shrinking_r05,shrinking,constant_500,500.0,404,342703,0.0087064,True,False,1,1170,1,2
shrinking_r05,shrinking,cost_model,544.0582811864226,404,342703,0.0080749,True,False,1,1170,1,2
shrinking_r05,shrinking,cost_model_x0.5,272.0291405932113,404,342703,0.0096261,True,False,93,1120,1,2
shrinking_r05,shrinking,cost_model_x0.25,136.01457029660565,404,342703,0.0104335,True,False,1255,566,1,2
shrinking_r1,shrinking,wallclock_timing,,404,1370812,0.0325278,True,False,4840,2,2,2
shrinking_r1,shrinking,constant_60,60.0,404,1370812,0.0302996,True,False,4355,233,1,2
shrinking_r1,shrinking,constant_125,125.0,404,1370812,0.0277976,True,False,3805,511,1,2
shrinking_r1,shrinking,constant_250,250.0,404,1370812,0.0259731,True,False,2716,1029,1,2
shrinking_r1,shrinking,constant_500,500.0,404,1370812,0.0298296,True,False,543,2067,1,2
shrinking_r1,shrinking,cost_model,577.897910766499,404,1370812,0.0308288,True,False,1,2334,1,2
shrinking_r1,shrinking,cost_model_x0.5,288.9489553832495,404,1370812,0.0227199,True,False,2367,1190,1,2
shrinking_r1,shrinking,cost_model_x0.25,144.47447769162474,404,1370812,0.0240062,True,False,3647,588,1,2
shrinking_r2,shrinking,wallclock_timing,,404,5483250,0.0573354,True,False,9621,4,4,2
shrinking_r2,shrinking,constant_60,60.0,404,5483250,0.0579619,True,False,9174,222,1,2
shrinking_r2,shrinking,constant_125,125.0,404,5483250,0.0559413,True,False,8618,492,1,2
shrinking_r2,shrinking,constant_250,250.0,404,5483250,0.0547455,True,False,7541,1010,1,2
shrinking_r2,shrinking,constant_500,500.0,404,5483250,0.0562699,True,False,5407,2047,1,2
shrinking_r2,shrinking,cost_model,636.0096349670639,404,5483250,0.0642213,True,False,4237,2613,1,2
shrinking_r2,shrinking,cost_model_x0.5,318.00481748353195,404,5483250,0.0522664,True,False,6945,1295,1,2
shrinking_r2,shrinking,cost_model_x0.25,159.00240874176598,404,5483250,0.05627,True,False,8316,632,1,2
shrinking_no_b_decay_r05,shrinking,wallclock_timing,,404,1108596,0.019884,True,False,2696,218,3,2
shrinking_no_b_decay_r05,shrinking,constant_60,60.0,404,1108596,0.0241,True,False,3464,134,1,2
shrinking_no_b_decay_r05,shrinking,constant_125,125.0,404,1108596,0.0193465,True,False,2151,286,1,2
shrinking_no_b_decay_r05,shrinking,constant_250,250.0,404,1108596,0.0126797,True,False,560,616,1,2
shrinking_no_b_decay_r05,shrinking,constant_500,500.0,404,1108596,0.0118144,True,False,1,774,1,2
shrinking_no_b_decay_r05,shrinking,cost_model,615.9818556111519,404,1108596,0.0127658,True,False,1,774,1,2
shrinking_no_b_decay_r05,shrinking,cost_model_x0.5,307.99092780557595,404,1108596,0.0120026,True,False,1,774,1,2
shrinking_no_b_decay_r05,shrinking,cost_model_x0.25,153.99546390278798,404,1108596,0.0163374,True,False,1716,359,1,2
shrinking_no_b_decay_r1,shrinking,wallclock_timing,,404,4434387,0.086812,True,False,9954,582,7,2
shrinking_no_b_decay_r1,shrinking,constant_60,60.0,404,4434387,0.0666006,True,False,9185,131,1,2
shrinking_no_b_decay_r1,shrinking,constant_125,125.0,404,4434387,0.0550534,True,False,6842,274,1,2
shrinking_no_b_decay_r1,shrinking,constant_250,250.0,404,4434387,0.0456685,True,False,4342,571,1,2
shrinking_no_b_decay_r1,shrinking,constant_500,500.0,404,4434387,0.0465104,True,False,1144,1228,1,2
shrinking_no_b_decay_r1,shrinking,cost_model,657.5600996857365,404,4434387,0.048785,True,False,1,1542,1,2
shrinking_no_b_decay_r1,shrinking,cost_model_x0.5,328.78004984286827,404,4434387,0.0383184,True,False,3178,768,1,2
shrinking_no_b_decay_r1,shrinking,cost_model_x0.25,164.39002492143413,404,4434387,0.0429066,True,False,5917,367,1,2
shrinking_no_b_decay_r2,shrinking,wallclock_timing,,404,17737550,0.1186134,True,False,16785,334,7,2
shrinking_no_b_decay_r2,shrinking,constant_60,60.0,404,17737550,0.1497287,True,False,22586,129,1,2
shrinking_no_b_decay_r2,shrinking,constant_125,125.0,404,17737550,0.1260367,True,False,18190,269,1,2
shrinking_no_b_decay_r2,shrinking,constant_250,250.0,404,17737550,0.1182717,True,False,13740,547,1,2
shrinking_no_b_decay_r2,shrinking,constant_500,500.0,404,17737550,0.1244842,True,False,8681,1138,1,2
shrinking_no_b_decay_r2,shrinking,cost_model,729.6023497822766,404,17737550,0.137358,True,False,5450,1719,1,2
shrinking_no_b_decay_r2,shrinking,cost_model_x0.5,364.8011748911383,404,17737550,0.1241793,True,False,11101,812,1,2
shrinking_no_b_decay_r2,shrinking,cost_model_x0.25,182.40058744556916,404,17737550,0.120067,True,False,15840,395,1,2
shrinking_split_b_decay_r05,shrinking,wallclock_timing,,404,298581,0.0128042,True,False,2257,2,2,2
shrinking_split_b_decay_r05,shrinking,constant_60,60.0,404,298581,0.0111262,True,False,1797,245,1,2
shrinking_split_b_decay_r05,shrinking,constant_125,125.0,404,298581,0.0092812,True,False,1221,514,1,2
shrinking_split_b_decay_r05,shrinking,constant_250,250.0,404,298581,0.0074827,True,False,128,1035,1,2
shrinking_split_b_decay_r05,shrinking,constant_500,500.0,404,298581,0.0074588,True,False,1,1094,1,2
shrinking_split_b_decay_r05,shrinking,cost_model,496.2802133398286,404,298581,0.00772,True,False,1,1094,1,2
shrinking_split_b_decay_r05,shrinking,cost_model_x0.5,248.1401066699143,404,298581,0.0073505,True,False,143,1031,1,2
shrinking_split_b_decay_r05,shrinking,cost_model_x0.25,124.07005333495715,404,298581,0.0091544,True,False,1231,513,1,2
shrinking_split_b_decay_r1,shrinking,wallclock_timing,,404,1194326,0.0270861,True,False,4555,2,2,2
shrinking_split_b_decay_r1,shrinking,constant_60,60.0,404,1194326,0.0272767,True,False,4023,237,1,2
shrinking_split_b_decay_r1,shrinking,constant_125,125.0,404,1194326,0.0242348,True,False,3473,511,1,2
shrinking_split_b_decay_r1,shrinking,constant_250,250.0,404,1194326,0.0223814,True,False,2410,1031,1,2
shrinking_split_b_decay_r1,shrinking,constant_500,500.0,404,1194326,0.0289416,True,False,247,2062,1,2
shrinking_split_b_decay_r1,shrinking,cost_model,524.5670125279418,404,1194326,0.0310794,True,False,36,2162,1,2
shrinking_split_b_decay_r1,shrinking,cost_model_x0.5,262.2835062639709,404,1194326,0.0217868,True,False,2304,1080,1,2
shrinking_split_b_decay_r1,shrinking,cost_model_x0.25,131.14175313198544,404,1194326,0.0230642,True,False,3419,535,1,2
shrinking_split_b_decay_r2,shrinking,wallclock_timing,,404,4777304,0.0561777,True,False,9026,4,4,2
shrinking_split_b_decay_r2,shrinking,constant_60,60.0,404,4777304,0.0577598,True,False,8531,223,1,2
shrinking_split_b_decay_r2,shrinking,constant_125,125.0,404,4777304,0.053948,True,False,7977,496,1,2
shrinking_split_b_decay_r2,shrinking,constant_250,250.0,404,4777304,0.0570843,True,False,6899,1014,1,2
shrinking_split_b_decay_r2,shrinking,constant_500,500.0,404,4777304,0.0626532,True,False,4792,2051,1,2
shrinking_split_b_decay_r2,shrinking,cost_model,572.7418683444771,404,4777304,0.0704843,True,False,4151,2348,1,2
shrinking_split_b_decay_r2,shrinking,cost_model_x0.5,286.37093417223855,404,4777304,0.0581066,True,False,6589,1165,1,2
shrinking_split_b_decay_r2,shrinking,cost_model_x0.25,143.18546708611927,404,4777304,0.058964,True,False,7825,566,1,2
shrinking_b_decay_channels_1_r05,branch_count,wallclock_timing,,404,357951,0.0154544,True,False,2457,2,2,2
shrinking_b_decay_channels_1_r05,branch_count,constant_60,60.0,404,357951,0.0131159,True,False,1946,248,1,2
shrinking_b_decay_channels_1_r05,branch_count,constant_125,125.0,404,357951,0.0112538,True,False,1399,518,1,2
shrinking_b_decay_channels_1_r05,branch_count,constant_250,250.0,404,357951,0.0093985,True,False,333,1036,1,2
shrinking_b_decay_channels_1_r05,branch_count,constant_500,500.0,404,357951,0.0088905,True,False,1,1197,1,2
shrinking_b_decay_channels_1_r05,branch_count,cost_model,544.8928140153258,404,357951,0.0093393,True,False,1,1197,1,2
shrinking_b_decay_channels_1_r05,branch_count,cost_model_x0.5,272.4464070076629,404,357951,0.0089145,True,False,143,1126,1,2
shrinking_b_decay_channels_1_r05,branch_count,cost_model_x0.25,136.22320350383146,404,357951,0.0107494,True,False,1294,564,1,2
shrinking_b_decay_channels_1_r1,branch_count,wallclock_timing,,404,1431807,0.0311757,True,False,4939,2,2,2
shrinking_b_decay_channels_1_r1,branch_count,constant_60,60.0,404,1431807,0.0257821,True,False,4450,239,1,2
shrinking_b_decay_channels_1_r1,branch_count,constant_125,125.0,404,1431807,0.0246567,True,False,3900,508,1,2
shrinking_b_decay_channels_1_r1,branch_count,constant_250,250.0,404,1431807,0.0228182,True,False,2831,1027,1,2
shrinking_b_decay_channels_1_r1,branch_count,constant_500,500.0,404,1431807,0.0262656,True,False,666,2061,1,2
shrinking_b_decay_channels_1_r1,branch_count,cost_model,579.2665840985251,404,1431807,0.0297381,True,False,1,2387,1,2
shrinking_b_decay_channels_1_r1,branch_count,cost_model_x0.5,289.63329204926254,404,1431807,0.0226946,True,False,2475,1192,1,2
shrinking_b_decay_channels_1_r1,branch_count,cost_model_x0.25,144.81664602463127,404,1431807,0.0252203,True,False,3718,591,1,2
shrinking_b_decay_channels_1_r2,branch_count,wallclock_timing,,404,5727229,0.0627864,True,False,9821,22,6,2
shrinking_b_decay_channels_1_r2,branch_count,constant_60,60.0,404,5727229,0.0597192,True,False,9445,220,1,2
shrinking_b_decay_channels_1_r2,branch_count,constant_125,125.0,404,5727229,0.0624058,True,False,8862,491,1,2
shrinking_b_decay_channels_1_r2,branch_count,constant_250,250.0,404,5727229,0.0542512,True,False,7797,1006,1,2
shrinking_b_decay_channels_1_r2,branch_count,constant_500,500.0,404,5727229,0.0596041,True,False,5637,2048,1,2
shrinking_b_decay_channels_1_r2,branch_count,cost_model,638.4465574594063,404,5727229,0.067722,True,False,4426,2619,1,2
shrinking_b_decay_channels_1_r2,branch_count,cost_model_x0.5,319.22327872970317,404,5727229,0.0632769,True,False,7190,1302,1,2
shrinking_b_decay_channels_1_r2,branch_count,cost_model_x0.25,159.61163936485158,404,5727229,0.0621703,True,False,8566,632,1,2
shrinking_b_decay_channels_2_r05,branch_count,wallclock_timing,,404,332340,0.0166147,True,False,2379,2,2,2
shrinking_b_decay_channels_2_r05,branch_count,constant_60,60.0,404,332340,0.0132799,True,False,1894,246,1,2
shrinking_b_decay_channels_2_r05,branch_count,constant_125,125.0,404,332340,0.0113812,True,False,1330,520,1,2
shrinking_b_decay_channels_2_r05,branch_count,constant_250,250.0,404,332340,0.0098232,True,False,246,1035,1,2
shrinking_b_decay_channels_2_r05,branch_count,constant_500,500.0,404,332340,0.0093957,True,False,1,1153,1,2
shrinking_b_decay_channels_2_r05,branch_count,cost_model,498.0234392861981,404,332340,0.0092303,True,False,1,1153,1,2
shrinking_b_decay_channels_2_r05,branch_count,cost_model_x0.5,249.01171964309904,404,332340,0.0092054,True,False,252,1027,1,2
shrinking_b_decay_channels_2_r05,branch_count,cost_model_x0.25,124.50585982154952,404,332340,0.0114045,True,False,1337,511,1,2
shrinking_b_decay_channels_2_r1,branch_count,wallclock_timing,,404,1329360,0.0324699,True,False,4738,4,4,2
shrinking_b_decay_channels_2_r1,branch_count,constant_60,60.0,404,1329360,0.0310718,True,False,4305,237,1,2
shrinking_b_decay_channels_2_r1,branch_count,constant_125,125.0,404,1329360,0.0283188,True,False,3720,509,1,2
shrinking_b_decay_channels_2_r1,branch_count,constant_250,250.0,404,1329360,0.0269706,True,False,2639,1026,1,2
shrinking_b_decay_channels_2_r1,branch_count,constant_500,500.0,404,1329360,0.0332875,True,False,497,2060,1,2
shrinking_b_decay_channels_2_r1,branch_count,cost_model,527.4043832284837,404,1329360,0.0337174,True,False,259,2175,1,2
shrinking_b_decay_channels_2_r1,branch_count,cost_model_x0.5,263.7021916142418,404,1329360,0.0264472,True,False,2518,1084,1,2
shrinking_b_decay_channels_2_r1,branch_count,cost_model_x0.25,131.8510958071209,404,1329360,0.0290449,True,False,3662,535,1,2
shrinking_b_decay_channels_2_r2,branch_count,wallclock_timing,,404,5317440,0.0711585,True,False,9569,4,4,2
shrinking_b_decay_channels_2_r2,branch_count,constant_60,60.0,404,5317440,0.0658459,True,False,9117,220,1,2
shrinking_b_decay_channels_2_r2,branch_count,constant_125,125.0,404,5317440,0.06574,True,False,8545,490,1,2
shrinking_b_decay_channels_2_r2,branch_count,constant_250,250.0,404,5317440,0.0637269,True,False,7474,1008,1,2
shrinking_b_decay_channels_2_r2,branch_count,constant_500,500.0,404,5317440,0.0721234,True,False,5324,2048,1,2
shrinking_b_decay_channels_2_r2,branch_count,cost_model,577.767632966904,404,5317440,0.0726607,True,False,4670,2372,1,2
shrinking_b_decay_channels_2_r2,branch_count,cost_model_x0.5,288.883816483452,404,5317440,0.0641183,True,False,7154,1174,1,2
shrinking_b_decay_channels_2_r2,branch_count,cost_model_x0.25,144.441908241726,404,5317440,0.0645395,True,False,8393,572,1,2
shrinking_b_decay_channels_4_r05,branch_count,wallclock_timing,,404,190960,0.0136266,True,False,1792,2,2,2
shrinking_b_decay_channels_4_r05,branch_count,constant_60,60.0,404,190960,0.010822,True,False,1307,247,1,2
shrinking_b_decay_channels_4_r05,branch_count,constant_125,125.0,404,190960,0.00813,True,False,739,523,1,2
shrinking_b_decay_channels_4_r05,branch_count,constant_250,250.0,404,190960,0.0068549,True,False,1,871,1,2
shrinking_b_decay_channels_4_r05,branch_count,constant_500,500.0,404,190960,0.0076778,True,False,1,871,1,2
shrinking_b_decay_channels_4_r05,branch_count,cost_model,427.11375923733834,404,190960,0.0068532,True,False,1,871,1,2
shrinking_b_decay_channels_4_r05,branch_count,cost_model_x0.5,213.55687961866917,404,190960,0.0070817,True,False,1,871,1,2
shrinking_b_decay_channels_4_r05,branch_count,cost_model_x0.25,106.77843980933459,404,190960,0.0082967,True,False,891,442,1,2
shrinking_b_decay_channels_4_r1,branch_count,wallclock_timing,,404,763841,0.0260989,True,False,3648,2,2,2
shrinking_b_decay_channels_4_r1,branch_count,constant_60,60.0,404,763841,0.0247528,True,False,3112,243,1,2
shrinking_b_decay_channels_4_r1,branch_count,constant_125,125.0,404,763841,0.0199776,True,False,2542,512,1,2
shrinking_b_decay_channels_4_r1,branch_count,constant_250,250.0,404,763841,0.0209969,True,False,1472,1031,1,2
shrinking_b_decay_channels_4_r1,branch_count,constant_500,500.0,404,763841,0.0260341,True,False,1,1743,1,2
shrinking_b_decay_channels_4_r1,branch_count,cost_model,446.6452507773898,404,763841,0.0265644,True,False,1,1743,1,2
shrinking_b_decay_channels_4_r1,branch_count,cost_model_x0.5,223.3226253886949,404,763841,0.0200622,True,False,1699,922,1,2
shrinking_b_decay_channels_4_r1,branch_count,cost_model_x0.25,111.66131269434744,404,763841,0.0227561,True,False,2666,461,1,2
shrinking_b_decay_channels_4_r2,branch_count,wallclock_timing,,404,3055364,0.0539353,True,False,7162,2,2,2
shrinking_b_decay_channels_4_r2,branch_count,constant_60,60.0,404,3055364,0.0522999,True,False,6798,228,1,2
shrinking_b_decay_channels_4_r2,branch_count,constant_125,125.0,404,3055364,0.0507982,True,False,6234,499,1,2
shrinking_b_decay_channels_4_r2,branch_count,constant_250,250.0,404,3055364,0.0494336,True,False,5161,1017,1,2
shrinking_b_decay_channels_4_r2,branch_count,constant_500,500.0,404,3055364,0.0489299,True,False,2974,2058,1,2
shrinking_b_decay_channels_4_r2,branch_count,cost_model,478.95873999982166,404,3055364,0.049052,True,False,3157,1969,1,2
shrinking_b_decay_channels_4_r2,branch_count,cost_model_x0.5,239.47936999991083,404,3055364,0.0438704,True,False,5255,977,1,2
shrinking_b_decay_channels_4_r2,branch_count,cost_model_x0.25,119.73968499995541,404,3055364,0.0438186,True,False,6280,475,1,2
shrinking_b_decay_channels_8_r05,branch_count,wallclock_timing,,404,90594,0.0076299,True,False,1215,2,2,2
shrinking_b_decay_channels_8_r05,branch_count,constant_60,60.0,404,90594,0.0057435,True,False,745,253,1,2
shrinking_b_decay_channels_8_r05,branch_count,constant_125,125.0,404,90594,0.0044169,True,False,175,521,1,2
shrinking_b_decay_channels_8_r05,branch_count,constant_250,250.0,404,90594,0.0042322,True,False,1,604,1,2
shrinking_b_decay_channels_8_r05,branch_count,constant_500,500.0,404,90594,0.004332,True,False,1,604,1,2
shrinking_b_decay_channels_8_r05,branch_count,cost_model,349.54916218998983,404,90594,0.0042139,True,False,1,604,1,2
shrinking_b_decay_channels_8_r05,branch_count,cost_model_x0.5,174.77458109499491,404,90594,0.0042224,True,False,1,604,1,2
shrinking_b_decay_channels_8_r05,branch_count,cost_model_x0.25,87.38729054749746,404,90594,0.005013,True,False,510,361,1,2
shrinking_b_decay_channels_8_r1,branch_count,wallclock_timing,,404,362378,0.0190299,True,False,2480,2,2,2
shrinking_b_decay_channels_8_r1,branch_count,constant_60,60.0,404,362378,0.0142819,True,False,1996,246,1,2
shrinking_b_decay_channels_8_r1,branch_count,constant_125,125.0,404,362378,0.0135353,True,False,1423,515,1,2
shrinking_b_decay_channels_8_r1,branch_count,constant_250,250.0,404,362378,0.0148399,True,False,356,1035,1,2
shrinking_b_decay_channels_8_r1,branch_count,constant_500,500.0,404,362378,0.0156396,True,False,1,1200,1,2
shrinking_b_decay_channels_8_r1,branch_count,cost_model,360.7170256521287,404,362378,0.0161052,True,False,1,1200,1,2
shrinking_b_decay_channels_8_r1,branch_count,cost_model_x0.5,180.35851282606436,404,362378,0.0130414,True,False,944,749,1,2
shrinking_b_decay_channels_8_r1,branch_count,cost_model_x0.25,90.17925641303218,404,362378,0.0142174,True,False,1727,373,1,2
shrinking_b_decay_channels_8_r2,branch_count,wallclock_timing,,404,1449512,0.0358887,True,False,4898,2,2,2
shrinking_b_decay_channels_8_r2,branch_count,constant_60,60.0,404,1449512,0.0330818,True,False,4457,236,1,2
shrinking_b_decay_channels_8_r2,branch_count,constant_125,125.0,404,1449512,0.032789,True,False,3909,510,1,2
shrinking_b_decay_channels_8_r2,branch_count,constant_250,250.0,404,1449512,0.0351225,True,False,2854,1029,1,2
shrinking_b_decay_channels_8_r2,branch_count,constant_500,500.0,404,1449512,0.0546003,True,False,683,2064,1,2
shrinking_b_decay_channels_8_r2,branch_count,cost_model,378.2062802764907,404,1449512,0.0454582,True,False,1730,1560,1,2
shrinking_b_decay_channels_8_r2,branch_count,cost_model_x0.5,189.10314013824535,404,1449512,0.0357323,True,False,3369,771,1,2
shrinking_b_decay_channels_8_r2,branch_count,cost_model_x0.25,94.55157006912268,404,1449512,0.0355579,True,False,4162,380,1,2
dense_support_q4_r05,dense_support,wallclock_timing,,404,27747879,0.1426326,True,False,2299,753,3,2
dense_support_q4_r05,dense_support,constant_60,60.0,404,27747879,0.2123965,True,False,28434,134,1,2
dense_support_q4_r05,dense_support,constant_125,125.0,404,27747879,0.1361113,True,False,12949,388,1,2
dense_support_q4_r05,dense_support,constant_250,250.0,404,27747879,0.1247882,True,False,2743,731,1,2
dense_support_q4_r05,dense_support,constant_500,500.0,404,27747879,0.1289061,True,False,1,880,1,2
dense_support_q4_r05,dense_support,cost_model,733.9299421413416,404,27747879,0.1313418,True,False,1,880,1,2
dense_support_q4_r05,dense_support,cost_model_x0.5,366.9649710706708,404,27747879,0.1442115,True,False,1,880,1,2
dense_support_q4_r05,dense_support,cost_model_x0.25,183.4824855353354,404,27747879,0.1404792,True,False,6910,563,1,2
dense_support_q4_r1,dense_support,wallclock_timing,,404,110991516,0.4420766,True,False,25101,800,9,2
dense_support_q4_r1,dense_support,constant_60,60.0,404,110991516,0.6165172,True,False,87427,0,0,2
dense_support_q4_r1,dense_support,constant_125,125.0,404,110991516,0.5314518,True,False,54872,291,1,2
dense_support_q4_r1,dense_support,constant_250,250.0,404,110991516,0.4656366,True,False,26005,775,1,2
dense_support_q4_r1,dense_support,constant_500,500.0,404,110991516,0.4778097,True,False,5564,1460,1,2
dense_support_q4_r1,dense_support,cost_model,784.9494027582399,404,110991516,0.5601565,True,False,1,1758,1,2
dense_support_q4_r1,dense_support,cost_model_x0.5,392.47470137911995,404,110991516,0.500724,True,False,11872,1194,1,2
dense_support_q4_r1,dense_support,cost_model_x0.25,196.23735068955997,404,110991516,0.4713258,True,False,34995,587,1,2
dense_support_q6_r05,dense_support,wallclock_timing,,404,16382894,0.1353381,True,False,8436,339,5,2
dense_support_q6_r05,dense_support,constant_60,60.0,404,16382894,0.1624091,True,False,17091,165,1,2
dense_support_q6_r05,dense_support,constant_125,125.0,404,16382894,0.1224083,True,False,6703,388,1,2
dense_support_q6_r05,dense_support,constant_250,250.0,404,16382894,0.1244907,True,False,1,676,1,2
dense_support_q6_r05,dense_support,constant_500,500.0,404,16382894,0.1274808,True,False,1,676,1,2
dense_support_q6_r05,dense_support,cost_model,501.4841754008458,404,16382894,0.1387017,True,False,1,676,1,2
dense_support_q6_r05,dense_support,cost_model_x0.5,250.7420877004229,404,16382894,0.1452558,True,False,1,676,1,2
dense_support_q6_r05,dense_support,cost_model_x0.25,125.37104385021145,404,16382894,0.1387629,True,False,6665,389,1,2
dense_support_q6_r1,dense_support,wallclock_timing,,404,65531576,0.4126243,True,False,10051,885,5,2
dense_support_q6_r1,dense_support,constant_60,60.0,404,65531576,0.5418092,True,False,62209,36,1,2
dense_support_q6_r1,dense_support,constant_125,125.0,404,65531576,0.4152235,True,False,32809,350,1,2
dense_support_q6_r1,dense_support,constant_250,250.0,404,65531576,0.3973233,True,False,13299,775,1,2
dense_support_q6_r1,dense_support,constant_500,500.0,404,65531576,0.5951496,True,False,1,1351,1,2
dense_support_q6_r1,dense_support,cost_model,525.8795973198837,404,65531576,0.4905128,True,False,1,1351,1,2
dense_support_q6_r1,dense_support,cost_model_x0.5,262.93979865994186,404,65531576,0.4596996,True,False,12152,812,1,2
dense_support_q6_r1,dense_support,cost_model_x0.25,131.46989932997093,404,65531576,0.3932834,True,False,31173,377,1,2
dense_support_q8_r05,dense_support,wallclock_timing,,404,7615247,0.1224806,True,False,9586,148,5,2
dense_support_q8_r05,dense_support,constant_60,60.0,404,7615247,0.1160192,True,False,7626,185,1,2
dense_support_q8_r05,dense_support,constant_125,125.0,404,7615247,0.1115384,True,False,1737,370,1,2
dense_support_q8_r05,dense_support,constant_250,250.0,404,7615247,0.1156093,True,False,1,462,1,2
dense_support_q8_r05,dense_support,constant_500,500.0,404,7615247,0.1179917,True,False,1,462,1,2
dense_support_q8_r05,dense_support,cost_model,362.75548127430085,404,7615247,0.1132225,True,False,1,462,1,2
dense_support_q8_r05,dense_support,cost_model_x0.5,181.37774063715042,404,7615247,0.1174324,True,False,1,462,1,2
dense_support_q8_r05,dense_support,cost_model_x0.25,90.68887031857521,404,7615247,0.1166059,True,False,4062,281,1,2
dense_support_q8_r1,dense_support,wallclock_timing,,404,30460991,0.3540803,True,False,14852,380,5,2
dense_support_q8_r1,dense_support,constant_60,60.0,404,30460991,0.3945608,True,False,31087,127,1,2
dense_support_q8_r1,dense_support,constant_125,125.0,404,30460991,0.3005768,True,False,14433,387,1,2
dense_support_q8_r1,dense_support,constant_250,250.0,404,30460991,0.3736293,True,False,3500,738,1,2
dense_support_q8_r1,dense_support,constant_500,500.0,404,30460991,0.4358041,True,False,1,922,1,2
dense_support_q8_r1,dense_support,cost_model,374.37645032354044,404,30460991,0.4003428,True,False,1,922,1,2
dense_support_q8_r1,dense_support,cost_model_x0.5,187.18822516177022,404,30460991,0.3117078,True,False,7638,576,1,2
dense_support_q8_r1,dense_support,cost_model_x0.25,93.59411258088511,404,30460991,0.3162036,True,False,20310,273,1,2
dense_support_q8_r2,dense_support,wallclock_timing,,404,121843964,0.9494642,True,False,41181,540,13,2
dense_support_q8_r2,dense_support,constant_60,60.0,404,121843964,1.0233656,True,False,91562,0,0,2
dense_support_q8_r2,dense_support,constant_125,125.0,404,121843964,0.9190195,True,False,59929,277,1,2
dense_support_q8_r2,dense_support,constant_250,250.0,404,121843964,1.0266003,True,False,28954,773,1,2
dense_support_q8_r2,dense_support,constant_500,500.0,404,121843964,1.4360153,True,False,7056,1474,1,2
dense_support_q8_r2,dense_support,cost_model,392.9554258679335,404,121843964,1.2813865,True,False,13783,1202,1,2
dense_support_q8_r2,dense_support,cost_model_x0.5,196.47771293396676,404,121843964,0.9543175,True,False,38543,580,1,2
dense_support_q8_r2,dense_support,cost_model_x0.25,98.23885646698338,404,121843964,1.0200255,True,False,73394,141,1,2
dense_support_q12_r05,dense_support,wallclock_timing,,404,4302608,0.1297687,True,False,1391,274,3,2
dense_support_q12_r05,dense_support,constant_60,60.0,404,4302608,0.1356802,True,False,3808,188,1,2
dense_support_q12_r05,dense_support,constant_125,125.0,404,4302608,0.1366577,True,False,4,348,1,2
dense_support_q12_r05,dense_support,constant_250,250.0,404,4302608,0.1366885,True,False,1,347,1,2
dense_support_q12_r05,dense_support,constant_500,500.0,404,4302608,0.1349175,True,False,1,347,1,2
dense_support_q12_r05,dense_support,cost_model,237.1021813958432,404,4302608,0.1355585,True,False,1,347,1,2
dense_support_q12_r05,dense_support,cost_model_x0.5,118.5510906979216,404,4302608,0.131835,True,False,232,333,1,2
dense_support_q12_r05,dense_support,cost_model_x0.25,59.2755453489608,404,4302608,0.1358388,True,False,3884,185,1,2
dense_support_q12_r1,dense_support,wallclock_timing,,404,17210432,0.4049588,True,False,12808,251,5,2
dense_support_q12_r1,dense_support,constant_60,60.0,404,17210432,0.4184753,True,False,17963,163,1,2
dense_support_q12_r1,dense_support,constant_125,125.0,404,17210432,0.4170838,True,False,7140,389,1,2
dense_support_q12_r1,dense_support,constant_250,250.0,404,17210432,0.5136362,True,False,8,693,1,2
dense_support_q12_r1,dense_support,constant_500,500.0,404,17210432,0.4948891,True,False,1,693,1,2
dense_support_q12_r1,dense_support,cost_model,241.64168573212487,404,17210432,0.4992843,True,False,301,675,1,2
dense_support_q12_r1,dense_support,cost_model_x0.5,120.82084286606243,404,17210432,0.3746081,True,False,7554,377,1,2
dense_support_q12_r1,dense_support,cost_model_x0.25,60.41042143303122,404,17210432,0.4119505,True,False,17841,165,1,2
dense_support_q12_r2,dense_support,wallclock_timing,,404,68841729,1.0477235,True,False,34221,355,11,2
dense_support_q12_r2,dense_support,constant_60,60.0,404,68841729,1.0620721,True,False,64969,27,1,2
dense_support_q12_r2,dense_support,constant_125,125.0,404,68841729,1.0688039,True,False,34492,346,1,2
dense_support_q12_r2,dense_support,constant_250,250.0,404,68841729,1.3708852,True,False,14248,776,1,2
dense_support_q12_r2,dense_support,constant_500,500.0,404,68841729,2.0083726,True,False,14,1384,1,2
dense_support_q12_r2,dense_support,cost_model,248.58105693558042,404,68841729,1.3591408,True,False,14387,772,1,2
dense_support_q12_r2,dense_support,cost_model_x0.5,124.29052846779021,404,68841729,1.0435726,True,False,34693,343,1,2
dense_support_q12_r2,dense_support,cost_model_x0.25,62.145264233895105,404,68841729,1.0548791,True,False,63235,40,1,2
collision_o2_g0_n1000000_r05,collision,wallclock_timing,,404,22361383,0.1168486,True,False,2305,665,3,2
collision_o2_g0_n1000000_r05,collision,constant_60,60.0,404,22361383,0.1806756,True,False,23207,149,1,2
collision_o2_g0_n1000000_r05,collision,constant_125,125.0,404,22361383,0.1186535,True,False,10004,390,1,2
collision_o2_g0_n1000000_r05,collision,constant_250,250.0,404,22361383,0.1000074,True,False,1304,715,1,2
collision_o2_g0_n1000000_r05,collision,constant_500,500.0,404,22361383,0.1062595,True,False,1,790,1,2
collision_o2_g0_n1000000_r05,collision,cost_model,728.0031665684888,404,22361383,0.1035127,True,False,1,790,1,2
collision_o2_g0_n1000000_r05,collision,cost_model_x0.5,364.0015832842444,404,22361383,0.1068161,True,False,1,790,1,2
collision_o2_g0_n1000000_r05,collision,cost_model_x0.25,182.0007916421222,404,22361383,0.1056496,True,False,4927,552,1,2
collision_o2_g0_n1000000_r1,collision,wallclock_timing,,404,89445535,0.3886822,True,False,16804,872,9,2
collision_o2_g0_n1000000_r1,collision,constant_60,60.0,404,89445535,0.5907168,True,False,78449,0,0,2
collision_o2_g0_n1000000_r1,collision,constant_125,125.0,404,89445535,0.4008874,True,False,44631,320,1,2
collision_o2_g0_n1000000_r1,collision,constant_250,250.0,404,89445535,0.3461683,True,False,20059,778,1,2
collision_o2_g0_n1000000_r1,collision,constant_500,500.0,404,89445535,0.4489526,True,False,2638,1427,1,2
collision_o2_g0_n1000000_r1,collision,cost_model,775.1598234648103,404,89445535,0.4594123,True,False,1,1578,1,2
collision_o2_g0_n1000000_r1,collision,cost_model_x0.5,387.57991173240515,404,89445535,0.3689241,True,False,8363,1162,1,2
collision_o2_g0_n1000000_r1,collision,cost_model_x0.25,193.78995586620258,404,89445535,0.3836631,True,False,28098,591,1,2
collision_o2_g1_n1000000_r05,collision,wallclock_timing,,404,78119729,0.4088131,True,False,4771,1162,3,2
collision_o2_g1_n1000000_r05,collision,constant_60,60.0,404,78119729,0.763147,True,False,68162,219,1,2
collision_o2_g1_n1000000_r05,collision,constant_125,125.0,404,78119729,0.5384695,True,False,31903,549,1,2
collision_o2_g1_n1000000_r05,collision,constant_250,250.0,404,78119729,0.4063496,True,False,10712,961,1,2
collision_o2_g1_n1000000_r05,collision,constant_500,500.0,404,78119729,0.3735425,True,False,1,1369,1,2
collision_o2_g1_n1000000_r05,collision,cost_model,1062.8147114595884,404,78119729,0.4055501,True,False,1,1369,1,2
collision_o2_g1_n1000000_r05,collision,cost_model_x0.5,531.4073557297942,404,78119729,0.4103878,True,False,1,1369,1,2
collision_o2_g1_n1000000_r05,collision,cost_model_x0.25,265.7036778648971,404,78119729,0.3706275,True,False,9384,1002,1,2
collision_o2_g2_n1000000_r05,collision,wallclock_timing,,404,115123229,0.5957483,True,False,629,1537,3,2
collision_o2_g2_n1000000_r05,collision,constant_60,60.0,404,115123229,1.3269125,True,False,93630,340,1,2
collision_o2_g2_n1000000_r05,collision,constant_125,125.0,404,115123229,0.793333,True,False,41924,702,1,2
collision_o2_g2_n1000000_r05,collision,constant_250,250.0,404,115123229,0.5990401,True,False,13944,1127,1,2
collision_o2_g2_n1000000_r05,collision,constant_500,500.0,404,115123229,0.6382837,True,False,1,1563,1,2
collision_o2_g2_n1000000_r05,collision,cost_model,1163.8590874864715,404,115123229,0.618073,True,False,1,1563,1,2
collision_o2_g2_n1000000_r05,collision,cost_model_x0.5,581.9295437432357,404,115123229,0.611274,True,False,1,1563,1,2
collision_o2_g2_n1000000_r05,collision,cost_model_x0.25,290.96477187161787,404,115123229,0.6211889,True,False,9729,1231,1,2
dimerization_r05,dimerization,wallclock_timing,,405,7486081,0.1428493,True,False,7217,1298,7,2
dimerization_r05,dimerization,constant_60,60.0,405,7486081,0.1400815,True,False,15677,0,0,2
dimerization_r05,dimerization,constant_125,125.0,405,7486081,0.1422021,True,False,15677,0,0,2
dimerization_r05,dimerization,constant_250,250.0,405,7486081,0.1513768,True,False,15677,0,0,2
dimerization_r05,dimerization,constant_500,500.0,405,7486081,0.1502662,True,False,1,2368,1,2
dimerization_r05,dimerization,cost_model,876.9217514218748,405,7486081,0.1529081,True,False,1,2368,1,2
dimerization_r05,dimerization,cost_model_x0.5,438.4608757109374,405,7486081,0.1490592,True,False,1,2368,1,2
dimerization_r05,dimerization,cost_model_x0.25,219.2304378554687,405,7486081,0.1560533,True,False,15677,0,0,2
dimerization_r1,dimerization,wallclock_timing,,405,29944326,0.2811353,True,False,31081,8,8,2
dimerization_r1,dimerization,constant_60,60.0,405,29944326,0.2980563,True,False,31132,0,0,2
dimerization_r1,dimerization,constant_125,125.0,405,29944326,0.326976,True,False,31132,0,0,2
dimerization_r1,dimerization,constant_250,250.0,405,29944326,0.2937449,True,False,31132,0,0,2
dimerization_r1,dimerization,constant_500,500.0,405,29944326,0.2889662,True,False,31132,0,0,2
dimerization_r1,dimerization,cost_model,931.4985322705442,405,29944326,0.5748668,True,False,1,4736,1,2
dimerization_r1,dimerization,cost_model_x0.5,465.7492661352721,405,29944326,0.2851191,True,False,31132,0,0,2
dimerization_r1,dimerization,cost_model_x0.25,232.87463306763604,405,29944326,0.3067628,True,False,31132,0,0,2
lotka_volterra_r05,lotka_volterra,wallclock_timing,,405,179940,0.420934,True,False,38933,2056,24,2
lotka_volterra_r05,lotka_volterra,constant_60,60.0,405,179940,0.4460354,True,False,44408,0,0,2
lotka_volterra_r05,lotka_volterra,constant_125,125.0,405,179940,0.4019826,True,False,44408,0,0,2
lotka_volterra_r05,lotka_volterra,constant_250,250.0,405,179940,0.2772084,True,False,18855,10151,7,2
lotka_volterra_r05,lotka_volterra,constant_500,500.0,405,179940,0.2285145,True,False,1,17109,1,2
lotka_volterra_r05,lotka_volterra,cost_model,727.0380042190227,405,179940,0.231762,True,False,1,17109,1,2
lotka_volterra_r05,lotka_volterra,cost_model_x0.5,363.51900210951135,405,179940,0.2326068,True,False,1,17109,1,2
lotka_volterra_r05,lotka_volterra,cost_model_x0.25,181.75950105475567,405,179940,0.4293801,True,False,44408,0,0,2
lotka_volterra_r1,lotka_volterra,wallclock_timing,,405,719761,0.8377125,True,False,81186,2894,42,2
lotka_volterra_r1,lotka_volterra,constant_60,60.0,405,719761,0.9186731,True,False,88762,0,0,2
lotka_volterra_r1,lotka_volterra,constant_125,125.0,405,719761,0.8407352,True,False,88762,0,0,2
lotka_volterra_r1,lotka_volterra,constant_250,250.0,405,719761,0.8495084,True,False,88762,0,0,2
lotka_volterra_r1,lotka_volterra,constant_500,500.0,405,719761,0.7981908,True,False,37770,20331,7,2
lotka_volterra_r1,lotka_volterra,cost_model,757.789328062881,405,719761,0.8528622,True,False,1,34195,1,2
lotka_volterra_r1,lotka_volterra,cost_model_x0.5,378.8946640314405,405,719761,0.9182247,True,False,88762,0,0,2
lotka_volterra_r1,lotka_volterra,cost_model_x0.25,189.44733201572026,405,719761,0.8242166,True,False,88762,0,0,2
lotka_volterra_r2,lotka_volterra,wallclock_timing,,405,2879044,1.8793381,True,False,177337,160,58,2
lotka_volterra_r2,lotka_volterra,constant_60,60.0,405,2879044,1.810686,True,False,177725,0,0,2
lotka_volterra_r2,lotka_volterra,constant_125,125.0,405,2879044,1.7999577,True,False,177725,0,0,2
lotka_volterra_r2,lotka_volterra,constant_250,250.0,405,2879044,1.794538,True,False,177725,0,0,2
lotka_volterra_r2,lotka_volterra,constant_500,500.0,405,2879044,1.7422202,True,False,177725,0,0,2
lotka_volterra_r2,lotka_volterra,cost_model,804.9996298765527,405,2879044,1.9137448,True,False,150247,12208,7,2
lotka_volterra_r2,lotka_volterra,cost_model_x0.5,402.49981493827636,405,2879044,1.7988595,True,False,177725,0,0,2
lotka_volterra_r2,lotka_volterra,cost_model_x0.25,201.24990746913818,405,2879044,1.806444,True,False,177725,0,0,2
shrinking_r05,shrinking,wallclock_timing,,405,342703,0.0189269,True,False,2339,2,2,2
shrinking_r05,shrinking,constant_60,60.0,405,342703,0.0161331,True,False,1893,246,1,2
shrinking_r05,shrinking,constant_125,125.0,405,342703,0.0115317,True,False,1359,514,1,2
shrinking_r05,shrinking,constant_250,250.0,405,342703,0.0101351,True,False,280,1028,1,2
shrinking_r05,shrinking,constant_500,500.0,405,342703,0.0092728,True,False,1,1173,1,2
shrinking_r05,shrinking,cost_model,544.0582811864226,405,342703,0.0091894,True,False,1,1173,1,2
shrinking_r05,shrinking,cost_model_x0.5,272.0291405932113,405,342703,0.0091352,True,False,92,1123,1,2
shrinking_r05,shrinking,cost_model_x0.25,136.01457029660565,405,342703,0.0109334,True,False,1258,562,1,2
shrinking_r1,shrinking,wallclock_timing,,405,1370812,0.0361059,True,False,4746,2,2,2
shrinking_r1,shrinking,constant_60,60.0,405,1370812,0.0272289,True,False,4337,238,1,2
shrinking_r1,shrinking,constant_125,125.0,405,1370812,0.0230387,True,False,3779,506,1,2
shrinking_r1,shrinking,constant_250,250.0,405,1370812,0.0227512,True,False,2708,1025,1,2
shrinking_r1,shrinking,constant_500,500.0,405,1370812,0.0253419,True,False,573,2062,1,2
shrinking_r1,shrinking,cost_model,577.897910766499,405,1370812,0.0286937,True,False,1,2337,1,2
shrinking_r1,shrinking,cost_model_x0.5,288.9489553832495,405,1370812,0.0227626,True,False,2376,1195,1,2
shrinking_r1,shrinking,cost_model_x0.25,144.47447769162474,405,1370812,0.0234337,True,False,3615,585,1,2
shrinking_r2,shrinking,wallclock_timing,,405,5483250,0.0583359,True,False,9555,4,4,2
shrinking_r2,shrinking,constant_60,60.0,405,5483250,0.0606981,True,False,9172,219,1,2
shrinking_r2,shrinking,constant_125,125.0,405,5483250,0.0542019,True,False,8601,492,1,2
shrinking_r2,shrinking,constant_250,250.0,405,5483250,0.0538217,True,False,7553,1007,1,2
shrinking_r2,shrinking,constant_500,500.0,405,5483250,0.0562082,True,False,5413,2047,1,2
shrinking_r2,shrinking,cost_model,636.0096349670639,405,5483250,0.0653367,True,False,4230,2611,1,2
shrinking_r2,shrinking,cost_model_x0.5,318.00481748353195,405,5483250,0.0577078,True,False,6955,1294,1,2
shrinking_r2,shrinking,cost_model_x0.25,159.00240874176598,405,5483250,0.0606238,True,False,8328,635,1,2
shrinking_no_b_decay_r05,shrinking,wallclock_timing,,405,1108596,0.0136209,True,False,646,601,3,2
shrinking_no_b_decay_r05,shrinking,constant_60,60.0,405,1108596,0.0246991,True,False,3488,134,1,2
shrinking_no_b_decay_r05,shrinking,constant_125,125.0,405,1108596,0.0181541,True,False,2144,288,1,2
shrinking_no_b_decay_r05,shrinking,constant_250,250.0,405,1108596,0.0134163,True,False,579,614,1,2
shrinking_no_b_decay_r05,shrinking,constant_500,500.0,405,1108596,0.0125161,True,False,1,772,1,2
shrinking_no_b_decay_r05,shrinking,cost_model,615.9818556111519,405,1108596,0.0121453,True,False,1,772,1,2
shrinking_no_b_decay_r05,shrinking,cost_model_x0.5,307.99092780557595,405,1108596,0.0119923,True,False,1,772,1,2
shrinking_no_b_decay_r05,shrinking,cost_model_x0.25,153.99546390278798,405,1108596,0.0170705,True,False,1709,360,1,2
shrinking_no_b_decay_r1,shrinking,wallclock_timing,,405,4434387,0.081521,True,False,11563,60,5,2
shrinking_no_b_decay_r1,shrinking,constant_60,60.0,405,4434387,0.0678502,True,False,9104,131,1,2
shrinking_no_b_decay_r1,shrinking,constant_125,125.0,405,4434387,0.0540984,True,False,6794,275,1,2
shrinking_no_b_decay_r1,shrinking,constant_250,250.0,405,4434387,0.045156,True,False,4311,569,1,2
shrinking_no_b_decay_r1,shrinking,constant_500,500.0,405,4434387,0.0367183,True,False,1152,1227,1,2
shrinking_no_b_decay_r1,shrinking,cost_model,657.5600996857365,405,4434387,0.0396181,True,False,1,1544,1,2
shrinking_no_b_decay_r1,shrinking,cost_model_x0.5,328.78004984286827,405,4434387,0.038114,True,False,3156,769,1,2
shrinking_no_b_decay_r1,shrinking,cost_model_x0.25,164.39002492143413,405,4434387,0.044394,True,False,5878,366,1,2
shrinking_no_b_decay_r2,shrinking,wallclock_timing,,405,17737550,0.1135849,True,False,15286,421,5,2
shrinking_no_b_decay_r2,shrinking,constant_60,60.0,405,17737550,0.1464675,True,False,22420,129,1,2
shrinking_no_b_decay_r2,shrinking,constant_125,125.0,405,17737550,0.1351616,True,False,18045,269,1,2
shrinking_no_b_decay_r2,shrinking,constant_250,250.0,405,17737550,0.1236408,True,False,13637,547,1,2
shrinking_no_b_decay_r2,shrinking,constant_500,500.0,405,17737550,0.1237473,True,False,8638,1137,1,2
shrinking_no_b_decay_r2,shrinking,cost_model,729.6023497822766,405,17737550,0.1389251,True,False,5429,1720,1,2
shrinking_no_b_decay_r2,shrinking,cost_model_x0.5,364.8011748911383,405,17737550,0.1247004,True,False,11013,813,1,2
shrinking_no_b_decay_r2,shrinking,cost_model_x0.25,182.40058744556916,405,17737550,0.1347168,True,False,15681,395,1,2
shrinking_split_b_decay_r05,shrinking,wallclock_timing,,405,298581,0.0146349,True,False,2303,2,2,2
shrinking_split_b_decay_r05,shrinking,constant_60,60.0,405,298581,0.0123451,True,False,1750,246,1,2
shrinking_split_b_decay_r05,shrinking,constant_125,125.0,405,298581,0.0108459,True,False,1192,518,1,2
shrinking_split_b_decay_r05,shrinking,constant_250,250.0,405,298581,0.0093022,True,False,130,1035,1,2
shrinking_split_b_decay_r05,shrinking,constant_500,500.0,405,298581,0.0082916,True,False,1,1092,1,2
shrinking_split_b_decay_r05,shrinking,cost_model,496.2802133398286,405,298581,0.0084823,True,False,1,1092,1,2
shrinking_split_b_decay_r05,shrinking,cost_model_x0.5,248.1401066699143,405,298581,0.0094795,True,False,146,1025,1,2
shrinking_split_b_decay_r05,shrinking,cost_model_x0.25,124.07005333495715,405,298581,0.009941,True,False,1203,514,1,2
shrinking_split_b_decay_r1,shrinking,wallclock_timing,,405,1194326,0.032852,True,False,4469,2,2,2
shrinking_split_b_decay_r1,shrinking,constant_60,60.0,405,1194326,0.0289193,True,False,4080,239,1,2
shrinking_split_b_decay_r1,shrinking,constant_125,125.0,405,1194326,0.0264827,True,False,3499,510,1,2
shrinking_split_b_decay_r1,shrinking,constant_250,250.0,405,1194326,0.0251597,True,False,2431,1030,1,2
shrinking_split_b_decay_r1,shrinking,constant_500,500.0,405,1194326,0.0305668,True,False,243,2061,1,2
shrinking_split_b_decay_r1,shrinking,cost_model,524.5670125279418,405,1194326,0.0325309,True,False,26,2165,1,2
shrinking_split_b_decay_r1,shrinking,cost_model_x0.5,262.2835062639709,405,1194326,0.0249986,True,False,2330,1082,1,2
shrinking_split_b_decay_r1,shrinking,cost_model_x0.25,131.14175313198544,405,1194326,0.0266995,True,False,3443,533,1,2
shrinking_split_b_decay_r2,shrinking,wallclock_timing,,405,4777304,0.0650484,True,False,8943,4,4,2
shrinking_split_b_decay_r2,shrinking,constant_60,60.0,405,4777304,0.0630873,True,False,8555,222,1,2
shrinking_split_b_decay_r2,shrinking,constant_125,125.0,405,4777304,0.0599718,True,False,7990,499,1,2
shrinking_split_b_decay_r2,shrinking,constant_250,250.0,405,4777304,0.0538953,True,False,6916,1008,1,2
shrinking_split_b_decay_r2,shrinking,constant_500,500.0,405,4777304,0.053419,True,False,4763,2047,1,2
shrinking_split_b_decay_r2,shrinking,cost_model,572.7418683444771,405,4777304,0.0591413,True,False,4141,2351,1,2
shrinking_split_b_decay_r2,shrinking,cost_model_x0.5,286.37093417223855,405,4777304,0.0504797,True,False,6591,1166,1,2
shrinking_split_b_decay_r2,shrinking,cost_model_x0.25,143.18546708611927,405,4777304,0.0551202,True,False,7820,567,1,2
shrinking_b_decay_channels_1_r05,branch_count,wallclock_timing,,405,357951,0.0135384,True,False,2435,2,2,2
shrinking_b_decay_channels_1_r05,branch_count,constant_60,60.0,405,357951,0.0118635,True,False,1983,242,1,2
shrinking_b_decay_channels_1_r05,branch_count,constant_125,125.0,405,357951,0.0099856,True,False,1423,515,1,2
shrinking_b_decay_channels_1_r05,branch_count,constant_250,250.0,405,357951,0.0079818,True,False,338,1034,1,2
shrinking_b_decay_channels_1_r05,branch_count,constant_500,500.0,405,357951,0.0077456,True,False,1,1193,1,2
shrinking_b_decay_channels_1_r05,branch_count,cost_model,544.8928140153258,405,357951,0.0076512,True,False,1,1193,1,2
shrinking_b_decay_channels_1_r05,branch_count,cost_model_x0.5,272.4464070076629,405,357951,0.0076979,True,False,143,1126,1,2
shrinking_b_decay_channels_1_r05,branch_count,cost_model_x0.25,136.22320350383146,405,357951,0.0097123,True,False,1325,564,1,2
shrinking_b_decay_channels_1_r1,branch_count,wallclock_timing,,405,1431807,0.0299655,True,False,4882,2,2,2
shrinking_b_decay_channels_1_r1,branch_count,constant_60,60.0,405,1431807,0.0271286,True,False,4433,235,1,2
shrinking_b_decay_channels_1_r1,branch_count,constant_125,125.0,405,1431807,0.0250464,True,False,3881,508,1,2
shrinking_b_decay_channels_1_r1,branch_count,constant_250,250.0,405,1431807,0.0228707,True,False,2798,1028,1,2
shrinking_b_decay_channels_1_r1,branch_count,constant_500,500.0,405,1431807,0.0267772,True,False,679,2060,1,2
shrinking_b_decay_channels_1_r1,branch_count,cost_model,579.2665840985251,405,1431807,0.0301854,True,False,1,2384,1,2
shrinking_b_decay_channels_1_r1,branch_count,cost_model_x0.5,289.63329204926254,405,1431807,0.0238345,True,False,2461,1190,1,2
shrinking_b_decay_channels_1_r1,branch_count,cost_model_x0.25,144.81664602463127,405,1431807,0.0273862,True,False,3716,589,1,2
shrinking_b_decay_channels_1_r2,branch_count,wallclock_timing,,405,5727229,0.0667572,True,False,9802,4,4,2
shrinking_b_decay_channels_1_r2,branch_count,constant_60,60.0,405,5727229,0.0670151,True,False,9364,220,1,2
shrinking_b_decay_channels_1_r2,branch_count,constant_125,125.0,405,5727229,0.0648314,True,False,8831,490,1,2
shrinking_b_decay_channels_1_r2,branch_count,constant_250,250.0,405,5727229,0.0613323,True,False,7778,1009,1,2
shrinking_b_decay_channels_1_r2,branch_count,constant_500,500.0,405,5727229,0.0667857,True,False,5620,2049,1,2
shrinking_b_decay_channels_1_r2,branch_count,cost_model,638.4465574594063,405,5727229,0.0737375,True,False,4448,2621,1,2
shrinking_b_decay_channels_1_r2,branch_count,cost_model_x0.5,319.22327872970317,405,5727229,0.0644023,True,False,7177,1296,1,2
shrinking_b_decay_channels_1_r2,branch_count,cost_model_x0.25,159.61163936485158,405,5727229,0.0529719,True,False,8538,634,1,2
shrinking_b_decay_channels_2_r05,branch_count,wallclock_timing,,405,332340,0.0132029,True,False,2357,2,2,2
shrinking_b_decay_channels_2_r05,branch_count,constant_60,60.0,405,332340,0.0115097,True,False,1896,248,1,2
shrinking_b_decay_channels_2_r05,branch_count,constant_125,125.0,405,332340,0.0103933,True,False,1339,516,1,2
shrinking_b_decay_channels_2_r05,branch_count,constant_250,250.0,405,332340,0.0079161,True,False,249,1034,1,2
shrinking_b_decay_channels_2_r05,branch_count,constant_500,500.0,405,332340,0.0082065,True,False,1,1153,1,2
shrinking_b_decay_channels_2_r05,branch_count,cost_model,498.0234392861981,405,332340,0.0079751,True,False,1,1153,1,2
shrinking_b_decay_channels_2_r05,branch_count,cost_model_x0.5,249.01171964309904,405,332340,0.0079941,True,False,257,1033,1,2
shrinking_b_decay_channels_2_r05,branch_count,cost_model_x0.25,124.50585982154952,405,332340,0.0098822,True,False,1343,514,1,2
shrinking_b_decay_channels_2_r1,branch_count,wallclock_timing,,405,1329360,0.0279781,True,False,4736,2,2,2
shrinking_b_decay_channels_2_r1,branch_count,constant_60,60.0,405,1329360,0.0288506,True,False,4227,239,1,2
shrinking_b_decay_channels_2_r1,branch_count,constant_125,125.0,405,1329360,0.0246824,True,False,3683,511,1,2
shrinking_b_decay_channels_2_r1,branch_count,constant_250,250.0,405,1329360,0.022601,True,False,2604,1024,1,2
shrinking_b_decay_channels_2_r1,branch_count,constant_500,500.0,405,1329360,0.0277774,True,False,493,2061,1,2
shrinking_b_decay_channels_2_r1,branch_count,cost_model,527.4043832284837,405,1329360,0.0309104,True,False,265,2177,1,2
shrinking_b_decay_channels_2_r1,branch_count,cost_model_x0.5,263.7021916142418,405,1329360,0.0240412,True,False,2488,1086,1,2
shrinking_b_decay_channels_2_r1,branch_count,cost_model_x0.25,131.8510958071209,405,1329360,0.0246921,True,False,3624,533,1,2
shrinking_b_decay_channels_2_r2,branch_count,wallclock_timing,,405,5317440,0.0619354,True,False,9414,4,4,2
shrinking_b_decay_channels_2_r2,branch_count,constant_60,60.0,405,5317440,0.0586626,True,False,8993,220,1,2
shrinking_b_decay_channels_2_r2,branch_count,constant_125,125.0,405,5317440,0.0561294,True,False,8438,492,1,2
shrinking_b_decay_channels_2_r2,branch_count,constant_250,250.0,405,5317440,0.0593035,True,False,7356,1011,1,2
shrinking_b_decay_channels_2_r2,branch_count,constant_500,500.0,405,5317440,0.0674488,True,False,5255,2046,1,2
shrinking_b_decay_channels_2_r2,branch_count,cost_model,577.767632966904,405,5317440,0.070126,True,False,4586,2370,1,2
shrinking_b_decay_channels_2_r2,branch_count,cost_model_x0.5,288.883816483452,405,5317440,0.0616969,True,False,7031,1174,1,2
shrinking_b_decay_channels_2_r2,branch_count,cost_model_x0.25,144.441908241726,405,5317440,0.0635631,True,False,8272,572,1,2
shrinking_b_decay_channels_4_r05,branch_count,wallclock_timing,,405,190960,0.0121952,True,False,1748,2,2,2
shrinking_b_decay_channels_4_r05,branch_count,constant_60,60.0,405,190960,0.0100268,True,False,1302,250,1,2
shrinking_b_decay_channels_4_r05,branch_count,constant_125,125.0,405,190960,0.0077317,True,False,722,520,1,2
shrinking_b_decay_channels_4_r05,branch_count,constant_250,250.0,405,190960,0.0082333,True,False,1,876,1,2
shrinking_b_decay_channels_4_r05,branch_count,constant_500,500.0,405,190960,0.0064735,True,False,1,876,1,2
shrinking_b_decay_channels_4_r05,branch_count,cost_model,427.11375923733834,405,190960,0.0068311,True,False,1,876,1,2
shrinking_b_decay_channels_4_r05,branch_count,cost_model_x0.5,213.55687961866917,405,190960,0.0073877,True,False,1,876,1,2
shrinking_b_decay_channels_4_r05,branch_count,cost_model_x0.25,106.77843980933459,405,190960,0.0088075,True,False,887,443,1,2
shrinking_b_decay_channels_4_r1,branch_count,wallclock_timing,,405,763841,0.0265359,True,False,3508,2,2,2
shrinking_b_decay_channels_4_r1,branch_count,constant_60,60.0,405,763841,0.0236326,True,False,3060,239,1,2
shrinking_b_decay_channels_4_r1,branch_count,constant_125,125.0,405,763841,0.0227161,True,False,2529,512,1,2
shrinking_b_decay_channels_4_r1,branch_count,constant_250,250.0,405,763841,0.0214308,True,False,1473,1036,1,2
shrinking_b_decay_channels_4_r1,branch_count,constant_500,500.0,405,763841,0.0252558,True,False,1,1747,1,2
shrinking_b_decay_channels_4_r1,branch_count,cost_model,446.6452507773898,405,763841,0.0269992,True,False,1,1747,1,2
shrinking_b_decay_channels_4_r1,branch_count,cost_model_x0.5,223.3226253886949,405,763841,0.0201837,True,False,1688,919,1,2
shrinking_b_decay_channels_4_r1,branch_count,cost_model_x0.25,111.66131269434744,405,763841,0.0216006,True,False,2634,456,1,2
shrinking_b_decay_channels_4_r2,branch_count,wallclock_timing,,405,3055364,0.0556883,True,False,7211,2,2,2
shrinking_b_decay_channels_4_r2,branch_count,constant_60,60.0,405,3055364,0.0517587,True,False,6720,228,1,2
shrinking_b_decay_channels_4_r2,branch_count,constant_125,125.0,405,3055364,0.0494719,True,False,6152,500,1,2
shrinking_b_decay_channels_4_r2,branch_count,constant_250,250.0,405,3055364,0.0492628,True,False,5059,1016,1,2
shrinking_b_decay_channels_4_r2,branch_count,constant_500,500.0,405,3055364,0.0589554,True,False,2920,2056,1,2
shrinking_b_decay_channels_4_r2,branch_count,cost_model,478.95873999982166,405,3055364,0.0590378,True,False,3103,1966,1,2
shrinking_b_decay_channels_4_r2,branch_count,cost_model_x0.5,239.47936999991083,405,3055364,0.0489737,True,False,5149,978,1,2
shrinking_b_decay_channels_4_r2,branch_count,cost_model_x0.25,119.73968499995541,405,3055364,0.0496552,True,False,6203,479,1,2
shrinking_b_decay_channels_8_r05,branch_count,wallclock_timing,,405,90594,0.0100638,True,False,1205,2,2,2
shrinking_b_decay_channels_8_r05,branch_count,constant_60,60.0,405,90594,0.0062497,True,False,748,248,1,2
shrinking_b_decay_channels_8_r05,branch_count,constant_125,125.0,405,90594,0.0051985,True,False,179,520,1,2
shrinking_b_decay_channels_8_r05,branch_count,constant_250,250.0,405,90594,0.0048388,True,False,1,608,1,2
shrinking_b_decay_channels_8_r05,branch_count,constant_500,500.0,405,90594,0.0048002,True,False,1,608,1,2
shrinking_b_decay_channels_8_r05,branch_count,cost_model,349.54916218998983,405,90594,0.004802,True,False,1,608,1,2
shrinking_b_decay_channels_8_r05,branch_count,cost_model_x0.5,174.77458109499491,405,90594,0.0047905,True,False,1,608,1,2
shrinking_b_decay_channels_8_r05,branch_count,cost_model_x0.25,87.38729054749746,405,90594,0.0057948,True,False,504,366,1,2
shrinking_b_decay_channels_8_r1,branch_count,wallclock_timing,,405,362378,0.0154122,True,False,1494,480,3,2
shrinking_b_decay_channels_8_r1,branch_count,constant_60,60.0,405,362378,0.0164007,True,False,1982,244,1,2
shrinking_b_decay_channels_8_r1,branch_count,constant_125,125.0,405,362378,0.0148008,True,False,1420,518,1,2
shrinking_b_decay_channels_8_r1,branch_count,constant_250,250.0,405,362378,0.0165351,True,False,349,1032,1,2
shrinking_b_decay_channels_8_r1,branch_count,constant_500,500.0,405,362378,0.0184033,True,False,1,1201,1,2
shrinking_b_decay_channels_8_r1,branch_count,cost_model,360.7170256521287,405,362378,0.0179788,True,False,1,1201,1,2
shrinking_b_decay_channels_8_r1,branch_count,cost_model_x0.5,180.35851282606436,405,362378,0.014622,True,False,949,750,1,2
shrinking_b_decay_channels_8_r1,branch_count,cost_model_x0.25,90.17925641303218,405,362378,0.0178265,True,False,1734,372,1,2
shrinking_b_decay_channels_8_r2,branch_count,wallclock_timing,,405,1449512,0.03442,True,False,4989,2,2,2
shrinking_b_decay_channels_8_r2,branch_count,constant_60,60.0,405,1449512,0.0319292,True,False,4467,237,1,2
shrinking_b_decay_channels_8_r2,branch_count,constant_125,125.0,405,1449512,0.0301495,True,False,3927,506,1,2
shrinking_b_decay_channels_8_r2,branch_count,constant_250,250.0,405,1449512,0.0320381,True,False,2848,1025,1,2
shrinking_b_decay_channels_8_r2,branch_count,constant_500,500.0,405,1449512,0.0529399,True,False,709,2063,1,2
shrinking_b_decay_channels_8_r2,branch_count,cost_model,378.2062802764907,405,1449512,0.0386516,True,False,1751,1558,1,2
shrinking_b_decay_channels_8_r2,branch_count,cost_model_x0.5,189.10314013824535,405,1449512,0.032091,True,False,3358,776,1,2
shrinking_b_decay_channels_8_r2,branch_count,cost_model_x0.25,94.55157006912268,405,1449512,0.0323857,True,False,4173,378,1,2
dense_support_q4_r05,dense_support,wallclock_timing,,405,27747879,0.1284233,True,False,3446,700,3,2
dense_support_q4_r05,dense_support,constant_60,60.0,405,27747879,0.1996425,True,False,28311,134,1,2
dense_support_q4_r05,dense_support,constant_125,125.0,405,27747879,0.1537203,True,False,12899,388,1,2
dense_support_q4_r05,dense_support,constant_250,250.0,405,27747879,0.1400268,True,False,2753,731,1,2
dense_support_q4_r05,dense_support,constant_500,500.0,405,27747879,0.1480498,True,False,1,879,1,2
dense_support_q4_r05,dense_support,cost_model,733.9299421413416,405,27747879,0.1309845,True,False,1,879,1,2
dense_support_q4_r05,dense_support,cost_model_x0.5,366.9649710706708,405,27747879,0.1292903,True,False,1,879,1,2
dense_support_q4_r05,dense_support,cost_model_x0.25,183.4824855353354,405,27747879,0.1261803,True,False,6881,563,1,2
dense_support_q4_r1,dense_support,wallclock_timing,,405,110991516,0.4277256,True,False,23642,832,7,2
dense_support_q4_r1,dense_support,constant_60,60.0,405,110991516,0.6452972,True,False,87114,0,0,2
dense_support_q4_r1,dense_support,constant_125,125.0,405,110991516,0.5049995,True,False,54643,291,1,2
dense_support_q4_r1,dense_support,constant_250,250.0,405,110991516,0.4701047,True,False,25827,775,1,2
dense_support_q4_r1,dense_support,constant_500,500.0,405,110991516,0.5402881,True,False,5572,1460,1,2
dense_support_q4_r1,dense_support,cost_model,784.9494027582399,405,110991516,0.524117,True,False,1,1757,1,2
dense_support_q4_r1,dense_support,cost_model_x0.5,392.47470137911995,405,110991516,0.4953437,True,False,11822,1194,1,2
dense_support_q4_r1,dense_support,cost_model_x0.25,196.23735068955997,405,110991516,0.4371261,True,False,34833,587,1,2
dense_support_q6_r05,dense_support,wallclock_timing,,405,16382894,0.1225624,True,False,8883,326,5,2
dense_support_q6_r05,dense_support,constant_60,60.0,405,16382894,0.1568886,True,False,16972,165,1,2
dense_support_q6_r05,dense_support,constant_125,125.0,405,16382894,0.1337403,True,False,6653,388,1,2
dense_support_q6_r05,dense_support,constant_250,250.0,405,16382894,0.1487561,True,False,1,676,1,2
dense_support_q6_r05,dense_support,constant_500,500.0,405,16382894,0.1446877,True,False,1,676,1,2
dense_support_q6_r05,dense_support,cost_model,501.4841754008458,405,16382894,0.1452556,True,False,1,676,1,2
dense_support_q6_r05,dense_support,cost_model_x0.5,250.7420877004229,405,16382894,0.1502816,True,False,1,676,1,2
dense_support_q6_r05,dense_support,cost_model_x0.25,125.37104385021145,405,16382894,0.1429247,True,False,6616,389,1,2
dense_support_q6_r1,dense_support,wallclock_timing,,405,65531576,0.3735787,True,False,25168,485,11,2
dense_support_q6_r1,dense_support,constant_60,60.0,405,65531576,0.5751903,True,False,62033,35,1,2
dense_support_q6_r1,dense_support,constant_125,125.0,405,65531576,0.3882151,True,False,32694,350,1,2
dense_support_q6_r1,dense_support,constant_250,250.0,405,65531576,0.4202384,True,False,13284,775,1,2
dense_support_q6_r1,dense_support,constant_500,500.0,405,65531576,0.5708172,True,False,1,1350,1,2
dense_support_q6_r1,dense_support,cost_model,525.8795973198837,405,65531576,0.5034792,True,False,1,1350,1,2
dense_support_q6_r1,dense_support,cost_model_x0.5,262.93979865994186,405,65531576,0.4586214,True,False,12110,812,1,2
dense_support_q6_r1,dense_support,cost_model_x0.25,131.46989932997093,405,65531576,0.3832843,True,False,31046,377,1,2
dense_support_q8_r05,dense_support,wallclock_timing,,405,7615247,0.1033095,True,False,5783,232,5,2
dense_support_q8_r05,dense_support,constant_60,60.0,405,7615247,0.1149781,True,False,7570,186,1,2
dense_support_q8_r05,dense_support,constant_125,125.0,405,7615247,0.1105274,True,False,1743,369,1,2
dense_support_q8_r05,dense_support,constant_250,250.0,405,7615247,0.1175427,True,False,1,461,1,2
dense_support_q8_r05,dense_support,constant_500,500.0,405,7615247,0.1165499,True,False,1,461,1,2
dense_support_q8_r05,dense_support,cost_model,362.75548127430085,405,7615247,0.118123,True,False,1,461,1,2
dense_support_q8_r05,dense_support,cost_model_x0.5,181.37774063715042,405,7615247,0.1171013,True,False,1,461,1,2
dense_support_q8_r05,dense_support,cost_model_x0.25,90.68887031857521,405,7615247,0.1002819,True,False,4041,281,1,2
dense_support_q8_r1,dense_support,wallclock_timing,,405,30460991,0.3062753,True,False,13031,421,5,2
dense_support_q8_r1,dense_support,constant_60,60.0,405,30460991,0.377373,True,False,30966,126,1,2
dense_support_q8_r1,dense_support,constant_125,125.0,405,30460991,0.3364144,True,False,14392,387,1,2
dense_support_q8_r1,dense_support,constant_250,250.0,405,30460991,0.3463452,True,False,3498,737,1,2
dense_support_q8_r1,dense_support,constant_500,500.0,405,30460991,0.4299595,True,False,1,921,1,2
dense_support_q8_r1,dense_support,cost_model,374.37645032354044,405,30460991,0.4147797,True,False,1,921,1,2
dense_support_q8_r1,dense_support,cost_model_x0.5,187.18822516177022,405,30460991,0.3265203,True,False,7595,576,1,2
dense_support_q8_r1,dense_support,cost_model_x0.25,93.59411258088511,405,30460991,0.3610148,True,False,20192,273,1,2
dense_support_q8_r2,dense_support,wallclock_timing,,405,121843964,1.1027681,True,False,27303,810,9,2
dense_support_q8_r2,dense_support,constant_60,60.0,405,121843964,1.0351638,True,False,91242,0,0,2
dense_support_q8_r2,dense_support,constant_125,125.0,405,121843964,0.891181,True,False,59657,277,1,2
dense_support_q8_r2,dense_support,constant_250,250.0,405,121843964,1.0236101,True,False,28809,772,1,2
dense_support_q8_r2,dense_support,constant_500,500.0,405,121843964,1.4517791,True,False,7018,1473,1,2
dense_support_q8_r2,dense_support,cost_model,392.9554258679335,405,121843964,1.261063,True,False,13738,1202,1,2
dense_support_q8_r2,dense_support,cost_model_x0.5,196.47771293396676,405,121843964,0.9428916,True,False,38368,580,1,2
dense_support_q8_r2,dense_support,cost_model_x0.25,98.23885646698338,405,121843964,0.9384822,True,False,73199,141,1,2
dense_support_q12_r05,dense_support,wallclock_timing,,405,4302608,0.1693854,True,False,8693,88,7,2
dense_support_q12_r05,dense_support,constant_60,60.0,405,4302608,0.1383397,True,False,3803,187,1,2
dense_support_q12_r05,dense_support,constant_125,125.0,405,4302608,0.1393126,True,False,1,347,1,2
dense_support_q12_r05,dense_support,constant_250,250.0,405,4302608,0.1401699,True,False,1,347,1,2
dense_support_q12_r05,dense_support,constant_500,500.0,405,4302608,0.1487833,True,False,1,347,1,2
dense_support_q12_r05,dense_support,cost_model,237.1021813958432,405,4302608,0.1147494,True,False,1,347,1,2
dense_support_q12_r05,dense_support,cost_model_x0.5,118.5510906979216,405,4302608,0.1171041,True,False,223,334,1,2
dense_support_q12_r05,dense_support,cost_model_x0.25,59.2755453489608,405,4302608,0.1166232,True,False,3882,185,1,2
dense_support_q12_r1,dense_support,wallclock_timing,,405,17210432,0.3620745,True,False,18207,160,7,2
dense_support_q12_r1,dense_support,constant_60,60.0,405,17210432,0.3755922,True,False,17834,163,1,2
dense_support_q12_r1,dense_support,constant_125,125.0,405,17210432,0.3705774,True,False,7104,389,1,2
dense_support_q12_r1,dense_support,constant_250,250.0,405,17210432,0.4816834,True,False,6,693,1,2
dense_support_q12_r1,dense_support,constant_500,500.0,405,17210432,0.4814479,True,False,1,693,1,2
dense_support_q12_r1,dense_support,cost_model,241.64168573212487,405,17210432,0.5328705,True,False,297,675,1,2
dense_support_q12_r1,dense_support,cost_model_x0.5,120.82084286606243,405,17210432,0.3677802,True,False,7510,376,1,2
dense_support_q12_r1,dense_support,cost_model_x0.25,60.41042143303122,405,17210432,0.3904652,True,False,17713,165,1,2
dense_support_q12_r2,dense_support,wallclock_timing,,405,68841729,1.0854217,True,False,53188,129,15,2
dense_support_q12_r2,dense_support,constant_60,60.0,405,68841729,1.0867531,True,False,64749,27,1,2
dense_support_q12_r2,dense_support,constant_125,125.0,405,68841729,1.0468512,True,False,34352,346,1,2
dense_support_q12_r2,dense_support,constant_250,250.0,405,68841729,1.3885762,True,False,14208,776,1,2
dense_support_q12_r2,dense_support,constant_500,500.0,405,68841729,2.085211,True,False,10,1384,1,2
dense_support_q12_r2,dense_support,cost_model,248.58105693558042,405,68841729,1.3928223,True,False,14335,772,1,2
dense_support_q12_r2,dense_support,cost_model_x0.5,124.29052846779021,405,68841729,1.0358419,True,False,34551,343,1,2
dense_support_q12_r2,dense_support,cost_model_x0.25,62.145264233895105,405,68841729,1.038502,True,False,63039,40,1,2
collision_o2_g0_n1000000_r05,collision,wallclock_timing,,405,22361383,0.1342522,True,False,12201,340,7,2
collision_o2_g0_n1000000_r05,collision,constant_60,60.0,405,22361383,0.1818925,True,False,23038,149,1,2
collision_o2_g0_n1000000_r05,collision,constant_125,125.0,405,22361383,0.1281108,True,False,9943,390,1,2
collision_o2_g0_n1000000_r05,collision,constant_250,250.0,405,22361383,0.1192037,True,False,1316,715,1,2
collision_o2_g0_n1000000_r05,collision,constant_500,500.0,405,22361383,0.1191274,True,False,1,789,1,2
collision_o2_g0_n1000000_r05,collision,cost_model,728.0031665684888,405,22361383,0.1196966,True,False,1,789,1,2
collision_o2_g0_n1000000_r05,collision,cost_model_x0.5,364.0015832842444,405,22361383,0.1194593,True,False,1,789,1,2
collision_o2_g0_n1000000_r05,collision,cost_model_x0.25,182.0007916421222,405,22361383,0.1181618,True,False,4941,552,1,2
collision_o2_g0_n1000000_r1,collision,wallclock_timing,,405,89445535,0.376788,True,False,9878,1117,7,2
collision_o2_g0_n1000000_r1,collision,constant_60,60.0,405,89445535,0.5388166,True,False,78185,0,0,2
collision_o2_g0_n1000000_r1,collision,constant_125,125.0,405,89445535,0.4289494,True,False,44408,320,1,2
collision_o2_g0_n1000000_r1,collision,constant_250,250.0,405,89445535,0.3828909,True,False,19937,778,1,2
collision_o2_g0_n1000000_r1,collision,constant_500,500.0,405,89445535,0.439291,True,False,2641,1428,1,2
collision_o2_g0_n1000000_r1,collision,cost_model,775.1598234648103,405,89445535,0.41825,True,False,1,1577,1,2
collision_o2_g0_n1000000_r1,collision,cost_model_x0.5,387.57991173240515,405,89445535,0.4112988,True,False,8290,1163,1,2
collision_o2_g0_n1000000_r1,collision,cost_model_x0.25,193.78995586620258,405,89445535,0.3971298,True,False,27955,591,1,2
collision_o2_g1_n1000000_r05,collision,wallclock_timing,,405,78119729,0.3690369,True,False,5099,1150,3,2
collision_o2_g1_n1000000_r05,collision,constant_60,60.0,405,78119729,0.7868315,True,False,67984,219,1,2
collision_o2_g1_n1000000_r05,collision,constant_125,125.0,405,78119729,0.4653003,True,False,31751,549,1,2
collision_o2_g1_n1000000_r05,collision,constant_250,250.0,405,78119729,0.4208081,True,False,10669,961,1,2
collision_o2_g1_n1000000_r05,collision,constant_500,500.0,405,78119729,0.4179778,True,False,1,1369,1,2
collision_o2_g1_n1000000_r05,collision,cost_model,1062.8147114595884,405,78119729,0.3791535,True,False,1,1369,1,2
collision_o2_g1_n1000000_r05,collision,cost_model_x0.5,531.4073557297942,405,78119729,0.3875591,True,False,1,1369,1,2
collision_o2_g1_n1000000_r05,collision,cost_model_x0.25,265.7036778648971,405,78119729,0.4099145,True,False,9317,1002,1,2
collision_o2_g2_n1000000_r05,collision,wallclock_timing,,405,115123229,0.6151068,True,False,2695,1454,3,2
collision_o2_g2_n1000000_r05,collision,constant_60,60.0,405,115123229,1.3077842,True,False,93342,340,1,2
collision_o2_g2_n1000000_r05,collision,constant_125,125.0,405,115123229,0.7726153,True,False,41715,702,1,2
collision_o2_g2_n1000000_r05,collision,constant_250,250.0,405,115123229,0.6376966,True,False,13905,1127,1,2
collision_o2_g2_n1000000_r05,collision,constant_500,500.0,405,115123229,0.5453465,True,False,1,1562,1,2
collision_o2_g2_n1000000_r05,collision,cost_model,1163.8590874864715,405,115123229,0.5967019,True,False,1,1562,1,2
collision_o2_g2_n1000000_r05,collision,cost_model_x0.5,581.9295437432357,405,115123229,0.6111104,True,False,1,1562,1,2
collision_o2_g2_n1000000_r05,collision,cost_model_x0.25,290.96477187161787,405,115123229,0.557413,True,False,9666,1231,1,2
dimerization_r05,dimerization,wallclock_timing,,406,7486081,0.1458387,True,False,3253,1918,3,2
dimerization_r05,dimerization,constant_60,60.0,406,7486081,0.1633534,True,False,15672,0,0,2
dimerization_r05,dimerization,constant_125,125.0,406,7486081,0.1642531,True,False,15672,0,0,2
dimerization_r05,dimerization,constant_250,250.0,406,7486081,0.1665907,True,False,15672,0,0,2
dimerization_r05,dimerization,constant_500,500.0,406,7486081,0.1520427,True,False,1,2369,1,2
dimerization_r05,dimerization,cost_model,876.9217514218748,406,7486081,0.1509408,True,False,1,2369,1,2
dimerization_r05,dimerization,cost_model_x0.5,438.4608757109374,406,7486081,0.1519187,True,False,1,2369,1,2
dimerization_r05,dimerization,cost_model_x0.25,219.2304378554687,406,7486081,0.1620195,True,False,15672,0,0,2
dimerization_r1,dimerization,wallclock_timing,,406,29944326,0.3325454,True,False,31145,17,12,2
dimerization_r1,dimerization,constant_60,60.0,406,29944326,0.324871,True,False,31279,0,0,2
dimerization_r1,dimerization,constant_125,125.0,406,29944326,0.296775,True,False,31279,0,0,2
dimerization_r1,dimerization,constant_250,250.0,406,29944326,0.3062484,True,False,31279,0,0,2
dimerization_r1,dimerization,constant_500,500.0,406,29944326,0.3357535,True,False,31279,0,0,2
dimerization_r1,dimerization,cost_model,931.4985322705442,406,29944326,0.5577028,True,False,1,4736,1,2
dimerization_r1,dimerization,cost_model_x0.5,465.7492661352721,406,29944326,0.2871086,True,False,31279,0,0,2
dimerization_r1,dimerization,cost_model_x0.25,232.87463306763604,406,29944326,0.2880843,True,False,31279,0,0,2
lotka_volterra_r05,lotka_volterra,wallclock_timing,,406,179940,0.362841,True,False,36918,2892,20,2
lotka_volterra_r05,lotka_volterra,constant_60,60.0,406,179940,0.4407933,True,False,44554,0,0,2
lotka_volterra_r05,lotka_volterra,constant_125,125.0,406,179940,0.399706,True,False,44554,0,0,2
lotka_volterra_r05,lotka_volterra,constant_250,250.0,406,179940,0.288084,True,False,19031,10183,7,2
lotka_volterra_r05,lotka_volterra,constant_500,500.0,406,179940,0.2128701,True,False,1,17108,1,2
lotka_volterra_r05,lotka_volterra,cost_model,727.0380042190227,406,179940,0.2359685,True,False,1,17108,1,2
lotka_volterra_r05,lotka_volterra,cost_model_x0.5,363.51900210951135,406,179940,0.2223188,True,False,1,17108,1,2
lotka_volterra_r05,lotka_volterra,cost_model_x0.25,181.75950105475567,406,179940,0.3874388,True,False,44554,0,0,2
lotka_volterra_r1,lotka_volterra,wallclock_timing,,406,719761,0.8146398,True,False,85058,1477,40,2
lotka_volterra_r1,lotka_volterra,constant_60,60.0,406,719761,0.8487985,True,False,89185,0,0,2
lotka_volterra_r1,lotka_volterra,constant_125,125.0,406,719761,0.8652271,True,False,89185,0,0,2
lotka_volterra_r1,lotka_volterra,constant_250,250.0,406,719761,0.8187596,True,False,89185,0,0,2
lotka_volterra_r1,lotka_volterra,constant_500,500.0,406,719761,0.7947786,True,False,37961,20335,7,2
lotka_volterra_r1,lotka_volterra,cost_model,757.789328062881,406,719761,0.8319583,True,False,1,34236,1,2
lotka_volterra_r1,lotka_volterra,cost_model_x0.5,378.8946640314405,406,719761,0.8110677,True,False,89185,0,0,2
lotka_volterra_r1,lotka_volterra,cost_model_x0.25,189.44733201572026,406,719761,0.8691422,True,False,89185,0,0,2
lotka_volterra_r2,lotka_volterra,wallclock_timing,,406,2879044,1.8005108,True,False,172784,2051,70,2
lotka_volterra_r2,lotka_volterra,constant_60,60.0,406,2879044,1.7671229,True,False,178191,0,0,2
lotka_volterra_r2,lotka_volterra,constant_125,125.0,406,2879044,1.7643332,True,False,178191,0,0,2
lotka_volterra_r2,lotka_volterra,constant_250,250.0,406,2879044,1.7812457,True,False,178191,0,0,2
lotka_volterra_r2,lotka_volterra,constant_500,500.0,406,2879044,1.7602482,True,False,178191,0,0,2
lotka_volterra_r2,lotka_volterra,cost_model,804.9996298765527,406,2879044,1.8989003,True,False,150765,12179,7,2
lotka_volterra_r2,lotka_volterra,cost_model_x0.5,402.49981493827636,406,2879044,1.7222505,True,False,178191,0,0,2
lotka_volterra_r2,lotka_volterra,cost_model_x0.25,201.24990746913818,406,2879044,1.7212655,True,False,178191,0,0,2
shrinking_r05,shrinking,wallclock_timing,,406,342703,0.0133975,True,False,2405,2,2,2
shrinking_r05,shrinking,constant_60,60.0,406,342703,0.0117277,True,False,1925,243,1,2
shrinking_r05,shrinking,constant_125,125.0,406,342703,0.0098284,True,False,1392,521,1,2
shrinking_r05,shrinking,constant_250,250.0,406,342703,0.0092584,True,False,294,1037,1,2
shrinking_r05,shrinking,constant_500,500.0,406,342703,0.0077691,True,False,1,1171,1,2
shrinking_r05,shrinking,cost_model,544.0582811864226,406,342703,0.007286,True,False,1,1171,1,2
shrinking_r05,shrinking,cost_model_x0.5,272.0291405932113,406,342703,0.0080336,True,False,107,1124,1,2
shrinking_r05,shrinking,cost_model_x0.25,136.01457029660565,406,342703,0.0095565,True,False,1291,567,1,2
shrinking_r1,shrinking,wallclock_timing,,406,1370812,0.0278625,True,False,4737,2,2,2
shrinking_r1,shrinking,constant_60,60.0,406,1370812,0.0265104,True,False,4375,233,1,2
shrinking_r1,shrinking,constant_125,125.0,406,1370812,0.0249654,True,False,3809,506,1,2
shrinking_r1,shrinking,constant_250,250.0,406,1370812,0.0234933,True,False,2738,1025,1,2
shrinking_r1,shrinking,constant_500,500.0,406,1370812,0.0285149,True,False,576,2063,1,2
shrinking_r1,shrinking,cost_model,577.897910766499,406,1370812,0.0280039,True,False,1,2332,1,2
shrinking_r1,shrinking,cost_model_x0.5,288.9489553832495,406,1370812,0.0222203,True,False,2388,1188,1,2
shrinking_r1,shrinking,cost_model_x0.25,144.47447769162474,406,1370812,0.0252765,True,False,3652,588,1,2
shrinking_r2,shrinking,wallclock_timing,,406,5483250,0.0603969,True,False,9643,4,4,2
shrinking_r2,shrinking,constant_60,60.0,406,5483250,0.0603599,True,False,9197,221,1,2
shrinking_r2,shrinking,constant_125,125.0,406,5483250,0.0587627,True,False,8634,490,1,2
shrinking_r2,shrinking,constant_250,250.0,406,5483250,0.0576498,True,False,7553,1011,1,2
shrinking_r2,shrinking,constant_500,500.0,406,5483250,0.0637806,True,False,5404,2045,1,2
shrinking_r2,shrinking,cost_model,636.0096349670639,406,5483250,0.0719191,True,False,4230,2611,1,2
shrinking_r2,shrinking,cost_model_x0.5,318.00481748353195,406,5483250,0.0619105,True,False,6965,1290,1,2
shrinking_r2,shrinking,cost_model_x0.25,159.00240874176598,406,5483250,0.0627534,True,False,8342,629,1,2
shrinking_no_b_decay_r05,shrinking,wallclock_timing,,406,1108596,0.0170492,True,False,1747,359,3,2
shrinking_no_b_decay_r05,shrinking,constant_60,60.0,406,1108596,0.0263697,True,False,3492,134,1,2
shrinking_no_b_decay_r05,shrinking,constant_125,125.0,406,1108596,0.0192045,True,False,2182,286,1,2
shrinking_no_b_decay_r05,shrinking,constant_250,250.0,406,1108596,0.0132526,True,False,591,615,1,2
shrinking_no_b_decay_r05,shrinking,constant_500,500.0,406,1108596,0.0125028,True,False,1,773,1,2
shrinking_no_b_decay_r05,shrinking,cost_model,615.9818556111519,406,1108596,0.0121442,True,False,1,773,1,2
shrinking_no_b_decay_r05,shrinking,cost_model_x0.5,307.99092780557595,406,1108596,0.01237,True,False,1,773,1,2
shrinking_no_b_decay_r05,shrinking,cost_model_x0.25,153.99546390278798,406,1108596,0.0172118,True,False,1747,359,1,2
shrinking_no_b_decay_r1,shrinking,wallclock_timing,,406,4434387,0.0447443,True,False,5514,412,7,2
shrinking_no_b_decay_r1,shrinking,constant_60,60.0,406,4434387,0.055663,True,False,9132,131,1,2
shrinking_no_b_decay_r1,shrinking,constant_125,125.0,406,4434387,0.0489462,True,False,6840,275,1,2
shrinking_no_b_decay_r1,shrinking,constant_250,250.0,406,4434387,0.0411764,True,False,4335,570,1,2
shrinking_no_b_decay_r1,shrinking,constant_500,500.0,406,4434387,0.0383985,True,False,1164,1228,1,2
shrinking_no_b_decay_r1,shrinking,cost_model,657.5600996857365,406,4434387,0.0460094,True,False,1,1542,1,2
shrinking_no_b_decay_r1,shrinking,cost_model_x0.5,328.78004984286827,406,4434387,0.0388403,True,False,3206,769,1,2
shrinking_no_b_decay_r1,shrinking,cost_model_x0.25,164.39002492143413,406,4434387,0.043847,True,False,5909,366,1,2
shrinking_no_b_decay_r2,shrinking,wallclock_timing,,406,17737550,0.1108574,True,False,12703,646,5,2
shrinking_no_b_decay_r2,shrinking,constant_60,60.0,406,17737550,0.1520231,True,False,22523,129,1,2
shrinking_no_b_decay_r2,shrinking,constant_125,125.0,406,17737550,0.1277814,True,False,18170,269,1,2
shrinking_no_b_decay_r2,shrinking,constant_250,250.0,406,17737550,0.1163928,True,False,13717,545,1,2
shrinking_no_b_decay_r2,shrinking,constant_500,500.0,406,17737550,0.122884,True,False,8655,1137,1,2
shrinking_no_b_decay_r2,shrinking,cost_model,729.6023497822766,406,17737550,0.1346409,True,False,5390,1719,1,2
shrinking_no_b_decay_r2,shrinking,cost_model_x0.5,364.8011748911383,406,17737550,0.1311378,True,False,11074,811,1,2
shrinking_no_b_decay_r2,shrinking,cost_model_x0.25,182.40058744556916,406,17737550,0.123525,True,False,15813,395,1,2
shrinking_split_b_decay_r05,shrinking,wallclock_timing,,406,298581,0.0122408,True,False,2220,2,2,2
shrinking_split_b_decay_r05,shrinking,constant_60,60.0,406,298581,0.0108694,True,False,1729,245,1,2
shrinking_split_b_decay_r05,shrinking,constant_125,125.0,406,298581,0.011759,True,False,1171,516,1,2
shrinking_split_b_decay_r05,shrinking,constant_250,250.0,406,298581,0.0070382,True,False,118,1033,1,2
shrinking_split_b_decay_r05,shrinking,constant_500,500.0,406,298581,0.0071061,True,False,1,1092,1,2
shrinking_split_b_decay_r05,shrinking,cost_model,496.2802133398286,406,298581,0.0074085,True,False,1,1092,1,2
shrinking_split_b_decay_r05,shrinking,cost_model_x0.5,248.1401066699143,406,298581,0.0073562,True,False,132,1029,1,2
shrinking_split_b_decay_r05,shrinking,cost_model_x0.25,124.07005333495715,406,298581,0.0088976,True,False,1179,515,1,2
shrinking_split_b_decay_r1,shrinking,wallclock_timing,,406,1194326,0.0299249,True,False,4495,2,2,2
shrinking_split_b_decay_r1,shrinking,constant_60,60.0,406,1194326,0.0248156,True,False,4061,239,1,2
shrinking_split_b_decay_r1,shrinking,constant_125,125.0,406,1194326,0.0245586,True,False,3484,511,1,2
shrinking_split_b_decay_r1,shrinking,constant_250,250.0,406,1194326,0.0231932,True,False,2407,1031,1,2
shrinking_split_b_decay_r1,shrinking,constant_500,500.0,406,1194326,0.0270735,True,False,253,2062,1,2
shrinking_split_b_decay_r1,shrinking,cost_model,524.5670125279418,406,1194326,0.0277123,True,False,32,2165,1,2
shrinking_split_b_decay_r1,shrinking,cost_model_x0.5,262.2835062639709,406,1194326,0.0225294,True,False,2295,1079,1,2
shrinking_split_b_decay_r1,shrinking,cost_model_x0.25,131.14175313198544,406,1194326,0.0231877,True,False,3430,532,1,2
shrinking_split_b_decay_r2,shrinking,wallclock_timing,,406,4777304,0.0575519,True,False,8941,4,4,2
shrinking_split_b_decay_r2,shrinking,constant_60,60.0,406,4777304,0.0564698,True,False,8581,222,1,2
shrinking_split_b_decay_r2,shrinking,constant_125,125.0,406,4777304,0.0555118,True,False,8058,491,1,2
shrinking_split_b_decay_r2,shrinking,constant_250,250.0,406,4777304,0.0537402,True,False,6974,1011,1,2
shrinking_split_b_decay_r2,shrinking,constant_500,500.0,406,4777304,0.060563,True,False,4812,2056,1,2
shrinking_split_b_decay_r2,shrinking,cost_model,572.7418683444771,406,4777304,0.0675012,True,False,4191,2350,1,2
shrinking_split_b_decay_r2,shrinking,cost_model_x0.5,286.37093417223855,406,4777304,0.0598996,True,False,6663,1163,1,2
shrinking_split_b_decay_r2,shrinking,cost_model_x0.25,143.18546708611927,406,4777304,0.0594638,True,False,7901,568,1,2
shrinking_b_decay_channels_1_r05,branch_count,wallclock_timing,,406,357951,0.0094712,True,False,461,974,3,2
shrinking_b_decay_channels_1_r05,branch_count,constant_60,60.0,406,357951,0.0135097,True,False,1958,248,1,2
shrinking_b_decay_channels_1_r05,branch_count,constant_125,125.0,406,357951,0.0113158,True,False,1409,515,1,2
shrinking_b_decay_channels_1_r05,branch_count,constant_250,250.0,406,357951,0.0089066,True,False,338,1036,1,2
shrinking_b_decay_channels_1_r05,branch_count,constant_500,500.0,406,357951,0.0096245,True,False,1,1195,1,2
shrinking_b_decay_channels_1_r05,branch_count,cost_model,544.8928140153258,406,357951,0.0092873,True,False,1,1195,1,2
shrinking_b_decay_channels_1_r05,branch_count,cost_model_x0.5,272.4464070076629,406,357951,0.009187,True,False,153,1133,1,2
shrinking_b_decay_channels_1_r05,branch_count,cost_model_x0.25,136.22320350383146,406,357951,0.0110051,True,False,1316,563,1,2
shrinking_b_decay_channels_1_r1,branch_count,wallclock_timing,,406,1431807,0.0365989,True,False,4898,12,4,2
shrinking_b_decay_channels_1_r1,branch_count,constant_60,60.0,406,1431807,0.0316729,True,False,4465,236,1,2
shrinking_b_decay_channels_1_r1,branch_count,constant_125,125.0,406,1431807,0.028486,True,False,3890,510,1,2
shrinking_b_decay_channels_1_r1,branch_count,constant_250,250.0,406,1431807,0.024129,True,False,2823,1028,1,2
shrinking_b_decay_channels_1_r1,branch_count,constant_500,500.0,406,1431807,0.0248557,True,False,683,2063,1,2
shrinking_b_decay_channels_1_r1,branch_count,cost_model,579.2665840985251,406,1431807,0.0295586,True,False,1,2384,1,2
shrinking_b_decay_channels_1_r1,branch_count,cost_model_x0.5,289.63329204926254,406,1431807,0.0228297,True,False,2480,1191,1,2
shrinking_b_decay_channels_1_r1,branch_count,cost_model_x0.25,144.81664602463127,406,1431807,0.0260466,True,False,3730,590,1,2
shrinking_b_decay_channels_1_r2,branch_count,wallclock_timing,,406,5727229,0.0605691,True,False,9896,4,4,2
shrinking_b_decay_channels_1_r2,branch_count,constant_60,60.0,406,5727229,0.0625438,True,False,9408,219,1,2
shrinking_b_decay_channels_1_r2,branch_count,constant_125,125.0,406,5727229,0.0563788,True,False,8842,486,1,2
shrinking_b_decay_channels_1_r2,branch_count,constant_250,250.0,406,5727229,0.0563809,True,False,7751,1010,1,2
shrinking_b_decay_channels_1_r2,branch_count,constant_500,500.0,406,5727229,0.0588941,True,False,5610,2047,1,2
shrinking_b_decay_channels_1_r2,branch_count,cost_model,638.4465574594063,406,5727229,0.0630039,True,False,4443,2621,1,2
shrinking_b_decay_channels_1_r2,branch_count,cost_model_x0.5,319.22327872970317,406,5727229,0.0563571,True,False,7161,1298,1,2
shrinking_b_decay_channels_1_r2,branch_count,cost_model_x0.25,159.61163936485158,406,5727229,0.060682,True,False,8544,634,1,2
shrinking_b_decay_channels_2_r05,branch_count,wallclock_timing,,406,332340,0.0094775,True,False,651,838,3,2
shrinking_b_decay_channels_2_r05,branch_count,constant_60,60.0,406,332340,0.0129825,True,False,1849,249,1,2
shrinking_b_decay_channels_2_r05,branch_count,constant_125,125.0,406,332340,0.0109964,True,False,1295,516,1,2
shrinking_b_decay_channels_2_r05,branch_count,constant_250,250.0,406,332340,0.0087736,True,False,235,1035,1,2
shrinking_b_decay_channels_2_r05,branch_count,constant_500,500.0,406,332340,0.0095246,True,False,1,1154,1,2
shrinking_b_decay_channels_2_r05,branch_count,cost_model,498.0234392861981,406,332340,0.0096748,True,False,1,1154,1,2
shrinking_b_decay_channels_2_r05,branch_count,cost_model_x0.5,249.01171964309904,406,332340,0.0097327,True,False,243,1031,1,2
shrinking_b_decay_channels_2_r05,branch_count,cost_model_x0.25,124.50585982154952,406,332340,0.0110772,True,False,1299,514,1,2
shrinking_b_decay_channels_2_r1,branch_count,wallclock_timing,,406,1329360,0.0327368,True,False,4708,2,2,2
shrinking_b_decay_channels_2_r1,branch_count,constant_60,60.0,406,1329360,0.0316702,True,False,4261,239,1,2
shrinking_b_decay_channels_2_r1,branch_count,constant_125,125.0,406,1329360,0.0307842,True,False,3699,506,1,2
shrinking_b_decay_channels_2_r1,branch_count,constant_250,250.0,406,1329360,0.0271873,True,False,2642,1027,1,2
shrinking_b_decay_channels_2_r1,branch_count,constant_500,500.0,406,1329360,0.0331135,True,False,481,2063,1,2
shrinking_b_decay_channels_2_r1,branch_count,cost_model,527.4043832284837,406,1329360,0.0340464,True,False,247,2182,1,2
shrinking_b_decay_channels_2_r1,branch_count,cost_model_x0.5,263.7021916142418,406,1329360,0.0293505,True,False,2528,1083,1,2
shrinking_b_decay_channels_2_r1,branch_count,cost_model_x0.25,131.8510958071209,406,1329360,0.0304479,True,False,3639,533,1,2
shrinking_b_decay_channels_2_r2,branch_count,wallclock_timing,,406,5317440,0.064148,True,False,9518,4,4,2
shrinking_b_decay_channels_2_r2,branch_count,constant_60,60.0,406,5317440,0.0601996,True,False,9065,221,1,2
shrinking_b_decay_channels_2_r2,branch_count,constant_125,125.0,406,5317440,0.0581034,True,False,8486,490,1,2
shrinking_b_decay_channels_2_r2,branch_count,constant_250,250.0,406,5317440,0.0578897,True,False,7432,1011,1,2
shrinking_b_decay_channels_2_r2,branch_count,constant_500,500.0,406,5317440,0.0616136,True,False,5254,2047,1,2
shrinking_b_decay_channels_2_r2,branch_count,cost_model,577.767632966904,406,5317440,0.0658475,True,False,4576,2371,1,2
shrinking_b_decay_channels_2_r2,branch_count,cost_model_x0.5,288.883816483452,406,5317440,0.057646,True,False,7113,1169,1,2
shrinking_b_decay_channels_2_r2,branch_count,cost_model_x0.25,144.441908241726,406,5317440,0.0556873,True,False,8331,573,1,2
shrinking_b_decay_channels_4_r05,branch_count,wallclock_timing,,406,190960,0.0110775,True,False,1795,2,2,2
shrinking_b_decay_channels_4_r05,branch_count,constant_60,60.0,406,190960,0.0086158,True,False,1270,247,1,2
shrinking_b_decay_channels_4_r05,branch_count,constant_125,125.0,406,190960,0.0068682,True,False,720,519,1,2
shrinking_b_decay_channels_4_r05,branch_count,constant_250,250.0,406,190960,0.0059674,True,False,1,875,1,2
shrinking_b_decay_channels_4_r05,branch_count,constant_500,500.0,406,190960,0.0067897,True,False,1,875,1,2
shrinking_b_decay_channels_4_r05,branch_count,cost_model,427.11375923733834,406,190960,0.0061776,True,False,1,875,1,2
shrinking_b_decay_channels_4_r05,branch_count,cost_model_x0.5,213.55687961866917,406,190960,0.0068946,True,False,1,875,1,2
shrinking_b_decay_channels_4_r05,branch_count,cost_model_x0.25,106.77843980933459,406,190960,0.007215,True,False,883,443,1,2
shrinking_b_decay_channels_4_r1,branch_count,wallclock_timing,,406,763841,0.0235138,True,False,3636,2,2,2
shrinking_b_decay_channels_4_r1,branch_count,constant_60,60.0,406,763841,0.0224053,True,False,3104,242,1,2
shrinking_b_decay_channels_4_r1,branch_count,constant_125,125.0,406,763841,0.021304,True,False,2559,512,1,2
shrinking_b_decay_channels_4_r1,branch_count,constant_250,250.0,406,763841,0.0202357,True,False,1472,1032,1,2
shrinking_b_decay_channels_4_r1,branch_count,constant_500,500.0,406,763841,0.0252705,True,False,1,1742,1,2
shrinking_b_decay_channels_4_r1,branch_count,cost_model,446.6452507773898,406,763841,0.0250553,True,False,1,1742,1,2
shrinking_b_decay_channels_4_r1,branch_count,cost_model_x0.5,223.3226253886949,406,763841,0.0199863,True,False,1694,925,1,2
shrinking_b_decay_channels_4_r1,branch_count,cost_model_x0.25,111.66131269434744,406,763841,0.0217388,True,False,2673,455,1,2
shrinking_b_decay_channels_4_r2,branch_count,wallclock_timing,,406,3055364,0.0542122,True,False,7187,2,2,2
shrinking_b_decay_channels_4_r2,branch_count,constant_60,60.0,406,3055364,0.0523957,True,False,6716,228,1,2
shrinking_b_decay_channels_4_r2,branch_count,constant_125,125.0,406,3055364,0.0516662,True,False,6172,499,1,2
shrinking_b_decay_channels_4_r2,branch_count,constant_250,250.0,406,3055364,0.051468,True,False,5116,1017,1,2
shrinking_b_decay_channels_4_r2,branch_count,constant_500,500.0,406,3055364,0.064019,True,False,2922,2059,1,2
shrinking_b_decay_channels_4_r2,branch_count,cost_model,478.95873999982166,406,3055364,0.0517381,True,False,3111,1965,1,2
shrinking_b_decay_channels_4_r2,branch_count,cost_model_x0.5,239.47936999991083,406,3055364,0.0450243,True,False,5204,974,1,2
shrinking_b_decay_channels_4_r2,branch_count,cost_model_x0.25,119.73968499995541,406,3055364,0.0452816,True,False,6214,476,1,2
shrinking_b_decay_channels_8_r05,branch_count,wallclock_timing,,406,90594,0.0053414,True,False,380,425,3,2
shrinking_b_decay_channels_8_r05,branch_count,constant_60,60.0,406,90594,0.0058889,True,False,741,248,1,2
shrinking_b_decay_channels_8_r05,branch_count,constant_125,125.0,406,90594,0.004813,True,False,178,520,1,2
shrinking_b_decay_channels_8_r05,branch_count,constant_250,250.0,406,90594,0.0046897,True,False,1,609,1,2
shrinking_b_decay_channels_8_r05,branch_count,constant_500,500.0,406,90594,0.0046791,True,False,1,609,1,2
shrinking_b_decay_channels_8_r05,branch_count,cost_model,349.54916218998983,406,90594,0.0045474,True,False,1,609,1,2
shrinking_b_decay_channels_8_r05,branch_count,cost_model_x0.5,174.77458109499491,406,90594,0.0045883,True,False,1,609,1,2
shrinking_b_decay_channels_8_r05,branch_count,cost_model_x0.25,87.38729054749746,406,90594,0.0062381,True,False,508,364,1,2
shrinking_b_decay_channels_8_r1,branch_count,wallclock_timing,,406,362378,0.0171982,True,False,2528,2,2,2
shrinking_b_decay_channels_8_r1,branch_count,constant_60,60.0,406,362378,0.0146517,True,False,1968,247,1,2
shrinking_b_decay_channels_8_r1,branch_count,constant_125,125.0,406,362378,0.0131534,True,False,1428,518,1,2
shrinking_b_decay_channels_8_r1,branch_count,constant_250,250.0,406,362378,0.0146298,True,False,361,1039,1,2
shrinking_b_decay_channels_8_r1,branch_count,constant_500,500.0,406,362378,0.0160951,True,False,1,1204,1,2
shrinking_b_decay_channels_8_r1,branch_count,cost_model,360.7170256521287,406,362378,0.0162378,True,False,1,1204,1,2
shrinking_b_decay_channels_8_r1,branch_count,cost_model_x0.5,180.35851282606436,406,362378,0.0136176,True,False,945,742,1,2
shrinking_b_decay_channels_8_r1,branch_count,cost_model_x0.25,90.17925641303218,406,362378,0.0138658,True,False,1708,377,1,2
shrinking_b_decay_channels_8_r2,branch_count,wallclock_timing,,406,1449512,0.0352104,True,False,4932,2,2,2
shrinking_b_decay_channels_8_r2,branch_count,constant_60,60.0,406,1449512,0.0342601,True,False,4563,235,1,2
shrinking_b_decay_channels_8_r2,branch_count,constant_125,125.0,406,1449512,0.0340704,True,False,3993,507,1,2
shrinking_b_decay_channels_8_r2,branch_count,constant_250,250.0,406,1449512,0.0340621,True,False,2943,1030,1,2
shrinking_b_decay_channels_8_r2,branch_count,constant_500,500.0,406,1449512,0.0524743,True,False,722,2065,1,2
shrinking_b_decay_channels_8_r2,branch_count,cost_model,378.2062802764907,406,1449512,0.0421087,True,False,1802,1556,1,2
shrinking_b_decay_channels_8_r2,branch_count,cost_model_x0.5,189.10314013824535,406,1449512,0.0331136,True,False,3448,774,1,2
shrinking_b_decay_channels_8_r2,branch_count,cost_model_x0.25,94.55157006912268,406,1449512,0.0332767,True,False,4273,381,1,2
dense_support_q4_r05,dense_support,wallclock_timing,,406,27747879,0.1428298,True,False,510,850,3,2
dense_support_q4_r05,dense_support,constant_60,60.0,406,27747879,0.2236944,True,False,28495,134,1,2
dense_support_q4_r05,dense_support,constant_125,125.0,406,27747879,0.1494,True,False,13066,388,1,2
dense_support_q4_r05,dense_support,constant_250,250.0,406,27747879,0.1218784,True,False,2782,731,1,2
dense_support_q4_r05,dense_support,constant_500,500.0,406,27747879,0.1340911,True,False,1,879,1,2
dense_support_q4_r05,dense_support,cost_model,733.9299421413416,406,27747879,0.1299307,True,False,1,879,1,2
dense_support_q4_r05,dense_support,cost_model_x0.5,366.9649710706708,406,27747879,0.130223,True,False,1,879,1,2
dense_support_q4_r05,dense_support,cost_model_x0.25,183.4824855353354,406,27747879,0.1444389,True,False,6914,563,1,2
dense_support_q4_r1,dense_support,wallclock_timing,,406,110991516,0.4661578,True,False,14477,1105,5,2
dense_support_q4_r1,dense_support,constant_60,60.0,406,110991516,0.6212024,True,False,87562,0,0,2
dense_support_q4_r1,dense_support,constant_125,125.0,406,110991516,0.4979414,True,False,54982,291,1,2
dense_support_q4_r1,dense_support,constant_250,250.0,406,110991516,0.4107128,True,False,26063,775,1,2
dense_support_q4_r1,dense_support,constant_500,500.0,406,110991516,0.499744,True,False,5580,1460,1,2
dense_support_q4_r1,dense_support,cost_model,784.9494027582399,406,110991516,0.5422799,True,False,1,1758,1,2
dense_support_q4_r1,dense_support,cost_model_x0.5,392.47470137911995,406,110991516,0.4529027,True,False,11987,1194,1,2
dense_support_q4_r1,dense_support,cost_model_x0.25,196.23735068955997,406,110991516,0.4103077,True,False,35031,587,1,2
dense_support_q6_r05,dense_support,wallclock_timing,,406,16382894,0.1551534,True,False,16323,181,7,2
dense_support_q6_r05,dense_support,constant_60,60.0,406,16382894,0.1618846,True,False,17198,165,1,2
dense_support_q6_r05,dense_support,constant_125,125.0,406,16382894,0.1342792,True,False,6689,388,1,2
dense_support_q6_r05,dense_support,constant_250,250.0,406,16382894,0.1446622,True,False,1,676,1,2
dense_support_q6_r05,dense_support,constant_500,500.0,406,16382894,0.1418995,True,False,1,676,1,2
dense_support_q6_r05,dense_support,cost_model,501.4841754008458,406,16382894,0.1194027,True,False,1,676,1,2
dense_support_q6_r05,dense_support,cost_model_x0.5,250.7420877004229,406,16382894,0.1240733,True,False,1,676,1,2
dense_support_q6_r05,dense_support,cost_model_x0.25,125.37104385021145,406,16382894,0.1198862,True,False,6653,389,1,2
dense_support_q6_r1,dense_support,wallclock_timing,,406,65531576,0.4379266,True,False,43185,253,17,2
dense_support_q6_r1,dense_support,constant_60,60.0,406,65531576,0.4994208,True,False,62333,35,1,2
dense_support_q6_r1,dense_support,constant_125,125.0,406,65531576,0.3871025,True,False,32856,350,1,2
dense_support_q6_r1,dense_support,constant_250,250.0,406,65531576,0.4260901,True,False,13432,775,1,2
dense_support_q6_r1,dense_support,constant_500,500.0,406,65531576,0.503671,True,False,1,1351,1,2
dense_support_q6_r1,dense_support,cost_model,525.8795973198837,406,65531576,0.4967404,True,False,1,1351,1,2
dense_support_q6_r1,dense_support,cost_model_x0.5,262.93979865994186,406,65531576,0.4389973,True,False,12254,812,1,2
dense_support_q6_r1,dense_support,cost_model_x0.25,131.46989932997093,406,65531576,0.3828395,True,False,31188,377,1,2
dense_support_q8_r05,dense_support,wallclock_timing,,406,7615247,0.1041875,True,False,5904,228,3,2
dense_support_q8_r05,dense_support,constant_60,60.0,406,7615247,0.1172414,True,False,7632,185,1,2
dense_support_q8_r05,dense_support,constant_125,125.0,406,7615247,0.1051625,True,False,1755,370,1,2
dense_support_q8_r05,dense_support,constant_250,250.0,406,7615247,0.1105666,True,False,1,461,1,2
dense_support_q8_r05,dense_support,constant_500,500.0,406,7615247,0.1134279,True,False,1,461,1,2
dense_support_q8_r05,dense_support,cost_model,362.75548127430085,406,7615247,0.0998897,True,False,1,461,1,2
dense_support_q8_r05,dense_support,cost_model_x0.5,181.37774063715042,406,7615247,0.0998504,True,False,1,461,1,2
dense_support_q8_r05,dense_support,cost_model_x0.25,90.68887031857521,406,7615247,0.0961794,True,False,4088,281,1,2
dense_support_q8_r1,dense_support,wallclock_timing,,406,30460991,0.3043711,True,False,14717,384,5,2
dense_support_q8_r1,dense_support,constant_60,60.0,406,30460991,0.3479691,True,False,31063,127,1,2
dense_support_q8_r1,dense_support,constant_125,125.0,406,30460991,0.3094343,True,False,14535,387,1,2
dense_support_q8_r1,dense_support,constant_250,250.0,406,30460991,0.3974652,True,False,3534,737,1,2
dense_support_q8_r1,dense_support,constant_500,500.0,406,30460991,0.392921,True,False,1,921,1,2
dense_support_q8_r1,dense_support,cost_model,374.37645032354044,406,30460991,0.4221986,True,False,1,921,1,2
dense_support_q8_r1,dense_support,cost_model_x0.5,187.18822516177022,406,30460991,0.3311528,True,False,7633,576,1,2
dense_support_q8_r1,dense_support,cost_model_x0.25,93.59411258088511,406,30460991,0.3077881,True,False,20394,273,1,2
dense_support_q8_r2,dense_support,wallclock_timing,,406,121843964,0.8697082,True,False,45830,468,13,2
dense_support_q8_r2,dense_support,constant_60,60.0,406,121843964,0.9989272,True,False,91712,0,0,2
dense_support_q8_r2,dense_support,constant_125,125.0,406,121843964,0.9081228,True,False,60017,277,1,2
dense_support_q8_r2,dense_support,constant_250,250.0,406,121843964,1.0184924,True,False,29011,772,1,2
dense_support_q8_r2,dense_support,constant_500,500.0,406,121843964,1.4166244,True,False,7054,1473,1,2
dense_support_q8_r2,dense_support,cost_model,392.9554258679335,406,121843964,1.2373295,True,False,13894,1202,1,2
dense_support_q8_r2,dense_support,cost_model_x0.5,196.47771293396676,406,121843964,0.9074401,True,False,38595,580,1,2
dense_support_q8_r2,dense_support,cost_model_x0.25,98.23885646698338,406,121843964,0.9190188,True,False,73495,141,1,2
dense_support_q12_r05,dense_support,wallclock_timing,,406,4302608,0.2118631,True,False,12514,42,5,2
dense_support_q12_r05,dense_support,constant_60,60.0,406,4302608,0.1344419,True,False,3841,188,1,2
dense_support_q12_r05,dense_support,constant_125,125.0,406,4302608,0.1149815,True,False,3,348,1,2
dense_support_q12_r05,dense_support,constant_250,250.0,406,4302608,0.1171034,True,False,1,347,1,2
dense_support_q12_r05,dense_support,constant_500,500.0,406,4302608,0.1187702,True,False,1,347,1,2
dense_support_q12_r05,dense_support,cost_model,237.1021813958432,406,4302608,0.1208044,True,False,1,347,1,2
dense_support_q12_r05,dense_support,cost_model_x0.5,118.5510906979216,406,4302608,0.1150817,True,False,245,334,1,2
dense_support_q12_r05,dense_support,cost_model_x0.25,59.2755453489608,406,4302608,0.1231793,True,False,3911,185,1,2
dense_support_q12_r1,dense_support,wallclock_timing,,406,17210432,0.4718961,True,False,27837,56,9,2
dense_support_q12_r1,dense_support,constant_60,60.0,406,17210432,0.3680742,True,False,18062,163,1,2
dense_support_q12_r1,dense_support,constant_125,125.0,406,17210432,0.3671171,True,False,7163,389,1,2
dense_support_q12_r1,dense_support,constant_250,250.0,406,17210432,0.5072263,True,False,6,693,1,2
dense_support_q12_r1,dense_support,constant_500,500.0,406,17210432,0.4819171,True,False,1,693,1,2
dense_support_q12_r1,dense_support,cost_model,241.64168573212487,406,17210432,0.4712853,True,False,320,675,1,2
dense_support_q12_r1,dense_support,cost_model_x0.5,120.82084286606243,406,17210432,0.4070086,True,False,7567,376,1,2
dense_support_q12_r1,dense_support,cost_model_x0.25,60.41042143303122,406,17210432,0.3635667,True,False,17936,165,1,2
dense_support_q12_r2,dense_support,wallclock_timing,,406,68841729,1.0079923,True,False,40149,273,11,2
dense_support_q12_r2,dense_support,constant_60,60.0,406,68841729,1.0434581,True,False,65092,28,1,2
dense_support_q12_r2,dense_support,constant_125,125.0,406,68841729,1.0027177,True,False,34530,346,1,2
dense_support_q12_r2,dense_support,constant_250,250.0,406,68841729,1.3201221,True,False,14344,776,1,2
dense_support_q12_r2,dense_support,constant_500,500.0,406,68841729,1.9599422,True,False,10,1384,1,2
dense_support_q12_r2,dense_support,cost_model,248.58105693558042,406,68841729,1.3120065,True,False,14482,772,1,2
dense_support_q12_r2,dense_support,cost_model_x0.5,124.29052846779021,406,68841729,1.0440084,True,False,34732,343,1,2
dense_support_q12_r2,dense_support,cost_model_x0.25,62.145264233895105,406,68841729,1.0384098,True,False,63344,40,1,2
collision_o2_g0_n1000000_r05,collision,wallclock_timing,,406,22361383,0.1053965,True,False,7627,460,5,2
collision_o2_g0_n1000000_r05,collision,constant_60,60.0,406,22361383,0.1605574,True,False,23252,149,1,2
collision_o2_g0_n1000000_r05,collision,constant_125,125.0,406,22361383,0.1110376,True,False,10061,390,1,2
collision_o2_g0_n1000000_r05,collision,constant_250,250.0,406,22361383,0.1018713,True,False,1334,714,1,2
collision_o2_g0_n1000000_r05,collision,constant_500,500.0,406,22361383,0.1064378,True,False,1,790,1,2
collision_o2_g0_n1000000_r05,collision,cost_model,728.0031665684888,406,22361383,0.1030321,True,False,1,790,1,2
collision_o2_g0_n1000000_r05,collision,cost_model_x0.5,364.0015832842444,406,22361383,0.1089237,True,False,1,790,1,2
collision_o2_g0_n1000000_r05,collision,cost_model_x0.25,182.0007916421222,406,22361383,0.1150709,True,False,4956,552,1,2
collision_o2_g0_n1000000_r1,collision,wallclock_timing,,406,89445535,0.391099,True,False,10843,1068,5,2
collision_o2_g0_n1000000_r1,collision,constant_60,60.0,406,89445535,0.5228098,True,False,78600,0,0,2
collision_o2_g0_n1000000_r1,collision,constant_125,125.0,406,89445535,0.3777734,True,False,44682,320,1,2
collision_o2_g0_n1000000_r1,collision,constant_250,250.0,406,89445535,0.3359089,True,False,20142,779,1,2
collision_o2_g0_n1000000_r1,collision,constant_500,500.0,406,89445535,0.4004831,True,False,2675,1427,1,2
collision_o2_g0_n1000000_r1,collision,cost_model,775.1598234648103,406,89445535,0.4658446,True,False,1,1578,1,2
collision_o2_g0_n1000000_r1,collision,cost_model_x0.5,387.57991173240515,406,89445535,0.3600609,True,False,8371,1162,1,2
collision_o2_g0_n1000000_r1,collision,cost_model_x0.25,193.78995586620258,406,89445535,0.3630861,True,False,28153,591,1,2
collision_o2_g1_n1000000_r05,collision,wallclock_timing,,406,78119729,0.3853218,True,False,2400,1259,3,2
collision_o2_g1_n1000000_r05,collision,constant_60,60.0,406,78119729,0.7370929,True,False,68362,219,1,2
collision_o2_g1_n1000000_r05,collision,constant_125,125.0,406,78119729,0.4778246,True,False,31948,549,1,2
collision_o2_g1_n1000000_r05,collision,constant_250,250.0,406,78119729,0.3662401,True,False,10779,961,1,2
collision_o2_g1_n1000000_r05,collision,constant_500,500.0,406,78119729,0.359599,True,False,1,1369,1,2
collision_o2_g1_n1000000_r05,collision,cost_model,1062.8147114595884,406,78119729,0.3653198,True,False,1,1369,1,2
collision_o2_g1_n1000000_r05,collision,cost_model_x0.5,531.4073557297942,406,78119729,0.3701154,True,False,1,1369,1,2
collision_o2_g1_n1000000_r05,collision,cost_model_x0.25,265.7036778648971,406,78119729,0.3630138,True,False,9423,1002,1,2
collision_o2_g2_n1000000_r05,collision,wallclock_timing,,406,115123229,0.5782162,True,False,4810,1384,7,2
collision_o2_g2_n1000000_r05,collision,constant_60,60.0,406,115123229,1.2095247,True,False,93820,340,1,2
collision_o2_g2_n1000000_r05,collision,constant_125,125.0,406,115123229,0.7791183,True,False,41981,702,1,2
collision_o2_g2_n1000000_r05,collision,constant_250,250.0,406,115123229,0.5879086,True,False,14063,1127,1,2
collision_o2_g2_n1000000_r05,collision,constant_500,500.0,406,115123229,0.5637566,True,False,1,1563,1,2
collision_o2_g2_n1000000_r05,collision,cost_model,1163.8590874864715,406,115123229,0.5485301,True,False,1,1563,1,2
collision_o2_g2_n1000000_r05,collision,cost_model_x0.5,581.9295437432357,406,115123229,0.5789034,True,False,1,1563,1,2
collision_o2_g2_n1000000_r05,collision,cost_model_x0.25,290.96477187161787,406,115123229,0.5375256,True,False,9796,1231,1,2
