phase,scenario,family,crn,initial_n,end_time,policy,policy_kind,heuristic_selector,threshold,seed,repeat,run_order,started_utc,setup_seconds,elapsed_seconds,completed,timed_out,continuous_time,continuous_time_error,real_n_final,full_n_final,final_mode_gillespie,silent,batch_calls,gillespie_calls,mode_switches,k_resets,batch_continuous_time,gillespie_continuous_time,batch_wallclock_seconds,gillespie_wallclock_seconds,switch_overhead_seconds,unaccounted_outer_seconds,full_config_sha256,mode_signature_sha256,source_fingerprint,error
pilot,brusselator_n2e4,brusselator,Order-3 Brusselator,20000,20.0,threshold_150,prospective,2,150.0,1,0,1,2026-07-12T16:39:41.484703+00:00,0.0023806,0.1012296,True,False,20.0,0.0,187787,197787,True,False,1,5467,1,0,9.988626500826323e-06,19.999990011373498,8.48e-05,0.09121669999999978,9.6e-06,0.009918500000000233,870ce899b3e18ae552d9d4dc39d37e1bb2dbb5e3a529a6e59a0ef98df8480efa,3094af19d71eec626ce81d1a9053bf6796c2e90c23b81fdd02e2d2baedff842f,a643f62d82e2a28f903663acade174fee38dbb8daecccea9dfcca80068c57ba8,
pilot,brusselator_n2e4,brusselator,Order-3 Brusselator,20000,20.0,threshold_2000,prospective,2,2000.0,1,0,2,2026-07-12T16:39:41.589403+00:00,0.0032758,0.0764051,True,False,20.0,0.0,187787,197787,True,False,1,5467,1,0,9.988626500826323e-06,19.999990011373498,4.33e-05,0.07270229999999983,5.3e-06,0.0036542000000001768,870ce899b3e18ae552d9d4dc39d37e1bb2dbb5e3a529a6e59a0ef98df8480efa,3094af19d71eec626ce81d1a9053bf6796c2e90c23b81fdd02e2d2baedff842f,a643f62d82e2a28f903663acade174fee38dbb8daecccea9dfcca80068c57ba8,
pilot,brusselator_n2e4,brusselator,Order-3 Brusselator,20000,20.0,threshold_250,prospective,2,250.0,1,0,3,2026-07-12T16:39:41.669148+00:00,0.0014081,0.0926671,True,False,20.0,0.0,187787,197787,True,False,1,5467,1,0,9.988626500826323e-06,19.999990011373498,2.76e-05,0.08875569999999995,3.3e-06,0.0038805000000000506,870ce899b3e18ae552d9d4dc39d37e1bb2dbb5e3a529a6e59a0ef98df8480efa,3094af19d71eec626ce81d1a9053bf6796c2e90c23b81fdd02e2d2baedff842f,a643f62d82e2a28f903663acade174fee38dbb8daecccea9dfcca80068c57ba8,
pilot,brusselator_n2e4,brusselator,Order-3 Brusselator,20000,20.0,forced_gillespie_after_initial_batch,prospective,2,1000000000000.0,1,0,4,2026-07-12T16:39:41.762916+00:00,0.0021851,0.0691286,True,False,20.0,0.0,187787,197787,True,False,1,5467,1,0,9.988626500826323e-06,19.999990011373498,3.56e-05,0.06573239999999991,3.9e-06,0.0033567000000000874,870ce899b3e18ae552d9d4dc39d37e1bb2dbb5e3a529a6e59a0ef98df8480efa,3094af19d71eec626ce81d1a9053bf6796c2e90c23b81fdd02e2d2baedff842f,a643f62d82e2a28f903663acade174fee38dbb8daecccea9dfcca80068c57ba8,
pilot,brusselator_n2e4,brusselator,Order-3 Brusselator,20000,20.0,threshold_300,prospective,2,300.0,1,0,5,2026-07-12T16:39:41.834957+00:00,0.0016216,0.0802047,True,False,20.0,0.0,187787,197787,True,False,1,5467,1,0,9.988626500826323e-06,19.999990011373498,2.96e-05,0.07659269999999987,3.3e-06,0.0035791000000001266,870ce899b3e18ae552d9d4dc39d37e1bb2dbb5e3a529a6e59a0ef98df8480efa,3094af19d71eec626ce81d1a9053bf6796c2e90c23b81fdd02e2d2baedff842f,a643f62d82e2a28f903663acade174fee38dbb8daecccea9dfcca80068c57ba8,
pilot,brusselator_n2e4,brusselator,Order-3 Brusselator,20000,20.0,threshold_500,prospective,2,500.0,1,0,6,2026-07-12T16:39:41.917208+00:00,0.002248,0.0923901,True,False,20.0,0.0,187787,197787,True,False,1,5467,1,0,9.988626500826323e-06,19.999990011373498,4.46e-05,0.08828389999999947,4.6e-06,0.004057000000000532,870ce899b3e18ae552d9d4dc39d37e1bb2dbb5e3a529a6e59a0ef98df8480efa,3094af19d71eec626ce81d1a9053bf6796c2e90c23b81fdd02e2d2baedff842f,a643f62d82e2a28f903663acade174fee38dbb8daecccea9dfcca80068c57ba8,
pilot,brusselator_n2e4,brusselator,Order-3 Brusselator,20000,20.0,threshold_1000,prospective,2,1000.0,1,0,7,2026-07-12T16:39:42.012238+00:00,0.001833,0.1108585,True,False,20.0,0.0,187787,197787,True,False,1,5467,1,0,9.988626500826323e-06,19.999990011373498,3.78e-05,0.1060376000000002,4.7e-06,0.004778399999999794,870ce899b3e18ae552d9d4dc39d37e1bb2dbb5e3a529a6e59a0ef98df8480efa,3094af19d71eec626ce81d1a9053bf6796c2e90c23b81fdd02e2d2baedff842f,a643f62d82e2a28f903663acade174fee38dbb8daecccea9dfcca80068c57ba8,
pilot,brusselator_n2e4,brusselator,Order-3 Brusselator,20000,20.0,threshold_750,prospective,2,750.0,1,0,8,2026-07-12T16:39:42.125499+00:00,0.0019631,0.0776935,True,False,20.0,0.0,187787,197787,True,False,1,5467,1,0,9.988626500826323e-06,19.999990011373498,3.71e-05,0.07383879999999958,4.3e-06,0.003813300000000422,870ce899b3e18ae552d9d4dc39d37e1bb2dbb5e3a529a6e59a0ef98df8480efa,3094af19d71eec626ce81d1a9053bf6796c2e90c23b81fdd02e2d2baedff842f,a643f62d82e2a28f903663acade174fee38dbb8daecccea9dfcca80068c57ba8,
pilot,brusselator_n2e4,brusselator,Order-3 Brusselator,20000,20.0,wallclock_timing,wallclock,0,,1,0,9,2026-07-12T16:39:42.205210+00:00,0.0023885,0.0817265,True,False,20.0,0.0,185370,195370,True,False,256,5481,1,0,0.004411464801857188,19.99558853519814,0.0056249,0.0728380999999996,3.4e-06,0.0032601000000003905,d12877726a463af68705ea6f1ceb28f8a8d87f1d8c423f3d4f38c3eda03a61c7,f9a63ca52aef69426ac262378813c0ae9ba6a6650c9b1b137d3b728821e390ca,a643f62d82e2a28f903663acade174fee38dbb8daecccea9dfcca80068c57ba8,
pilot,brusselator_n2e4,brusselator,Order-3 Brusselator,20000,20.0,threshold_200,prospective,2,200.0,1,0,10,2026-07-12T16:39:42.290082+00:00,0.0017863,0.0696403,True,False,20.0,0.0,187787,197787,True,False,1,5467,1,0,9.988626500826323e-06,19.999990011373498,2.97e-05,0.06631450000000004,3.4e-06,0.003292699999999968,870ce899b3e18ae552d9d4dc39d37e1bb2dbb5e3a529a6e59a0ef98df8480efa,3094af19d71eec626ce81d1a9053bf6796c2e90c23b81fdd02e2d2baedff842f,a643f62d82e2a28f903663acade174fee38dbb8daecccea9dfcca80068c57ba8,
pilot,brusselator_n2e4,brusselator,Order-3 Brusselator,20000,20.0,threshold_400,prospective,2,400.0,1,0,11,2026-07-12T16:39:42.361804+00:00,0.0017113,0.0733072,True,False,20.0,0.0,187787,197787,True,False,1,5467,1,0,9.988626500826323e-06,19.999990011373498,2.97e-05,0.0699029999999997,3.2e-06,0.003371300000000313,870ce899b3e18ae552d9d4dc39d37e1bb2dbb5e3a529a6e59a0ef98df8480efa,3094af19d71eec626ce81d1a9053bf6796c2e90c23b81fdd02e2d2baedff842f,a643f62d82e2a28f903663acade174fee38dbb8daecccea9dfcca80068c57ba8,
pilot,brusselator_n2e4,brusselator,Order-3 Brusselator,20000,20.0,forced_batch,prospective,2,0.0,1,0,12,2026-07-12T16:39:42.437066+00:00,0.0022954,30.0000215,False,True,8.46354130440947,-11.53645869559053,139267,149267,False,False,925361,0,0,0,8.46354130440947,0.0,29.17201350000417,0.0,0.0,0.8280079999958296,9d426e33b24dd9504ce9219b529c33fc4b83f8229409d864659ef94eebb0efac,ceb2da4d5052626971accad836e323e8701f0e694a37055f9bb59266c4acf515,a643f62d82e2a28f903663acade174fee38dbb8daecccea9dfcca80068c57ba8,wall-clock cap reached before t_max
pilot,brusselator_n2e4,brusselator,Order-3 Brusselator,20000,20.0,threshold_100,prospective,2,100.0,1,0,13,2026-07-12T16:40:12.438707+00:00,0.0022197,0.1434472,True,False,20.0,0.0,187787,197787,True,False,1,5467,1,0,9.988626500826323e-06,19.999990011373498,4.38e-05,0.1380484999999997,4.4e-06,0.005350500000000286,870ce899b3e18ae552d9d4dc39d37e1bb2dbb5e3a529a6e59a0ef98df8480efa,3094af19d71eec626ce81d1a9053bf6796c2e90c23b81fdd02e2d2baedff842f,a643f62d82e2a28f903663acade174fee38dbb8daecccea9dfcca80068c57ba8,
pilot,brusselator_n2e4,brusselator,Order-3 Brusselator,20000,20.0,threshold_50,prospective,2,50.0,1,0,14,2026-07-12T16:40:12.584672+00:00,0.0018365,0.1086412,True,False,20.0,0.0,187787,197787,True,False,1,5467,1,0,9.988626500826323e-06,19.999990011373498,3.29e-05,0.10401320000000011,2.9e-06,0.00459219999999988,870ce899b3e18ae552d9d4dc39d37e1bb2dbb5e3a529a6e59a0ef98df8480efa,3094af19d71eec626ce81d1a9053bf6796c2e90c23b81fdd02e2d2baedff842f,a643f62d82e2a28f903663acade174fee38dbb8daecccea9dfcca80068c57ba8,
pilot,brusselator_n2e4,brusselator,Order-3 Brusselator,20000,20.0,threshold_20,prospective,2,20.0,1,0,15,2026-07-12T16:40:12.695679+00:00,0.0018236,0.0888918,True,False,20.0,0.0,187787,197787,True,False,1,5467,1,0,9.988626500826323e-06,19.999990011373498,3.28e-05,0.08456690000000026,3.2e-06,0.0042888999999997485,870ce899b3e18ae552d9d4dc39d37e1bb2dbb5e3a529a6e59a0ef98df8480efa,3094af19d71eec626ce81d1a9053bf6796c2e90c23b81fdd02e2d2baedff842f,a643f62d82e2a28f903663acade174fee38dbb8daecccea9dfcca80068c57ba8,
pilot,brusselator_n2e4,brusselator,Order-3 Brusselator,20000,20.0,threshold_1500,prospective,2,1500.0,1,0,16,2026-07-12T16:40:12.786802+00:00,0.0020837,0.1039151,True,False,20.0,0.0,187787,197787,True,False,1,5467,1,0,9.988626500826323e-06,19.999990011373498,3.29e-05,0.0992217999999999,3.1e-06,0.004657300000000086,870ce899b3e18ae552d9d4dc39d37e1bb2dbb5e3a529a6e59a0ef98df8480efa,3094af19d71eec626ce81d1a9053bf6796c2e90c23b81fdd02e2d2baedff842f,a643f62d82e2a28f903663acade174fee38dbb8daecccea9dfcca80068c57ba8,
pilot,dimerization_n1e8,dimerization,Dimerization,100000000,0.5,threshold_150,prospective,2,150.0,3,1,17,2026-07-12T16:40:12.893309+00:00,0.0014543,0.2026725,True,False,0.5,0.0,79430650,129430650,False,False,15651,0,0,0,0.5,0.0,0.19503320000000746,0.0,0.0,0.007639299999992549,e24afd535f373891df66007318ec0be6a909975ff1168bc462521deb06d8d058,ec737705028c1f3d0ed99fc23a417806986eb2f14c5b5d6203fa4fd9d9cf9a18,a643f62d82e2a28f903663acade174fee38dbb8daecccea9dfcca80068c57ba8,
pilot,dimerization_n1e8,dimerization,Dimerization,100000000,0.5,threshold_100,prospective,2,100.0,3,1,18,2026-07-12T16:40:13.097191+00:00,0.0013978,0.201701,True,False,0.5,0.0,79430650,129430650,False,False,15651,0,0,0,0.5,0.0,0.19418460000000753,0.0,0.0,0.007516399999992457,e24afd535f373891df66007318ec0be6a909975ff1168bc462521deb06d8d058,ec737705028c1f3d0ed99fc23a417806986eb2f14c5b5d6203fa4fd9d9cf9a18,a643f62d82e2a28f903663acade174fee38dbb8daecccea9dfcca80068c57ba8,
pilot,dimerization_n1e8,dimerization,Dimerization,100000000,0.5,threshold_500,prospective,2,500.0,3,1,19,2026-07-12T16:40:13.300821+00:00,0.0019025,0.2104426,True,False,0.5,0.0,79430650,129430650,False,False,15651,0,0,0,0.5,0.0,0.20272830000000025,0.0,0.0,0.0077142999999997575,e24afd535f373891df66007318ec0be6a909975ff1168bc462521deb06d8d058,ec737705028c1f3d0ed99fc23a417806986eb2f14c5b5d6203fa4fd9d9cf9a18,a643f62d82e2a28f903663acade174fee38dbb8daecccea9dfcca80068c57ba8,
pilot,dimerization_n1e8,dimerization,Dimerization,100000000,0.5,threshold_200,prospective,2,200.0,3,1,20,2026-07-12T16:40:13.513617+00:00,0.0018103,0.2015388,True,False,0.5,0.0,79430650,129430650,False,False,15651,0,0,0,0.5,0.0,0.19405380000000716,0.0,0.0,0.007484999999992831,e24afd535f373891df66007318ec0be6a909975ff1168bc462521deb06d8d058,ec737705028c1f3d0ed99fc23a417806986eb2f14c5b5d6203fa4fd9d9cf9a18,a643f62d82e2a28f903663acade174fee38dbb8daecccea9dfcca80068c57ba8,
pilot,dimerization_n1e8,dimerization,Dimerization,100000000,0.5,wallclock_timing,wallclock,0,,3,1,21,2026-07-12T16:40:13.716734+00:00,0.0017527,0.1806687,True,False,0.5,0.0,79426923,129426923,False,False,15609,4,4,0,0.4991283263634919,0.0008716736365080796,0.17327170000000341,0.0016115,1.6000000000000003e-05,0.005769499999996597,91d4d65a4d9b8aa456ccf6447a7a3466f627e7bff6fba2985a3318efead9fd78,e171d777b0d43776b1ba0551a38918901ae428399391de63645c9f7f418ecce4,a643f62d82e2a28f903663acade174fee38dbb8daecccea9dfcca80068c57ba8,
pilot,dimerization_n1e8,dimerization,Dimerization,100000000,0.5,threshold_50,prospective,2,50.0,3,1,22,2026-07-12T16:40:13.899371+00:00,0.0016104,0.1821023,True,False,0.5,0.0,79430650,129430650,False,False,15651,0,0,0,0.5,0.0,0.17556149999999898,0.0,0.0,0.0065408000000010125,e24afd535f373891df66007318ec0be6a909975ff1168bc462521deb06d8d058,ec737705028c1f3d0ed99fc23a417806986eb2f14c5b5d6203fa4fd9d9cf9a18,a643f62d82e2a28f903663acade174fee38dbb8daecccea9dfcca80068c57ba8,
pilot,dimerization_n1e8,dimerization,Dimerization,100000000,0.5,threshold_250,prospective,2,250.0,3,1,23,2026-07-12T16:40:14.083903+00:00,0.0018316,0.2026227,True,False,0.5,0.0,79430650,129430650,False,False,15651,0,0,0,0.5,0.0,0.19500170000000638,0.0,0.0,0.007620999999993605,e24afd535f373891df66007318ec0be6a909975ff1168bc462521deb06d8d058,ec737705028c1f3d0ed99fc23a417806986eb2f14c5b5d6203fa4fd9d9cf9a18,a643f62d82e2a28f903663acade174fee38dbb8daecccea9dfcca80068c57ba8,
pilot,dimerization_n1e8,dimerization,Dimerization,100000000,0.5,threshold_750,prospective,2,750.0,3,1,24,2026-07-12T16:40:14.288722+00:00,0.0013538,0.1940461,True,False,0.5,0.0,79430650,129430650,False,False,15651,0,0,0,0.5,0.0,0.1869807000000072,0.0,0.0,0.007065399999992811,e24afd535f373891df66007318ec0be6a909975ff1168bc462521deb06d8d058,ec737705028c1f3d0ed99fc23a417806986eb2f14c5b5d6203fa4fd9d9cf9a18,a643f62d82e2a28f903663acade174fee38dbb8daecccea9dfcca80068c57ba8,
pilot,dimerization_n1e8,dimerization,Dimerization,100000000,0.5,threshold_1500,prospective,2,1500.0,3,1,25,2026-07-12T16:40:14.484543+00:00,0.0015177,0.6367872,True,False,0.5,0.0,79429623,129429623,True,False,1,2192,1,0,5.44782670231244e-05,0.49994552173297685,1.53e-05,0.6351974999999987,2.1e-06,0.0015723000000011922,2766f5ea7fabcdf1e6a77492a1c46a7942890467744e903976db3df6a86a3b6b,eee6f27975d32c84bd58c80e13e147050f8c4c1f6cf81f14a922775181c69f68,a643f62d82e2a28f903663acade174fee38dbb8daecccea9dfcca80068c57ba8,
pilot,dimerization_n1e8,dimerization,Dimerization,100000000,0.5,forced_batch,prospective,2,0.0,3,1,26,2026-07-12T16:40:15.123029+00:00,0.0015062,0.1795036,True,False,0.5,0.0,79430650,129430650,False,False,15651,0,0,0,0.5,0.0,0.17304330000000337,0.0,0.0,0.006460299999996644,e24afd535f373891df66007318ec0be6a909975ff1168bc462521deb06d8d058,ec737705028c1f3d0ed99fc23a417806986eb2f14c5b5d6203fa4fd9d9cf9a18,a643f62d82e2a28f903663acade174fee38dbb8daecccea9dfcca80068c57ba8,
pilot,dimerization_n1e8,dimerization,Dimerization,100000000,0.5,threshold_1000,prospective,2,1000.0,3,1,27,2026-07-12T16:40:15.300127+00:00,0.0015673,0.1731301,True,False,0.5,0.0,79430650,129430650,False,False,15651,0,0,0,0.5,0.0,0.16701810000000264,0.0,0.0,0.0061119999999973695,e24afd535f373891df66007318ec0be6a909975ff1168bc462521deb06d8d058,ec737705028c1f3d0ed99fc23a417806986eb2f14c5b5d6203fa4fd9d9cf9a18,a643f62d82e2a28f903663acade174fee38dbb8daecccea9dfcca80068c57ba8,
pilot,dimerization_n1e8,dimerization,Dimerization,100000000,0.5,threshold_2000,prospective,2,2000.0,3,1,28,2026-07-12T16:40:15.478443+00:00,0.001554,0.5946567,True,False,0.5,0.0,79429623,129429623,True,False,1,2192,1,0,5.44782670231244e-05,0.49994552173297685,2.51e-05,0.593473099999999,2.1e-06,0.0011564000000010566,2766f5ea7fabcdf1e6a77492a1c46a7942890467744e903976db3df6a86a3b6b,eee6f27975d32c84bd58c80e13e147050f8c4c1f6cf81f14a922775181c69f68,a643f62d82e2a28f903663acade174fee38dbb8daecccea9dfcca80068c57ba8,
pilot,dimerization_n1e8,dimerization,Dimerization,100000000,0.5,forced_gillespie_after_initial_batch,prospective,2,1000000000000.0,3,1,29,2026-07-12T16:40:16.067377+00:00,0.0018027,0.5689096,True,False,0.5,0.0,79429623,129429623,True,False,1,2192,1,0,5.44782670231244e-05,0.49994552173297685,2.3e-05,0.5677817000000002,2.2e-06,0.001102699999999901,2766f5ea7fabcdf1e6a77492a1c46a7942890467744e903976db3df6a86a3b6b,eee6f27975d32c84bd58c80e13e147050f8c4c1f6cf81f14a922775181c69f68,a643f62d82e2a28f903663acade174fee38dbb8daecccea9dfcca80068c57ba8,
pilot,dimerization_n1e8,dimerization,Dimerization,100000000,0.5,threshold_20,prospective,2,20.0,3,1,30,2026-07-12T16:40:16.644667+00:00,0.0015836,0.182115,True,False,0.5,0.0,79430650,129430650,False,False,15651,0,0,0,0.5,0.0,0.1756307000000028,0.0,0.0,0.006484299999997195,e24afd535f373891df66007318ec0be6a909975ff1168bc462521deb06d8d058,ec737705028c1f3d0ed99fc23a417806986eb2f14c5b5d6203fa4fd9d9cf9a18,a643f62d82e2a28f903663acade174fee38dbb8daecccea9dfcca80068c57ba8,
pilot,dimerization_n1e8,dimerization,Dimerization,100000000,0.5,threshold_400,prospective,2,400.0,3,1,31,2026-07-12T16:40:16.828351+00:00,0.0023376,0.1803148,True,False,0.5,0.0,79430650,129430650,False,False,15651,0,0,0,0.5,0.0,0.1738993000000061,0.0,0.0,0.006415499999993884,e24afd535f373891df66007318ec0be6a909975ff1168bc462521deb06d8d058,ec737705028c1f3d0ed99fc23a417806986eb2f14c5b5d6203fa4fd9d9cf9a18,a643f62d82e2a28f903663acade174fee38dbb8daecccea9dfcca80068c57ba8,
pilot,dimerization_n1e8,dimerization,Dimerization,100000000,0.5,threshold_300,prospective,2,300.0,3,1,32,2026-07-12T16:40:17.008535+00:00,0.0015401,0.1790056,True,False,0.5,0.0,79430650,129430650,False,False,15651,0,0,0,0.5,0.0,0.17261760000000362,0.0,0.0,0.006387999999996369,e24afd535f373891df66007318ec0be6a909975ff1168bc462521deb06d8d058,ec737705028c1f3d0ed99fc23a417806986eb2f14c5b5d6203fa4fd9d9cf9a18,a643f62d82e2a28f903663acade174fee38dbb8daecccea9dfcca80068c57ba8,
pilot,shrinking_split_b_decay_n2e6,shrinking,Shrinking split B decay,2000000,0.1,threshold_1500,prospective,2,1500.0,3,1,33,2026-07-12T16:40:17.194322+00:00,0.001888,0.0664808,True,False,0.1,0.0,93,4000093,True,False,1,2820,1,0,6.717883337107446e-06,0.09999328211666289,1.57e-05,0.06443040000000011,2.4e-06,0.0020322999999999036,2863966a069f60e8a9b90beffe797597427aa34185d379b39bec052f77776c61,3f0120787cff727b1c68bf395db0d1b08b0d5a3d5f4ce822c68ea82d73e14a47,a643f62d82e2a28f903663acade174fee38dbb8daecccea9dfcca80068c57ba8,
pilot,shrinking_split_b_decay_n2e6,shrinking,Shrinking split B decay,2000000,0.1,threshold_300,prospective,2,300.0,3,1,34,2026-07-12T16:40:17.262657+00:00,0.0025476,0.0373347,True,False,0.1,0.0,86,787658,True,False,3257,1225,1,17,0.016452956054800988,0.08354704394519902,0.02592540000000003,0.008787700000000011,2.8e-06,0.002618799999999963,d3325db8aac6677b3e56a599ab12b69a07c72262642e48da7ee8229f1dadd804,40938d95b4b099a3835a50ed3f3191bd21fe54e5db0d94b93142088d08d8811e,a643f62d82e2a28f903663acade174fee38dbb8daecccea9dfcca80068c57ba8,
pilot,shrinking_split_b_decay_n2e6,shrinking,Shrinking split B decay,2000000,0.1,forced_gillespie_after_initial_batch,prospective,2,1000000000000.0,3,1,35,2026-07-12T16:40:17.303565+00:00,0.0016347,0.0499552,True,False,0.1,0.0,93,4000093,True,False,1,2820,1,0,6.717883337107446e-06,0.09999328211666289,3.69e-05,0.04842779999999989,1.9e-06,0.0014886000000001107,2863966a069f60e8a9b90beffe797597427aa34185d379b39bec052f77776c61,3f0120787cff727b1c68bf395db0d1b08b0d5a3d5f4ce822c68ea82d73e14a47,a643f62d82e2a28f903663acade174fee38dbb8daecccea9dfcca80068c57ba8,
pilot,shrinking_split_b_decay_n2e6,shrinking,Shrinking split B decay,2000000,0.1,threshold_250,prospective,2,250.0,3,1,36,2026-07-12T16:40:17.355176+00:00,0.0016933,0.0334104,True,False,0.1,0.0,75,536813,True,False,3685,1026,1,21,0.020098491334433075,0.07990150866556693,0.024921299999999966,0.006165099999999975,2.2e-06,0.002321800000000058,4b0388bb21770fe903c81d9c311e4fc5196184d810dff726fb1b9c31d7b8dca4,aaa010ec1d675e1ba4709bdaba2a4b52289015989b665f3d7078c8602134512b,a643f62d82e2a28f903663acade174fee38dbb8daecccea9dfcca80068c57ba8,
pilot,shrinking_split_b_decay_n2e6,shrinking,Shrinking split B decay,2000000,0.1,threshold_100,prospective,2,100.0,3,1,37,2026-07-12T16:40:17.390450+00:00,0.0017725,0.0356717,True,False,0.1,0.0,90,86572,True,False,4983,402,1,40,0.03844987764945626,0.061550122350543746,0.03203010000000008,0.0010977999999999993,2.1e-06,0.0025416999999999246,2ba3e56b49d7b2de8e663523fd0c12fece658dcf621ebc2368226adaaba2be64,4dbc1eb529c5c732532f4bcd0e537f6a825eb3ee4b848ab0c95d668e9ba95f94,a643f62d82e2a28f903663acade174fee38dbb8daecccea9dfcca80068c57ba8,
pilot,shrinking_split_b_decay_n2e6,shrinking,Shrinking split B decay,2000000,0.1,threshold_750,prospective,2,750.0,3,1,38,2026-07-12T16:40:17.428024+00:00,0.0016927,0.045206,True,False,0.1,0.0,93,4000093,True,False,1,2820,1,0,6.717883337107446e-06,0.09999328211666289,1.31e-05,0.04389589999999992,1.8e-06,0.0012952000000000796,2863966a069f60e8a9b90beffe797597427aa34185d379b39bec052f77776c61,3f0120787cff727b1c68bf395db0d1b08b0d5a3d5f4ce822c68ea82d73e14a47,a643f62d82e2a28f903663acade174fee38dbb8daecccea9dfcca80068c57ba8,
pilot,shrinking_split_b_decay_n2e6,shrinking,Shrinking split B decay,2000000,0.1,threshold_1000,prospective,2,1000.0,3,1,39,2026-07-12T16:40:17.475007+00:00,0.002155,0.0504965,True,False,0.1,0.0,93,4000093,True,False,1,2820,1,0,6.717883337107446e-06,0.09999328211666289,2.28e-05,0.04902580000000006,2.6e-06,0.001445299999999941,2863966a069f60e8a9b90beffe797597427aa34185d379b39bec052f77776c61,3f0120787cff727b1c68bf395db0d1b08b0d5a3d5f4ce822c68ea82d73e14a47,a643f62d82e2a28f903663acade174fee38dbb8daecccea9dfcca80068c57ba8,
pilot,shrinking_split_b_decay_n2e6,shrinking,Shrinking split B decay,2000000,0.1,threshold_2000,prospective,2,2000.0,3,1,40,2026-07-12T16:40:17.528527+00:00,0.0021766,0.0556553,True,False,0.1,0.0,93,4000093,True,False,1,2820,1,0,6.717883337107446e-06,0.09999328211666289,2.05e-05,0.054165200000000004,2.4e-06,0.001467199999999995,2863966a069f60e8a9b90beffe797597427aa34185d379b39bec052f77776c61,3f0120787cff727b1c68bf395db0d1b08b0d5a3d5f4ce822c68ea82d73e14a47,a643f62d82e2a28f903663acade174fee38dbb8daecccea9dfcca80068c57ba8,
pilot,shrinking_split_b_decay_n2e6,shrinking,Shrinking split B decay,2000000,0.1,threshold_150,prospective,2,150.0,3,1,41,2026-07-12T16:40:17.586526+00:00,0.0016353,0.0409193,True,False,0.1,0.0,90,205930,True,False,4549,610,1,31,0.030303932252453165,0.06969606774754684,0.03472889999999973,0.003049099999999996,3.6e-06,0.003137700000000271,938c5aae96878e992a78bcac6673e43ae122364188937b35bddb287d6a3c0543,fd2ae92bbf43f10acadea00a0c8ee2e86368e5f997119f5eca911959807ccd3c,a643f62d82e2a28f903663acade174fee38dbb8daecccea9dfcca80068c57ba8,
pilot,shrinking_split_b_decay_n2e6,shrinking,Shrinking split B decay,2000000,0.1,forced_batch,prospective,2,0.0,3,1,42,2026-07-12T16:40:17.629079+00:00,0.002321,0.0502259,True,False,0.1,0.0,84,262,False,False,5815,0,0,99,0.1,0.0,0.04647069999999965,0.0,0.0,0.003755200000000347,120fc68cd578b0d48cfa459fde9a6f276ee24ec1615f47331c4cf57fc86857a4,9007b9b1058fa590610880fa93899e7a74d000ade1e756df622978e2667db713,a643f62d82e2a28f903663acade174fee38dbb8daecccea9dfcca80068c57ba8,
pilot,shrinking_split_b_decay_n2e6,shrinking,Shrinking split B decay,2000000,0.1,threshold_400,prospective,2,400.0,3,1,43,2026-07-12T16:40:17.681852+00:00,0.0019133,0.0400567,True,False,0.1,0.0,84,1397410,True,False,2398,1645,1,11,0.010682445450667197,0.08931755454933281,0.019016999999999906,0.018741300000000034,2.9e-06,0.0022955000000000614,5fd7801885225294b7be4fed80c9ff902376ca55dcf896e7bf3bd11e33812661,7988fe09e96d44bf8a84e19124cd6a4b2a06795c5cc15e54400e9364faff21a7,a643f62d82e2a28f903663acade174fee38dbb8daecccea9dfcca80068c57ba8,
pilot,shrinking_split_b_decay_n2e6,shrinking,Shrinking split B decay,2000000,0.1,wallclock_timing,wallclock,0,,3,1,44,2026-07-12T16:40:17.724834+00:00,0.0017341,0.04605,True,False,0.1,0.0,99,297,False,False,5770,2,2,97,0.09998523525958071,1.4764740419285355e-05,0.04299749999999948,6.78e-05,7.7e-06,0.002977000000000521,c822bfcb1ecb2a962dd5f6791628132d1331f550acfd8040d40f65585701a776,1557f2baa0f68518c955e2252e3c86c267d7244b2ed519766226f76abf18d526,a643f62d82e2a28f903663acade174fee38dbb8daecccea9dfcca80068c57ba8,
pilot,shrinking_split_b_decay_n2e6,shrinking,Shrinking split B decay,2000000,0.1,threshold_500,prospective,2,500.0,3,1,45,2026-07-12T16:40:17.772863+00:00,0.002014,0.0428331,True,False,0.1,0.0,95,2254291,True,False,1560,2059,1,6,0.006225398894388175,0.09377460110561184,0.012333399999999975,0.0284843,2.7e-06,0.00201270000000002,415952babae7a7b009080322286bd6bab0e327887e00891185dc516796161924,cd925187c2264fdd2b8fb8a6ed5b6c5c0682d3986780534a22e91e8614a6e2d3,a643f62d82e2a28f903663acade174fee38dbb8daecccea9dfcca80068c57ba8,
pilot,shrinking_split_b_decay_n2e6,shrinking,Shrinking split B decay,2000000,0.1,threshold_20,prospective,2,20.0,3,1,46,2026-07-12T16:40:17.818033+00:00,0.0019797,0.0461034,True,False,0.1,0.0,96,3742,True,False,5682,67,1,72,0.0705510404378922,0.0294489595621078,0.04268359999999943,8.170000000000002e-05,2.7e-06,0.0033354000000005712,79bb1150e9fcd0b49ed8ccaf0d27e3e2b94de83a8875194bc9817d470b02cf61,cfa9db3b7e73a0d4e277be136f9108b67b9fa878c3644259f95bbc02658feef8,a643f62d82e2a28f903663acade174fee38dbb8daecccea9dfcca80068c57ba8,
pilot,shrinking_split_b_decay_n2e6,shrinking,Shrinking split B decay,2000000,0.1,threshold_200,prospective,2,200.0,3,1,47,2026-07-12T16:40:17.866265+00:00,0.0021044,0.0420414,True,False,0.1,0.0,102,365884,True,False,4118,818,1,25,0.024560509053543577,0.07543949094645644,0.0331848999999997,0.005864399999999991,2.7e-06,0.0029894000000003085,063bfe2df2b083ab2d14bee6390764bd8fc3ebc064142ba9f826e441dea54401,04ff0ef158db694fde64b21cb50dccc6ae1d7920088d35f691d9042e7a49a43e,a643f62d82e2a28f903663acade174fee38dbb8daecccea9dfcca80068c57ba8,
pilot,shrinking_split_b_decay_n2e6,shrinking,Shrinking split B decay,2000000,0.1,threshold_50,prospective,2,50.0,3,1,48,2026-07-12T16:40:17.909942+00:00,0.0019578,0.0395791,True,False,0.1,0.0,85,22271,True,False,5420,192,1,54,0.052405583297581874,0.04759441670241813,0.03620179999999999,0.00046039999999999943,2.7e-06,0.0029142000000000057,9e3b59ad91b515783270a1d572576e93fe401153519c90f0fd914c9922109fe8,f67047f3266251bac14a3036ac3a48f14669e70e78ebd6f88c34c41fd4664490,a643f62d82e2a28f903663acade174fee38dbb8daecccea9dfcca80068c57ba8,
pilot,oregonator_n1e5,oregonator,Oregonator,100000,1.0,forced_gillespie_after_initial_batch,prospective,2,1000000000000.0,2,0,49,2026-07-12T16:40:17.952470+00:00,0.0020275,0.2403732,True,False,1.0,0.0,72501,124501,True,False,1,19158,1,0,1.5031845257569069e-06,0.9999984968154743,1.99e-05,0.22299100000000188,3.1e-06,0.01735919999999813,2551ce5b7cdfe259bd5fe8b05c4549ce6f884a471c6ef07f6902f463372f8f9b,78604e0cd64f06051c4e4a33c77a2720efe71eb44b7eb6274ceccecee47cac04,a643f62d82e2a28f903663acade174fee38dbb8daecccea9dfcca80068c57ba8,
pilot,oregonator_n1e5,oregonator,Oregonator,100000,1.0,threshold_50,prospective,2,50.0,2,0,50,2026-07-12T16:40:18.195250+00:00,0.002304,0.2272375,True,False,1.0,0.0,72501,124501,True,False,1,19158,1,0,1.5031845257569069e-06,0.9999984968154743,2.27e-05,0.20972480000000093,3.4e-06,0.017486599999999103,2551ce5b7cdfe259bd5fe8b05c4549ce6f884a471c6ef07f6902f463372f8f9b,78604e0cd64f06051c4e4a33c77a2720efe71eb44b7eb6274ceccecee47cac04,a643f62d82e2a28f903663acade174fee38dbb8daecccea9dfcca80068c57ba8,
pilot,oregonator_n1e5,oregonator,Oregonator,100000,1.0,threshold_1000,prospective,2,1000.0,2,0,51,2026-07-12T16:40:18.424637+00:00,0.0022751,0.2182171,True,False,1.0,0.0,72501,124501,True,False,1,19158,1,0,1.5031845257569069e-06,0.9999984968154743,4.65e-05,0.2017913000000015,5.1e-06,0.01637419999999848,2551ce5b7cdfe259bd5fe8b05c4549ce6f884a471c6ef07f6902f463372f8f9b,78604e0cd64f06051c4e4a33c77a2720efe71eb44b7eb6274ceccecee47cac04,a643f62d82e2a28f903663acade174fee38dbb8daecccea9dfcca80068c57ba8,
pilot,oregonator_n1e5,oregonator,Oregonator,100000,1.0,threshold_20,prospective,2,20.0,2,0,52,2026-07-12T16:40:18.645498+00:00,0.0021605,0.8172054,True,False,1.0,0.0,59611,111611,True,False,54091,5719,7,0,0.10716889932472541,0.8928311006752746,0.7145864999999594,0.04894220000000035,5.29e-05,0.05362380000004019,92d098cc5e9615a2557166c6bf992a3b5783f55f5e64e916208c0caa82f0f97d,d8bee5d49867e6b9a27ed2572e7f7785fece1d3ddd96ac3e7cdbd78480ab677d,a643f62d82e2a28f903663acade174fee38dbb8daecccea9dfcca80068c57ba8,
pilot,oregonator_n1e5,oregonator,Oregonator,100000,1.0,threshold_250,prospective,2,250.0,2,0,53,2026-07-12T16:40:19.465318+00:00,0.0020688,0.1866701,True,False,1.0,0.0,72501,124501,True,False,1,19158,1,0,1.5031845257569069e-06,0.9999984968154743,1.96e-05,0.17208170000000003,3e-06,0.014565799999999962,2551ce5b7cdfe259bd5fe8b05c4549ce6f884a471c6ef07f6902f463372f8f9b,78604e0cd64f06051c4e4a33c77a2720efe71eb44b7eb6274ceccecee47cac04,a643f62d82e2a28f903663acade174fee38dbb8daecccea9dfcca80068c57ba8,
pilot,oregonator_n1e5,oregonator,Oregonator,100000,1.0,wallclock_timing,wallclock,0,,2,0,54,2026-07-12T16:40:19.653912+00:00,0.0020844,0.133083,True,False,1.0,0.0,70660,122660,True,False,7,14599,7,0,1.318414685776268e-05,0.9999868158531423,0.00049,0.12259129999999747,0.000167,0.009834700000002528,b0583819b53fce77f4ad9b60f82acf6cd953f0c29a9f5133e627c34bbcc1f747,45b4d18be023a2dcab4da1aa616815d7d8eae0fbb5ccedcc91d1dbe34d18294e,a643f62d82e2a28f903663acade174fee38dbb8daecccea9dfcca80068c57ba8,
pilot,oregonator_n1e5,oregonator,Oregonator,100000,1.0,threshold_500,prospective,2,500.0,2,0,55,2026-07-12T16:40:19.789567+00:00,0.001992,0.1876911,True,False,1.0,0.0,72501,124501,True,False,1,19158,1,0,1.5031845257569069e-06,0.9999984968154743,1.94e-05,0.1732157999999998,2.9e-06,0.014453000000000188,2551ce5b7cdfe259bd5fe8b05c4549ce6f884a471c6ef07f6902f463372f8f9b,78604e0cd64f06051c4e4a33c77a2720efe71eb44b7eb6274ceccecee47cac04,a643f62d82e2a28f903663acade174fee38dbb8daecccea9dfcca80068c57ba8,
pilot,oregonator_n1e5,oregonator,Oregonator,100000,1.0,threshold_750,prospective,2,750.0,2,0,56,2026-07-12T16:40:19.979090+00:00,0.0023106,0.1878176,True,False,1.0,0.0,72501,124501,True,False,1,19158,1,0,1.5031845257569069e-06,0.9999984968154743,2.24e-05,0.17297850000000242,3.3e-06,0.014813399999997562,2551ce5b7cdfe259bd5fe8b05c4549ce6f884a471c6ef07f6902f463372f8f9b,78604e0cd64f06051c4e4a33c77a2720efe71eb44b7eb6274ceccecee47cac04,a643f62d82e2a28f903663acade174fee38dbb8daecccea9dfcca80068c57ba8,
pilot,oregonator_n1e5,oregonator,Oregonator,100000,1.0,threshold_400,prospective,2,400.0,2,0,57,2026-07-12T16:40:20.169894+00:00,0.001989,0.1730462,True,False,1.0,0.0,72501,124501,True,False,1,19158,1,0,1.5031845257569069e-06,0.9999984968154743,1.99e-05,0.15937960000000004,3e-06,0.01364369999999998,2551ce5b7cdfe259bd5fe8b05c4549ce6f884a471c6ef07f6902f463372f8f9b,78604e0cd64f06051c4e4a33c77a2720efe71eb44b7eb6274ceccecee47cac04,a643f62d82e2a28f903663acade174fee38dbb8daecccea9dfcca80068c57ba8,
pilot,oregonator_n1e5,oregonator,Oregonator,100000,1.0,threshold_300,prospective,2,300.0,2,0,58,2026-07-12T16:40:20.345260+00:00,0.0020119,0.1790852,True,False,1.0,0.0,72501,124501,True,False,1,19158,1,0,1.5031845257569069e-06,0.9999984968154743,1.94e-05,0.16515280000000201,3e-06,0.01390999999999798,2551ce5b7cdfe259bd5fe8b05c4549ce6f884a471c6ef07f6902f463372f8f9b,78604e0cd64f06051c4e4a33c77a2720efe71eb44b7eb6274ceccecee47cac04,a643f62d82e2a28f903663acade174fee38dbb8daecccea9dfcca80068c57ba8,
pilot,oregonator_n1e5,oregonator,Oregonator,100000,1.0,threshold_100,prospective,2,100.0,2,0,59,2026-07-12T16:40:20.526796+00:00,0.0019235,0.1697338,True,False,1.0,0.0,72501,124501,True,False,1,19158,1,0,1.5031845257569069e-06,0.9999984968154743,1.95e-05,0.15625529999999965,3.1e-06,0.013455900000000326,2551ce5b7cdfe259bd5fe8b05c4549ce6f884a471c6ef07f6902f463372f8f9b,78604e0cd64f06051c4e4a33c77a2720efe71eb44b7eb6274ceccecee47cac04,a643f62d82e2a28f903663acade174fee38dbb8daecccea9dfcca80068c57ba8,
pilot,oregonator_n1e5,oregonator,Oregonator,100000,1.0,threshold_2000,prospective,2,2000.0,2,0,60,2026-07-12T16:40:20.699375+00:00,0.0019705,0.1822806,True,False,1.0,0.0,72501,124501,True,False,1,19158,1,0,1.5031845257569069e-06,0.9999984968154743,1.95e-05,0.1680196000000018,3e-06,0.014238499999998183,2551ce5b7cdfe259bd5fe8b05c4549ce6f884a471c6ef07f6902f463372f8f9b,78604e0cd64f06051c4e4a33c77a2720efe71eb44b7eb6274ceccecee47cac04,a643f62d82e2a28f903663acade174fee38dbb8daecccea9dfcca80068c57ba8,
pilot,oregonator_n1e5,oregonator,Oregonator,100000,1.0,threshold_200,prospective,2,200.0,2,0,61,2026-07-12T16:40:20.884045+00:00,0.0020091,0.181541,True,False,1.0,0.0,72501,124501,True,False,1,19158,1,0,1.5031845257569069e-06,0.9999984968154743,2e-05,0.16716620000000032,3.2e-06,0.014351599999999687,2551ce5b7cdfe259bd5fe8b05c4549ce6f884a471c6ef07f6902f463372f8f9b,78604e0cd64f06051c4e4a33c77a2720efe71eb44b7eb6274ceccecee47cac04,a643f62d82e2a28f903663acade174fee38dbb8daecccea9dfcca80068c57ba8,
pilot,oregonator_n1e5,oregonator,Oregonator,100000,1.0,threshold_1500,prospective,2,1500.0,2,0,62,2026-07-12T16:40:21.067602+00:00,0.0022578,0.1939681,True,False,1.0,0.0,72501,124501,True,False,1,19158,1,0,1.5031845257569069e-06,0.9999984968154743,1.98e-05,0.17913220000000152,3.6e-06,0.014812499999998507,2551ce5b7cdfe259bd5fe8b05c4549ce6f884a471c6ef07f6902f463372f8f9b,78604e0cd64f06051c4e4a33c77a2720efe71eb44b7eb6274ceccecee47cac04,a643f62d82e2a28f903663acade174fee38dbb8daecccea9dfcca80068c57ba8,
pilot,oregonator_n1e5,oregonator,Oregonator,100000,1.0,threshold_150,prospective,2,150.0,2,0,63,2026-07-12T16:40:21.264215+00:00,0.0019924,0.1865172,True,False,1.0,0.0,72501,124501,True,False,1,19158,1,0,1.5031845257569069e-06,0.9999984968154743,1.96e-05,0.1720707000000002,3.2e-06,0.01442369999999979,2551ce5b7cdfe259bd5fe8b05c4549ce6f884a471c6ef07f6902f463372f8f9b,78604e0cd64f06051c4e4a33c77a2720efe71eb44b7eb6274ceccecee47cac04,a643f62d82e2a28f903663acade174fee38dbb8daecccea9dfcca80068c57ba8,
pilot,oregonator_n1e5,oregonator,Oregonator,100000,1.0,forced_batch,prospective,2,0.0,2,0,64,2026-07-12T16:40:21.452455+00:00,0.0020245,4.6002362,True,False,1.0,0.0,68816,120816,False,False,406242,0,0,0,1.0,0.0,4.288483399997612,0.0,0.0,0.31175280000238814,1e7e894a71bc418fe47a9d5a657d4ab3a6215f6d936f462121baa68805939628,84c0f316a80b6fbabfa99412b69444061797127fbac34d3212f208d635e2c373,a643f62d82e2a28f903663acade174fee38dbb8daecccea9dfcca80068c57ba8,
pilot,shrinking_split_b_decay_n2e6,shrinking,Shrinking split B decay,2000000,0.1,wallclock_timing,wallclock,0,,1,1,65,2026-07-12T16:40:26.055355+00:00,0.0027591,0.0506438,True,False,0.1,0.0,95,297,False,False,5742,2,2,97,0.09998524021742287,1.4759782577128898e-05,0.047172700000000144,9.71e-05,1.22e-05,0.0033617999999998593,2c29c8ca2e4bc6b8de308ea277470e48938f79c77942b9c39f119d20b3bb484f,8646cbc1a2e6dd9898905ccb78fa98c1aefcd16d3e9189cce68b00d11672492c,a643f62d82e2a28f903663acade174fee38dbb8daecccea9dfcca80068c57ba8,
pilot,shrinking_split_b_decay_n2e6,shrinking,Shrinking split B decay,2000000,0.1,threshold_300,prospective,2,300.0,1,1,66,2026-07-12T16:40:26.109265+00:00,0.0021622,0.0469721,True,False,0.1,0.0,96,787562,True,False,3261,1232,1,17,0.016468023771822448,0.08353197622817755,0.028604200000000052,0.015189500000000007,3.2e-06,0.0031751999999999406,7682061e7a3f6f1960af5dce2b755f9a5dfc21ee24a74f1cc393ddf810273b81,57cf651a1033abec6d5fb7ee837192f3c50383ef58f4199cb4ef008beb304151,a643f62d82e2a28f903663acade174fee38dbb8daecccea9dfcca80068c57ba8,
pilot,shrinking_split_b_decay_n2e6,shrinking,Shrinking split B decay,2000000,0.1,threshold_250,prospective,2,250.0,1,1,67,2026-07-12T16:40:26.158780+00:00,0.0022902,0.0401991,True,False,0.1,0.0,86,537198,True,False,3701,1024,1,21,0.020107259210169204,0.0798927407898308,0.030496999999999767,0.006837699999999987,2.5e-06,0.0028619000000002434,3080a6f55e795bc7f19366c725a440f44b30474c75549c3e2ed2db4830e13ceb,5b450b8cc5de277f4d573749836e09052fb406aef6784cbd2fca4b4194cd53ac,a643f62d82e2a28f903663acade174fee38dbb8daecccea9dfcca80068c57ba8,
pilot,shrinking_split_b_decay_n2e6,shrinking,Shrinking split B decay,2000000,0.1,threshold_750,prospective,2,750.0,1,1,68,2026-07-12T16:40:26.201776+00:00,0.0022423,0.0624386,True,False,0.1,0.0,90,4000090,True,False,1,2817,1,0,1.80330874577914e-06,0.09999819669125423,2.28e-05,0.06056880000000012,3e-06,0.0018439999999998735,4920565192080e48e528a3afad1ea3bc029919fcd90c7676bc1d84d8ac598b8f,79893858f74e3248dbcb3ae65636fb78d899721d9e4c916bc6033366ed905678,a643f62d82e2a28f903663acade174fee38dbb8daecccea9dfcca80068c57ba8,
pilot,shrinking_split_b_decay_n2e6,shrinking,Shrinking split B decay,2000000,0.1,forced_gillespie_after_initial_batch,prospective,2,1000000000000.0,1,1,69,2026-07-12T16:40:26.266111+00:00,0.0019055,0.0567246,True,False,0.1,0.0,90,4000090,True,False,1,2817,1,0,1.80330874577914e-06,0.09999819669125423,1.78e-05,0.055062599999999906,2.5e-06,0.001641700000000093,4920565192080e48e528a3afad1ea3bc029919fcd90c7676bc1d84d8ac598b8f,79893858f74e3248dbcb3ae65636fb78d899721d9e4c916bc6033366ed905678,a643f62d82e2a28f903663acade174fee38dbb8daecccea9dfcca80068c57ba8,
pilot,shrinking_split_b_decay_n2e6,shrinking,Shrinking split B decay,2000000,0.1,threshold_2000,prospective,2,2000.0,1,1,70,2026-07-12T16:40:26.325614+00:00,0.0018796,0.0524322,True,False,0.1,0.0,90,4000090,True,False,1,2817,1,0,1.80330874577914e-06,0.09999819669125423,1.74e-05,0.05086879999999994,2.6e-06,0.0015434000000000558,4920565192080e48e528a3afad1ea3bc029919fcd90c7676bc1d84d8ac598b8f,79893858f74e3248dbcb3ae65636fb78d899721d9e4c916bc6033366ed905678,a643f62d82e2a28f903663acade174fee38dbb8daecccea9dfcca80068c57ba8,
pilot,shrinking_split_b_decay_n2e6,shrinking,Shrinking split B decay,2000000,0.1,threshold_1000,prospective,2,1000.0,1,1,71,2026-07-12T16:40:26.380307+00:00,0.0019673,0.0561086,True,False,0.1,0.0,90,4000090,True,False,1,2817,1,0,1.80330874577914e-06,0.09999819669125423,1.75e-05,0.05444839999999993,2.2e-06,0.0016405000000000725,4920565192080e48e528a3afad1ea3bc029919fcd90c7676bc1d84d8ac598b8f,79893858f74e3248dbcb3ae65636fb78d899721d9e4c916bc6033366ed905678,a643f62d82e2a28f903663acade174fee38dbb8daecccea9dfcca80068c57ba8,
pilot,shrinking_split_b_decay_n2e6,shrinking,Shrinking split B decay,2000000,0.1,threshold_50,prospective,2,50.0,1,1,72,2026-07-12T16:40:26.438256+00:00,0.0019712,0.04504,True,False,0.1,0.0,104,21892,True,False,5429,192,1,54,0.052331366422190564,0.04766863357780944,0.04142929999999943,0.0003677999999999997,2.9e-06,0.003240000000000562,49f70530167114fccda91b4c41bb9fd96a0fac41d413bdaabac29d3d79dda790,96966be10c8e5922ac1ad0c133dd4d1b5512f0b9f41ad525fb19cd6815b876f4,a643f62d82e2a28f903663acade174fee38dbb8daecccea9dfcca80068c57ba8,
pilot,shrinking_split_b_decay_n2e6,shrinking,Shrinking split B decay,2000000,0.1,threshold_100,prospective,2,100.0,1,1,73,2026-07-12T16:40:26.485365+00:00,0.0020106,0.0438348,True,False,0.1,0.0,88,86396,True,False,5001,398,1,40,0.03848901549699576,0.06151098450300425,0.039568799999999946,0.0010977999999999993,3.4e-06,0.003164800000000058,b66ff504b858a4ba04f6b78324feb8408af96ed65261a0753afe7f385a3dcefd,698f17c4cc8d36dc953f4c025d778b0471b98afcc045355615c2042f8802d4af,a643f62d82e2a28f903663acade174fee38dbb8daecccea9dfcca80068c57ba8,
pilot,shrinking_split_b_decay_n2e6,shrinking,Shrinking split B decay,2000000,0.1,threshold_20,prospective,2,20.0,1,1,74,2026-07-12T16:40:26.531643+00:00,0.0025443,0.0391714,True,False,0.1,0.0,101,3645,True,False,5687,68,1,72,0.07092143769805077,0.029078562301949232,0.03628679999999996,6.930000000000002e-05,2.4e-06,0.0028129000000000418,7f30da01c6fc153e5123db60cb1d19a2b8d9ea8a69d55cf58e2f2167563feb4b,ff86c1d69e0870b39bf673ab26aff0fe52ba9bc3f00936afeba56441759a7d65,a643f62d82e2a28f903663acade174fee38dbb8daecccea9dfcca80068c57ba8,
pilot,shrinking_split_b_decay_n2e6,shrinking,Shrinking split B decay,2000000,0.1,threshold_400,prospective,2,400.0,1,1,75,2026-07-12T16:40:26.573644+00:00,0.001723,0.033482,True,False,0.1,0.0,96,1398318,True,False,2400,1646,1,11,0.010697678381688575,0.08930232161831143,0.016214000000000183,0.01533469999999997,2.7e-06,0.001930599999999845,9e8573539e1ead40df1e986280428f828945bc7145d82dd21ac1a80d309ef2fa,570f2fd4feeb29898a95af4bcf3b144242f11036bc8cf3053054e574ebcb53c2,a643f62d82e2a28f903663acade174fee38dbb8daecccea9dfcca80068c57ba8,
pilot,shrinking_split_b_decay_n2e6,shrinking,Shrinking split B decay,2000000,0.1,forced_batch,prospective,2,0.0,1,1,76,2026-07-12T16:40:26.609667+00:00,0.0016188,0.0404391,True,False,0.1,0.0,116,348,False,False,5813,0,0,97,0.1,0.0,0.037544400000000144,0.0,0.0,0.0028946999999998543,5c04c872fb420edb8f19db95412b8d079234872a7289392395261f485ab07531,3dd02871881d525c05ca1949df3b41a3edf3874861ec6cd646b910bc80dcfcda,a643f62d82e2a28f903663acade174fee38dbb8daecccea9dfcca80068c57ba8,
pilot,shrinking_split_b_decay_n2e6,shrinking,Shrinking split B decay,2000000,0.1,threshold_150,prospective,2,150.0,1,1,77,2026-07-12T16:40:26.652195+00:00,0.0017511,0.0396979,True,False,0.1,0.0,89,205893,True,False,4564,608,1,31,0.030360961393832254,0.06963903860616776,0.03209330000000027,0.004686099999999997,3.4e-06,0.002915099999999733,e8de19a1259a89244140cfe5ec641643121567b5c5eda1a96d64ec67876988f5,865b3ab38698b8ad221c31547f6eec15141a4b8e47a8120330575bedabb6ec93,a643f62d82e2a28f903663acade174fee38dbb8daecccea9dfcca80068c57ba8,
pilot,shrinking_split_b_decay_n2e6,shrinking,Shrinking split B decay,2000000,0.1,threshold_1500,prospective,2,1500.0,1,1,78,2026-07-12T16:40:26.693099+00:00,0.0024532,0.055808,True,False,0.1,0.0,90,4000090,True,False,1,2817,1,0,1.80330874577914e-06,0.09999819669125423,2.42e-05,0.054189500000000036,3.2e-06,0.0015910999999999634,4920565192080e48e528a3afad1ea3bc029919fcd90c7676bc1d84d8ac598b8f,79893858f74e3248dbcb3ae65636fb78d899721d9e4c916bc6033366ed905678,a643f62d82e2a28f903663acade174fee38dbb8daecccea9dfcca80068c57ba8,
pilot,shrinking_split_b_decay_n2e6,shrinking,Shrinking split B decay,2000000,0.1,threshold_200,prospective,2,200.0,1,1,79,2026-07-12T16:40:26.752581+00:00,0.0020747,0.0426557,True,False,0.1,0.0,97,366281,True,False,4124,818,1,25,0.024563592005787286,0.07543640799421271,0.03409949999999989,0.005333499999999993,2.7e-06,0.0032200000000001186,9e5da0ea26ff91d8114dfc966eeb9874b7b70994b65ca62e5f554ca5196de7cf,aef7f5f20af696c4c2ac733dd579f34e8b72cfb6aa9bcfb1fc257cc6f781cd86,a643f62d82e2a28f903663acade174fee38dbb8daecccea9dfcca80068c57ba8,
pilot,shrinking_split_b_decay_n2e6,shrinking,Shrinking split B decay,2000000,0.1,threshold_500,prospective,2,500.0,1,1,80,2026-07-12T16:40:26.796905+00:00,0.0018473,0.045715,True,False,0.1,0.0,91,2255619,True,False,1565,2061,1,6,0.006240086085588358,0.09375991391441164,0.012852300000000049,0.030695000000000014,3.6e-06,0.0021640999999999327,5e7410961242bac1e3660889a1d4a6dc7c774a1a18531151bd3f0279d57710ba,86ff4df562f55def5db0e616eac18c60cd0c1ee604ed9b18a14d9a85401b09ae,a643f62d82e2a28f903663acade174fee38dbb8daecccea9dfcca80068c57ba8,
pilot,shrinking_no_b_decay_n2e6,shrinking,Shrinking no B decay,2000000,0.1,threshold_1500,prospective,2,1500.0,3,1,81,2026-07-12T16:40:26.844535+00:00,0.001851,0.0234794,True,False,0.1,0.0,807296,4807296,True,False,1,1037,1,0,6.717883337107446e-06,0.0999932821166629,1.98e-05,0.02301019999999999,2.2e-06,0.0004472000000000087,c3c7f7375de766b8a57326b3cfa02246be98cc45d7a85c69e70bd892a027896e,952b0cc0da04624db0975ad7c629e0837228fc1039615c5e37a1c9d95f4f6379,a643f62d82e2a28f903663acade174fee38dbb8daecccea9dfcca80068c57ba8,
pilot,shrinking_no_b_decay_n2e6,shrinking,Shrinking no B decay,2000000,0.1,forced_batch,prospective,2,0.0,3,1,82,2026-07-12T16:40:26.870538+00:00,0.0015924,0.1476088,True,False,0.1,0.0,807061,2502227,False,False,19912,0,0,9,0.1,0.0,0.13855540000000807,0.0,0.0,0.00905339999999194,3b292751742fda1db2430f4967cff8ea795665d4cb4b332d49048d177156af74,8a94709c60512bfdd12b00b7b88f57ae54624b8c69636faa646b3165770be0ce,a643f62d82e2a28f903663acade174fee38dbb8daecccea9dfcca80068c57ba8,
pilot,shrinking_no_b_decay_n2e6,shrinking,Shrinking no B decay,2000000,0.1,threshold_300,prospective,2,300.0,3,1,83,2026-07-12T16:40:27.020547+00:00,0.001595,0.0258829,True,False,0.1,0.0,807039,4112231,True,False,1199,727,1,2,0.004250157243422898,0.09574984275657711,0.009195100000000006,0.015802400000000005,2.5e-06,0.0008828999999999886,5ad6421b9df941984c972a6f81b4f22c58fe2bc39fbd6878d0b175cceb191128,76fe98e2292c926698b63ef957262309c0ac0baabb6c0591573d83660c1e9088,a643f62d82e2a28f903663acade174fee38dbb8daecccea9dfcca80068c57ba8,
pilot,shrinking_no_b_decay_n2e6,shrinking,Shrinking no B decay,2000000,0.1,threshold_50,prospective,2,50.0,3,1,84,2026-07-12T16:40:27.048015+00:00,0.0018771,0.0476494,True,False,0.1,0.0,807040,2671748,True,False,5745,110,1,8,0.024858733812066266,0.07514126618793374,0.04319269999999979,0.0018089000000000002,3.9e-06,0.002643900000000206,5a3c2e48db790aa9bdc6fda6f59208013084c6d64f7f3a676ab33831393884a1,4019036abbc5a7f48b0630ecefd8294aa734503559f4677595d0958eaae66fa5,a643f62d82e2a28f903663acade174fee38dbb8daecccea9dfcca80068c57ba8,
pilot,shrinking_no_b_decay_n2e6,shrinking,Shrinking no B decay,2000000,0.1,threshold_20,prospective,2,20.0,3,1,85,2026-07-12T16:40:27.097295+00:00,0.0021905,0.060368,True,False,0.1,0.0,807058,2502224,True,False,7585,45,1,9,0.0343840816218336,0.06561591837816641,0.055840400000000685,0.0009713999999999998,2.4e-06,0.003553799999999316,7c543ea7b4e505f5bf431d4d5525dcfe315dca9fc5958afecf63a1aa2478fc0c,85b4d34751145a4d33cd02fbbfd1ceba85770791926bd76bf53d67e1beeb88ed,a643f62d82e2a28f903663acade174fee38dbb8daecccea9dfcca80068c57ba8,
pilot,shrinking_no_b_decay_n2e6,shrinking,Shrinking no B decay,2000000,0.1,threshold_250,prospective,2,250.0,3,1,86,2026-07-12T16:40:27.157596+00:00,0.0017406,0.0225358,True,False,0.1,0.0,807063,3811423,True,False,1791,593,1,3,0.006600069290147336,0.09339993070985267,0.011530800000000074,0.010113499999999985,1.5e-06,0.0008899999999999395,0f4f737acf0387b7b83178723c67bd96803f57bc2758b07189411fcb48433450,9955e8dec7ac7bd29a042b837cd4758a0a5b1753c6588ccd4a3f9ade5f78235b,a643f62d82e2a28f903663acade174fee38dbb8daecccea9dfcca80068c57ba8,
pilot,shrinking_no_b_decay_n2e6,shrinking,Shrinking no B decay,2000000,0.1,threshold_750,prospective,2,750.0,3,1,87,2026-07-12T16:40:27.173361+00:00,0.0013016,0.0201954,True,False,0.1,0.0,807296,4807296,True,False,1,1037,1,0,6.717883337107446e-06,0.0999932821166629,1.12e-05,0.019796100000000028,1.2e-06,0.0003868999999999713,c3c7f7375de766b8a57326b3cfa02246be98cc45d7a85c69e70bd892a027896e,952b0cc0da04624db0975ad7c629e0837228fc1039615c5e37a1c9d95f4f6379,a643f62d82e2a28f903663acade174fee38dbb8daecccea9dfcca80068c57ba8,
pilot,shrinking_no_b_decay_n2e6,shrinking,Shrinking no B decay,2000000,0.1,threshold_500,prospective,2,500.0,3,1,88,2026-07-12T16:40:27.205070+00:00,0.0014804,0.0202717,True,False,0.1,0.0,807296,4807296,True,False,1,1037,1,0,6.717883337107446e-06,0.0999932821166629,1.62e-05,0.01988730000000002,2.2e-06,0.00036599999999997745,c3c7f7375de766b8a57326b3cfa02246be98cc45d7a85c69e70bd892a027896e,952b0cc0da04624db0975ad7c629e0837228fc1039615c5e37a1c9d95f4f6379,a643f62d82e2a28f903663acade174fee38dbb8daecccea9dfcca80068c57ba8,
pilot,shrinking_no_b_decay_n2e6,shrinking,Shrinking no B decay,2000000,0.1,threshold_150,prospective,2,150.0,3,1,89,2026-07-12T16:40:27.224178+00:00,0.0012411,0.027325,True,False,0.1,0.0,807000,3289082,True,False,3249,342,1,5,0.012786897162852393,0.08721310283714762,0.020457100000000047,0.005540700000000005,1.9e-06,0.001325299999999946,c9815b5b1cea448ad5ced10a2c203fbc12d6026819e0fa8e86ee13836d43eca1,52e1c72a64083524e113d3d9b7b5ca6ea1bd4f652cec6d29cf8d81249e84ddc3,a643f62d82e2a28f903663acade174fee38dbb8daecccea9dfcca80068c57ba8,
pilot,shrinking_no_b_decay_n2e6,shrinking,Shrinking no B decay,2000000,0.1,threshold_1000,prospective,2,1000.0,3,1,90,2026-07-12T16:40:27.252733+00:00,0.0014318,0.0205115,True,False,0.1,0.0,807296,4807296,True,False,1,1037,1,0,6.717883337107446e-06,0.0999932821166629,1.22e-05,0.020101200000000045,1.4e-06,0.00039669999999995473,c3c7f7375de766b8a57326b3cfa02246be98cc45d7a85c69e70bd892a027896e,952b0cc0da04624db0975ad7c629e0837228fc1039615c5e37a1c9d95f4f6379,a643f62d82e2a28f903663acade174fee38dbb8daecccea9dfcca80068c57ba8,
pilot,shrinking_no_b_decay_n2e6,shrinking,Shrinking no B decay,2000000,0.1,threshold_200,prospective,2,200.0,3,1,91,2026-07-12T16:40:27.268799+00:00,0.0017545,0.0252087,True,False,0.1,0.0,807034,3537754,True,False,2470,464,1,4,0.009373980385777187,0.09062601961422281,0.016236800000000193,0.00783309999999999,1.9e-06,0.0011368999999998158,98359485b19ae0f56ac36071fb82032ba7c48dce5d2baed7233d9f095b4cc607,e046194b275b4631a24ef1f2bfa5b44525e376332be0562572595039f44d7552,a643f62d82e2a28f903663acade174fee38dbb8daecccea9dfcca80068c57ba8,
pilot,shrinking_no_b_decay_n2e6,shrinking,Shrinking no B decay,2000000,0.1,threshold_400,prospective,2,400.0,3,1,92,2026-07-12T16:40:27.300734+00:00,0.001429,0.0210891,True,False,0.1,0.0,807082,4807082,True,False,113,1007,1,0,0.0003683250073890403,0.09963167499261097,0.0007146,0.01994970000000003,1.5e-06,0.00042329999999997023,363302b328bdb6e68d2d6a34781d804c0357721f9e48b223809ebc1503585714,3b0b6f7c48665a394e460dd4636e05e7f80fe1ccc5fcae6f60f1fba01c11c493,a643f62d82e2a28f903663acade174fee38dbb8daecccea9dfcca80068c57ba8,
pilot,shrinking_no_b_decay_n2e6,shrinking,Shrinking no B decay,2000000,0.1,threshold_2000,prospective,2,2000.0,3,1,93,2026-07-12T16:40:27.324324+00:00,0.0013661,0.0201816,True,False,0.1,0.0,807296,4807296,True,False,1,1037,1,0,6.717883337107446e-06,0.0999932821166629,1.32e-05,0.019796199999999993,1.4e-06,0.00037080000000000793,c3c7f7375de766b8a57326b3cfa02246be98cc45d7a85c69e70bd892a027896e,952b0cc0da04624db0975ad7c629e0837228fc1039615c5e37a1c9d95f4f6379,a643f62d82e2a28f903663acade174fee38dbb8daecccea9dfcca80068c57ba8,
pilot,shrinking_no_b_decay_n2e6,shrinking,Shrinking no B decay,2000000,0.1,threshold_100,prospective,2,100.0,3,1,94,2026-07-12T16:40:27.348538+00:00,0.0013007,0.0319808,True,False,0.1,0.0,807054,2858234,True,False,4241,223,1,7,0.01738215002537544,0.08261784997462457,0.02664859999999984,0.0036306000000000008,1.7e-06,0.0016999000000001568,6e455755c7e3622cfc1d9923b741f4ebde4f1c596956a7e939ccce0d5d4df8e9,9ee698136f4f086ef0453b2939a97d21942888e24e543fb6ce7e3d42a5dae29f,a643f62d82e2a28f903663acade174fee38dbb8daecccea9dfcca80068c57ba8,
pilot,shrinking_no_b_decay_n2e6,shrinking,Shrinking no B decay,2000000,0.1,wallclock_timing,wallclock,0,,3,1,95,2026-07-12T16:40:27.380449+00:00,0.0012817,0.0551501,True,False,0.1,0.0,807013,2576367,True,False,8447,32,3,8,0.03884830828763859,0.061151691712361414,0.051834900000000315,0.00045380000000000013,5.3e-06,0.002856099999999688,649c5b513353f5d3803aa5685924c358c36e5d119785ae66d6abbedf194c433e,e245321f939920ef4e6366f835b97f342ac8f93601ff868fdaa1ced33ac8381c,a643f62d82e2a28f903663acade174fee38dbb8daecccea9dfcca80068c57ba8,
pilot,shrinking_no_b_decay_n2e6,shrinking,Shrinking no B decay,2000000,0.1,forced_gillespie_after_initial_batch,prospective,2,1000000000000.0,3,1,96,2026-07-12T16:40:27.427963+00:00,0.0013925,0.0234234,True,False,0.1,0.0,807296,4807296,True,False,1,1037,1,0,6.717883337107446e-06,0.0999932821166629,1.18e-05,0.022959700000000003,1.2e-06,0.0004506999999999983,c3c7f7375de766b8a57326b3cfa02246be98cc45d7a85c69e70bd892a027896e,952b0cc0da04624db0975ad7c629e0837228fc1039615c5e37a1c9d95f4f6379,a643f62d82e2a28f903663acade174fee38dbb8daecccea9dfcca80068c57ba8,
pilot,shrinking_no_b_decay_n2e6,shrinking,Shrinking no B decay,2000000,0.1,threshold_750,prospective,2,750.0,1,0,97,2026-07-12T16:40:27.461642+00:00,0.0019691,0.0223654,True,False,0.1,0.0,807108,4807108,True,False,1,1038,1,0,1.80330874577914e-06,0.09999819669125422,2.13e-05,0.02193280000000004,2.5e-06,0.00040879999999996267,203f9b296e693ca6d8f38dd866b320ef33e2350ff6eac839fad630b9b9f3f433,4aa8d033155ffa9052b51d41b4ac5fef1eeab1315934f42b8a511abc18fe5d87,a643f62d82e2a28f903663acade174fee38dbb8daecccea9dfcca80068c57ba8,
pilot,shrinking_no_b_decay_n2e6,shrinking,Shrinking no B decay,2000000,0.1,threshold_300,prospective,2,300.0,1,0,98,2026-07-12T16:40:27.491099+00:00,0.0014922,0.033678,True,False,0.1,0.0,807326,4111912,True,False,1185,726,1,2,0.0042525215599525735,0.09574747844004743,0.01038999999999999,0.022271300000000015,2.2e-06,0.0010144999999999946,f6466bb9149eb0651f1ec879dd25806258c4dce9b67b0e764df60c50a38f2c92,20b21a61bb5fd5c655b51c7363e8fb850fdbf339b337f10a5a3ae4e8eb90084e,a643f62d82e2a28f903663acade174fee38dbb8daecccea9dfcca80068c57ba8,
pilot,shrinking_no_b_decay_n2e6,shrinking,Shrinking no B decay,2000000,0.1,wallclock_timing,wallclock,0,,1,0,99,2026-07-12T16:40:27.526083+00:00,0.0020399,0.0652231,True,False,0.1,0.0,807256,2576194,True,False,8447,31,3,8,0.03894543400949667,0.06105456599050334,0.060978299999999014,0.0007574999999999998,1.16e-05,0.0034757000000009905,400b542f6eb279f55f23a046caf7a253210a8ae5e73b87ba6d27d0ff4306598e,918acf0a6631d9ac02ece36e61a665f60b4310c47e258267d726007b5f4169f1,a643f62d82e2a28f903663acade174fee38dbb8daecccea9dfcca80068c57ba8,
pilot,shrinking_no_b_decay_n2e6,shrinking,Shrinking no B decay,2000000,0.1,threshold_150,prospective,2,150.0,1,0,100,2026-07-12T16:40:27.591449+00:00,0.0017772,0.0363415,True,False,0.1,0.0,807279,3288925,True,False,3192,340,1,5,0.012793442703795234,0.08720655729620477,0.02604130000000004,0.008422200000000001,2.9e-06,0.001875099999999956,6c35d10320d78f9ab9d9589ea8f5094d419d1a61abbd37e21102944feb9b5bbc,65c7815e9205ccc139987dd6317500ce345439f36d6fbd977b9fd49a74420143,a643f62d82e2a28f903663acade174fee38dbb8daecccea9dfcca80068c57ba8,
pilot,shrinking_no_b_decay_n2e6,shrinking,Shrinking no B decay,2000000,0.1,forced_gillespie_after_initial_batch,prospective,2,1000000000000.0,1,0,101,2026-07-12T16:40:27.628554+00:00,0.0018802,0.0344674,True,False,0.1,0.0,807108,4807108,True,False,1,1038,1,0,1.80330874577914e-06,0.09999819669125422,2.11e-05,0.033804200000000006,2.4e-06,0.000639699999999993,203f9b296e693ca6d8f38dd866b320ef33e2350ff6eac839fad630b9b9f3f433,4aa8d033155ffa9052b51d41b4ac5fef1eeab1315934f42b8a511abc18fe5d87,a643f62d82e2a28f903663acade174fee38dbb8daecccea9dfcca80068c57ba8,
pilot,shrinking_no_b_decay_n2e6,shrinking,Shrinking no B decay,2000000,0.1,threshold_500,prospective,2,500.0,1,0,102,2026-07-12T16:40:27.667670+00:00,0.0014879,0.0206653,True,False,0.1,0.0,807108,4807108,True,False,1,1038,1,0,1.80330874577914e-06,0.09999819669125422,1.56e-05,0.020257700000000038,1.9e-06,0.0003900999999999627,203f9b296e693ca6d8f38dd866b320ef33e2350ff6eac839fad630b9b9f3f433,4aa8d033155ffa9052b51d41b4ac5fef1eeab1315934f42b8a511abc18fe5d87,a643f62d82e2a28f903663acade174fee38dbb8daecccea9dfcca80068c57ba8,
pilot,shrinking_no_b_decay_n2e6,shrinking,Shrinking no B decay,2000000,0.1,threshold_400,prospective,2,400.0,1,0,103,2026-07-12T16:40:27.689145+00:00,0.0015396,0.0242229,True,False,0.1,0.0,807189,4807189,True,False,113,1007,1,0,0.0003658504193424231,0.09963414958065758,0.0007498999999999997,0.022987399999999984,1.7e-06,0.0004839000000000128,7d37b0c74e74734c0bcf8a7179a0a0caa1b4f4bb786fe3bc12b8a9ec39cadcfb,187627351a76e2fa7f2b7c477ad8e74ece534622b2df341c7c26e30573e23626,a643f62d82e2a28f903663acade174fee38dbb8daecccea9dfcca80068c57ba8,
pilot,shrinking_no_b_decay_n2e6,shrinking,Shrinking no B decay,2000000,0.1,threshold_200,prospective,2,200.0,1,0,104,2026-07-12T16:40:27.715870+00:00,0.0016457,0.0322813,True,False,0.1,0.0,807309,3537549,True,False,2428,464,1,4,0.00936741950700103,0.09063258049299898,0.018794399999999902,0.0120132,2.7e-06,0.0014710000000000972,b6750e2ceb05b1a187cfceac52383ce9fa9b46cc7017817ee73a265324ef7506,9151d006ad5dfb125f11ac1967c62bb38c0577372419bab2119701ca841a4472,a643f62d82e2a28f903663acade174fee38dbb8daecccea9dfcca80068c57ba8,
pilot,shrinking_no_b_decay_n2e6,shrinking,Shrinking no B decay,2000000,0.1,threshold_50,prospective,2,50.0,1,0,105,2026-07-12T16:40:27.736921+00:00,0.001617,0.0514631,True,False,0.1,0.0,807243,2671451,True,False,5717,110,1,8,0.024882756293932537,0.07511724370606747,0.045760399999999965,0.0026958,3e-06,0.0030039000000000315,45266690eb6247362ca3d711b45baa51665a3475cde84a9a018c791b48ebf580,793f96437b153a7864fc1558db83d450049fc251ed2e34b02c3c1368ecb89856,a643f62d82e2a28f903663acade174fee38dbb8daecccea9dfcca80068c57ba8,
pilot,shrinking_no_b_decay_n2e6,shrinking,Shrinking no B decay,2000000,0.1,threshold_100,prospective,2,100.0,1,0,106,2026-07-12T16:40:27.800897+00:00,0.0016041,0.0363781,True,False,0.1,0.0,807250,2858030,True,False,4193,223,1,7,0.017408408637331507,0.0825915913626685,0.030529499999999737,0.003946599999999999,2.4e-06,0.001899600000000258,352aa80c3d36dc3528c4e50038fda036df81ac1ca5c87bb7e4549e0babd5e578,127f3007e5bdfe9271d7c888fbfd12ccedd6439d671a535c2ed6259c1013bbe6,a643f62d82e2a28f903663acade174fee38dbb8daecccea9dfcca80068c57ba8,
pilot,shrinking_no_b_decay_n2e6,shrinking,Shrinking no B decay,2000000,0.1,forced_batch,prospective,2,0.0,1,0,107,2026-07-12T16:40:27.840601+00:00,0.00177,0.1252121,True,False,0.1,0.0,807262,2501960,False,False,19821,0,0,9,0.1,0.0,0.1176650999999984,0.0,0.0,0.007547000000001594,078bdbdd22c2d1fcda9d13b333b0817fbfaed944e9f863d003845b0a3cdab833,7f5bae24dd7e1d351fe46a9dcadb00bc766d7a2712a052e381a2da5ec4b4baeb,a643f62d82e2a28f903663acade174fee38dbb8daecccea9dfcca80068c57ba8,
pilot,shrinking_no_b_decay_n2e6,shrinking,Shrinking no B decay,2000000,0.1,threshold_1000,prospective,2,1000.0,1,0,108,2026-07-12T16:40:27.960405+00:00,0.0015076,0.0216136,True,False,0.1,0.0,807108,4807108,True,False,1,1038,1,0,1.80330874577914e-06,0.09999819669125422,1.17e-05,0.0211724,1.8e-06,0.0004276999999999996,203f9b296e693ca6d8f38dd866b320ef33e2350ff6eac839fad630b9b9f3f433,4aa8d033155ffa9052b51d41b4ac5fef1eeab1315934f42b8a511abc18fe5d87,a643f62d82e2a28f903663acade174fee38dbb8daecccea9dfcca80068c57ba8,
pilot,shrinking_no_b_decay_n2e6,shrinking,Shrinking no B decay,2000000,0.1,threshold_1500,prospective,2,1500.0,1,0,109,2026-07-12T16:40:27.992978+00:00,0.0021813,0.0213,True,False,0.1,0.0,807108,4807108,True,False,1,1038,1,0,1.80330874577914e-06,0.09999819669125422,1.75e-05,0.020883400000000062,2.1e-06,0.0003969999999999356,203f9b296e693ca6d8f38dd866b320ef33e2350ff6eac839fad630b9b9f3f433,4aa8d033155ffa9052b51d41b4ac5fef1eeab1315934f42b8a511abc18fe5d87,a643f62d82e2a28f903663acade174fee38dbb8daecccea9dfcca80068c57ba8,
pilot,shrinking_no_b_decay_n2e6,shrinking,Shrinking no B decay,2000000,0.1,threshold_250,prospective,2,250.0,1,0,110,2026-07-12T16:40:28.019302+00:00,0.0014295,0.0266983,True,False,0.1,0.0,807136,3810718,True,False,1779,593,1,3,0.006594659696960181,0.09340534030303982,0.01315099999999991,0.012448799999999996,2.7e-06,0.0010958000000000946,30533bbd766e69d5b277e3a49968a95f43f589f3b9307839b4bb3c08d596d536,3d627f58216f3c226e5f4a02a854d8f07dce8887db30d5ca03721ebcb59d1520,a643f62d82e2a28f903663acade174fee38dbb8daecccea9dfcca80068c57ba8,
pilot,shrinking_no_b_decay_n2e6,shrinking,Shrinking no B decay,2000000,0.1,threshold_2000,prospective,2,2000.0,1,0,111,2026-07-12T16:40:28.044142+00:00,0.0015598,0.0230983,True,False,0.1,0.0,807108,4807108,True,False,1,1038,1,0,1.80330874577914e-06,0.09999819669125422,1.58e-05,0.022617099999999994,2e-06,0.00046340000000000617,203f9b296e693ca6d8f38dd866b320ef33e2350ff6eac839fad630b9b9f3f433,4aa8d033155ffa9052b51d41b4ac5fef1eeab1315934f42b8a511abc18fe5d87,a643f62d82e2a28f903663acade174fee38dbb8daecccea9dfcca80068c57ba8,
pilot,shrinking_no_b_decay_n2e6,shrinking,Shrinking no B decay,2000000,0.1,threshold_20,prospective,2,20.0,1,0,112,2026-07-12T16:40:28.060057+00:00,0.0020726,0.0597191,True,False,0.1,0.0,807267,2501965,True,False,7555,45,1,9,0.03439272594203255,0.06560727405796746,0.05549600000000003,0.0006344000000000002,2e-06,0.0035866999999999635,6173563afb1ff6be686e055da95389823f45233dff668be547ebf893ccfc406d,dbcd1f35ac3b841c2a0c20fbaeaa2709f911ed9fdfb0305d90e03f5b1d1f2f27,a643f62d82e2a28f903663acade174fee38dbb8daecccea9dfcca80068c57ba8,
pilot,lotka_volterra_n100000,lotka_volterra,Lotka-Volterra,100000,1.0,forced_gillespie_after_initial_batch,prospective,2,1000000000000.0,1,0,113,2026-07-12T16:40:28.125084+00:00,0.0015564,0.0030436,True,False,1.0,0.0,125908,225908,True,False,1,412,1,0,0.0006302871363178732,0.9993697128636821,1.51e-05,0.0028288,1.7e-06,0.00019800000000000026,da47a0a06cf4bfffda23f97005c41772671a748460e6e62803ce4006587b77de,4e223527f89646b3641250f49b5d51f0bfc32e7da685c9651ffb3a1a12b73f24,a643f62d82e2a28f903663acade174fee38dbb8daecccea9dfcca80068c57ba8,
pilot,lotka_volterra_n100000,lotka_volterra,Lotka-Volterra,100000,1.0,threshold_300,prospective,2,300.0,1,0,114,2026-07-12T16:40:28.138696+00:00,0.0014177,0.0027585,True,False,1.0,0.0,125908,225908,True,False,1,412,1,0,0.0006302871363178732,0.9993697128636821,1.38e-05,0.002556800000000002,1.8e-06,0.00018609999999999807,da47a0a06cf4bfffda23f97005c41772671a748460e6e62803ce4006587b77de,4e223527f89646b3641250f49b5d51f0bfc32e7da685c9651ffb3a1a12b73f24,a643f62d82e2a28f903663acade174fee38dbb8daecccea9dfcca80068c57ba8,
pilot,lotka_volterra_n100000,lotka_volterra,Lotka-Volterra,100000,1.0,threshold_150,prospective,2,150.0,1,0,115,2026-07-12T16:40:28.138696+00:00,0.0012811,0.0034379,True,False,1.0,0.0,125914,225914,False,False,63,388,2,0,0.05451304751736854,0.9454869524826315,0.0005675999999999998,0.002622100000000002,6.6e-06,0.00024159999999999807,a74653eacb2554389e775c96a7fd176f45e1f406a506a2fcccf40a25a4663f9a,aba880c1183230c597ad02878078722ffc5147b318f444e548e4395c1bbbc2f0,a643f62d82e2a28f903663acade174fee38dbb8daecccea9dfcca80068c57ba8,
pilot,lotka_volterra_n100000,lotka_volterra,Lotka-Volterra,100000,1.0,threshold_1000,prospective,2,1000.0,1,0,116,2026-07-12T16:40:28.138696+00:00,0.0013391,0.0027616,True,False,1.0,0.0,125908,225908,True,False,1,412,1,0,0.0006302871363178732,0.9993697128636821,1.26e-05,0.0025589000000000037,1.5e-06,0.0001885999999999958,da47a0a06cf4bfffda23f97005c41772671a748460e6e62803ce4006587b77de,4e223527f89646b3641250f49b5d51f0bfc32e7da685c9651ffb3a1a12b73f24,a643f62d82e2a28f903663acade174fee38dbb8daecccea9dfcca80068c57ba8,
pilot,lotka_volterra_n100000,lotka_volterra,Lotka-Volterra,100000,1.0,threshold_400,prospective,2,400.0,1,0,117,2026-07-12T16:40:28.138696+00:00,0.0012835,0.0031061,True,False,1.0,0.0,125908,225908,True,False,1,412,1,0,0.0006302871363178732,0.9993697128636821,1.27e-05,0.002863,1.4e-06,0.00022900000000000004,da47a0a06cf4bfffda23f97005c41772671a748460e6e62803ce4006587b77de,4e223527f89646b3641250f49b5d51f0bfc32e7da685c9651ffb3a1a12b73f24,a643f62d82e2a28f903663acade174fee38dbb8daecccea9dfcca80068c57ba8,
pilot,lotka_volterra_n100000,lotka_volterra,Lotka-Volterra,100000,1.0,threshold_250,prospective,2,250.0,1,0,118,2026-07-12T16:40:28.154781+00:00,0.0013425,0.002756,True,False,1.0,0.0,125908,225908,True,False,1,412,1,0,0.0006302871363178732,0.9993697128636821,1.41e-05,0.0025531000000000017,1.5e-06,0.00018729999999999832,da47a0a06cf4bfffda23f97005c41772671a748460e6e62803ce4006587b77de,4e223527f89646b3641250f49b5d51f0bfc32e7da685c9651ffb3a1a12b73f24,a643f62d82e2a28f903663acade174fee38dbb8daecccea9dfcca80068c57ba8,
pilot,lotka_volterra_n100000,lotka_volterra,Lotka-Volterra,100000,1.0,threshold_50,prospective,2,50.0,1,0,119,2026-07-12T16:40:28.154781+00:00,0.001281,0.0091754,True,False,1.0,0.0,126336,226336,False,False,930,0,0,0,1.0,0.0,0.008692100000000041,0.0,0.0,0.0004832999999999591,b1b69abc2305eba1b0155cf8d733c26da28fcadb923306c6b6678733f513cf50,355fb33e92c774dec5957b70586978907614911f154cccdf8c32848300c637df,a643f62d82e2a28f903663acade174fee38dbb8daecccea9dfcca80068c57ba8,
pilot,lotka_volterra_n100000,lotka_volterra,Lotka-Volterra,100000,1.0,threshold_20,prospective,2,20.0,1,0,120,2026-07-12T16:40:28.171408+00:00,0.0017702,0.0094267,True,False,1.0,0.0,126336,226336,False,False,930,0,0,0,1.0,0.0,0.008933900000000012,0.0,0.0,0.0004927999999999877,b1b69abc2305eba1b0155cf8d733c26da28fcadb923306c6b6678733f513cf50,355fb33e92c774dec5957b70586978907614911f154cccdf8c32848300c637df,a643f62d82e2a28f903663acade174fee38dbb8daecccea9dfcca80068c57ba8,
pilot,lotka_volterra_n100000,lotka_volterra,Lotka-Volterra,100000,1.0,threshold_2000,prospective,2,2000.0,1,0,121,2026-07-12T16:40:28.171408+00:00,0.0015128,0.0028885,True,False,1.0,0.0,125908,225908,True,False,1,412,1,0,0.0006302871363178732,0.9993697128636821,1.29e-05,0.002681100000000003,2.1e-06,0.00019239999999999665,da47a0a06cf4bfffda23f97005c41772671a748460e6e62803ce4006587b77de,4e223527f89646b3641250f49b5d51f0bfc32e7da685c9651ffb3a1a12b73f24,a643f62d82e2a28f903663acade174fee38dbb8daecccea9dfcca80068c57ba8,
pilot,lotka_volterra_n100000,lotka_volterra,Lotka-Volterra,100000,1.0,threshold_1500,prospective,2,1500.0,1,0,122,2026-07-12T16:40:28.186716+00:00,0.0013439,0.0031958,True,False,1.0,0.0,125908,225908,True,False,1,412,1,0,0.0006302871363178732,0.9993697128636821,1.31e-05,0.0029718000000000014,1.6e-06,0.00020929999999999864,da47a0a06cf4bfffda23f97005c41772671a748460e6e62803ce4006587b77de,4e223527f89646b3641250f49b5d51f0bfc32e7da685c9651ffb3a1a12b73f24,a643f62d82e2a28f903663acade174fee38dbb8daecccea9dfcca80068c57ba8,
pilot,lotka_volterra_n100000,lotka_volterra,Lotka-Volterra,100000,1.0,threshold_200,prospective,2,200.0,1,0,123,2026-07-12T16:40:28.186716+00:00,0.0013261,0.00276,True,False,1.0,0.0,125908,225908,True,False,1,412,1,0,0.0006302871363178732,0.9993697128636821,1.41e-05,0.0025565000000000023,1.8e-06,0.0001875999999999974,da47a0a06cf4bfffda23f97005c41772671a748460e6e62803ce4006587b77de,4e223527f89646b3641250f49b5d51f0bfc32e7da685c9651ffb3a1a12b73f24,a643f62d82e2a28f903663acade174fee38dbb8daecccea9dfcca80068c57ba8,
pilot,lotka_volterra_n100000,lotka_volterra,Lotka-Volterra,100000,1.0,wallclock_timing,wallclock,0,,1,0,124,2026-07-12T16:40:28.186716+00:00,0.0012812,0.0066858,True,False,1.0,0.0,126312,226312,False,False,560,170,10,0,0.5907504699836027,0.40924953001639724,0.005169700000000008,0.0011603000000000008,2.7700000000000002e-05,0.0003280999999999909,964ee6101528899b452a83da77d7048c4d4a225cbf7d3d26c04cc497963a3021,f36bdd7d933082233845da662f0d71c8752a34af56ddcebf73abd17accfba1dc,a643f62d82e2a28f903663acade174fee38dbb8daecccea9dfcca80068c57ba8,
pilot,lotka_volterra_n100000,lotka_volterra,Lotka-Volterra,100000,1.0,threshold_100,prospective,2,100.0,1,0,125,2026-07-12T16:40:28.202810+00:00,0.0019503,0.0099265,True,False,1.0,0.0,126336,226336,False,False,930,0,0,0,1.0,0.0,0.009394799999999991,0.0,0.0,0.0005317000000000082,b1b69abc2305eba1b0155cf8d733c26da28fcadb923306c6b6678733f513cf50,355fb33e92c774dec5957b70586978907614911f154cccdf8c32848300c637df,a643f62d82e2a28f903663acade174fee38dbb8daecccea9dfcca80068c57ba8,
pilot,lotka_volterra_n100000,lotka_volterra,Lotka-Volterra,100000,1.0,forced_batch,prospective,2,0.0,1,0,126,2026-07-12T16:40:28.206384+00:00,0.0016304,0.0093174,True,False,1.0,0.0,126336,226336,False,False,930,0,0,0,1.0,0.0,0.008837599999999992,0.0,0.0,0.00047980000000000765,b1b69abc2305eba1b0155cf8d733c26da28fcadb923306c6b6678733f513cf50,355fb33e92c774dec5957b70586978907614911f154cccdf8c32848300c637df,a643f62d82e2a28f903663acade174fee38dbb8daecccea9dfcca80068c57ba8,
pilot,lotka_volterra_n100000,lotka_volterra,Lotka-Volterra,100000,1.0,threshold_500,prospective,2,500.0,1,0,127,2026-07-12T16:40:28.225061+00:00,0.0016416,0.0027577,True,False,1.0,0.0,125908,225908,True,False,1,412,1,0,0.0006302871363178732,0.9993697128636821,1.38e-05,0.002543500000000004,2.2e-06,0.00019819999999999604,da47a0a06cf4bfffda23f97005c41772671a748460e6e62803ce4006587b77de,4e223527f89646b3641250f49b5d51f0bfc32e7da685c9651ffb3a1a12b73f24,a643f62d82e2a28f903663acade174fee38dbb8daecccea9dfcca80068c57ba8,
pilot,lotka_volterra_n100000,lotka_volterra,Lotka-Volterra,100000,1.0,threshold_750,prospective,2,750.0,1,0,128,2026-07-12T16:40:28.225061+00:00,0.0014948,0.0029782,True,False,1.0,0.0,125908,225908,True,False,1,412,1,0,0.0006302871363178732,0.9993697128636821,1.37e-05,0.0027525000000000015,1.8e-06,0.00021019999999999806,da47a0a06cf4bfffda23f97005c41772671a748460e6e62803ce4006587b77de,4e223527f89646b3641250f49b5d51f0bfc32e7da685c9651ffb3a1a12b73f24,a643f62d82e2a28f903663acade174fee38dbb8daecccea9dfcca80068c57ba8,
pilot,dimerization_n1e8,dimerization,Dimerization,100000000,0.5,threshold_200,prospective,2,200.0,3,0,129,2026-07-12T16:40:28.234802+00:00,0.0011326,0.1739172,True,False,0.5,0.0,79430650,129430650,False,False,15651,0,0,0,0.5,0.0,0.16767260000000128,0.0,0.0,0.006244599999998712,e24afd535f373891df66007318ec0be6a909975ff1168bc462521deb06d8d058,ec737705028c1f3d0ed99fc23a417806986eb2f14c5b5d6203fa4fd9d9cf9a18,a643f62d82e2a28f903663acade174fee38dbb8daecccea9dfcca80068c57ba8,
pilot,dimerization_n1e8,dimerization,Dimerization,100000000,0.5,threshold_20,prospective,2,20.0,3,0,130,2026-07-12T16:40:28.409530+00:00,0.0014798,0.1735083,True,False,0.5,0.0,79430650,129430650,False,False,15651,0,0,0,0.5,0.0,0.16731230000000305,0.0,0.0,0.006195999999996954,e24afd535f373891df66007318ec0be6a909975ff1168bc462521deb06d8d058,ec737705028c1f3d0ed99fc23a417806986eb2f14c5b5d6203fa4fd9d9cf9a18,a643f62d82e2a28f903663acade174fee38dbb8daecccea9dfcca80068c57ba8,
pilot,dimerization_n1e8,dimerization,Dimerization,100000000,0.5,threshold_100,prospective,2,100.0,3,0,131,2026-07-12T16:40:28.577278+00:00,0.0014691,0.1725477,True,False,0.5,0.0,79430650,129430650,False,False,15651,0,0,0,0.5,0.0,0.16644400000000217,0.0,0.0,0.006103699999997825,e24afd535f373891df66007318ec0be6a909975ff1168bc462521deb06d8d058,ec737705028c1f3d0ed99fc23a417806986eb2f14c5b5d6203fa4fd9d9cf9a18,a643f62d82e2a28f903663acade174fee38dbb8daecccea9dfcca80068c57ba8,
pilot,dimerization_n1e8,dimerization,Dimerization,100000000,0.5,forced_gillespie_after_initial_batch,prospective,2,1000000000000.0,3,0,132,2026-07-12T16:40:28.752374+00:00,0.0014546,0.5572573,True,False,0.5,0.0,79429623,129429623,True,False,1,2192,1,0,5.44782670231244e-05,0.49994552173297685,1.52e-05,0.5561592999999996,1.9e-06,0.0010809000000003843,2766f5ea7fabcdf1e6a77492a1c46a7942890467744e903976db3df6a86a3b6b,eee6f27975d32c84bd58c80e13e147050f8c4c1f6cf81f14a922775181c69f68,a643f62d82e2a28f903663acade174fee38dbb8daecccea9dfcca80068c57ba8,
pilot,dimerization_n1e8,dimerization,Dimerization,100000000,0.5,threshold_50,prospective,2,50.0,3,0,133,2026-07-12T16:40:29.321654+00:00,0.0014629,0.1774745,True,False,0.5,0.0,79430650,129430650,False,False,15651,0,0,0,0.5,0.0,0.17110950000000302,0.0,0.0,0.006364999999996984,e24afd535f373891df66007318ec0be6a909975ff1168bc462521deb06d8d058,ec737705028c1f3d0ed99fc23a417806986eb2f14c5b5d6203fa4fd9d9cf9a18,a643f62d82e2a28f903663acade174fee38dbb8daecccea9dfcca80068c57ba8,
pilot,dimerization_n1e8,dimerization,Dimerization,100000000,0.5,threshold_250,prospective,2,250.0,3,0,134,2026-07-12T16:40:29.500783+00:00,0.0014743,0.1675024,True,False,0.5,0.0,79430650,129430650,False,False,15651,0,0,0,0.5,0.0,0.1615610000000018,0.0,0.0,0.005941399999998209,e24afd535f373891df66007318ec0be6a909975ff1168bc462521deb06d8d058,ec737705028c1f3d0ed99fc23a417806986eb2f14c5b5d6203fa4fd9d9cf9a18,a643f62d82e2a28f903663acade174fee38dbb8daecccea9dfcca80068c57ba8,
pilot,dimerization_n1e8,dimerization,Dimerization,100000000,0.5,wallclock_timing,wallclock,0,,3,0,135,2026-07-12T16:40:29.670532+00:00,0.0016124,0.1795582,True,False,0.5,0.0,79426923,129426923,False,False,15609,4,4,0,0.4991283263634919,0.0008716736365080796,0.17256320000000172,0.0012856,1.56e-05,0.005693799999998278,91d4d65a4d9b8aa456ccf6447a7a3466f627e7bff6fba2985a3318efead9fd78,e171d777b0d43776b1ba0551a38918901ae428399391de63645c9f7f418ecce4,a643f62d82e2a28f903663acade174fee38dbb8daecccea9dfcca80068c57ba8,
pilot,dimerization_n1e8,dimerization,Dimerization,100000000,0.5,threshold_400,prospective,2,400.0,3,0,136,2026-07-12T16:40:29.851767+00:00,0.0014904,0.1674808,True,False,0.5,0.0,79430650,129430650,False,False,15651,0,0,0,0.5,0.0,0.16152520000000314,0.0,0.0,0.005955599999996869,e24afd535f373891df66007318ec0be6a909975ff1168bc462521deb06d8d058,ec737705028c1f3d0ed99fc23a417806986eb2f14c5b5d6203fa4fd9d9cf9a18,a643f62d82e2a28f903663acade174fee38dbb8daecccea9dfcca80068c57ba8,
pilot,dimerization_n1e8,dimerization,Dimerization,100000000,0.5,threshold_2000,prospective,2,2000.0,3,0,137,2026-07-12T16:40:30.020719+00:00,0.0017554,0.5847071,True,False,0.5,0.0,79429623,129429623,True,False,1,2192,1,0,5.44782670231244e-05,0.49994552173297685,1.25e-05,0.5835566999999999,2.1e-06,0.0011358000000001311,2766f5ea7fabcdf1e6a77492a1c46a7942890467744e903976db3df6a86a3b6b,eee6f27975d32c84bd58c80e13e147050f8c4c1f6cf81f14a922775181c69f68,a643f62d82e2a28f903663acade174fee38dbb8daecccea9dfcca80068c57ba8,
pilot,dimerization_n1e8,dimerization,Dimerization,100000000,0.5,forced_batch,prospective,2,0.0,3,0,138,2026-07-12T16:40:30.607685+00:00,0.0014983,0.1692092,True,False,0.5,0.0,79430650,129430650,False,False,15651,0,0,0,0.5,0.0,0.16315430000000056,0.0,0.0,0.006054899999999447,e24afd535f373891df66007318ec0be6a909975ff1168bc462521deb06d8d058,ec737705028c1f3d0ed99fc23a417806986eb2f14c5b5d6203fa4fd9d9cf9a18,a643f62d82e2a28f903663acade174fee38dbb8daecccea9dfcca80068c57ba8,
pilot,dimerization_n1e8,dimerization,Dimerization,100000000,0.5,threshold_500,prospective,2,500.0,3,0,139,2026-07-12T16:40:30.778680+00:00,0.0017209,0.1670831,True,False,0.5,0.0,79430650,129430650,False,False,15651,0,0,0,0.5,0.0,0.16117680000000167,0.0,0.0,0.005906299999998338,e24afd535f373891df66007318ec0be6a909975ff1168bc462521deb06d8d058,ec737705028c1f3d0ed99fc23a417806986eb2f14c5b5d6203fa4fd9d9cf9a18,a643f62d82e2a28f903663acade174fee38dbb8daecccea9dfcca80068c57ba8,
pilot,dimerization_n1e8,dimerization,Dimerization,100000000,0.5,threshold_1500,prospective,2,1500.0,3,0,140,2026-07-12T16:40:30.947734+00:00,0.0014838,0.5527868,True,False,0.5,0.0,79429623,129429623,True,False,1,2192,1,0,5.44782670231244e-05,0.49994552173297685,1.43e-05,0.5517634999999999,1.9e-06,0.0010071000000001495,2766f5ea7fabcdf1e6a77492a1c46a7942890467744e903976db3df6a86a3b6b,eee6f27975d32c84bd58c80e13e147050f8c4c1f6cf81f14a922775181c69f68,a643f62d82e2a28f903663acade174fee38dbb8daecccea9dfcca80068c57ba8,
pilot,dimerization_n1e8,dimerization,Dimerization,100000000,0.5,threshold_300,prospective,2,300.0,3,0,141,2026-07-12T16:40:31.499590+00:00,0.0017349,0.2105488,True,False,0.5,0.0,79430650,129430650,False,False,15651,0,0,0,0.5,0.0,0.20273879999999875,0.0,0.0,0.00781000000000126,e24afd535f373891df66007318ec0be6a909975ff1168bc462521deb06d8d058,ec737705028c1f3d0ed99fc23a417806986eb2f14c5b5d6203fa4fd9d9cf9a18,a643f62d82e2a28f903663acade174fee38dbb8daecccea9dfcca80068c57ba8,
pilot,dimerization_n1e8,dimerization,Dimerization,100000000,0.5,threshold_1000,prospective,2,1000.0,3,0,142,2026-07-12T16:40:31.714799+00:00,0.0023413,0.198132,True,False,0.5,0.0,79430650,129430650,False,False,15651,0,0,0,0.5,0.0,0.1910065000000022,0.0,0.0,0.007125499999997814,e24afd535f373891df66007318ec0be6a909975ff1168bc462521deb06d8d058,ec737705028c1f3d0ed99fc23a417806986eb2f14c5b5d6203fa4fd9d9cf9a18,a643f62d82e2a28f903663acade174fee38dbb8daecccea9dfcca80068c57ba8,
pilot,dimerization_n1e8,dimerization,Dimerization,100000000,0.5,threshold_150,prospective,2,150.0,3,0,143,2026-07-12T16:40:31.915170+00:00,0.0019601,0.1883323,True,False,0.5,0.0,79430650,129430650,False,False,15651,0,0,0,0.5,0.0,0.18140430000000898,0.0,0.0,0.006927999999991025,e24afd535f373891df66007318ec0be6a909975ff1168bc462521deb06d8d058,ec737705028c1f3d0ed99fc23a417806986eb2f14c5b5d6203fa4fd9d9cf9a18,a643f62d82e2a28f903663acade174fee38dbb8daecccea9dfcca80068c57ba8,
pilot,dimerization_n1e8,dimerization,Dimerization,100000000,0.5,threshold_750,prospective,2,750.0,3,0,144,2026-07-12T16:40:32.105822+00:00,0.0017698,0.2052777,True,False,0.5,0.0,79430650,129430650,False,False,15651,0,0,0,0.5,0.0,0.19772809999999869,0.0,0.0,0.007549600000001322,e24afd535f373891df66007318ec0be6a909975ff1168bc462521deb06d8d058,ec737705028c1f3d0ed99fc23a417806986eb2f14c5b5d6203fa4fd9d9cf9a18,a643f62d82e2a28f903663acade174fee38dbb8daecccea9dfcca80068c57ba8,
pilot,brusselator_n2e4,brusselator,Order-3 Brusselator,20000,20.0,threshold_200,prospective,2,200.0,2,1,145,2026-07-12T16:40:32.311692+00:00,0.0023206,0.1032971,True,False,20.0,0.0,186699,196699,True,False,1,5463,1,0,1.0488265781191037e-05,19.99998951173422,5.98e-05,0.09832180000000015,4.7e-06,0.004910799999999854,9b8e972f46eacc94a0adfc2b36fcde8b2c360be9c26b4df10bbc03cfdf5f0ed9,875e4fb92921e0250cb81ea2cc387969bc34d35728c5b0dd61a44ecacc2a6f09,a643f62d82e2a28f903663acade174fee38dbb8daecccea9dfcca80068c57ba8,
pilot,brusselator_n2e4,brusselator,Order-3 Brusselator,20000,20.0,threshold_300,prospective,2,300.0,2,1,146,2026-07-12T16:40:32.419858+00:00,0.0026888,0.1122476,True,False,20.0,0.0,186699,196699,True,False,1,5463,1,0,1.0488265781191037e-05,19.99998951173422,5.53e-05,0.1070646999999998,4.4e-06,0.005123200000000203,9b8e972f46eacc94a0adfc2b36fcde8b2c360be9c26b4df10bbc03cfdf5f0ed9,875e4fb92921e0250cb81ea2cc387969bc34d35728c5b0dd61a44ecacc2a6f09,a643f62d82e2a28f903663acade174fee38dbb8daecccea9dfcca80068c57ba8,
pilot,brusselator_n2e4,brusselator,Order-3 Brusselator,20000,20.0,threshold_150,prospective,2,150.0,2,1,147,2026-07-12T16:40:32.530908+00:00,0.0021459,0.129441,True,False,20.0,0.0,186699,196699,True,False,1,5463,1,0,1.0488265781191037e-05,19.99998951173422,4.02e-05,0.1244821000000001,3.3e-06,0.004915399999999903,9b8e972f46eacc94a0adfc2b36fcde8b2c360be9c26b4df10bbc03cfdf5f0ed9,875e4fb92921e0250cb81ea2cc387969bc34d35728c5b0dd61a44ecacc2a6f09,a643f62d82e2a28f903663acade174fee38dbb8daecccea9dfcca80068c57ba8,
pilot,brusselator_n2e4,brusselator,Order-3 Brusselator,20000,20.0,threshold_400,prospective,2,400.0,2,1,148,2026-07-12T16:40:32.666602+00:00,0.001835,0.1087064,True,False,20.0,0.0,186699,196699,True,False,1,5463,1,0,1.0488265781191037e-05,19.99998951173422,3.39e-05,0.10431349999999967,2.5e-06,0.0043565000000003185,9b8e972f46eacc94a0adfc2b36fcde8b2c360be9c26b4df10bbc03cfdf5f0ed9,875e4fb92921e0250cb81ea2cc387969bc34d35728c5b0dd61a44ecacc2a6f09,a643f62d82e2a28f903663acade174fee38dbb8daecccea9dfcca80068c57ba8,
pilot,brusselator_n2e4,brusselator,Order-3 Brusselator,20000,20.0,threshold_100,prospective,2,100.0,2,1,149,2026-07-12T16:40:32.764395+00:00,0.0020314,0.0884792,True,False,20.0,0.0,186699,196699,True,False,1,5463,1,0,1.0488265781191037e-05,19.99998951173422,3.84e-05,0.0845684,4e-06,0.003868399999999994,9b8e972f46eacc94a0adfc2b36fcde8b2c360be9c26b4df10bbc03cfdf5f0ed9,875e4fb92921e0250cb81ea2cc387969bc34d35728c5b0dd61a44ecacc2a6f09,a643f62d82e2a28f903663acade174fee38dbb8daecccea9dfcca80068c57ba8,
pilot,brusselator_n2e4,brusselator,Order-3 Brusselator,20000,20.0,forced_batch,prospective,2,0.0,2,1,150,2026-07-12T16:40:32.868624+00:00,0.0018763,30.0000376,False,True,9.112725384193073,-10.887274615806927,144201,154201,False,False,972071,0,0,0,9.112725384193073,0.0,29.194875100003973,0.0,0.0,0.8051624999960261,6ad9c1369f9ab90a75c43ea8b4f1c690e2adfaef6400c77899269b6b01a16d5d,70188aea8cecf875fbd33bec4d384cf665889d260c5723a63470dd1eed0b90ad,a643f62d82e2a28f903663acade174fee38dbb8daecccea9dfcca80068c57ba8,wall-clock cap reached before t_max
pilot,brusselator_n2e4,brusselator,Order-3 Brusselator,20000,20.0,threshold_500,prospective,2,500.0,2,1,151,2026-07-12T16:41:02.861674+00:00,0.0020018,0.1158826,True,False,20.0,0.0,186699,196699,True,False,1,5463,1,0,1.0488265781191037e-05,19.99998951173422,3.88e-05,0.11121969999999999,3.5e-06,0.0046206000000000025,9b8e972f46eacc94a0adfc2b36fcde8b2c360be9c26b4df10bbc03cfdf5f0ed9,875e4fb92921e0250cb81ea2cc387969bc34d35728c5b0dd61a44ecacc2a6f09,a643f62d82e2a28f903663acade174fee38dbb8daecccea9dfcca80068c57ba8,
pilot,brusselator_n2e4,brusselator,Order-3 Brusselator,20000,20.0,threshold_750,prospective,2,750.0,2,1,152,2026-07-12T16:41:02.987825+00:00,0.0034119,0.1228779,True,False,20.0,0.0,186699,196699,True,False,1,5463,1,0,1.0488265781191037e-05,19.99998951173422,4.31e-05,0.1172093,3.6e-06,0.005621899999999985,9b8e972f46eacc94a0adfc2b36fcde8b2c360be9c26b4df10bbc03cfdf5f0ed9,875e4fb92921e0250cb81ea2cc387969bc34d35728c5b0dd61a44ecacc2a6f09,a643f62d82e2a28f903663acade174fee38dbb8daecccea9dfcca80068c57ba8,
pilot,brusselator_n2e4,brusselator,Order-3 Brusselator,20000,20.0,threshold_50,prospective,2,50.0,2,1,153,2026-07-12T16:41:03.107748+00:00,0.0023551,0.126049,True,False,20.0,0.0,186699,196699,True,False,1,5463,1,0,1.0488265781191037e-05,19.99998951173422,4.11e-05,0.12099899999999986,3.5e-06,0.005005400000000132,9b8e972f46eacc94a0adfc2b36fcde8b2c360be9c26b4df10bbc03cfdf5f0ed9,875e4fb92921e0250cb81ea2cc387969bc34d35728c5b0dd61a44ecacc2a6f09,a643f62d82e2a28f903663acade174fee38dbb8daecccea9dfcca80068c57ba8,
pilot,brusselator_n2e4,brusselator,Order-3 Brusselator,20000,20.0,threshold_1500,prospective,2,1500.0,2,1,154,2026-07-12T16:41:03.241162+00:00,0.002105,0.13355,True,False,20.0,0.0,186699,196699,True,False,1,5463,1,0,1.0488265781191037e-05,19.99998951173422,4.05e-05,0.12817580000000012,3.6e-06,0.005330099999999893,9b8e972f46eacc94a0adfc2b36fcde8b2c360be9c26b4df10bbc03cfdf5f0ed9,875e4fb92921e0250cb81ea2cc387969bc34d35728c5b0dd61a44ecacc2a6f09,a643f62d82e2a28f903663acade174fee38dbb8daecccea9dfcca80068c57ba8,
pilot,brusselator_n2e4,brusselator,Order-3 Brusselator,20000,20.0,threshold_1000,prospective,2,1000.0,2,1,155,2026-07-12T16:41:03.378139+00:00,0.0019881,0.1124056,True,False,20.0,0.0,186699,196699,True,False,1,5463,1,0,1.0488265781191037e-05,19.99998951173422,3.94e-05,0.10796120000000003,3.4e-06,0.004401599999999964,9b8e972f46eacc94a0adfc2b36fcde8b2c360be9c26b4df10bbc03cfdf5f0ed9,875e4fb92921e0250cb81ea2cc387969bc34d35728c5b0dd61a44ecacc2a6f09,a643f62d82e2a28f903663acade174fee38dbb8daecccea9dfcca80068c57ba8,
pilot,brusselator_n2e4,brusselator,Order-3 Brusselator,20000,20.0,threshold_2000,prospective,2,2000.0,2,1,156,2026-07-12T16:41:03.488463+00:00,0.0019728,0.1245088,True,False,20.0,0.0,186699,196699,True,False,1,5463,1,0,1.0488265781191037e-05,19.99998951173422,3.9e-05,0.11961029999999992,3.4e-06,0.004856100000000085,9b8e972f46eacc94a0adfc2b36fcde8b2c360be9c26b4df10bbc03cfdf5f0ed9,875e4fb92921e0250cb81ea2cc387969bc34d35728c5b0dd61a44ecacc2a6f09,a643f62d82e2a28f903663acade174fee38dbb8daecccea9dfcca80068c57ba8,
pilot,brusselator_n2e4,brusselator,Order-3 Brusselator,20000,20.0,forced_gillespie_after_initial_batch,prospective,2,1000000000000.0,2,1,157,2026-07-12T16:41:03.608317+00:00,0.0020162,0.1120736,True,False,20.0,0.0,186699,196699,True,False,1,5463,1,0,1.0488265781191037e-05,19.99998951173422,4.5e-05,0.10715400000000029,3.6e-06,0.004870999999999695,9b8e972f46eacc94a0adfc2b36fcde8b2c360be9c26b4df10bbc03cfdf5f0ed9,875e4fb92921e0250cb81ea2cc387969bc34d35728c5b0dd61a44ecacc2a6f09,a643f62d82e2a28f903663acade174fee38dbb8daecccea9dfcca80068c57ba8,
pilot,brusselator_n2e4,brusselator,Order-3 Brusselator,20000,20.0,threshold_250,prospective,2,250.0,2,1,158,2026-07-12T16:41:03.725234+00:00,0.0017455,0.1235814,True,False,20.0,0.0,186699,196699,True,False,1,5463,1,0,1.0488265781191037e-05,19.99998951173422,3.4e-05,0.11868499999999993,3e-06,0.004859400000000055,9b8e972f46eacc94a0adfc2b36fcde8b2c360be9c26b4df10bbc03cfdf5f0ed9,875e4fb92921e0250cb81ea2cc387969bc34d35728c5b0dd61a44ecacc2a6f09,a643f62d82e2a28f903663acade174fee38dbb8daecccea9dfcca80068c57ba8,
pilot,brusselator_n2e4,brusselator,Order-3 Brusselator,20000,20.0,threshold_20,prospective,2,20.0,2,1,159,2026-07-12T16:41:03.860823+00:00,0.002903,0.1482624,True,False,20.0,0.0,186699,196699,True,False,1,5463,1,0,1.0488265781191037e-05,19.99998951173422,6.08e-05,0.14260070000000002,4.9e-06,0.005595999999999962,9b8e972f46eacc94a0adfc2b36fcde8b2c360be9c26b4df10bbc03cfdf5f0ed9,875e4fb92921e0250cb81ea2cc387969bc34d35728c5b0dd61a44ecacc2a6f09,a643f62d82e2a28f903663acade174fee38dbb8daecccea9dfcca80068c57ba8,
pilot,brusselator_n2e4,brusselator,Order-3 Brusselator,20000,20.0,wallclock_timing,wallclock,0,,2,1,160,2026-07-12T16:41:04.008629+00:00,0.0021116,0.1407685,True,False,20.0,0.0,185563,195563,True,False,256,5483,1,0,0.0046542912029905875,19.995345708797007,0.008203799999999999,0.1276383000000001,4.9e-06,0.004921499999999884,fb99bb59e7070847462bc9c17447a4bc60b5691f067f7a3bf9bc612d6bab841f,2244ec9ca820f9103252c39d0df773cb75cf745f13ac0eae88e1a266d43d8a62,a643f62d82e2a28f903663acade174fee38dbb8daecccea9dfcca80068c57ba8,
pilot,rossler_n1e5,rossler,Rössler-Willamowski,100000,1.0,threshold_300,prospective,2,300.0,1,1,161,2026-07-12T16:41:04.155975+00:00,0.0030108,2.2874816,True,False,1.0,0.0,3025231,6025231,False,False,148458,2629,4,9,0.845592835048884,0.15440716495111598,1.9813516000002587,0.1185635999999999,4.6299999999999994e-05,0.18752009999974106,7fc4251c1a7d8f01437833feb653d6a25e0c712024cf55cd2ed405637ad2f723,c96e8b32acbcd7861862f71428d1100973b7debdf4ebdebff6cf8dbedea6ec60,a643f62d82e2a28f903663acade174fee38dbb8daecccea9dfcca80068c57ba8,
pilot,rossler_n1e5,rossler,Rössler-Willamowski,100000,1.0,threshold_100,prospective,2,100.0,1,1,162,2026-07-12T16:41:06.442938+00:00,0.0022203,2.1500125,True,False,1.0,0.0,3015176,5801700,False,False,163709,120,2,25,0.9823531675534758,0.017646832446524128,1.9727926999996983,0.002185999999999999,1.84e-05,0.17501540000030147,dd7a35a978be054dd4ebe3ab6e2f2f131101614c133d3bb02b75e0a67dd31a6b,f4b1fe541b29f972d4149cee236ddd93b682c68fe0f907e19391efae153493ca,a643f62d82e2a28f903663acade174fee38dbb8daecccea9dfcca80068c57ba8,
pilot,rossler_n1e5,rossler,Rössler-Willamowski,100000,1.0,threshold_2000,prospective,2,2000.0,1,1,163,2026-07-12T16:41:08.599198+00:00,0.0025392,3.9922849,True,False,1.0,0.0,3018408,3218408,True,False,1,47613,1,0,2.2647838965902282e-05,0.9999773521610341,2.41e-05,3.93508289999994,5e-06,0.057172900000060256,ea24dfd9f241394a0a6c6766ccf10fb86a54bd9aa70264b7f9be68acfab27ec2,7276b11db4a074bfb58bbf565512d6c08fd39bd1a22ead4339a26b6a13171650,a643f62d82e2a28f903663acade174fee38dbb8daecccea9dfcca80068c57ba8,
pilot,rossler_n1e5,rossler,Rössler-Willamowski,100000,1.0,threshold_200,prospective,2,200.0,1,1,164,2026-07-12T16:41:12.593717+00:00,0.0022791,2.2527797,True,False,1.0,0.0,3011899,5811043,False,False,161617,659,2,15,0.9332468140394085,0.06675318596059157,2.058457999999986,0.00996150000000001,1.16e-05,0.18434860000001363,a342aac3d6a904773234f4b12f14aafdb048b93bbec10a61ea8c5d4808c6ab6c,45850add7c1501b19e8608bf5bec22d6938c8a9b42935769a9dfdb54fdfac55a,a643f62d82e2a28f903663acade174fee38dbb8daecccea9dfcca80068c57ba8,
pilot,rossler_n1e5,rossler,Rössler-Willamowski,100000,1.0,threshold_150,prospective,2,150.0,1,1,165,2026-07-12T16:41:14.837257+00:00,0.0025164,2.2737579,True,False,1.0,0.0,3024645,5961051,False,False,159768,392,2,20,0.953395662853446,0.04660433714655404,2.0801206999997803,0.005663999999999999,1.69e-05,0.18795630000022,c3ccc3b822d59c547141ecc7c3b1b17d4e3267af3b83b4a048f8483eca6e1d63,4ceb1406d3a9b3a4463dcecbc574f2a4dbbaac683460a4e5b730ba3935e57fd2,a643f62d82e2a28f903663acade174fee38dbb8daecccea9dfcca80068c57ba8,
pilot,rossler_n1e5,rossler,Rössler-Willamowski,100000,1.0,threshold_400,prospective,2,400.0,1,1,166,2026-07-12T16:41:17.114562+00:00,0.0022061,2.0453125,True,False,1.0,0.0,3027970,6027970,False,False,126066,7196,4,4,0.685842324439659,0.31415767556034097,1.5204064000003186,0.3794558000000016,4.7199999999999995e-05,0.14540309999967982,aa7b0988bd9c92115cf03570677a6175187230dcdf85aad5c98daa00f824a3be,ebd3bae9150ee3441e659fda70b3f5c109ca18df6c3008a8fc62ac253fc2f05a,a643f62d82e2a28f903663acade174fee38dbb8daecccea9dfcca80068c57ba8,
pilot,rossler_n1e5,rossler,Rössler-Willamowski,100000,1.0,threshold_20,prospective,2,20.0,1,1,167,2026-07-12T16:41:19.171378+00:00,0.0025944,2.1494137,True,False,1.0,0.0,3016607,5929503,False,False,161707,0,0,28,1.0,0.0,1.9728943999997568,0.0,0.0,0.1765193000002434,4879f09bbc2859e7e39fd748c1a43bae9a1dca2ae92d9e0cebd3f1a96628a3e3,c492f333add6ab3517e0057f10607017382c400ab04eb7d5435b1aa3f293639b,a643f62d82e2a28f903663acade174fee38dbb8daecccea9dfcca80068c57ba8,
pilot,rossler_n1e5,rossler,Rössler-Willamowski,100000,1.0,threshold_500,prospective,2,500.0,1,1,168,2026-07-12T16:41:21.321312+00:00,0.0023577,2.3808622,True,False,1.0,0.0,3014648,6014648,True,False,88047,16690,5,0,0.43636771636318195,0.563632283636818,1.1770776000000849,1.077125799999991,5.300000000000001e-05,0.12660579999992416,efab7b95edd43e1afde76f2471e5037be6e0ce2c37403d594b378845ce626dbb,f930320942ca05daf6791a848d9c37a901c09a893e92acd37794e7f3b77110c9,a643f62d82e2a28f903663acade174fee38dbb8daecccea9dfcca80068c57ba8,
pilot,rossler_n1e5,rossler,Rössler-Willamowski,100000,1.0,forced_gillespie_after_initial_batch,prospective,2,1000000000000.0,1,1,169,2026-07-12T16:41:23.709129+00:00,0.0020112,3.6789897,True,False,1.0,0.0,3018408,3218408,True,False,1,47613,1,0,2.2647838965902282e-05,0.9999773521610341,2.08e-05,3.62624559999993,3.3e-06,0.0527200000000696,ea24dfd9f241394a0a6c6766ccf10fb86a54bd9aa70264b7f9be68acfab27ec2,7276b11db4a074bfb58bbf565512d6c08fd39bd1a22ead4339a26b6a13171650,a643f62d82e2a28f903663acade174fee38dbb8daecccea9dfcca80068c57ba8,
pilot,rossler_n1e5,rossler,Rössler-Willamowski,100000,1.0,wallclock_timing,wallclock,0,,1,1,170,2026-07-12T16:41:27.390903+00:00,0.0026666,2.2194257,True,False,1.0,0.0,3013221,6013221,False,False,159511,111,64,23,0.9921959096488185,0.007804090351181412,2.036234200000183,0.008471699999999997,0.0007102,0.17400959999981724,e428b2e8f970bed20642521dc04ccee6602d856887b7298bd504b87aa05f0349,be52603f9fa34a78680996b5cba068043d00aed5b8a4e4f20a01e73fe053d9fb,a643f62d82e2a28f903663acade174fee38dbb8daecccea9dfcca80068c57ba8,
pilot,rossler_n1e5,rossler,Rössler-Willamowski,100000,1.0,forced_batch,prospective,2,0.0,1,1,171,2026-07-12T16:41:29.605941+00:00,0.0019791,2.0614652,True,False,1.0,0.0,3016607,5929503,False,False,161707,0,0,28,1.0,0.0,1.8922083999998505,0.0,0.0,0.16925680000014975,4879f09bbc2859e7e39fd748c1a43bae9a1dca2ae92d9e0cebd3f1a96628a3e3,c492f333add6ab3517e0057f10607017382c400ab04eb7d5435b1aa3f293639b,a643f62d82e2a28f903663acade174fee38dbb8daecccea9dfcca80068c57ba8,
pilot,rossler_n1e5,rossler,Rössler-Willamowski,100000,1.0,threshold_50,prospective,2,50.0,1,1,172,2026-07-12T16:41:31.676663+00:00,0.0019834,2.087309,True,False,1.0,0.0,3016607,5929503,False,False,161707,0,0,28,1.0,0.0,1.9160573999997303,0.0,0.0,0.1712516000002695,4879f09bbc2859e7e39fd748c1a43bae9a1dca2ae92d9e0cebd3f1a96628a3e3,c492f333add6ab3517e0057f10607017382c400ab04eb7d5435b1aa3f293639b,a643f62d82e2a28f903663acade174fee38dbb8daecccea9dfcca80068c57ba8,
pilot,rossler_n1e5,rossler,Rössler-Willamowski,100000,1.0,threshold_250,prospective,2,250.0,1,1,173,2026-07-12T16:41:33.762620+00:00,0.0023978,2.3406587,True,False,1.0,0.0,3019515,5988479,False,False,157909,926,2,12,0.9176186382856909,0.08238136171430911,2.1179621999999614,0.031253299999999984,5.1e-05,0.19139220000003876,1b479f6b18002adf104a4cace769b8a2bccd7f1ab8052cbaa595005fcb2535bb,611d38d8d4aecf77ff4692161dd317ccab1192bb84ae11e0b61bd5492b42e817,a643f62d82e2a28f903663acade174fee38dbb8daecccea9dfcca80068c57ba8,
pilot,rossler_n1e5,rossler,Rössler-Willamowski,100000,1.0,threshold_750,prospective,2,750.0,1,1,174,2026-07-12T16:41:36.102412+00:00,0.0020816,2.5489885,True,False,1.0,0.0,3011396,6011396,True,False,39673,31319,3,0,0.17262102584545444,0.8273789741545455,0.4322683000000264,2.0416498000000067,2.31e-05,0.07504729999996718,73bb9dfdd284e7878739380876f6b06eec71d266aef2bad204da171ec51cbbd3,94e426c10876075aa6001c1c8942ff8bfa4870b35f929e6c0fdb912591d24bce,a643f62d82e2a28f903663acade174fee38dbb8daecccea9dfcca80068c57ba8,
pilot,rossler_n1e5,rossler,Rössler-Willamowski,100000,1.0,threshold_1000,prospective,2,1000.0,1,1,175,2026-07-12T16:41:38.649347+00:00,0.0021687,3.3286035,True,False,1.0,0.0,3023748,6023748,True,False,12779,42274,3,0,0.049275165972820244,0.9507248340271798,0.14806359999999988,3.119526699999919,3.33e-05,0.0609799000000808,09c509eb43a96a4ce7358093d876dbbf71a312e333a85376f72191fc64961834,b5b99800d667bf61280cda7d4b865af907f6d81e72942104711e7388026406ec,a643f62d82e2a28f903663acade174fee38dbb8daecccea9dfcca80068c57ba8,
pilot,rossler_n1e5,rossler,Rössler-Willamowski,100000,1.0,threshold_1500,prospective,2,1500.0,1,1,176,2026-07-12T16:41:41.992075+00:00,0.002513,4.0179239,True,False,1.0,0.0,3018408,3218408,True,False,1,47613,1,0,2.2647838965902282e-05,0.9999773521610341,2.81e-05,3.960827399999922,4.7e-06,0.05706370000007821,ea24dfd9f241394a0a6c6766ccf10fb86a54bd9aa70264b7f9be68acfab27ec2,7276b11db4a074bfb58bbf565512d6c08fd39bd1a22ead4339a26b6a13171650,a643f62d82e2a28f903663acade174fee38dbb8daecccea9dfcca80068c57ba8,
pilot,lotka_volterra_n1000000,lotka_volterra,Lotka-Volterra,1000000,1.0,threshold_300,prospective,2,300.0,2,0,177,2026-07-12T16:41:46.012426+00:00,0.0018614,0.0296121,True,False,1.0,0.0,1260177,2260177,False,False,2900,0,0,0,1.0,0.0,0.02814449999999998,0.0,0.0,0.0014676000000000203,abd4af4d42e2e60141809a0d5dfaa72376812f94b956d76a150082b8e4cd703e,e7fefa758ff0c9ddfc158dd986132fa8ca93d749d5882f06c328a063f72ffbf7,a643f62d82e2a28f903663acade174fee38dbb8daecccea9dfcca80068c57ba8,
pilot,lotka_volterra_n1000000,lotka_volterra,Lotka-Volterra,1000000,1.0,threshold_250,prospective,2,250.0,2,0,178,2026-07-12T16:41:46.044404+00:00,0.0015689,0.0286341,True,False,1.0,0.0,1260177,2260177,False,False,2900,0,0,0,1.0,0.0,0.027214799999999918,0.0,0.0,0.0014193000000000816,abd4af4d42e2e60141809a0d5dfaa72376812f94b956d76a150082b8e4cd703e,e7fefa758ff0c9ddfc158dd986132fa8ca93d749d5882f06c328a063f72ffbf7,a643f62d82e2a28f903663acade174fee38dbb8daecccea9dfcca80068c57ba8,
pilot,lotka_volterra_n1000000,lotka_volterra,Lotka-Volterra,1000000,1.0,threshold_200,prospective,2,200.0,2,0,179,2026-07-12T16:41:46.074403+00:00,0.0014496,0.0289428,True,False,1.0,0.0,1260177,2260177,False,False,2900,0,0,0,1.0,0.0,0.027537199999999908,0.0,0.0,0.0014056000000000936,abd4af4d42e2e60141809a0d5dfaa72376812f94b956d76a150082b8e4cd703e,e7fefa758ff0c9ddfc158dd986132fa8ca93d749d5882f06c328a063f72ffbf7,a643f62d82e2a28f903663acade174fee38dbb8daecccea9dfcca80068c57ba8,
pilot,lotka_volterra_n1000000,lotka_volterra,Lotka-Volterra,1000000,1.0,threshold_750,prospective,2,750.0,2,0,180,2026-07-12T16:41:46.104938+00:00,0.0016261,0.0251474,True,False,1.0,0.0,1261019,2261019,True,False,1,1304,1,0,0.0002118516900149446,0.9997881483099851,1.43e-05,0.024512399999999997,2.2e-06,0.0006185000000000045,2b245af359d92c8a98121ca231c0469279fe843bdc4f47937ae8f94388dfa71f,5c5794f010bab12fb2cb6398120816db292597bc8d0066b426cdf20e9ce8a535,a643f62d82e2a28f903663acade174fee38dbb8daecccea9dfcca80068c57ba8,
pilot,lotka_volterra_n1000000,lotka_volterra,Lotka-Volterra,1000000,1.0,threshold_50,prospective,2,50.0,2,0,181,2026-07-12T16:41:46.131554+00:00,0.0013546,0.0291668,True,False,1.0,0.0,1260177,2260177,False,False,2900,0,0,0,1.0,0.0,0.027742100000000023,0.0,0.0,0.0014246999999999767,abd4af4d42e2e60141809a0d5dfaa72376812f94b956d76a150082b8e4cd703e,e7fefa758ff0c9ddfc158dd986132fa8ca93d749d5882f06c328a063f72ffbf7,a643f62d82e2a28f903663acade174fee38dbb8daecccea9dfcca80068c57ba8,
pilot,lotka_volterra_n1000000,lotka_volterra,Lotka-Volterra,1000000,1.0,threshold_150,prospective,2,150.0,2,0,182,2026-07-12T16:41:46.162566+00:00,0.0014589,0.0286976,True,False,1.0,0.0,1260177,2260177,False,False,2900,0,0,0,1.0,0.0,0.027262699999999973,0.0,0.0,0.0014349000000000271,abd4af4d42e2e60141809a0d5dfaa72376812f94b956d76a150082b8e4cd703e,e7fefa758ff0c9ddfc158dd986132fa8ca93d749d5882f06c328a063f72ffbf7,a643f62d82e2a28f903663acade174fee38dbb8daecccea9dfcca80068c57ba8,
pilot,lotka_volterra_n1000000,lotka_volterra,Lotka-Volterra,1000000,1.0,forced_batch,prospective,2,0.0,2,0,183,2026-07-12T16:41:46.192682+00:00,0.0014203,0.0284795,True,False,1.0,0.0,1260177,2260177,False,False,2900,0,0,0,1.0,0.0,0.027047399999999947,0.0,0.0,0.0014321000000000542,abd4af4d42e2e60141809a0d5dfaa72376812f94b956d76a150082b8e4cd703e,e7fefa758ff0c9ddfc158dd986132fa8ca93d749d5882f06c328a063f72ffbf7,a643f62d82e2a28f903663acade174fee38dbb8daecccea9dfcca80068c57ba8,
pilot,lotka_volterra_n1000000,lotka_volterra,Lotka-Volterra,1000000,1.0,wallclock_timing,wallclock,0,,2,0,184,2026-07-12T16:41:46.223109+00:00,0.0013696,0.0337059,True,False,1.0,0.0,1261027,2261027,False,False,2859,18,4,0,0.9864484531336738,0.013551546866326189,0.031678599999999855,0.00044420000000000006,2.18e-05,0.0015613000000001404,8279c04c8908a07355f1563ab7daff7bb12c5165c436bee2f6b79b871d30668e,ab913ed14b0a623fd11b4f1c7dbe117a3268ea00708a3bdd3f0afe8f287a3a40,a643f62d82e2a28f903663acade174fee38dbb8daecccea9dfcca80068c57ba8,
pilot,lotka_volterra_n1000000,lotka_volterra,Lotka-Volterra,1000000,1.0,threshold_500,prospective,2,500.0,2,0,185,2026-07-12T16:41:46.258447+00:00,0.0017121,0.0357924,True,False,1.0,0.0,1261019,2261019,True,False,1,1304,1,0,0.0002118516900149446,0.9997881483099851,2.23e-05,0.03488009999999995,2.5e-06,0.000887500000000048,2b245af359d92c8a98121ca231c0469279fe843bdc4f47937ae8f94388dfa71f,5c5794f010bab12fb2cb6398120816db292597bc8d0066b426cdf20e9ce8a535,a643f62d82e2a28f903663acade174fee38dbb8daecccea9dfcca80068c57ba8,
pilot,lotka_volterra_n1000000,lotka_volterra,Lotka-Volterra,1000000,1.0,threshold_1500,prospective,2,1500.0,2,0,186,2026-07-12T16:41:46.296074+00:00,0.0020875,0.0254064,True,False,1.0,0.0,1261019,2261019,True,False,1,1304,1,0,0.0002118516900149446,0.9997881483099851,2.12e-05,0.024765400000000055,2.7e-06,0.0006170999999999434,2b245af359d92c8a98121ca231c0469279fe843bdc4f47937ae8f94388dfa71f,5c5794f010bab12fb2cb6398120816db292597bc8d0066b426cdf20e9ce8a535,a643f62d82e2a28f903663acade174fee38dbb8daecccea9dfcca80068c57ba8,
pilot,lotka_volterra_n1000000,lotka_volterra,Lotka-Volterra,1000000,1.0,threshold_400,prospective,2,400.0,2,0,187,2026-07-12T16:41:46.323586+00:00,0.0015802,0.0288419,True,False,1.0,0.0,1260177,2260177,False,False,2900,0,0,0,1.0,0.0,0.027419799999999914,0.0,0.0,0.0014221000000000858,abd4af4d42e2e60141809a0d5dfaa72376812f94b956d76a150082b8e4cd703e,e7fefa758ff0c9ddfc158dd986132fa8ca93d749d5882f06c328a063f72ffbf7,a643f62d82e2a28f903663acade174fee38dbb8daecccea9dfcca80068c57ba8,
pilot,lotka_volterra_n1000000,lotka_volterra,Lotka-Volterra,1000000,1.0,threshold_20,prospective,2,20.0,2,0,188,2026-07-12T16:41:46.354585+00:00,0.0014973,0.0286517,True,False,1.0,0.0,1260177,2260177,False,False,2900,0,0,0,1.0,0.0,0.02721969999999989,0.0,0.0,0.0014320000000001103,abd4af4d42e2e60141809a0d5dfaa72376812f94b956d76a150082b8e4cd703e,e7fefa758ff0c9ddfc158dd986132fa8ca93d749d5882f06c328a063f72ffbf7,a643f62d82e2a28f903663acade174fee38dbb8daecccea9dfcca80068c57ba8,
pilot,lotka_volterra_n1000000,lotka_volterra,Lotka-Volterra,1000000,1.0,forced_gillespie_after_initial_batch,prospective,2,1000000000000.0,2,0,189,2026-07-12T16:41:46.384844+00:00,0.001425,0.0300517,True,False,1.0,0.0,1261019,2261019,True,False,1,1304,1,0,0.0002118516900149446,0.9997881483099851,1.52e-05,0.029318700000000072,2.3e-06,0.000715499999999928,2b245af359d92c8a98121ca231c0469279fe843bdc4f47937ae8f94388dfa71f,5c5794f010bab12fb2cb6398120816db292597bc8d0066b426cdf20e9ce8a535,a643f62d82e2a28f903663acade174fee38dbb8daecccea9dfcca80068c57ba8,
pilot,lotka_volterra_n1000000,lotka_volterra,Lotka-Volterra,1000000,1.0,threshold_100,prospective,2,100.0,2,0,190,2026-07-12T16:41:46.416904+00:00,0.0020246,0.0292078,True,False,1.0,0.0,1260177,2260177,False,False,2900,0,0,0,1.0,0.0,0.027785399999999995,0.0,0.0,0.0014224000000000042,abd4af4d42e2e60141809a0d5dfaa72376812f94b956d76a150082b8e4cd703e,e7fefa758ff0c9ddfc158dd986132fa8ca93d749d5882f06c328a063f72ffbf7,a643f62d82e2a28f903663acade174fee38dbb8daecccea9dfcca80068c57ba8,
pilot,lotka_volterra_n1000000,lotka_volterra,Lotka-Volterra,1000000,1.0,threshold_2000,prospective,2,2000.0,2,0,191,2026-07-12T16:41:46.448903+00:00,0.0014764,0.0249073,True,False,1.0,0.0,1261019,2261019,True,False,1,1304,1,0,0.0002118516900149446,0.9997881483099851,1.41e-05,0.024266800000000036,2.6e-06,0.000623799999999966,2b245af359d92c8a98121ca231c0469279fe843bdc4f47937ae8f94388dfa71f,5c5794f010bab12fb2cb6398120816db292597bc8d0066b426cdf20e9ce8a535,a643f62d82e2a28f903663acade174fee38dbb8daecccea9dfcca80068c57ba8,
pilot,lotka_volterra_n1000000,lotka_volterra,Lotka-Volterra,1000000,1.0,threshold_1000,prospective,2,1000.0,2,0,192,2026-07-12T16:41:46.474901+00:00,0.0014155,0.0318914,True,False,1.0,0.0,1261019,2261019,True,False,1,1304,1,0,0.0002118516900149446,0.9997881483099851,1.57e-05,0.03110889999999999,2.1e-06,0.000764700000000007,2b245af359d92c8a98121ca231c0469279fe843bdc4f47937ae8f94388dfa71f,5c5794f010bab12fb2cb6398120816db292597bc8d0066b426cdf20e9ce8a535,a643f62d82e2a28f903663acade174fee38dbb8daecccea9dfcca80068c57ba8,
pilot,rossler_n1e5,rossler,Rössler-Willamowski,100000,1.0,threshold_50,prospective,2,50.0,3,1,193,2026-07-12T16:41:46.508424+00:00,0.0021787,2.0984356,True,False,1.0,0.0,3016072,5922166,False,False,161811,0,0,28,1.0,0.0,1.9263204999997976,0.0,0.0,0.17211510000020258,38afdbe4713543c222e6e11d8e56c1872dd9cbd28f7bfba7e889dd4d67ce3d74,4b1fb5ce77540d420832a24931e1f29f7ea2d9ff65ef9d8617940755d77b1d97,a643f62d82e2a28f903663acade174fee38dbb8daecccea9dfcca80068c57ba8,
pilot,rossler_n1e5,rossler,Rössler-Willamowski,100000,1.0,threshold_150,prospective,2,150.0,3,1,194,2026-07-12T16:41:48.609381+00:00,0.0024851,2.2730426,True,False,1.0,0.0,3016326,5956958,False,False,159626,390,2,20,0.9536341909686533,0.04636580903134664,2.0805003999998113,0.005663299999999994,1.64e-05,0.1868625000001889,26ce37c4450077e198c6d2348fad043ffe4e3fb960daa8ae5c0851cae04bd36f,96bbdc058ef90b11c0fbfc2df83b69c6fb1c5d11438a1d451daa406fdef9d122,a643f62d82e2a28f903663acade174fee38dbb8daecccea9dfcca80068c57ba8,
pilot,rossler_n1e5,rossler,Rössler-Willamowski,100000,1.0,threshold_500,prospective,2,500.0,3,1,195,2026-07-12T16:41:50.880805+00:00,0.0022567,2.1497614,True,False,1.0,0.0,3014010,6014010,True,False,87741,16715,5,0,0.43623645686039025,0.5637635431396097,1.042208200000159,0.9953302999999994,4.3700000000000005e-05,0.11217919999984183,deff13b282f7c661ff8d1d233768b310700332db81792ee7be3b4c3b2d523b06,10bee180348d507202d299c0b19f55608862e7b90558981bc186639e54cc3594,a643f62d82e2a28f903663acade174fee38dbb8daecccea9dfcca80068c57ba8,
pilot,rossler_n1e5,rossler,Rössler-Willamowski,100000,1.0,threshold_1500,prospective,2,1500.0,3,1,196,2026-07-12T16:41:53.037727+00:00,0.0027187,3.6361214,True,False,1.0,0.0,3021726,3221726,True,False,1,47645,1,0,8.331744192241494e-05,0.9999166825580776,3.38e-05,3.5835096999999414,4.6e-06,0.05257330000005833,dab9bf42350ab979ee6cdc4a40d4e149ae584526d5511442435f401d98d5ad5e,3ef81cc788b118eeec4a66d65f5b409a393bf945889d3debacfdc0a2f5c68aca,a643f62d82e2a28f903663acade174fee38dbb8daecccea9dfcca80068c57ba8,
pilot,rossler_n1e5,rossler,Rössler-Willamowski,100000,1.0,threshold_100,prospective,2,100.0,3,1,197,2026-07-12T16:41:56.672450+00:00,0.0023153,2.4123246,True,False,1.0,0.0,3017314,5802622,False,False,163760,119,2,25,0.9824976925462411,0.01750230745375895,2.211612599999809,0.0025732000000000003,1.79e-05,0.19812090000019067,d6c7e9affbddb486432f5b870c623f876aa6cee40aa1b323658ce10a1d93d580,03b8339d1fd67a4d6b1d17230e02d84ddf5351a65f28706e71861c5e15ce5529,a643f62d82e2a28f903663acade174fee38dbb8daecccea9dfcca80068c57ba8,
pilot,rossler_n1e5,rossler,Rössler-Willamowski,100000,1.0,threshold_1000,prospective,2,1000.0,3,1,198,2026-07-12T16:41:59.084751+00:00,0.0019916,3.1933725,True,False,1.0,0.0,3015902,6015902,True,False,12777,42252,3,0,0.049526735261327615,0.9504732647386723,0.15152950000000004,2.9820942999999533,2.45e-05,0.059724200000046856,bb635b9f4c6db7ccfa3ba840c6d45e5be3a9a573d455274eb7ddbee366686282,b356e32d7757952e37a014a49d49e25f8340ea89e77137406e4fc7477edef042,a643f62d82e2a28f903663acade174fee38dbb8daecccea9dfcca80068c57ba8,
pilot,rossler_n1e5,rossler,Rössler-Willamowski,100000,1.0,threshold_400,prospective,2,400.0,3,1,199,2026-07-12T16:42:02.287208+00:00,0.0026813,2.3103386,True,False,1.0,0.0,3011983,6011983,False,False,126326,7203,4,4,0.6854437999851796,0.3145562000148205,1.670808400000175,0.47740850000000007,4.92e-05,0.16207249999982531,0194b067d1370e546364b076853e9137ed9756ced18be07468afcf0d9ec4cb6a,a6af84fb2b09754d6cc361c1ae62f0886c5c866f98f9cbb4536192c4d346c095,a643f62d82e2a28f903663acade174fee38dbb8daecccea9dfcca80068c57ba8,
pilot,rossler_n1e5,rossler,Rössler-Willamowski,100000,1.0,threshold_250,prospective,2,250.0,3,1,200,2026-07-12T16:42:04.600032+00:00,0.0022039,2.2736046,True,False,1.0,0.0,3016011,5986539,False,False,157411,922,2,12,0.9179740791444468,0.08202592085555314,2.069064400000142,0.017723200000000005,2.1700000000000002e-05,0.18679529999985833,db38b7a073209ebccbf7b64ac0494ca769e2a373606ff8cd7e7a70835b2f6045,5335d51f4f370e1a9558bbda0fc52e6588b8e6d4a147c4495696d22f4577580f,a643f62d82e2a28f903663acade174fee38dbb8daecccea9dfcca80068c57ba8,
pilot,rossler_n1e5,rossler,Rössler-Willamowski,100000,1.0,threshold_20,prospective,2,20.0,3,1,201,2026-07-12T16:42:06.876054+00:00,0.0028636,2.5581833,True,False,1.0,0.0,3016072,5922166,False,False,161811,0,0,28,1.0,0.0,2.345464600000187,0.0,0.0,0.21271869999981297,38afdbe4713543c222e6e11d8e56c1872dd9cbd28f7bfba7e889dd4d67ce3d74,4b1fb5ce77540d420832a24931e1f29f7ea2d9ff65ef9d8617940755d77b1d97,a643f62d82e2a28f903663acade174fee38dbb8daecccea9dfcca80068c57ba8,
pilot,rossler_n1e5,rossler,Rössler-Willamowski,100000,1.0,wallclock_timing,wallclock,0,,3,1,202,2026-07-12T16:42:09.437627+00:00,0.0027621,2.7847006,True,False,1.0,0.0,3020141,6020141,False,False,140327,4760,68,17,0.8722149140445947,0.12778508595540528,2.0993813000001946,0.49320049999999893,0.0016286000000000002,0.1904901999998061,7486027f63960b18ae1846f7a634d73be735459441408a427f3d36fd3373c884,4c3c7d28b7252d256edacde9090d1fe0236bac532a44d3fd2da43c02190be3e8,a643f62d82e2a28f903663acade174fee38dbb8daecccea9dfcca80068c57ba8,
pilot,rossler_n1e5,rossler,Rössler-Willamowski,100000,1.0,threshold_200,prospective,2,200.0,3,1,203,2026-07-12T16:42:12.217452+00:00,0.0023265,2.5887308,True,False,1.0,0.0,3019098,5816746,False,False,161863,656,2,15,0.9335531720672174,0.06644682793278253,2.3595693999999203,0.013565400000000002,2.25e-05,0.21557350000007958,91ef5def7e285af84f26a4404f0b337df9904382af86dbd119d5dc1e89833881,2be65f0f286c72caa0d6b799c718be0a6ce6aa92c01aeaf5beb34e9b0976375d,a643f62d82e2a28f903663acade174fee38dbb8daecccea9dfcca80068c57ba8,
pilot,rossler_n1e5,rossler,Rössler-Willamowski,100000,1.0,threshold_750,prospective,2,750.0,3,1,204,2026-07-12T16:42:14.816941+00:00,0.0027538,3.4036543,True,False,1.0,0.0,3021476,6021476,True,False,39494,31343,3,0,0.17226863561413736,0.8277313643858627,0.5560470999999906,2.7460576999999593,2.48e-05,0.10152470000005032,cf1332fba6db560fe77b8c1a6122f094be8c7bae46d27ad69e50784f2206abd6,fd1512e32efe35a4c81732dc6ef366d866222813fd824d9b44f8025ac28a39c1,a643f62d82e2a28f903663acade174fee38dbb8daecccea9dfcca80068c57ba8,
pilot,rossler_n1e5,rossler,Rössler-Willamowski,100000,1.0,threshold_300,prospective,2,300.0,3,1,205,2026-07-12T16:42:18.223398+00:00,0.0031098,2.2954015,True,False,1.0,0.0,3021694,6021694,False,False,148214,2673,4,9,0.8438259800707613,0.1561740199292388,1.9701922000003664,0.14064169999999987,4.46e-05,0.18452299999963406,52361a8a49b91f8b09c613f15243a5363edc9ccf904f8f6ff2f8a5e48bd51543,9932872e89e044979d75a2678a0950750b9113f13cbcd74892866c29840f8912,a643f62d82e2a28f903663acade174fee38dbb8daecccea9dfcca80068c57ba8,
pilot,rossler_n1e5,rossler,Rössler-Willamowski,100000,1.0,threshold_2000,prospective,2,2000.0,3,1,206,2026-07-12T16:42:20.521650+00:00,0.0021831,4.4199543,True,False,1.0,0.0,3021726,3221726,True,False,1,47645,1,0,8.331744192241494e-05,0.9999166825580776,2.58e-05,4.356159400000114,3.9e-06,0.06376519999988517,dab9bf42350ab979ee6cdc4a40d4e149ae584526d5511442435f401d98d5ad5e,3ef81cc788b118eeec4a66d65f5b409a393bf945889d3debacfdc0a2f5c68aca,a643f62d82e2a28f903663acade174fee38dbb8daecccea9dfcca80068c57ba8,
pilot,rossler_n1e5,rossler,Rössler-Willamowski,100000,1.0,forced_batch,prospective,2,0.0,3,1,207,2026-07-12T16:42:24.944781+00:00,0.0026808,2.2354635,True,False,1.0,0.0,3016072,5922166,False,False,161811,0,0,28,1.0,0.0,2.0510711999998588,0.0,0.0,0.18439230000014106,38afdbe4713543c222e6e11d8e56c1872dd9cbd28f7bfba7e889dd4d67ce3d74,4b1fb5ce77540d420832a24931e1f29f7ea2d9ff65ef9d8617940755d77b1d97,a643f62d82e2a28f903663acade174fee38dbb8daecccea9dfcca80068c57ba8,
pilot,rossler_n1e5,rossler,Rössler-Willamowski,100000,1.0,forced_gillespie_after_initial_batch,prospective,2,1000000000000.0,3,1,208,2026-07-12T16:42:27.182529+00:00,0.0026509,3.799402,True,False,1.0,0.0,3021726,3221726,True,False,1,47645,1,0,8.331744192241494e-05,0.9999166825580776,3.17e-05,3.744281399999996,4.2e-06,0.055084700000004094,dab9bf42350ab979ee6cdc4a40d4e149ae584526d5511442435f401d98d5ad5e,3ef81cc788b118eeec4a66d65f5b409a393bf945889d3debacfdc0a2f5c68aca,a643f62d82e2a28f903663acade174fee38dbb8daecccea9dfcca80068c57ba8,
pilot,lotka_volterra_n10000000,lotka_volterra,Lotka-Volterra,10000000,1.0,threshold_300,prospective,2,300.0,1,1,209,2026-07-12T16:42:30.985387+00:00,0.0024916,0.076982,True,False,1.0,0.0,12594563,22594563,False,False,9313,0,0,0,1.0,0.0,0.07335500000000127,0.0,0.0,0.0036269999999987285,9450d17b9fc6b0839d248d7507a5a32c0ef949e0ebbd95a60d7ec96e9ae24627,3eaa8a2e22ba28a8f280a05549688e6e9a7bd68a9f842dafc7c06cbf9b2b458b,a643f62d82e2a28f903663acade174fee38dbb8daecccea9dfcca80068c57ba8,
pilot,lotka_volterra_n10000000,lotka_volterra,Lotka-Volterra,10000000,1.0,threshold_750,prospective,2,750.0,1,1,210,2026-07-12T16:42:31.057588+00:00,0.0012894,0.0762652,True,False,1.0,0.0,12594563,22594563,False,False,9313,0,0,0,1.0,0.0,0.07266120000000145,0.0,0.0,0.003603999999998553,9450d17b9fc6b0839d248d7507a5a32c0ef949e0ebbd95a60d7ec96e9ae24627,3eaa8a2e22ba28a8f280a05549688e6e9a7bd68a9f842dafc7c06cbf9b2b458b,a643f62d82e2a28f903663acade174fee38dbb8daecccea9dfcca80068c57ba8,
pilot,lotka_volterra_n10000000,lotka_volterra,Lotka-Volterra,10000000,1.0,threshold_250,prospective,2,250.0,1,1,211,2026-07-12T16:42:31.143537+00:00,0.001673,0.0773913,True,False,1.0,0.0,12594563,22594563,False,False,9313,0,0,0,1.0,0.0,0.07368790000000135,0.0,0.0,0.0037033999999986494,9450d17b9fc6b0839d248d7507a5a32c0ef949e0ebbd95a60d7ec96e9ae24627,3eaa8a2e22ba28a8f280a05549688e6e9a7bd68a9f842dafc7c06cbf9b2b458b,a643f62d82e2a28f903663acade174fee38dbb8daecccea9dfcca80068c57ba8,
pilot,lotka_volterra_n10000000,lotka_volterra,Lotka-Volterra,10000000,1.0,forced_gillespie_after_initial_batch,prospective,2,1000000000000.0,1,1,212,2026-07-12T16:42:31.222635+00:00,0.0018384,0.1956326,True,False,1.0,0.0,12604201,22604201,True,False,1,4122,1,0,6.024369273451684e-05,0.9999397563072655,1.5e-05,0.19390540000000026,2.9e-06,0.0017092999999997471,47f049e094a6b3cfe9970a7fdf9d704d6cbd4b017ef849c7bd92bbbf886c5295,a8b0d4041535877277262361bfa0e9df8ddfbc831c3522bb5461b9f5ec1c745d,a643f62d82e2a28f903663acade174fee38dbb8daecccea9dfcca80068c57ba8,
pilot,lotka_volterra_n10000000,lotka_volterra,Lotka-Volterra,10000000,1.0,threshold_50,prospective,2,50.0,1,1,213,2026-07-12T16:42:31.420265+00:00,0.0011839,0.0775137,True,False,1.0,0.0,12594563,22594563,False,False,9313,0,0,0,1.0,0.0,0.07383380000000023,0.0,0.0,0.003679899999999778,9450d17b9fc6b0839d248d7507a5a32c0ef949e0ebbd95a60d7ec96e9ae24627,3eaa8a2e22ba28a8f280a05549688e6e9a7bd68a9f842dafc7c06cbf9b2b458b,a643f62d82e2a28f903663acade174fee38dbb8daecccea9dfcca80068c57ba8,
pilot,lotka_volterra_n10000000,lotka_volterra,Lotka-Volterra,10000000,1.0,threshold_400,prospective,2,400.0,1,1,214,2026-07-12T16:42:31.498305+00:00,0.0015981,0.0825424,True,False,1.0,0.0,12594563,22594563,False,False,9313,0,0,0,1.0,0.0,0.07844589999999999,0.0,0.0,0.004096500000000017,9450d17b9fc6b0839d248d7507a5a32c0ef949e0ebbd95a60d7ec96e9ae24627,3eaa8a2e22ba28a8f280a05549688e6e9a7bd68a9f842dafc7c06cbf9b2b458b,a643f62d82e2a28f903663acade174fee38dbb8daecccea9dfcca80068c57ba8,
pilot,lotka_volterra_n10000000,lotka_volterra,Lotka-Volterra,10000000,1.0,threshold_2000,prospective,2,2000.0,1,1,215,2026-07-12T16:42:31.582636+00:00,0.0014803,0.1975589,True,False,1.0,0.0,12604201,22604201,True,False,1,4122,1,0,6.024369273451684e-05,0.9999397563072655,1.51e-05,0.1958735000000001,1.8e-06,0.001668499999999934,47f049e094a6b3cfe9970a7fdf9d704d6cbd4b017ef849c7bd92bbbf886c5295,a8b0d4041535877277262361bfa0e9df8ddfbc831c3522bb5461b9f5ec1c745d,a643f62d82e2a28f903663acade174fee38dbb8daecccea9dfcca80068c57ba8,
pilot,lotka_volterra_n10000000,lotka_volterra,Lotka-Volterra,10000000,1.0,threshold_150,prospective,2,150.0,1,1,216,2026-07-12T16:42:31.780449+00:00,0.0023372,0.0764171,True,False,1.0,0.0,12594563,22594563,False,False,9313,0,0,0,1.0,0.0,0.07278710000000078,0.0,0.0,0.003629999999999217,9450d17b9fc6b0839d248d7507a5a32c0ef949e0ebbd95a60d7ec96e9ae24627,3eaa8a2e22ba28a8f280a05549688e6e9a7bd68a9f842dafc7c06cbf9b2b458b,a643f62d82e2a28f903663acade174fee38dbb8daecccea9dfcca80068c57ba8,
pilot,lotka_volterra_n10000000,lotka_volterra,Lotka-Volterra,10000000,1.0,threshold_1500,prospective,2,1500.0,1,1,217,2026-07-12T16:42:31.850356+00:00,0.0020844,0.1872048,True,False,1.0,0.0,12605279,22605279,False,False,697,3826,2,0,0.06665837725432758,0.9333416227456725,0.005655999999999987,0.1796726999999996,1.28e-05,0.0018633000000004007,426c5fd4e05bc3abccb540b2e36f3ab23283f0a24d91210674e377e8d106d527,be617bfec86a5d963684c521a71890adcced762d3a9eb2d58c0aa71bae71f60c,a643f62d82e2a28f903663acade174fee38dbb8daecccea9dfcca80068c57ba8,
pilot,lotka_volterra_n10000000,lotka_volterra,Lotka-Volterra,10000000,1.0,threshold_1000,prospective,2,1000.0,1,1,218,2026-07-12T16:42:32.050840+00:00,0.0011708,0.0755508,True,False,1.0,0.0,12594563,22594563,False,False,9313,0,0,0,1.0,0.0,0.0720225000000012,0.0,0.0,0.0035282999999988046,9450d17b9fc6b0839d248d7507a5a32c0ef949e0ebbd95a60d7ec96e9ae24627,3eaa8a2e22ba28a8f280a05549688e6e9a7bd68a9f842dafc7c06cbf9b2b458b,a643f62d82e2a28f903663acade174fee38dbb8daecccea9dfcca80068c57ba8,
pilot,lotka_volterra_n10000000,lotka_volterra,Lotka-Volterra,10000000,1.0,threshold_100,prospective,2,100.0,1,1,219,2026-07-12T16:42:32.128555+00:00,0.0012205,0.0763526,True,False,1.0,0.0,12594563,22594563,False,False,9313,0,0,0,1.0,0.0,0.07271750000000131,0.0,0.0,0.0036350999999986977,9450d17b9fc6b0839d248d7507a5a32c0ef949e0ebbd95a60d7ec96e9ae24627,3eaa8a2e22ba28a8f280a05549688e6e9a7bd68a9f842dafc7c06cbf9b2b458b,a643f62d82e2a28f903663acade174fee38dbb8daecccea9dfcca80068c57ba8,
pilot,lotka_volterra_n10000000,lotka_volterra,Lotka-Volterra,10000000,1.0,threshold_500,prospective,2,500.0,1,1,220,2026-07-12T16:42:32.202754+00:00,0.0013546,0.0763358,True,False,1.0,0.0,12594563,22594563,False,False,9313,0,0,0,1.0,0.0,0.07270250000000136,0.0,0.0,0.003633299999998632,9450d17b9fc6b0839d248d7507a5a32c0ef949e0ebbd95a60d7ec96e9ae24627,3eaa8a2e22ba28a8f280a05549688e6e9a7bd68a9f842dafc7c06cbf9b2b458b,a643f62d82e2a28f903663acade174fee38dbb8daecccea9dfcca80068c57ba8,
pilot,lotka_volterra_n10000000,lotka_volterra,Lotka-Volterra,10000000,1.0,threshold_20,prospective,2,20.0,1,1,221,2026-07-12T16:42:32.283503+00:00,0.0013604,0.0779484,True,False,1.0,0.0,12594563,22594563,False,False,9313,0,0,0,1.0,0.0,0.07422000000000076,0.0,0.0,0.0037283999999992434,9450d17b9fc6b0839d248d7507a5a32c0ef949e0ebbd95a60d7ec96e9ae24627,3eaa8a2e22ba28a8f280a05549688e6e9a7bd68a9f842dafc7c06cbf9b2b458b,a643f62d82e2a28f903663acade174fee38dbb8daecccea9dfcca80068c57ba8,
pilot,lotka_volterra_n10000000,lotka_volterra,Lotka-Volterra,10000000,1.0,wallclock_timing,wallclock,0,,1,1,222,2026-07-12T16:42:32.364506+00:00,0.0012132,0.0784448,True,False,1.0,0.0,12598831,22598831,False,False,9323,4,4,0,0.9990374016511122,0.0009625983488877506,0.07481920000000046,0.0001943,2.73e-05,0.0034039999999995463,449462f21d4a696549ec08d8defcf75c5548c3b94aae5a8f8cc2ce417c33ed00,901ccb16e321f742a9cd5588bf262478b3eb8c07b47d29de7eba0834bcbaafa2,a643f62d82e2a28f903663acade174fee38dbb8daecccea9dfcca80068c57ba8,
pilot,lotka_volterra_n10000000,lotka_volterra,Lotka-Volterra,10000000,1.0,threshold_200,prospective,2,200.0,1,1,223,2026-07-12T16:42:32.443745+00:00,0.0017121,0.0780127,True,False,1.0,0.0,12594563,22594563,False,False,9313,0,0,0,1.0,0.0,0.07432950000000095,0.0,0.0,0.003683199999999054,9450d17b9fc6b0839d248d7507a5a32c0ef949e0ebbd95a60d7ec96e9ae24627,3eaa8a2e22ba28a8f280a05549688e6e9a7bd68a9f842dafc7c06cbf9b2b458b,a643f62d82e2a28f903663acade174fee38dbb8daecccea9dfcca80068c57ba8,
pilot,lotka_volterra_n10000000,lotka_volterra,Lotka-Volterra,10000000,1.0,forced_batch,prospective,2,0.0,1,1,224,2026-07-12T16:42:32.518678+00:00,0.0018074,0.0784174,True,False,1.0,0.0,12594563,22594563,False,False,9313,0,0,0,1.0,0.0,0.07454140000000051,0.0,0.0,0.003875999999999491,9450d17b9fc6b0839d248d7507a5a32c0ef949e0ebbd95a60d7ec96e9ae24627,3eaa8a2e22ba28a8f280a05549688e6e9a7bd68a9f842dafc7c06cbf9b2b458b,a643f62d82e2a28f903663acade174fee38dbb8daecccea9dfcca80068c57ba8,
pilot,shrinking_no_b_decay_n2e6,shrinking,Shrinking no B decay,2000000,0.1,threshold_1000,prospective,2,1000.0,2,1,225,2026-07-12T16:42:32.604346+00:00,0.0015889,0.017007,True,False,0.1,0.0,807199,4807199,True,False,1,1038,1,0,1.9967005262320962e-06,0.09999800329947378,1.9e-05,0.016625800000000003,3.4e-06,0.00035879999999999593,c98fe6c07d9d9c5813276b15a5643c679b01176cbb5bdfb352618f5455f58037,a6eb6994c34d693fbc20c8151098f54371b1392d48e7feafc2cd18864aa67f27,a643f62d82e2a28f903663acade174fee38dbb8daecccea9dfcca80068c57ba8,
pilot,shrinking_no_b_decay_n2e6,shrinking,Shrinking no B decay,2000000,0.1,forced_batch,prospective,2,0.0,2,1,226,2026-07-12T16:42:32.618452+00:00,0.0011225,0.0989498,True,False,0.1,0.0,807068,2502216,False,False,19741,0,0,9,0.1,0.0,0.0929303000000035,0.0,0.0,0.0060194999999965,8593d10a9355a90458c7c52b47ea9f7c65aa0131c6f36e38d625b668f93695b6,df2d201cb7a372171d518c627f47d70ea6b3768c78920e8af2cb05e408230685,a643f62d82e2a28f903663acade174fee38dbb8daecccea9dfcca80068c57ba8,
pilot,shrinking_no_b_decay_n2e6,shrinking,Shrinking no B decay,2000000,0.1,forced_gillespie_after_initial_batch,prospective,2,1000000000000.0,2,1,227,2026-07-12T16:42:32.724101+00:00,0.0011315,0.0169499,True,False,0.1,0.0,807199,4807199,True,False,1,1038,1,0,1.9967005262320962e-06,0.09999800329947378,1.31e-05,0.016603700000000002,2.2e-06,0.00033089999999999856,c98fe6c07d9d9c5813276b15a5643c679b01176cbb5bdfb352618f5455f58037,a6eb6994c34d693fbc20c8151098f54371b1392d48e7feafc2cd18864aa67f27,a643f62d82e2a28f903663acade174fee38dbb8daecccea9dfcca80068c57ba8,
pilot,shrinking_no_b_decay_n2e6,shrinking,Shrinking no B decay,2000000,0.1,threshold_1500,prospective,2,1500.0,2,1,228,2026-07-12T16:42:32.741831+00:00,0.0013163,0.0169553,True,False,0.1,0.0,807199,4807199,True,False,1,1038,1,0,1.9967005262320962e-06,0.09999800329947378,1.34e-05,0.016587499999999988,2.1e-06,0.00035230000000001024,c98fe6c07d9d9c5813276b15a5643c679b01176cbb5bdfb352618f5455f58037,a6eb6994c34d693fbc20c8151098f54371b1392d48e7feafc2cd18864aa67f27,a643f62d82e2a28f903663acade174fee38dbb8daecccea9dfcca80068c57ba8,
pilot,shrinking_no_b_decay_n2e6,shrinking,Shrinking no B decay,2000000,0.1,threshold_100,prospective,2,100.0,2,1,229,2026-07-12T16:42:32.751835+00:00,0.0011466,0.0255437,True,False,0.1,0.0,807044,2858328,True,False,4179,224,1,7,0.017398291271323457,0.08260170872867655,0.021416499999999665,0.0027491000000000004,2.3e-06,0.001375800000000333,04c02121a34c35e39eef380fed0b10f1f0964608a853097695a3864a1460ed07,5e87e496249b99d12c4dd7bc141ac07d6625d8e9fc3cfc46ba3e81980d841121,a643f62d82e2a28f903663acade174fee38dbb8daecccea9dfcca80068c57ba8,
pilot,shrinking_no_b_decay_n2e6,shrinking,Shrinking no B decay,2000000,0.1,threshold_400,prospective,2,400.0,2,1,230,2026-07-12T16:42:32.784133+00:00,0.0015815,0.0162938,True,False,0.1,0.0,807144,4807144,True,False,102,1008,1,0,0.000365906658753721,0.09963409334124627,0.0005371000000000002,0.015419300000000039,1.2e-06,0.0003361999999999636,e63e60e6f709751aeff8f9a396c3959d328b64b27ee8275fbdd975296f4e3cb4,c496478e6686a48e35453ae93875230b73ca2c34be3ef6676c163e3d4a563572,a643f62d82e2a28f903663acade174fee38dbb8daecccea9dfcca80068c57ba8,
pilot,shrinking_no_b_decay_n2e6,shrinking,Shrinking no B decay,2000000,0.1,threshold_300,prospective,2,300.0,2,1,231,2026-07-12T16:42:32.799842+00:00,0.0011269,0.017106,True,False,0.1,0.0,807028,4111950,True,False,1158,727,1,2,0.004248465041315752,0.09575153495868426,0.005935600000000007,0.010588899999999983,2e-06,0.0005795000000000106,0c42f8f558159259d2774776a470d80d9f48255fda71a3334a4ee3075f78cf86,a9b49b456b109776abf04490630107b5bc0cc232a50b98fb531ec793743c9828,a643f62d82e2a28f903663acade174fee38dbb8daecccea9dfcca80068c57ba8,
pilot,shrinking_no_b_decay_n2e6,shrinking,Shrinking no B decay,2000000,0.1,threshold_750,prospective,2,750.0,2,1,232,2026-07-12T16:42:32.824102+00:00,0.0011077,0.0163735,True,False,0.1,0.0,807199,4807199,True,False,1,1038,1,0,1.9967005262320962e-06,0.09999800329947378,1.38e-05,0.016039599999999994,1.7e-06,0.0003184000000000034,c98fe6c07d9d9c5813276b15a5643c679b01176cbb5bdfb352618f5455f58037,a6eb6994c34d693fbc20c8151098f54371b1392d48e7feafc2cd18864aa67f27,a643f62d82e2a28f903663acade174fee38dbb8daecccea9dfcca80068c57ba8,
pilot,shrinking_no_b_decay_n2e6,shrinking,Shrinking no B decay,2000000,0.1,threshold_200,prospective,2,200.0,2,1,233,2026-07-12T16:42:32.841852+00:00,0.0011345,0.0192056,True,False,0.1,0.0,807078,3537424,True,False,2400,464,1,4,0.009365271067642202,0.0906347289323578,0.01217719999999988,0.006162900000000006,2.2e-06,0.0008633000000001119,7fc49194828e48c3978dfe91743b444379f4b729e39d8fbe34c305f416465baf,448b5b9514b40c3795870fe999a22bf071da75fa0714f0758789b01452c5f161,a643f62d82e2a28f903663acade174fee38dbb8daecccea9dfcca80068c57ba8,
pilot,shrinking_no_b_decay_n2e6,shrinking,Shrinking no B decay,2000000,0.1,threshold_2000,prospective,2,2000.0,2,1,234,2026-07-12T16:42:32.863059+00:00,0.0011269,0.0162519,True,False,0.1,0.0,807199,4807199,True,False,1,1038,1,0,1.9967005262320962e-06,0.09999800329947378,1.3e-05,0.015912800000000008,1.5e-06,0.00032459999999999087,c98fe6c07d9d9c5813276b15a5643c679b01176cbb5bdfb352618f5455f58037,a6eb6994c34d693fbc20c8151098f54371b1392d48e7feafc2cd18864aa67f27,a643f62d82e2a28f903663acade174fee38dbb8daecccea9dfcca80068c57ba8,
pilot,shrinking_no_b_decay_n2e6,shrinking,Shrinking no B decay,2000000,0.1,threshold_50,prospective,2,50.0,2,1,235,2026-07-12T16:42:32.869059+00:00,0.0011532,0.0314568,True,False,0.1,0.0,807072,2671758,True,False,5660,110,1,8,0.024871130384881826,0.07512886961511818,0.028417199999999757,0.0012950999999999993,1.9e-06,0.0017426000000002433,3a014c36175dd05c2400784a6ea6d9e7bee872b2a1079bac97e28a26444da080,7f771b1cf10e5763d0ac1990edba320fdb4e4300216297df7abd1355e8868f34,a643f62d82e2a28f903663acade174fee38dbb8daecccea9dfcca80068c57ba8,
pilot,shrinking_no_b_decay_n2e6,shrinking,Shrinking no B decay,2000000,0.1,threshold_500,prospective,2,500.0,2,1,236,2026-07-12T16:42:32.901239+00:00,0.0011787,0.0168773,True,False,0.1,0.0,807199,4807199,True,False,1,1038,1,0,1.9967005262320962e-06,0.09999800329947378,1.22e-05,0.01653550000000002,1.2e-06,0.0003283999999999822,c98fe6c07d9d9c5813276b15a5643c679b01176cbb5bdfb352618f5455f58037,a6eb6994c34d693fbc20c8151098f54371b1392d48e7feafc2cd18864aa67f27,a643f62d82e2a28f903663acade174fee38dbb8daecccea9dfcca80068c57ba8,
pilot,shrinking_no_b_decay_n2e6,shrinking,Shrinking no B decay,2000000,0.1,wallclock_timing,wallclock,0,,2,1,237,2026-07-12T16:42:32.932151+00:00,0.0018849,0.0458031,True,False,0.1,0.0,807146,2571324,True,False,8447,31,3,8,0.039178905552568984,0.06082109444743102,0.043026200000000306,0.00035249999999999995,1.5700000000000002e-05,0.0024086999999996944,0e7a41772b6fc3b814fc7b5386a6985cfe96a082bbec0e65237136bc826dddf2,0d70d89f78e3c59f28066727196aef5838e70665e7a7d826d8ac7aff4dce277d,a643f62d82e2a28f903663acade174fee38dbb8daecccea9dfcca80068c57ba8,
pilot,shrinking_no_b_decay_n2e6,shrinking,Shrinking no B decay,2000000,0.1,threshold_150,prospective,2,150.0,2,1,238,2026-07-12T16:42:32.980290+00:00,0.0011417,0.0224423,True,False,0.1,0.0,807017,3289113,True,False,3189,341,1,5,0.012791612487734791,0.08720838751226521,0.01682829999999985,0.0044433000000000025,2.3e-06,0.0011684000000001422,532849e4d53ab8e67204f3b0cc80aad88d2cf9ce0730157aeefa5b9160c1635d,651ee4466c7254cc8b77388a5fd6c5425a566a35ccbec607d3d8cafc65b895e6,a643f62d82e2a28f903663acade174fee38dbb8daecccea9dfcca80068c57ba8,
pilot,shrinking_no_b_decay_n2e6,shrinking,Shrinking no B decay,2000000,0.1,threshold_250,prospective,2,250.0,2,1,239,2026-07-12T16:42:33.003744+00:00,0.0011538,0.0179272,True,False,0.1,0.0,807062,3811140,True,False,1750,593,1,3,0.006605150530881967,0.09339484946911804,0.008945100000000001,0.008255499999999992,1.9e-06,0.0007247000000000087,23a65ce5412317dd0f5196dea1da8ad42441b607f074cbe8388fe1b1f21c6855,fc611407a64ab1ff97140e07c768227edf2391c3415bc8900327611cf39c1103,a643f62d82e2a28f903663acade174fee38dbb8daecccea9dfcca80068c57ba8,
pilot,shrinking_no_b_decay_n2e6,shrinking,Shrinking no B decay,2000000,0.1,threshold_20,prospective,2,20.0,2,1,240,2026-07-12T16:42:33.022650+00:00,0.0011414,0.0402158,True,False,0.1,0.0,807050,2502198,True,False,7477,45,1,9,0.03433893620968082,0.06566106379031919,0.03736490000000009,0.0005087000000000001,1.9e-06,0.0023402999999999133,03753ce33598ac212e72937867ae8a7e8b8677772a40433fad7b38a283aee1b9,c44f5e0e3c7fd0dcc1c1706d8cf5b127d6eb014bff2b3128e7a1802a0c66478d,a643f62d82e2a28f903663acade174fee38dbb8daecccea9dfcca80068c57ba8,
pilot,shrinking_n2e6,shrinking,Shrinking,2000000,0.1,threshold_100,prospective,2,100.0,2,1,241,2026-07-12T16:42:33.052628+00:00,0.0011889,0.0282159,True,False,0.1,0.0,93,86161,True,False,5024,403,1,40,0.03846683326027275,0.06153316673972726,0.025313500000000096,0.0007749000000000003,2.2e-06,0.0021252999999998995,67b41dcec3ed967fc9739868945e0264d12473d984e32097256cd165b42b22bb,4b6c1a2d2e0142530809906638df92246075b684e56a562237ea4d55a1cd65fe,a643f62d82e2a28f903663acade174fee38dbb8daecccea9dfcca80068c57ba8,
pilot,shrinking_n2e6,shrinking,Shrinking,2000000,0.1,threshold_250,prospective,2,250.0,2,1,242,2026-07-12T16:42:33.094384+00:00,0.0013702,0.0270767,True,False,0.1,0.0,82,537654,True,False,3737,1022,1,21,0.0201168560908394,0.0798831439091606,0.020490499999999825,0.0046154,3.7e-06,0.001967100000000173,aadb1e148700d8543cc0a3bea1f88a589195536d90cfd2d8613cac213ca189a8,378e41d855ec9c0a9573da9e48edf436a09fc423c81d2aac5de30d1ab259bfbd,a643f62d82e2a28f903663acade174fee38dbb8daecccea9dfcca80068c57ba8,
pilot,shrinking_n2e6,shrinking,Shrinking,2000000,0.1,threshold_200,prospective,2,200.0,2,1,243,2026-07-12T16:42:33.122988+00:00,0.0012375,0.0304618,True,False,0.1,0.0,89,365861,True,False,4167,814,1,25,0.024585162987233,0.07541483701276701,0.025098599999999735,0.0030584999999999987,2.4e-06,0.0023023000000002673,fa396d70728abc29e62f550a5795d3bedf3159c6678f4087fbbe151c61c0cee2,39560a32b87d294df7330822d05b6262f36828082d8e8e115062cbd1af656920,a643f62d82e2a28f903663acade174fee38dbb8daecccea9dfcca80068c57ba8,
pilot,shrinking_n2e6,shrinking,Shrinking,2000000,0.1,threshold_150,prospective,2,150.0,2,1,244,2026-07-12T16:42:33.152922+00:00,0.00122,0.0282008,True,False,0.1,0.0,90,205196,True,False,4592,606,1,31,0.030326055586801973,0.06967394441319803,0.024317099999999914,0.001729400000000002,2.2e-06,0.002152100000000084,f8cc53f0b905f71bb3e599f8915f292f3a4fa8883f55745ada4faa27ac9c1fb2,2c0fe1a53cd7cee158585ccc7e71ab55f603f8fc7eb3b3f43d96957366ecc057,a643f62d82e2a28f903663acade174fee38dbb8daecccea9dfcca80068c57ba8,
pilot,shrinking_n2e6,shrinking,Shrinking,2000000,0.1,threshold_1000,prospective,2,1000.0,2,1,245,2026-07-12T16:42:33.185047+00:00,0.0022051,0.0319851,True,False,0.1,0.0,90,4000090,True,False,1,2819,1,0,1.9967005262320962e-06,0.09999800329947378,2.58e-05,0.03082469999999998,2.7e-06,0.0011319000000000225,368c257b823990fe5eee9f40c524f5047e1ff260c9d75a050061c6fb8b8ede1c,7ac26af23542e954bc2cce815c3a6a6c9fdf270218b3271cd7459061f8a81152,a643f62d82e2a28f903663acade174fee38dbb8daecccea9dfcca80068c57ba8,
pilot,shrinking_n2e6,shrinking,Shrinking,2000000,0.1,threshold_1500,prospective,2,1500.0,2,1,246,2026-07-12T16:42:33.216310+00:00,0.0011998,0.0308891,True,False,0.1,0.0,90,4000090,True,False,1,2819,1,0,1.9967005262320962e-06,0.09999800329947378,1.39e-05,0.02980440000000005,1.7e-06,0.0010690999999999479,368c257b823990fe5eee9f40c524f5047e1ff260c9d75a050061c6fb8b8ede1c,7ac26af23542e954bc2cce815c3a6a6c9fdf270218b3271cd7459061f8a81152,a643f62d82e2a28f903663acade174fee38dbb8daecccea9dfcca80068c57ba8,
pilot,shrinking_n2e6,shrinking,Shrinking,2000000,0.1,threshold_50,prospective,2,50.0,2,1,247,2026-07-12T16:42:33.251870+00:00,0.0018398,0.0290431,True,False,0.1,0.0,88,21944,True,False,5452,193,1,54,0.052298556269490794,0.04770144373050921,0.026672900000000048,0.0002343999999999995,3.5e-06,0.0021322999999999516,37b982c226c02b8e70496fd10230ca1d52c31951373002fa5c50271ae9d5a656,1c2db1b9a8d3b8e099bbcb08522c0bcddc8eca692a423d7fccd695f4f12880f2,a643f62d82e2a28f903663acade174fee38dbb8daecccea9dfcca80068c57ba8,
pilot,shrinking_n2e6,shrinking,Shrinking,2000000,0.1,threshold_300,prospective,2,300.0,2,1,248,2026-07-12T16:42:33.283701+00:00,0.0018221,0.0261712,True,False,0.1,0.0,84,788164,True,False,3309,1225,1,17,0.0164530069314218,0.08354699306857821,0.017591799999999817,0.006724500000000007,3.2e-06,0.0018517000000001747,e1897c22beae3a6dd65e61b5057d62e1762aa69a3236cd553b3933e641958587,d58dfb05a7e6f5f45a85b41358daf184db4ee89c8786b34e92082b182cdce7e0,a643f62d82e2a28f903663acade174fee38dbb8daecccea9dfcca80068c57ba8,
pilot,shrinking_n2e6,shrinking,Shrinking,2000000,0.1,threshold_500,prospective,2,500.0,2,1,249,2026-07-12T16:42:33.302517+00:00,0.0016578,0.0261625,True,False,0.1,0.0,93,2255719,True,False,1576,2061,1,6,0.006234168882112702,0.0937658311178873,0.008310600000000026,0.01642069999999998,2.2e-06,0.0014289999999999962,ac0e64f2fc2cbd54155e30f6b68083608cf25363931f9425c7516f86eb97ab42,35d1db49702093da10bd4efbd5e182bed995913e86ab2b62d3f1851b5d009063,a643f62d82e2a28f903663acade174fee38dbb8daecccea9dfcca80068c57ba8,
pilot,shrinking_n2e6,shrinking,Shrinking,2000000,0.1,wallclock_timing,wallclock,0,,2,1,250,2026-07-12T16:42:33.340291+00:00,0.0012068,0.0302186,True,False,0.1,0.0,97,291,False,False,5788,2,2,95,0.09998521398538457,1.4786014615435846e-05,0.028193000000000246,3.9399999999999995e-05,6e-06,0.0019801999999997585,192d138794490faace36c3a51ff9ae5b0e07e036d9056fcb10a7c66fe85692f9,67057d75e7fe3df2a6a0678b3d3ccd7cf3b87efc7197516f436f8c39e633313f,a643f62d82e2a28f903663acade174fee38dbb8daecccea9dfcca80068c57ba8,
pilot,shrinking_n2e6,shrinking,Shrinking,2000000,0.1,forced_batch,prospective,2,0.0,2,1,251,2026-07-12T16:42:33.368915+00:00,0.0016236,0.0315923,True,False,0.1,0.0,100,312,False,False,5834,0,0,98,0.1,0.0,0.02925000000000017,0.0,0.0,0.002342299999999825,e7bb7456075c848d15470b22e0f77598486953b05a198246dbaa237cd009b70d,1c1024c605f5fe17ace234aad86a93c61e6e4b062a3088a82e15ec4d8e54adab,a643f62d82e2a28f903663acade174fee38dbb8daecccea9dfcca80068c57ba8,
pilot,shrinking_n2e6,shrinking,Shrinking,2000000,0.1,threshold_2000,prospective,2,2000.0,2,1,252,2026-07-12T16:42:33.402367+00:00,0.0013405,0.033534,True,False,0.1,0.0,90,4000090,True,False,1,2819,1,0,1.9967005262320962e-06,0.09999800329947378,1.35e-05,0.03223929999999994,2.2e-06,0.0012790000000000579,368c257b823990fe5eee9f40c524f5047e1ff260c9d75a050061c6fb8b8ede1c,7ac26af23542e954bc2cce815c3a6a6c9fdf270218b3271cd7459061f8a81152,a643f62d82e2a28f903663acade174fee38dbb8daecccea9dfcca80068c57ba8,
pilot,shrinking_n2e6,shrinking,Shrinking,2000000,0.1,forced_gillespie_after_initial_batch,prospective,2,1000000000000.0,2,1,253,2026-07-12T16:42:33.440028+00:00,0.0012041,0.0314395,True,False,0.1,0.0,90,4000090,True,False,1,2819,1,0,1.9967005262320962e-06,0.09999800329947378,1.37e-05,0.030343499999999992,1.9e-06,0.0010804000000000126,368c257b823990fe5eee9f40c524f5047e1ff260c9d75a050061c6fb8b8ede1c,7ac26af23542e954bc2cce815c3a6a6c9fdf270218b3271cd7459061f8a81152,a643f62d82e2a28f903663acade174fee38dbb8daecccea9dfcca80068c57ba8,
pilot,shrinking_n2e6,shrinking,Shrinking,2000000,0.1,threshold_400,prospective,2,400.0,2,1,254,2026-07-12T16:42:33.469124+00:00,0.0011901,0.0243952,True,False,0.1,0.0,92,1399390,True,False,2433,1645,1,11,0.010704280010048247,0.08929571998995176,0.01252029999999991,0.01032480000000001,2.2e-06,0.0015479000000000777,15e8f35945c0f20a34352e907e97522bae40eacdd942e729b30fc7c1fccc48db,4b8100b2d17b9ffde42831cec548dd9a1872a8e9ebfb86ace359f22eb0a98d0e,a643f62d82e2a28f903663acade174fee38dbb8daecccea9dfcca80068c57ba8,
pilot,shrinking_n2e6,shrinking,Shrinking,2000000,0.1,threshold_20,prospective,2,20.0,2,1,255,2026-07-12T16:42:33.485191+00:00,0.0012091,0.0301325,True,False,0.1,0.0,100,3714,True,False,5714,66,1,72,0.07081932839207288,0.02918067160792713,0.027889600000000278,5.1099999999999955e-05,2.3e-06,0.002189499999999723,b345b601aeabb879a3cf45c272ac2488ed83bc92de6cdf7f5547757aeca0a07e,88727717a3f1071937647d85657024314aae28c1914d869d87aa61f0694924d3,a643f62d82e2a28f903663acade174fee38dbb8daecccea9dfcca80068c57ba8,
pilot,shrinking_n2e6,shrinking,Shrinking,2000000,0.1,threshold_750,prospective,2,750.0,2,1,256,2026-07-12T16:42:33.528090+00:00,0.0012911,0.0309432,True,False,0.1,0.0,90,4000090,True,False,1,2819,1,0,1.9967005262320962e-06,0.09999800329947378,1.65e-05,0.02986739999999994,1.7e-06,0.0010576000000000613,368c257b823990fe5eee9f40c524f5047e1ff260c9d75a050061c6fb8b8ede1c,7ac26af23542e954bc2cce815c3a6a6c9fdf270218b3271cd7459061f8a81152,a643f62d82e2a28f903663acade174fee38dbb8daecccea9dfcca80068c57ba8,
pilot,oregonator_n1e5,oregonator,Oregonator,100000,1.0,threshold_400,prospective,2,400.0,1,0,257,2026-07-12T16:42:33.563123+00:00,0.0022417,0.1298065,True,False,1.0,0.0,79204,131204,True,False,1,17993,1,0,1.4254657462020813e-06,0.9999985745342538,2.36e-05,0.11944730000000085,4.8e-06,0.01033079999999914,ed17a97180c978f60426a14d9de92db553420b77950a43fd806d8d7a4a18952c,357f95b739898c8f9c2047d6495e7f306a868edb33e9f98970e5fe7311055118,a643f62d82e2a28f903663acade174fee38dbb8daecccea9dfcca80068c57ba8,
pilot,oregonator_n1e5,oregonator,Oregonator,100000,1.0,threshold_2000,prospective,2,2000.0,1,0,258,2026-07-12T16:42:33.695705+00:00,0.0014768,0.1302354,True,False,1.0,0.0,79204,131204,True,False,1,17993,1,0,1.4254657462020813e-06,0.9999985745342538,1.67e-05,0.11987230000000074,2.8e-06,0.010343599999999273,ed17a97180c978f60426a14d9de92db553420b77950a43fd806d8d7a4a18952c,357f95b739898c8f9c2047d6495e7f306a868edb33e9f98970e5fe7311055118,a643f62d82e2a28f903663acade174fee38dbb8daecccea9dfcca80068c57ba8,
pilot,oregonator_n1e5,oregonator,Oregonator,100000,1.0,threshold_1000,prospective,2,1000.0,1,0,259,2026-07-12T16:42:33.827672+00:00,0.0014475,0.1315074,True,False,1.0,0.0,79204,131204,True,False,1,17993,1,0,1.4254657462020813e-06,0.9999985745342538,1.68e-05,0.12106889999999985,3e-06,0.010418700000000142,ed17a97180c978f60426a14d9de92db553420b77950a43fd806d8d7a4a18952c,357f95b739898c8f9c2047d6495e7f306a868edb33e9f98970e5fe7311055118,a643f62d82e2a28f903663acade174fee38dbb8daecccea9dfcca80068c57ba8,
pilot,oregonator_n1e5,oregonator,Oregonator,100000,1.0,threshold_50,prospective,2,50.0,1,0,260,2026-07-12T16:42:33.954212+00:00,0.001785,0.1287198,True,False,1.0,0.0,79204,131204,True,False,1,17993,1,0,1.4254657462020813e-06,0.9999985745342538,2.21e-05,0.11822370000000035,3.8e-06,0.010470199999999652,ed17a97180c978f60426a14d9de92db553420b77950a43fd806d8d7a4a18952c,357f95b739898c8f9c2047d6495e7f306a868edb33e9f98970e5fe7311055118,a643f62d82e2a28f903663acade174fee38dbb8daecccea9dfcca80068c57ba8,
pilot,oregonator_n1e5,oregonator,Oregonator,100000,1.0,threshold_750,prospective,2,750.0,1,0,261,2026-07-12T16:42:34.091764+00:00,0.0021191,0.1298313,True,False,1.0,0.0,79204,131204,True,False,1,17993,1,0,1.4254657462020813e-06,0.9999985745342538,2.1e-05,0.11944580000000093,3.8e-06,0.010360699999999085,ed17a97180c978f60426a14d9de92db553420b77950a43fd806d8d7a4a18952c,357f95b739898c8f9c2047d6495e7f306a868edb33e9f98970e5fe7311055118,a643f62d82e2a28f903663acade174fee38dbb8daecccea9dfcca80068c57ba8,
pilot,oregonator_n1e5,oregonator,Oregonator,100000,1.0,forced_batch,prospective,2,0.0,1,0,262,2026-07-12T16:42:34.224557+00:00,0.0015277,3.4612523,True,False,1.0,0.0,62600,114600,False,False,404293,0,0,0,1.0,0.0,3.2272156999994404,0.0,0.0,0.2340366000005596,f2932d26bc9c0e29e64410fff23354f61449db0fdd895eb7014764bb35a9da29,9f890bcc8fc3fcad08a1330d2a6f28206161e9bf62b9eb043776ea4b2cad8425,a643f62d82e2a28f903663acade174fee38dbb8daecccea9dfcca80068c57ba8,
pilot,oregonator_n1e5,oregonator,Oregonator,100000,1.0,threshold_1500,prospective,2,1500.0,1,0,263,2026-07-12T16:42:37.687098+00:00,0.0015305,0.1371625,True,False,1.0,0.0,79204,131204,True,False,1,17993,1,0,1.4254657462020813e-06,0.9999985745342538,2.08e-05,0.12636939999999922,3.5e-06,0.0107688000000008,ed17a97180c978f60426a14d9de92db553420b77950a43fd806d8d7a4a18952c,357f95b739898c8f9c2047d6495e7f306a868edb33e9f98970e5fe7311055118,a643f62d82e2a28f903663acade174fee38dbb8daecccea9dfcca80068c57ba8,
pilot,oregonator_n1e5,oregonator,Oregonator,100000,1.0,threshold_20,prospective,2,20.0,1,0,264,2026-07-12T16:42:37.825783+00:00,0.0016206,0.8321087,True,False,1.0,0.0,81249,133249,False,False,82198,6701,6,0,0.166448571566303,0.833551428433697,0.7356906999999898,0.042942800000000024,4.01e-05,0.05343510000001017,39c329c21700c4f718182b14e87f6ffae6470ed2dc3dad412a1e903793c46589,af7089f225a387a97573d17bd8dc5d16e954b60a13238246ebdc681d06c039f8,a643f62d82e2a28f903663acade174fee38dbb8daecccea9dfcca80068c57ba8,
pilot,oregonator_n1e5,oregonator,Oregonator,100000,1.0,wallclock_timing,wallclock,0,,1,0,265,2026-07-12T16:42:38.660380+00:00,0.0021331,0.1047974,True,False,1.0,0.0,75565,127565,True,False,3,14429,3,0,5.802745771038586e-06,0.999994197254229,5.35e-05,0.09674210000000082,2.7300000000000003e-05,0.00797449999999919,31a0e28a186aa35bb563984eb2694806bed13eeafbce28fc286fd97fc4cc031f,014f67af118653380467eebea77127beaf1aa638112f6e09ef219786b03d2249,a643f62d82e2a28f903663acade174fee38dbb8daecccea9dfcca80068c57ba8,
pilot,oregonator_n1e5,oregonator,Oregonator,100000,1.0,threshold_200,prospective,2,200.0,1,0,266,2026-07-12T16:42:38.768178+00:00,0.0018487,0.1367471,True,False,1.0,0.0,79204,131204,True,False,1,17993,1,0,1.4254657462020813e-06,0.9999985745342538,1.8e-05,0.12593919999999958,2.8e-06,0.010787100000000438,ed17a97180c978f60426a14d9de92db553420b77950a43fd806d8d7a4a18952c,357f95b739898c8f9c2047d6495e7f306a868edb33e9f98970e5fe7311055118,a643f62d82e2a28f903663acade174fee38dbb8daecccea9dfcca80068c57ba8,
pilot,oregonator_n1e5,oregonator,Oregonator,100000,1.0,threshold_100,prospective,2,100.0,1,0,267,2026-07-12T16:42:38.906700+00:00,0.0015664,0.1299945,True,False,1.0,0.0,79204,131204,True,False,1,17993,1,0,1.4254657462020813e-06,0.9999985745342538,1.7e-05,0.11955300000000038,2.9e-06,0.010421599999999628,ed17a97180c978f60426a14d9de92db553420b77950a43fd806d8d7a4a18952c,357f95b739898c8f9c2047d6495e7f306a868edb33e9f98970e5fe7311055118,a643f62d82e2a28f903663acade174fee38dbb8daecccea9dfcca80068c57ba8,
pilot,oregonator_n1e5,oregonator,Oregonator,100000,1.0,threshold_150,prospective,2,150.0,1,0,268,2026-07-12T16:42:39.037990+00:00,0.0016624,0.1293856,True,False,1.0,0.0,79204,131204,True,False,1,17993,1,0,1.4254657462020813e-06,0.9999985745342538,2.38e-05,0.11903409999999989,3.2e-06,0.010324500000000097,ed17a97180c978f60426a14d9de92db553420b77950a43fd806d8d7a4a18952c,357f95b739898c8f9c2047d6495e7f306a868edb33e9f98970e5fe7311055118,a643f62d82e2a28f903663acade174fee38dbb8daecccea9dfcca80068c57ba8,
pilot,oregonator_n1e5,oregonator,Oregonator,100000,1.0,threshold_500,prospective,2,500.0,1,0,269,2026-07-12T16:42:39.169346+00:00,0.0015012,0.1272786,True,False,1.0,0.0,79204,131204,True,False,1,17993,1,0,1.4254657462020813e-06,0.9999985745342538,1.63e-05,0.11712070000000015,2.9e-06,0.010138699999999848,ed17a97180c978f60426a14d9de92db553420b77950a43fd806d8d7a4a18952c,357f95b739898c8f9c2047d6495e7f306a868edb33e9f98970e5fe7311055118,a643f62d82e2a28f903663acade174fee38dbb8daecccea9dfcca80068c57ba8,
pilot,oregonator_n1e5,oregonator,Oregonator,100000,1.0,forced_gillespie_after_initial_batch,prospective,2,1000000000000.0,1,0,270,2026-07-12T16:42:39.292809+00:00,0.0015081,0.1280771,True,False,1.0,0.0,79204,131204,True,False,1,17993,1,0,1.4254657462020813e-06,0.9999985745342538,1.77e-05,0.11768050000000058,3.2e-06,0.010375699999999433,ed17a97180c978f60426a14d9de92db553420b77950a43fd806d8d7a4a18952c,357f95b739898c8f9c2047d6495e7f306a868edb33e9f98970e5fe7311055118,a643f62d82e2a28f903663acade174fee38dbb8daecccea9dfcca80068c57ba8,
pilot,oregonator_n1e5,oregonator,Oregonator,100000,1.0,threshold_250,prospective,2,250.0,1,0,271,2026-07-12T16:42:39.426203+00:00,0.0014762,0.1300367,True,False,1.0,0.0,79204,131204,True,False,1,17993,1,0,1.4254657462020813e-06,0.9999985745342538,1.68e-05,0.11968039999999988,2.8e-06,0.010336700000000129,ed17a97180c978f60426a14d9de92db553420b77950a43fd806d8d7a4a18952c,357f95b739898c8f9c2047d6495e7f306a868edb33e9f98970e5fe7311055118,a643f62d82e2a28f903663acade174fee38dbb8daecccea9dfcca80068c57ba8,
pilot,oregonator_n1e5,oregonator,Oregonator,100000,1.0,threshold_300,prospective,2,300.0,1,0,272,2026-07-12T16:42:39.560947+00:00,0.0020833,0.1296626,True,False,1.0,0.0,79204,131204,True,False,1,17993,1,0,1.4254657462020813e-06,0.9999985745342538,1.77e-05,0.11926590000000019,2.9e-06,0.010376099999999805,ed17a97180c978f60426a14d9de92db553420b77950a43fd806d8d7a4a18952c,357f95b739898c8f9c2047d6495e7f306a868edb33e9f98970e5fe7311055118,a643f62d82e2a28f903663acade174fee38dbb8daecccea9dfcca80068c57ba8,
pilot,lotka_volterra_n1000000,lotka_volterra,Lotka-Volterra,1000000,1.0,threshold_750,prospective,2,750.0,3,1,273,2026-07-12T16:42:39.690648+00:00,0.0011676,0.0200213,True,False,1.0,0.0,1258489,2258489,True,False,1,1303,1,0,0.0007165984730732338,0.9992834015269269,1.5e-05,0.019515000000000053,2e-06,0.000489299999999946,69940e3fc6aa2b42630d05e616505fc26c5edbbade1232bfad9f3991e433a80d,4cb200331f9d661fe016ab6aa99e5e24c3e0e5527fcc4890f30c86028275e2f1,a643f62d82e2a28f903663acade174fee38dbb8daecccea9dfcca80068c57ba8,
pilot,lotka_volterra_n1000000,lotka_volterra,Lotka-Volterra,1000000,1.0,threshold_150,prospective,2,150.0,3,1,274,2026-07-12T16:42:39.706287+00:00,0.0011735,0.0227415,True,False,1.0,0.0,1261067,2261067,False,False,2919,0,0,0,1.0,0.0,0.02162419999999968,0.0,0.0,0.0011173000000003208,885c9ce620b46c5edc74c0d7eaf61d32279ca49b005b2feeae2ad254b2afdaa5,e9bde806a8909ac9fb9f15f3a59599f209636f605456449aa9c48412262377a3,a643f62d82e2a28f903663acade174fee38dbb8daecccea9dfcca80068c57ba8,
pilot,lotka_volterra_n1000000,lotka_volterra,Lotka-Volterra,1000000,1.0,forced_batch,prospective,2,0.0,3,1,275,2026-07-12T16:42:39.738575+00:00,0.0011397,0.0229583,True,False,1.0,0.0,1261067,2261067,False,False,2919,0,0,0,1.0,0.0,0.02181849999999981,0.0,0.0,0.0011398000000001907,885c9ce620b46c5edc74c0d7eaf61d32279ca49b005b2feeae2ad254b2afdaa5,e9bde806a8909ac9fb9f15f3a59599f209636f605456449aa9c48412262377a3,a643f62d82e2a28f903663acade174fee38dbb8daecccea9dfcca80068c57ba8,
pilot,lotka_volterra_n1000000,lotka_volterra,Lotka-Volterra,1000000,1.0,threshold_300,prospective,2,300.0,3,1,276,2026-07-12T16:42:39.759786+00:00,0.0012045,0.0229758,True,False,1.0,0.0,1261067,2261067,False,False,2919,0,0,0,1.0,0.0,0.021797399999999693,0.0,0.0,0.0011784000000003084,885c9ce620b46c5edc74c0d7eaf61d32279ca49b005b2feeae2ad254b2afdaa5,e9bde806a8909ac9fb9f15f3a59599f209636f605456449aa9c48412262377a3,a643f62d82e2a28f903663acade174fee38dbb8daecccea9dfcca80068c57ba8,
pilot,lotka_volterra_n1000000,lotka_volterra,Lotka-Volterra,1000000,1.0,threshold_200,prospective,2,200.0,3,1,277,2026-07-12T16:42:39.774100+00:00,0.0011889,0.0233351,True,False,1.0,0.0,1261067,2261067,False,False,2919,0,0,0,1.0,0.0,0.02213739999999978,0.0,0.0,0.0011977000000002215,885c9ce620b46c5edc74c0d7eaf61d32279ca49b005b2feeae2ad254b2afdaa5,e9bde806a8909ac9fb9f15f3a59599f209636f605456449aa9c48412262377a3,a643f62d82e2a28f903663acade174fee38dbb8daecccea9dfcca80068c57ba8,
pilot,lotka_volterra_n1000000,lotka_volterra,Lotka-Volterra,1000000,1.0,threshold_400,prospective,2,400.0,3,1,278,2026-07-12T16:42:39.811643+00:00,0.0019884,0.0236866,True,False,1.0,0.0,1261067,2261067,False,False,2919,0,0,0,1.0,0.0,0.022535799999999617,0.0,0.0,0.001150800000000382,885c9ce620b46c5edc74c0d7eaf61d32279ca49b005b2feeae2ad254b2afdaa5,e9bde806a8909ac9fb9f15f3a59599f209636f605456449aa9c48412262377a3,a643f62d82e2a28f903663acade174fee38dbb8daecccea9dfcca80068c57ba8,
pilot,lotka_volterra_n1000000,lotka_volterra,Lotka-Volterra,1000000,1.0,threshold_100,prospective,2,100.0,3,1,279,2026-07-12T16:42:39.824026+00:00,0.0014551,0.0235693,True,False,1.0,0.0,1261067,2261067,False,False,2919,0,0,0,1.0,0.0,0.02242499999999974,0.0,0.0,0.001144300000000261,885c9ce620b46c5edc74c0d7eaf61d32279ca49b005b2feeae2ad254b2afdaa5,e9bde806a8909ac9fb9f15f3a59599f209636f605456449aa9c48412262377a3,a643f62d82e2a28f903663acade174fee38dbb8daecccea9dfcca80068c57ba8,
pilot,lotka_volterra_n1000000,lotka_volterra,Lotka-Volterra,1000000,1.0,wallclock_timing,wallclock,0,,3,1,280,2026-07-12T16:42:39.859751+00:00,0.0012217,0.0225105,True,False,1.0,0.0,1259269,2259269,False,False,2892,2,2,0,0.9984018133599699,0.0015981866400300304,0.021458099999999727,3.04e-05,6.5999999999999995e-06,0.0010154000000002737,7a32ad286e038637f0e1e789aa6672ea213af4b4dd1d16fd8647d879187dea5c,83e7f36a85d875a881197d19ec5b9329893f525ddc2c32b1a0053a92a2efcc94,a643f62d82e2a28f903663acade174fee38dbb8daecccea9dfcca80068c57ba8,
pilot,lotka_volterra_n1000000,lotka_volterra,Lotka-Volterra,1000000,1.0,threshold_50,prospective,2,50.0,3,1,281,2026-07-12T16:42:39.874097+00:00,0.0012262,0.023477,True,False,1.0,0.0,1261067,2261067,False,False,2919,0,0,0,1.0,0.0,0.02230129999999969,0.0,0.0,0.0011757000000003105,885c9ce620b46c5edc74c0d7eaf61d32279ca49b005b2feeae2ad254b2afdaa5,e9bde806a8909ac9fb9f15f3a59599f209636f605456449aa9c48412262377a3,a643f62d82e2a28f903663acade174fee38dbb8daecccea9dfcca80068c57ba8,
pilot,lotka_volterra_n1000000,lotka_volterra,Lotka-Volterra,1000000,1.0,forced_gillespie_after_initial_batch,prospective,2,1000000000000.0,3,1,282,2026-07-12T16:42:39.912122+00:00,0.0018036,0.0201445,True,False,1.0,0.0,1258489,2258489,True,False,1,1303,1,0,0.0007165984730732338,0.9992834015269269,1.54e-05,0.019641800000000053,3e-06,0.00048429999999994797,69940e3fc6aa2b42630d05e616505fc26c5edbbade1232bfad9f3991e433a80d,4cb200331f9d661fe016ab6aa99e5e24c3e0e5527fcc4890f30c86028275e2f1,a643f62d82e2a28f903663acade174fee38dbb8daecccea9dfcca80068c57ba8,
pilot,lotka_volterra_n1000000,lotka_volterra,Lotka-Volterra,1000000,1.0,threshold_20,prospective,2,20.0,3,1,283,2026-07-12T16:42:39.934083+00:00,0.0011982,0.0232168,True,False,1.0,0.0,1261067,2261067,False,False,2919,0,0,0,1.0,0.0,0.02206769999999972,0.0,0.0,0.0011491000000002777,885c9ce620b46c5edc74c0d7eaf61d32279ca49b005b2feeae2ad254b2afdaa5,e9bde806a8909ac9fb9f15f3a59599f209636f605456449aa9c48412262377a3,a643f62d82e2a28f903663acade174fee38dbb8daecccea9dfcca80068c57ba8,
pilot,lotka_volterra_n1000000,lotka_volterra,Lotka-Volterra,1000000,1.0,threshold_250,prospective,2,250.0,3,1,284,2026-07-12T16:42:39.958556+00:00,0.0012147,0.0231593,True,False,1.0,0.0,1261067,2261067,False,False,2919,0,0,0,1.0,0.0,0.021998799999999746,0.0,0.0,0.001160500000000255,885c9ce620b46c5edc74c0d7eaf61d32279ca49b005b2feeae2ad254b2afdaa5,e9bde806a8909ac9fb9f15f3a59599f209636f605456449aa9c48412262377a3,a643f62d82e2a28f903663acade174fee38dbb8daecccea9dfcca80068c57ba8,
pilot,lotka_volterra_n1000000,lotka_volterra,Lotka-Volterra,1000000,1.0,threshold_1500,prospective,2,1500.0,3,1,285,2026-07-12T16:42:39.984050+00:00,0.0013524,0.020634,True,False,1.0,0.0,1258489,2258489,True,False,1,1303,1,0,0.0007165984730732338,0.9992834015269269,1.97e-05,0.020098100000000053,2.6e-06,0.0005135999999999474,69940e3fc6aa2b42630d05e616505fc26c5edbbade1232bfad9f3991e433a80d,4cb200331f9d661fe016ab6aa99e5e24c3e0e5527fcc4890f30c86028275e2f1,a643f62d82e2a28f903663acade174fee38dbb8daecccea9dfcca80068c57ba8,
pilot,lotka_volterra_n1000000,lotka_volterra,Lotka-Volterra,1000000,1.0,threshold_2000,prospective,2,2000.0,3,1,286,2026-07-12T16:42:40.000395+00:00,0.0019226,0.0203695,True,False,1.0,0.0,1258489,2258489,True,False,1,1303,1,0,0.0007165984730732338,0.9992834015269269,1.93e-05,0.01983020000000006,2.7e-06,0.0005172999999999359,69940e3fc6aa2b42630d05e616505fc26c5edbbade1232bfad9f3991e433a80d,4cb200331f9d661fe016ab6aa99e5e24c3e0e5527fcc4890f30c86028275e2f1,a643f62d82e2a28f903663acade174fee38dbb8daecccea9dfcca80068c57ba8,
pilot,lotka_volterra_n1000000,lotka_volterra,Lotka-Volterra,1000000,1.0,threshold_500,prospective,2,500.0,3,1,287,2026-07-12T16:42:40.028348+00:00,0.0011806,0.0203931,True,False,1.0,0.0,1258489,2258489,True,False,1,1303,1,0,0.0007165984730732338,0.9992834015269269,1.49e-05,0.019872800000000048,1.6e-06,0.0005037999999999501,69940e3fc6aa2b42630d05e616505fc26c5edbbade1232bfad9f3991e433a80d,4cb200331f9d661fe016ab6aa99e5e24c3e0e5527fcc4890f30c86028275e2f1,a643f62d82e2a28f903663acade174fee38dbb8daecccea9dfcca80068c57ba8,
pilot,lotka_volterra_n1000000,lotka_volterra,Lotka-Volterra,1000000,1.0,threshold_1000,prospective,2,1000.0,3,1,288,2026-07-12T16:42:40.050189+00:00,0.001221,0.0199931,True,False,1.0,0.0,1258489,2258489,True,False,1,1303,1,0,0.0007165984730732338,0.9992834015269269,1.53e-05,0.019483700000000045,1.8e-06,0.000492299999999956,69940e3fc6aa2b42630d05e616505fc26c5edbbade1232bfad9f3991e433a80d,4cb200331f9d661fe016ab6aa99e5e24c3e0e5527fcc4890f30c86028275e2f1,a643f62d82e2a28f903663acade174fee38dbb8daecccea9dfcca80068c57ba8,
pilot,lotka_volterra_n10000000,lotka_volterra,Lotka-Volterra,10000000,1.0,forced_gillespie_after_initial_batch,prospective,2,1000000000000.0,3,0,289,2026-07-12T16:42:40.060267+00:00,0.0012064,0.1951366,True,False,1.0,0.0,12604299,22604299,True,False,1,4121,1,0,0.00022471977823577266,0.9997752802217642,1.97e-05,0.19339640000000002,2.1e-06,0.0017183999999999533,8e48c3a3b6c0b0a45eccd1eacb5df71af91035f51bd7224f5c92546a18f4a065,e355ed4b484f7acfd9fd8b3f3800f92ade9b2a2d11a99426233f712afc144cf9,a643f62d82e2a28f903663acade174fee38dbb8daecccea9dfcca80068c57ba8,
pilot,lotka_volterra_n10000000,lotka_volterra,Lotka-Volterra,10000000,1.0,threshold_750,prospective,2,750.0,3,0,290,2026-07-12T16:42:40.268498+00:00,0.0011703,0.0765439,True,False,1.0,0.0,12600002,22600002,False,False,9267,0,0,0,1.0,0.0,0.07291570000000062,0.0,0.0,0.0036281999999993736,1d4b7d3db74ca51413316f6b240d76f93ca894ff94727da91e0cca5773bdb5df,ece5b0b353483d98f5e6b7a9ddbfac59c80c777911d2503835f85a2df60c6d59,a643f62d82e2a28f903663acade174fee38dbb8daecccea9dfcca80068c57ba8,
pilot,lotka_volterra_n10000000,lotka_volterra,Lotka-Volterra,10000000,1.0,threshold_200,prospective,2,200.0,3,0,291,2026-07-12T16:42:40.341911+00:00,0.0011679,0.0847172,True,False,1.0,0.0,12600002,22600002,False,False,9267,0,0,0,1.0,0.0,0.08053069999999948,0.0,0.0,0.004186500000000523,1d4b7d3db74ca51413316f6b240d76f93ca894ff94727da91e0cca5773bdb5df,ece5b0b353483d98f5e6b7a9ddbfac59c80c777911d2503835f85a2df60c6d59,a643f62d82e2a28f903663acade174fee38dbb8daecccea9dfcca80068c57ba8,
pilot,lotka_volterra_n10000000,lotka_volterra,Lotka-Volterra,10000000,1.0,threshold_500,prospective,2,500.0,3,0,292,2026-07-12T16:42:40.432579+00:00,0.0012316,0.0760861,True,False,1.0,0.0,12600002,22600002,False,False,9267,0,0,0,1.0,0.0,0.07244080000000117,0.0,0.0,0.0036452999999988384,1d4b7d3db74ca51413316f6b240d76f93ca894ff94727da91e0cca5773bdb5df,ece5b0b353483d98f5e6b7a9ddbfac59c80c777911d2503835f85a2df60c6d59,a643f62d82e2a28f903663acade174fee38dbb8daecccea9dfcca80068c57ba8,
pilot,lotka_volterra_n10000000,lotka_volterra,Lotka-Volterra,10000000,1.0,threshold_50,prospective,2,50.0,3,0,293,2026-07-12T16:42:40.510113+00:00,0.001166,0.0759203,True,False,1.0,0.0,12600002,22600002,False,False,9267,0,0,0,1.0,0.0,0.07229620000000074,0.0,0.0,0.0036240999999992557,1d4b7d3db74ca51413316f6b240d76f93ca894ff94727da91e0cca5773bdb5df,ece5b0b353483d98f5e6b7a9ddbfac59c80c777911d2503835f85a2df60c6d59,a643f62d82e2a28f903663acade174fee38dbb8daecccea9dfcca80068c57ba8,
pilot,lotka_volterra_n10000000,lotka_volterra,Lotka-Volterra,10000000,1.0,threshold_100,prospective,2,100.0,3,0,294,2026-07-12T16:42:40.574986+00:00,0.001173,0.0779337,True,False,1.0,0.0,12600002,22600002,False,False,9267,0,0,0,1.0,0.0,0.07424560000000073,0.0,0.0,0.003688099999999264,1d4b7d3db74ca51413316f6b240d76f93ca894ff94727da91e0cca5773bdb5df,ece5b0b353483d98f5e6b7a9ddbfac59c80c777911d2503835f85a2df60c6d59,a643f62d82e2a28f903663acade174fee38dbb8daecccea9dfcca80068c57ba8,
pilot,lotka_volterra_n10000000,lotka_volterra,Lotka-Volterra,10000000,1.0,threshold_250,prospective,2,250.0,3,0,295,2026-07-12T16:42:40.666647+00:00,0.0012007,0.0753638,True,False,1.0,0.0,12600002,22600002,False,False,9267,0,0,0,1.0,0.0,0.0717935000000011,0.0,0.0,0.0035702999999988883,1d4b7d3db74ca51413316f6b240d76f93ca894ff94727da91e0cca5773bdb5df,ece5b0b353483d98f5e6b7a9ddbfac59c80c777911d2503835f85a2df60c6d59,a643f62d82e2a28f903663acade174fee38dbb8daecccea9dfcca80068c57ba8,
pilot,lotka_volterra_n10000000,lotka_volterra,Lotka-Volterra,10000000,1.0,threshold_20,prospective,2,20.0,3,0,296,2026-07-12T16:42:40.739651+00:00,0.001162,0.07568,True,False,1.0,0.0,12600002,22600002,False,False,9267,0,0,0,1.0,0.0,0.07211660000000114,0.0,0.0,0.0035633999999988564,1d4b7d3db74ca51413316f6b240d76f93ca894ff94727da91e0cca5773bdb5df,ece5b0b353483d98f5e6b7a9ddbfac59c80c777911d2503835f85a2df60c6d59,a643f62d82e2a28f903663acade174fee38dbb8daecccea9dfcca80068c57ba8,
pilot,lotka_volterra_n10000000,lotka_volterra,Lotka-Volterra,10000000,1.0,threshold_150,prospective,2,150.0,3,0,297,2026-07-12T16:42:40.807886+00:00,0.0012077,0.0784181,True,False,1.0,0.0,12600002,22600002,False,False,9267,0,0,0,1.0,0.0,0.07465760000000081,0.0,0.0,0.003760499999999195,1d4b7d3db74ca51413316f6b240d76f93ca894ff94727da91e0cca5773bdb5df,ece5b0b353483d98f5e6b7a9ddbfac59c80c777911d2503835f85a2df60c6d59,a643f62d82e2a28f903663acade174fee38dbb8daecccea9dfcca80068c57ba8,
pilot,lotka_volterra_n10000000,lotka_volterra,Lotka-Volterra,10000000,1.0,threshold_300,prospective,2,300.0,3,0,298,2026-07-12T16:42:40.892181+00:00,0.0012003,0.0762103,True,False,1.0,0.0,12600002,22600002,False,False,9267,0,0,0,1.0,0.0,0.0725865000000011,0.0,0.0,0.0036237999999989,1d4b7d3db74ca51413316f6b240d76f93ca894ff94727da91e0cca5773bdb5df,ece5b0b353483d98f5e6b7a9ddbfac59c80c777911d2503835f85a2df60c6d59,a643f62d82e2a28f903663acade174fee38dbb8daecccea9dfcca80068c57ba8,
pilot,lotka_volterra_n10000000,lotka_volterra,Lotka-Volterra,10000000,1.0,threshold_400,prospective,2,400.0,3,0,299,2026-07-12T16:42:40.978003+00:00,0.0011743,0.0776547,True,False,1.0,0.0,12600002,22600002,False,False,9267,0,0,0,1.0,0.0,0.07396420000000051,0.0,0.0,0.003690499999999486,1d4b7d3db74ca51413316f6b240d76f93ca894ff94727da91e0cca5773bdb5df,ece5b0b353483d98f5e6b7a9ddbfac59c80c777911d2503835f85a2df60c6d59,a643f62d82e2a28f903663acade174fee38dbb8daecccea9dfcca80068c57ba8,
pilot,lotka_volterra_n10000000,lotka_volterra,Lotka-Volterra,10000000,1.0,threshold_1500,prospective,2,1500.0,3,0,300,2026-07-12T16:42:41.056856+00:00,0.0013918,0.1872287,True,False,1.0,0.0,12602322,22602322,False,False,692,3831,2,0,0.06549639847294639,0.9345036015270536,0.005602099999999989,0.17972010000000024,1.1e-05,0.0018954999999997446,0d09a7ec8ad52acf2a8d1937a3cab0a32958e373a6281cb5c115dfebab81c794,bda762c38bdb5f9aee661b28bf5c40bf3eb4a5cd6f4b93d0540a755e1b882af6,a643f62d82e2a28f903663acade174fee38dbb8daecccea9dfcca80068c57ba8,
pilot,lotka_volterra_n10000000,lotka_volterra,Lotka-Volterra,10000000,1.0,threshold_2000,prospective,2,2000.0,3,0,301,2026-07-12T16:42:41.246115+00:00,0.0011985,0.1948648,True,False,1.0,0.0,12604299,22604299,True,False,1,4121,1,0,0.00022471977823577266,0.9997752802217642,1.17e-05,0.193223400000001,1.6e-06,0.001628099999999022,8e48c3a3b6c0b0a45eccd1eacb5df71af91035f51bd7224f5c92546a18f4a065,e355ed4b484f7acfd9fd8b3f3800f92ade9b2a2d11a99426233f712afc144cf9,a643f62d82e2a28f903663acade174fee38dbb8daecccea9dfcca80068c57ba8,
pilot,lotka_volterra_n10000000,lotka_volterra,Lotka-Volterra,10000000,1.0,threshold_1000,prospective,2,1000.0,3,0,302,2026-07-12T16:42:41.439555+00:00,0.0011758,0.0769336,True,False,1.0,0.0,12600002,22600002,False,False,9267,0,0,0,1.0,0.0,0.07326910000000084,0.0,0.0,0.0036644999999991684,1d4b7d3db74ca51413316f6b240d76f93ca894ff94727da91e0cca5773bdb5df,ece5b0b353483d98f5e6b7a9ddbfac59c80c777911d2503835f85a2df60c6d59,a643f62d82e2a28f903663acade174fee38dbb8daecccea9dfcca80068c57ba8,
pilot,lotka_volterra_n10000000,lotka_volterra,Lotka-Volterra,10000000,1.0,forced_batch,prospective,2,0.0,3,0,303,2026-07-12T16:42:41.510381+00:00,0.0011925,0.0773933,True,False,1.0,0.0,12600002,22600002,False,False,9267,0,0,0,1.0,0.0,0.07366480000000139,0.0,0.0,0.003728499999998608,1d4b7d3db74ca51413316f6b240d76f93ca894ff94727da91e0cca5773bdb5df,ece5b0b353483d98f5e6b7a9ddbfac59c80c777911d2503835f85a2df60c6d59,a643f62d82e2a28f903663acade174fee38dbb8daecccea9dfcca80068c57ba8,
pilot,lotka_volterra_n10000000,lotka_volterra,Lotka-Volterra,10000000,1.0,wallclock_timing,wallclock,0,,3,0,304,2026-07-12T16:42:41.593229+00:00,0.0019351,0.0750946,True,False,1.0,0.0,12598907,22598907,False,False,9233,4,4,0,0.9990379462978973,0.0009620537021025992,0.07171590000000154,0.0001876,1.82e-05,0.003172899999998466,0c10b1c73b8f8415e6f944510d52c102f33019041756567a24ec0c2110c7fea1,711eee059c87b65764156480142648089cb532e64f1cb9c56bea1b1d2b1b0e8a,a643f62d82e2a28f903663acade174fee38dbb8daecccea9dfcca80068c57ba8,
pilot,lotka_volterra_n100000,lotka_volterra,Lotka-Volterra,100000,1.0,threshold_20,prospective,2,20.0,2,0,305,2026-07-12T16:42:41.676741+00:00,0.0012102,0.0065239,True,False,1.0,0.0,125613,225613,False,False,886,0,0,0,1.0,0.0,0.00619010000000001,0.0,0.0,0.00033379999999999,633b0dafa83864d4accfb88d986a98c01c0da0b0784731d0d6fe0711305abd48,b05a02306fdf8f5288d9a03989e94829f9b690f02a5a578e0c79cba86cbe9f6f,a643f62d82e2a28f903663acade174fee38dbb8daecccea9dfcca80068c57ba8,
pilot,lotka_volterra_n100000,lotka_volterra,Lotka-Volterra,100000,1.0,threshold_50,prospective,2,50.0,2,0,306,2026-07-12T16:42:41.677870+00:00,0.0009102,0.0065485,True,False,1.0,0.0,125613,225613,False,False,886,0,0,0,1.0,0.0,0.00621110000000001,0.0,0.0,0.00033739999999998944,633b0dafa83864d4accfb88d986a98c01c0da0b0784731d0d6fe0711305abd48,b05a02306fdf8f5288d9a03989e94829f9b690f02a5a578e0c79cba86cbe9f6f,a643f62d82e2a28f903663acade174fee38dbb8daecccea9dfcca80068c57ba8,
pilot,lotka_volterra_n100000,lotka_volterra,Lotka-Volterra,100000,1.0,threshold_300,prospective,2,300.0,2,0,307,2026-07-12T16:42:41.677870+00:00,0.0014809,0.0022139,True,False,1.0,0.0,125501,225501,True,False,1,413,1,0,0.0006750634991922724,0.9993249365008077,1.53e-05,0.0020443999999999974,2.3e-06,0.00015190000000000255,c8913ecd91a34a11c33134d338e1043c61c356167fff934062f3385a3e5e6b7f,61c566b2d7120208423f1bf2378a29f1ef501af878818a52729764d9ebe4aa05,a643f62d82e2a28f903663acade174fee38dbb8daecccea9dfcca80068c57ba8,
pilot,lotka_volterra_n100000,lotka_volterra,Lotka-Volterra,100000,1.0,threshold_100,prospective,2,100.0,2,0,308,2026-07-12T16:42:41.693865+00:00,0.0012179,0.0066059,True,False,1.0,0.0,125613,225613,False,False,886,0,0,0,1.0,0.0,0.006266900000000013,0.0,0.0,0.0003389999999999869,633b0dafa83864d4accfb88d986a98c01c0da0b0784731d0d6fe0711305abd48,b05a02306fdf8f5288d9a03989e94829f9b690f02a5a578e0c79cba86cbe9f6f,a643f62d82e2a28f903663acade174fee38dbb8daecccea9dfcca80068c57ba8,
pilot,lotka_volterra_n100000,lotka_volterra,Lotka-Volterra,100000,1.0,forced_gillespie_after_initial_batch,prospective,2,1000000000000.0,2,0,309,2026-07-12T16:42:41.693865+00:00,0.0011768,0.0022157,True,False,1.0,0.0,125501,225501,True,False,1,413,1,0,0.0006750634991922724,0.9993249365008077,1.22e-05,0.002044799999999996,2.2e-06,0.0001565000000000043,c8913ecd91a34a11c33134d338e1043c61c356167fff934062f3385a3e5e6b7f,61c566b2d7120208423f1bf2378a29f1ef501af878818a52729764d9ebe4aa05,a643f62d82e2a28f903663acade174fee38dbb8daecccea9dfcca80068c57ba8,
pilot,lotka_volterra_n100000,lotka_volterra,Lotka-Volterra,100000,1.0,threshold_1000,prospective,2,1000.0,2,0,310,2026-07-12T16:42:41.693865+00:00,0.0015402,0.0022223,True,False,1.0,0.0,125501,225501,True,False,1,413,1,0,0.0006750634991922724,0.9993249365008077,1.63e-05,0.002050699999999995,2.2e-06,0.00015310000000000497,c8913ecd91a34a11c33134d338e1043c61c356167fff934062f3385a3e5e6b7f,61c566b2d7120208423f1bf2378a29f1ef501af878818a52729764d9ebe4aa05,a643f62d82e2a28f903663acade174fee38dbb8daecccea9dfcca80068c57ba8,
pilot,lotka_volterra_n100000,lotka_volterra,Lotka-Volterra,100000,1.0,threshold_2000,prospective,2,2000.0,2,0,311,2026-07-12T16:42:41.712203+00:00,0.0014748,0.0022223,True,False,1.0,0.0,125501,225501,True,False,1,413,1,0,0.0006750634991922724,0.9993249365008077,1.48e-05,0.0020504999999999968,1.9e-06,0.00015510000000000307,c8913ecd91a34a11c33134d338e1043c61c356167fff934062f3385a3e5e6b7f,61c566b2d7120208423f1bf2378a29f1ef501af878818a52729764d9ebe4aa05,a643f62d82e2a28f903663acade174fee38dbb8daecccea9dfcca80068c57ba8,
pilot,lotka_volterra_n100000,lotka_volterra,Lotka-Volterra,100000,1.0,threshold_500,prospective,2,500.0,2,0,312,2026-07-12T16:42:41.716200+00:00,0.0012334,0.0022382,True,False,1.0,0.0,125501,225501,True,False,1,413,1,0,0.0006750634991922724,0.9993249365008077,1.19e-05,0.002072299999999996,1.9e-06,0.00015210000000000397,c8913ecd91a34a11c33134d338e1043c61c356167fff934062f3385a3e5e6b7f,61c566b2d7120208423f1bf2378a29f1ef501af878818a52729764d9ebe4aa05,a643f62d82e2a28f903663acade174fee38dbb8daecccea9dfcca80068c57ba8,
pilot,lotka_volterra_n100000,lotka_volterra,Lotka-Volterra,100000,1.0,threshold_400,prospective,2,400.0,2,0,313,2026-07-12T16:42:41.720202+00:00,0.0013002,0.0022186,True,False,1.0,0.0,125501,225501,True,False,1,413,1,0,0.0006750634991922724,0.9993249365008077,1.43e-05,0.0020505999999999957,2.1e-06,0.0001516000000000039,c8913ecd91a34a11c33134d338e1043c61c356167fff934062f3385a3e5e6b7f,61c566b2d7120208423f1bf2378a29f1ef501af878818a52729764d9ebe4aa05,a643f62d82e2a28f903663acade174fee38dbb8daecccea9dfcca80068c57ba8,
pilot,lotka_volterra_n100000,lotka_volterra,Lotka-Volterra,100000,1.0,wallclock_timing,wallclock,0,,2,0,314,2026-07-12T16:42:41.723202+00:00,0.0016679,0.0048937,True,False,1.0,0.0,125391,225391,False,False,539,166,8,0,0.5937815629557723,0.40621843704422766,0.0038048999999999848,0.0008189000000000001,1.7599999999999998e-05,0.0002523000000000143,0cea03efc541eb154fb97ac5f22867df34300f396b764eca8d1caf7122b65eda,6b9042e744c3d13181b530f8fd85eee1a0710e646b6d719cd3a9653322e75569,a643f62d82e2a28f903663acade174fee38dbb8daecccea9dfcca80068c57ba8,
pilot,lotka_volterra_n100000,lotka_volterra,Lotka-Volterra,100000,1.0,threshold_1500,prospective,2,1500.0,2,0,315,2026-07-12T16:42:41.730713+00:00,0.001271,0.0022244,True,False,1.0,0.0,125501,225501,True,False,1,413,1,0,0.0006750634991922724,0.9993249365008077,1.23e-05,0.0020616999999999957,1.8e-06,0.00014860000000000437,c8913ecd91a34a11c33134d338e1043c61c356167fff934062f3385a3e5e6b7f,61c566b2d7120208423f1bf2378a29f1ef501af878818a52729764d9ebe4aa05,a643f62d82e2a28f903663acade174fee38dbb8daecccea9dfcca80068c57ba8,
pilot,lotka_volterra_n100000,lotka_volterra,Lotka-Volterra,100000,1.0,threshold_150,prospective,2,150.0,2,0,316,2026-07-12T16:42:41.734716+00:00,0.0014501,0.0026052,True,False,1.0,0.0,125469,225469,False,False,63,388,2,0,0.05532617597035844,0.9446738240296415,0.00047430000000000025,0.001954599999999996,7.6e-06,0.0001687000000000034,3da97f86355b524edc2d61b9de4bad63122841c6028df99e17edabe50a0ff03b,5cecc590a08b30efc64080bbe4c5479c1a49dfd414d5fccfe700e2a5931961f0,a643f62d82e2a28f903663acade174fee38dbb8daecccea9dfcca80068c57ba8,
pilot,lotka_volterra_n100000,lotka_volterra,Lotka-Volterra,100000,1.0,threshold_250,prospective,2,250.0,2,0,317,2026-07-12T16:42:41.738716+00:00,0.0024384,0.0027996,True,False,1.0,0.0,125501,225501,True,False,1,413,1,0,0.0006750634991922724,0.9993249365008077,2.11e-05,0.002559199999999996,2.8e-06,0.00021650000000000445,c8913ecd91a34a11c33134d338e1043c61c356167fff934062f3385a3e5e6b7f,61c566b2d7120208423f1bf2378a29f1ef501af878818a52729764d9ebe4aa05,a643f62d82e2a28f903663acade174fee38dbb8daecccea9dfcca80068c57ba8,
pilot,lotka_volterra_n100000,lotka_volterra,Lotka-Volterra,100000,1.0,threshold_200,prospective,2,200.0,2,0,318,2026-07-12T16:42:41.744459+00:00,0.0012185,0.0021961,True,False,1.0,0.0,125501,225501,True,False,1,413,1,0,0.0006750634991922724,0.9993249365008077,1.4e-05,0.0020321999999999966,2.3e-06,0.00014760000000000337,c8913ecd91a34a11c33134d338e1043c61c356167fff934062f3385a3e5e6b7f,61c566b2d7120208423f1bf2378a29f1ef501af878818a52729764d9ebe4aa05,a643f62d82e2a28f903663acade174fee38dbb8daecccea9dfcca80068c57ba8,
pilot,lotka_volterra_n100000,lotka_volterra,Lotka-Volterra,100000,1.0,forced_batch,prospective,2,0.0,2,0,319,2026-07-12T16:42:41.744459+00:00,0.0009952,0.0065924,True,False,1.0,0.0,125613,225613,False,False,886,0,0,0,1.0,0.0,0.006260000000000011,0.0,0.0,0.0003323999999999888,633b0dafa83864d4accfb88d986a98c01c0da0b0784731d0d6fe0711305abd48,b05a02306fdf8f5288d9a03989e94829f9b690f02a5a578e0c79cba86cbe9f6f,a643f62d82e2a28f903663acade174fee38dbb8daecccea9dfcca80068c57ba8,
pilot,lotka_volterra_n100000,lotka_volterra,Lotka-Volterra,100000,1.0,threshold_750,prospective,2,750.0,2,0,320,2026-07-12T16:42:41.744459+00:00,0.0009441,0.0023507,True,False,1.0,0.0,125501,225501,True,False,1,413,1,0,0.0006750634991922724,0.9993249365008077,1.03e-05,0.0021697999999999956,1.6e-06,0.00016900000000000422,c8913ecd91a34a11c33134d338e1043c61c356167fff934062f3385a3e5e6b7f,61c566b2d7120208423f1bf2378a29f1ef501af878818a52729764d9ebe4aa05,a643f62d82e2a28f903663acade174fee38dbb8daecccea9dfcca80068c57ba8,
pilot,lotka_volterra_n10000000,lotka_volterra,Lotka-Volterra,10000000,1.0,threshold_400,prospective,2,400.0,1,0,321,2026-07-12T16:42:41.758988+00:00,0.0013334,0.0784421,True,False,1.0,0.0,12594563,22594563,False,False,9313,0,0,0,1.0,0.0,0.07470030000000058,0.0,0.0,0.0037417999999994206,9450d17b9fc6b0839d248d7507a5a32c0ef949e0ebbd95a60d7ec96e9ae24627,3eaa8a2e22ba28a8f280a05549688e6e9a7bd68a9f842dafc7c06cbf9b2b458b,a643f62d82e2a28f903663acade174fee38dbb8daecccea9dfcca80068c57ba8,
pilot,lotka_volterra_n10000000,lotka_volterra,Lotka-Volterra,10000000,1.0,threshold_100,prospective,2,100.0,1,0,322,2026-07-12T16:42:41.835311+00:00,0.0018024,0.0754357,True,False,1.0,0.0,12594563,22594563,False,False,9313,0,0,0,1.0,0.0,0.071883500000001,0.0,0.0,0.0035521999999989923,9450d17b9fc6b0839d248d7507a5a32c0ef949e0ebbd95a60d7ec96e9ae24627,3eaa8a2e22ba28a8f280a05549688e6e9a7bd68a9f842dafc7c06cbf9b2b458b,a643f62d82e2a28f903663acade174fee38dbb8daecccea9dfcca80068c57ba8,
pilot,lotka_volterra_n10000000,lotka_volterra,Lotka-Volterra,10000000,1.0,threshold_50,prospective,2,50.0,1,0,323,2026-07-12T16:42:41.906141+00:00,0.0011935,0.0777715,True,False,1.0,0.0,12594563,22594563,False,False,9313,0,0,0,1.0,0.0,0.07393470000000066,0.0,0.0,0.003836799999999335,9450d17b9fc6b0839d248d7507a5a32c0ef949e0ebbd95a60d7ec96e9ae24627,3eaa8a2e22ba28a8f280a05549688e6e9a7bd68a9f842dafc7c06cbf9b2b458b,a643f62d82e2a28f903663acade174fee38dbb8daecccea9dfcca80068c57ba8,
pilot,lotka_volterra_n10000000,lotka_volterra,Lotka-Volterra,10000000,1.0,threshold_150,prospective,2,150.0,1,0,324,2026-07-12T16:42:41.993197+00:00,0.0012217,0.0941642,True,False,1.0,0.0,12594563,22594563,False,False,9313,0,0,0,1.0,0.0,0.0895217999999977,0.0,0.0,0.004642400000002309,9450d17b9fc6b0839d248d7507a5a32c0ef949e0ebbd95a60d7ec96e9ae24627,3eaa8a2e22ba28a8f280a05549688e6e9a7bd68a9f842dafc7c06cbf9b2b458b,a643f62d82e2a28f903663acade174fee38dbb8daecccea9dfcca80068c57ba8,
pilot,lotka_volterra_n10000000,lotka_volterra,Lotka-Volterra,10000000,1.0,wallclock_timing,wallclock,0,,1,0,325,2026-07-12T16:42:42.091011+00:00,0.0012194,0.0838704,True,False,1.0,0.0,12598718,22598718,False,False,9185,57,6,0,0.9859432633176708,0.01405673668232928,0.07723169999999956,0.0030425000000000014,3.39e-05,0.0035623000000004346,09235291efdc7aa59c020dfa0d35915f81a75f33224287f1acc5b4ca14789de6,e8b9abd59a5939720c8d1946d8087255615b9d02def482664a3aa83b1a6aba67,a643f62d82e2a28f903663acade174fee38dbb8daecccea9dfcca80068c57ba8,
pilot,lotka_volterra_n10000000,lotka_volterra,Lotka-Volterra,10000000,1.0,forced_gillespie_after_initial_batch,prospective,2,1000000000000.0,1,0,326,2026-07-12T16:42:42.163633+00:00,0.0026833,0.1995352,True,False,1.0,0.0,12604201,22604201,True,False,1,4122,1,0,6.024369273451684e-05,0.9999397563072655,2.19e-05,0.19774200000000058,3.1e-06,0.0017681999999994147,47f049e094a6b3cfe9970a7fdf9d704d6cbd4b017ef849c7bd92bbbf886c5295,a8b0d4041535877277262361bfa0e9df8ddfbc831c3522bb5461b9f5ec1c745d,a643f62d82e2a28f903663acade174fee38dbb8daecccea9dfcca80068c57ba8,
pilot,lotka_volterra_n10000000,lotka_volterra,Lotka-Volterra,10000000,1.0,forced_batch,prospective,2,0.0,1,0,327,2026-07-12T16:42:42.375633+00:00,0.0011709,0.0767893,True,False,1.0,0.0,12594563,22594563,False,False,9313,0,0,0,1.0,0.0,0.07313730000000057,0.0,0.0,0.0036519999999994335,9450d17b9fc6b0839d248d7507a5a32c0ef949e0ebbd95a60d7ec96e9ae24627,3eaa8a2e22ba28a8f280a05549688e6e9a7bd68a9f842dafc7c06cbf9b2b458b,a643f62d82e2a28f903663acade174fee38dbb8daecccea9dfcca80068c57ba8,
pilot,lotka_volterra_n10000000,lotka_volterra,Lotka-Volterra,10000000,1.0,threshold_1000,prospective,2,1000.0,1,0,328,2026-07-12T16:42:42.457153+00:00,0.0013346,0.0763257,True,False,1.0,0.0,12594563,22594563,False,False,9313,0,0,0,1.0,0.0,0.07266200000000103,0.0,0.0,0.003663699999998965,9450d17b9fc6b0839d248d7507a5a32c0ef949e0ebbd95a60d7ec96e9ae24627,3eaa8a2e22ba28a8f280a05549688e6e9a7bd68a9f842dafc7c06cbf9b2b458b,a643f62d82e2a28f903663acade174fee38dbb8daecccea9dfcca80068c57ba8,
pilot,lotka_volterra_n10000000,lotka_volterra,Lotka-Volterra,10000000,1.0,threshold_1500,prospective,2,1500.0,1,0,329,2026-07-12T16:42:42.525322+00:00,0.00121,0.1901118,True,False,1.0,0.0,12605279,22605279,False,False,697,3826,2,0,0.06665837725432758,0.9333416227456725,0.005507599999999992,0.1826944000000005,1.06e-05,0.0018991999999994902,426c5fd4e05bc3abccb540b2e36f3ab23283f0a24d91210674e377e8d106d527,be617bfec86a5d963684c521a71890adcced762d3a9eb2d58c0aa71bae71f60c,a643f62d82e2a28f903663acade174fee38dbb8daecccea9dfcca80068c57ba8,
pilot,lotka_volterra_n10000000,lotka_volterra,Lotka-Volterra,10000000,1.0,threshold_2000,prospective,2,2000.0,1,0,330,2026-07-12T16:42:42.725779+00:00,0.0011781,0.1999478,True,False,1.0,0.0,12604201,22604201,True,False,1,4122,1,0,6.024369273451684e-05,0.9999397563072655,1.37e-05,0.19806890000000046,2e-06,0.0018631999999995374,47f049e094a6b3cfe9970a7fdf9d704d6cbd4b017ef849c7bd92bbbf886c5295,a8b0d4041535877277262361bfa0e9df8ddfbc831c3522bb5461b9f5ec1c745d,a643f62d82e2a28f903663acade174fee38dbb8daecccea9dfcca80068c57ba8,
pilot,lotka_volterra_n10000000,lotka_volterra,Lotka-Volterra,10000000,1.0,threshold_200,prospective,2,200.0,1,0,331,2026-07-12T16:42:42.927468+00:00,0.0018106,0.0789879,True,False,1.0,0.0,12594563,22594563,False,False,9313,0,0,0,1.0,0.0,0.07521170000000067,0.0,0.0,0.0037761999999993273,9450d17b9fc6b0839d248d7507a5a32c0ef949e0ebbd95a60d7ec96e9ae24627,3eaa8a2e22ba28a8f280a05549688e6e9a7bd68a9f842dafc7c06cbf9b2b458b,a643f62d82e2a28f903663acade174fee38dbb8daecccea9dfcca80068c57ba8,
pilot,lotka_volterra_n10000000,lotka_volterra,Lotka-Volterra,10000000,1.0,threshold_750,prospective,2,750.0,1,0,332,2026-07-12T16:42:43.009594+00:00,0.0015562,0.0778868,True,False,1.0,0.0,12594563,22594563,False,False,9313,0,0,0,1.0,0.0,0.07418790000000122,0.0,0.0,0.0036988999999987837,9450d17b9fc6b0839d248d7507a5a32c0ef949e0ebbd95a60d7ec96e9ae24627,3eaa8a2e22ba28a8f280a05549688e6e9a7bd68a9f842dafc7c06cbf9b2b458b,a643f62d82e2a28f903663acade174fee38dbb8daecccea9dfcca80068c57ba8,
pilot,lotka_volterra_n10000000,lotka_volterra,Lotka-Volterra,10000000,1.0,threshold_300,prospective,2,300.0,1,0,333,2026-07-12T16:42:43.078245+00:00,0.0018748,0.0780768,True,False,1.0,0.0,12594563,22594563,False,False,9313,0,0,0,1.0,0.0,0.07428500000000154,0.0,0.0,0.0037917999999984575,9450d17b9fc6b0839d248d7507a5a32c0ef949e0ebbd95a60d7ec96e9ae24627,3eaa8a2e22ba28a8f280a05549688e6e9a7bd68a9f842dafc7c06cbf9b2b458b,a643f62d82e2a28f903663acade174fee38dbb8daecccea9dfcca80068c57ba8,
pilot,lotka_volterra_n10000000,lotka_volterra,Lotka-Volterra,10000000,1.0,threshold_20,prospective,2,20.0,1,0,334,2026-07-12T16:42:43.169369+00:00,0.0011901,0.0772341,True,False,1.0,0.0,12594563,22594563,False,False,9313,0,0,0,1.0,0.0,0.07353980000000108,0.0,0.0,0.003694299999998915,9450d17b9fc6b0839d248d7507a5a32c0ef949e0ebbd95a60d7ec96e9ae24627,3eaa8a2e22ba28a8f280a05549688e6e9a7bd68a9f842dafc7c06cbf9b2b458b,a643f62d82e2a28f903663acade174fee38dbb8daecccea9dfcca80068c57ba8,
pilot,lotka_volterra_n10000000,lotka_volterra,Lotka-Volterra,10000000,1.0,threshold_250,prospective,2,250.0,1,0,335,2026-07-12T16:42:43.248094+00:00,0.0012234,0.0799186,True,False,1.0,0.0,12594563,22594563,False,False,9313,0,0,0,1.0,0.0,0.07606800000000098,0.0,0.0,0.0038505999999990242,9450d17b9fc6b0839d248d7507a5a32c0ef949e0ebbd95a60d7ec96e9ae24627,3eaa8a2e22ba28a8f280a05549688e6e9a7bd68a9f842dafc7c06cbf9b2b458b,a643f62d82e2a28f903663acade174fee38dbb8daecccea9dfcca80068c57ba8,
pilot,lotka_volterra_n10000000,lotka_volterra,Lotka-Volterra,10000000,1.0,threshold_500,prospective,2,500.0,1,0,336,2026-07-12T16:42:43.329739+00:00,0.0011845,0.0764475,True,False,1.0,0.0,12594563,22594563,False,False,9313,0,0,0,1.0,0.0,0.0727900000000016,0.0,0.0,0.003657499999998398,9450d17b9fc6b0839d248d7507a5a32c0ef949e0ebbd95a60d7ec96e9ae24627,3eaa8a2e22ba28a8f280a05549688e6e9a7bd68a9f842dafc7c06cbf9b2b458b,a643f62d82e2a28f903663acade174fee38dbb8daecccea9dfcca80068c57ba8,
pilot,dimerization_n1e8,dimerization,Dimerization,100000000,0.5,threshold_150,prospective,2,150.0,2,1,337,2026-07-12T16:42:43.407419+00:00,0.0011387,0.1369813,True,False,0.5,0.0,79431082,129431082,False,False,15588,0,0,0,0.5,0.0,0.13191680000000008,0.0,0.0,0.005064499999999916,8b284d784cc3fdc0842632027eb193214d093aa4b1c55bdb547ada55eede0f10,8d4fef66ce6b4e4b3cd1e580571135a52536e133d92950296eab80d019797d00,a643f62d82e2a28f903663acade174fee38dbb8daecccea9dfcca80068c57ba8,
pilot,dimerization_n1e8,dimerization,Dimerization,100000000,0.5,forced_batch,prospective,2,0.0,2,1,338,2026-07-12T16:42:43.545118+00:00,0.0013105,0.1355834,True,False,0.5,0.0,79431082,129431082,False,False,15588,0,0,0,0.5,0.0,0.13061699999999965,0.0,0.0,0.004966400000000343,8b284d784cc3fdc0842632027eb193214d093aa4b1c55bdb547ada55eede0f10,8d4fef66ce6b4e4b3cd1e580571135a52536e133d92950296eab80d019797d00,a643f62d82e2a28f903663acade174fee38dbb8daecccea9dfcca80068c57ba8,
pilot,dimerization_n1e8,dimerization,Dimerization,100000000,0.5,threshold_50,prospective,2,50.0,2,1,339,2026-07-12T16:42:43.682612+00:00,0.0011101,0.133801,True,False,0.5,0.0,79431082,129431082,False,False,15588,0,0,0,0.5,0.0,0.12895739999999997,0.0,0.0,0.004843600000000031,8b284d784cc3fdc0842632027eb193214d093aa4b1c55bdb547ada55eede0f10,8d4fef66ce6b4e4b3cd1e580571135a52536e133d92950296eab80d019797d00,a643f62d82e2a28f903663acade174fee38dbb8daecccea9dfcca80068c57ba8,
pilot,dimerization_n1e8,dimerization,Dimerization,100000000,0.5,forced_gillespie_after_initial_batch,prospective,2,1000000000000.0,2,1,340,2026-07-12T16:42:43.817982+00:00,0.001144,0.4437692,True,False,0.5,0.0,79436784,129436784,True,False,1,2192,1,0,1.6279004793931407e-05,0.49998372099520605,1.39e-05,0.4428167999999987,1.9e-06,0.0009366000000012864,65c9a489f411ffb07b998cd70ff8cd0e8377fef79407d6a147a843fc9c3591e5,8000fb66dea954a29d7b752d13bf9020712c0003a98201d30d52eec0fa189bf2,a643f62d82e2a28f903663acade174fee38dbb8daecccea9dfcca80068c57ba8,
pilot,dimerization_n1e8,dimerization,Dimerization,100000000,0.5,threshold_300,prospective,2,300.0,2,1,341,2026-07-12T16:42:44.263283+00:00,0.001201,0.1343627,True,False,0.5,0.0,79431082,129431082,False,False,15588,0,0,0,0.5,0.0,0.1294361999999989,0.0,0.0,0.0049265000000011105,8b284d784cc3fdc0842632027eb193214d093aa4b1c55bdb547ada55eede0f10,8d4fef66ce6b4e4b3cd1e580571135a52536e133d92950296eab80d019797d00,a643f62d82e2a28f903663acade174fee38dbb8daecccea9dfcca80068c57ba8,
pilot,dimerization_n1e8,dimerization,Dimerization,100000000,0.5,threshold_20,prospective,2,20.0,2,1,342,2026-07-12T16:42:44.398834+00:00,0.0011248,0.1352892,True,False,0.5,0.0,79431082,129431082,False,False,15588,0,0,0,0.5,0.0,0.1303434999999985,0.0,0.0,0.004945700000001496,8b284d784cc3fdc0842632027eb193214d093aa4b1c55bdb547ada55eede0f10,8d4fef66ce6b4e4b3cd1e580571135a52536e133d92950296eab80d019797d00,a643f62d82e2a28f903663acade174fee38dbb8daecccea9dfcca80068c57ba8,
pilot,dimerization_n1e8,dimerization,Dimerization,100000000,0.5,threshold_100,prospective,2,100.0,2,1,343,2026-07-12T16:42:44.535330+00:00,0.0011087,0.134502,True,False,0.5,0.0,79431082,129431082,False,False,15588,0,0,0,0.5,0.0,0.12957019999999972,0.0,0.0,0.0049318000000002915,8b284d784cc3fdc0842632027eb193214d093aa4b1c55bdb547ada55eede0f10,8d4fef66ce6b4e4b3cd1e580571135a52536e133d92950296eab80d019797d00,a643f62d82e2a28f903663acade174fee38dbb8daecccea9dfcca80068c57ba8,
pilot,dimerization_n1e8,dimerization,Dimerization,100000000,0.5,threshold_250,prospective,2,250.0,2,1,344,2026-07-12T16:42:44.671516+00:00,0.0017296,0.1321231,True,False,0.5,0.0,79431082,129431082,False,False,15588,0,0,0,0.5,0.0,0.12743989999999922,0.0,0.0,0.004683200000000776,8b284d784cc3fdc0842632027eb193214d093aa4b1c55bdb547ada55eede0f10,8d4fef66ce6b4e4b3cd1e580571135a52536e133d92950296eab80d019797d00,a643f62d82e2a28f903663acade174fee38dbb8daecccea9dfcca80068c57ba8,
pilot,dimerization_n1e8,dimerization,Dimerization,100000000,0.5,threshold_2000,prospective,2,2000.0,2,1,345,2026-07-12T16:42:44.805500+00:00,0.0011261,0.4391268,True,False,0.5,0.0,79436784,129436784,True,False,1,2192,1,0,1.6279004793931407e-05,0.49998372099520605,1.23e-05,0.43825840000000016,1.9e-06,0.0008541999999998051,65c9a489f411ffb07b998cd70ff8cd0e8377fef79407d6a147a843fc9c3591e5,8000fb66dea954a29d7b752d13bf9020712c0003a98201d30d52eec0fa189bf2,a643f62d82e2a28f903663acade174fee38dbb8daecccea9dfcca80068c57ba8,
pilot,dimerization_n1e8,dimerization,Dimerization,100000000,0.5,threshold_200,prospective,2,200.0,2,1,346,2026-07-12T16:42:45.245765+00:00,0.001164,0.1445541,True,False,0.5,0.0,79431082,129431082,False,False,15588,0,0,0,0.5,0.0,0.1385503000000013,0.0,0.0,0.006003799999998699,8b284d784cc3fdc0842632027eb193214d093aa4b1c55bdb547ada55eede0f10,8d4fef66ce6b4e4b3cd1e580571135a52536e133d92950296eab80d019797d00,a643f62d82e2a28f903663acade174fee38dbb8daecccea9dfcca80068c57ba8,
pilot,dimerization_n1e8,dimerization,Dimerization,100000000,0.5,threshold_1500,prospective,2,1500.0,2,1,347,2026-07-12T16:42:45.386687+00:00,0.0012529,0.4561964,True,False,0.5,0.0,79436784,129436784,True,False,1,2192,1,0,1.6279004793931407e-05,0.49998372099520605,2.43e-05,0.45487919999999954,2e-06,0.0012909000000004833,65c9a489f411ffb07b998cd70ff8cd0e8377fef79407d6a147a843fc9c3591e5,8000fb66dea954a29d7b752d13bf9020712c0003a98201d30d52eec0fa189bf2,a643f62d82e2a28f903663acade174fee38dbb8daecccea9dfcca80068c57ba8,
pilot,dimerization_n1e8,dimerization,Dimerization,100000000,0.5,threshold_500,prospective,2,500.0,2,1,348,2026-07-12T16:42:45.849906+00:00,0.0012914,0.1329491,True,False,0.5,0.0,79431082,129431082,False,False,15588,0,0,0,0.5,0.0,0.12812889999999802,0.0,0.0,0.004820200000001967,8b284d784cc3fdc0842632027eb193214d093aa4b1c55bdb547ada55eede0f10,8d4fef66ce6b4e4b3cd1e580571135a52536e133d92950296eab80d019797d00,a643f62d82e2a28f903663acade174fee38dbb8daecccea9dfcca80068c57ba8,
pilot,dimerization_n1e8,dimerization,Dimerization,100000000,0.5,threshold_750,prospective,2,750.0,2,1,349,2026-07-12T16:42:45.984556+00:00,0.0011937,0.1347887,True,False,0.5,0.0,79431082,129431082,False,False,15588,0,0,0,0.5,0.0,0.1299254999999998,0.0,0.0,0.004863200000000206,8b284d784cc3fdc0842632027eb193214d093aa4b1c55bdb547ada55eede0f10,8d4fef66ce6b4e4b3cd1e580571135a52536e133d92950296eab80d019797d00,a643f62d82e2a28f903663acade174fee38dbb8daecccea9dfcca80068c57ba8,
pilot,dimerization_n1e8,dimerization,Dimerization,100000000,0.5,threshold_400,prospective,2,400.0,2,1,350,2026-07-12T16:42:46.112821+00:00,0.0011737,0.1349684,True,False,0.5,0.0,79431082,129431082,False,False,15588,0,0,0,0.5,0.0,0.1299820999999985,0.0,0.0,0.004986300000001498,8b284d784cc3fdc0842632027eb193214d093aa4b1c55bdb547ada55eede0f10,8d4fef66ce6b4e4b3cd1e580571135a52536e133d92950296eab80d019797d00,a643f62d82e2a28f903663acade174fee38dbb8daecccea9dfcca80068c57ba8,
pilot,dimerization_n1e8,dimerization,Dimerization,100000000,0.5,threshold_1000,prospective,2,1000.0,2,1,351,2026-07-12T16:42:46.249558+00:00,0.0011397,0.1456082,True,False,0.5,0.0,79431082,129431082,False,False,15588,0,0,0,0.5,0.0,0.13996860000000266,0.0,0.0,0.00563959999999733,8b284d784cc3fdc0842632027eb193214d093aa4b1c55bdb547ada55eede0f10,8d4fef66ce6b4e4b3cd1e580571135a52536e133d92950296eab80d019797d00,a643f62d82e2a28f903663acade174fee38dbb8daecccea9dfcca80068c57ba8,
pilot,dimerization_n1e8,dimerization,Dimerization,100000000,0.5,wallclock_timing,wallclock,0,,2,1,352,2026-07-12T16:42:46.401936+00:00,0.001144,0.1364628,True,False,0.5,0.0,79430798,129430798,False,False,15556,4,4,0,0.4991282088062931,0.0008717911937068902,0.13108830000000032,0.0009324,1.77e-05,0.004424399999999662,d72d39293c379509d98959eda9a82dc66eec0325913919f86fc6282dca9e31d2,d8d44ead9ddc58d91af27669efd77fe9676aee7c9178033964819ecaa4dbdd88,a643f62d82e2a28f903663acade174fee38dbb8daecccea9dfcca80068c57ba8,
pilot,dimerization_n1e8,dimerization,Dimerization,100000000,0.5,threshold_1000,prospective,2,1000.0,1,0,353,2026-07-12T16:42:46.542674+00:00,0.0011595,0.1338057,True,False,0.5,0.0,79432405,129432405,False,False,15571,0,0,0,0.5,0.0,0.12894550000000043,0.0,0.0,0.004860199999999565,b9f2f93bc56408e1b5c42a9bd68b8aae02607f9440df24d3decfc58ac2b42c11,8707b4282b3cce1d046846d6402890b21f8d4280e7022587526324783d2086f9,a643f62d82e2a28f903663acade174fee38dbb8daecccea9dfcca80068c57ba8,
pilot,dimerization_n1e8,dimerization,Dimerization,100000000,0.5,forced_gillespie_after_initial_batch,prospective,2,1000000000000.0,1,0,354,2026-07-12T16:42:46.677894+00:00,0.0014724,0.4535625,True,False,0.5,0.0,79434247,129434247,True,False,1,2192,1,0,1.4542085010390812e-05,0.4999854579149896,1.37e-05,0.4523362999999997,1.8e-06,0.0012107000000002865,1435e26f405329455b144ae2e08d6c30f57ad4d36a6198f2c8d1577db05e9432,94beb45f26bde256ba3c514c05e8e3cd6b25d931f9951a56eab5c90a1f2a5232,a643f62d82e2a28f903663acade174fee38dbb8daecccea9dfcca80068c57ba8,
pilot,dimerization_n1e8,dimerization,Dimerization,100000000,0.5,threshold_500,prospective,2,500.0,1,0,355,2026-07-12T16:42:47.132615+00:00,0.0011978,0.1328357,True,False,0.5,0.0,79432405,129432405,False,False,15571,0,0,0,0.5,0.0,0.12808489999999867,0.0,0.0,0.004750800000001332,b9f2f93bc56408e1b5c42a9bd68b8aae02607f9440df24d3decfc58ac2b42c11,8707b4282b3cce1d046846d6402890b21f8d4280e7022587526324783d2086f9,a643f62d82e2a28f903663acade174fee38dbb8daecccea9dfcca80068c57ba8,
pilot,dimerization_n1e8,dimerization,Dimerization,100000000,0.5,threshold_150,prospective,2,150.0,1,0,356,2026-07-12T16:42:47.264319+00:00,0.0011455,0.1358705,True,False,0.5,0.0,79432405,129432405,False,False,15571,0,0,0,0.5,0.0,0.1308821999999996,0.0,0.0,0.004988300000000417,b9f2f93bc56408e1b5c42a9bd68b8aae02607f9440df24d3decfc58ac2b42c11,8707b4282b3cce1d046846d6402890b21f8d4280e7022587526324783d2086f9,a643f62d82e2a28f903663acade174fee38dbb8daecccea9dfcca80068c57ba8,
pilot,dimerization_n1e8,dimerization,Dimerization,100000000,0.5,threshold_50,prospective,2,50.0,1,0,357,2026-07-12T16:42:47.403311+00:00,0.002151,0.1366235,True,False,0.5,0.0,79432405,129432405,False,False,15571,0,0,0,0.5,0.0,0.13165839999999765,0.0,0.0,0.004965100000002359,b9f2f93bc56408e1b5c42a9bd68b8aae02607f9440df24d3decfc58ac2b42c11,8707b4282b3cce1d046846d6402890b21f8d4280e7022587526324783d2086f9,a643f62d82e2a28f903663acade174fee38dbb8daecccea9dfcca80068c57ba8,
pilot,dimerization_n1e8,dimerization,Dimerization,100000000,0.5,threshold_1500,prospective,2,1500.0,1,0,358,2026-07-12T16:42:47.542841+00:00,0.0011344,0.4562827,True,False,0.5,0.0,79434247,129434247,True,False,1,2192,1,0,1.4542085010390812e-05,0.4999854579149896,1.26e-05,0.45530440000000066,1.7e-06,0.0009639999999993543,1435e26f405329455b144ae2e08d6c30f57ad4d36a6198f2c8d1577db05e9432,94beb45f26bde256ba3c514c05e8e3cd6b25d931f9951a56eab5c90a1f2a5232,a643f62d82e2a28f903663acade174fee38dbb8daecccea9dfcca80068c57ba8,
pilot,dimerization_n1e8,dimerization,Dimerization,100000000,0.5,threshold_2000,prospective,2,2000.0,1,0,359,2026-07-12T16:42:47.998254+00:00,0.0011616,0.4583798,True,False,0.5,0.0,79434247,129434247,True,False,1,2192,1,0,1.4542085010390812e-05,0.4999854579149896,1.47e-05,0.4571470000000002,1.6e-06,0.0012164999999998427,1435e26f405329455b144ae2e08d6c30f57ad4d36a6198f2c8d1577db05e9432,94beb45f26bde256ba3c514c05e8e3cd6b25d931f9951a56eab5c90a1f2a5232,a643f62d82e2a28f903663acade174fee38dbb8daecccea9dfcca80068c57ba8,
pilot,dimerization_n1e8,dimerization,Dimerization,100000000,0.5,threshold_250,prospective,2,250.0,1,0,360,2026-07-12T16:42:48.460848+00:00,0.0013696,0.1353706,True,False,0.5,0.0,79432405,129432405,False,False,15571,0,0,0,0.5,0.0,0.13043939999999968,0.0,0.0,0.00493120000000033,b9f2f93bc56408e1b5c42a9bd68b8aae02607f9440df24d3decfc58ac2b42c11,8707b4282b3cce1d046846d6402890b21f8d4280e7022587526324783d2086f9,a643f62d82e2a28f903663acade174fee38dbb8daecccea9dfcca80068c57ba8,
pilot,dimerization_n1e8,dimerization,Dimerization,100000000,0.5,threshold_200,prospective,2,200.0,1,0,361,2026-07-12T16:42:48.598012+00:00,0.0013982,0.1322819,True,False,0.5,0.0,79432405,129432405,False,False,15571,0,0,0,0.5,0.0,0.12743059999999895,0.0,0.0,0.0048513000000010575,b9f2f93bc56408e1b5c42a9bd68b8aae02607f9440df24d3decfc58ac2b42c11,8707b4282b3cce1d046846d6402890b21f8d4280e7022587526324783d2086f9,a643f62d82e2a28f903663acade174fee38dbb8daecccea9dfcca80068c57ba8,
pilot,dimerization_n1e8,dimerization,Dimerization,100000000,0.5,wallclock_timing,wallclock,0,,1,0,362,2026-07-12T16:42:48.731955+00:00,0.001441,0.1379056,True,False,0.5,0.0,79432800,129432800,False,False,15560,4,4,0,0.4991286053918845,0.0008713946081155407,0.1324005000000003,0.0009018,1.6599999999999997e-05,0.004586699999999666,aff6ecc403373db1c66539b80fa3e01888201fcedd29574c9990a77dfe2e55d9,5ffaa58cae8abaa763bdb4f2fb7e49e4f89beef1bb2a5ce5b0b83b8d30b39dd5,a643f62d82e2a28f903663acade174fee38dbb8daecccea9dfcca80068c57ba8,
pilot,dimerization_n1e8,dimerization,Dimerization,100000000,0.5,forced_batch,prospective,2,0.0,1,0,363,2026-07-12T16:42:48.871435+00:00,0.0011262,0.1424945,True,False,0.5,0.0,79432405,129432405,False,False,15571,0,0,0,0.5,0.0,0.13724999999999898,0.0,0.0,0.005244500000001012,b9f2f93bc56408e1b5c42a9bd68b8aae02607f9440df24d3decfc58ac2b42c11,8707b4282b3cce1d046846d6402890b21f8d4280e7022587526324783d2086f9,a643f62d82e2a28f903663acade174fee38dbb8daecccea9dfcca80068c57ba8,
pilot,dimerization_n1e8,dimerization,Dimerization,100000000,0.5,threshold_300,prospective,2,300.0,1,0,364,2026-07-12T16:42:49.015119+00:00,0.0013945,0.1412346,True,False,0.5,0.0,79432405,129432405,False,False,15571,0,0,0,0.5,0.0,0.13609719999999922,0.0,0.0,0.005137400000000764,b9f2f93bc56408e1b5c42a9bd68b8aae02607f9440df24d3decfc58ac2b42c11,8707b4282b3cce1d046846d6402890b21f8d4280e7022587526324783d2086f9,a643f62d82e2a28f903663acade174fee38dbb8daecccea9dfcca80068c57ba8,
pilot,dimerization_n1e8,dimerization,Dimerization,100000000,0.5,threshold_20,prospective,2,20.0,1,0,365,2026-07-12T16:42:49.158130+00:00,0.0015597,0.1427227,True,False,0.5,0.0,79432405,129432405,False,False,15571,0,0,0,0.5,0.0,0.1370079999999999,0.0,0.0,0.0057147000000001,b9f2f93bc56408e1b5c42a9bd68b8aae02607f9440df24d3decfc58ac2b42c11,8707b4282b3cce1d046846d6402890b21f8d4280e7022587526324783d2086f9,a643f62d82e2a28f903663acade174fee38dbb8daecccea9dfcca80068c57ba8,
pilot,dimerization_n1e8,dimerization,Dimerization,100000000,0.5,threshold_400,prospective,2,400.0,1,0,366,2026-07-12T16:42:49.302259+00:00,0.0010987,0.132156,True,False,0.5,0.0,79432405,129432405,False,False,15571,0,0,0,0.5,0.0,0.1273652999999992,0.0,0.0,0.004790700000000786,b9f2f93bc56408e1b5c42a9bd68b8aae02607f9440df24d3decfc58ac2b42c11,8707b4282b3cce1d046846d6402890b21f8d4280e7022587526324783d2086f9,a643f62d82e2a28f903663acade174fee38dbb8daecccea9dfcca80068c57ba8,
pilot,dimerization_n1e8,dimerization,Dimerization,100000000,0.5,threshold_750,prospective,2,750.0,1,0,367,2026-07-12T16:42:49.433423+00:00,0.0010999,0.1320432,True,False,0.5,0.0,79432405,129432405,False,False,15571,0,0,0,0.5,0.0,0.127272499999999,0.0,0.0,0.004770700000000988,b9f2f93bc56408e1b5c42a9bd68b8aae02607f9440df24d3decfc58ac2b42c11,8707b4282b3cce1d046846d6402890b21f8d4280e7022587526324783d2086f9,a643f62d82e2a28f903663acade174fee38dbb8daecccea9dfcca80068c57ba8,
pilot,dimerization_n1e8,dimerization,Dimerization,100000000,0.5,threshold_100,prospective,2,100.0,1,0,368,2026-07-12T16:42:49.564702+00:00,0.0010734,0.1345334,True,False,0.5,0.0,79432405,129432405,False,False,15571,0,0,0,0.5,0.0,0.12971269999999893,0.0,0.0,0.004820700000001066,b9f2f93bc56408e1b5c42a9bd68b8aae02607f9440df24d3decfc58ac2b42c11,8707b4282b3cce1d046846d6402890b21f8d4280e7022587526324783d2086f9,a643f62d82e2a28f903663acade174fee38dbb8daecccea9dfcca80068c57ba8,
pilot,lotka_volterra_n100000,lotka_volterra,Lotka-Volterra,100000,1.0,threshold_50,prospective,2,50.0,1,1,369,2026-07-12T16:42:49.704585+00:00,0.0018219,0.0071599,True,False,1.0,0.0,126336,226336,False,False,930,0,0,0,1.0,0.0,0.006788000000000008,0.0,0.0,0.0003718999999999927,b1b69abc2305eba1b0155cf8d733c26da28fcadb923306c6b6678733f513cf50,355fb33e92c774dec5957b70586978907614911f154cccdf8c32848300c637df,a643f62d82e2a28f903663acade174fee38dbb8daecccea9dfcca80068c57ba8,
pilot,lotka_volterra_n100000,lotka_volterra,Lotka-Volterra,100000,1.0,threshold_400,prospective,2,400.0,1,1,370,2026-07-12T16:42:49.714347+00:00,0.0019939,0.0022259,True,False,1.0,0.0,125908,225908,True,False,1,412,1,0,0.0006302871363178732,0.9993697128636821,1.74e-05,0.0020511999999999974,3.6e-06,0.0001537000000000027,da47a0a06cf4bfffda23f97005c41772671a748460e6e62803ce4006587b77de,4e223527f89646b3641250f49b5d51f0bfc32e7da685c9651ffb3a1a12b73f24,a643f62d82e2a28f903663acade174fee38dbb8daecccea9dfcca80068c57ba8,
pilot,lotka_volterra_n100000,lotka_volterra,Lotka-Volterra,100000,1.0,threshold_2000,prospective,2,2000.0,1,1,371,2026-07-12T16:42:49.714347+00:00,0.0010716,0.0022094,True,False,1.0,0.0,125908,225908,True,False,1,412,1,0,0.0006302871363178732,0.9993697128636821,1.1e-05,0.002043699999999995,1.6e-06,0.00015310000000000453,da47a0a06cf4bfffda23f97005c41772671a748460e6e62803ce4006587b77de,4e223527f89646b3641250f49b5d51f0bfc32e7da685c9651ffb3a1a12b73f24,a643f62d82e2a28f903663acade174fee38dbb8daecccea9dfcca80068c57ba8,
pilot,lotka_volterra_n100000,lotka_volterra,Lotka-Volterra,100000,1.0,wallclock_timing,wallclock,0,,1,1,372,2026-07-12T16:42:49.714347+00:00,0.000966,0.0049382,True,False,1.0,0.0,125750,225750,True,False,542,172,5,0,0.5950622054769358,0.4049377945230642,0.00382339999999999,0.0008627999999999997,8.8e-06,0.00024320000000001112,3600330b6815e62671047c235bed751f5a07a8ffc4c469b6b9bde8987b93003a,efda12d62a5c871bbc7ed52cfac9328d4d78ba045fff1d84060174ca05e6259b,a643f62d82e2a28f903663acade174fee38dbb8daecccea9dfcca80068c57ba8,
pilot,lotka_volterra_n100000,lotka_volterra,Lotka-Volterra,100000,1.0,threshold_1000,prospective,2,1000.0,1,1,373,2026-07-12T16:42:49.714347+00:00,0.0012004,0.0029618,True,False,1.0,0.0,125908,225908,True,False,1,412,1,0,0.0006302871363178732,0.9993697128636821,3.28e-05,0.0027254999999999975,2.2e-06,0.00020130000000000278,da47a0a06cf4bfffda23f97005c41772671a748460e6e62803ce4006587b77de,4e223527f89646b3641250f49b5d51f0bfc32e7da685c9651ffb3a1a12b73f24,a643f62d82e2a28f903663acade174fee38dbb8daecccea9dfcca80068c57ba8,
pilot,lotka_volterra_n100000,lotka_volterra,Lotka-Volterra,100000,1.0,threshold_200,prospective,2,200.0,1,1,374,2026-07-12T16:42:49.732593+00:00,0.0011971,0.0029135,True,False,1.0,0.0,125908,225908,True,False,1,412,1,0,0.0006302871363178732,0.9993697128636821,1.37e-05,0.002702999999999999,2e-06,0.00019480000000000105,da47a0a06cf4bfffda23f97005c41772671a748460e6e62803ce4006587b77de,4e223527f89646b3641250f49b5d51f0bfc32e7da685c9651ffb3a1a12b73f24,a643f62d82e2a28f903663acade174fee38dbb8daecccea9dfcca80068c57ba8,
pilot,lotka_volterra_n100000,lotka_volterra,Lotka-Volterra,100000,1.0,threshold_150,prospective,2,150.0,1,1,375,2026-07-12T16:42:49.732593+00:00,0.0011215,0.0025319,True,False,1.0,0.0,125914,225914,False,False,63,388,2,0,0.05451304751736854,0.9454869524826315,0.00044710000000000013,0.001906599999999997,6.4e-06,0.00017180000000000277,a74653eacb2554389e775c96a7fd176f45e1f406a506a2fcccf40a25a4663f9a,aba880c1183230c597ad02878078722ffc5147b318f444e548e4395c1bbbc2f0,a643f62d82e2a28f903663acade174fee38dbb8daecccea9dfcca80068c57ba8,
pilot,lotka_volterra_n100000,lotka_volterra,Lotka-Volterra,100000,1.0,threshold_300,prospective,2,300.0,1,1,376,2026-07-12T16:42:49.739251+00:00,0.0011923,0.0022044,True,False,1.0,0.0,125908,225908,True,False,1,412,1,0,0.0006302871363178732,0.9993697128636821,1.22e-05,0.0020398999999999977,2e-06,0.00015030000000000251,da47a0a06cf4bfffda23f97005c41772671a748460e6e62803ce4006587b77de,4e223527f89646b3641250f49b5d51f0bfc32e7da685c9651ffb3a1a12b73f24,a643f62d82e2a28f903663acade174fee38dbb8daecccea9dfcca80068c57ba8,
pilot,lotka_volterra_n100000,lotka_volterra,Lotka-Volterra,100000,1.0,forced_gillespie_after_initial_batch,prospective,2,1000000000000.0,1,1,377,2026-07-12T16:42:49.743380+00:00,0.0010195,0.0022948,True,False,1.0,0.0,125908,225908,True,False,1,412,1,0,0.0006302871363178732,0.9993697128636821,1.18e-05,0.0021122999999999953,1.7e-06,0.00016900000000000465,da47a0a06cf4bfffda23f97005c41772671a748460e6e62803ce4006587b77de,4e223527f89646b3641250f49b5d51f0bfc32e7da685c9651ffb3a1a12b73f24,a643f62d82e2a28f903663acade174fee38dbb8daecccea9dfcca80068c57ba8,
pilot,lotka_volterra_n100000,lotka_volterra,Lotka-Volterra,100000,1.0,threshold_250,prospective,2,250.0,1,1,378,2026-07-12T16:42:49.748569+00:00,0.0014416,0.0022493,True,False,1.0,0.0,125908,225908,True,False,1,412,1,0,0.0006302871363178732,0.9993697128636821,1.54e-05,0.0020453999999999967,1.9e-06,0.00018660000000000334,da47a0a06cf4bfffda23f97005c41772671a748460e6e62803ce4006587b77de,4e223527f89646b3641250f49b5d51f0bfc32e7da685c9651ffb3a1a12b73f24,a643f62d82e2a28f903663acade174fee38dbb8daecccea9dfcca80068c57ba8,
pilot,lotka_volterra_n100000,lotka_volterra,Lotka-Volterra,100000,1.0,threshold_1500,prospective,2,1500.0,1,1,379,2026-07-12T16:42:49.751229+00:00,0.0010986,0.0022179,True,False,1.0,0.0,125908,225908,True,False,1,412,1,0,0.0006302871363178732,0.9993697128636821,1.33e-05,0.002050399999999998,1.7e-06,0.00015250000000000246,da47a0a06cf4bfffda23f97005c41772671a748460e6e62803ce4006587b77de,4e223527f89646b3641250f49b5d51f0bfc32e7da685c9651ffb3a1a12b73f24,a643f62d82e2a28f903663acade174fee38dbb8daecccea9dfcca80068c57ba8,
pilot,lotka_volterra_n100000,lotka_volterra,Lotka-Volterra,100000,1.0,threshold_100,prospective,2,100.0,1,1,380,2026-07-12T16:42:49.751229+00:00,0.001079,0.006896,True,False,1.0,0.0,126336,226336,False,False,930,0,0,0,1.0,0.0,0.006536400000000022,0.0,0.0,0.00035959999999997817,b1b69abc2305eba1b0155cf8d733c26da28fcadb923306c6b6678733f513cf50,355fb33e92c774dec5957b70586978907614911f154cccdf8c32848300c637df,a643f62d82e2a28f903663acade174fee38dbb8daecccea9dfcca80068c57ba8,
pilot,lotka_volterra_n100000,lotka_volterra,Lotka-Volterra,100000,1.0,threshold_750,prospective,2,750.0,1,1,381,2026-07-12T16:42:49.758112+00:00,0.001462,0.0022769,True,False,1.0,0.0,125908,225908,True,False,1,412,1,0,0.0006302871363178732,0.9993697128636821,1.39e-05,0.002091999999999996,2.2e-06,0.0001688000000000041,da47a0a06cf4bfffda23f97005c41772671a748460e6e62803ce4006587b77de,4e223527f89646b3641250f49b5d51f0bfc32e7da685c9651ffb3a1a12b73f24,a643f62d82e2a28f903663acade174fee38dbb8daecccea9dfcca80068c57ba8,
pilot,lotka_volterra_n100000,lotka_volterra,Lotka-Volterra,100000,1.0,forced_batch,prospective,2,0.0,1,1,382,2026-07-12T16:42:49.765923+00:00,0.0012113,0.0069212,True,False,1.0,0.0,126336,226336,False,False,930,0,0,0,1.0,0.0,0.00656050000000001,0.0,0.0,0.00036069999999998985,b1b69abc2305eba1b0155cf8d733c26da28fcadb923306c6b6678733f513cf50,355fb33e92c774dec5957b70586978907614911f154cccdf8c32848300c637df,a643f62d82e2a28f903663acade174fee38dbb8daecccea9dfcca80068c57ba8,
pilot,lotka_volterra_n100000,lotka_volterra,Lotka-Volterra,100000,1.0,threshold_20,prospective,2,20.0,1,1,383,2026-07-12T16:42:49.775030+00:00,0.0012156,0.0071238,True,False,1.0,0.0,126336,226336,False,False,930,0,0,0,1.0,0.0,0.0067420999999999965,0.0,0.0,0.00038170000000000304,b1b69abc2305eba1b0155cf8d733c26da28fcadb923306c6b6678733f513cf50,355fb33e92c774dec5957b70586978907614911f154cccdf8c32848300c637df,a643f62d82e2a28f903663acade174fee38dbb8daecccea9dfcca80068c57ba8,
pilot,lotka_volterra_n100000,lotka_volterra,Lotka-Volterra,100000,1.0,threshold_500,prospective,2,500.0,1,1,384,2026-07-12T16:42:49.782647+00:00,0.0012285,0.0022455,True,False,1.0,0.0,125908,225908,True,False,1,412,1,0,0.0006302871363178732,0.9993697128636821,1.39e-05,0.0020743999999999975,2.3e-06,0.00015490000000000295,da47a0a06cf4bfffda23f97005c41772671a748460e6e62803ce4006587b77de,4e223527f89646b3641250f49b5d51f0bfc32e7da685c9651ffb3a1a12b73f24,a643f62d82e2a28f903663acade174fee38dbb8daecccea9dfcca80068c57ba8,
pilot,dimerization_n1e8,dimerization,Dimerization,100000000,0.5,threshold_250,prospective,2,250.0,1,1,385,2026-07-12T16:42:49.788915+00:00,0.0010615,0.1331219,True,False,0.5,0.0,79432405,129432405,False,False,15571,0,0,0,0.5,0.0,0.12820929999999991,0.0,0.0,0.0049126000000000725,b9f2f93bc56408e1b5c42a9bd68b8aae02607f9440df24d3decfc58ac2b42c11,8707b4282b3cce1d046846d6402890b21f8d4280e7022587526324783d2086f9,a643f62d82e2a28f903663acade174fee38dbb8daecccea9dfcca80068c57ba8,
pilot,dimerization_n1e8,dimerization,Dimerization,100000000,0.5,threshold_1000,prospective,2,1000.0,1,1,386,2026-07-12T16:42:49.919213+00:00,0.0017657,0.1333744,True,False,0.5,0.0,79432405,129432405,False,False,15571,0,0,0,0.5,0.0,0.1284783999999981,0.0,0.0,0.004896000000001899,b9f2f93bc56408e1b5c42a9bd68b8aae02607f9440df24d3decfc58ac2b42c11,8707b4282b3cce1d046846d6402890b21f8d4280e7022587526324783d2086f9,a643f62d82e2a28f903663acade174fee38dbb8daecccea9dfcca80068c57ba8,
pilot,dimerization_n1e8,dimerization,Dimerization,100000000,0.5,wallclock_timing,wallclock,0,,1,1,387,2026-07-12T16:42:50.053263+00:00,0.0011114,0.1317493,True,False,0.5,0.0,79432800,129432800,False,False,15560,4,4,0,0.4991286053918845,0.0008713946081155407,0.1263826999999978,0.0010544999999999999,1.5099999999999998e-05,0.004297000000002216,aff6ecc403373db1c66539b80fa3e01888201fcedd29574c9990a77dfe2e55d9,5ffaa58cae8abaa763bdb4f2fb7e49e4f89beef1bb2a5ce5b0b83b8d30b39dd5,a643f62d82e2a28f903663acade174fee38dbb8daecccea9dfcca80068c57ba8,
pilot,dimerization_n1e8,dimerization,Dimerization,100000000,0.5,threshold_750,prospective,2,750.0,1,1,388,2026-07-12T16:42:50.183381+00:00,0.0011203,0.132345,True,False,0.5,0.0,79432405,129432405,False,False,15571,0,0,0,0.5,0.0,0.12760409999999653,0.0,0.0,0.004740900000003462,b9f2f93bc56408e1b5c42a9bd68b8aae02607f9440df24d3decfc58ac2b42c11,8707b4282b3cce1d046846d6402890b21f8d4280e7022587526324783d2086f9,a643f62d82e2a28f903663acade174fee38dbb8daecccea9dfcca80068c57ba8,
pilot,dimerization_n1e8,dimerization,Dimerization,100000000,0.5,threshold_50,prospective,2,50.0,1,1,389,2026-07-12T16:42:50.319405+00:00,0.0011144,0.1329206,True,False,0.5,0.0,79432405,129432405,False,False,15571,0,0,0,0.5,0.0,0.12806209999999738,0.0,0.0,0.004858500000002625,b9f2f93bc56408e1b5c42a9bd68b8aae02607f9440df24d3decfc58ac2b42c11,8707b4282b3cce1d046846d6402890b21f8d4280e7022587526324783d2086f9,a643f62d82e2a28f903663acade174fee38dbb8daecccea9dfcca80068c57ba8,
pilot,dimerization_n1e8,dimerization,Dimerization,100000000,0.5,forced_gillespie_after_initial_batch,prospective,2,1000000000000.0,1,1,390,2026-07-12T16:42:50.457769+00:00,0.001102,0.4384293,True,False,0.5,0.0,79434247,129434247,True,False,1,2192,1,0,1.4542085010390812e-05,0.4999854579149896,1.18e-05,0.43760610000000005,1.9e-06,0.000809499999999963,1435e26f405329455b144ae2e08d6c30f57ad4d36a6198f2c8d1577db05e9432,94beb45f26bde256ba3c514c05e8e3cd6b25d931f9951a56eab5c90a1f2a5232,a643f62d82e2a28f903663acade174fee38dbb8daecccea9dfcca80068c57ba8,
pilot,dimerization_n1e8,dimerization,Dimerization,100000000,0.5,threshold_150,prospective,2,150.0,1,1,391,2026-07-12T16:42:50.885049+00:00,0.0014038,0.1334428,True,False,0.5,0.0,79432405,129432405,False,False,15571,0,0,0,0.5,0.0,0.12854249999999837,0.0,0.0,0.004900300000001634,b9f2f93bc56408e1b5c42a9bd68b8aae02607f9440df24d3decfc58ac2b42c11,8707b4282b3cce1d046846d6402890b21f8d4280e7022587526324783d2086f9,a643f62d82e2a28f903663acade174fee38dbb8daecccea9dfcca80068c57ba8,
pilot,dimerization_n1e8,dimerization,Dimerization,100000000,0.5,threshold_100,prospective,2,100.0,1,1,392,2026-07-12T16:42:51.035068+00:00,0.0013061,0.1318596,True,False,0.5,0.0,79432405,129432405,False,False,15571,0,0,0,0.5,0.0,0.1270402999999975,0.0,0.0,0.004819300000002497,b9f2f93bc56408e1b5c42a9bd68b8aae02607f9440df24d3decfc58ac2b42c11,8707b4282b3cce1d046846d6402890b21f8d4280e7022587526324783d2086f9,a643f62d82e2a28f903663acade174fee38dbb8daecccea9dfcca80068c57ba8,
pilot,dimerization_n1e8,dimerization,Dimerization,100000000,0.5,threshold_20,prospective,2,20.0,1,1,393,2026-07-12T16:42:51.158776+00:00,0.0011301,0.1294024,True,False,0.5,0.0,79432405,129432405,False,False,15571,0,0,0,0.5,0.0,0.12483649999999741,0.0,0.0,0.004565900000002593,b9f2f93bc56408e1b5c42a9bd68b8aae02607f9440df24d3decfc58ac2b42c11,8707b4282b3cce1d046846d6402890b21f8d4280e7022587526324783d2086f9,a643f62d82e2a28f903663acade174fee38dbb8daecccea9dfcca80068c57ba8,
pilot,dimerization_n1e8,dimerization,Dimerization,100000000,0.5,threshold_200,prospective,2,200.0,1,1,394,2026-07-12T16:42:51.299196+00:00,0.0012303,0.1309914,True,False,0.5,0.0,79432405,129432405,False,False,15571,0,0,0,0.5,0.0,0.12626769999999762,0.0,0.0,0.004723700000002384,b9f2f93bc56408e1b5c42a9bd68b8aae02607f9440df24d3decfc58ac2b42c11,8707b4282b3cce1d046846d6402890b21f8d4280e7022587526324783d2086f9,a643f62d82e2a28f903663acade174fee38dbb8daecccea9dfcca80068c57ba8,
pilot,dimerization_n1e8,dimerization,Dimerization,100000000,0.5,threshold_2000,prospective,2,2000.0,1,1,395,2026-07-12T16:42:51.431634+00:00,0.0011644,0.445016,True,False,0.5,0.0,79434247,129434247,True,False,1,2192,1,0,1.4542085010390812e-05,0.4999854579149896,2.11e-05,0.4441293999999998,2.4e-06,0.0008631000000002276,1435e26f405329455b144ae2e08d6c30f57ad4d36a6198f2c8d1577db05e9432,94beb45f26bde256ba3c514c05e8e3cd6b25d931f9951a56eab5c90a1f2a5232,a643f62d82e2a28f903663acade174fee38dbb8daecccea9dfcca80068c57ba8,
pilot,dimerization_n1e8,dimerization,Dimerization,100000000,0.5,threshold_400,prospective,2,400.0,1,1,396,2026-07-12T16:42:51.873088+00:00,0.0011377,0.1306324,True,False,0.5,0.0,79432405,129432405,False,False,15571,0,0,0,0.5,0.0,0.12595399999999807,0.0,0.0,0.004678400000001942,b9f2f93bc56408e1b5c42a9bd68b8aae02607f9440df24d3decfc58ac2b42c11,8707b4282b3cce1d046846d6402890b21f8d4280e7022587526324783d2086f9,a643f62d82e2a28f903663acade174fee38dbb8daecccea9dfcca80068c57ba8,
pilot,dimerization_n1e8,dimerization,Dimerization,100000000,0.5,threshold_1500,prospective,2,1500.0,1,1,397,2026-07-12T16:42:52.010177+00:00,0.0017934,0.4575451,True,False,0.5,0.0,79434247,129434247,True,False,1,2192,1,0,1.4542085010390812e-05,0.4999854579149896,1.54e-05,0.4563700999999996,2.6e-06,0.0011570000000003522,1435e26f405329455b144ae2e08d6c30f57ad4d36a6198f2c8d1577db05e9432,94beb45f26bde256ba3c514c05e8e3cd6b25d931f9951a56eab5c90a1f2a5232,a643f62d82e2a28f903663acade174fee38dbb8daecccea9dfcca80068c57ba8,
pilot,dimerization_n1e8,dimerization,Dimerization,100000000,0.5,forced_batch,prospective,2,0.0,1,1,398,2026-07-12T16:42:52.469947+00:00,0.001102,0.1331646,True,False,0.5,0.0,79432405,129432405,False,False,15571,0,0,0,0.5,0.0,0.12848339999999767,0.0,0.0,0.004681200000002328,b9f2f93bc56408e1b5c42a9bd68b8aae02607f9440df24d3decfc58ac2b42c11,8707b4282b3cce1d046846d6402890b21f8d4280e7022587526324783d2086f9,a643f62d82e2a28f903663acade174fee38dbb8daecccea9dfcca80068c57ba8,
pilot,dimerization_n1e8,dimerization,Dimerization,100000000,0.5,threshold_500,prospective,2,500.0,1,1,399,2026-07-12T16:42:52.603640+00:00,0.001126,0.1337117,True,False,0.5,0.0,79432405,129432405,False,False,15571,0,0,0,0.5,0.0,0.1288944999999982,0.0,0.0,0.004817200000001798,b9f2f93bc56408e1b5c42a9bd68b8aae02607f9440df24d3decfc58ac2b42c11,8707b4282b3cce1d046846d6402890b21f8d4280e7022587526324783d2086f9,a643f62d82e2a28f903663acade174fee38dbb8daecccea9dfcca80068c57ba8,
pilot,dimerization_n1e8,dimerization,Dimerization,100000000,0.5,threshold_300,prospective,2,300.0,1,1,400,2026-07-12T16:42:52.739025+00:00,0.0011012,0.133216,True,False,0.5,0.0,79432405,129432405,False,False,15571,0,0,0,0.5,0.0,0.1285283999999973,0.0,0.0,0.004687600000002706,b9f2f93bc56408e1b5c42a9bd68b8aae02607f9440df24d3decfc58ac2b42c11,8707b4282b3cce1d046846d6402890b21f8d4280e7022587526324783d2086f9,a643f62d82e2a28f903663acade174fee38dbb8daecccea9dfcca80068c57ba8,
pilot,lotka_volterra_n10000000,lotka_volterra,Lotka-Volterra,10000000,1.0,threshold_1000,prospective,2,1000.0,3,1,401,2026-07-12T16:42:52.874290+00:00,0.0019376,0.0768413,True,False,1.0,0.0,12600002,22600002,False,False,9267,0,0,0,1.0,0.0,0.07321630000000112,0.0,0.0,0.003624999999998879,1d4b7d3db74ca51413316f6b240d76f93ca894ff94727da91e0cca5773bdb5df,ece5b0b353483d98f5e6b7a9ddbfac59c80c777911d2503835f85a2df60c6d59,a643f62d82e2a28f903663acade174fee38dbb8daecccea9dfcca80068c57ba8,
pilot,lotka_volterra_n10000000,lotka_volterra,Lotka-Volterra,10000000,1.0,threshold_20,prospective,2,20.0,3,1,402,2026-07-12T16:42:52.953100+00:00,0.0012435,0.0791994,True,False,1.0,0.0,12600002,22600002,False,False,9267,0,0,0,1.0,0.0,0.0754515000000003,0.0,0.0,0.003747899999999707,1d4b7d3db74ca51413316f6b240d76f93ca894ff94727da91e0cca5773bdb5df,ece5b0b353483d98f5e6b7a9ddbfac59c80c777911d2503835f85a2df60c6d59,a643f62d82e2a28f903663acade174fee38dbb8daecccea9dfcca80068c57ba8,
pilot,lotka_volterra_n10000000,lotka_volterra,Lotka-Volterra,10000000,1.0,threshold_400,prospective,2,400.0,3,1,403,2026-07-12T16:42:53.019500+00:00,0.0023802,0.0784422,True,False,1.0,0.0,12600002,22600002,False,False,9267,0,0,0,1.0,0.0,0.07464240000000087,0.0,0.0,0.0037997999999991316,1d4b7d3db74ca51413316f6b240d76f93ca894ff94727da91e0cca5773bdb5df,ece5b0b353483d98f5e6b7a9ddbfac59c80c777911d2503835f85a2df60c6d59,a643f62d82e2a28f903663acade174fee38dbb8daecccea9dfcca80068c57ba8,
pilot,lotka_volterra_n10000000,lotka_volterra,Lotka-Volterra,10000000,1.0,threshold_1500,prospective,2,1500.0,3,1,404,2026-07-12T16:42:53.114421+00:00,0.0012115,0.1933697,True,False,1.0,0.0,12602322,22602322,False,False,692,3831,2,0,0.06549639847294639,0.9345036015270536,0.005466599999999989,0.18575340000000043,9.8e-06,0.002139899999999584,0d09a7ec8ad52acf2a8d1937a3cab0a32958e373a6281cb5c115dfebab81c794,bda762c38bdb5f9aee661b28bf5c40bf3eb4a5cd6f4b93d0540a755e1b882af6,a643f62d82e2a28f903663acade174fee38dbb8daecccea9dfcca80068c57ba8,
pilot,lotka_volterra_n10000000,lotka_volterra,Lotka-Volterra,10000000,1.0,forced_batch,prospective,2,0.0,3,1,405,2026-07-12T16:42:53.309811+00:00,0.0014236,0.0790792,True,False,1.0,0.0,12600002,22600002,False,False,9267,0,0,0,1.0,0.0,0.07534930000000095,0.0,0.0,0.0037298999999990506,1d4b7d3db74ca51413316f6b240d76f93ca894ff94727da91e0cca5773bdb5df,ece5b0b353483d98f5e6b7a9ddbfac59c80c777911d2503835f85a2df60c6d59,a643f62d82e2a28f903663acade174fee38dbb8daecccea9dfcca80068c57ba8,
pilot,lotka_volterra_n10000000,lotka_volterra,Lotka-Volterra,10000000,1.0,threshold_50,prospective,2,50.0,3,1,406,2026-07-12T16:42:53.390259+00:00,0.0013603,0.0769275,True,False,1.0,0.0,12600002,22600002,False,False,9267,0,0,0,1.0,0.0,0.07329790000000112,0.0,0.0,0.0036295999999988726,1d4b7d3db74ca51413316f6b240d76f93ca894ff94727da91e0cca5773bdb5df,ece5b0b353483d98f5e6b7a9ddbfac59c80c777911d2503835f85a2df60c6d59,a643f62d82e2a28f903663acade174fee38dbb8daecccea9dfcca80068c57ba8,
pilot,lotka_volterra_n10000000,lotka_volterra,Lotka-Volterra,10000000,1.0,threshold_750,prospective,2,750.0,3,1,407,2026-07-12T16:42:53.469259+00:00,0.0020768,0.0776054,True,False,1.0,0.0,12600002,22600002,False,False,9267,0,0,0,1.0,0.0,0.07376500000000087,0.0,0.0,0.0038403999999991334,1d4b7d3db74ca51413316f6b240d76f93ca894ff94727da91e0cca5773bdb5df,ece5b0b353483d98f5e6b7a9ddbfac59c80c777911d2503835f85a2df60c6d59,a643f62d82e2a28f903663acade174fee38dbb8daecccea9dfcca80068c57ba8,
pilot,lotka_volterra_n10000000,lotka_volterra,Lotka-Volterra,10000000,1.0,threshold_150,prospective,2,150.0,3,1,408,2026-07-12T16:42:53.548764+00:00,0.0011793,0.0783236,True,False,1.0,0.0,12600002,22600002,False,False,9267,0,0,0,1.0,0.0,0.07457060000000128,0.0,0.0,0.0037529999999987157,1d4b7d3db74ca51413316f6b240d76f93ca894ff94727da91e0cca5773bdb5df,ece5b0b353483d98f5e6b7a9ddbfac59c80c777911d2503835f85a2df60c6d59,a643f62d82e2a28f903663acade174fee38dbb8daecccea9dfcca80068c57ba8,
pilot,lotka_volterra_n10000000,lotka_volterra,Lotka-Volterra,10000000,1.0,threshold_500,prospective,2,500.0,3,1,409,2026-07-12T16:42:53.629271+00:00,0.0011756,0.0769524,True,False,1.0,0.0,12600002,22600002,False,False,9267,0,0,0,1.0,0.0,0.07323980000000127,0.0,0.0,0.0037125999999987336,1d4b7d3db74ca51413316f6b240d76f93ca894ff94727da91e0cca5773bdb5df,ece5b0b353483d98f5e6b7a9ddbfac59c80c777911d2503835f85a2df60c6d59,a643f62d82e2a28f903663acade174fee38dbb8daecccea9dfcca80068c57ba8,
pilot,lotka_volterra_n10000000,lotka_volterra,Lotka-Volterra,10000000,1.0,threshold_100,prospective,2,100.0,3,1,410,2026-07-12T16:42:53.707780+00:00,0.0012085,0.0785266,True,False,1.0,0.0,12600002,22600002,False,False,9267,0,0,0,1.0,0.0,0.07480260000000061,0.0,0.0,0.0037239999999993945,1d4b7d3db74ca51413316f6b240d76f93ca894ff94727da91e0cca5773bdb5df,ece5b0b353483d98f5e6b7a9ddbfac59c80c777911d2503835f85a2df60c6d59,a643f62d82e2a28f903663acade174fee38dbb8daecccea9dfcca80068c57ba8,
pilot,lotka_volterra_n10000000,lotka_volterra,Lotka-Volterra,10000000,1.0,wallclock_timing,wallclock,0,,3,1,411,2026-07-12T16:42:53.787306+00:00,0.0015271,0.0793624,True,False,1.0,0.0,12598952,22598952,True,False,9110,57,5,0,0.9872563743147335,0.012743625685266474,0.07315840000000136,0.0028275000000000006,2.52e-05,0.0033512999999986415,dda32b4661a3491869e440cb31cc68af1a5e7a0469845289424c4a17af2af31e,e6839b7cf27e4e45967e9c0530e08b43f7baa31c5edc3678de6a4e77f08bbd89,a643f62d82e2a28f903663acade174fee38dbb8daecccea9dfcca80068c57ba8,
pilot,lotka_volterra_n10000000,lotka_volterra,Lotka-Volterra,10000000,1.0,threshold_300,prospective,2,300.0,3,1,412,2026-07-12T16:42:53.868953+00:00,0.0023962,0.0788496,True,False,1.0,0.0,12600002,22600002,False,False,9267,0,0,0,1.0,0.0,0.0750803000000009,0.0,0.0,0.003769299999999101,1d4b7d3db74ca51413316f6b240d76f93ca894ff94727da91e0cca5773bdb5df,ece5b0b353483d98f5e6b7a9ddbfac59c80c777911d2503835f85a2df60c6d59,a643f62d82e2a28f903663acade174fee38dbb8daecccea9dfcca80068c57ba8,
pilot,lotka_volterra_n10000000,lotka_volterra,Lotka-Volterra,10000000,1.0,threshold_250,prospective,2,250.0,3,1,413,2026-07-12T16:42:53.950574+00:00,0.0018216,0.0782228,True,False,1.0,0.0,12600002,22600002,False,False,9267,0,0,0,1.0,0.0,0.0744138000000009,0.0,0.0,0.003808999999999091,1d4b7d3db74ca51413316f6b240d76f93ca894ff94727da91e0cca5773bdb5df,ece5b0b353483d98f5e6b7a9ddbfac59c80c777911d2503835f85a2df60c6d59,a643f62d82e2a28f903663acade174fee38dbb8daecccea9dfcca80068c57ba8,
pilot,lotka_volterra_n10000000,lotka_volterra,Lotka-Volterra,10000000,1.0,threshold_200,prospective,2,200.0,3,1,414,2026-07-12T16:42:54.031089+00:00,0.0012056,0.0923673,True,False,1.0,0.0,12600002,22600002,False,False,9267,0,0,0,1.0,0.0,0.08768739999999856,0.0,0.0,0.004679900000001444,1d4b7d3db74ca51413316f6b240d76f93ca894ff94727da91e0cca5773bdb5df,ece5b0b353483d98f5e6b7a9ddbfac59c80c777911d2503835f85a2df60c6d59,a643f62d82e2a28f903663acade174fee38dbb8daecccea9dfcca80068c57ba8,
pilot,lotka_volterra_n10000000,lotka_volterra,Lotka-Volterra,10000000,1.0,threshold_2000,prospective,2,2000.0,3,1,415,2026-07-12T16:42:54.124818+00:00,0.0012274,0.2118689,True,False,1.0,0.0,12604299,22604299,True,False,1,4121,1,0,0.00022471977823577266,0.9997752802217642,1.42e-05,0.20984200000000006,2.2e-06,0.002010499999999943,8e48c3a3b6c0b0a45eccd1eacb5df71af91035f51bd7224f5c92546a18f4a065,e355ed4b484f7acfd9fd8b3f3800f92ade9b2a2d11a99426233f712afc144cf9,a643f62d82e2a28f903663acade174fee38dbb8daecccea9dfcca80068c57ba8,
pilot,lotka_volterra_n10000000,lotka_volterra,Lotka-Volterra,10000000,1.0,forced_gillespie_after_initial_batch,prospective,2,1000000000000.0,3,1,416,2026-07-12T16:42:54.337998+00:00,0.0011797,0.1961927,True,False,1.0,0.0,12604299,22604299,True,False,1,4121,1,0,0.00022471977823577266,0.9997752802217642,1.5e-05,0.19451950000000084,1.5e-06,0.0016566999999991783,8e48c3a3b6c0b0a45eccd1eacb5df71af91035f51bd7224f5c92546a18f4a065,e355ed4b484f7acfd9fd8b3f3800f92ade9b2a2d11a99426233f712afc144cf9,a643f62d82e2a28f903663acade174fee38dbb8daecccea9dfcca80068c57ba8,
pilot,shrinking_no_b_decay_n2e6,shrinking,Shrinking no B decay,2000000,0.1,threshold_400,prospective,2,400.0,2,0,417,2026-07-12T16:42:54.535613+00:00,0.0011632,0.0170426,True,False,0.1,0.0,807144,4807144,True,False,102,1008,1,0,0.000365906658753721,0.09963409334124627,0.0005666000000000007,0.016111099999999996,2.1e-06,0.0003628000000000034,e63e60e6f709751aeff8f9a396c3959d328b64b27ee8275fbdd975296f4e3cb4,c496478e6686a48e35453ae93875230b73ca2c34be3ef6676c163e3d4a563572,a643f62d82e2a28f903663acade174fee38dbb8daecccea9dfcca80068c57ba8,
pilot,shrinking_no_b_decay_n2e6,shrinking,Shrinking no B decay,2000000,0.1,threshold_300,prospective,2,300.0,2,0,418,2026-07-12T16:42:54.553612+00:00,0.0011735,0.0166921,True,False,0.1,0.0,807028,4111950,True,False,1158,727,1,2,0.004248465041315752,0.09575153495868426,0.005866900000000009,0.01028089999999998,1.4e-06,0.0005429000000000128,0c42f8f558159259d2774776a470d80d9f48255fda71a3334a4ee3075f78cf86,a9b49b456b109776abf04490630107b5bc0cc232a50b98fb531ec793743c9828,a643f62d82e2a28f903663acade174fee38dbb8daecccea9dfcca80068c57ba8,
pilot,shrinking_no_b_decay_n2e6,shrinking,Shrinking no B decay,2000000,0.1,wallclock_timing,wallclock,0,,2,0,419,2026-07-12T16:42:54.571614+00:00,0.001086,0.0173751,True,False,0.1,0.0,807013,3933591,True,False,1386,673,3,2,0.005158036286356499,0.0948419637136435,0.00712210000000002,0.009676499999999992,5.3e-06,0.0005711999999999905,74e865db48e54c3175b7e13d42d6d8d04a804c6973913f86879893b42eb1c416,a343291d37c58f94a783f504bced136ee0a80d6f752333206a7308174f8373e6,a643f62d82e2a28f903663acade174fee38dbb8daecccea9dfcca80068c57ba8,
pilot,shrinking_no_b_decay_n2e6,shrinking,Shrinking no B decay,2000000,0.1,threshold_500,prospective,2,500.0,2,0,420,2026-07-12T16:42:54.591125+00:00,0.0011616,0.0168454,True,False,0.1,0.0,807199,4807199,True,False,1,1038,1,0,1.9967005262320962e-06,0.09999800329947378,1.46e-05,0.016504099999999976,1.9e-06,0.0003248000000000244,c98fe6c07d9d9c5813276b15a5643c679b01176cbb5bdfb352618f5455f58037,a6eb6994c34d693fbc20c8151098f54371b1392d48e7feafc2cd18864aa67f27,a643f62d82e2a28f903663acade174fee38dbb8daecccea9dfcca80068c57ba8,
pilot,shrinking_no_b_decay_n2e6,shrinking,Shrinking no B decay,2000000,0.1,threshold_250,prospective,2,250.0,2,0,421,2026-07-12T16:42:54.609119+00:00,0.0011399,0.0186485,True,False,0.1,0.0,807062,3811140,True,False,1750,593,1,3,0.006605150530881967,0.09339484946911804,0.009350799999999979,0.0085326,2.3e-06,0.0007628000000000183,23a65ce5412317dd0f5196dea1da8ad42441b607f074cbe8388fe1b1f21c6855,fc611407a64ab1ff97140e07c768227edf2391c3415bc8900327611cf39c1103,a643f62d82e2a28f903663acade174fee38dbb8daecccea9dfcca80068c57ba8,
pilot,shrinking_no_b_decay_n2e6,shrinking,Shrinking no B decay,2000000,0.1,threshold_200,prospective,2,200.0,2,0,422,2026-07-12T16:42:54.629181+00:00,0.0016154,0.0193813,True,False,0.1,0.0,807078,3537424,True,False,2400,464,1,4,0.009365271067642202,0.0906347289323578,0.012314299999999855,0.006173200000000001,2.4e-06,0.0008914000000001462,7fc49194828e48c3978dfe91743b444379f4b729e39d8fbe34c305f416465baf,448b5b9514b40c3795870fe999a22bf071da75fa0714f0758789b01452c5f161,a643f62d82e2a28f903663acade174fee38dbb8daecccea9dfcca80068c57ba8,
pilot,shrinking_no_b_decay_n2e6,shrinking,Shrinking no B decay,2000000,0.1,threshold_1500,prospective,2,1500.0,2,0,423,2026-07-12T16:42:54.651200+00:00,0.0018748,0.0165574,True,False,0.1,0.0,807199,4807199,True,False,1,1038,1,0,1.9967005262320962e-06,0.09999800329947378,1.91e-05,0.01617229999999999,1.9e-06,0.00036410000000000955,c98fe6c07d9d9c5813276b15a5643c679b01176cbb5bdfb352618f5455f58037,a6eb6994c34d693fbc20c8151098f54371b1392d48e7feafc2cd18864aa67f27,a643f62d82e2a28f903663acade174fee38dbb8daecccea9dfcca80068c57ba8,
pilot,shrinking_no_b_decay_n2e6,shrinking,Shrinking no B decay,2000000,0.1,threshold_100,prospective,2,100.0,2,0,424,2026-07-12T16:42:54.669196+00:00,0.0016686,0.025721,True,False,0.1,0.0,807044,2858328,True,False,4179,224,1,7,0.017398291271323457,0.08260170872867655,0.0215781999999998,0.0027827999999999985,2.2e-06,0.0013578000000002005,04c02121a34c35e39eef380fed0b10f1f0964608a853097695a3864a1460ed07,5e87e496249b99d12c4dd7bc141ac07d6625d8e9fc3cfc46ba3e81980d841121,a643f62d82e2a28f903663acade174fee38dbb8daecccea9dfcca80068c57ba8,
pilot,shrinking_no_b_decay_n2e6,shrinking,Shrinking no B decay,2000000,0.1,threshold_750,prospective,2,750.0,2,0,425,2026-07-12T16:42:54.697699+00:00,0.0011628,0.016466,True,False,0.1,0.0,807199,4807199,True,False,1,1038,1,0,1.9967005262320962e-06,0.09999800329947378,1.37e-05,0.016120599999999978,1.7e-06,0.0003300000000000247,c98fe6c07d9d9c5813276b15a5643c679b01176cbb5bdfb352618f5455f58037,a6eb6994c34d693fbc20c8151098f54371b1392d48e7feafc2cd18864aa67f27,a643f62d82e2a28f903663acade174fee38dbb8daecccea9dfcca80068c57ba8,
pilot,shrinking_no_b_decay_n2e6,shrinking,Shrinking no B decay,2000000,0.1,threshold_50,prospective,2,50.0,2,0,426,2026-07-12T16:42:54.715698+00:00,0.0011391,0.034059,True,False,0.1,0.0,807072,2671758,True,False,5660,110,1,8,0.024871130384881826,0.07512886961511818,0.03036769999999958,0.001755100000000001,2.5e-06,0.0019337000000004129,3a014c36175dd05c2400784a6ea6d9e7bee872b2a1079bac97e28a26444da080,7f771b1cf10e5763d0ac1990edba320fdb4e4300216297df7abd1355e8868f34,a643f62d82e2a28f903663acade174fee38dbb8daecccea9dfcca80068c57ba8,
pilot,shrinking_no_b_decay_n2e6,shrinking,Shrinking no B decay,2000000,0.1,forced_batch,prospective,2,0.0,2,0,427,2026-07-12T16:42:54.750698+00:00,0.0012736,0.1017824,True,False,0.1,0.0,807068,2502216,False,False,19741,0,0,9,0.1,0.0,0.0954815000000039,0.0,0.0,0.0063008999999960985,8593d10a9355a90458c7c52b47ea9f7c65aa0131c6f36e38d625b668f93695b6,df2d201cb7a372171d518c627f47d70ea6b3768c78920e8af2cb05e408230685,a643f62d82e2a28f903663acade174fee38dbb8daecccea9dfcca80068c57ba8,
pilot,shrinking_no_b_decay_n2e6,shrinking,Shrinking no B decay,2000000,0.1,forced_gillespie_after_initial_batch,prospective,2,1000000000000.0,2,0,428,2026-07-12T16:42:54.853771+00:00,0.0016031,0.0165263,True,False,0.1,0.0,807199,4807199,True,False,1,1038,1,0,1.9967005262320962e-06,0.09999800329947378,1.46e-05,0.016164300000000027,2.2e-06,0.0003451999999999726,c98fe6c07d9d9c5813276b15a5643c679b01176cbb5bdfb352618f5455f58037,a6eb6994c34d693fbc20c8151098f54371b1392d48e7feafc2cd18864aa67f27,a643f62d82e2a28f903663acade174fee38dbb8daecccea9dfcca80068c57ba8,
pilot,shrinking_no_b_decay_n2e6,shrinking,Shrinking no B decay,2000000,0.1,threshold_20,prospective,2,20.0,2,0,429,2026-07-12T16:42:54.872690+00:00,0.0011526,0.0397848,True,False,0.1,0.0,807050,2502198,True,False,7477,45,1,9,0.03433893620968082,0.06566106379031919,0.03695830000000029,0.0005139000000000001,2.2e-06,0.0023103999999997127,03753ce33598ac212e72937867ae8a7e8b8677772a40433fad7b38a283aee1b9,c44f5e0e3c7fd0dcc1c1706d8cf5b127d6eb014bff2b3128e7a1802a0c66478d,a643f62d82e2a28f903663acade174fee38dbb8daecccea9dfcca80068c57ba8,
pilot,shrinking_no_b_decay_n2e6,shrinking,Shrinking no B decay,2000000,0.1,threshold_2000,prospective,2,2000.0,2,0,430,2026-07-12T16:42:54.914086+00:00,0.0012997,0.0166943,True,False,0.1,0.0,807199,4807199,True,False,1,1038,1,0,1.9967005262320962e-06,0.09999800329947378,1.44e-05,0.016341100000000032,1.6e-06,0.0003371999999999646,c98fe6c07d9d9c5813276b15a5643c679b01176cbb5bdfb352618f5455f58037,a6eb6994c34d693fbc20c8151098f54371b1392d48e7feafc2cd18864aa67f27,a643f62d82e2a28f903663acade174fee38dbb8daecccea9dfcca80068c57ba8,
pilot,shrinking_no_b_decay_n2e6,shrinking,Shrinking no B decay,2000000,0.1,threshold_1000,prospective,2,1000.0,2,0,431,2026-07-12T16:42:54.931538+00:00,0.0015318,0.0168856,True,False,0.1,0.0,807199,4807199,True,False,1,1038,1,0,1.9967005262320962e-06,0.09999800329947378,1.56e-05,0.016521900000000003,1.9e-06,0.0003461999999999979,c98fe6c07d9d9c5813276b15a5643c679b01176cbb5bdfb352618f5455f58037,a6eb6994c34d693fbc20c8151098f54371b1392d48e7feafc2cd18864aa67f27,a643f62d82e2a28f903663acade174fee38dbb8daecccea9dfcca80068c57ba8,
pilot,shrinking_no_b_decay_n2e6,shrinking,Shrinking no B decay,2000000,0.1,threshold_150,prospective,2,150.0,2,0,432,2026-07-12T16:42:54.950538+00:00,0.0016116,0.0226442,True,False,0.1,0.0,807017,3289113,True,False,3189,341,1,5,0.012791612487734791,0.08720838751226521,0.016972499999999745,0.004515199999999999,2.1e-06,0.0011544000000002566,532849e4d53ab8e67204f3b0cc80aad88d2cf9ce0730157aeefa5b9160c1635d,651ee4466c7254cc8b77388a5fd6c5425a566a35ccbec607d3d8cafc65b895e6,a643f62d82e2a28f903663acade174fee38dbb8daecccea9dfcca80068c57ba8,
pilot,lotka_volterra_n100000,lotka_volterra,Lotka-Volterra,100000,1.0,threshold_500,prospective,2,500.0,3,1,433,2026-07-12T16:42:54.975530+00:00,0.0011907,0.0022394,True,False,1.0,0.0,125994,225994,True,False,1,412,1,0,0.0023041603359655826,0.9976958396640344,1.49e-05,0.0020316999999999952,2.1e-06,0.00019070000000000458,796328d23a175c1e981b37f1357d016d7f6d41803a9b0613d04443deaf02fda5,40c2f77c0fba4c9b9825e0917d93807556a79ca8569c3a2749c79f5db6a201df,a643f62d82e2a28f903663acade174fee38dbb8daecccea9dfcca80068c57ba8,
pilot,lotka_volterra_n100000,lotka_volterra,Lotka-Volterra,100000,1.0,forced_gillespie_after_initial_batch,prospective,2,1000000000000.0,3,1,434,2026-07-12T16:42:54.978544+00:00,0.0010923,0.0022207,True,False,1.0,0.0,125994,225994,True,False,1,412,1,0,0.0023041603359655826,0.9976958396640344,1.33e-05,0.0020522999999999965,1.3e-06,0.0001538000000000034,796328d23a175c1e981b37f1357d016d7f6d41803a9b0613d04443deaf02fda5,40c2f77c0fba4c9b9825e0917d93807556a79ca8569c3a2749c79f5db6a201df,a643f62d82e2a28f903663acade174fee38dbb8daecccea9dfcca80068c57ba8,
pilot,lotka_volterra_n100000,lotka_volterra,Lotka-Volterra,100000,1.0,threshold_100,prospective,2,100.0,3,1,435,2026-07-12T16:42:54.982553+00:00,0.0014607,0.0074669,True,False,1.0,0.0,125601,225601,False,False,923,0,0,0,1.0,0.0,0.007073200000000023,0.0,0.0,0.0003936999999999769,564d291dcbf6328af327cfb6697e0ea9c13ca66b0e76c0492f93dfe21368357e,31220a502dfbcf51052f8b042ae8fd89ec2cd50707731ad48fb494194f7143f4,a643f62d82e2a28f903663acade174fee38dbb8daecccea9dfcca80068c57ba8,
pilot,lotka_volterra_n100000,lotka_volterra,Lotka-Volterra,100000,1.0,threshold_250,prospective,2,250.0,3,1,436,2026-07-12T16:42:54.991806+00:00,0.0012057,0.0021988,True,False,1.0,0.0,125994,225994,True,False,1,412,1,0,0.0023041603359655826,0.9976958396640344,1.29e-05,0.0020317999999999955,2.4e-06,0.00015170000000000418,796328d23a175c1e981b37f1357d016d7f6d41803a9b0613d04443deaf02fda5,40c2f77c0fba4c9b9825e0917d93807556a79ca8569c3a2749c79f5db6a201df,a643f62d82e2a28f903663acade174fee38dbb8daecccea9dfcca80068c57ba8,
pilot,lotka_volterra_n100000,lotka_volterra,Lotka-Volterra,100000,1.0,threshold_300,prospective,2,300.0,3,1,437,2026-07-12T16:42:54.994806+00:00,0.0016437,0.0022482,True,False,1.0,0.0,125994,225994,True,False,1,412,1,0,0.0023041603359655826,0.9976958396640344,1.68e-05,0.0020712999999999955,2.8e-06,0.00015730000000000475,796328d23a175c1e981b37f1357d016d7f6d41803a9b0613d04443deaf02fda5,40c2f77c0fba4c9b9825e0917d93807556a79ca8569c3a2749c79f5db6a201df,a643f62d82e2a28f903663acade174fee38dbb8daecccea9dfcca80068c57ba8,
pilot,lotka_volterra_n100000,lotka_volterra,Lotka-Volterra,100000,1.0,wallclock_timing,wallclock,0,,3,1,438,2026-07-12T16:42:54.998806+00:00,0.0012356,0.0037877,True,False,1.0,0.0,126105,226105,True,False,278,286,11,0,0.32002976467001104,0.679970235329989,0.0021054999999999984,0.0014333999999999977,2.7000000000000002e-05,0.0002218000000000042,a5c06dc63ee38b0c419bfe90b15ec64577f69cf8d2f3f13014709d867e8d06bd,0417d246dc358b0a477186a03536d25ff5ce7dcb5b36a2c3d1732c1e7433a29c,a643f62d82e2a28f903663acade174fee38dbb8daecccea9dfcca80068c57ba8,
pilot,lotka_volterra_n100000,lotka_volterra,Lotka-Volterra,100000,1.0,threshold_20,prospective,2,20.0,3,1,439,2026-07-12T16:42:55.004209+00:00,0.0013903,0.0073883,True,False,1.0,0.0,125601,225601,False,False,923,0,0,0,1.0,0.0,0.006969100000000011,0.0,0.0,0.00041919999999998937,564d291dcbf6328af327cfb6697e0ea9c13ca66b0e76c0492f93dfe21368357e,31220a502dfbcf51052f8b042ae8fd89ec2cd50707731ad48fb494194f7143f4,a643f62d82e2a28f903663acade174fee38dbb8daecccea9dfcca80068c57ba8,
pilot,lotka_volterra_n100000,lotka_volterra,Lotka-Volterra,100000,1.0,threshold_200,prospective,2,200.0,3,1,440,2026-07-12T16:42:55.012811+00:00,0.0012226,0.0024129,True,False,1.0,0.0,125994,225994,True,False,1,412,1,0,0.0023041603359655826,0.9976958396640344,1.45e-05,0.0022262999999999975,2.3e-06,0.0001698000000000025,796328d23a175c1e981b37f1357d016d7f6d41803a9b0613d04443deaf02fda5,40c2f77c0fba4c9b9825e0917d93807556a79ca8569c3a2749c79f5db6a201df,a643f62d82e2a28f903663acade174fee38dbb8daecccea9dfcca80068c57ba8,
pilot,lotka_volterra_n100000,lotka_volterra,Lotka-Volterra,100000,1.0,threshold_400,prospective,2,400.0,3,1,441,2026-07-12T16:42:55.016814+00:00,0.0013771,0.0028142,True,False,1.0,0.0,125994,225994,True,False,1,412,1,0,0.0023041603359655826,0.9976958396640344,1.65e-05,0.0026133999999999997,2.1e-06,0.00018220000000000042,796328d23a175c1e981b37f1357d016d7f6d41803a9b0613d04443deaf02fda5,40c2f77c0fba4c9b9825e0917d93807556a79ca8569c3a2749c79f5db6a201df,a643f62d82e2a28f903663acade174fee38dbb8daecccea9dfcca80068c57ba8,
pilot,lotka_volterra_n100000,lotka_volterra,Lotka-Volterra,100000,1.0,threshold_50,prospective,2,50.0,3,1,442,2026-07-12T16:42:55.021815+00:00,0.0014475,0.0075353,True,False,1.0,0.0,125601,225601,False,False,923,0,0,0,1.0,0.0,0.007108900000000029,0.0,0.0,0.0004263999999999709,564d291dcbf6328af327cfb6697e0ea9c13ca66b0e76c0492f93dfe21368357e,31220a502dfbcf51052f8b042ae8fd89ec2cd50707731ad48fb494194f7143f4,a643f62d82e2a28f903663acade174fee38dbb8daecccea9dfcca80068c57ba8,
pilot,lotka_volterra_n100000,lotka_volterra,Lotka-Volterra,100000,1.0,threshold_1000,prospective,2,1000.0,3,1,443,2026-07-12T16:42:55.030251+00:00,0.0012859,0.0027798,True,False,1.0,0.0,125994,225994,True,False,1,412,1,0,0.0023041603359655826,0.9976958396640344,1.51e-05,0.0025688000000000004,2.3e-06,0.0001935999999999995,796328d23a175c1e981b37f1357d016d7f6d41803a9b0613d04443deaf02fda5,40c2f77c0fba4c9b9825e0917d93807556a79ca8569c3a2749c79f5db6a201df,a643f62d82e2a28f903663acade174fee38dbb8daecccea9dfcca80068c57ba8,
pilot,lotka_volterra_n100000,lotka_volterra,Lotka-Volterra,100000,1.0,threshold_2000,prospective,2,2000.0,3,1,444,2026-07-12T16:42:55.035143+00:00,0.0012488,0.0022916,True,False,1.0,0.0,125994,225994,True,False,1,412,1,0,0.0023041603359655826,0.9976958396640344,1.63e-05,0.0021098999999999953,2.1e-06,0.00016330000000000467,796328d23a175c1e981b37f1357d016d7f6d41803a9b0613d04443deaf02fda5,40c2f77c0fba4c9b9825e0917d93807556a79ca8569c3a2749c79f5db6a201df,a643f62d82e2a28f903663acade174fee38dbb8daecccea9dfcca80068c57ba8,
pilot,lotka_volterra_n100000,lotka_volterra,Lotka-Volterra,100000,1.0,threshold_150,prospective,2,150.0,3,1,445,2026-07-12T16:42:55.039409+00:00,0.0011718,0.0025449,True,False,1.0,0.0,125841,225841,False,False,56,386,2,0,0.0596373676581513,0.9403626323418487,0.00042150000000000016,0.0019528999999999968,6.7e-06,0.000163800000000003,f5765dd657a4f5dbc6481214cb7a7b0279c0c2db7161020609dfe096dacb4914,296a7d2ee4b7be2020530d7b8698231ec22a2baa39fe6b080717321db2886089,a643f62d82e2a28f903663acade174fee38dbb8daecccea9dfcca80068c57ba8,
pilot,lotka_volterra_n100000,lotka_volterra,Lotka-Volterra,100000,1.0,threshold_1500,prospective,2,1500.0,3,1,446,2026-07-12T16:42:55.042408+00:00,0.0012919,0.0022252,True,False,1.0,0.0,125994,225994,True,False,1,412,1,0,0.0023041603359655826,0.9976958396640344,1.41e-05,0.0020572999999999976,1.9e-06,0.00015190000000000255,796328d23a175c1e981b37f1357d016d7f6d41803a9b0613d04443deaf02fda5,40c2f77c0fba4c9b9825e0917d93807556a79ca8569c3a2749c79f5db6a201df,a643f62d82e2a28f903663acade174fee38dbb8daecccea9dfcca80068c57ba8,
pilot,lotka_volterra_n100000,lotka_volterra,Lotka-Volterra,100000,1.0,forced_batch,prospective,2,0.0,3,1,447,2026-07-12T16:42:55.046407+00:00,0.0010448,0.0073396,True,False,1.0,0.0,125601,225601,False,False,923,0,0,0,1.0,0.0,0.0069533000000000225,0.0,0.0,0.00038629999999997746,564d291dcbf6328af327cfb6697e0ea9c13ca66b0e76c0492f93dfe21368357e,31220a502dfbcf51052f8b042ae8fd89ec2cd50707731ad48fb494194f7143f4,a643f62d82e2a28f903663acade174fee38dbb8daecccea9dfcca80068c57ba8,
pilot,lotka_volterra_n100000,lotka_volterra,Lotka-Volterra,100000,1.0,threshold_750,prospective,2,750.0,3,1,448,2026-07-12T16:42:55.055407+00:00,0.0011922,0.0022044,True,False,1.0,0.0,125994,225994,True,False,1,412,1,0,0.0023041603359655826,0.9976958396640344,1.25e-05,0.002037199999999997,2e-06,0.00015270000000000344,796328d23a175c1e981b37f1357d016d7f6d41803a9b0613d04443deaf02fda5,40c2f77c0fba4c9b9825e0917d93807556a79ca8569c3a2749c79f5db6a201df,a643f62d82e2a28f903663acade174fee38dbb8daecccea9dfcca80068c57ba8,
pilot,rossler_n1e5,rossler,Rössler-Willamowski,100000,1.0,forced_batch,prospective,2,0.0,3,0,449,2026-07-12T16:42:55.058407+00:00,0.001533,1.7083281,True,False,1.0,0.0,3016072,5922166,False,False,161811,0,0,28,1.0,0.0,1.5667792000000094,0.0,0.0,0.14154889999999054,38afdbe4713543c222e6e11d8e56c1872dd9cbd28f7bfba7e889dd4d67ce3d74,4b1fb5ce77540d420832a24931e1f29f7ea2d9ff65ef9d8617940755d77b1d97,a643f62d82e2a28f903663acade174fee38dbb8daecccea9dfcca80068c57ba8,
pilot,rossler_n1e5,rossler,Rössler-Willamowski,100000,1.0,threshold_500,prospective,2,500.0,3,0,450,2026-07-12T16:42:56.768895+00:00,0.001708,1.6887229,True,False,1.0,0.0,3014010,6014010,True,False,87741,16715,5,0,0.43623645686039025,0.5637635431396097,0.817061699999723,0.7823327000000087,4.24e-05,0.08928610000026804,deff13b282f7c661ff8d1d233768b310700332db81792ee7be3b4c3b2d523b06,10bee180348d507202d299c0b19f55608862e7b90558981bc186639e54cc3594,a643f62d82e2a28f903663acade174fee38dbb8daecccea9dfcca80068c57ba8,
pilot,rossler_n1e5,rossler,Rössler-Willamowski,100000,1.0,forced_gillespie_after_initial_batch,prospective,2,1000000000000.0,3,0,451,2026-07-12T16:42:58.459913+00:00,0.0020677,3.0039486,True,False,1.0,0.0,3021726,3221726,True,False,1,47645,1,0,8.331744192241494e-05,0.9999166825580776,2.64e-05,2.957665799999981,3.4e-06,0.046253000000019195,dab9bf42350ab979ee6cdc4a40d4e149ae584526d5511442435f401d98d5ad5e,3ef81cc788b118eeec4a66d65f5b409a393bf945889d3debacfdc0a2f5c68aca,a643f62d82e2a28f903663acade174fee38dbb8daecccea9dfcca80068c57ba8,
pilot,rossler_n1e5,rossler,Rössler-Willamowski,100000,1.0,wallclock_timing,wallclock,0,,3,0,452,2026-07-12T16:43:01.459286+00:00,0.0017448,1.7035224,True,False,1.0,0.0,3019402,6019402,False,False,156189,1196,66,19,0.9504237473066095,0.04957625269339058,1.5014309999999143,0.07184989999999991,0.00048360000000000005,0.1297579000000859,6357015d51d15354b3de7a19f333fe76eca71688215937a8a20fde3948db8c66,0804550e3fea7bbb193e0aea4f6babccc0646dd1a08343a5c705b4f05894b138,a643f62d82e2a28f903663acade174fee38dbb8daecccea9dfcca80068c57ba8,
pilot,rossler_n1e5,rossler,Rössler-Willamowski,100000,1.0,threshold_300,prospective,2,300.0,3,0,453,2026-07-12T16:43:03.171266+00:00,0.0018941,1.6782516,True,False,1.0,0.0,3021694,6021694,False,False,148214,2673,4,9,0.8438259800707613,0.1561740199292388,1.4499479999998095,0.09208879999999997,3.93e-05,0.13617550000019052,52361a8a49b91f8b09c613f15243a5363edc9ccf904f8f6ff2f8a5e48bd51543,9932872e89e044979d75a2678a0950750b9113f13cbcd74892866c29840f8912,a643f62d82e2a28f903663acade174fee38dbb8daecccea9dfcca80068c57ba8,
pilot,rossler_n1e5,rossler,Rössler-Willamowski,100000,1.0,threshold_50,prospective,2,50.0,3,0,454,2026-07-12T16:43:04.852443+00:00,0.002135,1.706806,True,False,1.0,0.0,3016072,5922166,False,False,161811,0,0,28,1.0,0.0,1.5652391000000778,0.0,0.0,0.14156689999992222,38afdbe4713543c222e6e11d8e56c1872dd9cbd28f7bfba7e889dd4d67ce3d74,4b1fb5ce77540d420832a24931e1f29f7ea2d9ff65ef9d8617940755d77b1d97,a643f62d82e2a28f903663acade174fee38dbb8daecccea9dfcca80068c57ba8,
pilot,rossler_n1e5,rossler,Rössler-Willamowski,100000,1.0,threshold_1500,prospective,2,1500.0,3,0,455,2026-07-12T16:43:06.561433+00:00,0.0025656,2.8306781,True,False,1.0,0.0,3021726,3221726,True,False,1,47645,1,0,8.331744192241494e-05,0.9999166825580776,3.42e-05,2.7881895000000148,5.6e-06,0.04244879999998519,dab9bf42350ab979ee6cdc4a40d4e149ae584526d5511442435f401d98d5ad5e,3ef81cc788b118eeec4a66d65f5b409a393bf945889d3debacfdc0a2f5c68aca,a643f62d82e2a28f903663acade174fee38dbb8daecccea9dfcca80068c57ba8,
pilot,rossler_n1e5,rossler,Rössler-Willamowski,100000,1.0,threshold_200,prospective,2,200.0,3,0,456,2026-07-12T16:43:09.394144+00:00,0.0018768,1.678328,True,False,1.0,0.0,3019098,5816746,False,False,161863,656,2,15,0.9335531720672174,0.06644682793278253,1.5330414000000272,0.00817819999999999,2.3899999999999998e-05,0.13708449999997296,91ef5def7e285af84f26a4404f0b337df9904382af86dbd119d5dc1e89833881,2be65f0f286c72caa0d6b799c718be0a6ce6aa92c01aeaf5beb34e9b0976375d,a643f62d82e2a28f903663acade174fee38dbb8daecccea9dfcca80068c57ba8,
pilot,rossler_n1e5,rossler,Rössler-Willamowski,100000,1.0,threshold_20,prospective,2,20.0,3,0,457,2026-07-12T16:43:11.074428+00:00,0.0015555,1.6556746,True,False,1.0,0.0,3016072,5922166,False,False,161811,0,0,28,1.0,0.0,1.518903600000172,0.0,0.0,0.1367709999998279,38afdbe4713543c222e6e11d8e56c1872dd9cbd28f7bfba7e889dd4d67ce3d74,4b1fb5ce77540d420832a24931e1f29f7ea2d9ff65ef9d8617940755d77b1d97,a643f62d82e2a28f903663acade174fee38dbb8daecccea9dfcca80068c57ba8,
pilot,rossler_n1e5,rossler,Rössler-Willamowski,100000,1.0,threshold_1000,prospective,2,1000.0,3,0,458,2026-07-12T16:43:12.719525+00:00,0.001652,2.4998175,True,False,1.0,0.0,3015902,6015902,True,False,12777,42252,3,0,0.049526735261327615,0.9504732647386723,0.11213120000000198,2.340438999999996,2.3e-05,0.04722430000000166,bb635b9f4c6db7ccfa3ba840c6d45e5be3a9a573d455274eb7ddbee366686282,b356e32d7757952e37a014a49d49e25f8340ea89e77137406e4fc7477edef042,a643f62d82e2a28f903663acade174fee38dbb8daecccea9dfcca80068c57ba8,
pilot,rossler_n1e5,rossler,Rössler-Willamowski,100000,1.0,threshold_250,prospective,2,250.0,3,0,459,2026-07-12T16:43:15.221388+00:00,0.0015267,1.5890759,True,False,1.0,0.0,3016011,5986539,False,False,157411,922,2,12,0.9179740791444468,0.08202592085555314,1.445581700000127,0.012872299999999998,1.4299999999999999e-05,0.13060759999987326,db38b7a073209ebccbf7b64ac0494ca769e2a373606ff8cd7e7a70835b2f6045,5335d51f4f370e1a9558bbda0fc52e6588b8e6d4a147c4495696d22f4577580f,a643f62d82e2a28f903663acade174fee38dbb8daecccea9dfcca80068c57ba8,
pilot,rossler_n1e5,rossler,Rössler-Willamowski,100000,1.0,threshold_150,prospective,2,150.0,3,0,460,2026-07-12T16:43:16.824699+00:00,0.0015853,1.6397986,True,False,1.0,0.0,3016326,5956958,False,False,159626,390,2,20,0.9536341909686533,0.04636580903134664,1.5008185000001417,0.004116299999999998,1.56e-05,0.1348481999998583,26ce37c4450077e198c6d2348fad043ffe4e3fb960daa8ae5c0851cae04bd36f,96bbdc058ef90b11c0fbfc2df83b69c6fb1c5d11438a1d451daa406fdef9d122,a643f62d82e2a28f903663acade174fee38dbb8daecccea9dfcca80068c57ba8,
pilot,rossler_n1e5,rossler,Rössler-Willamowski,100000,1.0,threshold_750,prospective,2,750.0,3,0,461,2026-07-12T16:43:18.466678+00:00,0.0015237,1.9401975,True,False,1.0,0.0,3021476,6021476,True,False,39494,31343,3,0,0.17226863561413736,0.8277313643858627,0.3431753000000949,1.538175900000007,2.3599999999999998e-05,0.0588226999998982,cf1332fba6db560fe77b8c1a6122f094be8c7bae46d27ad69e50784f2206abd6,fd1512e32efe35a4c81732dc6ef366d866222813fd824d9b44f8025ac28a39c1,a643f62d82e2a28f903663acade174fee38dbb8daecccea9dfcca80068c57ba8,
pilot,rossler_n1e5,rossler,Rössler-Willamowski,100000,1.0,threshold_400,prospective,2,400.0,3,0,462,2026-07-12T16:43:20.409017+00:00,0.0017693,1.5366772,True,False,1.0,0.0,3011983,6011983,False,False,126326,7203,4,4,0.6854437999851796,0.3145562000148205,1.1417273999998419,0.2858444999999999,4.67e-05,0.10905860000015832,0194b067d1370e546364b076853e9137ed9756ced18be07468afcf0d9ec4cb6a,a6af84fb2b09754d6cc361c1ae62f0886c5c866f98f9cbb4536192c4d346c095,a643f62d82e2a28f903663acade174fee38dbb8daecccea9dfcca80068c57ba8,
pilot,rossler_n1e5,rossler,Rössler-Willamowski,100000,1.0,threshold_2000,prospective,2,2000.0,3,0,463,2026-07-12T16:43:21.947706+00:00,0.0015417,2.7905845,True,False,1.0,0.0,3021726,3221726,True,False,1,47645,1,0,8.331744192241494e-05,0.9999166825580776,2.13e-05,2.7492651000000157,3.1e-06,0.04129499999998476,dab9bf42350ab979ee6cdc4a40d4e149ae584526d5511442435f401d98d5ad5e,3ef81cc788b118eeec4a66d65f5b409a393bf945889d3debacfdc0a2f5c68aca,a643f62d82e2a28f903663acade174fee38dbb8daecccea9dfcca80068c57ba8,
pilot,rossler_n1e5,rossler,Rössler-Willamowski,100000,1.0,threshold_100,prospective,2,100.0,3,0,464,2026-07-12T16:43:24.740006+00:00,0.001813,1.6464371,True,False,1.0,0.0,3017314,5802622,False,False,163760,119,2,25,0.9824976925462411,0.01750230745375895,1.5112825000000942,0.0010968999999999996,9.7e-06,0.1340479999999058,d6c7e9affbddb486432f5b870c623f876aa6cee40aa1b323658ce10a1d93d580,03b8339d1fd67a4d6b1d17230e02d84ddf5351a65f28706e71861c5e15ce5529,a643f62d82e2a28f903663acade174fee38dbb8daecccea9dfcca80068c57ba8,
pilot,shrinking_no_b_decay_n2e6,shrinking,Shrinking no B decay,2000000,0.1,threshold_1500,prospective,2,1500.0,1,1,465,2026-07-12T16:43:26.388743+00:00,0.0017037,0.016173,True,False,0.1,0.0,807108,4807108,True,False,1,1038,1,0,1.80330874577914e-06,0.09999819669125422,1.25e-05,0.01584250000000002,2.9e-06,0.00031509999999998137,203f9b296e693ca6d8f38dd866b320ef33e2350ff6eac839fad630b9b9f3f433,4aa8d033155ffa9052b51d41b4ac5fef1eeab1315934f42b8a511abc18fe5d87,a643f62d82e2a28f903663acade174fee38dbb8daecccea9dfcca80068c57ba8,
pilot,shrinking_no_b_decay_n2e6,shrinking,Shrinking no B decay,2000000,0.1,threshold_300,prospective,2,300.0,1,1,466,2026-07-12T16:43:26.406247+00:00,0.0010876,0.0168744,True,False,0.1,0.0,807326,4111912,True,False,1185,726,1,2,0.0042525215599525735,0.09574747844004743,0.0060514000000000115,0.010271399999999983,1.9e-06,0.0005497000000000071,f6466bb9149eb0651f1ec879dd25806258c4dce9b67b0e764df60c50a38f2c92,20b21a61bb5fd5c655b51c7363e8fb850fdbf339b337f10a5a3ae4e8eb90084e,a643f62d82e2a28f903663acade174fee38dbb8daecccea9dfcca80068c57ba8,
pilot,shrinking_no_b_decay_n2e6,shrinking,Shrinking no B decay,2000000,0.1,threshold_250,prospective,2,250.0,1,1,467,2026-07-12T16:43:26.424250+00:00,0.0013901,0.0179052,True,False,0.1,0.0,807136,3810718,True,False,1779,593,1,3,0.006594659696960181,0.09340534030303982,0.009031199999999968,0.0081721,2e-06,0.000699900000000031,30533bbd766e69d5b277e3a49968a95f43f589f3b9307839b4bb3c08d596d536,3d627f58216f3c226e5f4a02a854d8f07dce8887db30d5ca03721ebcb59d1520,a643f62d82e2a28f903663acade174fee38dbb8daecccea9dfcca80068c57ba8,
pilot,shrinking_no_b_decay_n2e6,shrinking,Shrinking no B decay,2000000,0.1,forced_gillespie_after_initial_batch,prospective,2,1000000000000.0,1,1,468,2026-07-12T16:43:26.444250+00:00,0.0011133,0.0163225,True,False,0.1,0.0,807108,4807108,True,False,1,1038,1,0,1.80330874577914e-06,0.09999819669125422,1.22e-05,0.01599670000000001,1.6e-06,0.00031199999999998937,203f9b296e693ca6d8f38dd866b320ef33e2350ff6eac839fad630b9b9f3f433,4aa8d033155ffa9052b51d41b4ac5fef1eeab1315934f42b8a511abc18fe5d87,a643f62d82e2a28f903663acade174fee38dbb8daecccea9dfcca80068c57ba8,
pilot,shrinking_no_b_decay_n2e6,shrinking,Shrinking no B decay,2000000,0.1,wallclock_timing,wallclock,0,,1,1,469,2026-07-12T16:43:26.462251+00:00,0.0014614,0.0436393,True,False,0.1,0.0,807256,2576194,True,False,8447,31,3,8,0.03894543400949667,0.06105456599050334,0.041001300000000566,0.00036179999999999996,1.05e-05,0.0022656999999994334,400b542f6eb279f55f23a046caf7a253210a8ae5e73b87ba6d27d0ff4306598e,918acf0a6631d9ac02ece36e61a665f60b4310c47e258267d726007b5f4169f1,a643f62d82e2a28f903663acade174fee38dbb8daecccea9dfcca80068c57ba8,
pilot,shrinking_no_b_decay_n2e6,shrinking,Shrinking no B decay,2000000,0.1,threshold_200,prospective,2,200.0,1,1,470,2026-07-12T16:43:26.506757+00:00,0.0011126,0.0192644,True,False,0.1,0.0,807309,3537549,True,False,2428,464,1,4,0.00936741950700103,0.09063258049299898,0.012269799999999895,0.006134699999999996,3.4e-06,0.0008565000000001072,b6750e2ceb05b1a187cfceac52383ce9fa9b46cc7017817ee73a265324ef7506,9151d006ad5dfb125f11ac1967c62bb38c0577372419bab2119701ca841a4472,a643f62d82e2a28f903663acade174fee38dbb8daecccea9dfcca80068c57ba8,
pilot,shrinking_no_b_decay_n2e6,shrinking,Shrinking no B decay,2000000,0.1,threshold_100,prospective,2,100.0,1,1,471,2026-07-12T16:43:26.527756+00:00,0.0013919,0.0260894,True,False,0.1,0.0,807250,2858030,True,False,4193,223,1,7,0.017408408637331507,0.0825915913626685,0.02170339999999972,0.0028109999999999975,2.4e-06,0.0015726000000002814,352aa80c3d36dc3528c4e50038fda036df81ac1ca5c87bb7e4549e0babd5e578,127f3007e5bdfe9271d7c888fbfd12ccedd6439d671a535c2ed6259c1013bbe6,a643f62d82e2a28f903663acade174fee38dbb8daecccea9dfcca80068c57ba8,
pilot,shrinking_no_b_decay_n2e6,shrinking,Shrinking no B decay,2000000,0.1,threshold_20,prospective,2,20.0,1,1,472,2026-07-12T16:43:26.555761+00:00,0.0011421,0.0401241,True,False,0.1,0.0,807267,2501965,True,False,7555,45,1,9,0.03439272594203255,0.06560727405796746,0.03711710000000021,0.0007273000000000001,2.3e-06,0.0022773999999997976,6173563afb1ff6be686e055da95389823f45233dff668be547ebf893ccfc406d,dbcd1f35ac3b841c2a0c20fbaeaa2709f911ed9fdfb0305d90e03f5b1d1f2f27,a643f62d82e2a28f903663acade174fee38dbb8daecccea9dfcca80068c57ba8,
pilot,shrinking_no_b_decay_n2e6,shrinking,Shrinking no B decay,2000000,0.1,threshold_2000,prospective,2,2000.0,1,1,473,2026-07-12T16:43:26.597770+00:00,0.0015571,0.0165867,True,False,0.1,0.0,807108,4807108,True,False,1,1038,1,0,1.80330874577914e-06,0.09999819669125422,1.92e-05,0.016255399999999986,2.9e-06,0.00030920000000001294,203f9b296e693ca6d8f38dd866b320ef33e2350ff6eac839fad630b9b9f3f433,4aa8d033155ffa9052b51d41b4ac5fef1eeab1315934f42b8a511abc18fe5d87,a643f62d82e2a28f903663acade174fee38dbb8daecccea9dfcca80068c57ba8,
pilot,shrinking_no_b_decay_n2e6,shrinking,Shrinking no B decay,2000000,0.1,threshold_400,prospective,2,400.0,1,1,474,2026-07-12T16:43:26.615522+00:00,0.0011431,0.0160887,True,False,0.1,0.0,807189,4807189,True,False,113,1007,1,0,0.0003658504193424231,0.09963414958065758,0.0005770000000000004,0.015187699999999988,1.5e-06,0.0003225000000000103,7d37b0c74e74734c0bcf8a7179a0a0caa1b4f4bb786fe3bc12b8a9ec39cadcfb,187627351a76e2fa7f2b7c477ad8e74ece534622b2df341c7c26e30573e23626,a643f62d82e2a28f903663acade174fee38dbb8daecccea9dfcca80068c57ba8,
pilot,shrinking_no_b_decay_n2e6,shrinking,Shrinking no B decay,2000000,0.1,threshold_500,prospective,2,500.0,1,1,475,2026-07-12T16:43:26.632958+00:00,0.0011529,0.0176939,True,False,0.1,0.0,807108,4807108,True,False,1,1038,1,0,1.80330874577914e-06,0.09999819669125422,1.38e-05,0.017346600000000045,1.7e-06,0.0003317999999999516,203f9b296e693ca6d8f38dd866b320ef33e2350ff6eac839fad630b9b9f3f433,4aa8d033155ffa9052b51d41b4ac5fef1eeab1315934f42b8a511abc18fe5d87,a643f62d82e2a28f903663acade174fee38dbb8daecccea9dfcca80068c57ba8,
pilot,shrinking_no_b_decay_n2e6,shrinking,Shrinking no B decay,2000000,0.1,forced_batch,prospective,2,0.0,1,1,476,2026-07-12T16:43:26.651958+00:00,0.0011582,0.0971507,True,False,0.1,0.0,807262,2501960,False,False,19821,0,0,9,0.1,0.0,0.09127500000000667,0.0,0.0,0.005875699999993336,078bdbdd22c2d1fcda9d13b333b0817fbfaed944e9f863d003845b0a3cdab833,7f5bae24dd7e1d351fe46a9dcadb00bc766d7a2712a052e381a2da5ec4b4baeb,a643f62d82e2a28f903663acade174fee38dbb8daecccea9dfcca80068c57ba8,
pilot,shrinking_no_b_decay_n2e6,shrinking,Shrinking no B decay,2000000,0.1,threshold_750,prospective,2,750.0,1,1,477,2026-07-12T16:43:26.750646+00:00,0.0011349,0.0163131,True,False,0.1,0.0,807108,4807108,True,False,1,1038,1,0,1.80330874577914e-06,0.09999819669125422,1.17e-05,0.01597800000000003,2e-06,0.0003213999999999717,203f9b296e693ca6d8f38dd866b320ef33e2350ff6eac839fad630b9b9f3f433,4aa8d033155ffa9052b51d41b4ac5fef1eeab1315934f42b8a511abc18fe5d87,a643f62d82e2a28f903663acade174fee38dbb8daecccea9dfcca80068c57ba8,
pilot,shrinking_no_b_decay_n2e6,shrinking,Shrinking no B decay,2000000,0.1,threshold_150,prospective,2,150.0,1,1,478,2026-07-12T16:43:26.768408+00:00,0.001778,0.0214615,True,False,0.1,0.0,807279,3288925,True,False,3192,340,1,5,0.012793442703795234,0.08720655729620477,0.016066199999999767,0.004355200000000003,3.3e-06,0.00103680000000023,6c35d10320d78f9ab9d9589ea8f5094d419d1a61abbd37e21102944feb9b5bbc,65c7815e9205ccc139987dd6317500ce345439f36d6fbd977b9fd49a74420143,a643f62d82e2a28f903663acade174fee38dbb8daecccea9dfcca80068c57ba8,
pilot,shrinking_no_b_decay_n2e6,shrinking,Shrinking no B decay,2000000,0.1,threshold_1000,prospective,2,1000.0,1,1,479,2026-07-12T16:43:26.792412+00:00,0.0011173,0.0162255,True,False,0.1,0.0,807108,4807108,True,False,1,1038,1,0,1.80330874577914e-06,0.09999819669125422,1.02e-05,0.015913700000000024,1.2e-06,0.00030039999999997846,203f9b296e693ca6d8f38dd866b320ef33e2350ff6eac839fad630b9b9f3f433,4aa8d033155ffa9052b51d41b4ac5fef1eeab1315934f42b8a511abc18fe5d87,a643f62d82e2a28f903663acade174fee38dbb8daecccea9dfcca80068c57ba8,
pilot,shrinking_no_b_decay_n2e6,shrinking,Shrinking no B decay,2000000,0.1,threshold_50,prospective,2,50.0,1,1,480,2026-07-12T16:43:26.809926+00:00,0.0012414,0.0322843,True,False,0.1,0.0,807243,2671451,True,False,5717,110,1,8,0.024882756293932537,0.07511724370606747,0.029097099999999897,0.001391899999999999,2.1e-06,0.0017932000000001058,45266690eb6247362ca3d711b45baa51665a3475cde84a9a018c791b48ebf580,793f96437b153a7864fc1558db83d450049fc251ed2e34b02c3c1368ecb89856,a643f62d82e2a28f903663acade174fee38dbb8daecccea9dfcca80068c57ba8,
pilot,brusselator_n2e4,brusselator,Order-3 Brusselator,20000,20.0,threshold_100,prospective,2,100.0,3,1,481,2026-07-12T16:43:26.843927+00:00,0.0013899,0.063908,True,False,20.0,0.0,187352,197352,True,False,1,5455,1,0,3.624956931967462e-05,19.99996375043068,3.14e-05,0.06087469999999997,2.6e-06,0.002999300000000038,a2a688d6e71081eb9323ff3565abd5c9cd809a9f5cd4abf14c44b84d83af34e5,5d03100e02e1fa2fbb049cfc03ca755682807e8d10bf0e404af2e94092e81ff2,a643f62d82e2a28f903663acade174fee38dbb8daecccea9dfcca80068c57ba8,
pilot,brusselator_n2e4,brusselator,Order-3 Brusselator,20000,20.0,forced_gillespie_after_initial_batch,prospective,2,1000000000000.0,3,1,482,2026-07-12T16:43:26.909475+00:00,0.001361,0.0717659,True,False,20.0,0.0,187352,197352,True,False,1,5455,1,0,3.624956931967462e-05,19.99996375043068,3.36e-05,0.06848550000000012,2.7e-06,0.0032440999999998887,a2a688d6e71081eb9323ff3565abd5c9cd809a9f5cd4abf14c44b84d83af34e5,5d03100e02e1fa2fbb049cfc03ca755682807e8d10bf0e404af2e94092e81ff2,a643f62d82e2a28f903663acade174fee38dbb8daecccea9dfcca80068c57ba8,
pilot,brusselator_n2e4,brusselator,Order-3 Brusselator,20000,20.0,threshold_50,prospective,2,50.0,3,1,483,2026-07-12T16:43:26.983094+00:00,0.0018063,0.0697878,True,False,20.0,0.0,187352,197352,True,False,1,5455,1,0,3.624956931967462e-05,19.99996375043068,3.59e-05,0.0664969,2.8e-06,0.0032521999999999968,a2a688d6e71081eb9323ff3565abd5c9cd809a9f5cd4abf14c44b84d83af34e5,5d03100e02e1fa2fbb049cfc03ca755682807e8d10bf0e404af2e94092e81ff2,a643f62d82e2a28f903663acade174fee38dbb8daecccea9dfcca80068c57ba8,
pilot,brusselator_n2e4,brusselator,Order-3 Brusselator,20000,20.0,threshold_150,prospective,2,150.0,3,1,484,2026-07-12T16:43:27.054920+00:00,0.0015735,0.0742969,True,False,20.0,0.0,187352,197352,True,False,1,5455,1,0,3.624956931967462e-05,19.99996375043068,3.32e-05,0.07118150000000029,3.3e-06,0.003078899999999718,a2a688d6e71081eb9323ff3565abd5c9cd809a9f5cd4abf14c44b84d83af34e5,5d03100e02e1fa2fbb049cfc03ca755682807e8d10bf0e404af2e94092e81ff2,a643f62d82e2a28f903663acade174fee38dbb8daecccea9dfcca80068c57ba8,
pilot,brusselator_n2e4,brusselator,Order-3 Brusselator,20000,20.0,threshold_500,prospective,2,500.0,3,1,485,2026-07-12T16:43:27.120274+00:00,0.0018311,0.0775433,True,False,20.0,0.0,187352,197352,True,False,1,5455,1,0,3.624956931967462e-05,19.99996375043068,3.49e-05,0.07439360000000024,2.8e-06,0.003111999999999754,a2a688d6e71081eb9323ff3565abd5c9cd809a9f5cd4abf14c44b84d83af34e5,5d03100e02e1fa2fbb049cfc03ca755682807e8d10bf0e404af2e94092e81ff2,a643f62d82e2a28f903663acade174fee38dbb8daecccea9dfcca80068c57ba8,
pilot,brusselator_n2e4,brusselator,Order-3 Brusselator,20000,20.0,threshold_400,prospective,2,400.0,3,1,486,2026-07-12T16:43:27.206332+00:00,0.0020627,0.0639357,True,False,20.0,0.0,187352,197352,True,False,1,5455,1,0,3.624956931967462e-05,19.99996375043068,3.87e-05,0.060839999999999846,4.6e-06,0.0030524000000001494,a2a688d6e71081eb9323ff3565abd5c9cd809a9f5cd4abf14c44b84d83af34e5,5d03100e02e1fa2fbb049cfc03ca755682807e8d10bf0e404af2e94092e81ff2,a643f62d82e2a28f903663acade174fee38dbb8daecccea9dfcca80068c57ba8,
pilot,brusselator_n2e4,brusselator,Order-3 Brusselator,20000,20.0,threshold_1000,prospective,2,1000.0,3,1,487,2026-07-12T16:43:27.277043+00:00,0.0013615,0.0673396,True,False,20.0,0.0,187352,197352,True,False,1,5455,1,0,3.624956931967462e-05,19.99996375043068,3.4e-05,0.0642496,2.7e-06,0.003053299999999995,a2a688d6e71081eb9323ff3565abd5c9cd809a9f5cd4abf14c44b84d83af34e5,5d03100e02e1fa2fbb049cfc03ca755682807e8d10bf0e404af2e94092e81ff2,a643f62d82e2a28f903663acade174fee38dbb8daecccea9dfcca80068c57ba8,
pilot,brusselator_n2e4,brusselator,Order-3 Brusselator,20000,20.0,forced_batch,prospective,2,0.0,3,1,488,2026-07-12T16:43:27.338939+00:00,0.0015005,30.0000113,False,True,10.849012928251522,-9.150987071748478,165287,175287,False,False,1142135,0,0,0,10.849012928251522,0.0,29.196051999987958,0.0,0.0,0.8039593000120426,e798f4beb66804651fc1658e89d373cf439b35f6b5cd013a896f692d0d9c2c44,c826e5115f8612cd47ce904b91ddb0cbae238d8d79220112dd443efe33aeda3e,a643f62d82e2a28f903663acade174fee38dbb8daecccea9dfcca80068c57ba8,wall-clock cap reached before t_max
pilot,brusselator_n2e4,brusselator,Order-3 Brusselator,20000,20.0,threshold_20,prospective,2,20.0,3,1,489,2026-07-12T16:43:57.346239+00:00,0.0024365,0.1335744,True,False,20.0,0.0,187352,197352,True,False,1,5455,1,0,3.624956931967462e-05,19.99996375043068,8.11e-05,0.12776940000000023,4.5e-06,0.005719399999999791,a2a688d6e71081eb9323ff3565abd5c9cd809a9f5cd4abf14c44b84d83af34e5,5d03100e02e1fa2fbb049cfc03ca755682807e8d10bf0e404af2e94092e81ff2,a643f62d82e2a28f903663acade174fee38dbb8daecccea9dfcca80068c57ba8,
pilot,brusselator_n2e4,brusselator,Order-3 Brusselator,20000,20.0,threshold_250,prospective,2,250.0,3,1,490,2026-07-12T16:43:57.479864+00:00,0.0033669,0.1188407,True,False,20.0,0.0,187352,197352,True,False,1,5455,1,0,3.624956931967462e-05,19.99996375043068,6.48e-05,0.11351989999999995,4.7e-06,0.005251300000000042,a2a688d6e71081eb9323ff3565abd5c9cd809a9f5cd4abf14c44b84d83af34e5,5d03100e02e1fa2fbb049cfc03ca755682807e8d10bf0e404af2e94092e81ff2,a643f62d82e2a28f903663acade174fee38dbb8daecccea9dfcca80068c57ba8,
pilot,brusselator_n2e4,brusselator,Order-3 Brusselator,20000,20.0,threshold_200,prospective,2,200.0,3,1,491,2026-07-12T16:43:57.605902+00:00,0.0024975,0.1152005,True,False,20.0,0.0,187352,197352,True,False,1,5455,1,0,3.624956931967462e-05,19.99996375043068,6.65e-05,0.10971999999999979,4.7e-06,0.005409300000000214,a2a688d6e71081eb9323ff3565abd5c9cd809a9f5cd4abf14c44b84d83af34e5,5d03100e02e1fa2fbb049cfc03ca755682807e8d10bf0e404af2e94092e81ff2,a643f62d82e2a28f903663acade174fee38dbb8daecccea9dfcca80068c57ba8,
pilot,brusselator_n2e4,brusselator,Order-3 Brusselator,20000,20.0,threshold_1500,prospective,2,1500.0,3,1,492,2026-07-12T16:43:57.724661+00:00,0.002157,0.133216,True,False,20.0,0.0,187352,197352,True,False,1,5455,1,0,3.624956931967462e-05,19.99996375043068,4.73e-05,0.12744980000000017,4.1e-06,0.005714799999999826,a2a688d6e71081eb9323ff3565abd5c9cd809a9f5cd4abf14c44b84d83af34e5,5d03100e02e1fa2fbb049cfc03ca755682807e8d10bf0e404af2e94092e81ff2,a643f62d82e2a28f903663acade174fee38dbb8daecccea9dfcca80068c57ba8,
pilot,brusselator_n2e4,brusselator,Order-3 Brusselator,20000,20.0,wallclock_timing,wallclock,0,,3,1,493,2026-07-12T16:43:57.860385+00:00,0.0021411,0.1235193,True,False,20.0,0.0,183693,193693,True,False,256,5486,1,0,0.004432430313484493,19.995567569686518,0.008190999999999995,0.11070789999999962,4.3e-06,0.0046161000000003866,35f56bcfa98c9db086302f5e05d925289fb413bd5bdcb42e66c4903d1077abc4,d3819289f4445da7fa38d50c90d850f4d5a6c41539641e5b09eb62bb90226f5a,a643f62d82e2a28f903663acade174fee38dbb8daecccea9dfcca80068c57ba8,
pilot,brusselator_n2e4,brusselator,Order-3 Brusselator,20000,20.0,threshold_300,prospective,2,300.0,3,1,494,2026-07-12T16:43:57.986279+00:00,0.0024328,0.1324696,True,False,20.0,0.0,187352,197352,True,False,1,5455,1,0,3.624956931967462e-05,19.99996375043068,5.17e-05,0.12726680000000035,4e-06,0.005147099999999655,a2a688d6e71081eb9323ff3565abd5c9cd809a9f5cd4abf14c44b84d83af34e5,5d03100e02e1fa2fbb049cfc03ca755682807e8d10bf0e404af2e94092e81ff2,a643f62d82e2a28f903663acade174fee38dbb8daecccea9dfcca80068c57ba8,
pilot,brusselator_n2e4,brusselator,Order-3 Brusselator,20000,20.0,threshold_2000,prospective,2,2000.0,3,1,495,2026-07-12T16:43:58.121398+00:00,0.0029614,0.1326334,True,False,20.0,0.0,187352,197352,True,False,1,5455,1,0,3.624956931967462e-05,19.99996375043068,5.21e-05,0.12725969999999992,4.3e-06,0.00531730000000008,a2a688d6e71081eb9323ff3565abd5c9cd809a9f5cd4abf14c44b84d83af34e5,5d03100e02e1fa2fbb049cfc03ca755682807e8d10bf0e404af2e94092e81ff2,a643f62d82e2a28f903663acade174fee38dbb8daecccea9dfcca80068c57ba8,
pilot,brusselator_n2e4,brusselator,Order-3 Brusselator,20000,20.0,threshold_750,prospective,2,750.0,3,1,496,2026-07-12T16:43:58.244187+00:00,0.0032548,0.1159663,True,False,20.0,0.0,187352,197352,True,False,1,5455,1,0,3.624956931967462e-05,19.99996375043068,6.67e-05,0.11051250000000018,4.9e-06,0.005382199999999809,a2a688d6e71081eb9323ff3565abd5c9cd809a9f5cd4abf14c44b84d83af34e5,5d03100e02e1fa2fbb049cfc03ca755682807e8d10bf0e404af2e94092e81ff2,a643f62d82e2a28f903663acade174fee38dbb8daecccea9dfcca80068c57ba8,
pilot,shrinking_split_b_decay_n2e6,shrinking,Shrinking split B decay,2000000,0.1,threshold_150,prospective,2,150.0,2,0,497,2026-07-12T16:43:58.375939+00:00,0.0018623,0.041479,True,False,0.1,0.0,91,205355,True,False,4612,604,1,31,0.030310106427022553,0.06968989357297746,0.03563089999999961,0.002810499999999997,2.7e-06,0.0030349000000003887,3d140a4073daf00397937bc04aa5212f72d290fe387052e87d7f30ec672da0db,e0aa37b94b67b7ef44bab8d4f223798adc42742ea6d50d0b95630babf571a1bb,a643f62d82e2a28f903663acade174fee38dbb8daecccea9dfcca80068c57ba8,
pilot,shrinking_split_b_decay_n2e6,shrinking,Shrinking split B decay,2000000,0.1,threshold_100,prospective,2,100.0,2,0,498,2026-07-12T16:43:58.416743+00:00,0.0019028,0.0459509,True,False,0.1,0.0,89,86467,True,False,5038,401,1,40,0.038356252748963524,0.06164374725103648,0.04115409999999997,0.001449500000000001,2.5e-06,0.0033448000000000297,9c8757debdca8e34917919d6ced88afb8395546e61c7a962061cfd1d8d42d93b,a8eed37d1ace543f400b93967d9ebaa27eb94ec7f3bdb68411b4a8767cd26b2a,a643f62d82e2a28f903663acade174fee38dbb8daecccea9dfcca80068c57ba8,
pilot,shrinking_split_b_decay_n2e6,shrinking,Shrinking split B decay,2000000,0.1,threshold_50,prospective,2,50.0,2,0,499,2026-07-12T16:43:58.466627+00:00,0.0023377,0.048486,True,False,0.1,0.0,88,22130,True,False,5468,194,1,54,0.052262197483973316,0.04773780251602669,0.044555899999999926,0.00038469999999999965,3.9e-06,0.0035415000000000724,21d6ecfb5a9f715fd647a06d477361763dd06502effea2f4f4d0ade0ea4f87ab,f416112207848ccd18f731900b9f03b382e3f23dac42c726fc3ad80ac829a01a,a643f62d82e2a28f903663acade174fee38dbb8daecccea9dfcca80068c57ba8,
pilot,shrinking_split_b_decay_n2e6,shrinking,Shrinking split B decay,2000000,0.1,threshold_1000,prospective,2,1000.0,2,0,500,2026-07-12T16:43:58.516743+00:00,0.0024981,0.0632694,True,False,0.1,0.0,97,4000097,True,False,1,2820,1,0,1.9967005262320962e-06,0.09999800329947377,1.83e-05,0.06138650000000006,3e-06,0.0018615999999999425,c54b9b690c0799b3fa0b9589fe1d043133bc1ff43d50120c4d4d0de51bb35324,c518061a83b0677444a8ef916b599c482c261131671191380db0d84cf1a07b03,a643f62d82e2a28f903663acade174fee38dbb8daecccea9dfcca80068c57ba8,
pilot,shrinking_split_b_decay_n2e6,shrinking,Shrinking split B decay,2000000,0.1,threshold_250,prospective,2,250.0,2,0,501,2026-07-12T16:43:58.576313+00:00,0.002348,0.0428411,True,False,0.1,0.0,86,590220,True,False,3721,1024,1,20,0.02008360780108069,0.07991639219891931,0.03176069999999987,0.008011799999999994,2.9e-06,0.0030657000000001364,e894083fd7d9ef12bac6b19e48ebf349d249cd271498d8e6ba0edbdb21adcd3d,14d7fad6515dad2c3eb5a193575c3fb3454d61421dff6afcabc682df20022550,a643f62d82e2a28f903663acade174fee38dbb8daecccea9dfcca80068c57ba8,
pilot,shrinking_split_b_decay_n2e6,shrinking,Shrinking split B decay,2000000,0.1,threshold_300,prospective,2,300.0,2,0,502,2026-07-12T16:43:58.631765+00:00,0.0019729,0.0506454,True,False,0.1,0.0,82,788056,True,False,3300,1232,1,17,0.016463583000822495,0.0835364169991775,0.03036210000000005,0.016955999999999954,3.7e-06,0.003323599999999996,922a6abca92ea8de171fa67972db1e791cd330b6875a5a62a561c417d0a805e2,073bd5219cc248f0f1ebf012800571047774c5004115b3d715fdf001f3e5decf,a643f62d82e2a28f903663acade174fee38dbb8daecccea9dfcca80068c57ba8,
pilot,shrinking_split_b_decay_n2e6,shrinking,Shrinking split B decay,2000000,0.1,threshold_2000,prospective,2,2000.0,2,0,503,2026-07-12T16:43:58.677876+00:00,0.0023,0.0737753,True,False,0.1,0.0,97,4000097,True,False,1,2820,1,0,1.9967005262320962e-06,0.09999800329947377,2.46e-05,0.07171480000000018,3.2e-06,0.002032699999999832,c54b9b690c0799b3fa0b9589fe1d043133bc1ff43d50120c4d4d0de51bb35324,c518061a83b0677444a8ef916b599c482c261131671191380db0d84cf1a07b03,a643f62d82e2a28f903663acade174fee38dbb8daecccea9dfcca80068c57ba8,
pilot,shrinking_split_b_decay_n2e6,shrinking,Shrinking split B decay,2000000,0.1,forced_gillespie_after_initial_batch,prospective,2,1000000000000.0,2,0,504,2026-07-12T16:43:58.761258+00:00,0.0022855,0.0692177,True,False,0.1,0.0,97,4000097,True,False,1,2820,1,0,1.9967005262320962e-06,0.09999800329947377,2.66e-05,0.06715700000000015,3.4e-06,0.0020306999999998437,c54b9b690c0799b3fa0b9589fe1d043133bc1ff43d50120c4d4d0de51bb35324,c518061a83b0677444a8ef916b599c482c261131671191380db0d84cf1a07b03,a643f62d82e2a28f903663acade174fee38dbb8daecccea9dfcca80068c57ba8,
pilot,shrinking_split_b_decay_n2e6,shrinking,Shrinking split B decay,2000000,0.1,threshold_400,prospective,2,400.0,2,0,505,2026-07-12T16:43:58.832054+00:00,0.0023005,0.0496824,True,False,0.1,0.0,87,1398469,True,False,2459,1646,1,11,0.010713917940473683,0.08928608205952633,0.022945999999999998,0.0238624,3.7e-06,0.0028702999999999992,7ba3b404ef4a214a4c2d365e9ddd25f2b50cf03d7f90517830065e5b363356de,aaa2c3a07869b1494c87e7a603868b8635d73ac52d6914d820308582e5ea24d0,a643f62d82e2a28f903663acade174fee38dbb8daecccea9dfcca80068c57ba8,
pilot,shrinking_split_b_decay_n2e6,shrinking,Shrinking split B decay,2000000,0.1,wallclock_timing,wallclock,0,,2,0,506,2026-07-12T16:43:58.882019+00:00,0.0020599,0.0437362,True,False,0.1,0.0,97,291,False,False,5800,2,2,97,0.09998522596571129,1.4774034288726431e-05,0.040797399999999776,9.31e-05,9e-06,0.0028367000000002265,26078f7dfe90f891768eaa4a74605fa8977bb20dc6d7787fbe334969f39ae1e6,6e0840cfe902f9138a9be8731cf2bd600c194e3ac6df5755ea17303d325b5908,a643f62d82e2a28f903663acade174fee38dbb8daecccea9dfcca80068c57ba8,
pilot,shrinking_split_b_decay_n2e6,shrinking,Shrinking split B decay,2000000,0.1,threshold_750,prospective,2,750.0,2,0,507,2026-07-12T16:43:58.926424+00:00,0.0016447,0.047485,True,False,0.1,0.0,97,4000097,True,False,1,2820,1,0,1.9967005262320962e-06,0.09999800329947377,1.38e-05,0.04607619999999999,2e-06,0.0013930000000000053,c54b9b690c0799b3fa0b9589fe1d043133bc1ff43d50120c4d4d0de51bb35324,c518061a83b0677444a8ef916b599c482c261131671191380db0d84cf1a07b03,a643f62d82e2a28f903663acade174fee38dbb8daecccea9dfcca80068c57ba8,
pilot,shrinking_split_b_decay_n2e6,shrinking,Shrinking split B decay,2000000,0.1,forced_batch,prospective,2,0.0,2,0,508,2026-07-12T16:43:58.976516+00:00,0.0017718,0.0429091,True,False,0.1,0.0,107,331,False,False,5853,0,0,97,0.1,0.0,0.03978659999999971,0.0,0.0,0.0031225000000002917,b23c151ea04de4972bf8eea3696e6e85f1cd7dd03ae62c609e0e217e24c7c444,f95914605cafdedfcba4d042e2eb954d4ba093b1a1db588778162d97db92513b,a643f62d82e2a28f903663acade174fee38dbb8daecccea9dfcca80068c57ba8,
pilot,shrinking_split_b_decay_n2e6,shrinking,Shrinking split B decay,2000000,0.1,threshold_1500,prospective,2,1500.0,2,0,509,2026-07-12T16:43:59.025734+00:00,0.0029229,0.0729361,True,False,0.1,0.0,97,4000097,True,False,1,2820,1,0,1.9967005262320962e-06,0.09999800329947377,2.58e-05,0.07070940000000028,3.9e-06,0.002196999999999713,c54b9b690c0799b3fa0b9589fe1d043133bc1ff43d50120c4d4d0de51bb35324,c518061a83b0677444a8ef916b599c482c261131671191380db0d84cf1a07b03,a643f62d82e2a28f903663acade174fee38dbb8daecccea9dfcca80068c57ba8,
pilot,shrinking_split_b_decay_n2e6,shrinking,Shrinking split B decay,2000000,0.1,threshold_500,prospective,2,500.0,2,0,510,2026-07-12T16:43:59.101887+00:00,0.0023865,0.0481251,True,False,0.1,0.0,93,2255233,True,False,1587,2059,1,6,0.006233335123773639,0.09376666487622637,0.012197900000000053,0.03365950000000002,3.8e-06,0.002263899999999923,9128b11d6d333254636f11236092a727c170c8456f7be88fc4c33cce58efc7b9,ae7a019e652a8f77d179073e364bcaad12576973f9356d4bb4512d0175dbdd91,a643f62d82e2a28f903663acade174fee38dbb8daecccea9dfcca80068c57ba8,
pilot,shrinking_split_b_decay_n2e6,shrinking,Shrinking split B decay,2000000,0.1,threshold_200,prospective,2,200.0,2,0,511,2026-07-12T16:43:59.153559+00:00,0.002388,0.0417943,True,False,0.1,0.0,101,365479,True,False,4152,817,1,25,0.024537830506277464,0.07546216949372254,0.03442559999999981,0.004386799999999995,2.8e-06,0.0029791000000001927,805e71405d319b7b59897499763a787a39bb23206360eb2e1082eda45585d8c8,5bd56499120ab5cad3c30b3d4a29c318d16f23a18bf0cd50b5d373ebce382eee,a643f62d82e2a28f903663acade174fee38dbb8daecccea9dfcca80068c57ba8,
pilot,shrinking_split_b_decay_n2e6,shrinking,Shrinking split B decay,2000000,0.1,threshold_20,prospective,2,20.0,2,0,512,2026-07-12T16:43:59.197417+00:00,0.0016393,0.0470512,True,False,0.1,0.0,81,3683,True,False,5711,66,1,72,0.07068557013564289,0.029314429864357117,0.04340699999999998,0.0001352,3.7e-06,0.0035053000000000167,46b5343aea543c78335c34380e4a709848abd5e3b134cb2c394b603177379b98,56c70cd3791b13ecd5849adbf81ae74f091cb7dec7d09b1c315ae7cc2d1885cd,a643f62d82e2a28f903663acade174fee38dbb8daecccea9dfcca80068c57ba8,
pilot,shrinking_n2e6,shrinking,Shrinking,2000000,0.1,threshold_2000,prospective,2,2000.0,1,1,513,2026-07-12T16:43:59.247046+00:00,0.0021424,0.0510797,True,False,0.1,0.0,100,4000100,True,False,1,2822,1,0,1.80330874577914e-06,0.09999819669125423,1.78e-05,0.049434400000000024,2.4e-06,0.0016250999999999766,e607efe19abf622afe6a2dc54cdbb82817c602c38804e9e1969b52c2432abf0e,dfffd485a0dd02a621c202bc45034d7185ad25de7edf81464a331a4145c1f384,a643f62d82e2a28f903663acade174fee38dbb8daecccea9dfcca80068c57ba8,
pilot,shrinking_n2e6,shrinking,Shrinking,2000000,0.1,forced_batch,prospective,2,0.0,1,1,514,2026-07-12T16:43:59.300551+00:00,0.0017853,0.0432873,True,False,0.1,0.0,94,282,False,False,5838,0,0,98,0.1,0.0,0.04000940000000017,0.0,0.0,0.0032778999999998337,d43cb4e38424797b2d04751aa27831cc11b7a2283a509a9a7c18645d34f84ada,7dd62d2c6bf4c92b38fde10376a8b953ce9e99e7df6978b8c2cb05e50e042e44,a643f62d82e2a28f903663acade174fee38dbb8daecccea9dfcca80068c57ba8,
pilot,shrinking_n2e6,shrinking,Shrinking,2000000,0.1,wallclock_timing,wallclock,0,,1,1,515,2026-07-12T16:43:59.345451+00:00,0.0017336,0.0526589,True,False,0.1,0.0,95,295,False,False,5799,2,2,96,0.09998525977999746,1.474022000254717e-05,0.04894769999999981,5.99e-05,7.7e-06,0.003643600000000191,5b9a669c7414a965ca97d9be65f7615accae34c7f143cca45d609769208b0b0b,218c1ea51afc21467ab84de1347a16bb284dd17214b25d0dbca130550b628f2c,a643f62d82e2a28f903663acade174fee38dbb8daecccea9dfcca80068c57ba8,
pilot,shrinking_n2e6,shrinking,Shrinking,2000000,0.1,threshold_250,prospective,2,250.0,1,1,516,2026-07-12T16:43:59.400236+00:00,0.0021409,0.038131,True,False,0.1,0.0,79,536437,True,False,3710,1019,1,21,0.02011639193267902,0.07988360806732099,0.02715350000000002,0.00825000000000001,4e-06,0.002723499999999969,7ac6ccf6de8e08db89fc15c6c4259ac882cd2ffdc501292b98659a52b7f5305e,f2e41c9078a2467c925a26be434f0d47d93c4e3dad0f916a225b56d7adf6025c,a643f62d82e2a28f903663acade174fee38dbb8daecccea9dfcca80068c57ba8,
pilot,shrinking_n2e6,shrinking,Shrinking,2000000,0.1,forced_gillespie_after_initial_batch,prospective,2,1000000000000.0,1,1,517,2026-07-12T16:43:59.440631+00:00,0.001728,0.0392498,True,False,0.1,0.0,100,4000100,True,False,1,2822,1,0,1.80330874577914e-06,0.09999819669125423,1.53e-05,0.037893699999999954,2e-06,0.0013388000000000427,e607efe19abf622afe6a2dc54cdbb82817c602c38804e9e1969b52c2432abf0e,dfffd485a0dd02a621c202bc45034d7185ad25de7edf81464a331a4145c1f384,a643f62d82e2a28f903663acade174fee38dbb8daecccea9dfcca80068c57ba8,
pilot,shrinking_n2e6,shrinking,Shrinking,2000000,0.1,threshold_1000,prospective,2,1000.0,1,1,518,2026-07-12T16:43:59.482165+00:00,0.0018109,0.050473,True,False,0.1,0.0,100,4000100,True,False,1,2822,1,0,1.80330874577914e-06,0.09999819669125423,1.52e-05,0.048891800000000006,2e-06,0.001563999999999989,e607efe19abf622afe6a2dc54cdbb82817c602c38804e9e1969b52c2432abf0e,dfffd485a0dd02a621c202bc45034d7185ad25de7edf81464a331a4145c1f384,a643f62d82e2a28f903663acade174fee38dbb8daecccea9dfcca80068c57ba8,
pilot,shrinking_n2e6,shrinking,Shrinking,2000000,0.1,threshold_400,prospective,2,400.0,1,1,519,2026-07-12T16:43:59.534741+00:00,0.0024021,0.0389908,True,False,0.1,0.0,78,1397916,True,False,2433,1643,1,11,0.010705165510688985,0.08929483448931103,0.019767399999999925,0.016687600000000004,2.6e-06,0.0025332000000000687,2aada5769e0795f2ef5b878d64de239d67e6bb1bf6954ce50d39cb71b52d29e4,d16c2d326a05c74c6f2b70c24573d4a6f9580c0927af30d3e3e8ded0725ac183,a643f62d82e2a28f903663acade174fee38dbb8daecccea9dfcca80068c57ba8,
pilot,shrinking_n2e6,shrinking,Shrinking,2000000,0.1,threshold_300,prospective,2,300.0,1,1,520,2026-07-12T16:43:59.576988+00:00,0.0018363,0.040565,True,False,0.1,0.0,98,787870,True,False,3290,1234,1,17,0.016444391005236984,0.08355560899476301,0.02564489999999989,0.012031199999999995,4.9e-06,0.0028840000000001087,edf81a156649622fb587b09af5d6f9307c312865243af4e779e3787f6880e890,deb8864b202c1a1c6b6a31ab18d8ccb2d2f1aad5b5e546b1ab609d8e5b4580ef,a643f62d82e2a28f903663acade174fee38dbb8daecccea9dfcca80068c57ba8,
pilot,shrinking_n2e6,shrinking,Shrinking,2000000,0.1,threshold_100,prospective,2,100.0,1,1,521,2026-07-12T16:43:59.619233+00:00,0.0020284,0.0470154,True,False,0.1,0.0,89,85997,True,False,5008,399,1,40,0.03842191399611662,0.061578086003883384,0.04208719999999987,0.0012823000000000023,4.5e-06,0.003641400000000128,96f88bc2c1175432ca20f610b1b450d6b9cdf8033818ce3182654571165d04dc,9a57f645e5b060359eadbb14fff86f6657130b98766c780e7e8c53352884ffdc,a643f62d82e2a28f903663acade174fee38dbb8daecccea9dfcca80068c57ba8,
pilot,shrinking_n2e6,shrinking,Shrinking,2000000,0.1,threshold_200,prospective,2,200.0,1,1,522,2026-07-12T16:43:59.668827+00:00,0.0018961,0.0392165,True,False,0.1,0.0,95,365201,True,False,4141,816,1,25,0.024571090831631257,0.07542890916836875,0.032038599999999744,0.0041991000000000025,3.4e-06,0.002975400000000253,d2ae381e697ab7d8e182571f34b6acf2e35d14393dcaa4cf883851d6f713b7ce,f8ea08a4176700d22f0bf98dd5695b2d711d0d6722cd03f40c791a8426d91f43,a643f62d82e2a28f903663acade174fee38dbb8daecccea9dfcca80068c57ba8,
pilot,shrinking_n2e6,shrinking,Shrinking,2000000,0.1,threshold_50,prospective,2,50.0,1,1,523,2026-07-12T16:43:59.710570+00:00,0.0018037,0.0385637,True,False,0.1,0.0,86,22008,True,False,5456,192,1,54,0.05246192437058005,0.04753807562941995,0.035444799999999756,0.0002830000000000011,2.3e-06,0.0028336000000002484,0e8ed12e6f682badf2bb7b38f194e339b5b9ecb76424ba07175da5415939e805,adf8a52e9142452bffdf657f66afdcbf4e0531abdda236437894d5b569d194ac,a643f62d82e2a28f903663acade174fee38dbb8daecccea9dfcca80068c57ba8,
pilot,shrinking_n2e6,shrinking,Shrinking,2000000,0.1,threshold_750,prospective,2,750.0,1,1,524,2026-07-12T16:43:59.751295+00:00,0.0016691,0.0422815,True,False,0.1,0.0,100,4000100,True,False,1,2822,1,0,1.80330874577914e-06,0.09999819669125423,1.25e-05,0.04079549999999989,1.7e-06,0.0014718000000001133,e607efe19abf622afe6a2dc54cdbb82817c602c38804e9e1969b52c2432abf0e,dfffd485a0dd02a621c202bc45034d7185ad25de7edf81464a331a4145c1f384,a643f62d82e2a28f903663acade174fee38dbb8daecccea9dfcca80068c57ba8,
pilot,shrinking_n2e6,shrinking,Shrinking,2000000,0.1,threshold_150,prospective,2,150.0,1,1,525,2026-07-12T16:43:59.795311+00:00,0.0021385,0.0447703,True,False,0.1,0.0,91,204779,True,False,4577,608,1,31,0.030358106419582434,0.06964189358041757,0.0377186,0.003614799999999998,3.4e-06,0.003433500000000006,8ab223c6a35b6790c87d35686c142540b99eca6bba1ee21ae065820c5d7528cc,d2876a2ed86177b69f00883ea251c04dd2b4688989f9ad8a8a5284653a016082,a643f62d82e2a28f903663acade174fee38dbb8daecccea9dfcca80068c57ba8,
pilot,shrinking_n2e6,shrinking,Shrinking,2000000,0.1,threshold_1500,prospective,2,1500.0,1,1,526,2026-07-12T16:43:59.842613+00:00,0.0025765,0.0553501,True,False,0.1,0.0,100,4000100,True,False,1,2822,1,0,1.80330874577914e-06,0.09999819669125423,5.97e-05,0.053434600000000075,3.4e-06,0.0018523999999999208,e607efe19abf622afe6a2dc54cdbb82817c602c38804e9e1969b52c2432abf0e,dfffd485a0dd02a621c202bc45034d7185ad25de7edf81464a331a4145c1f384,a643f62d82e2a28f903663acade174fee38dbb8daecccea9dfcca80068c57ba8,
pilot,shrinking_n2e6,shrinking,Shrinking,2000000,0.1,threshold_20,prospective,2,20.0,1,1,527,2026-07-12T16:43:59.901585+00:00,0.002488,0.0507573,True,False,0.1,0.0,106,3746,True,False,5721,67,1,72,0.07088105131315424,0.029118948686845766,0.04677959999999957,9.849999999999998e-05,4.7e-06,0.003874500000000426,559b042834d6ca15b8d0312def5e2f9fd7ed381a8d20c412792275df582b0f17,abe16b2ed19edc1a4851155bca072a4ac867bdfa892a72badaabd850b687e30a,a643f62d82e2a28f903663acade174fee38dbb8daecccea9dfcca80068c57ba8,
pilot,shrinking_n2e6,shrinking,Shrinking,2000000,0.1,threshold_500,prospective,2,500.0,1,1,528,2026-07-12T16:43:59.954696+00:00,0.002251,0.0428667,True,False,0.1,0.0,92,2255562,True,False,1571,2060,1,6,0.00624144752022355,0.09375855247977645,0.012858700000000011,0.027781799999999926,3.9e-06,0.002222300000000059,906629397e96ac1997f6ff965b36584ad6bcf54a49d921e1c1e01a5a64482c75,bfd8352749455514e625f00583f909a7a94d10b53ad44e556b52efed6ea0dd6b,a643f62d82e2a28f903663acade174fee38dbb8daecccea9dfcca80068c57ba8,
pilot,lotka_volterra_n1000000,lotka_volterra,Lotka-Volterra,1000000,1.0,threshold_100,prospective,2,100.0,2,1,529,2026-07-12T16:44:00.000387+00:00,0.0024743,0.0380945,True,False,1.0,0.0,1260177,2260177,False,False,2900,0,0,0,1.0,0.0,0.036171899999999924,0.0,0.0,0.0019226000000000798,abd4af4d42e2e60141809a0d5dfaa72376812f94b956d76a150082b8e4cd703e,e7fefa758ff0c9ddfc158dd986132fa8ca93d749d5882f06c328a063f72ffbf7,a643f62d82e2a28f903663acade174fee38dbb8daecccea9dfcca80068c57ba8,
pilot,lotka_volterra_n1000000,lotka_volterra,Lotka-Volterra,1000000,1.0,threshold_1000,prospective,2,1000.0,2,1,530,2026-07-12T16:44:00.041369+00:00,0.0018873,0.0435465,True,False,1.0,0.0,1261019,2261019,True,False,1,1304,1,0,0.0002118516900149446,0.9997881483099851,1.89e-05,0.04252240000000004,2.9e-06,0.001002299999999963,2b245af359d92c8a98121ca231c0469279fe843bdc4f47937ae8f94388dfa71f,5c5794f010bab12fb2cb6398120816db292597bc8d0066b426cdf20e9ce8a535,a643f62d82e2a28f903663acade174fee38dbb8daecccea9dfcca80068c57ba8,
pilot,lotka_volterra_n1000000,lotka_volterra,Lotka-Volterra,1000000,1.0,threshold_50,prospective,2,50.0,2,1,531,2026-07-12T16:44:00.087055+00:00,0.00242,0.0430966,True,False,1.0,0.0,1260177,2260177,False,False,2900,0,0,0,1.0,0.0,0.040883700000000016,0.0,0.0,0.002212899999999983,abd4af4d42e2e60141809a0d5dfaa72376812f94b956d76a150082b8e4cd703e,e7fefa758ff0c9ddfc158dd986132fa8ca93d749d5882f06c328a063f72ffbf7,a643f62d82e2a28f903663acade174fee38dbb8daecccea9dfcca80068c57ba8,
pilot,lotka_volterra_n1000000,lotka_volterra,Lotka-Volterra,1000000,1.0,threshold_300,prospective,2,300.0,2,1,532,2026-07-12T16:44:00.133570+00:00,0.0023794,0.0438511,True,False,1.0,0.0,1260177,2260177,False,False,2900,0,0,0,1.0,0.0,0.04150129999999993,0.0,0.0,0.0023498000000000685,abd4af4d42e2e60141809a0d5dfaa72376812f94b956d76a150082b8e4cd703e,e7fefa758ff0c9ddfc158dd986132fa8ca93d749d5882f06c328a063f72ffbf7,a643f62d82e2a28f903663acade174fee38dbb8daecccea9dfcca80068c57ba8,
pilot,lotka_volterra_n1000000,lotka_volterra,Lotka-Volterra,1000000,1.0,threshold_500,prospective,2,500.0,2,1,533,2026-07-12T16:44:00.180328+00:00,0.0021097,0.0507332,True,False,1.0,0.0,1261019,2261019,True,False,1,1304,1,0,0.0002118516900149446,0.9997881483099851,2.27e-05,0.04959790000000005,3.3e-06,0.001109299999999952,2b245af359d92c8a98121ca231c0469279fe843bdc4f47937ae8f94388dfa71f,5c5794f010bab12fb2cb6398120816db292597bc8d0066b426cdf20e9ce8a535,a643f62d82e2a28f903663acade174fee38dbb8daecccea9dfcca80068c57ba8,
pilot,lotka_volterra_n1000000,lotka_volterra,Lotka-Volterra,1000000,1.0,threshold_2000,prospective,2,2000.0,2,1,534,2026-07-12T16:44:00.232570+00:00,0.0023132,0.0496641,True,False,1.0,0.0,1261019,2261019,True,False,1,1304,1,0,0.0002118516900149446,0.9997881483099851,2.62e-05,0.04849,3e-06,0.0011449000000000042,2b245af359d92c8a98121ca231c0469279fe843bdc4f47937ae8f94388dfa71f,5c5794f010bab12fb2cb6398120816db292597bc8d0066b426cdf20e9ce8a535,a643f62d82e2a28f903663acade174fee38dbb8daecccea9dfcca80068c57ba8,
pilot,lotka_volterra_n1000000,lotka_volterra,Lotka-Volterra,1000000,1.0,threshold_750,prospective,2,750.0,2,1,535,2026-07-12T16:44:00.285633+00:00,0.0022218,0.0374557,True,False,1.0,0.0,1261019,2261019,True,False,1,1304,1,0,0.0002118516900149446,0.9997881483099851,2.52e-05,0.036548300000000075,3.2e-06,0.0008789999999999215,2b245af359d92c8a98121ca231c0469279fe843bdc4f47937ae8f94388dfa71f,5c5794f010bab12fb2cb6398120816db292597bc8d0066b426cdf20e9ce8a535,a643f62d82e2a28f903663acade174fee38dbb8daecccea9dfcca80068c57ba8,
pilot,lotka_volterra_n1000000,lotka_volterra,Lotka-Volterra,1000000,1.0,threshold_150,prospective,2,150.0,2,1,536,2026-07-12T16:44:00.325112+00:00,0.0022278,0.0334991,True,False,1.0,0.0,1260177,2260177,False,False,2900,0,0,0,1.0,0.0,0.031796799999999854,0.0,0.0,0.0017023000000001426,abd4af4d42e2e60141809a0d5dfaa72376812f94b956d76a150082b8e4cd703e,e7fefa758ff0c9ddfc158dd986132fa8ca93d749d5882f06c328a063f72ffbf7,a643f62d82e2a28f903663acade174fee38dbb8daecccea9dfcca80068c57ba8,
pilot,lotka_volterra_n1000000,lotka_volterra,Lotka-Volterra,1000000,1.0,forced_gillespie_after_initial_batch,prospective,2,1000000000000.0,2,1,537,2026-07-12T16:44:00.361806+00:00,0.0024615,0.0308607,True,False,1.0,0.0,1261019,2261019,True,False,1,1304,1,0,0.0002118516900149446,0.9997881483099851,2.22e-05,0.030055000000000037,3.9e-06,0.0007795999999999637,2b245af359d92c8a98121ca231c0469279fe843bdc4f47937ae8f94388dfa71f,5c5794f010bab12fb2cb6398120816db292597bc8d0066b426cdf20e9ce8a535,a643f62d82e2a28f903663acade174fee38dbb8daecccea9dfcca80068c57ba8,
pilot,lotka_volterra_n1000000,lotka_volterra,Lotka-Volterra,1000000,1.0,threshold_250,prospective,2,250.0,2,1,538,2026-07-12T16:44:00.395027+00:00,0.0020263,0.0387367,True,False,1.0,0.0,1260177,2260177,False,False,2900,0,0,0,1.0,0.0,0.036785899999999705,0.0,0.0,0.001950800000000294,abd4af4d42e2e60141809a0d5dfaa72376812f94b956d76a150082b8e4cd703e,e7fefa758ff0c9ddfc158dd986132fa8ca93d749d5882f06c328a063f72ffbf7,a643f62d82e2a28f903663acade174fee38dbb8daecccea9dfcca80068c57ba8,
pilot,lotka_volterra_n1000000,lotka_volterra,Lotka-Volterra,1000000,1.0,threshold_20,prospective,2,20.0,2,1,539,2026-07-12T16:44:00.437036+00:00,0.0026714,0.0316748,True,False,1.0,0.0,1260177,2260177,False,False,2900,0,0,0,1.0,0.0,0.030128199999999935,0.0,0.0,0.001546600000000068,abd4af4d42e2e60141809a0d5dfaa72376812f94b956d76a150082b8e4cd703e,e7fefa758ff0c9ddfc158dd986132fa8ca93d749d5882f06c328a063f72ffbf7,a643f62d82e2a28f903663acade174fee38dbb8daecccea9dfcca80068c57ba8,
pilot,lotka_volterra_n1000000,lotka_volterra,Lotka-Volterra,1000000,1.0,wallclock_timing,wallclock,0,,2,1,540,2026-07-12T16:44:00.471803+00:00,0.0023463,0.0307645,True,False,1.0,0.0,1261254,2261254,False,False,2894,4,4,0,0.9969072926641417,0.0030927073358582996,0.02917549999999997,0.000124,2.84e-05,0.001436600000000031,8d426846b2b2130a181b89be0d36b7919905d2750af23b01fbb44853484529d4,59cefc59cb4d7921218de52e6ac009f3a4819cae762336c8a2c8bdf41d54764c,a643f62d82e2a28f903663acade174fee38dbb8daecccea9dfcca80068c57ba8,
pilot,lotka_volterra_n1000000,lotka_volterra,Lotka-Volterra,1000000,1.0,threshold_400,prospective,2,400.0,2,1,541,2026-07-12T16:44:00.504799+00:00,0.0016312,0.0303782,True,False,1.0,0.0,1260177,2260177,False,False,2900,0,0,0,1.0,0.0,0.028861999999999957,0.0,0.0,0.001516200000000044,abd4af4d42e2e60141809a0d5dfaa72376812f94b956d76a150082b8e4cd703e,e7fefa758ff0c9ddfc158dd986132fa8ca93d749d5882f06c328a063f72ffbf7,a643f62d82e2a28f903663acade174fee38dbb8daecccea9dfcca80068c57ba8,
pilot,lotka_volterra_n1000000,lotka_volterra,Lotka-Volterra,1000000,1.0,threshold_200,prospective,2,200.0,2,1,542,2026-07-12T16:44:00.537610+00:00,0.0023631,0.0305016,True,False,1.0,0.0,1260177,2260177,False,False,2900,0,0,0,1.0,0.0,0.028970899999999897,0.0,0.0,0.0015307000000001035,abd4af4d42e2e60141809a0d5dfaa72376812f94b956d76a150082b8e4cd703e,e7fefa758ff0c9ddfc158dd986132fa8ca93d749d5882f06c328a063f72ffbf7,a643f62d82e2a28f903663acade174fee38dbb8daecccea9dfcca80068c57ba8,
pilot,lotka_volterra_n1000000,lotka_volterra,Lotka-Volterra,1000000,1.0,threshold_1500,prospective,2,1500.0,2,1,543,2026-07-12T16:44:00.570783+00:00,0.0022289,0.0257669,True,False,1.0,0.0,1261019,2261019,True,False,1,1304,1,0,0.0002118516900149446,0.9997881483099851,1.55e-05,0.025105400000000066,3.4e-06,0.0006425999999999307,2b245af359d92c8a98121ca231c0469279fe843bdc4f47937ae8f94388dfa71f,5c5794f010bab12fb2cb6398120816db292597bc8d0066b426cdf20e9ce8a535,a643f62d82e2a28f903663acade174fee38dbb8daecccea9dfcca80068c57ba8,
pilot,lotka_volterra_n1000000,lotka_volterra,Lotka-Volterra,1000000,1.0,forced_batch,prospective,2,0.0,2,1,544,2026-07-12T16:44:00.599254+00:00,0.0020929,0.0295637,True,False,1.0,0.0,1260177,2260177,False,False,2900,0,0,0,1.0,0.0,0.02813789999999995,0.0,0.0,0.00142580000000005,abd4af4d42e2e60141809a0d5dfaa72376812f94b956d76a150082b8e4cd703e,e7fefa758ff0c9ddfc158dd986132fa8ca93d749d5882f06c328a063f72ffbf7,a643f62d82e2a28f903663acade174fee38dbb8daecccea9dfcca80068c57ba8,
pilot,shrinking_n2e6,shrinking,Shrinking,2000000,0.1,threshold_500,prospective,2,500.0,3,1,545,2026-07-12T16:44:00.630564+00:00,0.001609,0.036987,True,False,0.1,0.0,102,2254786,True,False,1626,2060,1,6,0.006231290660517098,0.0937687093394829,0.010518000000000026,0.02459080000000007,2.5e-06,0.0018756999999999038,bceed106fd760ce8043411bad603318fd21bafef48e5c176b0b9147b2fcc5efa,536cb042414f5ee1030428f3b777383517a501b68e217f31fe46f680f329c8b3,a643f62d82e2a28f903663acade174fee38dbb8daecccea9dfcca80068c57ba8,
pilot,shrinking_n2e6,shrinking,Shrinking,2000000,0.1,threshold_20,prospective,2,20.0,3,1,546,2026-07-12T16:44:00.670175+00:00,0.0022806,0.0487094,True,False,0.1,0.0,82,3684,True,False,5764,66,1,72,0.07048062669332306,0.02951937330667695,0.044854699999999983,0.00011669999999999998,3.4e-06,0.0037346000000000185,4792bae27e168bb89aa3fb1ef42f2125bc0b5168e465d4e7b951d003b4a4fd08,8e91c356f0588d06502698a365bfc4eb8b1ff3788027035c44c86b867c573af2,a643f62d82e2a28f903663acade174fee38dbb8daecccea9dfcca80068c57ba8,
pilot,shrinking_n2e6,shrinking,Shrinking,2000000,0.1,threshold_50,prospective,2,50.0,3,1,547,2026-07-12T16:44:00.721198+00:00,0.0022116,0.0510692,True,False,0.1,0.0,87,22013,True,False,5521,193,1,54,0.05238682316460849,0.04761317683539151,0.046469399999999925,0.000582500000000001,3.1e-06,0.004014200000000079,e34f0d7eb8512598d96b55568e9fbf7dd32caee7e06a83ab728d52a74cca9dbb,4b43f6536a040edb73948b03e4bd6aa2f9a47e24982aa6dda01726c6ee15a6ca,a643f62d82e2a28f903663acade174fee38dbb8daecccea9dfcca80068c57ba8,
pilot,shrinking_n2e6,shrinking,Shrinking,2000000,0.1,threshold_2000,prospective,2,2000.0,3,1,548,2026-07-12T16:44:00.774949+00:00,0.0023354,0.0519696,True,False,0.1,0.0,93,4000093,True,False,1,2819,1,0,6.717883337107446e-06,0.0999932821166629,1.93e-05,0.05010459999999998,2.6e-06,0.0018431000000000211,e6a3828255e2523ad48beb83218d5ecdc9a9ad5cc1a90a7b4aee1a76e1ccba89,29188d6db9e56c77aa02028033951a75ab7d832ee8234b2228a6ffcdff357ad3,a643f62d82e2a28f903663acade174fee38dbb8daecccea9dfcca80068c57ba8,
pilot,shrinking_n2e6,shrinking,Shrinking,2000000,0.1,threshold_250,prospective,2,250.0,3,1,549,2026-07-12T16:44:00.830016+00:00,0.0023908,0.0415655,True,False,0.1,0.0,86,589770,True,False,3803,1022,1,20,0.02012071237575004,0.07987928762424996,0.03275689999999986,0.0056575000000000045,2.6e-06,0.0031485000000001373,13b634037fa0d997aab7686cfa2bedddab89d7c35e0789d084f442a477d8e312,2f60597865d399c45e204b01fe585471c1ae0dd16296746dc444089288272221,a643f62d82e2a28f903663acade174fee38dbb8daecccea9dfcca80068c57ba8,
pilot,shrinking_n2e6,shrinking,Shrinking,2000000,0.1,wallclock_timing,wallclock,0,,3,1,550,2026-07-12T16:44:00.874048+00:00,0.002688,0.0502014,True,False,0.1,0.0,97,291,False,False,5834,2,2,98,0.0999852603018466,1.47396981533994e-05,0.04664160000000018,9.87e-05,1.3e-05,0.003448099999999822,dd4b2152adb7e31d587a81282f20824116898875f08dc09f0db396ac8536e17c,932dee0d9241e7730627e847397d65644d810ae3a8327347db7eeb2e0a5777d2,a643f62d82e2a28f903663acade174fee38dbb8daecccea9dfcca80068c57ba8,
pilot,shrinking_n2e6,shrinking,Shrinking,2000000,0.1,forced_gillespie_after_initial_batch,prospective,2,1000000000000.0,3,1,551,2026-07-12T16:44:00.926969+00:00,0.0025152,0.0471719,True,False,0.1,0.0,93,4000093,True,False,1,2819,1,0,6.717883337107446e-06,0.0999932821166629,1.84e-05,0.04562030000000012,2.1e-06,0.0015310999999998826,e6a3828255e2523ad48beb83218d5ecdc9a9ad5cc1a90a7b4aee1a76e1ccba89,29188d6db9e56c77aa02028033951a75ab7d832ee8234b2228a6ffcdff357ad3,a643f62d82e2a28f903663acade174fee38dbb8daecccea9dfcca80068c57ba8,
pilot,shrinking_n2e6,shrinking,Shrinking,2000000,0.1,threshold_150,prospective,2,150.0,3,1,552,2026-07-12T16:44:00.977152+00:00,0.0017865,0.0367149,True,False,0.1,0.0,78,204868,True,False,4660,609,1,31,0.03035492607689844,0.06964507392310157,0.03159239999999992,0.002356899999999999,4.1e-06,0.0027615000000000764,7671d1246e9a6cd35f49acca774c7384a07bd78a7409c77e008b3802ea6f82e7,e79617f16b74eeb6f96597b043c139351f9dccd33ed15b5538dada8e25348a9f,a643f62d82e2a28f903663acade174fee38dbb8daecccea9dfcca80068c57ba8,
pilot,shrinking_n2e6,shrinking,Shrinking,2000000,0.1,threshold_1000,prospective,2,1000.0,3,1,553,2026-07-12T16:44:01.016797+00:00,0.0020891,0.0433994,True,False,0.1,0.0,93,4000093,True,False,1,2819,1,0,6.717883337107446e-06,0.0999932821166629,8.61e-05,0.041854100000000005,2.1e-06,0.001457099999999996,e6a3828255e2523ad48beb83218d5ecdc9a9ad5cc1a90a7b4aee1a76e1ccba89,29188d6db9e56c77aa02028033951a75ab7d832ee8234b2228a6ffcdff357ad3,a643f62d82e2a28f903663acade174fee38dbb8daecccea9dfcca80068c57ba8,
pilot,shrinking_n2e6,shrinking,Shrinking,2000000,0.1,threshold_1500,prospective,2,1500.0,3,1,554,2026-07-12T16:44:01.062595+00:00,0.002632,0.041016,True,False,0.1,0.0,93,4000093,True,False,1,2819,1,0,6.717883337107446e-06,0.0999932821166629,2.27e-05,0.03963820000000001,3.8e-06,0.0013512999999999858,e6a3828255e2523ad48beb83218d5ecdc9a9ad5cc1a90a7b4aee1a76e1ccba89,29188d6db9e56c77aa02028033951a75ab7d832ee8234b2228a6ffcdff357ad3,a643f62d82e2a28f903663acade174fee38dbb8daecccea9dfcca80068c57ba8,
pilot,shrinking_n2e6,shrinking,Shrinking,2000000,0.1,forced_batch,prospective,2,0.0,3,1,555,2026-07-12T16:44:01.106439+00:00,0.0016881,0.0431515,True,False,0.1,0.0,92,280,False,False,5893,0,0,98,0.1,0.0,0.039894399999999934,0.0,0.0,0.0032571000000000683,acfc996503c85086076c20bae111494f5277afbd8dc37870c37fb23665e9d575,92c0352c2dc3b5c15454a83875007468666824f7388cfefb17bc88b6568fd6da,a643f62d82e2a28f903663acade174fee38dbb8daecccea9dfcca80068c57ba8,
pilot,shrinking_n2e6,shrinking,Shrinking,2000000,0.1,threshold_400,prospective,2,400.0,3,1,556,2026-07-12T16:44:01.146713+00:00,0.0019379,0.0403206,True,False,0.1,0.0,94,1398174,True,False,2496,1645,1,11,0.010698048582507011,0.089301951417493,0.02146209999999997,0.01627619999999998,3.3e-06,0.0025790000000000535,ff4107b63cc13c5242ee979594e9ceda6b3bc6ed7b43ffece2a5531a899d5ba2,3dbf847d59e9d3175d8b84db9512c962763aae9c11c8ab8d0f9e1d2a90783310,a643f62d82e2a28f903663acade174fee38dbb8daecccea9dfcca80068c57ba8,
pilot,shrinking_n2e6,shrinking,Shrinking,2000000,0.1,threshold_200,prospective,2,200.0,3,1,557,2026-07-12T16:44:01.194172+00:00,0.0029092,0.0416767,True,False,0.1,0.0,68,364664,True,False,4230,813,1,25,0.02458279856968995,0.07541720143031005,0.03375669999999974,0.004646699999999996,2.5e-06,0.003270800000000261,5e105b34adc40b9db2eaedefa521fe2f52cdcadba36062dc6a091b48b94a54bc,518e6d91821562e668158379ff1b64213d0eaf4107023a75abef29acf8888be3,a643f62d82e2a28f903663acade174fee38dbb8daecccea9dfcca80068c57ba8,
pilot,shrinking_n2e6,shrinking,Shrinking,2000000,0.1,threshold_750,prospective,2,750.0,3,1,558,2026-07-12T16:44:01.234359+00:00,0.0025426,0.0533311,True,False,0.1,0.0,93,4000093,True,False,1,2819,1,0,6.717883337107446e-06,0.0999932821166629,2.43e-05,0.05154849999999986,2.6e-06,0.0017557000000001446,e6a3828255e2523ad48beb83218d5ecdc9a9ad5cc1a90a7b4aee1a76e1ccba89,29188d6db9e56c77aa02028033951a75ab7d832ee8234b2228a6ffcdff357ad3,a643f62d82e2a28f903663acade174fee38dbb8daecccea9dfcca80068c57ba8,
pilot,shrinking_n2e6,shrinking,Shrinking,2000000,0.1,threshold_100,prospective,2,100.0,3,1,559,2026-07-12T16:44:01.295440+00:00,0.001815,0.0370307,True,False,0.1,0.0,93,86301,True,False,5093,398,1,40,0.03851279708487379,0.061487202915126216,0.033190600000000056,0.0010228000000000008,3.3e-06,0.0028139999999999415,66c5fbca26724318d1ba1da7dbe8c0106c8d0502ce53e2bf79fbb0c81c78cbfd,e6c09e83bca4a74efcb0a309b130cf937efc973dfbdc2c9cd3317200d292f12c,a643f62d82e2a28f903663acade174fee38dbb8daecccea9dfcca80068c57ba8,
pilot,shrinking_n2e6,shrinking,Shrinking,2000000,0.1,threshold_300,prospective,2,300.0,3,1,560,2026-07-12T16:44:01.334624+00:00,0.002351,0.0323324,True,False,0.1,0.0,88,786218,True,False,3365,1232,1,17,0.01647418788604467,0.08352581211395534,0.021838800000000033,0.00822079999999999,2.5e-06,0.002270299999999975,e6da4ad3a2c9dfdb5d6bddda5916be403f5eeeb3882a0b39284b7ef2df5b43f9,b1e052d4672bc00f04bb3666a6f357e782bd43ca13c42b88e83bd9db725e1bfd,a643f62d82e2a28f903663acade174fee38dbb8daecccea9dfcca80068c57ba8,
pilot,rossler_n1e5,rossler,Rössler-Willamowski,100000,1.0,wallclock_timing,wallclock,0,,2,1,561,2026-07-12T16:44:01.368542+00:00,0.0026633,2.4436789,True,False,1.0,0.0,3009021,6009021,False,False,143895,3560,80,18,0.8541598257198192,0.14584017428018076,2.011438400000248,0.25170489999999984,0.0008737999999999998,0.17966179999975207,fb3ad819f9ec0604c8c622c60b4b7b6d80f6f2e5f8b92127a41815d2b96cc4f6,594e5f26463b043e0b7e59ab38a2d5aed6c48fe2b2cd43d560d14449204c309b,a643f62d82e2a28f903663acade174fee38dbb8daecccea9dfcca80068c57ba8,
pilot,rossler_n1e5,rossler,Rössler-Willamowski,100000,1.0,threshold_1500,prospective,2,1500.0,2,1,562,2026-07-12T16:44:03.816519+00:00,0.0025214,4.4823662,True,False,1.0,0.0,3025909,3225909,True,False,1,47627,1,0,2.4460367381439282e-05,0.9999755396326185,2.32e-05,4.414354800000078,3.7e-06,0.0679844999999224,d65f07a1b9992bc2cd31af1d3bb3c57479b6064a3147b3301e34f82c6db2d9f8,a9016ddfc32e5a58c6568700a39b072cdc6d0b6359436d2bcaba05f9138b5761,a643f62d82e2a28f903663acade174fee38dbb8daecccea9dfcca80068c57ba8,
pilot,rossler_n1e5,rossler,Rössler-Willamowski,100000,1.0,threshold_50,prospective,2,50.0,2,1,563,2026-07-12T16:44:08.302155+00:00,0.0028859,2.6668591,True,False,1.0,0.0,3013429,5920349,False,False,161618,0,0,28,1.0,0.0,2.443282499999982,0.0,0.0,0.2235766000000181,8253eb967b676b425c05d97a661f54f172b2a08c28fae4adbcac99c1206de0bb,efb26cbc86cb78d055e68055afda541336dcc765b73c8030bff62cf952d05cf3,a643f62d82e2a28f903663acade174fee38dbb8daecccea9dfcca80068c57ba8,
pilot,rossler_n1e5,rossler,Rössler-Willamowski,100000,1.0,threshold_2000,prospective,2,2000.0,2,1,564,2026-07-12T16:44:10.972348+00:00,0.0027757,4.813337,True,False,1.0,0.0,3025909,3225909,True,False,1,47627,1,0,2.4460367381439282e-05,0.9999755396326185,6.04e-05,4.7414623000002,5.5e-06,0.07180879999979961,d65f07a1b9992bc2cd31af1d3bb3c57479b6064a3147b3301e34f82c6db2d9f8,a9016ddfc32e5a58c6568700a39b072cdc6d0b6359436d2bcaba05f9138b5761,a643f62d82e2a28f903663acade174fee38dbb8daecccea9dfcca80068c57ba8,
pilot,rossler_n1e5,rossler,Rössler-Willamowski,100000,1.0,threshold_200,prospective,2,200.0,2,1,565,2026-07-12T16:44:15.788453+00:00,0.0021693,2.4667202,True,False,1.0,0.0,3022018,5823442,False,False,161879,655,2,15,0.9337670938474719,0.0662329061525281,2.251127600000197,0.012058799999999998,2.29e-05,0.2035108999998032,d91e6185ed7c616c81d3f9dcc2709d6f848903a44d4e2b0e4210d409403e0d49,75ce392a6953d4710139e3e5adcd337e983e1f46d6893c91ab0328e6837619ae,a643f62d82e2a28f903663acade174fee38dbb8daecccea9dfcca80068c57ba8,
pilot,rossler_n1e5,rossler,Rössler-Willamowski,100000,1.0,forced_gillespie_after_initial_batch,prospective,2,1000000000000.0,2,1,566,2026-07-12T16:44:18.256947+00:00,0.0020947,4.3625458,True,False,1.0,0.0,3025909,3225909,True,False,1,47627,1,0,2.4460367381439282e-05,0.9999755396326185,1.79e-05,4.300442400000023,3.2e-06,0.06208229999997794,d65f07a1b9992bc2cd31af1d3bb3c57479b6064a3147b3301e34f82c6db2d9f8,a9016ddfc32e5a58c6568700a39b072cdc6d0b6359436d2bcaba05f9138b5761,a643f62d82e2a28f903663acade174fee38dbb8daecccea9dfcca80068c57ba8,
pilot,rossler_n1e5,rossler,Rössler-Willamowski,100000,1.0,threshold_250,prospective,2,250.0,2,1,567,2026-07-12T16:44:22.621774+00:00,0.0026552,2.4854313,True,False,1.0,0.0,3016383,5987269,False,False,157444,921,2,12,0.9181934405406011,0.08180655945939883,2.257137799999881,0.01665400000000001,1.81e-05,0.21162140000011886,cc7edfe66bec3b39f002fc1343fd80d46651103078764fc358c80c381ca4f8b6,ad1b1d94dd55740075a2e450f729db9f5c6f647936a2d8e49406032285594558,a643f62d82e2a28f903663acade174fee38dbb8daecccea9dfcca80068c57ba8,
pilot,rossler_n1e5,rossler,Rössler-Willamowski,100000,1.0,threshold_1000,prospective,2,1000.0,2,1,568,2026-07-12T16:44:25.110688+00:00,0.0023982,3.3272124,True,False,1.0,0.0,3032347,6032347,True,False,12670,42316,3,0,0.04908512073874613,0.9509148792612538,0.16580420000000282,3.096498599999936,2.82e-05,0.06488140000006126,ce6b987101a2e1a9e027c4756ab07cbb0d351f0d20a2be48555bdc02638869c9,bd433c16a9f5d74ce86ef6b36959001e265a7156ddf3a4e4410286b373eb85f7,a643f62d82e2a28f903663acade174fee38dbb8daecccea9dfcca80068c57ba8,
pilot,rossler_n1e5,rossler,Rössler-Willamowski,100000,1.0,threshold_300,prospective,2,300.0,2,1,569,2026-07-12T16:44:28.440097+00:00,0.0024569,2.2732656,True,False,1.0,0.0,3020829,6020829,False,False,148668,2652,4,9,0.8449487700085099,0.15505122999149007,1.9457447000002785,0.1439555,5.34e-05,0.18351199999972145,d2b047191b35f9a4dac068fb78bb21d87e00c7d201fe303a7d91efbc6d17ae11,469f191b9acc4b13307efc42f12de4756817de19b054dbe0a7083eb79b10b45d,a643f62d82e2a28f903663acade174fee38dbb8daecccea9dfcca80068c57ba8,
pilot,rossler_n1e5,rossler,Rössler-Willamowski,100000,1.0,threshold_400,prospective,2,400.0,2,1,570,2026-07-12T16:44:30.716433+00:00,0.0015392,1.5481995,True,False,1.0,0.0,3027804,6027804,False,False,126362,7188,4,4,0.6866593548429079,0.31334064515709215,1.1445170999997902,0.29460409999999965,3.39e-05,0.10904440000020998,a7e3ded1aaffc67eb190c24b4ecaa92c10fb49c1822ed554db6b825a83008ea1,20e30dcb5a3c9d11d89a82352c297b0c99315c2aaeb64e453dc1565b58bcb6cb,a643f62d82e2a28f903663acade174fee38dbb8daecccea9dfcca80068c57ba8,
pilot,rossler_n1e5,rossler,Rössler-Willamowski,100000,1.0,threshold_150,prospective,2,150.0,2,1,571,2026-07-12T16:44:32.261136+00:00,0.0015028,1.6086364,True,False,1.0,0.0,3021269,5962783,False,False,159417,389,2,20,0.9538317153323074,0.04616828466769259,1.472495400000179,0.004226400000000001,1.27e-05,0.13190189999982072,b2a0e6581195fc045792d6d5ac8907a6ffb30fc6ab5ccfebd3970c509aebd44d,9a4a568b0927efad5efb3e1edc77f1e7a4f1766a9e780ea054288d859682c84f,a643f62d82e2a28f903663acade174fee38dbb8daecccea9dfcca80068c57ba8,
pilot,rossler_n1e5,rossler,Rössler-Willamowski,100000,1.0,threshold_750,prospective,2,750.0,2,1,572,2026-07-12T16:44:33.876638+00:00,0.0015492,1.9790947,True,False,1.0,0.0,3025238,6025238,True,False,39222,31384,3,0,0.17155546698226043,0.8284445330177396,0.3507250000000625,1.5678053999999946,2.0700000000000002e-05,0.060543599999942854,2b767a432963d51a67ddaf94d27359461f2b2992ccfb6e0479bbf7b7e4446eab,8568f4c99eaba7c160f64afe4a79ae45ac0da7518ded98c5b4b64ec7ecec72b6,a643f62d82e2a28f903663acade174fee38dbb8daecccea9dfcca80068c57ba8,
pilot,rossler_n1e5,rossler,Rössler-Willamowski,100000,1.0,forced_batch,prospective,2,0.0,2,1,573,2026-07-12T16:44:35.857728+00:00,0.0018575,1.5983023,True,False,1.0,0.0,3013429,5920349,False,False,161618,0,0,28,1.0,0.0,1.4673501000001552,0.0,0.0,0.13095219999984486,8253eb967b676b425c05d97a661f54f172b2a08c28fae4adbcac99c1206de0bb,efb26cbc86cb78d055e68055afda541336dcc765b73c8030bff62cf952d05cf3,a643f62d82e2a28f903663acade174fee38dbb8daecccea9dfcca80068c57ba8,
pilot,rossler_n1e5,rossler,Rössler-Willamowski,100000,1.0,threshold_500,prospective,2,500.0,2,1,574,2026-07-12T16:44:37.457588+00:00,0.0019864,1.6368678,True,False,1.0,0.0,3018260,6018260,True,False,87375,16743,5,0,0.43614759229132616,0.5638524077086738,0.7983727999997227,0.7528635000000046,4.09e-05,0.08559060000027308,66a1e60312a13fcf9f41019cde168e0c14509f488fbbabc579a1ac8359317745,7aef6022535b1d2c946fc9d5ad3f530e544bad128c61867b2c58061c14e79e35,a643f62d82e2a28f903663acade174fee38dbb8daecccea9dfcca80068c57ba8,
pilot,rossler_n1e5,rossler,Rössler-Willamowski,100000,1.0,threshold_20,prospective,2,20.0,2,1,575,2026-07-12T16:44:39.096918+00:00,0.0015843,1.6352838,True,False,1.0,0.0,3013429,5920349,False,False,161618,0,0,28,1.0,0.0,1.5018693000001921,0.0,0.0,0.13341449999980792,8253eb967b676b425c05d97a661f54f172b2a08c28fae4adbcac99c1206de0bb,efb26cbc86cb78d055e68055afda541336dcc765b73c8030bff62cf952d05cf3,a643f62d82e2a28f903663acade174fee38dbb8daecccea9dfcca80068c57ba8,
pilot,rossler_n1e5,rossler,Rössler-Willamowski,100000,1.0,threshold_100,prospective,2,100.0,2,1,576,2026-07-12T16:44:40.732881+00:00,0.0017442,1.6360983,True,False,1.0,0.0,3011732,5795748,False,False,163891,117,2,25,0.9827928578104176,0.017207142189582355,1.5035756000000953,0.0011125999999999992,1.1599999999999999e-05,0.13139849999990494,3eca5f88794bfb444183034006b4ff9979368e2a77b2ea35b9b0c9b37b6c5983,a22d286f6966d8e0110816cc47dbc997aba03611fda5375b058ec05b7cddbdae,a643f62d82e2a28f903663acade174fee38dbb8daecccea9dfcca80068c57ba8,
pilot,shrinking_split_b_decay_n2e6,shrinking,Shrinking split B decay,2000000,0.1,threshold_100,prospective,2,100.0,1,0,577,2026-07-12T16:44:42.372599+00:00,0.0019021,0.0283587,True,False,0.1,0.0,88,86396,True,False,5001,398,1,40,0.03848901549699576,0.06151098450300425,0.02552039999999992,0.0008736000000000016,3.5e-06,0.0019612000000000795,b66ff504b858a4ba04f6b78324feb8408af96ed65261a0753afe7f385a3dcefd,698f17c4cc8d36dc953f4c025d778b0471b98afcc045355615c2042f8802d4af,a643f62d82e2a28f903663acade174fee38dbb8daecccea9dfcca80068c57ba8,
pilot,shrinking_split_b_decay_n2e6,shrinking,Shrinking split B decay,2000000,0.1,threshold_250,prospective,2,250.0,1,0,578,2026-07-12T16:44:42.403446+00:00,0.0018655,0.0257285,True,False,0.1,0.0,86,537198,True,False,3701,1024,1,21,0.020107259210169204,0.0798927407898308,0.01905459999999974,0.004950999999999995,2e-06,0.0017209000000002646,3080a6f55e795bc7f19366c725a440f44b30474c75549c3e2ed2db4830e13ceb,5b450b8cc5de277f4d573749836e09052fb406aef6784cbd2fca4b4194cd53ac,a643f62d82e2a28f903663acade174fee38dbb8daecccea9dfcca80068c57ba8,
pilot,shrinking_split_b_decay_n2e6,shrinking,Shrinking split B decay,2000000,0.1,wallclock_timing,wallclock,0,,1,0,579,2026-07-12T16:44:42.430013+00:00,0.0012753,0.0310607,True,False,0.1,0.0,95,297,False,False,5742,2,2,97,0.09998524021742287,1.4759782577128898e-05,0.02905039999999988,4.62e-05,5.7e-06,0.0019584000000001205,2c29c8ca2e4bc6b8de308ea277470e48938f79c77942b9c39f119d20b3bb484f,8646cbc1a2e6dd9898905ccb78fa98c1aefcd16d3e9189cce68b00d11672492c,a643f62d82e2a28f903663acade174fee38dbb8daecccea9dfcca80068c57ba8,
pilot,shrinking_split_b_decay_n2e6,shrinking,Shrinking split B decay,2000000,0.1,forced_batch,prospective,2,0.0,1,0,580,2026-07-12T16:44:42.463231+00:00,0.0013309,0.031055,True,False,0.1,0.0,116,348,False,False,5813,0,0,97,0.1,0.0,0.02890280000000015,0.0,0.0,0.0021521999999998508,5c04c872fb420edb8f19db95412b8d079234872a7289392395261f485ab07531,3dd02871881d525c05ca1949df3b41a3edf3874861ec6cd646b910bc80dcfcda,a643f62d82e2a28f903663acade174fee38dbb8daecccea9dfcca80068c57ba8,
pilot,shrinking_split_b_decay_n2e6,shrinking,Shrinking split B decay,2000000,0.1,threshold_1000,prospective,2,1000.0,1,0,581,2026-07-12T16:44:42.496421+00:00,0.0012948,0.0358625,True,False,0.1,0.0,90,4000090,True,False,1,2817,1,0,1.80330874577914e-06,0.09999819669125423,1.25e-05,0.03483620000000003,2.4e-06,0.0010113999999999679,4920565192080e48e528a3afad1ea3bc029919fcd90c7676bc1d84d8ac598b8f,79893858f74e3248dbcb3ae65636fb78d899721d9e4c916bc6033366ed905678,a643f62d82e2a28f903663acade174fee38dbb8daecccea9dfcca80068c57ba8,
pilot,shrinking_split_b_decay_n2e6,shrinking,Shrinking split B decay,2000000,0.1,threshold_500,prospective,2,500.0,1,0,582,2026-07-12T16:44:42.530144+00:00,0.0012727,0.028457,True,False,0.1,0.0,91,2255619,True,False,1565,2061,1,6,0.006240086085588358,0.09375991391441164,0.008215500000000037,0.018910999999999952,1.9e-06,0.0013286000000000096,5e7410961242bac1e3660889a1d4a6dc7c774a1a18531151bd3f0279d57710ba,86ff4df562f55def5db0e616eac18c60cd0c1ee604ed9b18a14d9a85401b09ae,a643f62d82e2a28f903663acade174fee38dbb8daecccea9dfcca80068c57ba8,
pilot,shrinking_split_b_decay_n2e6,shrinking,Shrinking split B decay,2000000,0.1,threshold_1500,prospective,2,1500.0,1,0,583,2026-07-12T16:44:42.563189+00:00,0.0012948,0.0356746,True,False,0.1,0.0,90,4000090,True,False,1,2817,1,0,1.80330874577914e-06,0.09999819669125423,1.5e-05,0.03464710000000003,1.9e-06,0.0010105999999999726,4920565192080e48e528a3afad1ea3bc029919fcd90c7676bc1d84d8ac598b8f,79893858f74e3248dbcb3ae65636fb78d899721d9e4c916bc6033366ed905678,a643f62d82e2a28f903663acade174fee38dbb8daecccea9dfcca80068c57ba8,
pilot,shrinking_split_b_decay_n2e6,shrinking,Shrinking split B decay,2000000,0.1,threshold_150,prospective,2,150.0,1,0,584,2026-07-12T16:44:42.596518+00:00,0.0018958,0.0270124,True,False,0.1,0.0,89,205893,True,False,4564,608,1,31,0.030360961393832254,0.06963903860616776,0.02322999999999979,0.0019244000000000002,2.1e-06,0.0018559000000002088,e8de19a1259a89244140cfe5ec641643121567b5c5eda1a96d64ec67876988f5,865b3ab38698b8ad221c31547f6eec15141a4b8e47a8120330575bedabb6ec93,a643f62d82e2a28f903663acade174fee38dbb8daecccea9dfcca80068c57ba8,
pilot,shrinking_split_b_decay_n2e6,shrinking,Shrinking split B decay,2000000,0.1,threshold_20,prospective,2,20.0,1,0,585,2026-07-12T16:44:42.630195+00:00,0.0015058,0.030668,True,False,0.1,0.0,101,3645,True,False,5687,68,1,72,0.07092143769805077,0.029078562301949232,0.028491400000000097,5.6099999999999995e-05,2.9e-06,0.0021175999999999036,7f30da01c6fc153e5123db60cb1d19a2b8d9ea8a69d55cf58e2f2167563feb4b,ff86c1d69e0870b39bf673ab26aff0fe52ba9bc3f00936afeba56441759a7d65,a643f62d82e2a28f903663acade174fee38dbb8daecccea9dfcca80068c57ba8,
pilot,shrinking_split_b_decay_n2e6,shrinking,Shrinking split B decay,2000000,0.1,threshold_2000,prospective,2,2000.0,1,0,586,2026-07-12T16:44:42.662323+00:00,0.0016943,0.036909,True,False,0.1,0.0,90,4000090,True,False,1,2817,1,0,1.80330874577914e-06,0.09999819669125423,1.57e-05,0.03583150000000005,4e-06,0.001057799999999949,4920565192080e48e528a3afad1ea3bc029919fcd90c7676bc1d84d8ac598b8f,79893858f74e3248dbcb3ae65636fb78d899721d9e4c916bc6033366ed905678,a643f62d82e2a28f903663acade174fee38dbb8daecccea9dfcca80068c57ba8,
pilot,shrinking_split_b_decay_n2e6,shrinking,Shrinking split B decay,2000000,0.1,threshold_200,prospective,2,200.0,1,0,587,2026-07-12T16:44:42.696919+00:00,0.0012741,0.0261163,True,False,0.1,0.0,97,366281,True,False,4124,818,1,25,0.024563592005787286,0.07543640799421271,0.02109859999999974,0.0032021999999999975,2.6e-06,0.001812900000000263,9e5da0ea26ff91d8114dfc966eeb9874b7b70994b65ca62e5f554ca5196de7cf,aef7f5f20af696c4c2ac733dd579f34e8b72cfb6aa9bcfb1fc257cc6f781cd86,a643f62d82e2a28f903663acade174fee38dbb8daecccea9dfcca80068c57ba8,
pilot,shrinking_split_b_decay_n2e6,shrinking,Shrinking split B decay,2000000,0.1,forced_gillespie_after_initial_batch,prospective,2,1000000000000.0,1,0,588,2026-07-12T16:44:42.729095+00:00,0.0013025,0.0376463,True,False,0.1,0.0,90,4000090,True,False,1,2817,1,0,1.80330874577914e-06,0.09999819669125423,1.31e-05,0.036497599999999894,3.3e-06,0.0011323000000001068,4920565192080e48e528a3afad1ea3bc029919fcd90c7676bc1d84d8ac598b8f,79893858f74e3248dbcb3ae65636fb78d899721d9e4c916bc6033366ed905678,a643f62d82e2a28f903663acade174fee38dbb8daecccea9dfcca80068c57ba8,
pilot,shrinking_split_b_decay_n2e6,shrinking,Shrinking split B decay,2000000,0.1,threshold_50,prospective,2,50.0,1,0,589,2026-07-12T16:44:42.766906+00:00,0.0015169,0.0326732,True,False,0.1,0.0,104,21892,True,False,5429,192,1,54,0.052331366422190564,0.04766863357780944,0.030055100000000206,0.0002632000000000006,2.8e-06,0.002352099999999791,49f70530167114fccda91b4c41bb9fd96a0fac41d413bdaabac29d3d79dda790,96966be10c8e5922ac1ad0c133dd4d1b5512f0b9f41ad525fb19cd6815b876f4,a643f62d82e2a28f903663acade174fee38dbb8daecccea9dfcca80068c57ba8,
pilot,shrinking_split_b_decay_n2e6,shrinking,Shrinking split B decay,2000000,0.1,threshold_400,prospective,2,400.0,1,0,590,2026-07-12T16:44:42.802709+00:00,0.0015262,0.0277323,True,False,0.1,0.0,96,1398318,True,False,2400,1646,1,11,0.010697678381688575,0.08930232161831143,0.013713299999999857,0.012411699999999982,2.3e-06,0.0016050000000001619,9e8573539e1ead40df1e986280428f828945bc7145d82dd21ac1a80d309ef2fa,570f2fd4feeb29898a95af4bcf3b144242f11036bc8cf3053054e574ebcb53c2,a643f62d82e2a28f903663acade174fee38dbb8daecccea9dfcca80068c57ba8,
pilot,shrinking_split_b_decay_n2e6,shrinking,Shrinking split B decay,2000000,0.1,threshold_300,prospective,2,300.0,1,0,591,2026-07-12T16:44:42.830376+00:00,0.0012524,0.0259447,True,False,0.1,0.0,96,787562,True,False,3261,1232,1,17,0.016468023771822448,0.08353197622817755,0.01713249999999979,0.007161500000000012,2.4e-06,0.0016483000000001996,7682061e7a3f6f1960af5dce2b755f9a5dfc21ee24a74f1cc393ddf810273b81,57cf651a1033abec6d5fb7ee837192f3c50383ef58f4199cb4ef008beb304151,a643f62d82e2a28f903663acade174fee38dbb8daecccea9dfcca80068c57ba8,
pilot,shrinking_split_b_decay_n2e6,shrinking,Shrinking split B decay,2000000,0.1,threshold_750,prospective,2,750.0,1,0,592,2026-07-12T16:44:42.857542+00:00,0.0012731,0.0360822,True,False,0.1,0.0,90,4000090,True,False,1,2817,1,0,1.80330874577914e-06,0.09999819669125423,1.32e-05,0.03503860000000007,2.7e-06,0.00102769999999993,4920565192080e48e528a3afad1ea3bc029919fcd90c7676bc1d84d8ac598b8f,79893858f74e3248dbcb3ae65636fb78d899721d9e4c916bc6033366ed905678,a643f62d82e2a28f903663acade174fee38dbb8daecccea9dfcca80068c57ba8,
pilot,brusselator_n2e4,brusselator,Order-3 Brusselator,20000,20.0,threshold_2000,prospective,2,2000.0,3,0,593,2026-07-12T16:44:42.896736+00:00,0.0014877,0.0624749,True,False,20.0,0.0,187352,197352,True,False,1,5455,1,0,3.624956931967462e-05,19.99996375043068,5.25e-05,0.05940140000000009,3.4e-06,0.003017599999999912,a2a688d6e71081eb9323ff3565abd5c9cd809a9f5cd4abf14c44b84d83af34e5,5d03100e02e1fa2fbb049cfc03ca755682807e8d10bf0e404af2e94092e81ff2,a643f62d82e2a28f903663acade174fee38dbb8daecccea9dfcca80068c57ba8,
pilot,brusselator_n2e4,brusselator,Order-3 Brusselator,20000,20.0,threshold_1000,prospective,2,1000.0,3,0,594,2026-07-12T16:44:42.956783+00:00,0.0013503,0.0624112,True,False,20.0,0.0,187352,197352,True,False,1,5455,1,0,3.624956931967462e-05,19.99996375043068,5.34e-05,0.059398099999999704,5.6e-06,0.0029541000000002926,a2a688d6e71081eb9323ff3565abd5c9cd809a9f5cd4abf14c44b84d83af34e5,5d03100e02e1fa2fbb049cfc03ca755682807e8d10bf0e404af2e94092e81ff2,a643f62d82e2a28f903663acade174fee38dbb8daecccea9dfcca80068c57ba8,
pilot,brusselator_n2e4,brusselator,Order-3 Brusselator,20000,20.0,threshold_750,prospective,2,750.0,3,0,595,2026-07-12T16:44:43.025603+00:00,0.0014958,0.0653816,True,False,20.0,0.0,187352,197352,True,False,1,5455,1,0,3.624956931967462e-05,19.99996375043068,4.73e-05,0.062455599999999785,4.5e-06,0.0028742000000002155,a2a688d6e71081eb9323ff3565abd5c9cd809a9f5cd4abf14c44b84d83af34e5,5d03100e02e1fa2fbb049cfc03ca755682807e8d10bf0e404af2e94092e81ff2,a643f62d82e2a28f903663acade174fee38dbb8daecccea9dfcca80068c57ba8,
pilot,brusselator_n2e4,brusselator,Order-3 Brusselator,20000,20.0,threshold_100,prospective,2,100.0,3,0,596,2026-07-12T16:44:43.082111+00:00,0.0013884,0.0647381,True,False,20.0,0.0,187352,197352,True,False,1,5455,1,0,3.624956931967462e-05,19.99996375043068,3.36e-05,0.06184989999999985,3.2e-06,0.0028514000000001566,a2a688d6e71081eb9323ff3565abd5c9cd809a9f5cd4abf14c44b84d83af34e5,5d03100e02e1fa2fbb049cfc03ca755682807e8d10bf0e404af2e94092e81ff2,a643f62d82e2a28f903663acade174fee38dbb8daecccea9dfcca80068c57ba8,
pilot,brusselator_n2e4,brusselator,Order-3 Brusselator,20000,20.0,wallclock_timing,wallclock,0,,3,0,597,2026-07-12T16:44:43.159534+00:00,0.0014843,0.0681076,True,False,20.0,0.0,183693,193693,True,False,256,5486,1,0,0.004432430313484493,19.995567569686518,0.005379899999999998,0.059777299999999804,4.5e-06,0.0029459000000001956,35f56bcfa98c9db086302f5e05d925289fb413bd5bdcb42e66c4903d1077abc4,d3819289f4445da7fa38d50c90d850f4d5a6c41539641e5b09eb62bb90226f5a,a643f62d82e2a28f903663acade174fee38dbb8daecccea9dfcca80068c57ba8,
pilot,brusselator_n2e4,brusselator,Order-3 Brusselator,20000,20.0,threshold_500,prospective,2,500.0,3,0,598,2026-07-12T16:44:43.229343+00:00,0.0020531,0.0741986,True,False,20.0,0.0,187352,197352,True,False,1,5455,1,0,3.624956931967462e-05,19.99996375043068,3.54e-05,0.07118219999999996,5.4e-06,0.0029756000000000365,a2a688d6e71081eb9323ff3565abd5c9cd809a9f5cd4abf14c44b84d83af34e5,5d03100e02e1fa2fbb049cfc03ca755682807e8d10bf0e404af2e94092e81ff2,a643f62d82e2a28f903663acade174fee38dbb8daecccea9dfcca80068c57ba8,
pilot,brusselator_n2e4,brusselator,Order-3 Brusselator,20000,20.0,threshold_200,prospective,2,200.0,3,0,599,2026-07-12T16:44:43.305822+00:00,0.0014104,0.074262,True,False,20.0,0.0,187352,197352,True,False,1,5455,1,0,3.624956931967462e-05,19.99996375043068,3.44e-05,0.07133549999999986,3.3e-06,0.0028888000000001357,a2a688d6e71081eb9323ff3565abd5c9cd809a9f5cd4abf14c44b84d83af34e5,5d03100e02e1fa2fbb049cfc03ca755682807e8d10bf0e404af2e94092e81ff2,a643f62d82e2a28f903663acade174fee38dbb8daecccea9dfcca80068c57ba8,
pilot,brusselator_n2e4,brusselator,Order-3 Brusselator,20000,20.0,threshold_400,prospective,2,400.0,3,0,600,2026-07-12T16:44:43.381850+00:00,0.0013928,0.0668855,True,False,20.0,0.0,187352,197352,True,False,1,5455,1,0,3.624956931967462e-05,19.99996375043068,3.46e-05,0.06393020000000002,3.4e-06,0.002917299999999984,a2a688d6e71081eb9323ff3565abd5c9cd809a9f5cd4abf14c44b84d83af34e5,5d03100e02e1fa2fbb049cfc03ca755682807e8d10bf0e404af2e94092e81ff2,a643f62d82e2a28f903663acade174fee38dbb8daecccea9dfcca80068c57ba8,
pilot,brusselator_n2e4,brusselator,Order-3 Brusselator,20000,20.0,forced_gillespie_after_initial_batch,prospective,2,1000000000000.0,3,0,601,2026-07-12T16:44:43.450336+00:00,0.0013879,0.0667491,True,False,20.0,0.0,187352,197352,True,False,1,5455,1,0,3.624956931967462e-05,19.99996375043068,3.26e-05,0.06372829999999985,3.6e-06,0.0029846000000001566,a2a688d6e71081eb9323ff3565abd5c9cd809a9f5cd4abf14c44b84d83af34e5,5d03100e02e1fa2fbb049cfc03ca755682807e8d10bf0e404af2e94092e81ff2,a643f62d82e2a28f903663acade174fee38dbb8daecccea9dfcca80068c57ba8,
pilot,brusselator_n2e4,brusselator,Order-3 Brusselator,20000,20.0,forced_batch,prospective,2,0.0,3,0,602,2026-07-12T16:44:43.518643+00:00,0.0013648,30.0000359,False,True,11.44389448626431,-8.55610551373569,172553,182553,False,False,1215950,0,0,0,11.44389448626431,0.0,29.21643079996517,0.0,0.0,0.7836051000348299,9693572715bfe5ab76be650033d86818886163d812b5bacd5e35cc8b2e0eb12e,a980cddc9e94236d2bf6baf873f046d52eb945d986e7cb53550fe9b1b653f6d9,a643f62d82e2a28f903663acade174fee38dbb8daecccea9dfcca80068c57ba8,wall-clock cap reached before t_max
pilot,brusselator_n2e4,brusselator,Order-3 Brusselator,20000,20.0,threshold_20,prospective,2,20.0,3,0,603,2026-07-12T16:45:13.519835+00:00,0.0029704,0.1055217,True,False,20.0,0.0,187352,197352,True,False,1,5455,1,0,3.624956931967462e-05,19.99996375043068,6.65e-05,0.10093440000000013,5.9e-06,0.0045148999999998635,a2a688d6e71081eb9323ff3565abd5c9cd809a9f5cd4abf14c44b84d83af34e5,5d03100e02e1fa2fbb049cfc03ca755682807e8d10bf0e404af2e94092e81ff2,a643f62d82e2a28f903663acade174fee38dbb8daecccea9dfcca80068c57ba8,
pilot,brusselator_n2e4,brusselator,Order-3 Brusselator,20000,20.0,threshold_250,prospective,2,250.0,3,0,604,2026-07-12T16:45:13.628846+00:00,0.0025337,0.107565,True,False,20.0,0.0,187352,197352,True,False,1,5455,1,0,3.624956931967462e-05,19.99996375043068,4.67e-05,0.10268859999999982,4.2e-06,0.004825500000000177,a2a688d6e71081eb9323ff3565abd5c9cd809a9f5cd4abf14c44b84d83af34e5,5d03100e02e1fa2fbb049cfc03ca755682807e8d10bf0e404af2e94092e81ff2,a643f62d82e2a28f903663acade174fee38dbb8daecccea9dfcca80068c57ba8,
pilot,brusselator_n2e4,brusselator,Order-3 Brusselator,20000,20.0,threshold_50,prospective,2,50.0,3,0,605,2026-07-12T16:45:13.739182+00:00,0.0027535,0.1272281,True,False,20.0,0.0,187352,197352,True,False,1,5455,1,0,3.624956931967462e-05,19.99996375043068,6.91e-05,0.1221980999999997,6.7e-06,0.004954200000000311,a2a688d6e71081eb9323ff3565abd5c9cd809a9f5cd4abf14c44b84d83af34e5,5d03100e02e1fa2fbb049cfc03ca755682807e8d10bf0e404af2e94092e81ff2,a643f62d82e2a28f903663acade174fee38dbb8daecccea9dfcca80068c57ba8,
pilot,brusselator_n2e4,brusselator,Order-3 Brusselator,20000,20.0,threshold_150,prospective,2,150.0,3,0,606,2026-07-12T16:45:13.870115+00:00,0.0021841,0.1052531,True,False,20.0,0.0,187352,197352,True,False,1,5455,1,0,3.624956931967462e-05,19.99996375043068,4.55e-05,0.10052720000000025,3.9e-06,0.00467649999999975,a2a688d6e71081eb9323ff3565abd5c9cd809a9f5cd4abf14c44b84d83af34e5,5d03100e02e1fa2fbb049cfc03ca755682807e8d10bf0e404af2e94092e81ff2,a643f62d82e2a28f903663acade174fee38dbb8daecccea9dfcca80068c57ba8,
pilot,brusselator_n2e4,brusselator,Order-3 Brusselator,20000,20.0,threshold_300,prospective,2,300.0,3,0,607,2026-07-12T16:45:13.977414+00:00,0.0023164,0.1092462,True,False,20.0,0.0,187352,197352,True,False,1,5455,1,0,3.624956931967462e-05,19.99996375043068,4.62e-05,0.10414780000000029,3.9e-06,0.005048299999999714,a2a688d6e71081eb9323ff3565abd5c9cd809a9f5cd4abf14c44b84d83af34e5,5d03100e02e1fa2fbb049cfc03ca755682807e8d10bf0e404af2e94092e81ff2,a643f62d82e2a28f903663acade174fee38dbb8daecccea9dfcca80068c57ba8,
pilot,brusselator_n2e4,brusselator,Order-3 Brusselator,20000,20.0,threshold_1500,prospective,2,1500.0,3,0,608,2026-07-12T16:45:14.089459+00:00,0.0021277,0.0823937,True,False,20.0,0.0,187352,197352,True,False,1,5455,1,0,3.624956931967462e-05,19.99996375043068,8.6e-05,0.07832370000000036,4.3e-06,0.003979699999999642,a2a688d6e71081eb9323ff3565abd5c9cd809a9f5cd4abf14c44b84d83af34e5,5d03100e02e1fa2fbb049cfc03ca755682807e8d10bf0e404af2e94092e81ff2,a643f62d82e2a28f903663acade174fee38dbb8daecccea9dfcca80068c57ba8,
pilot,lotka_volterra_n100000,lotka_volterra,Lotka-Volterra,100000,1.0,wallclock_timing,wallclock,0,,2,1,609,2026-07-12T16:45:14.174831+00:00,0.0018781,0.0070249,True,False,1.0,0.0,125812,225812,False,False,628,118,8,0,0.7197584188939108,0.28024158110608915,0.005901100000000028,0.0007698,2.65e-05,0.0003274999999999719,37d99dafb947acfd75b74141ad6415a24150057d274c5e5d8b5da524dc373270,a38aeedc9ea53d69d3bff80ebcb2215020125b9332bd1ef6ab2ed1a8421842ab,a643f62d82e2a28f903663acade174fee38dbb8daecccea9dfcca80068c57ba8,
pilot,lotka_volterra_n100000,lotka_volterra,Lotka-Volterra,100000,1.0,threshold_1000,prospective,2,1000.0,2,1,610,2026-07-12T16:45:14.183846+00:00,0.0014957,0.0028103,True,False,1.0,0.0,125501,225501,True,False,1,413,1,0,0.0006750634991922724,0.9993249365008077,1.53e-05,0.002606600000000001,1.9e-06,0.00018649999999999873,c8913ecd91a34a11c33134d338e1043c61c356167fff934062f3385a3e5e6b7f,61c566b2d7120208423f1bf2378a29f1ef501af878818a52729764d9ebe4aa05,a643f62d82e2a28f903663acade174fee38dbb8daecccea9dfcca80068c57ba8,
pilot,lotka_volterra_n100000,lotka_volterra,Lotka-Volterra,100000,1.0,threshold_500,prospective,2,500.0,2,1,611,2026-07-12T16:45:14.187845+00:00,0.001581,0.0046658,True,False,1.0,0.0,125501,225501,True,False,1,413,1,0,0.0006750634991922724,0.9993249365008077,1.57e-05,0.004321699999999997,2.2e-06,0.0003262000000000039,c8913ecd91a34a11c33134d338e1043c61c356167fff934062f3385a3e5e6b7f,61c566b2d7120208423f1bf2378a29f1ef501af878818a52729764d9ebe4aa05,a643f62d82e2a28f903663acade174fee38dbb8daecccea9dfcca80068c57ba8,
pilot,lotka_volterra_n100000,lotka_volterra,Lotka-Volterra,100000,1.0,threshold_250,prospective,2,250.0,2,1,612,2026-07-12T16:45:14.194368+00:00,0.0017743,0.0036276,True,False,1.0,0.0,125501,225501,True,False,1,413,1,0,0.0006750634991922724,0.9993249365008077,2.18e-05,0.003344299999999996,2.4e-06,0.00025910000000000386,c8913ecd91a34a11c33134d338e1043c61c356167fff934062f3385a3e5e6b7f,61c566b2d7120208423f1bf2378a29f1ef501af878818a52729764d9ebe4aa05,a643f62d82e2a28f903663acade174fee38dbb8daecccea9dfcca80068c57ba8,
pilot,lotka_volterra_n100000,lotka_volterra,Lotka-Volterra,100000,1.0,threshold_150,prospective,2,150.0,2,1,613,2026-07-12T16:45:14.200366+00:00,0.0015124,0.0032793,True,False,1.0,0.0,125469,225469,False,False,63,388,2,0,0.05532617597035844,0.9446738240296415,0.0005997,0.0024523000000000036,1.0199999999999999e-05,0.00021709999999999655,3da97f86355b524edc2d61b9de4bad63122841c6028df99e17edabe50a0ff03b,5cecc590a08b30efc64080bbe4c5479c1a49dfd414d5fccfe700e2a5931961f0,a643f62d82e2a28f903663acade174fee38dbb8daecccea9dfcca80068c57ba8,
pilot,lotka_volterra_n100000,lotka_volterra,Lotka-Volterra,100000,1.0,threshold_2000,prospective,2,2000.0,2,1,614,2026-07-12T16:45:14.205365+00:00,0.0016002,0.0032053,True,False,1.0,0.0,125501,225501,True,False,1,413,1,0,0.0006750634991922724,0.9993249365008077,1.97e-05,0.0029635999999999972,3.3e-06,0.00021870000000000266,c8913ecd91a34a11c33134d338e1043c61c356167fff934062f3385a3e5e6b7f,61c566b2d7120208423f1bf2378a29f1ef501af878818a52729764d9ebe4aa05,a643f62d82e2a28f903663acade174fee38dbb8daecccea9dfcca80068c57ba8,
pilot,lotka_volterra_n100000,lotka_volterra,Lotka-Volterra,100000,1.0,threshold_100,prospective,2,100.0,2,1,615,2026-07-12T16:45:14.210365+00:00,0.0017076,0.008426,True,False,1.0,0.0,125613,225613,False,False,886,0,0,0,1.0,0.0,0.007977300000000038,0.0,0.0,0.00044869999999996163,633b0dafa83864d4accfb88d986a98c01c0da0b0784731d0d6fe0711305abd48,b05a02306fdf8f5288d9a03989e94829f9b690f02a5a578e0c79cba86cbe9f6f,a643f62d82e2a28f903663acade174fee38dbb8daecccea9dfcca80068c57ba8,
pilot,lotka_volterra_n100000,lotka_volterra,Lotka-Volterra,100000,1.0,threshold_300,prospective,2,300.0,2,1,616,2026-07-12T16:45:14.220381+00:00,0.0017822,0.0052058,True,False,1.0,0.0,125501,225501,True,False,1,413,1,0,0.0006750634991922724,0.9993249365008077,2.08e-05,0.004880799999999998,2.9e-06,0.0003013000000000026,c8913ecd91a34a11c33134d338e1043c61c356167fff934062f3385a3e5e6b7f,61c566b2d7120208423f1bf2378a29f1ef501af878818a52729764d9ebe4aa05,a643f62d82e2a28f903663acade174fee38dbb8daecccea9dfcca80068c57ba8,
pilot,lotka_volterra_n100000,lotka_volterra,Lotka-Volterra,100000,1.0,threshold_750,prospective,2,750.0,2,1,617,2026-07-12T16:45:14.228530+00:00,0.002329,0.0057637,True,False,1.0,0.0,125501,225501,True,False,1,413,1,0,0.0006750634991922724,0.9993249365008077,2.48e-05,0.005410499999999996,3e-06,0.00032540000000000346,c8913ecd91a34a11c33134d338e1043c61c356167fff934062f3385a3e5e6b7f,61c566b2d7120208423f1bf2378a29f1ef501af878818a52729764d9ebe4aa05,a643f62d82e2a28f903663acade174fee38dbb8daecccea9dfcca80068c57ba8,
pilot,lotka_volterra_n100000,lotka_volterra,Lotka-Volterra,100000,1.0,forced_batch,prospective,2,0.0,2,1,618,2026-07-12T16:45:14.236545+00:00,0.0024912,0.0113641,True,False,1.0,0.0,125613,225613,False,False,886,0,0,0,1.0,0.0,0.010741199999999956,0.0,0.0,0.0006229000000000443,633b0dafa83864d4accfb88d986a98c01c0da0b0784731d0d6fe0711305abd48,b05a02306fdf8f5288d9a03989e94829f9b690f02a5a578e0c79cba86cbe9f6f,a643f62d82e2a28f903663acade174fee38dbb8daecccea9dfcca80068c57ba8,
pilot,lotka_volterra_n100000,lotka_volterra,Lotka-Volterra,100000,1.0,forced_gillespie_after_initial_batch,prospective,2,1000000000000.0,2,1,619,2026-07-12T16:45:14.250531+00:00,0.0025038,0.0045287,True,False,1.0,0.0,125501,225501,True,False,1,413,1,0,0.0006750634991922724,0.9993249365008077,2.24e-05,0.004217500000000006,4.2e-06,0.00028459999999999423,c8913ecd91a34a11c33134d338e1043c61c356167fff934062f3385a3e5e6b7f,61c566b2d7120208423f1bf2378a29f1ef501af878818a52729764d9ebe4aa05,a643f62d82e2a28f903663acade174fee38dbb8daecccea9dfcca80068c57ba8,
pilot,lotka_volterra_n100000,lotka_volterra,Lotka-Volterra,100000,1.0,threshold_400,prospective,2,400.0,2,1,620,2026-07-12T16:45:14.257711+00:00,0.0020933,0.0054665,True,False,1.0,0.0,125501,225501,True,False,1,413,1,0,0.0006750634991922724,0.9993249365008077,2.48e-05,0.005125199999999999,2.9e-06,0.0003136000000000007,c8913ecd91a34a11c33134d338e1043c61c356167fff934062f3385a3e5e6b7f,61c566b2d7120208423f1bf2378a29f1ef501af878818a52729764d9ebe4aa05,a643f62d82e2a28f903663acade174fee38dbb8daecccea9dfcca80068c57ba8,
pilot,lotka_volterra_n100000,lotka_volterra,Lotka-Volterra,100000,1.0,threshold_1500,prospective,2,1500.0,2,1,621,2026-07-12T16:45:14.266184+00:00,0.0028196,0.0053765,True,False,1.0,0.0,125501,225501,True,False,1,413,1,0,0.0006750634991922724,0.9993249365008077,2.59e-05,0.005015000000000002,2.7e-06,0.0003328999999999988,c8913ecd91a34a11c33134d338e1043c61c356167fff934062f3385a3e5e6b7f,61c566b2d7120208423f1bf2378a29f1ef501af878818a52729764d9ebe4aa05,a643f62d82e2a28f903663acade174fee38dbb8daecccea9dfcca80068c57ba8,
pilot,lotka_volterra_n100000,lotka_volterra,Lotka-Volterra,100000,1.0,threshold_50,prospective,2,50.0,2,1,622,2026-07-12T16:45:14.275180+00:00,0.0020635,0.0096125,True,False,1.0,0.0,125613,225613,False,False,886,0,0,0,1.0,0.0,0.009124400000000013,0.0,0.0,0.0004880999999999861,633b0dafa83864d4accfb88d986a98c01c0da0b0784731d0d6fe0711305abd48,b05a02306fdf8f5288d9a03989e94829f9b690f02a5a578e0c79cba86cbe9f6f,a643f62d82e2a28f903663acade174fee38dbb8daecccea9dfcca80068c57ba8,
pilot,lotka_volterra_n100000,lotka_volterra,Lotka-Volterra,100000,1.0,threshold_200,prospective,2,200.0,2,1,623,2026-07-12T16:45:14.286189+00:00,0.0016512,0.0034069,True,False,1.0,0.0,125501,225501,True,False,1,413,1,0,0.0006750634991922724,0.9993249365008077,1.72e-05,0.0031374000000000003,2.5e-06,0.0002497999999999997,c8913ecd91a34a11c33134d338e1043c61c356167fff934062f3385a3e5e6b7f,61c566b2d7120208423f1bf2378a29f1ef501af878818a52729764d9ebe4aa05,a643f62d82e2a28f903663acade174fee38dbb8daecccea9dfcca80068c57ba8,
pilot,lotka_volterra_n100000,lotka_volterra,Lotka-Volterra,100000,1.0,threshold_20,prospective,2,20.0,2,1,624,2026-07-12T16:45:14.292183+00:00,0.0024682,0.0119748,True,False,1.0,0.0,125613,225613,False,False,886,0,0,0,1.0,0.0,0.011342300000000033,0.0,0.0,0.0006324999999999682,633b0dafa83864d4accfb88d986a98c01c0da0b0784731d0d6fe0711305abd48,b05a02306fdf8f5288d9a03989e94829f9b690f02a5a578e0c79cba86cbe9f6f,a643f62d82e2a28f903663acade174fee38dbb8daecccea9dfcca80068c57ba8,
pilot,shrinking_n2e6,shrinking,Shrinking,2000000,0.1,threshold_250,prospective,2,250.0,2,0,625,2026-07-12T16:45:14.306734+00:00,0.0024243,0.0426244,True,False,0.1,0.0,82,537654,True,False,3737,1022,1,21,0.0201168560908394,0.0798831439091606,0.032998300000000085,0.006491000000000005,3e-06,0.0031320999999999086,aadb1e148700d8543cc0a3bea1f88a589195536d90cfd2d8613cac213ca189a8,378e41d855ec9c0a9573da9e48edf436a09fc423c81d2aac5de30d1ab259bfbd,a643f62d82e2a28f903663acade174fee38dbb8daecccea9dfcca80068c57ba8,
pilot,shrinking_n2e6,shrinking,Shrinking,2000000,0.1,forced_batch,prospective,2,0.0,2,0,626,2026-07-12T16:45:14.352070+00:00,0.0018401,0.0481635,True,False,0.1,0.0,100,312,False,False,5834,0,0,98,0.1,0.0,0.04460889999999996,0.0,0.0,0.0035546000000000397,e7bb7456075c848d15470b22e0f77598486953b05a198246dbaa237cd009b70d,1c1024c605f5fe17ace234aad86a93c61e6e4b062a3088a82e15ec4d8e54adab,a643f62d82e2a28f903663acade174fee38dbb8daecccea9dfcca80068c57ba8,
pilot,shrinking_n2e6,shrinking,Shrinking,2000000,0.1,threshold_1500,prospective,2,1500.0,2,0,627,2026-07-12T16:45:14.403067+00:00,0.0017004,0.0530604,True,False,0.1,0.0,90,4000090,True,False,1,2819,1,0,1.9967005262320962e-06,0.09999800329947378,1.29e-05,0.051259500000000145,2.1e-06,0.0017858999999998543,368c257b823990fe5eee9f40c524f5047e1ff260c9d75a050061c6fb8b8ede1c,7ac26af23542e954bc2cce815c3a6a6c9fdf270218b3271cd7459061f8a81152,a643f62d82e2a28f903663acade174fee38dbb8daecccea9dfcca80068c57ba8,
pilot,shrinking_n2e6,shrinking,Shrinking,2000000,0.1,threshold_20,prospective,2,20.0,2,0,628,2026-07-12T16:45:14.457452+00:00,0.0019576,0.0502736,True,False,0.1,0.0,100,3714,True,False,5714,66,1,72,0.07081932839207288,0.02918067160792713,0.0465637999999999,7.439999999999999e-05,2.7e-06,0.0036327000000000997,b345b601aeabb879a3cf45c272ac2488ed83bc92de6cdf7f5547757aeca0a07e,88727717a3f1071937647d85657024314aae28c1914d869d87aa61f0694924d3,a643f62d82e2a28f903663acade174fee38dbb8daecccea9dfcca80068c57ba8,
pilot,shrinking_n2e6,shrinking,Shrinking,2000000,0.1,threshold_2000,prospective,2,2000.0,2,0,629,2026-07-12T16:45:14.510126+00:00,0.0018062,0.0487968,True,False,0.1,0.0,90,4000090,True,False,1,2819,1,0,1.9967005262320962e-06,0.09999800329947378,1.63e-05,0.04717209999999982,2e-06,0.0016064000000001813,368c257b823990fe5eee9f40c524f5047e1ff260c9d75a050061c6fb8b8ede1c,7ac26af23542e954bc2cce815c3a6a6c9fdf270218b3271cd7459061f8a81152,a643f62d82e2a28f903663acade174fee38dbb8daecccea9dfcca80068c57ba8,
pilot,shrinking_n2e6,shrinking,Shrinking,2000000,0.1,threshold_50,prospective,2,50.0,2,0,630,2026-07-12T16:45:14.561129+00:00,0.0025422,0.0437267,True,False,0.1,0.0,88,21944,True,False,5452,193,1,54,0.052298556269490794,0.04770144373050921,0.04032339999999952,0.00024519999999999956,3.3e-06,0.003154800000000485,37b982c226c02b8e70496fd10230ca1d52c31951373002fa5c50271ae9d5a656,1c2db1b9a8d3b8e099bbcb08522c0bcddc8eca692a423d7fccd695f4f12880f2,a643f62d82e2a28f903663acade174fee38dbb8daecccea9dfcca80068c57ba8,
pilot,shrinking_n2e6,shrinking,Shrinking,2000000,0.1,threshold_200,prospective,2,200.0,2,0,631,2026-07-12T16:45:14.607667+00:00,0.0024788,0.042915,True,False,0.1,0.0,89,365861,True,False,4167,814,1,25,0.024585162987233,0.07541483701276701,0.034739899999999824,0.005061200000000001,3.2e-06,0.0031107000000001744,fa396d70728abc29e62f550a5795d3bedf3159c6678f4087fbbe151c61c0cee2,39560a32b87d294df7330822d05b6262f36828082d8e8e115062cbd1af656920,a643f62d82e2a28f903663acade174fee38dbb8daecccea9dfcca80068c57ba8,
pilot,shrinking_n2e6,shrinking,Shrinking,2000000,0.1,threshold_150,prospective,2,150.0,2,0,632,2026-07-12T16:45:14.653743+00:00,0.0018989,0.0432033,True,False,0.1,0.0,90,205196,True,False,4592,606,1,31,0.030326055586801973,0.06967394441319803,0.03743849999999987,0.0025937,2.5e-06,0.0031686000000001324,f8cc53f0b905f71bb3e599f8915f292f3a4fa8883f55745ada4faa27ac9c1fb2,2c0fe1a53cd7cee158585ccc7e71ab55f603f8fc7eb3b3f43d96957366ecc057,a643f62d82e2a28f903663acade174fee38dbb8daecccea9dfcca80068c57ba8,
pilot,shrinking_n2e6,shrinking,Shrinking,2000000,0.1,threshold_500,prospective,2,500.0,2,0,633,2026-07-12T16:45:14.699283+00:00,0.0019553,0.0448928,True,False,0.1,0.0,93,2255719,True,False,1576,2061,1,6,0.006234168882112702,0.0937658311178873,0.012220500000000025,0.030492000000000005,2.6e-06,0.00217769999999997,ac0e64f2fc2cbd54155e30f6b68083608cf25363931f9425c7516f86eb97ab42,35d1db49702093da10bd4efbd5e182bed995913e86ab2b62d3f1851b5d009063,a643f62d82e2a28f903663acade174fee38dbb8daecccea9dfcca80068c57ba8,
pilot,shrinking_n2e6,shrinking,Shrinking,2000000,0.1,threshold_100,prospective,2,100.0,2,0,634,2026-07-12T16:45:14.746699+00:00,0.0016611,0.0466183,True,False,0.1,0.0,93,86161,True,False,5024,403,1,40,0.03846683326027275,0.06153316673972726,0.041188600000000096,0.0018594000000000013,3.1e-06,0.0035671999999999024,67b41dcec3ed967fc9739868945e0264d12473d984e32097256cd165b42b22bb,4b6c1a2d2e0142530809906638df92246075b684e56a562237ea4d55a1cd65fe,a643f62d82e2a28f903663acade174fee38dbb8daecccea9dfcca80068c57ba8,
pilot,shrinking_n2e6,shrinking,Shrinking,2000000,0.1,wallclock_timing,wallclock,0,,2,0,635,2026-07-12T16:45:14.795183+00:00,0.001773,0.0493583,True,False,0.1,0.0,97,291,False,False,5788,2,2,95,0.09998521398538457,1.4786014615435846e-05,0.04600389999999991,7.67e-05,1.77e-05,0.003260000000000089,192d138794490faace36c3a51ff9ae5b0e07e036d9056fcb10a7c66fe85692f9,67057d75e7fe3df2a6a0678b3d3ccd7cf3b87efc7197516f436f8c39e633313f,a643f62d82e2a28f903663acade174fee38dbb8daecccea9dfcca80068c57ba8,
pilot,shrinking_n2e6,shrinking,Shrinking,2000000,0.1,threshold_400,prospective,2,400.0,2,0,636,2026-07-12T16:45:14.846200+00:00,0.0016024,0.0312296,True,False,0.1,0.0,92,1399390,True,False,2433,1645,1,11,0.010704280010048247,0.08929571998995176,0.016104000000000035,0.013169600000000035,2.2e-06,0.001953799999999929,15e8f35945c0f20a34352e907e97522bae40eacdd942e729b30fc7c1fccc48db,4b8100b2d17b9ffde42831cec548dd9a1872a8e9ebfb86ace359f22eb0a98d0e,a643f62d82e2a28f903663acade174fee38dbb8daecccea9dfcca80068c57ba8,
pilot,shrinking_n2e6,shrinking,Shrinking,2000000,0.1,threshold_300,prospective,2,300.0,2,0,637,2026-07-12T16:45:14.879413+00:00,0.0014552,0.0315415,True,False,0.1,0.0,84,788164,True,False,3309,1225,1,17,0.0164530069314218,0.08354699306857821,0.021552800000000077,0.007871199999999998,2.2e-06,0.002115299999999924,e1897c22beae3a6dd65e61b5057d62e1762aa69a3236cd553b3933e641958587,d58dfb05a7e6f5f45a85b41358daf184db4ee89c8786b34e92082b182cdce7e0,a643f62d82e2a28f903663acade174fee38dbb8daecccea9dfcca80068c57ba8,
pilot,shrinking_n2e6,shrinking,Shrinking,2000000,0.1,forced_gillespie_after_initial_batch,prospective,2,1000000000000.0,2,0,638,2026-07-12T16:45:14.912967+00:00,0.0016636,0.0496413,True,False,0.1,0.0,90,4000090,True,False,1,2819,1,0,1.9967005262320962e-06,0.09999800329947378,1.33e-05,0.047982599999999896,1.5e-06,0.0016439000000001008,368c257b823990fe5eee9f40c524f5047e1ff260c9d75a050061c6fb8b8ede1c,7ac26af23542e954bc2cce815c3a6a6c9fdf270218b3271cd7459061f8a81152,a643f62d82e2a28f903663acade174fee38dbb8daecccea9dfcca80068c57ba8,
pilot,shrinking_n2e6,shrinking,Shrinking,2000000,0.1,threshold_750,prospective,2,750.0,2,0,639,2026-07-12T16:45:14.964379+00:00,0.0021157,0.0422589,True,False,0.1,0.0,90,4000090,True,False,1,2819,1,0,1.9967005262320962e-06,0.09999800329947378,1.6e-05,0.040772799999999935,1.9e-06,0.0014682000000000653,368c257b823990fe5eee9f40c524f5047e1ff260c9d75a050061c6fb8b8ede1c,7ac26af23542e954bc2cce815c3a6a6c9fdf270218b3271cd7459061f8a81152,a643f62d82e2a28f903663acade174fee38dbb8daecccea9dfcca80068c57ba8,
pilot,shrinking_n2e6,shrinking,Shrinking,2000000,0.1,threshold_1000,prospective,2,1000.0,2,0,640,2026-07-12T16:45:15.009207+00:00,0.0029351,0.054497,True,False,0.1,0.0,90,4000090,True,False,1,2819,1,0,1.9967005262320962e-06,0.09999800329947378,4.16e-05,0.0527048999999998,1.64e-05,0.0017341000000001966,368c257b823990fe5eee9f40c524f5047e1ff260c9d75a050061c6fb8b8ede1c,7ac26af23542e954bc2cce815c3a6a6c9fdf270218b3271cd7459061f8a81152,a643f62d82e2a28f903663acade174fee38dbb8daecccea9dfcca80068c57ba8,
pilot,shrinking_no_b_decay_n2e6,shrinking,Shrinking no B decay,2000000,0.1,threshold_300,prospective,2,300.0,3,0,641,2026-07-12T16:45:15.067497+00:00,0.0016174,0.0313871,True,False,0.1,0.0,807039,4112231,True,False,1199,727,1,2,0.004250157243422898,0.09574984275657711,0.010092700000000001,0.020250299999999954,3.9e-06,0.0010402000000000466,5ad6421b9df941984c972a6f81b4f22c58fe2bc39fbd6878d0b175cceb191128,76fe98e2292c926698b63ef957262309c0ac0baabb6c0591573d83660c1e9088,a643f62d82e2a28f903663acade174fee38dbb8daecccea9dfcca80068c57ba8,
pilot,shrinking_no_b_decay_n2e6,shrinking,Shrinking no B decay,2000000,0.1,threshold_50,prospective,2,50.0,3,0,642,2026-07-12T16:45:15.094836+00:00,0.0019287,0.0567384,True,False,0.1,0.0,807040,2671748,True,False,5745,110,1,8,0.024858733812066266,0.07514126618793374,0.0511329,0.0023764000000000007,3.1e-06,0.0032259999999999997,5a3c2e48db790aa9bdc6fda6f59208013084c6d64f7f3a676ab33831393884a1,4019036abbc5a7f48b0630ecefd8294aa734503559f4677595d0958eaae66fa5,a643f62d82e2a28f903663acade174fee38dbb8daecccea9dfcca80068c57ba8,
pilot,shrinking_no_b_decay_n2e6,shrinking,Shrinking no B decay,2000000,0.1,threshold_100,prospective,2,100.0,3,0,643,2026-07-12T16:45:15.159173+00:00,0.0019721,0.0515584,True,False,0.1,0.0,807054,2858234,True,False,4241,223,1,7,0.01738215002537544,0.08261784997462457,0.04237080000000001,0.006364899999999999,2.2e-06,0.0028204999999999897,6e455755c7e3622cfc1d9923b741f4ebde4f1c596956a7e939ccce0d5d4df8e9,9ee698136f4f086ef0453b2939a97d21942888e24e543fb6ce7e3d42a5dae29f,a643f62d82e2a28f903663acade174fee38dbb8daecccea9dfcca80068c57ba8,
pilot,shrinking_no_b_decay_n2e6,shrinking,Shrinking no B decay,2000000,0.1,threshold_2000,prospective,2,2000.0,3,0,644,2026-07-12T16:45:15.213302+00:00,0.0022717,0.0337601,True,False,0.1,0.0,807296,4807296,True,False,1,1037,1,0,6.717883337107446e-06,0.0999932821166629,2.3e-05,0.0331185,2.3e-06,0.0006163000000000002,c3c7f7375de766b8a57326b3cfa02246be98cc45d7a85c69e70bd892a027896e,952b0cc0da04624db0975ad7c629e0837228fc1039615c5e37a1c9d95f4f6379,a643f62d82e2a28f903663acade174fee38dbb8daecccea9dfcca80068c57ba8,
pilot,shrinking_no_b_decay_n2e6,shrinking,Shrinking no B decay,2000000,0.1,threshold_250,prospective,2,250.0,3,0,645,2026-07-12T16:45:15.249471+00:00,0.001652,0.0347233,True,False,0.1,0.0,807063,3811423,True,False,1791,593,1,3,0.006600069290147336,0.09339993070985267,0.016236299999999974,0.01716109999999999,3.5e-06,0.001322400000000036,0f4f737acf0387b7b83178723c67bd96803f57bc2758b07189411fcb48433450,9955e8dec7ac7bd29a042b837cd4758a0a5b1753c6588ccd4a3f9ade5f78235b,a643f62d82e2a28f903663acade174fee38dbb8daecccea9dfcca80068c57ba8,
pilot,shrinking_no_b_decay_n2e6,shrinking,Shrinking no B decay,2000000,0.1,threshold_500,prospective,2,500.0,3,0,646,2026-07-12T16:45:15.286623+00:00,0.0017972,0.0252661,True,False,0.1,0.0,807296,4807296,True,False,1,1037,1,0,6.717883337107446e-06,0.0999932821166629,5.12e-05,0.024734399999999983,2.2e-06,0.0004783000000000148,c3c7f7375de766b8a57326b3cfa02246be98cc45d7a85c69e70bd892a027896e,952b0cc0da04624db0975ad7c629e0837228fc1039615c5e37a1c9d95f4f6379,a643f62d82e2a28f903663acade174fee38dbb8daecccea9dfcca80068c57ba8,
pilot,shrinking_no_b_decay_n2e6,shrinking,Shrinking no B decay,2000000,0.1,threshold_750,prospective,2,750.0,3,0,647,2026-07-12T16:45:15.313091+00:00,0.0018339,0.0341089,True,False,0.1,0.0,807296,4807296,True,False,1,1037,1,0,6.717883337107446e-06,0.0999932821166629,4.33e-05,0.033429599999999976,2.4e-06,0.0006336000000000189,c3c7f7375de766b8a57326b3cfa02246be98cc45d7a85c69e70bd892a027896e,952b0cc0da04624db0975ad7c629e0837228fc1039615c5e37a1c9d95f4f6379,a643f62d82e2a28f903663acade174fee38dbb8daecccea9dfcca80068c57ba8,
pilot,shrinking_no_b_decay_n2e6,shrinking,Shrinking no B decay,2000000,0.1,wallclock_timing,wallclock,0,,3,0,648,2026-07-12T16:45:15.350182+00:00,0.0014722,0.0443292,True,False,0.1,0.0,807017,2753327,True,False,5483,126,3,7,0.02367429506619388,0.07632570493380612,0.0398399999999999,0.0023113000000000014,1.07e-05,0.0021672000000000913,1e3d11068c336851d0a47acd4763924a4a0023e10fb6e27bbd16c07eac8b5e84,2473b48e6bd640d58f35a68ef6c1d4cd2191763ef8618fc4fedb0dae3a482eff,a643f62d82e2a28f903663acade174fee38dbb8daecccea9dfcca80068c57ba8,
pilot,shrinking_no_b_decay_n2e6,shrinking,Shrinking no B decay,2000000,0.1,forced_batch,prospective,2,0.0,3,0,649,2026-07-12T16:45:15.395803+00:00,0.0014808,0.1487743,True,False,0.1,0.0,807061,2502227,False,False,19912,0,0,9,0.1,0.0,0.13999000000000456,0.0,0.0,0.008784299999995443,3b292751742fda1db2430f4967cff8ea795665d4cb4b332d49048d177156af74,8a94709c60512bfdd12b00b7b88f57ae54624b8c69636faa646b3165770be0ce,a643f62d82e2a28f903663acade174fee38dbb8daecccea9dfcca80068c57ba8,
pilot,shrinking_no_b_decay_n2e6,shrinking,Shrinking no B decay,2000000,0.1,threshold_400,prospective,2,400.0,3,0,650,2026-07-12T16:45:15.546866+00:00,0.0014444,0.021403,True,False,0.1,0.0,807082,4807082,True,False,113,1007,1,0,0.0003683250073890403,0.09963167499261097,0.0007358000000000002,0.02023650000000004,1.9e-06,0.0004287999999999584,363302b328bdb6e68d2d6a34781d804c0357721f9e48b223809ebc1503585714,3b0b6f7c48665a394e460dd4636e05e7f80fe1ccc5fcae6f60f1fba01c11c493,a643f62d82e2a28f903663acade174fee38dbb8daecccea9dfcca80068c57ba8,
pilot,shrinking_no_b_decay_n2e6,shrinking,Shrinking no B decay,2000000,0.1,threshold_1000,prospective,2,1000.0,3,0,651,2026-07-12T16:45:15.569863+00:00,0.0020121,0.0213854,True,False,0.1,0.0,807296,4807296,True,False,1,1037,1,0,6.717883337107446e-06,0.0999932821166629,1.57e-05,0.02096650000000002,2.2e-06,0.00040099999999997776,c3c7f7375de766b8a57326b3cfa02246be98cc45d7a85c69e70bd892a027896e,952b0cc0da04624db0975ad7c629e0837228fc1039615c5e37a1c9d95f4f6379,a643f62d82e2a28f903663acade174fee38dbb8daecccea9dfcca80068c57ba8,
pilot,shrinking_no_b_decay_n2e6,shrinking,Shrinking no B decay,2000000,0.1,threshold_200,prospective,2,200.0,3,0,652,2026-07-12T16:45:15.593357+00:00,0.0021307,0.0255973,True,False,0.1,0.0,807034,3537754,True,False,2470,464,1,4,0.009373980385777187,0.09062601961422281,0.016596700000000117,0.007843299999999994,2e-06,0.0011552999999998904,98359485b19ae0f56ac36071fb82032ba7c48dce5d2baed7233d9f095b4cc607,e046194b275b4631a24ef1f2bfa5b44525e376332be0562572595039f44d7552,a643f62d82e2a28f903663acade174fee38dbb8daecccea9dfcca80068c57ba8,
pilot,shrinking_no_b_decay_n2e6,shrinking,Shrinking no B decay,2000000,0.1,threshold_20,prospective,2,20.0,3,0,653,2026-07-12T16:45:15.621914+00:00,0.0014651,0.0521489,True,False,0.1,0.0,807058,2502224,True,False,7585,45,1,9,0.0343840816218336,0.06561591837816641,0.04865019999999999,0.0006461999999999999,2.3e-06,0.002850200000000011,7c543ea7b4e505f5bf431d4d5525dcfe315dca9fc5958afecf63a1aa2478fc0c,85b4d34751145a4d33cd02fbbfd1ceba85770791926bd76bf53d67e1beeb88ed,a643f62d82e2a28f903663acade174fee38dbb8daecccea9dfcca80068c57ba8,
pilot,shrinking_no_b_decay_n2e6,shrinking,Shrinking no B decay,2000000,0.1,forced_gillespie_after_initial_batch,prospective,2,1000000000000.0,3,0,654,2026-07-12T16:45:15.675453+00:00,0.0016142,0.0208903,True,False,0.1,0.0,807296,4807296,True,False,1,1037,1,0,6.717883337107446e-06,0.0999932821166629,1.26e-05,0.020468500000000004,1.4e-06,0.00040779999999999636,c3c7f7375de766b8a57326b3cfa02246be98cc45d7a85c69e70bd892a027896e,952b0cc0da04624db0975ad7c629e0837228fc1039615c5e37a1c9d95f4f6379,a643f62d82e2a28f903663acade174fee38dbb8daecccea9dfcca80068c57ba8,
pilot,shrinking_no_b_decay_n2e6,shrinking,Shrinking no B decay,2000000,0.1,threshold_1500,prospective,2,1500.0,3,0,655,2026-07-12T16:45:15.698300+00:00,0.0015922,0.0208494,True,False,0.1,0.0,807296,4807296,True,False,1,1037,1,0,6.717883337107446e-06,0.0999932821166629,1.53e-05,0.02046130000000003,1.5e-06,0.00037129999999997026,c3c7f7375de766b8a57326b3cfa02246be98cc45d7a85c69e70bd892a027896e,952b0cc0da04624db0975ad7c629e0837228fc1039615c5e37a1c9d95f4f6379,a643f62d82e2a28f903663acade174fee38dbb8daecccea9dfcca80068c57ba8,
pilot,shrinking_no_b_decay_n2e6,shrinking,Shrinking no B decay,2000000,0.1,threshold_150,prospective,2,150.0,3,0,656,2026-07-12T16:45:15.721707+00:00,0.0014005,0.0278261,True,False,0.1,0.0,807000,3289082,True,False,3249,342,1,5,0.012786897162852393,0.08721310283714762,0.021051600000000056,0.005457599999999998,2.2e-06,0.0013146999999999465,c9815b5b1cea448ad5ced10a2c203fbc12d6026819e0fa8e86ee13836d43eca1,52e1c72a64083524e113d3d9b7b5ca6ea1bd4f652cec6d29cf8d81249e84ddc3,a643f62d82e2a28f903663acade174fee38dbb8daecccea9dfcca80068c57ba8,
pilot,oregonator_n1e5,oregonator,Oregonator,100000,1.0,threshold_200,prospective,2,200.0,1,1,657,2026-07-12T16:45:15.750871+00:00,0.0018519,0.1675233,True,False,1.0,0.0,79204,131204,True,False,1,17993,1,0,1.4254657462020813e-06,0.9999985745342538,1.61e-05,0.15425980000000025,4.5e-06,0.01324289999999978,ed17a97180c978f60426a14d9de92db553420b77950a43fd806d8d7a4a18952c,357f95b739898c8f9c2047d6495e7f306a868edb33e9f98970e5fe7311055118,a643f62d82e2a28f903663acade174fee38dbb8daecccea9dfcca80068c57ba8,
pilot,oregonator_n1e5,oregonator,Oregonator,100000,1.0,threshold_50,prospective,2,50.0,1,1,658,2026-07-12T16:45:15.920796+00:00,0.0021192,0.1762706,True,False,1.0,0.0,79204,131204,True,False,1,17993,1,0,1.4254657462020813e-06,0.9999985745342538,2.14e-05,0.16239950000000067,4.9e-06,0.013844799999999324,ed17a97180c978f60426a14d9de92db553420b77950a43fd806d8d7a4a18952c,357f95b739898c8f9c2047d6495e7f306a868edb33e9f98970e5fe7311055118,a643f62d82e2a28f903663acade174fee38dbb8daecccea9dfcca80068c57ba8,
pilot,oregonator_n1e5,oregonator,Oregonator,100000,1.0,threshold_100,prospective,2,100.0,1,1,659,2026-07-12T16:45:16.099356+00:00,0.0024439,0.1971316,True,False,1.0,0.0,79204,131204,True,False,1,17993,1,0,1.4254657462020813e-06,0.9999985745342538,2.29e-05,0.1825168000000039,5.9e-06,0.014585999999996102,ed17a97180c978f60426a14d9de92db553420b77950a43fd806d8d7a4a18952c,357f95b739898c8f9c2047d6495e7f306a868edb33e9f98970e5fe7311055118,a643f62d82e2a28f903663acade174fee38dbb8daecccea9dfcca80068c57ba8,
pilot,oregonator_n1e5,oregonator,Oregonator,100000,1.0,threshold_250,prospective,2,250.0,1,1,660,2026-07-12T16:45:16.299243+00:00,0.0019105,0.1764162,True,False,1.0,0.0,79204,131204,True,False,1,17993,1,0,1.4254657462020813e-06,0.9999985745342538,1.89e-05,0.162664300000002,4.5e-06,0.013728499999998006,ed17a97180c978f60426a14d9de92db553420b77950a43fd806d8d7a4a18952c,357f95b739898c8f9c2047d6495e7f306a868edb33e9f98970e5fe7311055118,a643f62d82e2a28f903663acade174fee38dbb8daecccea9dfcca80068c57ba8,
pilot,oregonator_n1e5,oregonator,Oregonator,100000,1.0,threshold_500,prospective,2,500.0,1,1,661,2026-07-12T16:45:16.477547+00:00,0.0024207,0.1633291,True,False,1.0,0.0,79204,131204,True,False,1,17993,1,0,1.4254657462020813e-06,0.9999985745342538,2.37e-05,0.1503180999999987,5.9e-06,0.012981400000001309,ed17a97180c978f60426a14d9de92db553420b77950a43fd806d8d7a4a18952c,357f95b739898c8f9c2047d6495e7f306a868edb33e9f98970e5fe7311055118,a643f62d82e2a28f903663acade174fee38dbb8daecccea9dfcca80068c57ba8,
pilot,oregonator_n1e5,oregonator,Oregonator,100000,1.0,threshold_750,prospective,2,750.0,1,1,662,2026-07-12T16:45:16.643211+00:00,0.0019717,0.1627406,True,False,1.0,0.0,79204,131204,True,False,1,17993,1,0,1.4254657462020813e-06,0.9999985745342538,1.94e-05,0.14994859999999918,5e-06,0.012767600000000823,ed17a97180c978f60426a14d9de92db553420b77950a43fd806d8d7a4a18952c,357f95b739898c8f9c2047d6495e7f306a868edb33e9f98970e5fe7311055118,a643f62d82e2a28f903663acade174fee38dbb8daecccea9dfcca80068c57ba8,
pilot,oregonator_n1e5,oregonator,Oregonator,100000,1.0,threshold_20,prospective,2,20.0,1,1,663,2026-07-12T16:45:16.808196+00:00,0.0019408,1.245702,True,False,1.0,0.0,81249,133249,False,False,82198,6701,6,0,0.166448571566303,0.833551428433697,1.1081749999999846,0.058499300000000476,4.4200000000000004e-05,0.07898350000001497,39c329c21700c4f718182b14e87f6ffae6470ed2dc3dad412a1e903793c46589,af7089f225a387a97573d17bd8dc5d16e954b60a13238246ebdc681d06c039f8,a643f62d82e2a28f903663acade174fee38dbb8daecccea9dfcca80068c57ba8,
pilot,oregonator_n1e5,oregonator,Oregonator,100000,1.0,threshold_400,prospective,2,400.0,1,1,664,2026-07-12T16:45:18.047344+00:00,0.00312,0.2091849,True,False,1.0,0.0,79204,131204,True,False,1,17993,1,0,1.4254657462020813e-06,0.9999985745342538,2.76e-05,0.19322860000000008,9.4e-06,0.015919299999999942,ed17a97180c978f60426a14d9de92db553420b77950a43fd806d8d7a4a18952c,357f95b739898c8f9c2047d6495e7f306a868edb33e9f98970e5fe7311055118,a643f62d82e2a28f903663acade174fee38dbb8daecccea9dfcca80068c57ba8,
pilot,oregonator_n1e5,oregonator,Oregonator,100000,1.0,threshold_150,prospective,2,150.0,1,1,665,2026-07-12T16:45:18.264921+00:00,0.0022236,0.2609414,True,False,1.0,0.0,79204,131204,True,False,1,17993,1,0,1.4254657462020813e-06,0.9999985745342538,2.3e-05,0.24248279999999944,5e-06,0.018430600000000547,ed17a97180c978f60426a14d9de92db553420b77950a43fd806d8d7a4a18952c,357f95b739898c8f9c2047d6495e7f306a868edb33e9f98970e5fe7311055118,a643f62d82e2a28f903663acade174fee38dbb8daecccea9dfcca80068c57ba8,
pilot,oregonator_n1e5,oregonator,Oregonator,100000,1.0,wallclock_timing,wallclock,0,,1,1,666,2026-07-12T16:45:18.528658+00:00,0.0027371,0.2152143,True,False,1.0,0.0,75565,127565,True,False,3,14429,3,0,5.802745771038586e-06,0.999994197254229,7.96e-05,0.2014108000000011,3.5799999999999996e-05,0.01368809999999887,31a0e28a186aa35bb563984eb2694806bed13eeafbce28fc286fd97fc4cc031f,014f67af118653380467eebea77127beaf1aa638112f6e09ef219786b03d2249,a643f62d82e2a28f903663acade174fee38dbb8daecccea9dfcca80068c57ba8,
pilot,oregonator_n1e5,oregonator,Oregonator,100000,1.0,forced_gillespie_after_initial_batch,prospective,2,1000000000000.0,1,1,667,2026-07-12T16:45:18.750859+00:00,0.001951,0.2205189,True,False,1.0,0.0,79204,131204,True,False,1,17993,1,0,1.4254657462020813e-06,0.9999985745342538,2.07e-05,0.20404920000000185,6.6e-06,0.016442399999998136,ed17a97180c978f60426a14d9de92db553420b77950a43fd806d8d7a4a18952c,357f95b739898c8f9c2047d6495e7f306a868edb33e9f98970e5fe7311055118,a643f62d82e2a28f903663acade174fee38dbb8daecccea9dfcca80068c57ba8,
pilot,oregonator_n1e5,oregonator,Oregonator,100000,1.0,threshold_1000,prospective,2,1000.0,1,1,668,2026-07-12T16:45:18.971412+00:00,0.0023287,0.2207428,True,False,1.0,0.0,79204,131204,True,False,1,17993,1,0,1.4254657462020813e-06,0.9999985745342538,2.28e-05,0.20407279999999914,4.9e-06,0.01664230000000086,ed17a97180c978f60426a14d9de92db553420b77950a43fd806d8d7a4a18952c,357f95b739898c8f9c2047d6495e7f306a868edb33e9f98970e5fe7311055118,a643f62d82e2a28f903663acade174fee38dbb8daecccea9dfcca80068c57ba8,
pilot,oregonator_n1e5,oregonator,Oregonator,100000,1.0,threshold_2000,prospective,2,2000.0,1,1,669,2026-07-12T16:45:19.197108+00:00,0.0025908,0.2330955,True,False,1.0,0.0,79204,131204,True,False,1,17993,1,0,1.4254657462020813e-06,0.9999985745342538,2.29e-05,0.21582100000000126,5.6e-06,0.017245999999998762,ed17a97180c978f60426a14d9de92db553420b77950a43fd806d8d7a4a18952c,357f95b739898c8f9c2047d6495e7f306a868edb33e9f98970e5fe7311055118,a643f62d82e2a28f903663acade174fee38dbb8daecccea9dfcca80068c57ba8,
pilot,oregonator_n1e5,oregonator,Oregonator,100000,1.0,threshold_1500,prospective,2,1500.0,1,1,670,2026-07-12T16:45:19.432902+00:00,0.002852,0.206632,True,False,1.0,0.0,79204,131204,True,False,1,17993,1,0,1.4254657462020813e-06,0.9999985745342538,2.33e-05,0.19099019999999958,5.5e-06,0.015613000000000432,ed17a97180c978f60426a14d9de92db553420b77950a43fd806d8d7a4a18952c,357f95b739898c8f9c2047d6495e7f306a868edb33e9f98970e5fe7311055118,a643f62d82e2a28f903663acade174fee38dbb8daecccea9dfcca80068c57ba8,
pilot,oregonator_n1e5,oregonator,Oregonator,100000,1.0,threshold_300,prospective,2,300.0,1,1,671,2026-07-12T16:45:19.643348+00:00,0.0024023,0.2242225,True,False,1.0,0.0,79204,131204,True,False,1,17993,1,0,1.4254657462020813e-06,0.9999985745342538,2.33e-05,0.20772089999999946,5.5e-06,0.016472800000000537,ed17a97180c978f60426a14d9de92db553420b77950a43fd806d8d7a4a18952c,357f95b739898c8f9c2047d6495e7f306a868edb33e9f98970e5fe7311055118,a643f62d82e2a28f903663acade174fee38dbb8daecccea9dfcca80068c57ba8,
pilot,oregonator_n1e5,oregonator,Oregonator,100000,1.0,forced_batch,prospective,2,0.0,1,1,672,2026-07-12T16:45:19.870262+00:00,0.0022496,5.3469772,True,False,1.0,0.0,62600,114600,False,False,404293,0,0,0,1.0,0.0,4.98719329999633,0.0,0.0,0.35978390000367,f2932d26bc9c0e29e64410fff23354f61449db0fdd895eb7014764bb35a9da29,9f890bcc8fc3fcad08a1330d2a6f28206161e9bf62b9eb043776ea4b2cad8425,a643f62d82e2a28f903663acade174fee38dbb8daecccea9dfcca80068c57ba8,
pilot,rossler_n1e5,rossler,Rössler-Willamowski,100000,1.0,threshold_250,prospective,2,250.0,2,0,673,2026-07-12T16:45:25.219497+00:00,0.0022782,2.2937436,True,False,1.0,0.0,3016383,5987269,False,False,157444,921,2,12,0.9181934405406011,0.08180655945939883,2.08481759999978,0.021521000000000002,2.0499999999999997e-05,0.1873845000002201,cc7edfe66bec3b39f002fc1343fd80d46651103078764fc358c80c381ca4f8b6,ad1b1d94dd55740075a2e450f729db9f5c6f647936a2d8e49406032285594558,a643f62d82e2a28f903663acade174fee38dbb8daecccea9dfcca80068c57ba8,
pilot,rossler_n1e5,rossler,Rössler-Willamowski,100000,1.0,forced_batch,prospective,2,0.0,2,0,674,2026-07-12T16:45:27.515490+00:00,0.0022518,2.1098853,True,False,1.0,0.0,3013429,5920349,False,False,161618,0,0,28,1.0,0.0,1.9391955999996922,0.0,0.0,0.17068970000030803,8253eb967b676b425c05d97a661f54f172b2a08c28fae4adbcac99c1206de0bb,efb26cbc86cb78d055e68055afda541336dcc765b73c8030bff62cf952d05cf3,a643f62d82e2a28f903663acade174fee38dbb8daecccea9dfcca80068c57ba8,
pilot,rossler_n1e5,rossler,Rössler-Willamowski,100000,1.0,threshold_750,prospective,2,750.0,2,0,675,2026-07-12T16:45:29.628145+00:00,0.0021374,2.6049157,True,False,1.0,0.0,3025238,6025238,True,False,39222,31384,3,0,0.17155546698226043,0.8284445330177396,0.43860029999999955,2.090716800000032,2.62e-05,0.07557239999996801,2b767a432963d51a67ddaf94d27359461f2b2992ccfb6e0479bbf7b7e4446eab,8568f4c99eaba7c160f64afe4a79ae45ac0da7518ded98c5b4b64ec7ecec72b6,a643f62d82e2a28f903663acade174fee38dbb8daecccea9dfcca80068c57ba8,
pilot,rossler_n1e5,rossler,Rössler-Willamowski,100000,1.0,threshold_300,prospective,2,300.0,2,0,676,2026-07-12T16:45:32.235773+00:00,0.0024986,2.2477649,True,False,1.0,0.0,3020829,6020829,False,False,148668,2652,4,9,0.8449487700085099,0.15505122999149007,1.9267776000003063,0.14270430000000006,4.02e-05,0.1782427999996936,d2b047191b35f9a4dac068fb78bb21d87e00c7d201fe303a7d91efbc6d17ae11,469f191b9acc4b13307efc42f12de4756817de19b054dbe0a7083eb79b10b45d,a643f62d82e2a28f903663acade174fee38dbb8daecccea9dfcca80068c57ba8,
pilot,rossler_n1e5,rossler,Rössler-Willamowski,100000,1.0,wallclock_timing,wallclock,0,,2,0,677,2026-07-12T16:45:34.486101+00:00,0.0022096,2.0509593,True,False,1.0,0.0,3012024,6012024,True,False,128965,6809,65,18,0.7586487810879645,0.24135121891203554,1.508035200000192,0.4083172000000001,0.0005447999999999999,0.13406209999980812,868c6055f248d27a3bea23910f64119e54f58f697a786697b8ce65782fb51f4d,e2414a3c85901aba0f01e5b5319eceb931dba1f697f0e3881b922d5bb7106e16,a643f62d82e2a28f903663acade174fee38dbb8daecccea9dfcca80068c57ba8,
pilot,rossler_n1e5,rossler,Rössler-Willamowski,100000,1.0,threshold_500,prospective,2,500.0,2,0,678,2026-07-12T16:45:36.539010+00:00,0.0021999,2.134145,True,False,1.0,0.0,3018260,6018260,True,False,87375,16743,5,0,0.43614759229132616,0.5638524077086738,1.0447774000002166,0.9777141999999978,8.86e-05,0.11156479999978552,66a1e60312a13fcf9f41019cde168e0c14509f488fbbabc579a1ac8359317745,7aef6022535b1d2c946fc9d5ad3f530e544bad128c61867b2c58061c14e79e35,a643f62d82e2a28f903663acade174fee38dbb8daecccea9dfcca80068c57ba8,
pilot,rossler_n1e5,rossler,Rössler-Willamowski,100000,1.0,threshold_1500,prospective,2,1500.0,2,0,679,2026-07-12T16:45:38.676117+00:00,0.0027868,3.9600585,True,False,1.0,0.0,3025909,3225909,True,False,1,47627,1,0,2.4460367381439282e-05,0.9999755396326185,2.89e-05,3.9036833999999265,2.77e-05,0.056318500000073435,d65f07a1b9992bc2cd31af1d3bb3c57479b6064a3147b3301e34f82c6db2d9f8,a9016ddfc32e5a58c6568700a39b072cdc6d0b6359436d2bcaba05f9138b5761,a643f62d82e2a28f903663acade174fee38dbb8daecccea9dfcca80068c57ba8,
pilot,rossler_n1e5,rossler,Rössler-Willamowski,100000,1.0,threshold_150,prospective,2,150.0,2,0,680,2026-07-12T16:45:42.638931+00:00,0.0021273,2.1042135,True,False,1.0,0.0,3021269,5962783,False,False,159417,389,2,20,0.9538317153323074,0.04616828466769259,1.9285760999997181,0.005358099999999999,1.24e-05,0.1702669000002821,b2a0e6581195fc045792d6d5ac8907a6ffb30fc6ab5ccfebd3970c509aebd44d,9a4a568b0927efad5efb3e1edc77f1e7a4f1766a9e780ea054288d859682c84f,a643f62d82e2a28f903663acade174fee38dbb8daecccea9dfcca80068c57ba8,
pilot,rossler_n1e5,rossler,Rössler-Willamowski,100000,1.0,threshold_1000,prospective,2,1000.0,2,0,681,2026-07-12T16:45:44.745006+00:00,0.0024514,3.5203648,True,False,1.0,0.0,3032347,6032347,True,False,12670,42316,3,0,0.04908512073874613,0.9509148792612538,0.1420749999999989,3.31525179999992,2.86e-05,0.06300940000008115,ce6b987101a2e1a9e027c4756ab07cbb0d351f0d20a2be48555bdc02638869c9,bd433c16a9f5d74ce86ef6b36959001e265a7156ddf3a4e4410286b373eb85f7,a643f62d82e2a28f903663acade174fee38dbb8daecccea9dfcca80068c57ba8,
pilot,rossler_n1e5,rossler,Rössler-Willamowski,100000,1.0,threshold_100,prospective,2,100.0,2,0,682,2026-07-12T16:45:48.268781+00:00,0.0020487,2.1409266,True,False,1.0,0.0,3011732,5795748,False,False,163891,117,2,25,0.9827928578104176,0.017207142189582355,1.9666983999998087,0.0015134999999999997,1.26e-05,0.17270210000019115,3eca5f88794bfb444183034006b4ff9979368e2a77b2ea35b9b0c9b37b6c5983,a22d286f6966d8e0110816cc47dbc997aba03611fda5375b058ec05b7cddbdae,a643f62d82e2a28f903663acade174fee38dbb8daecccea9dfcca80068c57ba8,
pilot,rossler_n1e5,rossler,Rössler-Willamowski,100000,1.0,threshold_50,prospective,2,50.0,2,0,683,2026-07-12T16:45:50.412075+00:00,0.0022322,2.3083346,True,False,1.0,0.0,3013429,5920349,False,False,161618,0,0,28,1.0,0.0,2.119625099999777,0.0,0.0,0.1887095000002228,8253eb967b676b425c05d97a661f54f172b2a08c28fae4adbcac99c1206de0bb,efb26cbc86cb78d055e68055afda541336dcc765b73c8030bff62cf952d05cf3,a643f62d82e2a28f903663acade174fee38dbb8daecccea9dfcca80068c57ba8,
pilot,rossler_n1e5,rossler,Rössler-Willamowski,100000,1.0,threshold_400,prospective,2,400.0,2,0,684,2026-07-12T16:45:52.722694+00:00,0.002016,2.0836007,True,False,1.0,0.0,3027804,6027804,False,False,126362,7188,4,4,0.6866593548429079,0.31334064515709215,1.531162000000316,0.40707489999999796,4.81e-05,0.14531569999968563,a7e3ded1aaffc67eb190c24b4ecaa92c10fb49c1822ed554db6b825a83008ea1,20e30dcb5a3c9d11d89a82352c297b0c99315c2aaeb64e453dc1565b58bcb6cb,a643f62d82e2a28f903663acade174fee38dbb8daecccea9dfcca80068c57ba8,
pilot,rossler_n1e5,rossler,Rössler-Willamowski,100000,1.0,threshold_2000,prospective,2,2000.0,2,0,685,2026-07-12T16:45:54.808740+00:00,0.0020982,3.8135339,True,False,1.0,0.0,3025909,3225909,True,False,1,47627,1,0,2.4460367381439282e-05,0.9999755396326185,2.16e-05,3.759149799999935,4e-06,0.05435850000006459,d65f07a1b9992bc2cd31af1d3bb3c57479b6064a3147b3301e34f82c6db2d9f8,a9016ddfc32e5a58c6568700a39b072cdc6d0b6359436d2bcaba05f9138b5761,a643f62d82e2a28f903663acade174fee38dbb8daecccea9dfcca80068c57ba8,
pilot,rossler_n1e5,rossler,Rössler-Willamowski,100000,1.0,forced_gillespie_after_initial_batch,prospective,2,1000000000000.0,2,0,686,2026-07-12T16:45:58.624859+00:00,0.0032812,4.8126642,True,False,1.0,0.0,3025909,3225909,True,False,1,47627,1,0,2.4460367381439282e-05,0.9999755396326185,3.9e-05,4.743954200000086,8.4e-06,0.06866259999991442,d65f07a1b9992bc2cd31af1d3bb3c57479b6064a3147b3301e34f82c6db2d9f8,a9016ddfc32e5a58c6568700a39b072cdc6d0b6359436d2bcaba05f9138b5761,a643f62d82e2a28f903663acade174fee38dbb8daecccea9dfcca80068c57ba8,
pilot,rossler_n1e5,rossler,Rössler-Willamowski,100000,1.0,threshold_20,prospective,2,20.0,2,0,687,2026-07-12T16:46:03.440479+00:00,0.0020557,2.6832661,True,False,1.0,0.0,3013429,5920349,False,False,161618,0,0,28,1.0,0.0,2.460551299999995,0.0,0.0,0.2227148000000052,8253eb967b676b425c05d97a661f54f172b2a08c28fae4adbcac99c1206de0bb,efb26cbc86cb78d055e68055afda541336dcc765b73c8030bff62cf952d05cf3,a643f62d82e2a28f903663acade174fee38dbb8daecccea9dfcca80068c57ba8,
pilot,rossler_n1e5,rossler,Rössler-Willamowski,100000,1.0,threshold_200,prospective,2,200.0,2,0,688,2026-07-12T16:46:06.126572+00:00,0.002459,2.7214334,True,False,1.0,0.0,3022018,5823442,False,False,161879,655,2,15,0.9337670938474719,0.0662329061525281,2.4833937000000565,0.014427800000000001,2.19e-05,0.22358999999994333,d91e6185ed7c616c81d3f9dcc2709d6f848903a44d4e2b0e4210d409403e0d49,75ce392a6953d4710139e3e5adcd337e983e1f46d6893c91ab0328e6837619ae,a643f62d82e2a28f903663acade174fee38dbb8daecccea9dfcca80068c57ba8,
pilot,brusselator_n2e4,brusselator,Order-3 Brusselator,20000,20.0,threshold_100,prospective,2,100.0,1,1,689,2026-07-12T16:46:08.850207+00:00,0.0021654,0.1155054,True,False,20.0,0.0,187787,197787,True,False,1,5467,1,0,9.988626500826323e-06,19.999990011373498,4.2e-05,0.1105087999999999,4.1e-06,0.004950500000000094,870ce899b3e18ae552d9d4dc39d37e1bb2dbb5e3a529a6e59a0ef98df8480efa,3094af19d71eec626ce81d1a9053bf6796c2e90c23b81fdd02e2d2baedff842f,a643f62d82e2a28f903663acade174fee38dbb8daecccea9dfcca80068c57ba8,
pilot,brusselator_n2e4,brusselator,Order-3 Brusselator,20000,20.0,threshold_20,prospective,2,20.0,1,1,690,2026-07-12T16:46:08.968456+00:00,0.0020077,0.1126476,True,False,20.0,0.0,187787,197787,True,False,1,5467,1,0,9.988626500826323e-06,19.999990011373498,3.28e-05,0.10756480000000028,3.6e-06,0.005046399999999715,870ce899b3e18ae552d9d4dc39d37e1bb2dbb5e3a529a6e59a0ef98df8480efa,3094af19d71eec626ce81d1a9053bf6796c2e90c23b81fdd02e2d2baedff842f,a643f62d82e2a28f903663acade174fee38dbb8daecccea9dfcca80068c57ba8,
pilot,brusselator_n2e4,brusselator,Order-3 Brusselator,20000,20.0,threshold_500,prospective,2,500.0,1,1,691,2026-07-12T16:46:09.083114+00:00,0.0021898,0.1374108,True,False,20.0,0.0,187787,197787,True,False,1,5467,1,0,9.988626500826323e-06,19.999990011373498,3.58e-05,0.13215010000000008,3.6e-06,0.005221299999999929,870ce899b3e18ae552d9d4dc39d37e1bb2dbb5e3a529a6e59a0ef98df8480efa,3094af19d71eec626ce81d1a9053bf6796c2e90c23b81fdd02e2d2baedff842f,a643f62d82e2a28f903663acade174fee38dbb8daecccea9dfcca80068c57ba8,
pilot,brusselator_n2e4,brusselator,Order-3 Brusselator,20000,20.0,wallclock_timing,wallclock,0,,1,1,692,2026-07-12T16:46:09.222919+00:00,0.0021724,0.141874,True,False,20.0,0.0,185370,195370,True,False,256,5481,1,0,0.004411464801857188,19.99558853519814,0.009454599999999997,0.12762560000000003,4.9e-06,0.004788899999999957,d12877726a463af68705ea6f1ceb28f8a8d87f1d8c423f3d4f38c3eda03a61c7,f9a63ca52aef69426ac262378813c0ae9ba6a6650c9b1b137d3b728821e390ca,a643f62d82e2a28f903663acade174fee38dbb8daecccea9dfcca80068c57ba8,
pilot,brusselator_n2e4,brusselator,Order-3 Brusselator,20000,20.0,forced_gillespie_after_initial_batch,prospective,2,1000000000000.0,1,1,693,2026-07-12T16:46:09.368121+00:00,0.0020861,0.1315465,True,False,20.0,0.0,187787,197787,True,False,1,5467,1,0,9.988626500826323e-06,19.999990011373498,4.72e-05,0.12630370000000005,4.6e-06,0.005190999999999973,870ce899b3e18ae552d9d4dc39d37e1bb2dbb5e3a529a6e59a0ef98df8480efa,3094af19d71eec626ce81d1a9053bf6796c2e90c23b81fdd02e2d2baedff842f,a643f62d82e2a28f903663acade174fee38dbb8daecccea9dfcca80068c57ba8,
pilot,brusselator_n2e4,brusselator,Order-3 Brusselator,20000,20.0,forced_batch,prospective,2,0.0,1,1,694,2026-07-12T16:46:09.502125+00:00,0.0022758,30.0000179,False,True,9.792612963249324,-10.207387036750676,151029,161029,False,False,1039167,0,0,0,9.792612963249324,0.0,29.21262859998205,0.0,0.0,0.7873893000179493,f88a8e196ddd4af30868cbc11b1045dcf3d9c60aba72bea1e7de7ee16504e724,49cbc527c9557bb6d87dc4f04f1f8dfd7513ea100e3dffe8cedbc67ba5203ec3,a643f62d82e2a28f903663acade174fee38dbb8daecccea9dfcca80068c57ba8,wall-clock cap reached before t_max
pilot,brusselator_n2e4,brusselator,Order-3 Brusselator,20000,20.0,threshold_150,prospective,2,150.0,1,1,695,2026-07-12T16:46:39.503201+00:00,0.0023226,0.0982577,True,False,20.0,0.0,187787,197787,True,False,1,5467,1,0,9.988626500826323e-06,19.999990011373498,6.6e-05,0.0939076999999997,4.4e-06,0.0042796000000003,870ce899b3e18ae552d9d4dc39d37e1bb2dbb5e3a529a6e59a0ef98df8480efa,3094af19d71eec626ce81d1a9053bf6796c2e90c23b81fdd02e2d2baedff842f,a643f62d82e2a28f903663acade174fee38dbb8daecccea9dfcca80068c57ba8,
pilot,brusselator_n2e4,brusselator,Order-3 Brusselator,20000,20.0,threshold_1500,prospective,2,1500.0,1,1,696,2026-07-12T16:46:39.604784+00:00,0.0024837,0.1123192,True,False,20.0,0.0,187787,197787,True,False,1,5467,1,0,9.988626500826323e-06,19.999990011373498,4.6e-05,0.10733440000000001,5e-06,0.004933799999999974,870ce899b3e18ae552d9d4dc39d37e1bb2dbb5e3a529a6e59a0ef98df8480efa,3094af19d71eec626ce81d1a9053bf6796c2e90c23b81fdd02e2d2baedff842f,a643f62d82e2a28f903663acade174fee38dbb8daecccea9dfcca80068c57ba8,
pilot,brusselator_n2e4,brusselator,Order-3 Brusselator,20000,20.0,threshold_250,prospective,2,250.0,1,1,697,2026-07-12T16:46:39.719099+00:00,0.0020855,0.1139146,True,False,20.0,0.0,187787,197787,True,False,1,5467,1,0,9.988626500826323e-06,19.999990011373498,3.71e-05,0.10919910000000012,4e-06,0.004674399999999884,870ce899b3e18ae552d9d4dc39d37e1bb2dbb5e3a529a6e59a0ef98df8480efa,3094af19d71eec626ce81d1a9053bf6796c2e90c23b81fdd02e2d2baedff842f,a643f62d82e2a28f903663acade174fee38dbb8daecccea9dfcca80068c57ba8,
pilot,brusselator_n2e4,brusselator,Order-3 Brusselator,20000,20.0,threshold_1000,prospective,2,1000.0,1,1,698,2026-07-12T16:46:39.836148+00:00,0.0021053,0.1034044,True,False,20.0,0.0,187787,197787,True,False,1,5467,1,0,9.988626500826323e-06,19.999990011373498,3.64e-05,0.09883580000000007,4e-06,0.004528199999999913,870ce899b3e18ae552d9d4dc39d37e1bb2dbb5e3a529a6e59a0ef98df8480efa,3094af19d71eec626ce81d1a9053bf6796c2e90c23b81fdd02e2d2baedff842f,a643f62d82e2a28f903663acade174fee38dbb8daecccea9dfcca80068c57ba8,
pilot,brusselator_n2e4,brusselator,Order-3 Brusselator,20000,20.0,threshold_750,prospective,2,750.0,1,1,699,2026-07-12T16:46:39.942076+00:00,0.0024366,0.1021607,True,False,20.0,0.0,187787,197787,True,False,1,5467,1,0,9.988626500826323e-06,19.999990011373498,4.69e-05,0.09747940000000013,4.9e-06,0.004629499999999856,870ce899b3e18ae552d9d4dc39d37e1bb2dbb5e3a529a6e59a0ef98df8480efa,3094af19d71eec626ce81d1a9053bf6796c2e90c23b81fdd02e2d2baedff842f,a643f62d82e2a28f903663acade174fee38dbb8daecccea9dfcca80068c57ba8,
pilot,brusselator_n2e4,brusselator,Order-3 Brusselator,20000,20.0,threshold_200,prospective,2,200.0,1,1,700,2026-07-12T16:46:40.046602+00:00,0.0021048,0.1098066,True,False,20.0,0.0,187787,197787,True,False,1,5467,1,0,9.988626500826323e-06,19.999990011373498,4.44e-05,0.10495980000000033,4.7e-06,0.004797699999999683,870ce899b3e18ae552d9d4dc39d37e1bb2dbb5e3a529a6e59a0ef98df8480efa,3094af19d71eec626ce81d1a9053bf6796c2e90c23b81fdd02e2d2baedff842f,a643f62d82e2a28f903663acade174fee38dbb8daecccea9dfcca80068c57ba8,
pilot,brusselator_n2e4,brusselator,Order-3 Brusselator,20000,20.0,threshold_400,prospective,2,400.0,1,1,701,2026-07-12T16:46:40.158676+00:00,0.0023117,0.111753,True,False,20.0,0.0,187787,197787,True,False,1,5467,1,0,9.988626500826323e-06,19.999990011373498,4.18e-05,0.10684460000000026,4.1e-06,0.004862499999999742,870ce899b3e18ae552d9d4dc39d37e1bb2dbb5e3a529a6e59a0ef98df8480efa,3094af19d71eec626ce81d1a9053bf6796c2e90c23b81fdd02e2d2baedff842f,a643f62d82e2a28f903663acade174fee38dbb8daecccea9dfcca80068c57ba8,
pilot,brusselator_n2e4,brusselator,Order-3 Brusselator,20000,20.0,threshold_2000,prospective,2,2000.0,1,1,702,2026-07-12T16:46:40.273707+00:00,0.002373,0.1209354,True,False,20.0,0.0,187787,197787,True,False,1,5467,1,0,9.988626500826323e-06,19.999990011373498,3.73e-05,0.11631560000000045,4.2e-06,0.004578299999999549,870ce899b3e18ae552d9d4dc39d37e1bb2dbb5e3a529a6e59a0ef98df8480efa,3094af19d71eec626ce81d1a9053bf6796c2e90c23b81fdd02e2d2baedff842f,a643f62d82e2a28f903663acade174fee38dbb8daecccea9dfcca80068c57ba8,
pilot,brusselator_n2e4,brusselator,Order-3 Brusselator,20000,20.0,threshold_300,prospective,2,300.0,1,1,703,2026-07-12T16:46:40.397374+00:00,0.0020315,0.0949503,True,False,20.0,0.0,187787,197787,True,False,1,5467,1,0,9.988626500826323e-06,19.999990011373498,3.63e-05,0.0904028000000002,4e-06,0.004507199999999795,870ce899b3e18ae552d9d4dc39d37e1bb2dbb5e3a529a6e59a0ef98df8480efa,3094af19d71eec626ce81d1a9053bf6796c2e90c23b81fdd02e2d2baedff842f,a643f62d82e2a28f903663acade174fee38dbb8daecccea9dfcca80068c57ba8,
pilot,brusselator_n2e4,brusselator,Order-3 Brusselator,20000,20.0,threshold_50,prospective,2,50.0,1,1,704,2026-07-12T16:46:40.493849+00:00,0.002645,0.0930871,True,False,20.0,0.0,187787,197787,True,False,1,5467,1,0,9.988626500826323e-06,19.999990011373498,3.8e-05,0.08866730000000023,4.1e-06,0.004377699999999776,870ce899b3e18ae552d9d4dc39d37e1bb2dbb5e3a529a6e59a0ef98df8480efa,3094af19d71eec626ce81d1a9053bf6796c2e90c23b81fdd02e2d2baedff842f,a643f62d82e2a28f903663acade174fee38dbb8daecccea9dfcca80068c57ba8,
pilot,shrinking_split_b_decay_n2e6,shrinking,Shrinking split B decay,2000000,0.1,threshold_200,prospective,2,200.0,2,1,705,2026-07-12T16:46:40.590035+00:00,0.0028643,0.0427102,True,False,0.1,0.0,101,365479,True,False,4152,817,1,25,0.024537830506277464,0.07546216949372254,0.03329129999999979,0.006402600000000005,3.5e-06,0.003012800000000204,805e71405d319b7b59897499763a787a39bb23206360eb2e1082eda45585d8c8,5bd56499120ab5cad3c30b3d4a29c318d16f23a18bf0cd50b5d373ebce382eee,a643f62d82e2a28f903663acade174fee38dbb8daecccea9dfcca80068c57ba8,
pilot,shrinking_split_b_decay_n2e6,shrinking,Shrinking split B decay,2000000,0.1,threshold_50,prospective,2,50.0,2,1,706,2026-07-12T16:46:40.636273+00:00,0.0021213,0.0457547,True,False,0.1,0.0,88,22130,True,False,5468,194,1,54,0.052262197483973316,0.04773780251602669,0.04208320000000033,0.00032020000000000025,2.8e-06,0.003348499999999678,21d6ecfb5a9f715fd647a06d477361763dd06502effea2f4f4d0ade0ea4f87ab,f416112207848ccd18f731900b9f03b382e3f23dac42c726fc3ad80ac829a01a,a643f62d82e2a28f903663acade174fee38dbb8daecccea9dfcca80068c57ba8,
pilot,shrinking_split_b_decay_n2e6,shrinking,Shrinking split B decay,2000000,0.1,threshold_300,prospective,2,300.0,2,1,707,2026-07-12T16:46:40.684271+00:00,0.0017391,0.0425125,True,False,0.1,0.0,82,788056,True,False,3300,1232,1,17,0.016463583000822495,0.0835364169991775,0.023200000000000092,0.016734400000000014,2.9e-06,0.0025751999999998956,922a6abca92ea8de171fa67972db1e791cd330b6875a5a62a561c417d0a805e2,073bd5219cc248f0f1ebf012800571047774c5004115b3d715fdf001f3e5decf,a643f62d82e2a28f903663acade174fee38dbb8daecccea9dfcca80068c57ba8,
pilot,shrinking_split_b_decay_n2e6,shrinking,Shrinking split B decay,2000000,0.1,threshold_1500,prospective,2,1500.0,2,1,708,2026-07-12T16:46:40.728671+00:00,0.0023154,0.0532455,True,False,0.1,0.0,97,4000097,True,False,1,2820,1,0,1.9967005262320962e-06,0.09999800329947377,2.44e-05,0.05177480000000017,5.7e-06,0.0014405999999998337,c54b9b690c0799b3fa0b9589fe1d043133bc1ff43d50120c4d4d0de51bb35324,c518061a83b0677444a8ef916b599c482c261131671191380db0d84cf1a07b03,a643f62d82e2a28f903663acade174fee38dbb8daecccea9dfcca80068c57ba8,
pilot,shrinking_split_b_decay_n2e6,shrinking,Shrinking split B decay,2000000,0.1,threshold_2000,prospective,2,2000.0,2,1,709,2026-07-12T16:46:40.785191+00:00,0.0017158,0.0466345,True,False,0.1,0.0,97,4000097,True,False,1,2820,1,0,1.9967005262320962e-06,0.09999800329947377,1.59e-05,0.045304099999999924,2.6e-06,0.001311900000000081,c54b9b690c0799b3fa0b9589fe1d043133bc1ff43d50120c4d4d0de51bb35324,c518061a83b0677444a8ef916b599c482c261131671191380db0d84cf1a07b03,a643f62d82e2a28f903663acade174fee38dbb8daecccea9dfcca80068c57ba8,
pilot,shrinking_split_b_decay_n2e6,shrinking,Shrinking split B decay,2000000,0.1,threshold_500,prospective,2,500.0,2,1,710,2026-07-12T16:46:40.833590+00:00,0.0016851,0.0366681,True,False,0.1,0.0,93,2255233,True,False,1587,2059,1,6,0.006233335123773639,0.09376666487622637,0.010795700000000087,0.02414380000000002,2.1e-06,0.0017264999999998948,9128b11d6d333254636f11236092a727c170c8456f7be88fc4c33cce58efc7b9,ae7a019e652a8f77d179073e364bcaad12576973f9356d4bb4512d0175dbdd91,a643f62d82e2a28f903663acade174fee38dbb8daecccea9dfcca80068c57ba8,
pilot,shrinking_split_b_decay_n2e6,shrinking,Shrinking split B decay,2000000,0.1,threshold_20,prospective,2,20.0,2,1,711,2026-07-12T16:46:40.872112+00:00,0.0015261,0.0400683,True,False,0.1,0.0,81,3683,True,False,5711,66,1,72,0.07068557013564289,0.029314429864357117,0.03727129999999999,7.97e-05,2.1e-06,0.002715200000000008,46b5343aea543c78335c34380e4a709848abd5e3b134cb2c394b603177379b98,56c70cd3791b13ecd5849adbf81ae74f091cb7dec7d09b1c315ae7cc2d1885cd,a643f62d82e2a28f903663acade174fee38dbb8daecccea9dfcca80068c57ba8,
pilot,shrinking_split_b_decay_n2e6,shrinking,Shrinking split B decay,2000000,0.1,threshold_250,prospective,2,250.0,2,1,712,2026-07-12T16:46:40.914134+00:00,0.0016194,0.0358862,True,False,0.1,0.0,86,590220,True,False,3721,1024,1,20,0.02008360780108069,0.07991639219891931,0.02586470000000018,0.007608199999999989,3.2e-06,0.002410099999999832,e894083fd7d9ef12bac6b19e48ebf349d249cd271498d8e6ba0edbdb21adcd3d,14d7fad6515dad2c3eb5a193575c3fb3454d61421dff6afcabc682df20022550,a643f62d82e2a28f903663acade174fee38dbb8daecccea9dfcca80068c57ba8,
pilot,shrinking_split_b_decay_n2e6,shrinking,Shrinking split B decay,2000000,0.1,forced_gillespie_after_initial_batch,prospective,2,1000000000000.0,2,1,713,2026-07-12T16:46:40.952140+00:00,0.0019288,0.0548233,True,False,0.1,0.0,97,4000097,True,False,1,2820,1,0,1.9967005262320962e-06,0.09999800329947377,2.51e-05,0.053290900000000065,4.7e-06,0.0015025999999999304,c54b9b690c0799b3fa0b9589fe1d043133bc1ff43d50120c4d4d0de51bb35324,c518061a83b0677444a8ef916b599c482c261131671191380db0d84cf1a07b03,a643f62d82e2a28f903663acade174fee38dbb8daecccea9dfcca80068c57ba8,
pilot,shrinking_split_b_decay_n2e6,shrinking,Shrinking split B decay,2000000,0.1,forced_batch,prospective,2,0.0,2,1,714,2026-07-12T16:46:41.008726+00:00,0.0017327,0.0430914,True,False,0.1,0.0,107,331,False,False,5853,0,0,97,0.1,0.0,0.04010729999999989,0.0,0.0,0.0029841000000001144,b23c151ea04de4972bf8eea3696e6e85f1cd7dd03ae62c609e0e217e24c7c444,f95914605cafdedfcba4d042e2eb954d4ba093b1a1db588778162d97db92513b,a643f62d82e2a28f903663acade174fee38dbb8daecccea9dfcca80068c57ba8,
pilot,shrinking_split_b_decay_n2e6,shrinking,Shrinking split B decay,2000000,0.1,wallclock_timing,wallclock,0,,2,1,715,2026-07-12T16:46:41.053861+00:00,0.001728,0.0414859,True,False,0.1,0.0,97,291,False,False,5800,2,2,97,0.09998522596571129,1.4774034288726431e-05,0.03876319999999993,5.94e-05,9.100000000000001e-06,0.0026542000000000718,26078f7dfe90f891768eaa4a74605fa8977bb20dc6d7787fbe334969f39ae1e6,6e0840cfe902f9138a9be8731cf2bd600c194e3ac6df5755ea17303d325b5908,a643f62d82e2a28f903663acade174fee38dbb8daecccea9dfcca80068c57ba8,
pilot,shrinking_split_b_decay_n2e6,shrinking,Shrinking split B decay,2000000,0.1,threshold_750,prospective,2,750.0,2,1,716,2026-07-12T16:46:41.097358+00:00,0.0022532,0.0645514,True,False,0.1,0.0,97,4000097,True,False,1,2820,1,0,1.9967005262320962e-06,0.09999800329947377,2.36e-05,0.06272449999999988,3.8e-06,0.0017995000000001204,c54b9b690c0799b3fa0b9589fe1d043133bc1ff43d50120c4d4d0de51bb35324,c518061a83b0677444a8ef916b599c482c261131671191380db0d84cf1a07b03,a643f62d82e2a28f903663acade174fee38dbb8daecccea9dfcca80068c57ba8,
pilot,shrinking_split_b_decay_n2e6,shrinking,Shrinking split B decay,2000000,0.1,threshold_1000,prospective,2,1000.0,2,1,717,2026-07-12T16:46:41.165231+00:00,0.0018869,0.0586445,True,False,0.1,0.0,97,4000097,True,False,1,2820,1,0,1.9967005262320962e-06,0.09999800329947377,2.08e-05,0.05704730000000007,3.3e-06,0.0015730999999999315,c54b9b690c0799b3fa0b9589fe1d043133bc1ff43d50120c4d4d0de51bb35324,c518061a83b0677444a8ef916b599c482c261131671191380db0d84cf1a07b03,a643f62d82e2a28f903663acade174fee38dbb8daecccea9dfcca80068c57ba8,
pilot,shrinking_split_b_decay_n2e6,shrinking,Shrinking split B decay,2000000,0.1,threshold_150,prospective,2,150.0,2,1,718,2026-07-12T16:46:41.225314+00:00,0.0017353,0.0400544,True,False,0.1,0.0,91,205355,True,False,4612,604,1,31,0.030310106427022553,0.06968989357297746,0.03356290000000018,0.0035819999999999966,3.5e-06,0.0029059999999998254,3d140a4073daf00397937bc04aa5212f72d290fe387052e87d7f30ec672da0db,e0aa37b94b67b7ef44bab8d4f223798adc42742ea6d50d0b95630babf571a1bb,a643f62d82e2a28f903663acade174fee38dbb8daecccea9dfcca80068c57ba8,
pilot,shrinking_split_b_decay_n2e6,shrinking,Shrinking split B decay,2000000,0.1,threshold_400,prospective,2,400.0,2,1,719,2026-07-12T16:46:41.267846+00:00,0.0019189,0.039186,True,False,0.1,0.0,87,1398469,True,False,2459,1646,1,11,0.010713917940473683,0.08928608205952633,0.01917520000000001,0.017689200000000002,3.1e-06,0.0023184999999999872,7ba3b404ef4a214a4c2d365e9ddd25f2b50cf03d7f90517830065e5b363356de,aaa2c3a07869b1494c87e7a603868b8635d73ac52d6914d820308582e5ea24d0,a643f62d82e2a28f903663acade174fee38dbb8daecccea9dfcca80068c57ba8,
pilot,shrinking_split_b_decay_n2e6,shrinking,Shrinking split B decay,2000000,0.1,threshold_100,prospective,2,100.0,2,1,720,2026-07-12T16:46:41.308844+00:00,0.0022407,0.0465273,True,False,0.1,0.0,89,86467,True,False,5038,401,1,40,0.038356252748963524,0.06164374725103648,0.04156779999999964,0.0015708000000000007,3.8e-06,0.003384900000000364,9c8757debdca8e34917919d6ced88afb8395546e61c7a962061cfd1d8d42d93b,a8eed37d1ace543f400b93967d9ebaa27eb94ec7f3bdb68411b4a8767cd26b2a,a643f62d82e2a28f903663acade174fee38dbb8daecccea9dfcca80068c57ba8,
pilot,shrinking_n2e6,shrinking,Shrinking,2000000,0.1,wallclock_timing,wallclock,0,,1,0,721,2026-07-12T16:46:41.357877+00:00,0.0021888,0.0503578,True,False,0.1,0.0,95,295,False,False,5799,2,2,96,0.09998525977999746,1.474022000254717e-05,0.04688689999999938,9.19e-05,1.77e-05,0.003361300000000622,5b9a669c7414a965ca97d9be65f7615accae34c7f143cca45d609769208b0b0b,218c1ea51afc21467ab84de1347a16bb284dd17214b25d0dbca130550b628f2c,a643f62d82e2a28f903663acade174fee38dbb8daecccea9dfcca80068c57ba8,
pilot,shrinking_n2e6,shrinking,Shrinking,2000000,0.1,threshold_1000,prospective,2,1000.0,1,0,722,2026-07-12T16:46:41.410780+00:00,0.0019017,0.040494,True,False,0.1,0.0,100,4000100,True,False,1,2822,1,0,1.80330874577914e-06,0.09999819669125423,1.76e-05,0.03916019999999998,2.4e-06,0.0013138000000000247,e607efe19abf622afe6a2dc54cdbb82817c602c38804e9e1969b52c2432abf0e,dfffd485a0dd02a621c202bc45034d7185ad25de7edf81464a331a4145c1f384,a643f62d82e2a28f903663acade174fee38dbb8daecccea9dfcca80068c57ba8,
pilot,shrinking_n2e6,shrinking,Shrinking,2000000,0.1,threshold_500,prospective,2,500.0,1,0,723,2026-07-12T16:46:41.453791+00:00,0.0016582,0.0326217,True,False,0.1,0.0,92,2255562,True,False,1571,2060,1,6,0.00624144752022355,0.09375855247977645,0.010333700000000057,0.020617500000000025,1.9e-06,0.001668599999999916,906629397e96ac1997f6ff965b36584ad6bcf54a49d921e1c1e01a5a64482c75,bfd8352749455514e625f00583f909a7a94d10b53ad44e556b52efed6ea0dd6b,a643f62d82e2a28f903663acade174fee38dbb8daecccea9dfcca80068c57ba8,
pilot,shrinking_n2e6,shrinking,Shrinking,2000000,0.1,threshold_400,prospective,2,400.0,1,0,724,2026-07-12T16:46:41.488355+00:00,0.001478,0.031123,True,False,0.1,0.0,78,1397916,True,False,2433,1643,1,11,0.010705165510688985,0.08929483448931103,0.01574430000000019,0.01349589999999999,1.5e-06,0.0018812999999998185,2aada5769e0795f2ef5b878d64de239d67e6bb1bf6954ce50d39cb71b52d29e4,d16c2d326a05c74c6f2b70c24573d4a6f9580c0927af30d3e3e8ded0725ac183,a643f62d82e2a28f903663acade174fee38dbb8daecccea9dfcca80068c57ba8,
pilot,shrinking_n2e6,shrinking,Shrinking,2000000,0.1,threshold_200,prospective,2,200.0,1,0,725,2026-07-12T16:46:41.521354+00:00,0.0013941,0.0322829,True,False,0.1,0.0,95,365201,True,False,4141,816,1,25,0.024571090831631257,0.07542890916836875,0.02645690000000006,0.0034879999999999967,1.4e-06,0.0023365999999999457,d2ae381e697ab7d8e182571f34b6acf2e35d14393dcaa4cf883851d6f713b7ce,f8ea08a4176700d22f0bf98dd5695b2d711d0d6722cd03f40c791a8426d91f43,a643f62d82e2a28f903663acade174fee38dbb8daecccea9dfcca80068c57ba8,
pilot,shrinking_n2e6,shrinking,Shrinking,2000000,0.1,threshold_1500,prospective,2,1500.0,1,0,726,2026-07-12T16:46:41.555389+00:00,0.0013719,0.0395744,True,False,0.1,0.0,100,4000100,True,False,1,2822,1,0,1.80330874577914e-06,0.09999819669125423,1.11e-05,0.038266399999999944,1.3e-06,0.0012956000000000564,e607efe19abf622afe6a2dc54cdbb82817c602c38804e9e1969b52c2432abf0e,dfffd485a0dd02a621c202bc45034d7185ad25de7edf81464a331a4145c1f384,a643f62d82e2a28f903663acade174fee38dbb8daecccea9dfcca80068c57ba8,
pilot,shrinking_n2e6,shrinking,Shrinking,2000000,0.1,forced_batch,prospective,2,0.0,1,0,727,2026-07-12T16:46:41.595908+00:00,0.0012993,0.0385681,True,False,0.1,0.0,94,282,False,False,5838,0,0,98,0.1,0.0,0.03582620000000013,0.0,0.0,0.0027418999999998736,d43cb4e38424797b2d04751aa27831cc11b7a2283a509a9a7c18645d34f84ada,7dd62d2c6bf4c92b38fde10376a8b953ce9e99e7df6978b8c2cb05e50e042e44,a643f62d82e2a28f903663acade174fee38dbb8daecccea9dfcca80068c57ba8,
pilot,shrinking_n2e6,shrinking,Shrinking,2000000,0.1,threshold_2000,prospective,2,2000.0,1,0,728,2026-07-12T16:46:41.635904+00:00,0.0014555,0.0393904,True,False,0.1,0.0,100,4000100,True,False,1,2822,1,0,1.80330874577914e-06,0.09999819669125423,1.14e-05,0.038073999999999934,1.8e-06,0.0013032000000000599,e607efe19abf622afe6a2dc54cdbb82817c602c38804e9e1969b52c2432abf0e,dfffd485a0dd02a621c202bc45034d7185ad25de7edf81464a331a4145c1f384,a643f62d82e2a28f903663acade174fee38dbb8daecccea9dfcca80068c57ba8,
pilot,shrinking_n2e6,shrinking,Shrinking,2000000,0.1,threshold_750,prospective,2,750.0,1,0,729,2026-07-12T16:46:41.677448+00:00,0.0014565,0.03913,True,False,0.1,0.0,100,4000100,True,False,1,2822,1,0,1.80330874577914e-06,0.09999819669125423,1.21e-05,0.037833999999999875,1.7e-06,0.0012822000000001221,e607efe19abf622afe6a2dc54cdbb82817c602c38804e9e1969b52c2432abf0e,dfffd485a0dd02a621c202bc45034d7185ad25de7edf81464a331a4145c1f384,a643f62d82e2a28f903663acade174fee38dbb8daecccea9dfcca80068c57ba8,
pilot,shrinking_n2e6,shrinking,Shrinking,2000000,0.1,threshold_100,prospective,2,100.0,1,0,730,2026-07-12T16:46:41.718446+00:00,0.001369,0.0352936,True,False,0.1,0.0,89,85997,True,False,5008,399,1,40,0.03842191399611662,0.061578086003883384,0.03176410000000012,0.0009944000000000005,1.7e-06,0.00253339999999988,96f88bc2c1175432ca20f610b1b450d6b9cdf8033818ce3182654571165d04dc,9a57f645e5b060359eadbb14fff86f6657130b98766c780e7e8c53352884ffdc,a643f62d82e2a28f903663acade174fee38dbb8daecccea9dfcca80068c57ba8,
pilot,shrinking_n2e6,shrinking,Shrinking,2000000,0.1,threshold_150,prospective,2,150.0,1,0,731,2026-07-12T16:46:41.754475+00:00,0.001812,0.0376513,True,False,0.1,0.0,91,204779,True,False,4577,608,1,31,0.030358106419582434,0.06964189358041757,0.03276259999999974,0.0020667,2.4e-06,0.002819600000000262,8ab223c6a35b6790c87d35686c142540b99eca6bba1ee21ae065820c5d7528cc,d2876a2ed86177b69f00883ea251c04dd2b4688989f9ad8a8a5284653a016082,a643f62d82e2a28f903663acade174fee38dbb8daecccea9dfcca80068c57ba8,
pilot,shrinking_n2e6,shrinking,Shrinking,2000000,0.1,threshold_250,prospective,2,250.0,1,0,732,2026-07-12T16:46:41.794999+00:00,0.0015633,0.0311607,True,False,0.1,0.0,79,536437,True,False,3710,1019,1,21,0.02011639193267902,0.07988360806732099,0.023666300000000112,0.005336499999999994,1.5e-06,0.0021563999999998917,7ac6ccf6de8e08db89fc15c6c4259ac882cd2ffdc501292b98659a52b7f5305e,f2e41c9078a2467c925a26be434f0d47d93c4e3dad0f916a225b56d7adf6025c,a643f62d82e2a28f903663acade174fee38dbb8daecccea9dfcca80068c57ba8,
pilot,shrinking_n2e6,shrinking,Shrinking,2000000,0.1,threshold_300,prospective,2,300.0,1,0,733,2026-07-12T16:46:41.827995+00:00,0.0014044,0.0307706,True,False,0.1,0.0,98,787870,True,False,3290,1234,1,17,0.016444391005236984,0.08355560899476301,0.02101990000000014,0.007649500000000002,1.5e-06,0.0020996999999998538,edf81a156649622fb587b09af5d6f9307c312865243af4e779e3787f6880e890,deb8864b202c1a1c6b6a31ab18d8ccb2d2f1aad5b5e546b1ab609d8e5b4580ef,a643f62d82e2a28f903663acade174fee38dbb8daecccea9dfcca80068c57ba8,
pilot,shrinking_n2e6,shrinking,Shrinking,2000000,0.1,threshold_50,prospective,2,50.0,1,0,734,2026-07-12T16:46:41.860002+00:00,0.0013502,0.0375047,True,False,0.1,0.0,86,22008,True,False,5456,192,1,54,0.05246192437058005,0.04753807562941995,0.03448490000000011,0.0003220000000000006,2e-06,0.002695799999999887,0e8ed12e6f682badf2bb7b38f194e339b5b9ecb76424ba07175da5415939e805,adf8a52e9142452bffdf657f66afdcbf4e0531abdda236437894d5b569d194ac,a643f62d82e2a28f903663acade174fee38dbb8daecccea9dfcca80068c57ba8,
pilot,shrinking_n2e6,shrinking,Shrinking,2000000,0.1,forced_gillespie_after_initial_batch,prospective,2,1000000000000.0,1,0,735,2026-07-12T16:46:41.898520+00:00,0.0014814,0.0397055,True,False,0.1,0.0,100,4000100,True,False,1,2822,1,0,1.80330874577914e-06,0.09999819669125423,1.18e-05,0.03838459999999999,1.4e-06,0.0013077000000000089,e607efe19abf622afe6a2dc54cdbb82817c602c38804e9e1969b52c2432abf0e,dfffd485a0dd02a621c202bc45034d7185ad25de7edf81464a331a4145c1f384,a643f62d82e2a28f903663acade174fee38dbb8daecccea9dfcca80068c57ba8,
pilot,shrinking_n2e6,shrinking,Shrinking,2000000,0.1,threshold_20,prospective,2,20.0,1,0,736,2026-07-12T16:46:41.940519+00:00,0.0014945,0.0387399,True,False,0.1,0.0,106,3746,True,False,5721,67,1,72,0.07088105131315424,0.029118948686845766,0.035949200000000195,6.399999999999998e-05,2.2e-06,0.0027244999999998035,559b042834d6ca15b8d0312def5e2f9fd7ed381a8d20c412792275df582b0f17,abe16b2ed19edc1a4851155bca072a4ac867bdfa892a72badaabd850b687e30a,a643f62d82e2a28f903663acade174fee38dbb8daecccea9dfcca80068c57ba8,
pilot,oregonator_n1e5,oregonator,Oregonator,100000,1.0,threshold_400,prospective,2,400.0,3,1,737,2026-07-12T16:46:41.981040+00:00,0.0019535,0.1430813,True,False,1.0,0.0,66017,118017,True,False,1,13831,1,0,5.200167466949822e-06,0.999994799832533,2.02e-05,0.13222459999999883,4.6e-06,0.010831900000001171,9e3eb5e1cb2046b3d1ca73110ca0ed206a73ac7122ccd95db98df84b1c5d77fb,da92e8c70ee892b8d83b3d78e10f872ee34213871b45af76e22fc3955a48dd3c,a643f62d82e2a28f903663acade174fee38dbb8daecccea9dfcca80068c57ba8,
pilot,oregonator_n1e5,oregonator,Oregonator,100000,1.0,threshold_20,prospective,2,20.0,3,1,738,2026-07-12T16:46:42.126610+00:00,0.0020773,0.737908,True,False,1.0,0.0,54787,106787,True,False,56079,5051,3,0,0.11087268773594759,0.8891273122640524,0.6524811999999457,0.03935079999999999,2.35e-05,0.04605250000005434,24594e2f7cc7fbbdd236068aadd539e6fba34158c51fed554ee232078816711b,393d5ae7e0e6270e3cf7483edc72f8d4c98616becdc1b9f1115412b53fb300ca,a643f62d82e2a28f903663acade174fee38dbb8daecccea9dfcca80068c57ba8,
pilot,oregonator_n1e5,oregonator,Oregonator,100000,1.0,threshold_1500,prospective,2,1500.0,3,1,739,2026-07-12T16:46:42.866326+00:00,0.0020782,0.1256095,True,False,1.0,0.0,66017,118017,True,False,1,13831,1,0,5.200167466949822e-06,0.999994799832533,1.92e-05,0.11576879999999697,5.4e-06,0.009816100000003047,9e3eb5e1cb2046b3d1ca73110ca0ed206a73ac7122ccd95db98df84b1c5d77fb,da92e8c70ee892b8d83b3d78e10f872ee34213871b45af76e22fc3955a48dd3c,a643f62d82e2a28f903663acade174fee38dbb8daecccea9dfcca80068c57ba8,
pilot,oregonator_n1e5,oregonator,Oregonator,100000,1.0,forced_batch,prospective,2,0.0,3,1,740,2026-07-12T16:46:42.994427+00:00,0.0021427,5.0726137,True,False,1.0,0.0,66511,118511,False,False,406825,0,0,0,1.0,0.0,4.729366399997165,0.0,0.0,0.3432473000028349,b30250a10ebf9b6ec9c5915220a1ebcc4aa9004834597b173044a42951c47ef3,420e04b5753fe8e8d1cd2c4d2c2c30d8b17727f36c2f1edb46d725aa7c2691de,a643f62d82e2a28f903663acade174fee38dbb8daecccea9dfcca80068c57ba8,
pilot,oregonator_n1e5,oregonator,Oregonator,100000,1.0,threshold_50,prospective,2,50.0,3,1,741,2026-07-12T16:46:48.068943+00:00,0.0026115,0.1630145,True,False,1.0,0.0,66017,118017,True,False,1,13831,1,0,5.200167466949822e-06,0.999994799832533,2.3e-05,0.1513177999999998,7.3e-06,0.011666400000000215,9e3eb5e1cb2046b3d1ca73110ca0ed206a73ac7122ccd95db98df84b1c5d77fb,da92e8c70ee892b8d83b3d78e10f872ee34213871b45af76e22fc3955a48dd3c,a643f62d82e2a28f903663acade174fee38dbb8daecccea9dfcca80068c57ba8,
pilot,oregonator_n1e5,oregonator,Oregonator,100000,1.0,threshold_100,prospective,2,100.0,3,1,742,2026-07-12T16:46:48.234957+00:00,0.0023549,0.1529314,True,False,1.0,0.0,66017,118017,True,False,1,13831,1,0,5.200167466949822e-06,0.999994799832533,2.42e-05,0.1410233999999999,5.4e-06,0.011878400000000094,9e3eb5e1cb2046b3d1ca73110ca0ed206a73ac7122ccd95db98df84b1c5d77fb,da92e8c70ee892b8d83b3d78e10f872ee34213871b45af76e22fc3955a48dd3c,a643f62d82e2a28f903663acade174fee38dbb8daecccea9dfcca80068c57ba8,
pilot,oregonator_n1e5,oregonator,Oregonator,100000,1.0,forced_gillespie_after_initial_batch,prospective,2,1000000000000.0,3,1,743,2026-07-12T16:46:48.390793+00:00,0.0022858,0.147789,True,False,1.0,0.0,66017,118017,True,False,1,13831,1,0,5.200167466949822e-06,0.999994799832533,2.37e-05,0.13636309999999846,2.68e-05,0.011375400000001562,9e3eb5e1cb2046b3d1ca73110ca0ed206a73ac7122ccd95db98df84b1c5d77fb,da92e8c70ee892b8d83b3d78e10f872ee34213871b45af76e22fc3955a48dd3c,a643f62d82e2a28f903663acade174fee38dbb8daecccea9dfcca80068c57ba8,
pilot,oregonator_n1e5,oregonator,Oregonator,100000,1.0,threshold_500,prospective,2,500.0,3,1,744,2026-07-12T16:46:48.541355+00:00,0.0019803,0.1441899,True,False,1.0,0.0,66017,118017,True,False,1,13831,1,0,5.200167466949822e-06,0.999994799832533,2.06e-05,0.13324710000000037,3.7e-06,0.010918499999999637,9e3eb5e1cb2046b3d1ca73110ca0ed206a73ac7122ccd95db98df84b1c5d77fb,da92e8c70ee892b8d83b3d78e10f872ee34213871b45af76e22fc3955a48dd3c,a643f62d82e2a28f903663acade174fee38dbb8daecccea9dfcca80068c57ba8,
pilot,oregonator_n1e5,oregonator,Oregonator,100000,1.0,threshold_750,prospective,2,750.0,3,1,745,2026-07-12T16:46:48.687397+00:00,0.0031682,0.1607419,True,False,1.0,0.0,66017,118017,True,False,1,13831,1,0,5.200167466949822e-06,0.999994799832533,2.99e-05,0.14842259999999996,5.5e-06,0.012283900000000042,9e3eb5e1cb2046b3d1ca73110ca0ed206a73ac7122ccd95db98df84b1c5d77fb,da92e8c70ee892b8d83b3d78e10f872ee34213871b45af76e22fc3955a48dd3c,a643f62d82e2a28f903663acade174fee38dbb8daecccea9dfcca80068c57ba8,
pilot,oregonator_n1e5,oregonator,Oregonator,100000,1.0,wallclock_timing,wallclock,0,,3,1,746,2026-07-12T16:46:48.851920+00:00,0.0028735,0.1852455,True,False,1.0,0.0,77456,129456,True,False,496,15327,11,0,0.0010480038069059882,0.9989519961930939,0.0074836999999999985,0.16447050000000016,0.0002338,0.013057499999999833,7f232cfda8733b6fdd46916b28ba717f25c4b9724c0958ed7fa1c37ddc924c3e,d32a9444d5754f7c3ab8ed08dda1f389045583a5244634679c152b96b842b305,a643f62d82e2a28f903663acade174fee38dbb8daecccea9dfcca80068c57ba8,
pilot,oregonator_n1e5,oregonator,Oregonator,100000,1.0,threshold_1000,prospective,2,1000.0,3,1,747,2026-07-12T16:46:49.040731+00:00,0.0023288,0.1588864,True,False,1.0,0.0,66017,118017,True,False,1,13831,1,0,5.200167466949822e-06,0.999994799832533,2.9e-05,0.14690559999999844,6.4e-06,0.011945400000001577,9e3eb5e1cb2046b3d1ca73110ca0ed206a73ac7122ccd95db98df84b1c5d77fb,da92e8c70ee892b8d83b3d78e10f872ee34213871b45af76e22fc3955a48dd3c,a643f62d82e2a28f903663acade174fee38dbb8daecccea9dfcca80068c57ba8,
pilot,oregonator_n1e5,oregonator,Oregonator,100000,1.0,threshold_2000,prospective,2,2000.0,3,1,748,2026-07-12T16:46:49.201803+00:00,0.0021937,0.1304949,True,False,1.0,0.0,66017,118017,True,False,1,13831,1,0,5.200167466949822e-06,0.999994799832533,2.16e-05,0.12029369999999708,5e-06,0.01017460000000292,9e3eb5e1cb2046b3d1ca73110ca0ed206a73ac7122ccd95db98df84b1c5d77fb,da92e8c70ee892b8d83b3d78e10f872ee34213871b45af76e22fc3955a48dd3c,a643f62d82e2a28f903663acade174fee38dbb8daecccea9dfcca80068c57ba8,
pilot,oregonator_n1e5,oregonator,Oregonator,100000,1.0,threshold_200,prospective,2,200.0,3,1,749,2026-07-12T16:46:49.335322+00:00,0.0020504,0.1284326,True,False,1.0,0.0,66017,118017,True,False,1,13831,1,0,5.200167466949822e-06,0.999994799832533,1.98e-05,0.11838979999999832,3.5e-06,0.01001950000000168,9e3eb5e1cb2046b3d1ca73110ca0ed206a73ac7122ccd95db98df84b1c5d77fb,da92e8c70ee892b8d83b3d78e10f872ee34213871b45af76e22fc3955a48dd3c,a643f62d82e2a28f903663acade174fee38dbb8daecccea9dfcca80068c57ba8,
pilot,oregonator_n1e5,oregonator,Oregonator,100000,1.0,threshold_300,prospective,2,300.0,3,1,750,2026-07-12T16:46:49.465419+00:00,0.0020539,0.1240981,True,False,1.0,0.0,66017,118017,True,False,1,13831,1,0,5.200167466949822e-06,0.999994799832533,1.94e-05,0.11425839999999722,3.5e-06,0.009816800000002776,9e3eb5e1cb2046b3d1ca73110ca0ed206a73ac7122ccd95db98df84b1c5d77fb,da92e8c70ee892b8d83b3d78e10f872ee34213871b45af76e22fc3955a48dd3c,a643f62d82e2a28f903663acade174fee38dbb8daecccea9dfcca80068c57ba8,
pilot,oregonator_n1e5,oregonator,Oregonator,100000,1.0,threshold_150,prospective,2,150.0,3,1,751,2026-07-12T16:46:49.592475+00:00,0.002016,0.1518375,True,False,1.0,0.0,66017,118017,True,False,1,13831,1,0,5.200167466949822e-06,0.999994799832533,2.13e-05,0.1404217000000006,4.1e-06,0.011390399999999384,9e3eb5e1cb2046b3d1ca73110ca0ed206a73ac7122ccd95db98df84b1c5d77fb,da92e8c70ee892b8d83b3d78e10f872ee34213871b45af76e22fc3955a48dd3c,a643f62d82e2a28f903663acade174fee38dbb8daecccea9dfcca80068c57ba8,
pilot,oregonator_n1e5,oregonator,Oregonator,100000,1.0,threshold_250,prospective,2,250.0,3,1,752,2026-07-12T16:46:49.746313+00:00,0.0024705,0.1524024,True,False,1.0,0.0,66017,118017,True,False,1,13831,1,0,5.200167466949822e-06,0.999994799832533,2.83e-05,0.14094290000000076,5.3e-06,0.011425899999999212,9e3eb5e1cb2046b3d1ca73110ca0ed206a73ac7122ccd95db98df84b1c5d77fb,da92e8c70ee892b8d83b3d78e10f872ee34213871b45af76e22fc3955a48dd3c,a643f62d82e2a28f903663acade174fee38dbb8daecccea9dfcca80068c57ba8,
pilot,lotka_volterra_n10000000,lotka_volterra,Lotka-Volterra,10000000,1.0,threshold_300,prospective,2,300.0,2,0,753,2026-07-12T16:46:49.901023+00:00,0.0017489,0.0978796,True,False,1.0,0.0,12593649,22593649,False,False,9258,0,0,0,1.0,0.0,0.09342470000000064,0.0,0.0,0.004454899999999359,d3cb5a9fed96ec0985ef06b11e78f97792a79cce5ef99d7d779ce90a76e9000b,1ec21a07f59d470e07a704c1526484c289f46465fce9a0133b62d382c74fc074,a643f62d82e2a28f903663acade174fee38dbb8daecccea9dfcca80068c57ba8,
pilot,lotka_volterra_n10000000,lotka_volterra,Lotka-Volterra,10000000,1.0,wallclock_timing,wallclock,0,,2,0,754,2026-07-12T16:46:50.001544+00:00,0.0016461,0.0978919,True,False,1.0,0.0,12595260,22595260,False,False,9244,4,4,0,0.9990382050275403,0.0009617949724597223,0.09361500000000034,0.0002365,3.1400000000000004e-05,0.004008999999999666,584dc52bba2f000b7c7e2179a0d4bd80ed17186ba47454a8a18d6042cbd1a58c,c137114d8881945d60eab8898da1b843460b5db98f155fbe32d2d6181209b817,a643f62d82e2a28f903663acade174fee38dbb8daecccea9dfcca80068c57ba8,
pilot,lotka_volterra_n10000000,lotka_volterra,Lotka-Volterra,10000000,1.0,threshold_250,prospective,2,250.0,2,0,755,2026-07-12T16:46:50.101617+00:00,0.0015736,0.0979652,True,False,1.0,0.0,12593649,22593649,False,False,9258,0,0,0,1.0,0.0,0.09352340000000094,0.0,0.0,0.004441799999999066,d3cb5a9fed96ec0985ef06b11e78f97792a79cce5ef99d7d779ce90a76e9000b,1ec21a07f59d470e07a704c1526484c289f46465fce9a0133b62d382c74fc074,a643f62d82e2a28f903663acade174fee38dbb8daecccea9dfcca80068c57ba8,
pilot,lotka_volterra_n10000000,lotka_volterra,Lotka-Volterra,10000000,1.0,threshold_100,prospective,2,100.0,2,0,756,2026-07-12T16:46:50.201143+00:00,0.0016573,0.0977474,True,False,1.0,0.0,12593649,22593649,False,False,9258,0,0,0,1.0,0.0,0.09324430000000024,0.0,0.0,0.00450309999999976,d3cb5a9fed96ec0985ef06b11e78f97792a79cce5ef99d7d779ce90a76e9000b,1ec21a07f59d470e07a704c1526484c289f46465fce9a0133b62d382c74fc074,a643f62d82e2a28f903663acade174fee38dbb8daecccea9dfcca80068c57ba8,
pilot,lotka_volterra_n10000000,lotka_volterra,Lotka-Volterra,10000000,1.0,threshold_1000,prospective,2,1000.0,2,0,757,2026-07-12T16:46:50.300662+00:00,0.0016548,0.0967982,True,False,1.0,0.0,12593649,22593649,False,False,9258,0,0,0,1.0,0.0,0.09234770000000046,0.0,0.0,0.004450499999999538,d3cb5a9fed96ec0985ef06b11e78f97792a79cce5ef99d7d779ce90a76e9000b,1ec21a07f59d470e07a704c1526484c289f46465fce9a0133b62d382c74fc074,a643f62d82e2a28f903663acade174fee38dbb8daecccea9dfcca80068c57ba8,
pilot,lotka_volterra_n10000000,lotka_volterra,Lotka-Volterra,10000000,1.0,threshold_500,prospective,2,500.0,2,0,758,2026-07-12T16:46:50.399721+00:00,0.0015961,0.0975685,True,False,1.0,0.0,12593649,22593649,False,False,9258,0,0,0,1.0,0.0,0.09307140000000037,0.0,0.0,0.004497099999999629,d3cb5a9fed96ec0985ef06b11e78f97792a79cce5ef99d7d779ce90a76e9000b,1ec21a07f59d470e07a704c1526484c289f46465fce9a0133b62d382c74fc074,a643f62d82e2a28f903663acade174fee38dbb8daecccea9dfcca80068c57ba8,
pilot,lotka_volterra_n10000000,lotka_volterra,Lotka-Volterra,10000000,1.0,threshold_2000,prospective,2,2000.0,2,0,759,2026-07-12T16:46:50.499240+00:00,0.0016417,0.2472072,True,False,1.0,0.0,12598135,22598135,True,False,1,4121,1,0,6.694674742083791e-05,0.9999330532525791,1.54e-05,0.24515579999999962,2.1e-06,0.002033900000000366,b9ed9f38b31e8c8c9a1e5b9da6890de0c0d825baf5be7bc857105bff5d4170df,805babbcfbea23407075baaa751e9c8b266a77ccc8546bb7fdbdb3bda3e04917,a643f62d82e2a28f903663acade174fee38dbb8daecccea9dfcca80068c57ba8,
pilot,lotka_volterra_n10000000,lotka_volterra,Lotka-Volterra,10000000,1.0,forced_batch,prospective,2,0.0,2,0,760,2026-07-12T16:46:50.747824+00:00,0.0016302,0.1046597,True,False,1.0,0.0,12593649,22593649,False,False,9258,0,0,0,1.0,0.0,0.09988200000000033,0.0,0.0,0.004777699999999663,d3cb5a9fed96ec0985ef06b11e78f97792a79cce5ef99d7d779ce90a76e9000b,1ec21a07f59d470e07a704c1526484c289f46465fce9a0133b62d382c74fc074,a643f62d82e2a28f903663acade174fee38dbb8daecccea9dfcca80068c57ba8,
pilot,lotka_volterra_n10000000,lotka_volterra,Lotka-Volterra,10000000,1.0,forced_gillespie_after_initial_batch,prospective,2,1000000000000.0,2,0,761,2026-07-12T16:46:50.854694+00:00,0.0016116,0.2676903,True,False,1.0,0.0,12598135,22598135,True,False,1,4121,1,0,6.694674742083791e-05,0.9999330532525791,2.1e-05,0.2654173999999996,2.7e-06,0.0022492000000003953,b9ed9f38b31e8c8c9a1e5b9da6890de0c0d825baf5be7bc857105bff5d4170df,805babbcfbea23407075baaa751e9c8b266a77ccc8546bb7fdbdb3bda3e04917,a643f62d82e2a28f903663acade174fee38dbb8daecccea9dfcca80068c57ba8,
pilot,lotka_volterra_n10000000,lotka_volterra,Lotka-Volterra,10000000,1.0,threshold_1500,prospective,2,1500.0,2,0,762,2026-07-12T16:46:51.123870+00:00,0.0017025,0.2383101,True,False,1.0,0.0,12596201,22596201,False,False,648,3834,2,0,0.06472098856883349,0.9352790114311664,0.006497599999999985,0.22955869999999998,1.3300000000000001e-05,0.002240500000000034,1dc7cd6a27dc88ce71e9cd7ecf9274c3341c3af4f77063706bab3d9be37359db,e0c945a6e1fd643778781f566ff2c3da69e24ca1b338a9a05735869191d85dc8,a643f62d82e2a28f903663acade174fee38dbb8daecccea9dfcca80068c57ba8,
pilot,lotka_volterra_n10000000,lotka_volterra,Lotka-Volterra,10000000,1.0,threshold_20,prospective,2,20.0,2,0,763,2026-07-12T16:46:51.364040+00:00,0.0016925,0.0967128,True,False,1.0,0.0,12593649,22593649,False,False,9258,0,0,0,1.0,0.0,0.09231120000000022,0.0,0.0,0.0044015999999997835,d3cb5a9fed96ec0985ef06b11e78f97792a79cce5ef99d7d779ce90a76e9000b,1ec21a07f59d470e07a704c1526484c289f46465fce9a0133b62d382c74fc074,a643f62d82e2a28f903663acade174fee38dbb8daecccea9dfcca80068c57ba8,
pilot,lotka_volterra_n10000000,lotka_volterra,Lotka-Volterra,10000000,1.0,threshold_400,prospective,2,400.0,2,0,764,2026-07-12T16:46:51.463578+00:00,0.0016087,0.0970318,True,False,1.0,0.0,12593649,22593649,False,False,9258,0,0,0,1.0,0.0,0.09262240000000027,0.0,0.0,0.00440939999999973,d3cb5a9fed96ec0985ef06b11e78f97792a79cce5ef99d7d779ce90a76e9000b,1ec21a07f59d470e07a704c1526484c289f46465fce9a0133b62d382c74fc074,a643f62d82e2a28f903663acade174fee38dbb8daecccea9dfcca80068c57ba8,
pilot,lotka_volterra_n10000000,lotka_volterra,Lotka-Volterra,10000000,1.0,threshold_150,prospective,2,150.0,2,0,765,2026-07-12T16:46:51.562144+00:00,0.0015552,0.0973222,True,False,1.0,0.0,12593649,22593649,False,False,9258,0,0,0,1.0,0.0,0.09286800000000013,0.0,0.0,0.004454199999999867,d3cb5a9fed96ec0985ef06b11e78f97792a79cce5ef99d7d779ce90a76e9000b,1ec21a07f59d470e07a704c1526484c289f46465fce9a0133b62d382c74fc074,a643f62d82e2a28f903663acade174fee38dbb8daecccea9dfcca80068c57ba8,
pilot,lotka_volterra_n10000000,lotka_volterra,Lotka-Volterra,10000000,1.0,threshold_750,prospective,2,750.0,2,0,766,2026-07-12T16:46:51.660687+00:00,0.001616,0.0969774,True,False,1.0,0.0,12593649,22593649,False,False,9258,0,0,0,1.0,0.0,0.09252110000000066,0.0,0.0,0.004456299999999344,d3cb5a9fed96ec0985ef06b11e78f97792a79cce5ef99d7d779ce90a76e9000b,1ec21a07f59d470e07a704c1526484c289f46465fce9a0133b62d382c74fc074,a643f62d82e2a28f903663acade174fee38dbb8daecccea9dfcca80068c57ba8,
pilot,lotka_volterra_n10000000,lotka_volterra,Lotka-Volterra,10000000,1.0,threshold_200,prospective,2,200.0,2,0,767,2026-07-12T16:46:51.760233+00:00,0.0020035,0.1059211,True,False,1.0,0.0,12593649,22593649,False,False,9258,0,0,0,1.0,0.0,0.10104150000000024,0.0,0.0,0.004879599999999762,d3cb5a9fed96ec0985ef06b11e78f97792a79cce5ef99d7d779ce90a76e9000b,1ec21a07f59d470e07a704c1526484c289f46465fce9a0133b62d382c74fc074,a643f62d82e2a28f903663acade174fee38dbb8daecccea9dfcca80068c57ba8,
pilot,lotka_volterra_n10000000,lotka_volterra,Lotka-Volterra,10000000,1.0,threshold_50,prospective,2,50.0,2,0,768,2026-07-12T16:46:51.868505+00:00,0.0018684,0.0978668,True,False,1.0,0.0,12593649,22593649,False,False,9258,0,0,0,1.0,0.0,0.09338060000000042,0.0,0.0,0.004486199999999579,d3cb5a9fed96ec0985ef06b11e78f97792a79cce5ef99d7d779ce90a76e9000b,1ec21a07f59d470e07a704c1526484c289f46465fce9a0133b62d382c74fc074,a643f62d82e2a28f903663acade174fee38dbb8daecccea9dfcca80068c57ba8,
pilot,lotka_volterra_n100000,lotka_volterra,Lotka-Volterra,100000,1.0,threshold_300,prospective,2,300.0,3,0,769,2026-07-12T16:46:51.968270+00:00,0.0017158,0.0028001,True,False,1.0,0.0,125994,225994,True,False,1,412,1,0,0.0023041603359655826,0.9976958396640344,1.55e-05,0.0025938000000000037,2.3e-06,0.0001884999999999964,796328d23a175c1e981b37f1357d016d7f6d41803a9b0613d04443deaf02fda5,40c2f77c0fba4c9b9825e0917d93807556a79ca8569c3a2749c79f5db6a201df,a643f62d82e2a28f903663acade174fee38dbb8daecccea9dfcca80068c57ba8,
pilot,lotka_volterra_n100000,lotka_volterra,Lotka-Volterra,100000,1.0,threshold_50,prospective,2,50.0,3,0,770,2026-07-12T16:46:51.972270+00:00,0.0013883,0.0096909,True,False,1.0,0.0,125601,225601,False,False,923,0,0,0,1.0,0.0,0.009187899999999973,0.0,0.0,0.0005030000000000277,564d291dcbf6328af327cfb6697e0ea9c13ca66b0e76c0492f93dfe21368357e,31220a502dfbcf51052f8b042ae8fd89ec2cd50707731ad48fb494194f7143f4,a643f62d82e2a28f903663acade174fee38dbb8daecccea9dfcca80068c57ba8,
pilot,lotka_volterra_n100000,lotka_volterra,Lotka-Volterra,100000,1.0,threshold_500,prospective,2,500.0,3,0,771,2026-07-12T16:46:51.983895+00:00,0.0017316,0.0027475,True,False,1.0,0.0,125994,225994,True,False,1,412,1,0,0.0023041603359655826,0.9976958396640344,1.42e-05,0.0025466000000000035,2.3e-06,0.0001843999999999969,796328d23a175c1e981b37f1357d016d7f6d41803a9b0613d04443deaf02fda5,40c2f77c0fba4c9b9825e0917d93807556a79ca8569c3a2749c79f5db6a201df,a643f62d82e2a28f903663acade174fee38dbb8daecccea9dfcca80068c57ba8,
pilot,lotka_volterra_n100000,lotka_volterra,Lotka-Volterra,100000,1.0,threshold_20,prospective,2,20.0,3,0,772,2026-07-12T16:46:51.988895+00:00,0.0013784,0.0087741,True,False,1.0,0.0,125601,225601,False,False,923,0,0,0,1.0,0.0,0.008339300000000036,0.0,0.0,0.0004347999999999644,564d291dcbf6328af327cfb6697e0ea9c13ca66b0e76c0492f93dfe21368357e,31220a502dfbcf51052f8b042ae8fd89ec2cd50707731ad48fb494194f7143f4,a643f62d82e2a28f903663acade174fee38dbb8daecccea9dfcca80068c57ba8,
pilot,lotka_volterra_n100000,lotka_volterra,Lotka-Volterra,100000,1.0,threshold_100,prospective,2,100.0,3,0,773,2026-07-12T16:46:51.998895+00:00,0.0014043,0.0087945,True,False,1.0,0.0,125601,225601,False,False,923,0,0,0,1.0,0.0,0.008327500000000019,0.0,0.0,0.0004669999999999813,564d291dcbf6328af327cfb6697e0ea9c13ca66b0e76c0492f93dfe21368357e,31220a502dfbcf51052f8b042ae8fd89ec2cd50707731ad48fb494194f7143f4,a643f62d82e2a28f903663acade174fee38dbb8daecccea9dfcca80068c57ba8,
pilot,lotka_volterra_n100000,lotka_volterra,Lotka-Volterra,100000,1.0,threshold_1000,prospective,2,1000.0,3,0,774,2026-07-12T16:46:52.009895+00:00,0.0014717,0.0029207,True,False,1.0,0.0,125994,225994,True,False,1,412,1,0,0.0023041603359655826,0.9976958396640344,1.47e-05,0.0027087000000000023,2.4e-06,0.00019489999999999785,796328d23a175c1e981b37f1357d016d7f6d41803a9b0613d04443deaf02fda5,40c2f77c0fba4c9b9825e0917d93807556a79ca8569c3a2749c79f5db6a201df,a643f62d82e2a28f903663acade174fee38dbb8daecccea9dfcca80068c57ba8,
pilot,lotka_volterra_n100000,lotka_volterra,Lotka-Volterra,100000,1.0,threshold_150,prospective,2,150.0,3,0,775,2026-07-12T16:46:52.013896+00:00,0.0015998,0.0031355,True,False,1.0,0.0,125841,225841,False,False,56,386,2,0,0.0596373676581513,0.9403626323418487,0.0005100999999999999,0.0024157000000000033,9.5e-06,0.00020019999999999673,f5765dd657a4f5dbc6481214cb7a7b0279c0c2db7161020609dfe096dacb4914,296a7d2ee4b7be2020530d7b8698231ec22a2baa39fe6b080717321db2886089,a643f62d82e2a28f903663acade174fee38dbb8daecccea9dfcca80068c57ba8,
pilot,lotka_volterra_n100000,lotka_volterra,Lotka-Volterra,100000,1.0,threshold_750,prospective,2,750.0,3,0,776,2026-07-12T16:46:52.018895+00:00,0.0015088,0.0038873,True,False,1.0,0.0,125994,225994,True,False,1,412,1,0,0.0023041603359655826,0.9976958396640344,1.47e-05,0.0036375000000000005,1.7e-06,0.0002333999999999995,796328d23a175c1e981b37f1357d016d7f6d41803a9b0613d04443deaf02fda5,40c2f77c0fba4c9b9825e0917d93807556a79ca8569c3a2749c79f5db6a201df,a643f62d82e2a28f903663acade174fee38dbb8daecccea9dfcca80068c57ba8,
pilot,lotka_volterra_n100000,lotka_volterra,Lotka-Volterra,100000,1.0,forced_gillespie_after_initial_batch,prospective,2,1000000000000.0,3,0,777,2026-07-12T16:46:52.024899+00:00,0.0022928,0.0031489,True,False,1.0,0.0,125994,225994,True,False,1,412,1,0,0.0023041603359655826,0.9976958396640344,2.45e-05,0.0029183,2.3e-06,0.0002038000000000005,796328d23a175c1e981b37f1357d016d7f6d41803a9b0613d04443deaf02fda5,40c2f77c0fba4c9b9825e0917d93807556a79ca8569c3a2749c79f5db6a201df,a643f62d82e2a28f903663acade174fee38dbb8daecccea9dfcca80068c57ba8,
pilot,lotka_volterra_n100000,lotka_volterra,Lotka-Volterra,100000,1.0,threshold_1500,prospective,2,1500.0,3,0,778,2026-07-12T16:46:52.030894+00:00,0.0014621,0.0028208,True,False,1.0,0.0,125994,225994,True,False,1,412,1,0,0.0023041603359655826,0.9976958396640344,1.47e-05,0.002618800000000003,1.7e-06,0.00018559999999999714,796328d23a175c1e981b37f1357d016d7f6d41803a9b0613d04443deaf02fda5,40c2f77c0fba4c9b9825e0917d93807556a79ca8569c3a2749c79f5db6a201df,a643f62d82e2a28f903663acade174fee38dbb8daecccea9dfcca80068c57ba8,
pilot,lotka_volterra_n100000,lotka_volterra,Lotka-Volterra,100000,1.0,wallclock_timing,wallclock,0,,3,0,779,2026-07-12T16:46:52.034894+00:00,0.0013794,0.0060026,True,False,1.0,0.0,126098,226098,False,False,455,209,14,0,0.49453056429817277,0.5054694357018272,0.0042985000000000054,0.0013706000000000015,4.3799999999999994e-05,0.00028969999999999343,1cb40db457b1011c15977d90420d24a2f51eb047ba211e31cdffef0e04d65ca8,7c34d5d1dc32f6685d3a07b8550ddd08c0268aa66c7a6f15647ed5df723d0cff,a643f62d82e2a28f903663acade174fee38dbb8daecccea9dfcca80068c57ba8,
pilot,lotka_volterra_n100000,lotka_volterra,Lotka-Volterra,100000,1.0,threshold_250,prospective,2,250.0,3,0,780,2026-07-12T16:46:52.042894+00:00,0.0014884,0.0031613,True,False,1.0,0.0,125994,225994,True,False,1,412,1,0,0.0023041603359655826,0.9976958396640344,1.46e-05,0.0029248,1.5e-06,0.00022039999999999994,796328d23a175c1e981b37f1357d016d7f6d41803a9b0613d04443deaf02fda5,40c2f77c0fba4c9b9825e0917d93807556a79ca8569c3a2749c79f5db6a201df,a643f62d82e2a28f903663acade174fee38dbb8daecccea9dfcca80068c57ba8,
pilot,lotka_volterra_n100000,lotka_volterra,Lotka-Volterra,100000,1.0,threshold_2000,prospective,2,2000.0,3,0,781,2026-07-12T16:46:52.047893+00:00,0.0014038,0.0028474,True,False,1.0,0.0,125994,225994,True,False,1,412,1,0,0.0023041603359655826,0.9976958396640344,1.51e-05,0.002641600000000003,1.5e-06,0.00018919999999999658,796328d23a175c1e981b37f1357d016d7f6d41803a9b0613d04443deaf02fda5,40c2f77c0fba4c9b9825e0917d93807556a79ca8569c3a2749c79f5db6a201df,a643f62d82e2a28f903663acade174fee38dbb8daecccea9dfcca80068c57ba8,
pilot,lotka_volterra_n100000,lotka_volterra,Lotka-Volterra,100000,1.0,forced_batch,prospective,2,0.0,3,0,782,2026-07-12T16:46:52.051893+00:00,0.0013083,0.0089377,True,False,1.0,0.0,125601,225601,False,False,923,0,0,0,1.0,0.0,0.008477900000000019,0.0,0.0,0.0004597999999999807,564d291dcbf6328af327cfb6697e0ea9c13ca66b0e76c0492f93dfe21368357e,31220a502dfbcf51052f8b042ae8fd89ec2cd50707731ad48fb494194f7143f4,a643f62d82e2a28f903663acade174fee38dbb8daecccea9dfcca80068c57ba8,
pilot,lotka_volterra_n100000,lotka_volterra,Lotka-Volterra,100000,1.0,threshold_400,prospective,2,400.0,3,0,783,2026-07-12T16:46:52.062900+00:00,0.0016743,0.0028776,True,False,1.0,0.0,125994,225994,True,False,1,412,1,0,0.0023041603359655826,0.9976958396640344,1.46e-05,0.002673100000000002,1.8e-06,0.0001880999999999979,796328d23a175c1e981b37f1357d016d7f6d41803a9b0613d04443deaf02fda5,40c2f77c0fba4c9b9825e0917d93807556a79ca8569c3a2749c79f5db6a201df,a643f62d82e2a28f903663acade174fee38dbb8daecccea9dfcca80068c57ba8,
pilot,lotka_volterra_n100000,lotka_volterra,Lotka-Volterra,100000,1.0,threshold_200,prospective,2,200.0,3,0,784,2026-07-12T16:46:52.066900+00:00,0.0016174,0.0028693,True,False,1.0,0.0,125994,225994,True,False,1,412,1,0,0.0023041603359655826,0.9976958396640344,1.62e-05,0.0026426000000000045,1.7e-06,0.00020879999999999553,796328d23a175c1e981b37f1357d016d7f6d41803a9b0613d04443deaf02fda5,40c2f77c0fba4c9b9825e0917d93807556a79ca8569c3a2749c79f5db6a201df,a643f62d82e2a28f903663acade174fee38dbb8daecccea9dfcca80068c57ba8,
pilot,brusselator_n2e4,brusselator,Order-3 Brusselator,20000,20.0,threshold_20,prospective,2,20.0,2,0,785,2026-07-12T16:46:52.071899+00:00,0.0017107,0.084648,True,False,20.0,0.0,186699,196699,True,False,1,5463,1,0,1.0488265781191037e-05,19.99998951173422,3.38e-05,0.08091459999999978,3e-06,0.0036966000000002164,9b8e972f46eacc94a0adfc2b36fcde8b2c360be9c26b4df10bbc03cfdf5f0ed9,875e4fb92921e0250cb81ea2cc387969bc34d35728c5b0dd61a44ecacc2a6f09,a643f62d82e2a28f903663acade174fee38dbb8daecccea9dfcca80068c57ba8,
pilot,brusselator_n2e4,brusselator,Order-3 Brusselator,20000,20.0,threshold_2000,prospective,2,2000.0,2,0,786,2026-07-12T16:46:52.158415+00:00,0.0018234,0.0967461,True,False,20.0,0.0,186699,196699,True,False,1,5463,1,0,1.0488265781191037e-05,19.99998951173422,3.46e-05,0.09299869999999988,3.7e-06,0.0037091000000001317,9b8e972f46eacc94a0adfc2b36fcde8b2c360be9c26b4df10bbc03cfdf5f0ed9,875e4fb92921e0250cb81ea2cc387969bc34d35728c5b0dd61a44ecacc2a6f09,a643f62d82e2a28f903663acade174fee38dbb8daecccea9dfcca80068c57ba8,
pilot,brusselator_n2e4,brusselator,Order-3 Brusselator,20000,20.0,wallclock_timing,wallclock,0,,2,0,787,2026-07-12T16:46:52.256933+00:00,0.0018555,0.085985,True,False,20.0,0.0,185563,195563,True,False,256,5483,1,0,0.0046542912029905875,19.995345708797007,0.007255799999999996,0.07515280000000027,3.7e-06,0.0035726999999997483,fb99bb59e7070847462bc9c17447a4bc60b5691f067f7a3bf9bc612d6bab841f,2244ec9ca820f9103252c39d0df773cb75cf745f13ac0eae88e1a266d43d8a62,a643f62d82e2a28f903663acade174fee38dbb8daecccea9dfcca80068c57ba8,
pilot,brusselator_n2e4,brusselator,Order-3 Brusselator,20000,20.0,threshold_150,prospective,2,150.0,2,0,788,2026-07-12T16:46:52.345458+00:00,0.001773,0.0831902,True,False,20.0,0.0,186699,196699,True,False,1,5463,1,0,1.0488265781191037e-05,19.99998951173422,3.43e-05,0.07947259999999985,3e-06,0.00368030000000015,9b8e972f46eacc94a0adfc2b36fcde8b2c360be9c26b4df10bbc03cfdf5f0ed9,875e4fb92921e0250cb81ea2cc387969bc34d35728c5b0dd61a44ecacc2a6f09,a643f62d82e2a28f903663acade174fee38dbb8daecccea9dfcca80068c57ba8,
pilot,brusselator_n2e4,brusselator,Order-3 Brusselator,20000,20.0,threshold_300,prospective,2,300.0,2,0,789,2026-07-12T16:46:52.430977+00:00,0.0017289,0.0844633,True,False,20.0,0.0,186699,196699,True,False,1,5463,1,0,1.0488265781191037e-05,19.99998951173422,3.4e-05,0.08075790000000008,3.2e-06,0.003668199999999927,9b8e972f46eacc94a0adfc2b36fcde8b2c360be9c26b4df10bbc03cfdf5f0ed9,875e4fb92921e0250cb81ea2cc387969bc34d35728c5b0dd61a44ecacc2a6f09,a643f62d82e2a28f903663acade174fee38dbb8daecccea9dfcca80068c57ba8,
pilot,brusselator_n2e4,brusselator,Order-3 Brusselator,20000,20.0,threshold_500,prospective,2,500.0,2,0,790,2026-07-12T16:46:52.517499+00:00,0.0017889,0.0949527,True,False,20.0,0.0,186699,196699,True,False,1,5463,1,0,1.0488265781191037e-05,19.99998951173422,3.45e-05,0.09119840000000029,3.2e-06,0.003716599999999709,9b8e972f46eacc94a0adfc2b36fcde8b2c360be9c26b4df10bbc03cfdf5f0ed9,875e4fb92921e0250cb81ea2cc387969bc34d35728c5b0dd61a44ecacc2a6f09,a643f62d82e2a28f903663acade174fee38dbb8daecccea9dfcca80068c57ba8,
pilot,brusselator_n2e4,brusselator,Order-3 Brusselator,20000,20.0,threshold_200,prospective,2,200.0,2,0,791,2026-07-12T16:46:52.614056+00:00,0.0018962,0.0777444,True,False,20.0,0.0,186699,196699,True,False,1,5463,1,0,1.0488265781191037e-05,19.99998951173422,3.36e-05,0.07404220000000031,3.3e-06,0.003665299999999705,9b8e972f46eacc94a0adfc2b36fcde8b2c360be9c26b4df10bbc03cfdf5f0ed9,875e4fb92921e0250cb81ea2cc387969bc34d35728c5b0dd61a44ecacc2a6f09,a643f62d82e2a28f903663acade174fee38dbb8daecccea9dfcca80068c57ba8,
pilot,brusselator_n2e4,brusselator,Order-3 Brusselator,20000,20.0,threshold_400,prospective,2,400.0,2,0,792,2026-07-12T16:46:52.693615+00:00,0.0016618,0.1013758,True,False,20.0,0.0,186699,196699,True,False,1,5463,1,0,1.0488265781191037e-05,19.99998951173422,3.21e-05,0.09730929999999971,3.4e-06,0.004031000000000298,9b8e972f46eacc94a0adfc2b36fcde8b2c360be9c26b4df10bbc03cfdf5f0ed9,875e4fb92921e0250cb81ea2cc387969bc34d35728c5b0dd61a44ecacc2a6f09,a643f62d82e2a28f903663acade174fee38dbb8daecccea9dfcca80068c57ba8,
pilot,brusselator_n2e4,brusselator,Order-3 Brusselator,20000,20.0,threshold_750,prospective,2,750.0,2,0,793,2026-07-12T16:46:52.797142+00:00,0.0026604,0.0893798,True,False,20.0,0.0,186699,196699,True,False,1,5463,1,0,1.0488265781191037e-05,19.99998951173422,6.38e-05,0.08545000000000014,7.9e-06,0.0038580999999998505,9b8e972f46eacc94a0adfc2b36fcde8b2c360be9c26b4df10bbc03cfdf5f0ed9,875e4fb92921e0250cb81ea2cc387969bc34d35728c5b0dd61a44ecacc2a6f09,a643f62d82e2a28f903663acade174fee38dbb8daecccea9dfcca80068c57ba8,
pilot,brusselator_n2e4,brusselator,Order-3 Brusselator,20000,20.0,threshold_1500,prospective,2,1500.0,2,0,794,2026-07-12T16:46:52.889661+00:00,0.0018612,0.0858991,True,False,20.0,0.0,186699,196699,True,False,1,5463,1,0,1.0488265781191037e-05,19.99998951173422,3.5e-05,0.08205429999999968,3.9e-06,0.003805900000000334,9b8e972f46eacc94a0adfc2b36fcde8b2c360be9c26b4df10bbc03cfdf5f0ed9,875e4fb92921e0250cb81ea2cc387969bc34d35728c5b0dd61a44ecacc2a6f09,a643f62d82e2a28f903663acade174fee38dbb8daecccea9dfcca80068c57ba8,
pilot,brusselator_n2e4,brusselator,Order-3 Brusselator,20000,20.0,threshold_100,prospective,2,100.0,2,0,795,2026-07-12T16:46:52.978205+00:00,0.0026999,0.0925903,True,False,20.0,0.0,186699,196699,True,False,1,5463,1,0,1.0488265781191037e-05,19.99998951173422,4.17e-05,0.08879640000000007,5.1e-06,0.003747099999999934,9b8e972f46eacc94a0adfc2b36fcde8b2c360be9c26b4df10bbc03cfdf5f0ed9,875e4fb92921e0250cb81ea2cc387969bc34d35728c5b0dd61a44ecacc2a6f09,a643f62d82e2a28f903663acade174fee38dbb8daecccea9dfcca80068c57ba8,
pilot,brusselator_n2e4,brusselator,Order-3 Brusselator,20000,20.0,forced_batch,prospective,2,0.0,2,0,796,2026-07-12T16:46:53.074209+00:00,0.0022906,30.0000071,False,True,9.464140253985125,-10.535859746014875,148189,158189,False,False,1003001,0,0,0,9.464140253985125,0.0,29.21429779999494,0.0,0.0,0.7857093000050597,b65a2df6dc0fa494a5299fb4c34089fd19856d01157d8ab00ebd7ea7d74a2330,7228c63eed70663d11bfbcc3df6f769dc64a121a73188a58d2502cd0464d4957,a643f62d82e2a28f903663acade174fee38dbb8daecccea9dfcca80068c57ba8,wall-clock cap reached before t_max
pilot,brusselator_n2e4,brusselator,Order-3 Brusselator,20000,20.0,threshold_250,prospective,2,250.0,2,0,797,2026-07-12T16:47:23.076039+00:00,0.0020915,0.0913129,True,False,20.0,0.0,186699,196699,True,False,1,5463,1,0,1.0488265781191037e-05,19.99998951173422,4.13e-05,0.08755460000000026,5e-06,0.0037119999999997433,9b8e972f46eacc94a0adfc2b36fcde8b2c360be9c26b4df10bbc03cfdf5f0ed9,875e4fb92921e0250cb81ea2cc387969bc34d35728c5b0dd61a44ecacc2a6f09,a643f62d82e2a28f903663acade174fee38dbb8daecccea9dfcca80068c57ba8,
pilot,brusselator_n2e4,brusselator,Order-3 Brusselator,20000,20.0,forced_gillespie_after_initial_batch,prospective,2,1000000000000.0,2,0,798,2026-07-12T16:47:23.169564+00:00,0.0017391,0.1100127,True,False,20.0,0.0,186699,196699,True,False,1,5463,1,0,1.0488265781191037e-05,19.99998951173422,3.47e-05,0.10561269999999967,3.6e-06,0.004361700000000329,9b8e972f46eacc94a0adfc2b36fcde8b2c360be9c26b4df10bbc03cfdf5f0ed9,875e4fb92921e0250cb81ea2cc387969bc34d35728c5b0dd61a44ecacc2a6f09,a643f62d82e2a28f903663acade174fee38dbb8daecccea9dfcca80068c57ba8,
pilot,brusselator_n2e4,brusselator,Order-3 Brusselator,20000,20.0,threshold_1000,prospective,2,1000.0,2,0,799,2026-07-12T16:47:23.281108+00:00,0.0021752,0.1211811,True,False,20.0,0.0,186699,196699,True,False,1,5463,1,0,1.0488265781191037e-05,19.99998951173422,3.05e-05,0.11627449999999986,3.9e-06,0.004872200000000132,9b8e972f46eacc94a0adfc2b36fcde8b2c360be9c26b4df10bbc03cfdf5f0ed9,875e4fb92921e0250cb81ea2cc387969bc34d35728c5b0dd61a44ecacc2a6f09,a643f62d82e2a28f903663acade174fee38dbb8daecccea9dfcca80068c57ba8,
pilot,brusselator_n2e4,brusselator,Order-3 Brusselator,20000,20.0,threshold_50,prospective,2,50.0,2,0,800,2026-07-12T16:47:23.405046+00:00,0.0039816,0.1288091,True,False,20.0,0.0,186699,196699,True,False,1,5463,1,0,1.0488265781191037e-05,19.99998951173422,5.47e-05,0.12329989999999978,5.1e-06,0.005449400000000229,9b8e972f46eacc94a0adfc2b36fcde8b2c360be9c26b4df10bbc03cfdf5f0ed9,875e4fb92921e0250cb81ea2cc387969bc34d35728c5b0dd61a44ecacc2a6f09,a643f62d82e2a28f903663acade174fee38dbb8daecccea9dfcca80068c57ba8,
pilot,rossler_n1e5,rossler,Rössler-Willamowski,100000,1.0,threshold_250,prospective,2,250.0,1,0,801,2026-07-12T16:47:23.538484+00:00,0.0023373,2.3397374,True,False,1.0,0.0,3019515,5988479,False,False,157909,926,2,12,0.9176186382856909,0.08238136171430911,2.127990999999934,0.019542,2.09e-05,0.19218350000006623,1b479f6b18002adf104a4cace769b8a2bccd7f1ab8052cbaa595005fcb2535bb,611d38d8d4aecf77ff4692161dd317ccab1192bb84ae11e0b61bd5492b42e817,a643f62d82e2a28f903663acade174fee38dbb8daecccea9dfcca80068c57ba8,
pilot,rossler_n1e5,rossler,Rössler-Willamowski,100000,1.0,wallclock_timing,wallclock,0,,1,0,802,2026-07-12T16:47:25.880043+00:00,0.003054,2.3800483,True,False,1.0,0.0,3009754,6009754,False,False,159517,163,62,22,0.9894691916005781,0.010530808399421856,2.184005900000171,0.009424499999999999,0.0006721999999999999,0.18594569999982902,313a2d2ee11b3497b6ee854eefffc3b86a6d9f5357c7fbb8776b2f79dc55f3d7,1f4388f913972df666e6f3af31587b3f1025b68665b6c82906aeaad54f878342,a643f62d82e2a28f903663acade174fee38dbb8daecccea9dfcca80068c57ba8,
pilot,rossler_n1e5,rossler,Rössler-Willamowski,100000,1.0,threshold_1000,prospective,2,1000.0,1,0,803,2026-07-12T16:47:28.263594+00:00,0.0020721,3.5650791,True,False,1.0,0.0,3023748,6023748,True,False,12779,42274,3,0,0.049275165972820244,0.9507248340271798,0.14333649999999823,3.3574414999999846,2.75e-05,0.06427360000001725,09c509eb43a96a4ce7358093d876dbbf71a312e333a85376f72191fc64961834,b5b99800d667bf61280cda7d4b865af907f6d81e72942104711e7388026406ec,a643f62d82e2a28f903663acade174fee38dbb8daecccea9dfcca80068c57ba8,
pilot,rossler_n1e5,rossler,Rössler-Willamowski,100000,1.0,threshold_50,prospective,2,50.0,1,0,804,2026-07-12T16:47:31.831248+00:00,0.0025314,2.5441027,True,False,1.0,0.0,3016607,5929503,False,False,161707,0,0,28,1.0,0.0,2.3332752999997295,0.0,0.0,0.21082740000027034,4879f09bbc2859e7e39fd748c1a43bae9a1dca2ae92d9e0cebd3f1a96628a3e3,c492f333add6ab3517e0057f10607017382c400ab04eb7d5435b1aa3f293639b,a643f62d82e2a28f903663acade174fee38dbb8daecccea9dfcca80068c57ba8,
pilot,rossler_n1e5,rossler,Rössler-Willamowski,100000,1.0,threshold_20,prospective,2,20.0,1,0,805,2026-07-12T16:47:34.378354+00:00,0.0020795,2.1066209,True,False,1.0,0.0,3016607,5929503,False,False,161707,0,0,28,1.0,0.0,1.9363424999996357,0.0,0.0,0.1702784000003641,4879f09bbc2859e7e39fd748c1a43bae9a1dca2ae92d9e0cebd3f1a96628a3e3,c492f333add6ab3517e0057f10607017382c400ab04eb7d5435b1aa3f293639b,a643f62d82e2a28f903663acade174fee38dbb8daecccea9dfcca80068c57ba8,
pilot,rossler_n1e5,rossler,Rössler-Willamowski,100000,1.0,forced_gillespie_after_initial_batch,prospective,2,1000000000000.0,1,0,806,2026-07-12T16:47:36.486713+00:00,0.0022616,3.5954116,True,False,1.0,0.0,3018408,3218408,True,False,1,47613,1,0,2.2647838965902282e-05,0.9999773521610341,1.89e-05,3.543967099999931,3.9e-06,0.05142170000006896,ea24dfd9f241394a0a6c6766ccf10fb86a54bd9aa70264b7f9be68acfab27ec2,7276b11db4a074bfb58bbf565512d6c08fd39bd1a22ead4339a26b6a13171650,a643f62d82e2a28f903663acade174fee38dbb8daecccea9dfcca80068c57ba8,
pilot,rossler_n1e5,rossler,Rössler-Willamowski,100000,1.0,threshold_2000,prospective,2,2000.0,1,0,807,2026-07-12T16:47:40.085004+00:00,0.0026921,3.8772327,True,False,1.0,0.0,3018408,3218408,True,False,1,47613,1,0,2.2647838965902282e-05,0.9999773521610341,2.81e-05,3.822122699999935,5.7e-06,0.055076200000064635,ea24dfd9f241394a0a6c6766ccf10fb86a54bd9aa70264b7f9be68acfab27ec2,7276b11db4a074bfb58bbf565512d6c08fd39bd1a22ead4339a26b6a13171650,a643f62d82e2a28f903663acade174fee38dbb8daecccea9dfcca80068c57ba8,
pilot,rossler_n1e5,rossler,Rössler-Willamowski,100000,1.0,threshold_200,prospective,2,200.0,1,0,808,2026-07-12T16:47:43.965008+00:00,0.0021433,2.1193009,True,False,1.0,0.0,3011899,5811043,False,False,161617,659,2,15,0.9332468140394085,0.06675318596059157,1.9367974999997204,0.011166400000000007,1.64e-05,0.17132060000027938,a342aac3d6a904773234f4b12f14aafdb048b93bbec10a61ea8c5d4808c6ab6c,45850add7c1501b19e8608bf5bec22d6938c8a9b42935769a9dfdb54fdfac55a,a643f62d82e2a28f903663acade174fee38dbb8daecccea9dfcca80068c57ba8,
pilot,rossler_n1e5,rossler,Rössler-Willamowski,100000,1.0,threshold_150,prospective,2,150.0,1,0,809,2026-07-12T16:47:46.086387+00:00,0.0024873,2.3458181,True,False,1.0,0.0,3024645,5961051,False,False,159768,392,2,20,0.953395662853446,0.04660433714655404,2.144177899999801,0.0097476,2.37e-05,0.19186890000019918,c3ccc3b822d59c547141ecc7c3b1b17d4e3267af3b83b4a048f8483eca6e1d63,4ceb1406d3a9b3a4463dcecbc574f2a4dbbaac683460a4e5b730ba3935e57fd2,a643f62d82e2a28f903663acade174fee38dbb8daecccea9dfcca80068c57ba8,
pilot,rossler_n1e5,rossler,Rössler-Willamowski,100000,1.0,threshold_300,prospective,2,300.0,1,0,810,2026-07-12T16:47:48.435380+00:00,0.0037208,1.9939962,True,False,1.0,0.0,3025231,6025231,False,False,148458,2629,4,9,0.845592835048884,0.15440716495111598,1.7256567000002594,0.11041209999999974,4.8200000000000006e-05,0.15787919999974087,7fc4251c1a7d8f01437833feb653d6a25e0c712024cf55cd2ed405637ad2f723,c96e8b32acbcd7861862f71428d1100973b7debdf4ebdebff6cf8dbedea6ec60,a643f62d82e2a28f903663acade174fee38dbb8daecccea9dfcca80068c57ba8,
pilot,rossler_n1e5,rossler,Rössler-Willamowski,100000,1.0,threshold_1500,prospective,2,1500.0,1,0,811,2026-07-12T16:47:50.433203+00:00,0.0020367,3.7459124,True,False,1.0,0.0,3018408,3218408,True,False,1,47613,1,0,2.2647838965902282e-05,0.9999773521610341,1.81e-05,3.693103299999903,3.8e-06,0.052787200000096846,ea24dfd9f241394a0a6c6766ccf10fb86a54bd9aa70264b7f9be68acfab27ec2,7276b11db4a074bfb58bbf565512d6c08fd39bd1a22ead4339a26b6a13171650,a643f62d82e2a28f903663acade174fee38dbb8daecccea9dfcca80068c57ba8,
pilot,rossler_n1e5,rossler,Rössler-Willamowski,100000,1.0,threshold_750,prospective,2,750.0,1,0,812,2026-07-12T16:47:54.181530+00:00,0.002626,2.8082355,True,False,1.0,0.0,3011396,6011396,True,False,39673,31319,3,0,0.17262102584545444,0.8273789741545455,0.5259307000000283,2.1962097999999997,3.07e-05,0.0860642999999719,73bb9dfdd284e7878739380876f6b06eec71d266aef2bad204da171ec51cbbd3,94e426c10876075aa6001c1c8942ff8bfa4870b35f929e6c0fdb912591d24bce,a643f62d82e2a28f903663acade174fee38dbb8daecccea9dfcca80068c57ba8,
pilot,rossler_n1e5,rossler,Rössler-Willamowski,100000,1.0,threshold_500,prospective,2,500.0,1,0,813,2026-07-12T16:47:56.993221+00:00,0.0020325,2.2194638,True,False,1.0,0.0,3014648,6014648,True,False,88047,16690,5,0,0.43636771636318195,0.563632283636818,1.0645832000001754,1.040876000000005,4.5900000000000004e-05,0.11395869999981967,efab7b95edd43e1afde76f2471e5037be6e0ce2c37403d594b378845ce626dbb,f930320942ca05daf6791a848d9c37a901c09a893e92acd37794e7f3b77110c9,a643f62d82e2a28f903663acade174fee38dbb8daecccea9dfcca80068c57ba8,
pilot,rossler_n1e5,rossler,Rössler-Willamowski,100000,1.0,threshold_100,prospective,2,100.0,1,0,814,2026-07-12T16:47:59.214283+00:00,0.0025937,2.3682274,True,False,1.0,0.0,3015176,5801700,False,False,163709,120,2,25,0.9823531675534758,0.017646832446524128,2.173947999999682,0.0014776000000000001,1.59e-05,0.19278590000031803,dd7a35a978be054dd4ebe3ab6e2f2f131101614c133d3bb02b75e0a67dd31a6b,f4b1fe541b29f972d4149cee236ddd93b682c68fe0f907e19391efae153493ca,a643f62d82e2a28f903663acade174fee38dbb8daecccea9dfcca80068c57ba8,
pilot,rossler_n1e5,rossler,Rössler-Willamowski,100000,1.0,forced_batch,prospective,2,0.0,1,0,815,2026-07-12T16:48:01.586137+00:00,0.0022253,2.1358558,True,False,1.0,0.0,3016607,5929503,False,False,161707,0,0,28,1.0,0.0,1.9627426999998716,0.0,0.0,0.17311310000012825,4879f09bbc2859e7e39fd748c1a43bae9a1dca2ae92d9e0cebd3f1a96628a3e3,c492f333add6ab3517e0057f10607017382c400ab04eb7d5435b1aa3f293639b,a643f62d82e2a28f903663acade174fee38dbb8daecccea9dfcca80068c57ba8,
pilot,rossler_n1e5,rossler,Rössler-Willamowski,100000,1.0,threshold_400,prospective,2,400.0,1,0,816,2026-07-12T16:48:03.723498+00:00,0.0021152,2.0058494,True,False,1.0,0.0,3027970,6027970,False,False,126066,7196,4,4,0.685842324439659,0.31415767556034097,1.4760804000002488,0.3897652999999978,3.7099999999999994e-05,0.13996659999975325,aa7b0988bd9c92115cf03570677a6175187230dcdf85aad5c98daa00f824a3be,ebd3bae9150ee3441e659fda70b3f5c109ca18df6c3008a8fc62ac253fc2f05a,a643f62d82e2a28f903663acade174fee38dbb8daecccea9dfcca80068c57ba8,
pilot,lotka_volterra_n1000000,lotka_volterra,Lotka-Volterra,1000000,1.0,threshold_1000,prospective,2,1000.0,3,0,817,2026-07-12T16:48:05.732215+00:00,0.0019214,0.0378932,True,False,1.0,0.0,1258489,2258489,True,False,1,1303,1,0,0.0007165984730732338,0.9992834015269269,1.74e-05,0.03707009999999995,2.4e-06,0.0008033000000000484,69940e3fc6aa2b42630d05e616505fc26c5edbbade1232bfad9f3991e433a80d,4cb200331f9d661fe016ab6aa99e5e24c3e0e5527fcc4890f30c86028275e2f1,a643f62d82e2a28f903663acade174fee38dbb8daecccea9dfcca80068c57ba8,
pilot,lotka_volterra_n1000000,lotka_volterra,Lotka-Volterra,1000000,1.0,threshold_500,prospective,2,500.0,3,0,818,2026-07-12T16:48:05.772214+00:00,0.0021098,0.0434676,True,False,1.0,0.0,1258489,2258489,True,False,1,1303,1,0,0.0007165984730732338,0.9992834015269269,2.41e-05,0.04250090000000006,2.8e-06,0.000939799999999949,69940e3fc6aa2b42630d05e616505fc26c5edbbade1232bfad9f3991e433a80d,4cb200331f9d661fe016ab6aa99e5e24c3e0e5527fcc4890f30c86028275e2f1,a643f62d82e2a28f903663acade174fee38dbb8daecccea9dfcca80068c57ba8,
pilot,lotka_volterra_n1000000,lotka_volterra,Lotka-Volterra,1000000,1.0,threshold_400,prospective,2,400.0,3,0,819,2026-07-12T16:48:05.818223+00:00,0.0020369,0.0415491,True,False,1.0,0.0,1261067,2261067,False,False,2919,0,0,0,1.0,0.0,0.03942519999999984,0.0,0.0,0.0021239000000001576,885c9ce620b46c5edc74c0d7eaf61d32279ca49b005b2feeae2ad254b2afdaa5,e9bde806a8909ac9fb9f15f3a59599f209636f605456449aa9c48412262377a3,a643f62d82e2a28f903663acade174fee38dbb8daecccea9dfcca80068c57ba8,
pilot,lotka_volterra_n1000000,lotka_volterra,Lotka-Volterra,1000000,1.0,forced_gillespie_after_initial_batch,prospective,2,1000000000000.0,3,0,820,2026-07-12T16:48:05.862370+00:00,0.0019336,0.0303594,True,False,1.0,0.0,1258489,2258489,True,False,1,1303,1,0,0.0007165984730732338,0.9992834015269269,2.5e-05,0.029585400000000036,3.2e-06,0.0007457999999999666,69940e3fc6aa2b42630d05e616505fc26c5edbbade1232bfad9f3991e433a80d,4cb200331f9d661fe016ab6aa99e5e24c3e0e5527fcc4890f30c86028275e2f1,a643f62d82e2a28f903663acade174fee38dbb8daecccea9dfcca80068c57ba8,
pilot,lotka_volterra_n1000000,lotka_volterra,Lotka-Volterra,1000000,1.0,threshold_300,prospective,2,300.0,3,0,821,2026-07-12T16:48:05.894167+00:00,0.0019257,0.0374171,True,False,1.0,0.0,1261067,2261067,False,False,2919,0,0,0,1.0,0.0,0.03555399999999976,0.0,0.0,0.0018631000000002423,885c9ce620b46c5edc74c0d7eaf61d32279ca49b005b2feeae2ad254b2afdaa5,e9bde806a8909ac9fb9f15f3a59599f209636f605456449aa9c48412262377a3,a643f62d82e2a28f903663acade174fee38dbb8daecccea9dfcca80068c57ba8,
pilot,lotka_volterra_n1000000,lotka_volterra,Lotka-Volterra,1000000,1.0,threshold_200,prospective,2,200.0,3,0,822,2026-07-12T16:48:05.934598+00:00,0.0016898,0.0374862,True,False,1.0,0.0,1261067,2261067,False,False,2919,0,0,0,1.0,0.0,0.03567899999999969,0.0,0.0,0.0018072000000003072,885c9ce620b46c5edc74c0d7eaf61d32279ca49b005b2feeae2ad254b2afdaa5,e9bde806a8909ac9fb9f15f3a59599f209636f605456449aa9c48412262377a3,a643f62d82e2a28f903663acade174fee38dbb8daecccea9dfcca80068c57ba8,
pilot,lotka_volterra_n1000000,lotka_volterra,Lotka-Volterra,1000000,1.0,threshold_250,prospective,2,250.0,3,0,823,2026-07-12T16:48:05.973717+00:00,0.0019844,0.0357313,True,False,1.0,0.0,1261067,2261067,False,False,2919,0,0,0,1.0,0.0,0.03398859999999966,0.0,0.0,0.0017427000000003398,885c9ce620b46c5edc74c0d7eaf61d32279ca49b005b2feeae2ad254b2afdaa5,e9bde806a8909ac9fb9f15f3a59599f209636f605456449aa9c48412262377a3,a643f62d82e2a28f903663acade174fee38dbb8daecccea9dfcca80068c57ba8,
pilot,lotka_volterra_n1000000,lotka_volterra,Lotka-Volterra,1000000,1.0,threshold_750,prospective,2,750.0,3,0,824,2026-07-12T16:48:06.011725+00:00,0.0017754,0.0307132,True,False,1.0,0.0,1258489,2258489,True,False,1,1303,1,0,0.0007165984730732338,0.9992834015269269,1.74e-05,0.0299547,2.4e-06,0.0007386999999999984,69940e3fc6aa2b42630d05e616505fc26c5edbbade1232bfad9f3991e433a80d,4cb200331f9d661fe016ab6aa99e5e24c3e0e5527fcc4890f30c86028275e2f1,a643f62d82e2a28f903663acade174fee38dbb8daecccea9dfcca80068c57ba8,
pilot,lotka_volterra_n1000000,lotka_volterra,Lotka-Volterra,1000000,1.0,threshold_1500,prospective,2,1500.0,3,0,825,2026-07-12T16:48:06.044246+00:00,0.0019118,0.0300037,True,False,1.0,0.0,1258489,2258489,True,False,1,1303,1,0,0.0007165984730732338,0.9992834015269269,1.94e-05,0.029257900000000045,2.5e-06,0.0007238999999999579,69940e3fc6aa2b42630d05e616505fc26c5edbbade1232bfad9f3991e433a80d,4cb200331f9d661fe016ab6aa99e5e24c3e0e5527fcc4890f30c86028275e2f1,a643f62d82e2a28f903663acade174fee38dbb8daecccea9dfcca80068c57ba8,
pilot,lotka_volterra_n1000000,lotka_volterra,Lotka-Volterra,1000000,1.0,threshold_20,prospective,2,20.0,3,0,826,2026-07-12T16:48:06.077246+00:00,0.0017941,0.0360327,True,False,1.0,0.0,1261067,2261067,False,False,2919,0,0,0,1.0,0.0,0.034245999999999936,0.0,0.0,0.0017867000000000646,885c9ce620b46c5edc74c0d7eaf61d32279ca49b005b2feeae2ad254b2afdaa5,e9bde806a8909ac9fb9f15f3a59599f209636f605456449aa9c48412262377a3,a643f62d82e2a28f903663acade174fee38dbb8daecccea9dfcca80068c57ba8,
pilot,lotka_volterra_n1000000,lotka_volterra,Lotka-Volterra,1000000,1.0,forced_batch,prospective,2,0.0,3,0,827,2026-07-12T16:48:06.115256+00:00,0.0018222,0.0347066,True,False,1.0,0.0,1261067,2261067,False,False,2919,0,0,0,1.0,0.0,0.03307239999999973,0.0,0.0,0.001634200000000266,885c9ce620b46c5edc74c0d7eaf61d32279ca49b005b2feeae2ad254b2afdaa5,e9bde806a8909ac9fb9f15f3a59599f209636f605456449aa9c48412262377a3,a643f62d82e2a28f903663acade174fee38dbb8daecccea9dfcca80068c57ba8,
pilot,lotka_volterra_n1000000,lotka_volterra,Lotka-Volterra,1000000,1.0,threshold_50,prospective,2,50.0,3,0,828,2026-07-12T16:48:06.151781+00:00,0.001817,0.0351746,True,False,1.0,0.0,1261067,2261067,False,False,2919,0,0,0,1.0,0.0,0.033514599999999825,0.0,0.0,0.0016600000000001752,885c9ce620b46c5edc74c0d7eaf61d32279ca49b005b2feeae2ad254b2afdaa5,e9bde806a8909ac9fb9f15f3a59599f209636f605456449aa9c48412262377a3,a643f62d82e2a28f903663acade174fee38dbb8daecccea9dfcca80068c57ba8,
pilot,lotka_volterra_n1000000,lotka_volterra,Lotka-Volterra,1000000,1.0,threshold_2000,prospective,2,2000.0,3,0,829,2026-07-12T16:48:06.188771+00:00,0.0018774,0.0277319,True,False,1.0,0.0,1258489,2258489,True,False,1,1303,1,0,0.0007165984730732338,0.9992834015269269,1.92e-05,0.027050300000000034,2.7e-06,0.0006596999999999645,69940e3fc6aa2b42630d05e616505fc26c5edbbade1232bfad9f3991e433a80d,4cb200331f9d661fe016ab6aa99e5e24c3e0e5527fcc4890f30c86028275e2f1,a643f62d82e2a28f903663acade174fee38dbb8daecccea9dfcca80068c57ba8,
pilot,lotka_volterra_n1000000,lotka_volterra,Lotka-Volterra,1000000,1.0,threshold_100,prospective,2,100.0,3,0,830,2026-07-12T16:48:06.218777+00:00,0.0016449,0.0292003,True,False,1.0,0.0,1261067,2261067,False,False,2919,0,0,0,1.0,0.0,0.02781199999999996,0.0,0.0,0.0013883000000000402,885c9ce620b46c5edc74c0d7eaf61d32279ca49b005b2feeae2ad254b2afdaa5,e9bde806a8909ac9fb9f15f3a59599f209636f605456449aa9c48412262377a3,a643f62d82e2a28f903663acade174fee38dbb8daecccea9dfcca80068c57ba8,
pilot,lotka_volterra_n1000000,lotka_volterra,Lotka-Volterra,1000000,1.0,wallclock_timing,wallclock,0,,3,0,831,2026-07-12T16:48:06.249857+00:00,0.0016229,0.0286067,True,False,1.0,0.0,1259422,2259422,False,False,2783,54,4,0,0.9583671497784703,0.04163285022152968,0.02633509999999991,0.0010118999999999998,2.15e-05,0.0012382000000000885,659cc56ca1da9fdf42e315e609ac736a14cdc7e96b3f071fd5ca3db892f2198c,a66d2e1cd3ba35993df9585d7914f641799e040ebf0f60b4543e34f92cd6ae0e,a643f62d82e2a28f903663acade174fee38dbb8daecccea9dfcca80068c57ba8,
pilot,lotka_volterra_n1000000,lotka_volterra,Lotka-Volterra,1000000,1.0,threshold_150,prospective,2,150.0,3,0,832,2026-07-12T16:48:06.280857+00:00,0.0014996,0.0290035,True,False,1.0,0.0,1261067,2261067,False,False,2919,0,0,0,1.0,0.0,0.027636699999999962,0.0,0.0,0.0013668000000000395,885c9ce620b46c5edc74c0d7eaf61d32279ca49b005b2feeae2ad254b2afdaa5,e9bde806a8909ac9fb9f15f3a59599f209636f605456449aa9c48412262377a3,a643f62d82e2a28f903663acade174fee38dbb8daecccea9dfcca80068c57ba8,
pilot,lotka_volterra_n1000000,lotka_volterra,Lotka-Volterra,1000000,1.0,wallclock_timing,wallclock,0,,1,1,833,2026-07-12T16:48:06.311867+00:00,0.0016395,0.0296988,True,False,1.0,0.0,1258823,2258823,False,False,2945,2,2,0,0.9984028005492792,0.0015971994507207876,0.028357799999999964,3.97e-05,9.299999999999999e-06,0.0012920000000000362,32bfdeaf35183ec9dd13f352edb4e043cb24a3521e224577bdfddd57f9398fd6,3e55305ec4b2c6482892483c4736eac059395da25372aff18a12b6ee25813986,a643f62d82e2a28f903663acade174fee38dbb8daecccea9dfcca80068c57ba8,
pilot,lotka_volterra_n1000000,lotka_volterra,Lotka-Volterra,1000000,1.0,threshold_250,prospective,2,250.0,1,1,834,2026-07-12T16:48:06.343384+00:00,0.0020094,0.0379489,True,False,1.0,0.0,1259625,2259625,False,False,2939,0,0,0,1.0,0.0,0.03602749999999973,0.0,0.0,0.0019214000000002673,53fff45a692a0e94aef19fe82a0a6a3e459536a8bf959b9af90c63491007e176,c6058f1cdbfb4b1f9b846d9274463cbbe8d230eca5251212ef604aca813077ea,a643f62d82e2a28f903663acade174fee38dbb8daecccea9dfcca80068c57ba8,
pilot,lotka_volterra_n1000000,lotka_volterra,Lotka-Volterra,1000000,1.0,threshold_200,prospective,2,200.0,1,1,835,2026-07-12T16:48:06.383383+00:00,0.001729,0.0338889,True,False,1.0,0.0,1259625,2259625,False,False,2939,0,0,0,1.0,0.0,0.03228059999999972,0.0,0.0,0.0016083000000002776,53fff45a692a0e94aef19fe82a0a6a3e459536a8bf959b9af90c63491007e176,c6058f1cdbfb4b1f9b846d9274463cbbe8d230eca5251212ef604aca813077ea,a643f62d82e2a28f903663acade174fee38dbb8daecccea9dfcca80068c57ba8,
pilot,lotka_volterra_n1000000,lotka_volterra,Lotka-Volterra,1000000,1.0,threshold_1500,prospective,2,1500.0,1,1,836,2026-07-12T16:48:06.419392+00:00,0.002095,0.0357867,True,False,1.0,0.0,1257960,2257960,True,False,1,1303,1,0,0.0001935550018122782,0.9998064449981877,2.1e-05,0.03495700000000003,2.6e-06,0.0008060999999999693,700a67bc21214502aea6f51e701b82a81bd5e4952325899a3c140d1b1c5d2fe9,d01a38f216c6c245198747ecc44602bff85e41ab2a664a270d3724f40e40bfef,a643f62d82e2a28f903663acade174fee38dbb8daecccea9dfcca80068c57ba8,
pilot,lotka_volterra_n1000000,lotka_volterra,Lotka-Volterra,1000000,1.0,forced_gillespie_after_initial_batch,prospective,2,1000000000000.0,1,1,837,2026-07-12T16:48:06.457910+00:00,0.0021363,0.0323738,True,False,1.0,0.0,1257960,2257960,True,False,1,1303,1,0,0.0001935550018122782,0.9998064449981877,1.91e-05,0.031515899999999986,2.4e-06,0.0008364000000000149,700a67bc21214502aea6f51e701b82a81bd5e4952325899a3c140d1b1c5d2fe9,d01a38f216c6c245198747ecc44602bff85e41ab2a664a270d3724f40e40bfef,a643f62d82e2a28f903663acade174fee38dbb8daecccea9dfcca80068c57ba8,
pilot,lotka_volterra_n1000000,lotka_volterra,Lotka-Volterra,1000000,1.0,threshold_1000,prospective,2,1000.0,1,1,838,2026-07-12T16:48:06.491910+00:00,0.0018874,0.0345003,True,False,1.0,0.0,1257960,2257960,True,False,1,1303,1,0,0.0001935550018122782,0.9998064449981877,1.94e-05,0.03366009999999996,2.6e-06,0.0008182000000000397,700a67bc21214502aea6f51e701b82a81bd5e4952325899a3c140d1b1c5d2fe9,d01a38f216c6c245198747ecc44602bff85e41ab2a664a270d3724f40e40bfef,a643f62d82e2a28f903663acade174fee38dbb8daecccea9dfcca80068c57ba8,
pilot,lotka_volterra_n1000000,lotka_volterra,Lotka-Volterra,1000000,1.0,threshold_300,prospective,2,300.0,1,1,839,2026-07-12T16:48:06.529440+00:00,0.0018603,0.0356965,True,False,1.0,0.0,1259625,2259625,False,False,2939,0,0,0,1.0,0.0,0.033961799999999764,0.0,0.0,0.0017347000000002347,53fff45a692a0e94aef19fe82a0a6a3e459536a8bf959b9af90c63491007e176,c6058f1cdbfb4b1f9b846d9274463cbbe8d230eca5251212ef604aca813077ea,a643f62d82e2a28f903663acade174fee38dbb8daecccea9dfcca80068c57ba8,
pilot,lotka_volterra_n1000000,lotka_volterra,Lotka-Volterra,1000000,1.0,forced_batch,prospective,2,0.0,1,1,840,2026-07-12T16:48:06.566437+00:00,0.0017768,0.040263,True,False,1.0,0.0,1259625,2259625,False,False,2939,0,0,0,1.0,0.0,0.03828429999999989,0.0,0.0,0.001978700000000111,53fff45a692a0e94aef19fe82a0a6a3e459536a8bf959b9af90c63491007e176,c6058f1cdbfb4b1f9b846d9274463cbbe8d230eca5251212ef604aca813077ea,a643f62d82e2a28f903663acade174fee38dbb8daecccea9dfcca80068c57ba8,
pilot,lotka_volterra_n1000000,lotka_volterra,Lotka-Volterra,1000000,1.0,threshold_150,prospective,2,150.0,1,1,841,2026-07-12T16:48:06.608562+00:00,0.0019489,0.0349697,True,False,1.0,0.0,1259625,2259625,False,False,2939,0,0,0,1.0,0.0,0.03331309999999977,0.0,0.0,0.0016566000000002301,53fff45a692a0e94aef19fe82a0a6a3e459536a8bf959b9af90c63491007e176,c6058f1cdbfb4b1f9b846d9274463cbbe8d230eca5251212ef604aca813077ea,a643f62d82e2a28f903663acade174fee38dbb8daecccea9dfcca80068c57ba8,
pilot,lotka_volterra_n1000000,lotka_volterra,Lotka-Volterra,1000000,1.0,threshold_400,prospective,2,400.0,1,1,842,2026-07-12T16:48:06.645929+00:00,0.0018133,0.0351642,True,False,1.0,0.0,1259625,2259625,False,False,2939,0,0,0,1.0,0.0,0.03339459999999966,0.0,0.0,0.0017696000000003362,53fff45a692a0e94aef19fe82a0a6a3e459536a8bf959b9af90c63491007e176,c6058f1cdbfb4b1f9b846d9274463cbbe8d230eca5251212ef604aca813077ea,a643f62d82e2a28f903663acade174fee38dbb8daecccea9dfcca80068c57ba8,
pilot,lotka_volterra_n1000000,lotka_volterra,Lotka-Volterra,1000000,1.0,threshold_100,prospective,2,100.0,1,1,843,2026-07-12T16:48:06.683932+00:00,0.002261,0.0379011,True,False,1.0,0.0,1259625,2259625,False,False,2939,0,0,0,1.0,0.0,0.03609569999999969,0.0,0.0,0.001805400000000311,53fff45a692a0e94aef19fe82a0a6a3e459536a8bf959b9af90c63491007e176,c6058f1cdbfb4b1f9b846d9274463cbbe8d230eca5251212ef604aca813077ea,a643f62d82e2a28f903663acade174fee38dbb8daecccea9dfcca80068c57ba8,
pilot,lotka_volterra_n1000000,lotka_volterra,Lotka-Volterra,1000000,1.0,threshold_50,prospective,2,50.0,1,1,844,2026-07-12T16:48:06.724008+00:00,0.0017322,0.0360597,True,False,1.0,0.0,1259625,2259625,False,False,2939,0,0,0,1.0,0.0,0.03417459999999979,0.0,0.0,0.0018851000000002088,53fff45a692a0e94aef19fe82a0a6a3e459536a8bf959b9af90c63491007e176,c6058f1cdbfb4b1f9b846d9274463cbbe8d230eca5251212ef604aca813077ea,a643f62d82e2a28f903663acade174fee38dbb8daecccea9dfcca80068c57ba8,
pilot,lotka_volterra_n1000000,lotka_volterra,Lotka-Volterra,1000000,1.0,threshold_750,prospective,2,750.0,1,1,845,2026-07-12T16:48:06.762375+00:00,0.0022894,0.0374101,True,False,1.0,0.0,1257960,2257960,True,False,1,1303,1,0,0.0001935550018122782,0.9998064449981877,1.93e-05,0.036557600000000016,2.7e-06,0.000830499999999984,700a67bc21214502aea6f51e701b82a81bd5e4952325899a3c140d1b1c5d2fe9,d01a38f216c6c245198747ecc44602bff85e41ab2a664a270d3724f40e40bfef,a643f62d82e2a28f903663acade174fee38dbb8daecccea9dfcca80068c57ba8,
pilot,lotka_volterra_n1000000,lotka_volterra,Lotka-Volterra,1000000,1.0,threshold_500,prospective,2,500.0,1,1,846,2026-07-12T16:48:06.802396+00:00,0.0019128,0.0290844,True,False,1.0,0.0,1257960,2257960,True,False,1,1303,1,0,0.0001935550018122782,0.9998064449981877,2.24e-05,0.028372699999999983,2.4e-06,0.000686900000000018,700a67bc21214502aea6f51e701b82a81bd5e4952325899a3c140d1b1c5d2fe9,d01a38f216c6c245198747ecc44602bff85e41ab2a664a270d3724f40e40bfef,a643f62d82e2a28f903663acade174fee38dbb8daecccea9dfcca80068c57ba8,
pilot,lotka_volterra_n1000000,lotka_volterra,Lotka-Volterra,1000000,1.0,threshold_2000,prospective,2,2000.0,1,1,847,2026-07-12T16:48:06.833920+00:00,0.0016135,0.0249917,True,False,1.0,0.0,1257960,2257960,True,False,1,1303,1,0,0.0001935550018122782,0.9998064449981877,1.73e-05,0.024381800000000012,2e-06,0.0005905999999999863,700a67bc21214502aea6f51e701b82a81bd5e4952325899a3c140d1b1c5d2fe9,d01a38f216c6c245198747ecc44602bff85e41ab2a664a270d3724f40e40bfef,a643f62d82e2a28f903663acade174fee38dbb8daecccea9dfcca80068c57ba8,
pilot,lotka_volterra_n1000000,lotka_volterra,Lotka-Volterra,1000000,1.0,threshold_20,prospective,2,20.0,1,1,848,2026-07-12T16:48:06.859918+00:00,0.0016108,0.0289617,True,False,1.0,0.0,1259625,2259625,False,False,2939,0,0,0,1.0,0.0,0.027572599999999985,0.0,0.0,0.0013891000000000146,53fff45a692a0e94aef19fe82a0a6a3e459536a8bf959b9af90c63491007e176,c6058f1cdbfb4b1f9b846d9274463cbbe8d230eca5251212ef604aca813077ea,a643f62d82e2a28f903663acade174fee38dbb8daecccea9dfcca80068c57ba8,
pilot,shrinking_split_b_decay_n2e6,shrinking,Shrinking split B decay,2000000,0.1,threshold_1500,prospective,2,1500.0,3,0,849,2026-07-12T16:48:06.890917+00:00,0.0015388,0.0458076,True,False,0.1,0.0,93,4000093,True,False,1,2820,1,0,6.717883337107446e-06,0.09999328211666289,1.28e-05,0.04449569999999999,3.7e-06,0.001295400000000002,2863966a069f60e8a9b90beffe797597427aa34185d379b39bec052f77776c61,3f0120787cff727b1c68bf395db0d1b08b0d5a3d5f4ce822c68ea82d73e14a47,a643f62d82e2a28f903663acade174fee38dbb8daecccea9dfcca80068c57ba8,
pilot,shrinking_split_b_decay_n2e6,shrinking,Shrinking split B decay,2000000,0.1,threshold_20,prospective,2,20.0,3,0,850,2026-07-12T16:48:06.938450+00:00,0.0017739,0.0396382,True,False,0.1,0.0,96,3742,True,False,5682,67,1,72,0.0705510404378922,0.0294489595621078,0.0368327000000001,0.00010229999999999997,2.2e-06,0.002700999999999898,79bb1150e9fcd0b49ed8ccaf0d27e3e2b94de83a8875194bc9817d470b02cf61,cfa9db3b7e73a0d4e277be136f9108b67b9fa878c3644259f95bbc02658feef8,a643f62d82e2a28f903663acade174fee38dbb8daecccea9dfcca80068c57ba8,
pilot,shrinking_split_b_decay_n2e6,shrinking,Shrinking split B decay,2000000,0.1,threshold_50,prospective,2,50.0,3,0,851,2026-07-12T16:48:06.980449+00:00,0.0017534,0.0402224,True,False,0.1,0.0,85,22271,True,False,5420,192,1,54,0.052405583297581874,0.04759441670241813,0.03705630000000005,0.0003411000000000003,2.9e-06,0.0028220999999999524,9e3b59ad91b515783270a1d572576e93fe401153519c90f0fd914c9922109fe8,f67047f3266251bac14a3036ac3a48f14669e70e78ebd6f88c34c41fd4664490,a643f62d82e2a28f903663acade174fee38dbb8daecccea9dfcca80068c57ba8,
pilot,shrinking_split_b_decay_n2e6,shrinking,Shrinking split B decay,2000000,0.1,threshold_150,prospective,2,150.0,3,0,852,2026-07-12T16:48:07.022463+00:00,0.0016685,0.0387409,True,False,0.1,0.0,90,205930,True,False,4549,610,1,31,0.030303932252453165,0.06969606774754684,0.03265530000000003,0.0033118999999999965,3e-06,0.0027706999999999662,938c5aae96878e992a78bcac6673e43ae122364188937b35bddb287d6a3c0543,fd2ae92bbf43f10acadea00a0c8ee2e86368e5f997119f5eca911959807ccd3c,a643f62d82e2a28f903663acade174fee38dbb8daecccea9dfcca80068c57ba8,
pilot,shrinking_split_b_decay_n2e6,shrinking,Shrinking split B decay,2000000,0.1,forced_gillespie_after_initial_batch,prospective,2,1000000000000.0,3,0,853,2026-07-12T16:48:07.062980+00:00,0.0019637,0.0565643,True,False,0.1,0.0,93,4000093,True,False,1,2820,1,0,6.717883337107446e-06,0.09999328211666289,1.56e-05,0.05503190000000006,3.4e-06,0.0015133999999999426,2863966a069f60e8a9b90beffe797597427aa34185d379b39bec052f77776c61,3f0120787cff727b1c68bf395db0d1b08b0d5a3d5f4ce822c68ea82d73e14a47,a643f62d82e2a28f903663acade174fee38dbb8daecccea9dfcca80068c57ba8,
pilot,shrinking_split_b_decay_n2e6,shrinking,Shrinking split B decay,2000000,0.1,threshold_250,prospective,2,250.0,3,0,854,2026-07-12T16:48:07.122293+00:00,0.0017806,0.0339608,True,False,0.1,0.0,75,536813,True,False,3685,1026,1,21,0.020098491334433075,0.07990150866556693,0.02473160000000006,0.006890400000000006,2.7e-06,0.0023360999999999313,4b0388bb21770fe903c81d9c311e4fc5196184d810dff726fb1b9c31d7b8dca4,aaa010ec1d675e1ba4709bdaba2a4b52289015989b665f3d7078c8602134512b,a643f62d82e2a28f903663acade174fee38dbb8daecccea9dfcca80068c57ba8,
pilot,shrinking_split_b_decay_n2e6,shrinking,Shrinking split B decay,2000000,0.1,threshold_750,prospective,2,750.0,3,0,855,2026-07-12T16:48:07.158355+00:00,0.0020371,0.0531078,True,False,0.1,0.0,93,4000093,True,False,1,2820,1,0,6.717883337107446e-06,0.09999328211666289,1.7e-05,0.051634899999999935,4e-06,0.0014519000000000615,2863966a069f60e8a9b90beffe797597427aa34185d379b39bec052f77776c61,3f0120787cff727b1c68bf395db0d1b08b0d5a3d5f4ce822c68ea82d73e14a47,a643f62d82e2a28f903663acade174fee38dbb8daecccea9dfcca80068c57ba8,
pilot,shrinking_split_b_decay_n2e6,shrinking,Shrinking split B decay,2000000,0.1,threshold_200,prospective,2,200.0,3,0,856,2026-07-12T16:48:07.213368+00:00,0.0017517,0.0379523,True,False,0.1,0.0,102,365884,True,False,4118,818,1,25,0.024560509053543577,0.07543949094645644,0.030492299999999712,0.004851799999999992,2.9e-06,0.0026053000000002963,063bfe2df2b083ab2d14bee6390764bd8fc3ebc064142ba9f826e441dea54401,04ff0ef158db694fde64b21cb50dccc6ae1d7920088d35f691d9042e7a49a43e,a643f62d82e2a28f903663acade174fee38dbb8daecccea9dfcca80068c57ba8,
pilot,shrinking_split_b_decay_n2e6,shrinking,Shrinking split B decay,2000000,0.1,wallclock_timing,wallclock,0,,3,0,857,2026-07-12T16:48:07.253885+00:00,0.0018273,0.0477067,True,False,0.1,0.0,99,297,False,False,5770,2,2,97,0.09998523525958071,1.4764740419285355e-05,0.04450009999999984,6.83e-05,9.800000000000001e-06,0.003128500000000159,c822bfcb1ecb2a962dd5f6791628132d1331f550acfd8040d40f65585701a776,1557f2baa0f68518c955e2252e3c86c267d7244b2ed519766226f76abf18d526,a643f62d82e2a28f903663acade174fee38dbb8daecccea9dfcca80068c57ba8,
pilot,shrinking_split_b_decay_n2e6,shrinking,Shrinking split B decay,2000000,0.1,threshold_100,prospective,2,100.0,3,0,858,2026-07-12T16:48:07.303883+00:00,0.0019503,0.0440277,True,False,0.1,0.0,90,86572,True,False,4983,402,1,40,0.03844987764945626,0.061550122350543746,0.03960749999999964,0.0012954000000000034,2.9e-06,0.0031219000000003577,2ba3e56b49d7b2de8e663523fd0c12fece658dcf621ebc2368226adaaba2be64,4dbc1eb529c5c732532f4bcd0e537f6a825eb3ee4b848ab0c95d668e9ba95f94,a643f62d82e2a28f903663acade174fee38dbb8daecccea9dfcca80068c57ba8,
pilot,shrinking_split_b_decay_n2e6,shrinking,Shrinking split B decay,2000000,0.1,threshold_2000,prospective,2,2000.0,3,0,859,2026-07-12T16:48:07.350200+00:00,0.0019646,0.068214,True,False,0.1,0.0,93,4000093,True,False,1,2820,1,0,6.717883337107446e-06,0.09999328211666289,1.72e-05,0.06636019999999995,4.6e-06,0.0018320000000000558,2863966a069f60e8a9b90beffe797597427aa34185d379b39bec052f77776c61,3f0120787cff727b1c68bf395db0d1b08b0d5a3d5f4ce822c68ea82d73e14a47,a643f62d82e2a28f903663acade174fee38dbb8daecccea9dfcca80068c57ba8,
pilot,shrinking_split_b_decay_n2e6,shrinking,Shrinking split B decay,2000000,0.1,threshold_1000,prospective,2,1000.0,3,0,860,2026-07-12T16:48:07.420626+00:00,0.002736,0.0607418,True,False,0.1,0.0,93,4000093,True,False,1,2820,1,0,6.717883337107446e-06,0.09999328211666289,3.06e-05,0.05904400000000003,5.1e-06,0.001662099999999972,2863966a069f60e8a9b90beffe797597427aa34185d379b39bec052f77776c61,3f0120787cff727b1c68bf395db0d1b08b0d5a3d5f4ce822c68ea82d73e14a47,a643f62d82e2a28f903663acade174fee38dbb8daecccea9dfcca80068c57ba8,
pilot,shrinking_split_b_decay_n2e6,shrinking,Shrinking split B decay,2000000,0.1,threshold_500,prospective,2,500.0,3,0,861,2026-07-12T16:48:07.484693+00:00,0.0019781,0.0450427,True,False,0.1,0.0,95,2254291,True,False,1560,2059,1,6,0.006225398894388175,0.09377460110561184,0.011977499999999967,0.03092560000000003,2.9e-06,0.0021366999999999983,415952babae7a7b009080322286bd6bab0e327887e00891185dc516796161924,cd925187c2264fdd2b8fb8a6ed5b6c5c0682d3986780534a22e91e8614a6e2d3,a643f62d82e2a28f903663acade174fee38dbb8daecccea9dfcca80068c57ba8,
pilot,shrinking_split_b_decay_n2e6,shrinking,Shrinking split B decay,2000000,0.1,forced_batch,prospective,2,0.0,3,0,862,2026-07-12T16:48:07.531285+00:00,0.002239,0.0438093,True,False,0.1,0.0,84,262,False,False,5815,0,0,99,0.1,0.0,0.04067630000000001,0.0,0.0,0.00313299999999999,120fc68cd578b0d48cfa459fde9a6f276ee24ec1615f47331c4cf57fc86857a4,9007b9b1058fa590610880fa93899e7a74d000ade1e756df622978e2667db713,a643f62d82e2a28f903663acade174fee38dbb8daecccea9dfcca80068c57ba8,
pilot,shrinking_split_b_decay_n2e6,shrinking,Shrinking split B decay,2000000,0.1,threshold_300,prospective,2,300.0,3,0,863,2026-07-12T16:48:07.578287+00:00,0.0017153,0.0344019,True,False,0.1,0.0,86,787658,True,False,3257,1225,1,17,0.016452956054800988,0.08354704394519902,0.021865500000000086,0.010294400000000007,2.5e-06,0.0022394999999999013,d3325db8aac6677b3e56a599ab12b69a07c72262642e48da7ee8229f1dadd804,40938d95b4b099a3835a50ed3f3191bd21fe54e5db0d94b93142088d08d8811e,a643f62d82e2a28f903663acade174fee38dbb8daecccea9dfcca80068c57ba8,
pilot,shrinking_split_b_decay_n2e6,shrinking,Shrinking split B decay,2000000,0.1,threshold_400,prospective,2,400.0,3,0,864,2026-07-12T16:48:07.614293+00:00,0.0015295,0.034224,True,False,0.1,0.0,84,1397410,True,False,2398,1645,1,11,0.010682445450667197,0.08931755454933281,0.015899500000000084,0.016344300000000006,2.5e-06,0.0019776999999999087,5fd7801885225294b7be4fed80c9ff902376ca55dcf896e7bf3bd11e33812661,7988fe09e96d44bf8a84e19124cd6a4b2a06795c5cc15e54400e9364faff21a7,a643f62d82e2a28f903663acade174fee38dbb8daecccea9dfcca80068c57ba8,
pilot,oregonator_n1e5,oregonator,Oregonator,100000,1.0,threshold_150,prospective,2,150.0,2,1,865,2026-07-12T16:48:07.650807+00:00,0.0022192,0.1816004,True,False,1.0,0.0,72501,124501,True,False,1,19158,1,0,1.5031845257569069e-06,0.9999984968154743,1.99e-05,0.16756860000000107,4.8e-06,0.01400709999999894,2551ce5b7cdfe259bd5fe8b05c4549ce6f884a471c6ef07f6902f463372f8f9b,78604e0cd64f06051c4e4a33c77a2720efe71eb44b7eb6274ceccecee47cac04,a643f62d82e2a28f903663acade174fee38dbb8daecccea9dfcca80068c57ba8,
pilot,oregonator_n1e5,oregonator,Oregonator,100000,1.0,threshold_250,prospective,2,250.0,2,1,866,2026-07-12T16:48:07.834913+00:00,0.0020371,0.18428,True,False,1.0,0.0,72501,124501,True,False,1,19158,1,0,1.5031845257569069e-06,0.9999984968154743,2.08e-05,0.17015969999999722,4.3e-06,0.014095200000002778,2551ce5b7cdfe259bd5fe8b05c4549ce6f884a471c6ef07f6902f463372f8f9b,78604e0cd64f06051c4e4a33c77a2720efe71eb44b7eb6274ceccecee47cac04,a643f62d82e2a28f903663acade174fee38dbb8daecccea9dfcca80068c57ba8,
pilot,oregonator_n1e5,oregonator,Oregonator,100000,1.0,threshold_1500,prospective,2,1500.0,2,1,867,2026-07-12T16:48:08.021431+00:00,0.002352,0.1805306,True,False,1.0,0.0,72501,124501,True,False,1,19158,1,0,1.5031845257569069e-06,0.9999984968154743,2.36e-05,0.1665407999999996,4.1e-06,0.013962100000000394,2551ce5b7cdfe259bd5fe8b05c4549ce6f884a471c6ef07f6902f463372f8f9b,78604e0cd64f06051c4e4a33c77a2720efe71eb44b7eb6274ceccecee47cac04,a643f62d82e2a28f903663acade174fee38dbb8daecccea9dfcca80068c57ba8,
pilot,oregonator_n1e5,oregonator,Oregonator,100000,1.0,threshold_2000,prospective,2,2000.0,2,1,868,2026-07-12T16:48:08.204280+00:00,0.0020802,0.1739618,True,False,1.0,0.0,72501,124501,True,False,1,19158,1,0,1.5031845257569069e-06,0.9999984968154743,1.98e-05,0.16038829999999932,3.8e-06,0.013549900000000697,2551ce5b7cdfe259bd5fe8b05c4549ce6f884a471c6ef07f6902f463372f8f9b,78604e0cd64f06051c4e4a33c77a2720efe71eb44b7eb6274ceccecee47cac04,a643f62d82e2a28f903663acade174fee38dbb8daecccea9dfcca80068c57ba8,
pilot,oregonator_n1e5,oregonator,Oregonator,100000,1.0,threshold_1000,prospective,2,1000.0,2,1,869,2026-07-12T16:48:08.380316+00:00,0.0020755,0.1725885,True,False,1.0,0.0,72501,124501,True,False,1,19158,1,0,1.5031845257569069e-06,0.9999984968154743,2.7e-05,0.15907349999999842,5.1e-06,0.013482900000001574,2551ce5b7cdfe259bd5fe8b05c4549ce6f884a471c6ef07f6902f463372f8f9b,78604e0cd64f06051c4e4a33c77a2720efe71eb44b7eb6274ceccecee47cac04,a643f62d82e2a28f903663acade174fee38dbb8daecccea9dfcca80068c57ba8,
pilot,oregonator_n1e5,oregonator,Oregonator,100000,1.0,threshold_750,prospective,2,750.0,2,1,870,2026-07-12T16:48:08.555887+00:00,0.0020305,0.1737289,True,False,1.0,0.0,72501,124501,True,False,1,19158,1,0,1.5031845257569069e-06,0.9999984968154743,1.95e-05,0.16024549999999868,3.6e-06,0.013460300000001313,2551ce5b7cdfe259bd5fe8b05c4549ce6f884a471c6ef07f6902f463372f8f9b,78604e0cd64f06051c4e4a33c77a2720efe71eb44b7eb6274ceccecee47cac04,a643f62d82e2a28f903663acade174fee38dbb8daecccea9dfcca80068c57ba8,
pilot,oregonator_n1e5,oregonator,Oregonator,100000,1.0,threshold_400,prospective,2,400.0,2,1,871,2026-07-12T16:48:08.732011+00:00,0.0020778,0.1733946,True,False,1.0,0.0,72501,124501,True,False,1,19158,1,0,1.5031845257569069e-06,0.9999984968154743,1.96e-05,0.15982669999999932,3.9e-06,0.013544400000000678,2551ce5b7cdfe259bd5fe8b05c4549ce6f884a471c6ef07f6902f463372f8f9b,78604e0cd64f06051c4e4a33c77a2720efe71eb44b7eb6274ceccecee47cac04,a643f62d82e2a28f903663acade174fee38dbb8daecccea9dfcca80068c57ba8,
pilot,oregonator_n1e5,oregonator,Oregonator,100000,1.0,forced_batch,prospective,2,0.0,2,1,872,2026-07-12T16:48:08.907568+00:00,0.0021269,4.5962345,True,False,1.0,0.0,68816,120816,False,False,406242,0,0,0,1.0,0.0,4.289475099996875,0.0,0.0,0.3067594000031244,1e7e894a71bc418fe47a9d5a657d4ab3a6215f6d936f462121baa68805939628,84c0f316a80b6fbabfa99412b69444061797127fbac34d3212f208d635e2c373,a643f62d82e2a28f903663acade174fee38dbb8daecccea9dfcca80068c57ba8,
pilot,oregonator_n1e5,oregonator,Oregonator,100000,1.0,threshold_20,prospective,2,20.0,2,1,873,2026-07-12T16:48:13.505741+00:00,0.0025605,0.8404237,True,False,1.0,0.0,59611,111611,True,False,54091,5719,7,0,0.10716889932472541,0.8928311006752746,0.7216632999999636,0.06432730000000036,0.0001418,0.054291300000036125,92d098cc5e9615a2557166c6bf992a3b5783f55f5e64e916208c0caa82f0f97d,d8bee5d49867e6b9a27ed2572e7f7785fece1d3ddd96ac3e7cdbd78480ab677d,a643f62d82e2a28f903663acade174fee38dbb8daecccea9dfcca80068c57ba8,
pilot,oregonator_n1e5,oregonator,Oregonator,100000,1.0,wallclock_timing,wallclock,0,,2,1,874,2026-07-12T16:48:14.349548+00:00,0.0024078,0.1879422,True,False,1.0,0.0,80770,132770,True,False,3,16380,3,0,5.596041791415352e-06,0.9999944039582086,8.530000000000001e-05,0.17492979999999989,2.66e-05,0.01290050000000012,833220d5c332b5e735d95b45f557e488166b7675dd54b95f89bf23c7372a4a30,4608af3d093e12ae7928a9f13fa6553278d901f60d73c0a1da27d46411c18eee,a643f62d82e2a28f903663acade174fee38dbb8daecccea9dfcca80068c57ba8,
pilot,oregonator_n1e5,oregonator,Oregonator,100000,1.0,threshold_50,prospective,2,50.0,2,1,875,2026-07-12T16:48:14.540439+00:00,0.0028103,0.205022,True,False,1.0,0.0,72501,124501,True,False,1,19158,1,0,1.5031845257569069e-06,0.9999984968154743,2.89e-05,0.18970790000000354,6.5e-06,0.015278699999996481,2551ce5b7cdfe259bd5fe8b05c4549ce6f884a471c6ef07f6902f463372f8f9b,78604e0cd64f06051c4e4a33c77a2720efe71eb44b7eb6274ceccecee47cac04,a643f62d82e2a28f903663acade174fee38dbb8daecccea9dfcca80068c57ba8,
pilot,oregonator_n1e5,oregonator,Oregonator,100000,1.0,threshold_200,prospective,2,200.0,2,1,876,2026-07-12T16:48:14.748483+00:00,0.0020238,0.1749794,True,False,1.0,0.0,72501,124501,True,False,1,19158,1,0,1.5031845257569069e-06,0.9999984968154743,1.96e-05,0.16112359999999992,3.5e-06,0.013832700000000087,2551ce5b7cdfe259bd5fe8b05c4549ce6f884a471c6ef07f6902f463372f8f9b,78604e0cd64f06051c4e4a33c77a2720efe71eb44b7eb6274ceccecee47cac04,a643f62d82e2a28f903663acade174fee38dbb8daecccea9dfcca80068c57ba8,
pilot,oregonator_n1e5,oregonator,Oregonator,100000,1.0,threshold_100,prospective,2,100.0,2,1,877,2026-07-12T16:48:14.925011+00:00,0.0020165,0.2298458,True,False,1.0,0.0,72501,124501,True,False,1,19158,1,0,1.5031845257569069e-06,0.9999984968154743,1.94e-05,0.21327780000000543,3.3e-06,0.016545299999994545,2551ce5b7cdfe259bd5fe8b05c4549ce6f884a471c6ef07f6902f463372f8f9b,78604e0cd64f06051c4e4a33c77a2720efe71eb44b7eb6274ceccecee47cac04,a643f62d82e2a28f903663acade174fee38dbb8daecccea9dfcca80068c57ba8,
pilot,oregonator_n1e5,oregonator,Oregonator,100000,1.0,forced_gillespie_after_initial_batch,prospective,2,1000000000000.0,2,1,878,2026-07-12T16:48:15.157070+00:00,0.0024042,0.2086686,True,False,1.0,0.0,72501,124501,True,False,1,19158,1,0,1.5031845257569069e-06,0.9999984968154743,2.49e-05,0.19312290000000465,4.7e-06,0.01551609999999537,2551ce5b7cdfe259bd5fe8b05c4549ce6f884a471c6ef07f6902f463372f8f9b,78604e0cd64f06051c4e4a33c77a2720efe71eb44b7eb6274ceccecee47cac04,a643f62d82e2a28f903663acade174fee38dbb8daecccea9dfcca80068c57ba8,
pilot,oregonator_n1e5,oregonator,Oregonator,100000,1.0,threshold_500,prospective,2,500.0,2,1,879,2026-07-12T16:48:15.369121+00:00,0.0021649,0.1727559,True,False,1.0,0.0,72501,124501,True,False,1,19158,1,0,1.5031845257569069e-06,0.9999984968154743,1.93e-05,0.15913309999999886,3.6e-06,0.013599900000001136,2551ce5b7cdfe259bd5fe8b05c4549ce6f884a471c6ef07f6902f463372f8f9b,78604e0cd64f06051c4e4a33c77a2720efe71eb44b7eb6274ceccecee47cac04,a643f62d82e2a28f903663acade174fee38dbb8daecccea9dfcca80068c57ba8,
pilot,oregonator_n1e5,oregonator,Oregonator,100000,1.0,threshold_300,prospective,2,300.0,2,1,880,2026-07-12T16:48:15.544161+00:00,0.0019874,0.1740687,True,False,1.0,0.0,72501,124501,True,False,1,19158,1,0,1.5031845257569069e-06,0.9999984968154743,1.97e-05,0.16043959999999963,3.4e-06,0.013606000000000368,2551ce5b7cdfe259bd5fe8b05c4549ce6f884a471c6ef07f6902f463372f8f9b,78604e0cd64f06051c4e4a33c77a2720efe71eb44b7eb6274ceccecee47cac04,a643f62d82e2a28f903663acade174fee38dbb8daecccea9dfcca80068c57ba8,
pilot,oregonator_n1e5,oregonator,Oregonator,100000,1.0,threshold_2000,prospective,2,2000.0,3,0,881,2026-07-12T16:48:15.720857+00:00,0.0021582,0.1259124,True,False,1.0,0.0,66017,118017,True,False,1,13831,1,0,5.200167466949822e-06,0.999994799832533,2.21e-05,0.11584599999999709,4.2e-06,0.010040100000002924,9e3eb5e1cb2046b3d1ca73110ca0ed206a73ac7122ccd95db98df84b1c5d77fb,da92e8c70ee892b8d83b3d78e10f872ee34213871b45af76e22fc3955a48dd3c,a643f62d82e2a28f903663acade174fee38dbb8daecccea9dfcca80068c57ba8,
pilot,oregonator_n1e5,oregonator,Oregonator,100000,1.0,threshold_100,prospective,2,100.0,3,0,882,2026-07-12T16:48:15.849182+00:00,0.0020871,0.1325152,True,False,1.0,0.0,66017,118017,True,False,1,13831,1,0,5.200167466949822e-06,0.999994799832533,2.04e-05,0.12222059999999717,3.4e-06,0.010270800000002828,9e3eb5e1cb2046b3d1ca73110ca0ed206a73ac7122ccd95db98df84b1c5d77fb,da92e8c70ee892b8d83b3d78e10f872ee34213871b45af76e22fc3955a48dd3c,a643f62d82e2a28f903663acade174fee38dbb8daecccea9dfcca80068c57ba8,
pilot,oregonator_n1e5,oregonator,Oregonator,100000,1.0,threshold_20,prospective,2,20.0,3,0,883,2026-07-12T16:48:15.983704+00:00,0.0022908,0.7432673,True,False,1.0,0.0,54787,106787,True,False,56079,5051,3,0,0.11087268773594759,0.8891273122640524,0.6463050999999526,0.050339400000000346,2.7400000000000002e-05,0.04659540000004703,24594e2f7cc7fbbdd236068aadd539e6fba34158c51fed554ee232078816711b,393d5ae7e0e6270e3cf7483edc72f8d4c98616becdc1b9f1115412b53fb300ca,a643f62d82e2a28f903663acade174fee38dbb8daecccea9dfcca80068c57ba8,
pilot,oregonator_n1e5,oregonator,Oregonator,100000,1.0,forced_gillespie_after_initial_batch,prospective,2,1000000000000.0,3,0,884,2026-07-12T16:48:16.729601+00:00,0.00238,0.1291088,True,False,1.0,0.0,66017,118017,True,False,1,13831,1,0,5.200167466949822e-06,0.999994799832533,2.36e-05,0.11887959999999714,5.5e-06,0.010200100000002849,9e3eb5e1cb2046b3d1ca73110ca0ed206a73ac7122ccd95db98df84b1c5d77fb,da92e8c70ee892b8d83b3d78e10f872ee34213871b45af76e22fc3955a48dd3c,a643f62d82e2a28f903663acade174fee38dbb8daecccea9dfcca80068c57ba8,
pilot,oregonator_n1e5,oregonator,Oregonator,100000,1.0,threshold_1000,prospective,2,1000.0,3,0,885,2026-07-12T16:48:16.860911+00:00,0.002191,0.1235927,True,False,1.0,0.0,66017,118017,True,False,1,13831,1,0,5.200167466949822e-06,0.999994799832533,2e-05,0.11370249999999775,4.5e-06,0.00986570000000224,9e3eb5e1cb2046b3d1ca73110ca0ed206a73ac7122ccd95db98df84b1c5d77fb,da92e8c70ee892b8d83b3d78e10f872ee34213871b45af76e22fc3955a48dd3c,a643f62d82e2a28f903663acade174fee38dbb8daecccea9dfcca80068c57ba8,
pilot,oregonator_n1e5,oregonator,Oregonator,100000,1.0,threshold_500,prospective,2,500.0,3,0,886,2026-07-12T16:48:16.987429+00:00,0.0020063,0.123513,True,False,1.0,0.0,66017,118017,True,False,1,13831,1,0,5.200167466949822e-06,0.999994799832533,2.01e-05,0.11370829999999688,3.5e-06,0.009781100000003123,9e3eb5e1cb2046b3d1ca73110ca0ed206a73ac7122ccd95db98df84b1c5d77fb,da92e8c70ee892b8d83b3d78e10f872ee34213871b45af76e22fc3955a48dd3c,a643f62d82e2a28f903663acade174fee38dbb8daecccea9dfcca80068c57ba8,
pilot,oregonator_n1e5,oregonator,Oregonator,100000,1.0,threshold_50,prospective,2,50.0,3,0,887,2026-07-12T16:48:17.112952+00:00,0.0021241,0.1394708,True,False,1.0,0.0,66017,118017,True,False,1,13831,1,0,5.200167466949822e-06,0.999994799832533,2e-05,0.1288546999999985,3.4e-06,0.010592700000001537,9e3eb5e1cb2046b3d1ca73110ca0ed206a73ac7122ccd95db98df84b1c5d77fb,da92e8c70ee892b8d83b3d78e10f872ee34213871b45af76e22fc3955a48dd3c,a643f62d82e2a28f903663acade174fee38dbb8daecccea9dfcca80068c57ba8,
pilot,oregonator_n1e5,oregonator,Oregonator,100000,1.0,threshold_150,prospective,2,150.0,3,0,888,2026-07-12T16:48:17.254779+00:00,0.002006,0.124714,True,False,1.0,0.0,66017,118017,True,False,1,13831,1,0,5.200167466949822e-06,0.999994799832533,2.06e-05,0.11479599999999739,3.9e-06,0.009893500000002622,9e3eb5e1cb2046b3d1ca73110ca0ed206a73ac7122ccd95db98df84b1c5d77fb,da92e8c70ee892b8d83b3d78e10f872ee34213871b45af76e22fc3955a48dd3c,a643f62d82e2a28f903663acade174fee38dbb8daecccea9dfcca80068c57ba8,
pilot,oregonator_n1e5,oregonator,Oregonator,100000,1.0,threshold_250,prospective,2,250.0,3,0,889,2026-07-12T16:48:17.382299+00:00,0.001992,0.1225894,True,False,1.0,0.0,66017,118017,True,False,1,13831,1,0,5.200167466949822e-06,0.999994799832533,1.98e-05,0.11290779999999737,3.7e-06,0.00965810000000264,9e3eb5e1cb2046b3d1ca73110ca0ed206a73ac7122ccd95db98df84b1c5d77fb,da92e8c70ee892b8d83b3d78e10f872ee34213871b45af76e22fc3955a48dd3c,a643f62d82e2a28f903663acade174fee38dbb8daecccea9dfcca80068c57ba8,
pilot,oregonator_n1e5,oregonator,Oregonator,100000,1.0,threshold_200,prospective,2,200.0,3,0,890,2026-07-12T16:48:17.507274+00:00,0.0019333,0.1233271,True,False,1.0,0.0,66017,118017,True,False,1,13831,1,0,5.200167466949822e-06,0.999994799832533,2.01e-05,0.11327709999999687,3.8e-06,0.010026100000003133,9e3eb5e1cb2046b3d1ca73110ca0ed206a73ac7122ccd95db98df84b1c5d77fb,da92e8c70ee892b8d83b3d78e10f872ee34213871b45af76e22fc3955a48dd3c,a643f62d82e2a28f903663acade174fee38dbb8daecccea9dfcca80068c57ba8,
pilot,oregonator_n1e5,oregonator,Oregonator,100000,1.0,wallclock_timing,wallclock,0,,3,0,891,2026-07-12T16:48:17.632337+00:00,0.0022224,0.1246337,True,False,1.0,0.0,66260,118260,True,False,15,13156,11,0,3.285711140086787e-05,0.9999671428885991,0.0002527,0.11535349999999861,9.18e-05,0.008935700000001393,3eaf8bd78e9ed3166ce88ef2f70d56b55f11e2bb4f0345b8d83b550f176a5bc3,96fc4c34881b019ccec6230869c8587eaff34ce69320cbcfdad1d0d460320bcd,a643f62d82e2a28f903663acade174fee38dbb8daecccea9dfcca80068c57ba8,
pilot,oregonator_n1e5,oregonator,Oregonator,100000,1.0,threshold_1500,prospective,2,1500.0,3,0,892,2026-07-12T16:48:17.759857+00:00,0.0023377,0.1237886,True,False,1.0,0.0,66017,118017,True,False,1,13831,1,0,5.200167466949822e-06,0.999994799832533,2.26e-05,0.11399309999999736,5.5e-06,0.009767400000002632,9e3eb5e1cb2046b3d1ca73110ca0ed206a73ac7122ccd95db98df84b1c5d77fb,da92e8c70ee892b8d83b3d78e10f872ee34213871b45af76e22fc3955a48dd3c,a643f62d82e2a28f903663acade174fee38dbb8daecccea9dfcca80068c57ba8,
pilot,oregonator_n1e5,oregonator,Oregonator,100000,1.0,threshold_400,prospective,2,400.0,3,0,893,2026-07-12T16:48:17.886380+00:00,0.0022522,0.1251882,True,False,1.0,0.0,66017,118017,True,False,1,13831,1,0,5.200167466949822e-06,0.999994799832533,1.98e-05,0.11534299999999745,4.3e-06,0.009821100000002553,9e3eb5e1cb2046b3d1ca73110ca0ed206a73ac7122ccd95db98df84b1c5d77fb,da92e8c70ee892b8d83b3d78e10f872ee34213871b45af76e22fc3955a48dd3c,a643f62d82e2a28f903663acade174fee38dbb8daecccea9dfcca80068c57ba8,
pilot,oregonator_n1e5,oregonator,Oregonator,100000,1.0,threshold_300,prospective,2,300.0,3,0,894,2026-07-12T16:48:18.013918+00:00,0.0019473,0.1272768,True,False,1.0,0.0,66017,118017,True,False,1,13831,1,0,5.200167466949822e-06,0.999994799832533,2e-05,0.11729239999999738,3.5e-06,0.009960900000002604,9e3eb5e1cb2046b3d1ca73110ca0ed206a73ac7122ccd95db98df84b1c5d77fb,da92e8c70ee892b8d83b3d78e10f872ee34213871b45af76e22fc3955a48dd3c,a643f62d82e2a28f903663acade174fee38dbb8daecccea9dfcca80068c57ba8,
pilot,oregonator_n1e5,oregonator,Oregonator,100000,1.0,threshold_750,prospective,2,750.0,3,0,895,2026-07-12T16:48:18.142990+00:00,0.0025344,0.1341398,True,False,1.0,0.0,66017,118017,True,False,1,13831,1,0,5.200167466949822e-06,0.999994799832533,2.55e-05,0.12359249999999654,4e-06,0.010517800000003463,9e3eb5e1cb2046b3d1ca73110ca0ed206a73ac7122ccd95db98df84b1c5d77fb,da92e8c70ee892b8d83b3d78e10f872ee34213871b45af76e22fc3955a48dd3c,a643f62d82e2a28f903663acade174fee38dbb8daecccea9dfcca80068c57ba8,
pilot,oregonator_n1e5,oregonator,Oregonator,100000,1.0,forced_batch,prospective,2,0.0,3,0,896,2026-07-12T16:48:18.279952+00:00,0.0019724,4.6442515,True,False,1.0,0.0,66511,118511,False,False,406825,0,0,0,1.0,0.0,4.3372861999963535,0.0,0.0,0.30696530000364675,b30250a10ebf9b6ec9c5915220a1ebcc4aa9004834597b173044a42951c47ef3,420e04b5753fe8e8d1cd2c4d2c2c30d8b17727f36c2f1edb46d725aa7c2691de,a643f62d82e2a28f903663acade174fee38dbb8daecccea9dfcca80068c57ba8,
pilot,dimerization_n1e8,dimerization,Dimerization,100000000,0.5,threshold_150,prospective,2,150.0,2,0,897,2026-07-12T16:48:22.926973+00:00,0.0017647,0.1881594,True,False,0.5,0.0,79431082,129431082,False,False,15588,0,0,0,0.5,0.0,0.18158399999999664,0.0,0.0,0.0065754000000033674,8b284d784cc3fdc0842632027eb193214d093aa4b1c55bdb547ada55eede0f10,8d4fef66ce6b4e4b3cd1e580571135a52536e133d92950296eab80d019797d00,a643f62d82e2a28f903663acade174fee38dbb8daecccea9dfcca80068c57ba8,
pilot,dimerization_n1e8,dimerization,Dimerization,100000000,0.5,threshold_1500,prospective,2,1500.0,2,0,898,2026-07-12T16:48:23.116614+00:00,0.0017698,0.6875153,True,False,0.5,0.0,79436784,129436784,True,False,1,2192,1,0,1.6279004793931407e-05,0.49998372099520605,2.35e-05,0.6857817000000005,3e-06,0.0017070999999996284,65c9a489f411ffb07b998cd70ff8cd0e8377fef79407d6a147a843fc9c3591e5,8000fb66dea954a29d7b752d13bf9020712c0003a98201d30d52eec0fa189bf2,a643f62d82e2a28f903663acade174fee38dbb8daecccea9dfcca80068c57ba8,
pilot,dimerization_n1e8,dimerization,Dimerization,100000000,0.5,threshold_1000,prospective,2,1000.0,2,0,899,2026-07-12T16:48:23.806324+00:00,0.0016577,0.2011308,True,False,0.5,0.0,79431082,129431082,False,False,15588,0,0,0,0.5,0.0,0.19405020000000028,0.0,0.0,0.007080599999999715,8b284d784cc3fdc0842632027eb193214d093aa4b1c55bdb547ada55eede0f10,8d4fef66ce6b4e4b3cd1e580571135a52536e133d92950296eab80d019797d00,a643f62d82e2a28f903663acade174fee38dbb8daecccea9dfcca80068c57ba8,
pilot,dimerization_n1e8,dimerization,Dimerization,100000000,0.5,forced_gillespie_after_initial_batch,prospective,2,1000000000000.0,2,0,900,2026-07-12T16:48:24.009412+00:00,0.0016026,0.5835668,True,False,0.5,0.0,79436784,129436784,True,False,1,2192,1,0,1.6279004793931407e-05,0.49998372099520605,1.47e-05,0.582308800000001,1.9e-06,0.00124139999999906,65c9a489f411ffb07b998cd70ff8cd0e8377fef79407d6a147a843fc9c3591e5,8000fb66dea954a29d7b752d13bf9020712c0003a98201d30d52eec0fa189bf2,a643f62d82e2a28f903663acade174fee38dbb8daecccea9dfcca80068c57ba8,
pilot,dimerization_n1e8,dimerization,Dimerization,100000000,0.5,wallclock_timing,wallclock,0,,2,0,901,2026-07-12T16:48:24.595677+00:00,0.0026049,0.1878179,True,False,0.5,0.0,79430798,129430798,False,False,15556,4,4,0,0.4991282088062931,0.0008717911937068902,0.18039550000000773,0.0016083999999999998,1.92e-05,0.005794799999992273,d72d39293c379509d98959eda9a82dc66eec0325913919f86fc6282dca9e31d2,d8d44ead9ddc58d91af27669efd77fe9676aee7c9178033964819ecaa4dbdd88,a643f62d82e2a28f903663acade174fee38dbb8daecccea9dfcca80068c57ba8,
pilot,dimerization_n1e8,dimerization,Dimerization,100000000,0.5,threshold_20,prospective,2,20.0,2,0,902,2026-07-12T16:48:24.786041+00:00,0.0015259,0.1691281,True,False,0.5,0.0,79431082,129431082,False,False,15588,0,0,0,0.5,0.0,0.16330960000000463,0.0,0.0,0.005818499999995369,8b284d784cc3fdc0842632027eb193214d093aa4b1c55bdb547ada55eede0f10,8d4fef66ce6b4e4b3cd1e580571135a52536e133d92950296eab80d019797d00,a643f62d82e2a28f903663acade174fee38dbb8daecccea9dfcca80068c57ba8,
pilot,dimerization_n1e8,dimerization,Dimerization,100000000,0.5,threshold_400,prospective,2,400.0,2,0,903,2026-07-12T16:48:24.957248+00:00,0.0015875,0.1834799,True,False,0.5,0.0,79431082,129431082,False,False,15588,0,0,0,0.5,0.0,0.17688829999999958,0.0,0.0,0.006591600000000419,8b284d784cc3fdc0842632027eb193214d093aa4b1c55bdb547ada55eede0f10,8d4fef66ce6b4e4b3cd1e580571135a52536e133d92950296eab80d019797d00,a643f62d82e2a28f903663acade174fee38dbb8daecccea9dfcca80068c57ba8,
pilot,dimerization_n1e8,dimerization,Dimerization,100000000,0.5,threshold_300,prospective,2,300.0,2,0,904,2026-07-12T16:48:25.142241+00:00,0.0019147,0.1767133,True,False,0.5,0.0,79431082,129431082,False,False,15588,0,0,0,0.5,0.0,0.1704991000000026,0.0,0.0,0.006214199999997394,8b284d784cc3fdc0842632027eb193214d093aa4b1c55bdb547ada55eede0f10,8d4fef66ce6b4e4b3cd1e580571135a52536e133d92950296eab80d019797d00,a643f62d82e2a28f903663acade174fee38dbb8daecccea9dfcca80068c57ba8,
pilot,dimerization_n1e8,dimerization,Dimerization,100000000,0.5,threshold_50,prospective,2,50.0,2,0,905,2026-07-12T16:48:25.321767+00:00,0.0019606,0.1919613,True,False,0.5,0.0,79431082,129431082,False,False,15588,0,0,0,0.5,0.0,0.18515450000000158,0.0,0.0,0.00680679999999842,8b284d784cc3fdc0842632027eb193214d093aa4b1c55bdb547ada55eede0f10,8d4fef66ce6b4e4b3cd1e580571135a52536e133d92950296eab80d019797d00,a643f62d82e2a28f903663acade174fee38dbb8daecccea9dfcca80068c57ba8,
pilot,dimerization_n1e8,dimerization,Dimerization,100000000,0.5,threshold_500,prospective,2,500.0,2,0,906,2026-07-12T16:48:25.516002+00:00,0.0015238,0.1702108,True,False,0.5,0.0,79431082,129431082,False,False,15588,0,0,0,0.5,0.0,0.16429970000000266,0.0,0.0,0.005911099999997338,8b284d784cc3fdc0842632027eb193214d093aa4b1c55bdb547ada55eede0f10,8d4fef66ce6b4e4b3cd1e580571135a52536e133d92950296eab80d019797d00,a643f62d82e2a28f903663acade174fee38dbb8daecccea9dfcca80068c57ba8,
pilot,dimerization_n1e8,dimerization,Dimerization,100000000,0.5,threshold_250,prospective,2,250.0,2,0,907,2026-07-12T16:48:25.687050+00:00,0.0018492,0.1749354,True,False,0.5,0.0,79431082,129431082,False,False,15588,0,0,0,0.5,0.0,0.16890810000000397,0.0,0.0,0.006027299999996016,8b284d784cc3fdc0842632027eb193214d093aa4b1c55bdb547ada55eede0f10,8d4fef66ce6b4e4b3cd1e580571135a52536e133d92950296eab80d019797d00,a643f62d82e2a28f903663acade174fee38dbb8daecccea9dfcca80068c57ba8,
pilot,dimerization_n1e8,dimerization,Dimerization,100000000,0.5,threshold_750,prospective,2,750.0,2,0,908,2026-07-12T16:48:25.864121+00:00,0.001552,0.169517,True,False,0.5,0.0,79431082,129431082,False,False,15588,0,0,0,0.5,0.0,0.16355050000000376,0.0,0.0,0.005966499999996239,8b284d784cc3fdc0842632027eb193214d093aa4b1c55bdb547ada55eede0f10,8d4fef66ce6b4e4b3cd1e580571135a52536e133d92950296eab80d019797d00,a643f62d82e2a28f903663acade174fee38dbb8daecccea9dfcca80068c57ba8,
pilot,dimerization_n1e8,dimerization,Dimerization,100000000,0.5,threshold_100,prospective,2,100.0,2,0,909,2026-07-12T16:48:26.036195+00:00,0.0015462,0.1749827,True,False,0.5,0.0,79431082,129431082,False,False,15588,0,0,0,0.5,0.0,0.16896140000000504,0.0,0.0,0.006021299999994956,8b284d784cc3fdc0842632027eb193214d093aa4b1c55bdb547ada55eede0f10,8d4fef66ce6b4e4b3cd1e580571135a52536e133d92950296eab80d019797d00,a643f62d82e2a28f903663acade174fee38dbb8daecccea9dfcca80068c57ba8,
pilot,dimerization_n1e8,dimerization,Dimerization,100000000,0.5,threshold_200,prospective,2,200.0,2,0,910,2026-07-12T16:48:26.213237+00:00,0.0015686,0.1925386,True,False,0.5,0.0,79431082,129431082,False,False,15588,0,0,0,0.5,0.0,0.18573700000000332,0.0,0.0,0.006801599999996688,8b284d784cc3fdc0842632027eb193214d093aa4b1c55bdb547ada55eede0f10,8d4fef66ce6b4e4b3cd1e580571135a52536e133d92950296eab80d019797d00,a643f62d82e2a28f903663acade174fee38dbb8daecccea9dfcca80068c57ba8,
pilot,dimerization_n1e8,dimerization,Dimerization,100000000,0.5,threshold_2000,prospective,2,2000.0,2,0,911,2026-07-12T16:48:26.407280+00:00,0.0015828,0.6805257,True,False,0.5,0.0,79436784,129436784,True,False,1,2192,1,0,1.6279004793931407e-05,0.49998372099520605,1.87e-05,0.6788889000000013,2.5e-06,0.001615599999998607,65c9a489f411ffb07b998cd70ff8cd0e8377fef79407d6a147a843fc9c3591e5,8000fb66dea954a29d7b752d13bf9020712c0003a98201d30d52eec0fa189bf2,a643f62d82e2a28f903663acade174fee38dbb8daecccea9dfcca80068c57ba8,
pilot,dimerization_n1e8,dimerization,Dimerization,100000000,0.5,forced_batch,prospective,2,0.0,2,0,912,2026-07-12T16:48:27.089658+00:00,0.0014972,0.171792,True,False,0.5,0.0,79431082,129431082,False,False,15588,0,0,0,0.5,0.0,0.1657195000000029,0.0,0.0,0.006072499999997094,8b284d784cc3fdc0842632027eb193214d093aa4b1c55bdb547ada55eede0f10,8d4fef66ce6b4e4b3cd1e580571135a52536e133d92950296eab80d019797d00,a643f62d82e2a28f903663acade174fee38dbb8daecccea9dfcca80068c57ba8,
pilot,shrinking_n2e6,shrinking,Shrinking,2000000,0.1,threshold_200,prospective,2,200.0,3,0,913,2026-07-12T16:48:27.262698+00:00,0.001688,0.034562,True,False,0.1,0.0,68,364664,True,False,4230,813,1,25,0.02458279856968995,0.07541720143031005,0.02795020000000011,0.004094099999999993,2.6e-06,0.002515099999999902,5e105b34adc40b9db2eaedefa521fe2f52cdcadba36062dc6a091b48b94a54bc,518e6d91821562e668158379ff1b64213d0eaf4107023a75abef29acf8888be3,a643f62d82e2a28f903663acade174fee38dbb8daecccea9dfcca80068c57ba8,
pilot,shrinking_n2e6,shrinking,Shrinking,2000000,0.1,threshold_100,prospective,2,100.0,3,0,914,2026-07-12T16:48:27.299699+00:00,0.0018768,0.0439019,True,False,0.1,0.0,93,86301,True,False,5093,398,1,40,0.03851279708487379,0.061487202915126216,0.03957749999999959,0.0010232000000000008,2.2e-06,0.0032990000000004058,66c5fbca26724318d1ba1da7dbe8c0106c8d0502ce53e2bf79fbb0c81c78cbfd,e6c09e83bca4a74efcb0a309b130cf937efc973dfbdc2c9cd3317200d292f12c,a643f62d82e2a28f903663acade174fee38dbb8daecccea9dfcca80068c57ba8,
pilot,shrinking_n2e6,shrinking,Shrinking,2000000,0.1,threshold_250,prospective,2,250.0,3,0,915,2026-07-12T16:48:27.345523+00:00,0.0016031,0.0318268,True,False,0.1,0.0,86,589770,True,False,3803,1022,1,20,0.02012071237575004,0.07987928762424996,0.024153300000000044,0.005390799999999991,2.4e-06,0.0022802999999999678,13b634037fa0d997aab7686cfa2bedddab89d7c35e0789d084f442a477d8e312,2f60597865d399c45e204b01fe585471c1ae0dd16296746dc444089288272221,a643f62d82e2a28f903663acade174fee38dbb8daecccea9dfcca80068c57ba8,
pilot,shrinking_n2e6,shrinking,Shrinking,2000000,0.1,threshold_50,prospective,2,50.0,3,0,916,2026-07-12T16:48:27.379518+00:00,0.0015153,0.0412386,True,False,0.1,0.0,87,22013,True,False,5521,193,1,54,0.05238682316460849,0.04761317683539151,0.03774229999999997,0.00040340000000000026,2.4e-06,0.0030905000000000307,e34f0d7eb8512598d96b55568e9fbf7dd32caee7e06a83ab728d52a74cca9dbb,4b43f6536a040edb73948b03e4bd6aa2f9a47e24982aa6dda01726c6ee15a6ca,a643f62d82e2a28f903663acade174fee38dbb8daecccea9dfcca80068c57ba8,
pilot,shrinking_n2e6,shrinking,Shrinking,2000000,0.1,threshold_500,prospective,2,500.0,3,0,917,2026-07-12T16:48:27.422528+00:00,0.0017923,0.0354543,True,False,0.1,0.0,102,2254786,True,False,1626,2060,1,6,0.006231290660517098,0.0937687093394829,0.012999999999999986,0.02049420000000004,2.5e-06,0.001957599999999976,bceed106fd760ce8043411bad603318fd21bafef48e5c176b0b9147b2fcc5efa,536cb042414f5ee1030428f3b777383517a501b68e217f31fe46f680f329c8b3,a643f62d82e2a28f903663acade174fee38dbb8daecccea9dfcca80068c57ba8,
pilot,shrinking_n2e6,shrinking,Shrinking,2000000,0.1,forced_gillespie_after_initial_batch,prospective,2,1000000000000.0,3,0,918,2026-07-12T16:48:27.460037+00:00,0.0016236,0.0397402,True,False,0.1,0.0,93,4000093,True,False,1,2819,1,0,6.717883337107446e-06,0.0999932821166629,1.39e-05,0.03836649999999992,2e-06,0.0013578000000000826,e6a3828255e2523ad48beb83218d5ecdc9a9ad5cc1a90a7b4aee1a76e1ccba89,29188d6db9e56c77aa02028033951a75ab7d832ee8234b2228a6ffcdff357ad3,a643f62d82e2a28f903663acade174fee38dbb8daecccea9dfcca80068c57ba8,
pilot,shrinking_n2e6,shrinking,Shrinking,2000000,0.1,threshold_400,prospective,2,400.0,3,0,919,2026-07-12T16:48:27.502036+00:00,0.0016569,0.0317567,True,False,0.1,0.0,94,1398174,True,False,2496,1645,1,11,0.010698048582507011,0.089301951417493,0.016408800000000178,0.013350499999999967,2e-06,0.0019953999999998556,ff4107b63cc13c5242ee979594e9ceda6b3bc6ed7b43ffece2a5531a899d5ba2,3dbf847d59e9d3175d8b84db9512c962763aae9c11c8ab8d0f9e1d2a90783310,a643f62d82e2a28f903663acade174fee38dbb8daecccea9dfcca80068c57ba8,
pilot,shrinking_n2e6,shrinking,Shrinking,2000000,0.1,forced_batch,prospective,2,0.0,3,0,920,2026-07-12T16:48:27.535045+00:00,0.0015147,0.0394282,True,False,0.1,0.0,92,280,False,False,5893,0,0,98,0.1,0.0,0.03668900000000002,0.0,0.0,0.0027391999999999764,acfc996503c85086076c20bae111494f5277afbd8dc37870c37fb23665e9d575,92c0352c2dc3b5c15454a83875007468666824f7388cfefb17bc88b6568fd6da,a643f62d82e2a28f903663acade174fee38dbb8daecccea9dfcca80068c57ba8,
pilot,shrinking_n2e6,shrinking,Shrinking,2000000,0.1,wallclock_timing,wallclock,0,,3,0,921,2026-07-12T16:48:27.576563+00:00,0.0016226,0.041618,True,False,0.1,0.0,97,291,False,False,5834,2,2,98,0.0999852603018466,1.47396981533994e-05,0.03887150000000017,4.93e-05,1.06e-05,0.002686599999999831,dd4b2152adb7e31d587a81282f20824116898875f08dc09f0db396ac8536e17c,932dee0d9241e7730627e847397d65644d810ae3a8327347db7eeb2e0a5777d2,a643f62d82e2a28f903663acade174fee38dbb8daecccea9dfcca80068c57ba8,
pilot,shrinking_n2e6,shrinking,Shrinking,2000000,0.1,threshold_2000,prospective,2,2000.0,3,0,922,2026-07-12T16:48:27.619563+00:00,0.0017495,0.0471927,True,False,0.1,0.0,93,4000093,True,False,1,2819,1,0,6.717883337107446e-06,0.0999932821166629,1.4e-05,0.045647599999999774,2e-06,0.0015291000000002206,e6a3828255e2523ad48beb83218d5ecdc9a9ad5cc1a90a7b4aee1a76e1ccba89,29188d6db9e56c77aa02028033951a75ab7d832ee8234b2228a6ffcdff357ad3,a643f62d82e2a28f903663acade174fee38dbb8daecccea9dfcca80068c57ba8,
pilot,shrinking_n2e6,shrinking,Shrinking,2000000,0.1,threshold_1500,prospective,2,1500.0,3,0,923,2026-07-12T16:48:27.669274+00:00,0.0016457,0.0391397,True,False,0.1,0.0,93,4000093,True,False,1,2819,1,0,6.717883337107446e-06,0.0999932821166629,2.21e-05,0.037781999999999975,2.5e-06,0.0013331000000000245,e6a3828255e2523ad48beb83218d5ecdc9a9ad5cc1a90a7b4aee1a76e1ccba89,29188d6db9e56c77aa02028033951a75ab7d832ee8234b2228a6ffcdff357ad3,a643f62d82e2a28f903663acade174fee38dbb8daecccea9dfcca80068c57ba8,
pilot,shrinking_n2e6,shrinking,Shrinking,2000000,0.1,threshold_1000,prospective,2,1000.0,3,0,924,2026-07-12T16:48:27.710280+00:00,0.0015041,0.039338,True,False,0.1,0.0,93,4000093,True,False,1,2819,1,0,6.717883337107446e-06,0.0999932821166629,1.31e-05,0.038026300000000055,2e-06,0.0012965999999999395,e6a3828255e2523ad48beb83218d5ecdc9a9ad5cc1a90a7b4aee1a76e1ccba89,29188d6db9e56c77aa02028033951a75ab7d832ee8234b2228a6ffcdff357ad3,a643f62d82e2a28f903663acade174fee38dbb8daecccea9dfcca80068c57ba8,
pilot,shrinking_n2e6,shrinking,Shrinking,2000000,0.1,threshold_300,prospective,2,300.0,3,0,925,2026-07-12T16:48:27.750890+00:00,0.0014678,0.0366034,True,False,0.1,0.0,88,786218,True,False,3365,1232,1,17,0.01647418788604467,0.08352581211395534,0.02632949999999983,0.0075853999999999965,2.2e-06,0.002686300000000176,e6da4ad3a2c9dfdb5d6bddda5916be403f5eeeb3882a0b39284b7ef2df5b43f9,b1e052d4672bc00f04bb3666a6f357e782bd43ca13c42b88e83bd9db725e1bfd,a643f62d82e2a28f903663acade174fee38dbb8daecccea9dfcca80068c57ba8,
pilot,shrinking_n2e6,shrinking,Shrinking,2000000,0.1,threshold_750,prospective,2,750.0,3,0,926,2026-07-12T16:48:27.789671+00:00,0.0017266,0.0404298,True,False,0.1,0.0,93,4000093,True,False,1,2819,1,0,6.717883337107446e-06,0.0999932821166629,1.32e-05,0.039096099999999835,1.6e-06,0.0013189000000001713,e6a3828255e2523ad48beb83218d5ecdc9a9ad5cc1a90a7b4aee1a76e1ccba89,29188d6db9e56c77aa02028033951a75ab7d832ee8234b2228a6ffcdff357ad3,a643f62d82e2a28f903663acade174fee38dbb8daecccea9dfcca80068c57ba8,
pilot,shrinking_n2e6,shrinking,Shrinking,2000000,0.1,threshold_150,prospective,2,150.0,3,0,927,2026-07-12T16:48:27.831677+00:00,0.001526,0.038097,True,False,0.1,0.0,78,204868,True,False,4660,609,1,31,0.03035492607689844,0.06964507392310157,0.033182500000000024,0.0020428999999999977,2.5e-06,0.0028690999999999717,7671d1246e9a6cd35f49acca774c7384a07bd78a7409c77e008b3802ea6f82e7,e79617f16b74eeb6f96597b043c139351f9dccd33ed15b5538dada8e25348a9f,a643f62d82e2a28f903663acade174fee38dbb8daecccea9dfcca80068c57ba8,
pilot,shrinking_n2e6,shrinking,Shrinking,2000000,0.1,threshold_20,prospective,2,20.0,3,0,928,2026-07-12T16:48:27.872191+00:00,0.0018444,0.0399998,True,False,0.1,0.0,82,3684,True,False,5764,66,1,72,0.07048062669332306,0.02951937330667695,0.03704870000000007,9.500000000000005e-05,3e-06,0.002853099999999928,4792bae27e168bb89aa3fb1ef42f2125bc0b5168e465d4e7b951d003b4a4fd08,8e91c356f0588d06502698a365bfc4eb8b1ff3788027035c44c86b867c573af2,a643f62d82e2a28f903663acade174fee38dbb8daecccea9dfcca80068c57ba8,
pilot,lotka_volterra_n10000000,lotka_volterra,Lotka-Volterra,10000000,1.0,threshold_250,prospective,2,250.0,2,1,929,2026-07-12T16:48:27.914191+00:00,0.0018219,0.0980798,True,False,1.0,0.0,12593649,22593649,False,False,9258,0,0,0,1.0,0.0,0.09360400000000019,0.0,0.0,0.004475799999999808,d3cb5a9fed96ec0985ef06b11e78f97792a79cce5ef99d7d779ce90a76e9000b,1ec21a07f59d470e07a704c1526484c289f46465fce9a0133b62d382c74fc074,a643f62d82e2a28f903663acade174fee38dbb8daecccea9dfcca80068c57ba8,
pilot,lotka_volterra_n10000000,lotka_volterra,Lotka-Volterra,10000000,1.0,threshold_200,prospective,2,200.0,2,1,930,2026-07-12T16:48:28.013713+00:00,0.0019381,0.1102745,True,False,1.0,0.0,12593649,22593649,False,False,9258,0,0,0,1.0,0.0,0.10502409999999925,0.0,0.0,0.005250400000000752,d3cb5a9fed96ec0985ef06b11e78f97792a79cce5ef99d7d779ce90a76e9000b,1ec21a07f59d470e07a704c1526484c289f46465fce9a0133b62d382c74fc074,a643f62d82e2a28f903663acade174fee38dbb8daecccea9dfcca80068c57ba8,
pilot,lotka_volterra_n10000000,lotka_volterra,Lotka-Volterra,10000000,1.0,threshold_1000,prospective,2,1000.0,2,1,931,2026-07-12T16:48:28.126229+00:00,0.0017377,0.119559,True,False,1.0,0.0,12593649,22593649,False,False,9258,0,0,0,1.0,0.0,0.11389850000000049,0.0,0.0,0.005660499999999513,d3cb5a9fed96ec0985ef06b11e78f97792a79cce5ef99d7d779ce90a76e9000b,1ec21a07f59d470e07a704c1526484c289f46465fce9a0133b62d382c74fc074,a643f62d82e2a28f903663acade174fee38dbb8daecccea9dfcca80068c57ba8,
pilot,lotka_volterra_n10000000,lotka_volterra,Lotka-Volterra,10000000,1.0,threshold_300,prospective,2,300.0,2,1,932,2026-07-12T16:48:28.247920+00:00,0.0019509,0.1150431,True,False,1.0,0.0,12593649,22593649,False,False,9258,0,0,0,1.0,0.0,0.10969359999999992,0.0,0.0,0.005349500000000076,d3cb5a9fed96ec0985ef06b11e78f97792a79cce5ef99d7d779ce90a76e9000b,1ec21a07f59d470e07a704c1526484c289f46465fce9a0133b62d382c74fc074,a643f62d82e2a28f903663acade174fee38dbb8daecccea9dfcca80068c57ba8,
pilot,lotka_volterra_n10000000,lotka_volterra,Lotka-Volterra,10000000,1.0,threshold_50,prospective,2,50.0,2,1,933,2026-07-12T16:48:28.365993+00:00,0.0019183,0.1083555,True,False,1.0,0.0,12593649,22593649,False,False,9258,0,0,0,1.0,0.0,0.10333620000000132,0.0,0.0,0.005019299999998672,d3cb5a9fed96ec0985ef06b11e78f97792a79cce5ef99d7d779ce90a76e9000b,1ec21a07f59d470e07a704c1526484c289f46465fce9a0133b62d382c74fc074,a643f62d82e2a28f903663acade174fee38dbb8daecccea9dfcca80068c57ba8,
pilot,lotka_volterra_n10000000,lotka_volterra,Lotka-Volterra,10000000,1.0,threshold_750,prospective,2,750.0,2,1,934,2026-07-12T16:48:28.476432+00:00,0.001758,0.0977397,True,False,1.0,0.0,12593649,22593649,False,False,9258,0,0,0,1.0,0.0,0.09321530000000018,0.0,0.0,0.0045243999999998175,d3cb5a9fed96ec0985ef06b11e78f97792a79cce5ef99d7d779ce90a76e9000b,1ec21a07f59d470e07a704c1526484c289f46465fce9a0133b62d382c74fc074,a643f62d82e2a28f903663acade174fee38dbb8daecccea9dfcca80068c57ba8,
pilot,lotka_volterra_n10000000,lotka_volterra,Lotka-Volterra,10000000,1.0,threshold_400,prospective,2,400.0,2,1,935,2026-07-12T16:48:28.575974+00:00,0.0018078,0.1136606,True,False,1.0,0.0,12593649,22593649,False,False,9258,0,0,0,1.0,0.0,0.10827140000000028,0.0,0.0,0.005389199999999719,d3cb5a9fed96ec0985ef06b11e78f97792a79cce5ef99d7d779ce90a76e9000b,1ec21a07f59d470e07a704c1526484c289f46465fce9a0133b62d382c74fc074,a643f62d82e2a28f903663acade174fee38dbb8daecccea9dfcca80068c57ba8,
pilot,lotka_volterra_n10000000,lotka_volterra,Lotka-Volterra,10000000,1.0,forced_gillespie_after_initial_batch,prospective,2,1000000000000.0,2,1,936,2026-07-12T16:48:28.691539+00:00,0.0017856,0.3092357,True,False,1.0,0.0,12598135,22598135,True,False,1,4121,1,0,6.694674742083791e-05,0.9999330532525791,1.71e-05,0.30638629999999933,2.3e-06,0.0028300000000006653,b9ed9f38b31e8c8c9a1e5b9da6890de0c0d825baf5be7bc857105bff5d4170df,805babbcfbea23407075baaa751e9c8b266a77ccc8546bb7fdbdb3bda3e04917,a643f62d82e2a28f903663acade174fee38dbb8daecccea9dfcca80068c57ba8,
pilot,lotka_volterra_n10000000,lotka_volterra,Lotka-Volterra,10000000,1.0,threshold_100,prospective,2,100.0,2,1,937,2026-07-12T16:48:29.002885+00:00,0.0019798,0.1225191,True,False,1.0,0.0,12593649,22593649,False,False,9258,0,0,0,1.0,0.0,0.1166985000000008,0.0,0.0,0.005820599999999204,d3cb5a9fed96ec0985ef06b11e78f97792a79cce5ef99d7d779ce90a76e9000b,1ec21a07f59d470e07a704c1526484c289f46465fce9a0133b62d382c74fc074,a643f62d82e2a28f903663acade174fee38dbb8daecccea9dfcca80068c57ba8,
pilot,lotka_volterra_n10000000,lotka_volterra,Lotka-Volterra,10000000,1.0,threshold_1500,prospective,2,1500.0,2,1,938,2026-07-12T16:48:29.127547+00:00,0.0016228,0.2439768,True,False,1.0,0.0,12596201,22596201,False,False,648,3834,2,0,0.06472098856883349,0.9352790114311664,0.006459599999999986,0.23520729999999956,1.54e-05,0.002294500000000449,1dc7cd6a27dc88ce71e9cd7ecf9274c3341c3af4f77063706bab3d9be37359db,e0c945a6e1fd643778781f566ff2c3da69e24ca1b338a9a05735869191d85dc8,a643f62d82e2a28f903663acade174fee38dbb8daecccea9dfcca80068c57ba8,
pilot,lotka_volterra_n10000000,lotka_volterra,Lotka-Volterra,10000000,1.0,forced_batch,prospective,2,0.0,2,1,939,2026-07-12T16:48:29.374145+00:00,0.0016453,0.1075633,True,False,1.0,0.0,12593649,22593649,False,False,9258,0,0,0,1.0,0.0,0.10249859999999872,0.0,0.0,0.005064700000001282,d3cb5a9fed96ec0985ef06b11e78f97792a79cce5ef99d7d779ce90a76e9000b,1ec21a07f59d470e07a704c1526484c289f46465fce9a0133b62d382c74fc074,a643f62d82e2a28f903663acade174fee38dbb8daecccea9dfcca80068c57ba8,
pilot,lotka_volterra_n10000000,lotka_volterra,Lotka-Volterra,10000000,1.0,threshold_500,prospective,2,500.0,2,1,940,2026-07-12T16:48:29.482699+00:00,0.0017802,0.106438,True,False,1.0,0.0,12593649,22593649,False,False,9258,0,0,0,1.0,0.0,0.10151080000000165,0.0,0.0,0.004927199999998355,d3cb5a9fed96ec0985ef06b11e78f97792a79cce5ef99d7d779ce90a76e9000b,1ec21a07f59d470e07a704c1526484c289f46465fce9a0133b62d382c74fc074,a643f62d82e2a28f903663acade174fee38dbb8daecccea9dfcca80068c57ba8,
pilot,lotka_volterra_n10000000,lotka_volterra,Lotka-Volterra,10000000,1.0,threshold_150,prospective,2,150.0,2,1,941,2026-07-12T16:48:29.591582+00:00,0.0023487,0.1004232,True,False,1.0,0.0,12593649,22593649,False,False,9258,0,0,0,1.0,0.0,0.09584560000000021,0.0,0.0,0.004577599999999793,d3cb5a9fed96ec0985ef06b11e78f97792a79cce5ef99d7d779ce90a76e9000b,1ec21a07f59d470e07a704c1526484c289f46465fce9a0133b62d382c74fc074,a643f62d82e2a28f903663acade174fee38dbb8daecccea9dfcca80068c57ba8,
pilot,lotka_volterra_n10000000,lotka_volterra,Lotka-Volterra,10000000,1.0,threshold_20,prospective,2,20.0,2,1,942,2026-07-12T16:48:29.695105+00:00,0.00163,0.1139028,True,False,1.0,0.0,12593649,22593649,False,False,9258,0,0,0,1.0,0.0,0.1086433000000003,0.0,0.0,0.005259499999999695,d3cb5a9fed96ec0985ef06b11e78f97792a79cce5ef99d7d779ce90a76e9000b,1ec21a07f59d470e07a704c1526484c289f46465fce9a0133b62d382c74fc074,a643f62d82e2a28f903663acade174fee38dbb8daecccea9dfcca80068c57ba8,
pilot,lotka_volterra_n10000000,lotka_volterra,Lotka-Volterra,10000000,1.0,threshold_2000,prospective,2,2000.0,2,1,943,2026-07-12T16:48:29.811121+00:00,0.0018571,0.2527206,True,False,1.0,0.0,12598135,22598135,True,False,1,4121,1,0,6.694674742083791e-05,0.9999330532525791,5.02e-05,0.25050949999999983,2.9e-06,0.0021580000000002153,b9ed9f38b31e8c8c9a1e5b9da6890de0c0d825baf5be7bc857105bff5d4170df,805babbcfbea23407075baaa751e9c8b266a77ccc8546bb7fdbdb3bda3e04917,a643f62d82e2a28f903663acade174fee38dbb8daecccea9dfcca80068c57ba8,
pilot,lotka_volterra_n10000000,lotka_volterra,Lotka-Volterra,10000000,1.0,wallclock_timing,wallclock,0,,2,1,944,2026-07-12T16:48:30.065854+00:00,0.0018803,0.0968091,True,False,1.0,0.0,12595260,22595260,False,False,9244,4,4,0,0.9990382050275403,0.0009617949724597223,0.09246290000000003,0.0003389,2.41e-05,0.0039831999999999645,584dc52bba2f000b7c7e2179a0d4bd80ed17186ba47454a8a18d6042cbd1a58c,c137114d8881945d60eab8898da1b843460b5db98f155fbe32d2d6181209b817,a643f62d82e2a28f903663acade174fee38dbb8daecccea9dfcca80068c57ba8,
pilot,lotka_volterra_n1000000,lotka_volterra,Lotka-Volterra,1000000,1.0,threshold_100,prospective,2,100.0,1,0,945,2026-07-12T16:48:30.164376+00:00,0.0015926,0.0292031,True,False,1.0,0.0,1259625,2259625,False,False,2939,0,0,0,1.0,0.0,0.027807299999999945,0.0,0.0,0.0013958000000000546,53fff45a692a0e94aef19fe82a0a6a3e459536a8bf959b9af90c63491007e176,c6058f1cdbfb4b1f9b846d9274463cbbe8d230eca5251212ef604aca813077ea,a643f62d82e2a28f903663acade174fee38dbb8daecccea9dfcca80068c57ba8,
pilot,lotka_volterra_n1000000,lotka_volterra,Lotka-Volterra,1000000,1.0,forced_gillespie_after_initial_batch,prospective,2,1000000000000.0,1,0,946,2026-07-12T16:48:30.195375+00:00,0.0014477,0.0255441,True,False,1.0,0.0,1257960,2257960,True,False,1,1303,1,0,0.0001935550018122782,0.9998064449981877,1.57e-05,0.024920400000000002,1.8e-06,0.0006061999999999977,700a67bc21214502aea6f51e701b82a81bd5e4952325899a3c140d1b1c5d2fe9,d01a38f216c6c245198747ecc44602bff85e41ab2a664a270d3724f40e40bfef,a643f62d82e2a28f903663acade174fee38dbb8daecccea9dfcca80068c57ba8,
pilot,lotka_volterra_n1000000,lotka_volterra,Lotka-Volterra,1000000,1.0,threshold_20,prospective,2,20.0,1,0,947,2026-07-12T16:48:30.222375+00:00,0.0013471,0.0296706,True,False,1.0,0.0,1259625,2259625,False,False,2939,0,0,0,1.0,0.0,0.028251199999999983,0.0,0.0,0.001419400000000015,53fff45a692a0e94aef19fe82a0a6a3e459536a8bf959b9af90c63491007e176,c6058f1cdbfb4b1f9b846d9274463cbbe8d230eca5251212ef604aca813077ea,a643f62d82e2a28f903663acade174fee38dbb8daecccea9dfcca80068c57ba8,
pilot,lotka_volterra_n1000000,lotka_volterra,Lotka-Volterra,1000000,1.0,threshold_150,prospective,2,150.0,1,0,948,2026-07-12T16:48:30.254444+00:00,0.0016251,0.030213,True,False,1.0,0.0,1259625,2259625,False,False,2939,0,0,0,1.0,0.0,0.028773000000000035,0.0,0.0,0.0014399999999999656,53fff45a692a0e94aef19fe82a0a6a3e459536a8bf959b9af90c63491007e176,c6058f1cdbfb4b1f9b846d9274463cbbe8d230eca5251212ef604aca813077ea,a643f62d82e2a28f903663acade174fee38dbb8daecccea9dfcca80068c57ba8,
pilot,lotka_volterra_n1000000,lotka_volterra,Lotka-Volterra,1000000,1.0,threshold_1500,prospective,2,1500.0,1,0,949,2026-07-12T16:48:30.286442+00:00,0.0015578,0.0267997,True,False,1.0,0.0,1257960,2257960,True,False,1,1303,1,0,0.0001935550018122782,0.9998064449981877,1.43e-05,0.026122200000000047,2.2e-06,0.0006609999999999533,700a67bc21214502aea6f51e701b82a81bd5e4952325899a3c140d1b1c5d2fe9,d01a38f216c6c245198747ecc44602bff85e41ab2a664a270d3724f40e40bfef,a643f62d82e2a28f903663acade174fee38dbb8daecccea9dfcca80068c57ba8,
pilot,lotka_volterra_n1000000,lotka_volterra,Lotka-Volterra,1000000,1.0,threshold_500,prospective,2,500.0,1,0,950,2026-07-12T16:48:30.314445+00:00,0.0016537,0.0258342,True,False,1.0,0.0,1257960,2257960,True,False,1,1303,1,0,0.0001935550018122782,0.9998064449981877,1.73e-05,0.025203900000000036,1.9e-06,0.0006110999999999651,700a67bc21214502aea6f51e701b82a81bd5e4952325899a3c140d1b1c5d2fe9,d01a38f216c6c245198747ecc44602bff85e41ab2a664a270d3724f40e40bfef,a643f62d82e2a28f903663acade174fee38dbb8daecccea9dfcca80068c57ba8,
pilot,lotka_volterra_n1000000,lotka_volterra,Lotka-Volterra,1000000,1.0,threshold_300,prospective,2,300.0,1,0,951,2026-07-12T16:48:30.341965+00:00,0.0013552,0.0299335,True,False,1.0,0.0,1259625,2259625,False,False,2939,0,0,0,1.0,0.0,0.028497399999999947,0.0,0.0,0.0014361000000000512,53fff45a692a0e94aef19fe82a0a6a3e459536a8bf959b9af90c63491007e176,c6058f1cdbfb4b1f9b846d9274463cbbe8d230eca5251212ef604aca813077ea,a643f62d82e2a28f903663acade174fee38dbb8daecccea9dfcca80068c57ba8,
pilot,lotka_volterra_n1000000,lotka_volterra,Lotka-Volterra,1000000,1.0,forced_batch,prospective,2,0.0,1,0,952,2026-07-12T16:48:30.373964+00:00,0.0013762,0.0295288,True,False,1.0,0.0,1259625,2259625,False,False,2939,0,0,0,1.0,0.0,0.028084699999999973,0.0,0.0,0.001444100000000028,53fff45a692a0e94aef19fe82a0a6a3e459536a8bf959b9af90c63491007e176,c6058f1cdbfb4b1f9b846d9274463cbbe8d230eca5251212ef604aca813077ea,a643f62d82e2a28f903663acade174fee38dbb8daecccea9dfcca80068c57ba8,
pilot,lotka_volterra_n1000000,lotka_volterra,Lotka-Volterra,1000000,1.0,threshold_250,prospective,2,250.0,1,0,953,2026-07-12T16:48:30.404963+00:00,0.0016322,0.0296927,True,False,1.0,0.0,1259625,2259625,False,False,2939,0,0,0,1.0,0.0,0.028267100000000003,0.0,0.0,0.0014255999999999956,53fff45a692a0e94aef19fe82a0a6a3e459536a8bf959b9af90c63491007e176,c6058f1cdbfb4b1f9b846d9274463cbbe8d230eca5251212ef604aca813077ea,a643f62d82e2a28f903663acade174fee38dbb8daecccea9dfcca80068c57ba8,
pilot,lotka_volterra_n1000000,lotka_volterra,Lotka-Volterra,1000000,1.0,threshold_200,prospective,2,200.0,1,0,954,2026-07-12T16:48:30.435970+00:00,0.0014418,0.0294467,True,False,1.0,0.0,1259625,2259625,False,False,2939,0,0,0,1.0,0.0,0.028002899999999994,0.0,0.0,0.0014438000000000055,53fff45a692a0e94aef19fe82a0a6a3e459536a8bf959b9af90c63491007e176,c6058f1cdbfb4b1f9b846d9274463cbbe8d230eca5251212ef604aca813077ea,a643f62d82e2a28f903663acade174fee38dbb8daecccea9dfcca80068c57ba8,
pilot,lotka_volterra_n1000000,lotka_volterra,Lotka-Volterra,1000000,1.0,wallclock_timing,wallclock,0,,1,0,955,2026-07-12T16:48:30.467490+00:00,0.001545,0.0295681,True,False,1.0,0.0,1258823,2258823,False,False,2945,2,2,0,0.9984028005492792,0.0015971994507207876,0.028245299999999918,3.9899999999999994e-05,8.9e-06,0.001274000000000084,32bfdeaf35183ec9dd13f352edb4e043cb24a3521e224577bdfddd57f9398fd6,3e55305ec4b2c6482892483c4736eac059395da25372aff18a12b6ee25813986,a643f62d82e2a28f903663acade174fee38dbb8daecccea9dfcca80068c57ba8,
pilot,lotka_volterra_n1000000,lotka_volterra,Lotka-Volterra,1000000,1.0,threshold_400,prospective,2,400.0,1,0,956,2026-07-12T16:48:30.498491+00:00,0.0014616,0.0295361,True,False,1.0,0.0,1259625,2259625,False,False,2939,0,0,0,1.0,0.0,0.028115899999999912,0.0,0.0,0.0014202000000000867,53fff45a692a0e94aef19fe82a0a6a3e459536a8bf959b9af90c63491007e176,c6058f1cdbfb4b1f9b846d9274463cbbe8d230eca5251212ef604aca813077ea,a643f62d82e2a28f903663acade174fee38dbb8daecccea9dfcca80068c57ba8,
pilot,lotka_volterra_n1000000,lotka_volterra,Lotka-Volterra,1000000,1.0,threshold_1000,prospective,2,1000.0,1,0,957,2026-07-12T16:48:30.530499+00:00,0.0015289,0.0254574,True,False,1.0,0.0,1257960,2257960,True,False,1,1303,1,0,0.0001935550018122782,0.9998064449981877,1.4e-05,0.024841600000000033,2e-06,0.0005997999999999698,700a67bc21214502aea6f51e701b82a81bd5e4952325899a3c140d1b1c5d2fe9,d01a38f216c6c245198747ecc44602bff85e41ab2a664a270d3724f40e40bfef,a643f62d82e2a28f903663acade174fee38dbb8daecccea9dfcca80068c57ba8,
pilot,lotka_volterra_n1000000,lotka_volterra,Lotka-Volterra,1000000,1.0,threshold_50,prospective,2,50.0,1,0,958,2026-07-12T16:48:30.557028+00:00,0.0015945,0.0293702,True,False,1.0,0.0,1259625,2259625,False,False,2939,0,0,0,1.0,0.0,0.027992199999999984,0.0,0.0,0.0013780000000000146,53fff45a692a0e94aef19fe82a0a6a3e459536a8bf959b9af90c63491007e176,c6058f1cdbfb4b1f9b846d9274463cbbe8d230eca5251212ef604aca813077ea,a643f62d82e2a28f903663acade174fee38dbb8daecccea9dfcca80068c57ba8,
pilot,lotka_volterra_n1000000,lotka_volterra,Lotka-Volterra,1000000,1.0,threshold_750,prospective,2,750.0,1,0,959,2026-07-12T16:48:30.588028+00:00,0.0017625,0.0262437,True,False,1.0,0.0,1257960,2257960,True,False,1,1303,1,0,0.0001935550018122782,0.9998064449981877,1.81e-05,0.025567400000000025,2.8e-06,0.0006553999999999727,700a67bc21214502aea6f51e701b82a81bd5e4952325899a3c140d1b1c5d2fe9,d01a38f216c6c245198747ecc44602bff85e41ab2a664a270d3724f40e40bfef,a643f62d82e2a28f903663acade174fee38dbb8daecccea9dfcca80068c57ba8,
pilot,lotka_volterra_n1000000,lotka_volterra,Lotka-Volterra,1000000,1.0,threshold_2000,prospective,2,2000.0,1,0,960,2026-07-12T16:48:30.617027+00:00,0.0015663,0.025771,True,False,1.0,0.0,1257960,2257960,True,False,1,1303,1,0,0.0001935550018122782,0.9998064449981877,1.63e-05,0.02511840000000002,1.8e-06,0.0006344999999999788,700a67bc21214502aea6f51e701b82a81bd5e4952325899a3c140d1b1c5d2fe9,d01a38f216c6c245198747ecc44602bff85e41ab2a664a270d3724f40e40bfef,a643f62d82e2a28f903663acade174fee38dbb8daecccea9dfcca80068c57ba8,
final,lotka_volterra_n10000000,lotka_volterra,Lotka-Volterra,10000000,1.0,forced_gillespie_after_initial_batch,prospective,2,1000000000000.0,101,0,961,2026-07-12T16:49:50.479073+00:00,0.0010857,0.2258673,True,False,1.0,0.0,12597236,22597236,True,False,1,4121,1,0,7.37699129418495e-05,0.9999262300870582,2.92e-05,0.2178207000000007,4.8e-06,0.008012599999999287,792a806ae6c81e61d936d99e7d8798a1738c2bf1718f8f94640ecf00b47b2c22,8a098dd5bce698b0eac52c7d187b9de1ea1f537f606a081eb797cb8975836784,a643f62d82e2a28f903663acade174fee38dbb8daecccea9dfcca80068c57ba8,
final,lotka_volterra_n10000000,lotka_volterra,Lotka-Volterra,10000000,1.0,forced_batch,prospective,2,0.0,101,0,962,2026-07-12T16:49:50.706523+00:00,0.0012577,0.0893877,True,False,1.0,0.0,12600980,22600980,False,False,9350,0,0,0,1.0,0.0,0.07474240000000054,0.0,0.0,0.014645299999999459,a29553f17054bd42b60639e361cc2e3d2eb00d84997054a29b71c2be16758c3c,f45287ee906ac12f71a618ac14761c5c9c3dd09c5cdf766f1b8c383d97b39714,a643f62d82e2a28f903663acade174fee38dbb8daecccea9dfcca80068c57ba8,
final,rossler_n1e5,rossler,Rössler-Willamowski,100000,1.0,forced_gillespie_after_initial_batch,prospective,2,1000000000000.0,101,0,963,2026-07-12T16:49:50.797698+00:00,0.0015207,6.076849,True,False,1.0,0.0,3026400,3226400,True,False,1,47579,1,0,2.6448815083487092e-05,0.9999735511849166,1.63e-05,5.7520875000000995,3.4e-06,0.3247417999999005,8cca9b645c8e2a7095d222979955fb1eaa402957400bbaf4ab8c36a7b9c269d7,886a274e923f4d04d21f42be41375577dd3a8f59a585f5e88b6a5bd81e0574a4,a643f62d82e2a28f903663acade174fee38dbb8daecccea9dfcca80068c57ba8,
final,rossler_n1e5,rossler,Rössler-Willamowski,100000,1.0,forced_batch,prospective,2,0.0,101,0,964,2026-07-12T16:49:56.876231+00:00,0.0030742,3.4601778,True,False,1.0,0.0,3014853,5923293,False,False,161428,0,0,28,1.0,0.0,2.4720600000000448,0.0,0.0,0.9881177999999551,0271bf35909a389e6b5ca44360532204b7e49f54b8b7cb85a59457bb2e6eb01e,71fa43a78fd7274a3c7d3424758f058156c84ad9cbf42052f5fbc5793b7468ed,a643f62d82e2a28f903663acade174fee38dbb8daecccea9dfcca80068c57ba8,
final,brusselator_n2e4,brusselator,Order-3 Brusselator,20000,20.0,forced_gillespie_after_initial_batch,prospective,2,1000000000000.0,101,0,965,2026-07-12T16:50:00.339967+00:00,0.0018939,0.133815,True,False,20.0,0.0,187390,197390,True,False,1,5463,1,0,1.134798508506608e-05,19.999988652014917,3.69e-05,0.11458459999999952,4e-06,0.019189500000000456,414bd899b42e55de0ade9c30d5305a30d54272c082324e4bff9833562a8ebd10,1e0821f3fd5a43162264cb04bde4b17ffe8fd7779df4b18e64704183ccf63951,a643f62d82e2a28f903663acade174fee38dbb8daecccea9dfcca80068c57ba8,
final,brusselator_n2e4,brusselator,Order-3 Brusselator,20000,20.0,forced_batch,prospective,2,0.0,101,0,966,2026-07-12T16:50:00.475422+00:00,0.001711,30.0000216,False,True,7.820204264980466,-12.179795735019534,142178,152178,False,False,863226,0,0,0,7.820204264980466,0.0,27.116597899986534,0.0,0.0,2.8834237000134664,233e8e987795e4228ab403ddf2dde9a4a417be28633e60cbddfc30269856aa36,7fa4dafc919598d59e214f7f27c17a1f323caacbc4add181c8b8cbbfc2db3a9f,a643f62d82e2a28f903663acade174fee38dbb8daecccea9dfcca80068c57ba8,wall-clock cap reached before t_max
final,lotka_volterra_n1000000,lotka_volterra,Lotka-Volterra,1000000,1.0,forced_batch,prospective,2,0.0,101,0,967,2026-07-12T16:50:30.476989+00:00,0.0019238,0.0375264,True,False,1.0,0.0,1259673,2259673,False,False,2954,0,0,0,1.0,0.0,0.030867899999999934,0.0,0.0,0.006658500000000067,c8c7a4282eade7f11e742efbecf899a9d2ae5811c708299f05ae30e8119144e3,925b72781822c2eb318d816120a1cab2f872c47db2338e35e1faddd46fcb6def,a643f62d82e2a28f903663acade174fee38dbb8daecccea9dfcca80068c57ba8,
final,lotka_volterra_n1000000,lotka_volterra,Lotka-Volterra,1000000,1.0,forced_gillespie_after_initial_batch,prospective,2,1000000000000.0,101,0,968,2026-07-12T16:50:30.516699+00:00,0.0015865,0.0417852,True,False,1.0,0.0,1260733,2260733,True,False,1,1304,1,0,0.00023177383613606022,0.999768226163864,1.49e-05,0.03817750000000002,2.7e-06,0.003590099999999985,f96acd7e51f991982a06909f16aeeb3bacd69f3835bbea9596643dc903b611fe,0ac8b10ae7d977e15369dcd66ecd6d0c981531d45af435ae38db7f506ef303bc,a643f62d82e2a28f903663acade174fee38dbb8daecccea9dfcca80068c57ba8,
final,lotka_volterra_n100000,lotka_volterra,Lotka-Volterra,100000,1.0,forced_gillespie_after_initial_batch,prospective,2,1000000000000.0,101,0,969,2026-07-12T16:50:30.560636+00:00,0.0016464,0.0046575,True,False,1.0,0.0,125807,225807,True,False,1,413,1,0,0.000729983855589529,0.9992700161444105,1.87e-05,0.0037306,2.6e-06,0.0009055999999999999,c6224737bb625074fcb75da9d3f032769c72f42413b0252bc14b990f7bd3c2fa,743f19b15019cd8041104bb4f8a666955cc90fe4aece944f948178c27814159a,a643f62d82e2a28f903663acade174fee38dbb8daecccea9dfcca80068c57ba8,
final,lotka_volterra_n100000,lotka_volterra,Lotka-Volterra,100000,1.0,forced_batch,prospective,2,0.0,101,0,970,2026-07-12T16:50:30.566646+00:00,0.0015936,0.0115086,True,False,1.0,0.0,125756,225756,False,False,930,0,0,0,1.0,0.0,0.009386399999999977,0.0,0.0,0.0021222000000000237,f7c901c18d33d99ce0466e04aeb469909494a8c156f4fbfde9077f50cd2862e1,4cc045eb889e704fc6fab1bfa060e90420a73aa4487234f9d53fd480855e44a7,a643f62d82e2a28f903663acade174fee38dbb8daecccea9dfcca80068c57ba8,
final,shrinking_no_b_decay_n2e6,shrinking,Shrinking no B decay,2000000,0.1,forced_batch,prospective,2,0.0,101,0,971,2026-07-12T16:50:30.580160+00:00,0.0014904,0.1794232,True,False,0.1,0.0,807090,2502698,False,False,19745,0,0,9,0.1,0.0,0.14486609999999683,0.0,0.0,0.03455710000000317,84f43f702cc599265424ebfa0d4605a872f134b28c1454bc581125017d35a3e8,4d3a31c557464337e8f80eebaa3deac21d2dc8bbfb349c4fe4f546c8f7f15e81,a643f62d82e2a28f903663acade174fee38dbb8daecccea9dfcca80068c57ba8,
final,shrinking_no_b_decay_n2e6,shrinking,Shrinking no B decay,2000000,0.1,forced_gillespie_after_initial_batch,prospective,2,1000000000000.0,101,0,972,2026-07-12T16:50:30.761519+00:00,0.0017217,0.0267681,True,False,0.1,0.0,807414,4807414,True,False,1,1039,1,0,2.19566552243387e-06,0.09999780433447757,1.98e-05,0.02503319999999994,4.3e-06,0.0017108000000000609,4a993509c39dffbfb55179824d9f67b2303ab5d7a6b791577ec9361a19b6f246,0822896057fc4945a374a13ed33a1658bfe4061a4661e6dcb73fa6323ffd987a,a643f62d82e2a28f903663acade174fee38dbb8daecccea9dfcca80068c57ba8,
final,dimerization_n1e8,dimerization,Dimerization,100000000,0.5,forced_gillespie_after_initial_batch,prospective,2,1000000000000.0,101,0,973,2026-07-12T16:50:30.790054+00:00,0.0016369,0.7125861,True,False,0.5,0.0,79434358,129434358,True,False,1,2192,1,0,1.800981704058498e-05,0.4999819901829594,1.86e-05,0.7074479999999987,2.4e-06,0.005117100000001318,edd9b46d0d808fd7e60f41c2b120fb9ff69124a80e791c8564f2b4a640d1dc34,991f38df801c2a5cd6c74769f4c46d100d1f8058687fc2b66f0122dc26b3c577,a643f62d82e2a28f903663acade174fee38dbb8daecccea9dfcca80068c57ba8,
final,dimerization_n1e8,dimerization,Dimerization,100000000,0.5,forced_batch,prospective,2,0.0,101,0,974,2026-07-12T16:50:31.504877+00:00,0.002026,0.1902364,True,False,0.5,0.0,79427258,129427258,False,False,15673,0,0,0,0.5,0.0,0.1680853000000063,0.0,0.0,0.022151099999993706,f91343a116aa9c84f361d4ab16926266063d2b2d9ffa30c8141ebaf489057fdb,57a7422a2b35d3e23d769f061f1b1713fe22ec92f7a5606356ab9b3514e0044e,a643f62d82e2a28f903663acade174fee38dbb8daecccea9dfcca80068c57ba8,
final,oregonator_n1e5,oregonator,Oregonator,100000,1.0,forced_gillespie_after_initial_batch,prospective,2,1000000000000.0,101,0,975,2026-07-12T16:50:31.696939+00:00,0.0022243,0.2332479,True,False,1.0,0.0,73336,125336,True,False,1,15549,1,0,1.6285913128937451e-06,0.9999983714086871,1.72e-05,0.18042209999999723,4.1e-06,0.05280450000000278,94144f9cbec99d6f7eb32e791054a81d05cfc4e809a11793c9fba7b75007664c,9e77501a15a3d1aa5c0933ea860cffbf58eb50903e89ce1ec673d3fa24a69376,a643f62d82e2a28f903663acade174fee38dbb8daecccea9dfcca80068c57ba8,
final,oregonator_n1e5,oregonator,Oregonator,100000,1.0,forced_batch,prospective,2,0.0,101,0,976,2026-07-12T16:50:31.933194+00:00,0.002437,6.0446599,True,False,1.0,0.0,70568,122568,False,False,417353,0,0,0,1.0,0.0,4.6117563999976365,0.0,0.0,1.4329035000023636,602bfc454a765766b9978741023c7eef46c4a18e80bf2b6edd767a171fb25ac4,193f72ab73f94bf3e00525835b2d992105fe7c4ebafeef14782f7ab8042cb809,a643f62d82e2a28f903663acade174fee38dbb8daecccea9dfcca80068c57ba8,
final,shrinking_n2e6,shrinking,Shrinking,2000000,0.1,forced_batch,prospective,2,0.0,101,0,977,2026-07-12T16:50:37.979934+00:00,0.002046,0.0647401,True,False,0.1,0.0,97,291,False,False,5822,0,0,99,0.1,0.0,0.04813360000000025,0.0,0.0,0.016606499999999746,dd4b2152adb7e31d587a81282f20824116898875f08dc09f0db396ac8536e17c,b880af2cdd795294183f40b463a3141b90275117d3d0b917ebd8eb84b8a2f59e,a643f62d82e2a28f903663acade174fee38dbb8daecccea9dfcca80068c57ba8,
final,shrinking_n2e6,shrinking,Shrinking,2000000,0.1,forced_gillespie_after_initial_batch,prospective,2,1000000000000.0,101,0,978,2026-07-12T16:50:38.047382+00:00,0.0022077,0.0838369,True,False,0.1,0.0,83,4000083,True,False,1,2818,1,0,2.19566552243387e-06,0.09999780433447757,2.07e-05,0.07467659999999994,3.9e-06,0.009135700000000066,42d75f93e8909d1424df3784009ec1861c90246fda66ab67d9f3ba07205617f9,f7ab268597cbc2aae54dcb0e0bd5b29b76b8f67ddcbfb5992f71307e37705b34,a643f62d82e2a28f903663acade174fee38dbb8daecccea9dfcca80068c57ba8,
final,shrinking_split_b_decay_n2e6,shrinking,Shrinking split B decay,2000000,0.1,forced_batch,prospective,2,0.0,101,0,979,2026-07-12T16:50:38.134352+00:00,0.0024072,0.073788,True,False,0.1,0.0,72,216,False,False,5891,0,0,100,0.1,0.0,0.05504609999999986,0.0,0.0,0.018741900000000145,fc2f2ab04c5fe405181f09f79aef02bbea516b2e12edc538d9fa46253936eb02,2bd78482fbdf30ce4232981d8cb9ba17b0bcbaccb8ee8031de7b66793d979551,a643f62d82e2a28f903663acade174fee38dbb8daecccea9dfcca80068c57ba8,
final,shrinking_split_b_decay_n2e6,shrinking,Shrinking split B decay,2000000,0.1,forced_gillespie_after_initial_batch,prospective,2,1000000000000.0,101,0,980,2026-07-12T16:50:38.210046+00:00,0.0024117,0.0885067,True,False,0.1,0.0,78,4000078,True,False,1,2814,1,0,2.19566552243387e-06,0.09999780433447757,2.48e-05,0.07929159999999995,4.5e-06,0.009185800000000036,aa2c65d318bfe69554043998c77e726de23721b219c9e3b65501986da6fa388d,4665f0960d66169a5a0c21f1aeaa1b6efd70a2c04f57ea7e5561eaa9c2bc4664,a643f62d82e2a28f903663acade174fee38dbb8daecccea9dfcca80068c57ba8,
final,shrinking_split_b_decay_n2e6,shrinking,Shrinking split B decay,2000000,0.1,threshold_2000,prospective,2,2000.0,103,0,981,2026-07-12T16:51:01.154932+00:00,0.0009176,0.035992,True,False,0.1,0.0,76,4000076,True,False,1,2817,1,0,4.49726715817712e-06,0.09999550273284183,1.54e-05,0.034963999999999974,3e-06,0.0010096000000000271,980c6081a23f92d44d5de841bf59e139893540c11f1a1fd9c280900df5234552,8b6db68dfbba243fd47c8b81ccd453b79d179b9d8ce661a4b912650a34bb22e2,a643f62d82e2a28f903663acade174fee38dbb8daecccea9dfcca80068c57ba8,
final,shrinking_split_b_decay_n2e6,shrinking,Shrinking split B decay,2000000,0.1,threshold_1000,prospective,2,1000.0,103,0,982,2026-07-12T16:51:01.192936+00:00,0.0012434,0.0382171,True,False,0.1,0.0,76,4000076,True,False,1,2817,1,0,4.49726715817712e-06,0.09999550273284183,1.51e-05,0.03702550000000012,2.1e-06,0.001174399999999881,980c6081a23f92d44d5de841bf59e139893540c11f1a1fd9c280900df5234552,8b6db68dfbba243fd47c8b81ccd453b79d179b9d8ce661a4b912650a34bb22e2,a643f62d82e2a28f903663acade174fee38dbb8daecccea9dfcca80068c57ba8,
final,shrinking_split_b_decay_n2e6,shrinking,Shrinking split B decay,2000000,0.1,threshold_100,prospective,2,100.0,103,0,983,2026-07-12T16:51:01.231447+00:00,0.0014487,0.029868,True,False,0.1,0.0,94,94502,True,False,5018,396,1,39,0.03838009447127956,0.061619905528720445,0.026881499999999912,0.0008903000000000016,2.9e-06,0.002093300000000086,cf91474d6e9b3cde516855285e0d530d0234f3c84ba3e58c3e029ad9d38b1d74,315e34ef8d5c10428e926b975ac3f6dc6fe4017d341956cc7a81f28c9dea76d9,a643f62d82e2a28f903663acade174fee38dbb8daecccea9dfcca80068c57ba8,
final,shrinking_split_b_decay_n2e6,shrinking,Shrinking split B decay,2000000,0.1,threshold_250,prospective,2,250.0,103,0,984,2026-07-12T16:51:01.263466+00:00,0.0012484,0.0257406,True,False,0.1,0.0,105,536871,True,False,3695,1023,1,21,0.02009487244115905,0.07990512755884095,0.019108499999999737,0.004910300000000006,2.7e-06,0.0017191000000002545,31232eaff93e73ec0193c87fb13838cd7cec8fdce32ce926665cc722f468848a,176f334243c6b06b32cff259f013372a333167955219133b1bb690ac7b306c8e,a643f62d82e2a28f903663acade174fee38dbb8daecccea9dfcca80068c57ba8,
final,shrinking_split_b_decay_n2e6,shrinking,Shrinking split B decay,2000000,0.1,wallclock_timing,wallclock,0,,103,0,985,2026-07-12T16:51:01.290870+00:00,0.0012425,0.031726,True,False,0.1,0.0,97,293,False,False,5850,2,2,97,0.09998524280509269,1.475719490731458e-05,0.029686499999999963,4.61e-05,5.6e-06,0.0019878000000000326,eccf20179ed8195da158b2d268c5fbd677c280c0a281ffde12114a7e5578df7a,fb8797153aac7b7775350d7a8d58404f2da87ecb48a52844af13f15fe51d6db8,a643f62d82e2a28f903663acade174fee38dbb8daecccea9dfcca80068c57ba8,
final,shrinking_split_b_decay_n2e6,shrinking,Shrinking split B decay,2000000,0.1,threshold_500,prospective,2,500.0,103,0,986,2026-07-12T16:51:01.324399+00:00,0.00126,0.0294375,True,False,0.1,0.0,89,2254747,True,False,1576,2057,1,6,0.006234527705987349,0.09376547229401265,0.008217600000000016,0.019789099999999987,2.8e-06,0.0014279999999999952,3eef198239f11a2d2e8b0f02d9f1a87b6cf9240c5051d54e1b0e9fa5abc1e34d,19c79d864da7dd9bda2ffc8ef8987c160ff616f08db98af240e67f6882929665,a643f62d82e2a28f903663acade174fee38dbb8daecccea9dfcca80068c57ba8,
final,lotka_volterra_n10000000,lotka_volterra,Lotka-Volterra,10000000,1.0,threshold_250,prospective,2,250.0,102,1,987,2026-07-12T16:51:01.355393+00:00,0.0013456,0.0741856,True,False,1.0,0.0,12599105,22599105,False,False,9254,0,0,0,1.0,0.0,0.07083240000000035,0.0,0.0,0.0033531999999996537,4a1271b4315e5e5f06f71bccbc145cf1702237f300f49dd39d663939acc65a96,642f4c7cb802c6a44a83206012dd35ca23630f6f572278274632c4997da475e1,a643f62d82e2a28f903663acade174fee38dbb8daecccea9dfcca80068c57ba8,
final,lotka_volterra_n10000000,lotka_volterra,Lotka-Volterra,10000000,1.0,wallclock_timing,wallclock,0,,102,1,988,2026-07-12T16:51:01.431451+00:00,0.0011503,0.0737381,True,False,1.0,0.0,12599149,22599149,False,False,9253,4,4,0,0.9990382073377699,0.0009617926622299926,0.07056980000000054,0.00018240000000000002,1.53e-05,0.0029705999999994626,9b45fa9fbfdf6221a19244e3c89d0b4ec1985272a0b216233d7910852f5d88cb,d663866556c68319fe1879dcae2dd7ecd43c5b9394e8a85b8e980132a3eb62f2,a643f62d82e2a28f903663acade174fee38dbb8daecccea9dfcca80068c57ba8,
final,lotka_volterra_n10000000,lotka_volterra,Lotka-Volterra,10000000,1.0,threshold_100,prospective,2,100.0,102,1,989,2026-07-12T16:51:01.505479+00:00,0.0011575,0.0743976,True,False,1.0,0.0,12599105,22599105,False,False,9254,0,0,0,1.0,0.0,0.07097850000000039,0.0,0.0,0.003419099999999606,4a1271b4315e5e5f06f71bccbc145cf1702237f300f49dd39d663939acc65a96,642f4c7cb802c6a44a83206012dd35ca23630f6f572278274632c4997da475e1,a643f62d82e2a28f903663acade174fee38dbb8daecccea9dfcca80068c57ba8,
final,lotka_volterra_n10000000,lotka_volterra,Lotka-Volterra,10000000,1.0,threshold_1000,prospective,2,1000.0,102,1,990,2026-07-12T16:51:01.581812+00:00,0.0011726,0.0740483,True,False,1.0,0.0,12599105,22599105,False,False,9254,0,0,0,1.0,0.0,0.07068310000000018,0.0,0.0,0.0033651999999998183,4a1271b4315e5e5f06f71bccbc145cf1702237f300f49dd39d663939acc65a96,642f4c7cb802c6a44a83206012dd35ca23630f6f572278274632c4997da475e1,a643f62d82e2a28f903663acade174fee38dbb8daecccea9dfcca80068c57ba8,
final,lotka_volterra_n10000000,lotka_volterra,Lotka-Volterra,10000000,1.0,threshold_2000,prospective,2,2000.0,102,1,991,2026-07-12T16:51:01.657333+00:00,0.0011066,0.1936657,True,False,1.0,0.0,12599660,22599660,True,False,1,4120,1,0,0.0001907063743614311,0.9998092936256385,1.12e-05,0.19207979999999983,1.9e-06,0.0015728000000001796,1329649a514f9050e34a28bef56d95a845f5d2d1321ae920e8d8d15785f5fa18,5404c1dff02477ae641645475786505bd284db28417ee0449a2696240ec2bde4,a643f62d82e2a28f903663acade174fee38dbb8daecccea9dfcca80068c57ba8,
final,lotka_volterra_n10000000,lotka_volterra,Lotka-Volterra,10000000,1.0,threshold_500,prospective,2,500.0,102,1,992,2026-07-12T16:51:01.852690+00:00,0.001172,0.0765617,True,False,1.0,0.0,12599105,22599105,False,False,9254,0,0,0,1.0,0.0,0.07308430000000088,0.0,0.0,0.0034773999999991173,4a1271b4315e5e5f06f71bccbc145cf1702237f300f49dd39d663939acc65a96,642f4c7cb802c6a44a83206012dd35ca23630f6f572278274632c4997da475e1,a643f62d82e2a28f903663acade174fee38dbb8daecccea9dfcca80068c57ba8,
final,rossler_n1e5,rossler,Rössler-Willamowski,100000,1.0,threshold_500,prospective,2,500.0,104,1,993,2026-07-12T16:51:01.930261+00:00,0.002176,2.24481,True,False,1.0,0.0,3018551,6018551,True,False,87836,16745,5,0,0.43659876541005344,0.5634012345899466,0.981924999999988,1.1521914000000024,7.11e-05,0.11062250000001006,031c204eff04443ab4b4132cbbc31cafccde478f37463c5f1d32e8f46fb8096a,2c2a99d449d2aa37a780351a0b4cac9b5f20bd154d5d5e077f267d219008da99,a643f62d82e2a28f903663acade174fee38dbb8daecccea9dfcca80068c57ba8,
final,rossler_n1e5,rossler,Rössler-Willamowski,100000,1.0,threshold_250,prospective,2,250.0,104,1,994,2026-07-12T16:51:04.171336+00:00,0.001999,2.5564258,True,False,1.0,0.0,3011726,5986340,False,False,157585,925,2,12,0.9178736214574925,0.08212637854250746,2.325221299999946,0.0168382,2.02e-05,0.21434610000005394,d288c0e4379b4ce0c946609892bed3db421c066c384fa4f2db915f8bb3df440b,080de8747b4dd24562975b2773278913482c670a369f15bc95c76683d4645cf5,a643f62d82e2a28f903663acade174fee38dbb8daecccea9dfcca80068c57ba8,
final,rossler_n1e5,rossler,Rössler-Willamowski,100000,1.0,wallclock_timing,wallclock,0,,104,1,995,2026-07-12T16:51:06.736777+00:00,0.0028259,2.5362619,True,False,1.0,0.0,3018416,6018416,False,False,157822,545,80,21,0.9735038910419037,0.026496108958096353,2.2961466000001174,0.039924799999999976,0.0010367000000000002,0.1991537999998827,2181b911c5232d9ce47f7dc04e10fa4aea477b6adf177c5910b5f17d6dd417ae,d4d86c1a6204f86407525b97736cc3ee8121265731e6b91116c2f8352e51f58e,a643f62d82e2a28f903663acade174fee38dbb8daecccea9dfcca80068c57ba8,
final,rossler_n1e5,rossler,Rössler-Willamowski,100000,1.0,threshold_100,prospective,2,100.0,104,1,996,2026-07-12T16:51:09.275880+00:00,0.0033138,2.6781811,True,False,1.0,0.0,3023309,5805505,False,False,163582,118,2,25,0.9826547008003371,0.01734529919966297,2.4538107000000453,0.0024628999999999996,2.41e-05,0.221883399999955,74071135978cd87a95408f019c57846d95c1711b6a4c18e51f52c90ff29f8886,a8ad2de3b0dc9627700838cdc51955357e97629aac7046e7c4a53bbc78a54bef,a643f62d82e2a28f903663acade174fee38dbb8daecccea9dfcca80068c57ba8,
final,rossler_n1e5,rossler,Rössler-Willamowski,100000,1.0,threshold_1000,prospective,2,1000.0,104,1,997,2026-07-12T16:51:11.951887+00:00,0.0026111,3.5050652,True,False,1.0,0.0,3011069,6011069,True,False,12623,42280,3,0,0.04893871304894208,0.951061286951058,0.16264610000000138,3.2775524999999233,3.26e-05,0.06483400000007578,d7d0140b198c881ad59124c9e7d44c462ac41164a2ed51a50fb079072f91187f,d4354de0623325fdc33ed7c7aff836e267380cae7f00ee63f1c3b17d3a8780c5,a643f62d82e2a28f903663acade174fee38dbb8daecccea9dfcca80068c57ba8,
final,rossler_n1e5,rossler,Rössler-Willamowski,100000,1.0,threshold_2000,prospective,2,2000.0,104,1,998,2026-07-12T16:51:15.466095+00:00,0.0022199,3.7811812,True,False,1.0,0.0,3023907,3223907,True,False,1,47616,1,0,7.27056793713323e-05,0.9999272943206287,4.16e-05,3.7284017999999266,8.2e-06,0.05272960000007343,531e767d2798cd7ccfc99569fabe5958fdd2be5e0c611161e5714c46f2da8af4,544bb29135a804cd83e088f2d6e69ec7b42b3de5e8c386227127f1ff39ea3854,a643f62d82e2a28f903663acade174fee38dbb8daecccea9dfcca80068c57ba8,
final,lotka_volterra_n100000,lotka_volterra,Lotka-Volterra,100000,1.0,threshold_500,prospective,2,500.0,103,0,999,2026-07-12T16:51:19.236188+00:00,0.0020912,0.0031692,True,False,1.0,0.0,125532,225532,True,False,1,412,1,0,0.0015565264295474945,0.9984434735704525,2.58e-05,0.0029309000000000023,7e-06,0.00020549999999999779,58c12977a313975edb245b3b51d9ad5c966e16afb181d45033df0dd87f0e2f13,c030b36e83d439f61d2ab2991cd2a1d71bc5cabfba2a50cf779f77a5fba669d8,a643f62d82e2a28f903663acade174fee38dbb8daecccea9dfcca80068c57ba8,
final,lotka_volterra_n100000,lotka_volterra,Lotka-Volterra,100000,1.0,wallclock_timing,wallclock,0,,103,0,1000,2026-07-12T16:51:19.252152+00:00,0.0015853,0.006263,True,False,1.0,0.0,125567,225567,False,False,471,208,18,0,0.49793495607367977,0.5020650439263202,0.0044116000000000025,0.0014896000000000002,4.9800000000000004e-05,0.00031199999999999804,a1602f4f51fffaee695dc587fb611c42838a4e1f93d981e071d22978d3783e6f,c90ff40540c09096878650615e93fb17d30c85fc4dfcadcdeffe64af650a5faa,a643f62d82e2a28f903663acade174fee38dbb8daecccea9dfcca80068c57ba8,
final,lotka_volterra_n100000,lotka_volterra,Lotka-Volterra,100000,1.0,threshold_1000,prospective,2,1000.0,103,0,1001,2026-07-12T16:51:19.252152+00:00,0.0018457,0.0040569,True,False,1.0,0.0,125532,225532,True,False,1,412,1,0,0.0015565264295474945,0.9984434735704525,1.73e-05,0.0037800999999999946,2.4e-06,0.0002571000000000049,58c12977a313975edb245b3b51d9ad5c966e16afb181d45033df0dd87f0e2f13,c030b36e83d439f61d2ab2991cd2a1d71bc5cabfba2a50cf779f77a5fba669d8,a643f62d82e2a28f903663acade174fee38dbb8daecccea9dfcca80068c57ba8,
final,lotka_volterra_n100000,lotka_volterra,Lotka-Volterra,100000,1.0,threshold_100,prospective,2,100.0,103,0,1002,2026-07-12T16:51:19.268284+00:00,0.0014182,0.0088727,True,False,1.0,0.0,125696,225696,False,False,931,0,0,0,1.0,0.0,0.008416700000000015,0.0,0.0,0.00045599999999998593,2154184914c33f275aefbd3d315505ee24e2d5cbb6925b58f731a3372df391ad,6ba3a134cdac9b3bb16857ef78402796921b0184651857730fbd7fdb087ebaf1,a643f62d82e2a28f903663acade174fee38dbb8daecccea9dfcca80068c57ba8,
final,lotka_volterra_n100000,lotka_volterra,Lotka-Volterra,100000,1.0,threshold_250,prospective,2,250.0,103,0,1003,2026-07-12T16:51:19.268284+00:00,0.0015151,0.0028702,True,False,1.0,0.0,125532,225532,True,False,1,412,1,0,0.0015565264295474945,0.9984434735704525,1.39e-05,0.0026522000000000026,2.2e-06,0.00020189999999999748,58c12977a313975edb245b3b51d9ad5c966e16afb181d45033df0dd87f0e2f13,c030b36e83d439f61d2ab2991cd2a1d71bc5cabfba2a50cf779f77a5fba669d8,a643f62d82e2a28f903663acade174fee38dbb8daecccea9dfcca80068c57ba8,
final,lotka_volterra_n100000,lotka_volterra,Lotka-Volterra,100000,1.0,threshold_2000,prospective,2,2000.0,103,0,1004,2026-07-12T16:51:19.284414+00:00,0.0013703,0.002844,True,False,1.0,0.0,125532,225532,True,False,1,412,1,0,0.0015565264295474945,0.9984434735704525,1.52e-05,0.002637300000000002,1.9e-06,0.0001895999999999981,58c12977a313975edb245b3b51d9ad5c966e16afb181d45033df0dd87f0e2f13,c030b36e83d439f61d2ab2991cd2a1d71bc5cabfba2a50cf779f77a5fba669d8,a643f62d82e2a28f903663acade174fee38dbb8daecccea9dfcca80068c57ba8,
final,rossler_n1e5,rossler,Rössler-Willamowski,100000,1.0,wallclock_timing,wallclock,0,,102,1,1005,2026-07-12T16:51:19.284414+00:00,0.0018878,2.2402328,True,False,1.0,0.0,3016980,6016980,True,False,133540,6376,71,18,0.8051447453567778,0.1948552546432222,1.7044500000000669,0.38369920000000035,0.0007685,0.15131509999993265,837554fe4a32be7f699d2027c51f34a4fe9441e77032b2e18dd8f06cd28a976b,1bb69c3540e205138fdb0bbf5469f67804a45d7ac739ad0c3229cdb130f32181,a643f62d82e2a28f903663acade174fee38dbb8daecccea9dfcca80068c57ba8,
final,rossler_n1e5,rossler,Rössler-Willamowski,100000,1.0,threshold_250,prospective,2,250.0,102,1,1006,2026-07-12T16:51:21.530772+00:00,0.0019029,2.0587114,True,False,1.0,0.0,3029874,5999550,False,False,157731,922,2,12,0.9180594806139407,0.08194051938605923,1.8768570999997418,0.015980499999999984,1.9e-05,0.1658548000002582,134269c053be171eb18fd98dd2c2370d332cb4af46f4d78ab7bf17d53b3eaf71,602d527c70c0738cfd545d4a055cd7cffc871995b1320d5134ab44d4eb0ce14e,a643f62d82e2a28f903663acade174fee38dbb8daecccea9dfcca80068c57ba8,
final,rossler_n1e5,rossler,Rössler-Willamowski,100000,1.0,threshold_1000,prospective,2,1000.0,102,1,1007,2026-07-12T16:51:23.592573+00:00,0.0026255,3.3756604,True,False,1.0,0.0,3024022,6024022,True,False,12846,42300,3,0,0.04920831076826146,0.9507916892317385,0.1457632999999975,3.1677276999999173,3.32e-05,0.06213620000008557,e8beeef882986176f72e110d1d31f3118a60e616867b20e3fae16bf9439232d0,0dc7ec8af23ce4d16854ce479b74dd67cdf00882832bf9e5a7cd75822511d419,a643f62d82e2a28f903663acade174fee38dbb8daecccea9dfcca80068c57ba8,
final,rossler_n1e5,rossler,Rössler-Willamowski,100000,1.0,threshold_500,prospective,2,500.0,102,1,1008,2026-07-12T16:51:26.970243+00:00,0.0023148,2.3437299,True,False,1.0,0.0,3023298,6023298,True,False,87869,16713,5,0,0.4363588099095558,0.5636411900904442,1.1748504000000974,1.0431926000000016,5.23e-05,0.12563459999990068,518d3f8d0598decad366ea54d39fba283a24761084cc5d93356beb0c3f28926c,3c10c9e92f5a57342d8519b929d2f0c9f1397952319f44cc08cfdaee7a151245,a643f62d82e2a28f903663acade174fee38dbb8daecccea9dfcca80068c57ba8,
final,rossler_n1e5,rossler,Rössler-Willamowski,100000,1.0,threshold_2000,prospective,2,2000.0,102,1,1009,2026-07-12T16:51:29.317070+00:00,0.0027241,3.6744573,True,False,1.0,0.0,3015017,3215017,True,False,1,47643,1,0,6.900145001150988e-05,0.9999309985499885,2.6e-05,3.6213939999999245,4.5e-06,0.05303280000007504,4886f6ae0b9c18eda73c6948f925d0609d4d78759edacc4c070812fac0ed41d2,3353dbd0616a15b7207f74e5a68adc2ff85ee18e200b59d2cbfd6e87be78edd2,a643f62d82e2a28f903663acade174fee38dbb8daecccea9dfcca80068c57ba8,
final,rossler_n1e5,rossler,Rössler-Willamowski,100000,1.0,threshold_100,prospective,2,100.0,102,1,1010,2026-07-12T16:51:32.994390+00:00,0.0023473,2.3270846,True,False,1.0,0.0,3025673,5814205,False,False,163606,118,2,25,0.9826407590068111,0.01735924099318885,2.1343415999997917,0.002548000000000001,2.7099999999999998e-05,0.19016790000020833,b3294315ddfd9400f840a206b3b2870c81050925dc873848f1913b652e809913,0608bd43509a153b18fe6dab24e1943a4d7d4059e3a02cf9cc1271331607bb07,a643f62d82e2a28f903663acade174fee38dbb8daecccea9dfcca80068c57ba8,
final,dimerization_n1e8,dimerization,Dimerization,100000000,0.5,threshold_100,prospective,2,100.0,103,1,1011,2026-07-12T16:51:35.324175+00:00,0.0014623,0.1858636,True,False,0.5,0.0,79431235,129431235,False,False,15598,0,0,0,0.5,0.0,0.17921050000000271,0.0,0.0,0.006653099999997275,9cdf0339f4a617a2162fc00605218deb0e1c1b22b0854fed5973e7eb1fe44552,1fa117dc7cf2348818ab28465bd685815b49cd21edfc3064dee7cbb9279242d9,a643f62d82e2a28f903663acade174fee38dbb8daecccea9dfcca80068c57ba8,
final,dimerization_n1e8,dimerization,Dimerization,100000000,0.5,threshold_2000,prospective,2,2000.0,103,1,1012,2026-07-12T16:51:35.511646+00:00,0.0016545,0.5883684,True,False,0.5,0.0,79432297,129432297,True,False,1,2192,1,0,3.6347714090911344e-05,0.4999636522859091,1.54e-05,0.5870586000000001,2.2e-06,0.0012921999999999656,2fedb63db7d1b4adccf4b60386f48a196f81cf76e0355128d26ff9611d2e2371,a1afaeabf8dc67beb69ac857498e42952d3bf72a780785ac00f6c9628338363e,a643f62d82e2a28f903663acade174fee38dbb8daecccea9dfcca80068c57ba8,
final,dimerization_n1e8,dimerization,Dimerization,100000000,0.5,wallclock_timing,wallclock,0,,103,1,1013,2026-07-12T16:51:36.101809+00:00,0.0015154,0.1683181,True,False,0.5,0.0,79431377,129431377,False,False,15575,4,4,0,0.4991286533868854,0.0008713466131146236,0.1618845999999998,0.0011889000000000001,1.46e-05,0.005230000000000207,ff3ab4f9966478daa54b60c1fb4a71b50cb1a0dcba4ada17aec33804883f4baa,5ae7a064b6241b7d3e8e898021f44f1537546876599c9f07cbcf061735c2f093,a643f62d82e2a28f903663acade174fee38dbb8daecccea9dfcca80068c57ba8,
final,dimerization_n1e8,dimerization,Dimerization,100000000,0.5,threshold_1000,prospective,2,1000.0,103,1,1014,2026-07-12T16:51:36.272509+00:00,0.0017627,0.1687854,True,False,0.5,0.0,79431235,129431235,False,False,15598,0,0,0,0.5,0.0,0.16299700000000422,0.0,0.0,0.00578839999999578,9cdf0339f4a617a2162fc00605218deb0e1c1b22b0854fed5973e7eb1fe44552,1fa117dc7cf2348818ab28465bd685815b49cd21edfc3064dee7cbb9279242d9,a643f62d82e2a28f903663acade174fee38dbb8daecccea9dfcca80068c57ba8,
final,dimerization_n1e8,dimerization,Dimerization,100000000,0.5,threshold_500,prospective,2,500.0,103,1,1015,2026-07-12T16:51:36.443116+00:00,0.0015509,0.1700154,True,False,0.5,0.0,79431235,129431235,False,False,15598,0,0,0,0.5,0.0,0.16419990000000137,0.0,0.0,0.005815499999998641,9cdf0339f4a617a2162fc00605218deb0e1c1b22b0854fed5973e7eb1fe44552,1fa117dc7cf2348818ab28465bd685815b49cd21edfc3064dee7cbb9279242d9,a643f62d82e2a28f903663acade174fee38dbb8daecccea9dfcca80068c57ba8,
final,dimerization_n1e8,dimerization,Dimerization,100000000,0.5,threshold_250,prospective,2,250.0,103,1,1016,2026-07-12T16:51:36.615019+00:00,0.0015155,0.1713035,True,False,0.5,0.0,79431235,129431235,False,False,15598,0,0,0,0.5,0.0,0.16545160000000178,0.0,0.0,0.005851899999998217,9cdf0339f4a617a2162fc00605218deb0e1c1b22b0854fed5973e7eb1fe44552,1fa117dc7cf2348818ab28465bd685815b49cd21edfc3064dee7cbb9279242d9,a643f62d82e2a28f903663acade174fee38dbb8daecccea9dfcca80068c57ba8,
final,shrinking_split_b_decay_n2e6,shrinking,Shrinking split B decay,2000000,0.1,wallclock_timing,wallclock,0,,103,1,1017,2026-07-12T16:51:36.787932+00:00,0.0019247,0.0441119,True,False,0.1,0.0,97,293,False,False,5850,2,2,97,0.09998524280509269,1.475719490731458e-05,0.041304299999999856,8.69e-05,8.6e-06,0.0027121000000001477,eccf20179ed8195da158b2d268c5fbd677c280c0a281ffde12114a7e5578df7a,fb8797153aac7b7775350d7a8d58404f2da87ecb48a52844af13f15fe51d6db8,a643f62d82e2a28f903663acade174fee38dbb8daecccea9dfcca80068c57ba8,
final,shrinking_split_b_decay_n2e6,shrinking,Shrinking split B decay,2000000,0.1,threshold_2000,prospective,2,2000.0,103,1,1018,2026-07-12T16:51:36.833777+00:00,0.0022177,0.0602071,True,False,0.1,0.0,76,4000076,True,False,1,2817,1,0,4.49726715817712e-06,0.09999550273284183,1.79e-05,0.05846270000000009,2.8e-06,0.0017236999999999114,980c6081a23f92d44d5de841bf59e139893540c11f1a1fd9c280900df5234552,8b6db68dfbba243fd47c8b81ccd453b79d179b9d8ce661a4b912650a34bb22e2,a643f62d82e2a28f903663acade174fee38dbb8daecccea9dfcca80068c57ba8,
final,shrinking_split_b_decay_n2e6,shrinking,Shrinking split B decay,2000000,0.1,threshold_500,prospective,2,500.0,103,1,1019,2026-07-12T16:51:36.897501+00:00,0.0022021,0.0375569,True,False,0.1,0.0,89,2254747,True,False,1576,2057,1,6,0.006234527705987349,0.09376547229401265,0.010602500000000077,0.02518249999999997,4e-06,0.0017678999999999542,3eef198239f11a2d2e8b0f02d9f1a87b6cf9240c5051d54e1b0e9fa5abc1e34d,19c79d864da7dd9bda2ffc8ef8987c160ff616f08db98af240e67f6882929665,a643f62d82e2a28f903663acade174fee38dbb8daecccea9dfcca80068c57ba8,
final,shrinking_split_b_decay_n2e6,shrinking,Shrinking split B decay,2000000,0.1,threshold_250,prospective,2,250.0,103,1,1020,2026-07-12T16:51:36.937512+00:00,0.0017479,0.033524,True,False,0.1,0.0,105,536871,True,False,3695,1023,1,21,0.02009487244115905,0.07990512755884095,0.0247344,0.006556300000000005,2.4e-06,0.002230899999999994,31232eaff93e73ec0193c87fb13838cd7cec8fdce32ce926665cc722f468848a,176f334243c6b06b32cff259f013372a333167955219133b1bb690ac7b306c8e,a643f62d82e2a28f903663acade174fee38dbb8daecccea9dfcca80068c57ba8,
final,shrinking_split_b_decay_n2e6,shrinking,Shrinking split B decay,2000000,0.1,threshold_1000,prospective,2,1000.0,103,1,1021,2026-07-12T16:51:36.972148+00:00,0.001675,0.0504307,True,False,0.1,0.0,76,4000076,True,False,1,2817,1,0,4.49726715817712e-06,0.09999550273284183,1.3e-05,0.048989399999999905,1.9e-06,0.0014264000000000984,980c6081a23f92d44d5de841bf59e139893540c11f1a1fd9c280900df5234552,8b6db68dfbba243fd47c8b81ccd453b79d179b9d8ce661a4b912650a34bb22e2,a643f62d82e2a28f903663acade174fee38dbb8daecccea9dfcca80068c57ba8,
final,shrinking_split_b_decay_n2e6,shrinking,Shrinking split B decay,2000000,0.1,threshold_100,prospective,2,100.0,103,1,1022,2026-07-12T16:51:37.025139+00:00,0.0017958,0.0367225,True,False,0.1,0.0,94,94502,True,False,5018,396,1,39,0.03838009447127956,0.061619905528720445,0.033038299999999916,0.0011582000000000016,2.6e-06,0.0025234000000000784,cf91474d6e9b3cde516855285e0d530d0234f3c84ba3e58c3e029ad9d38b1d74,315e34ef8d5c10428e926b975ac3f6dc6fe4017d341956cc7a81f28c9dea76d9,a643f62d82e2a28f903663acade174fee38dbb8daecccea9dfcca80068c57ba8,
final,lotka_volterra_n10000000,lotka_volterra,Lotka-Volterra,10000000,1.0,threshold_1000,prospective,2,1000.0,103,1,1023,2026-07-12T16:51:37.063928+00:00,0.0017557,0.102855,True,False,1.0,0.0,12603596,22603596,False,False,9367,0,0,0,1.0,0.0,0.09807660000000058,0.0,0.0,0.004778399999999419,a2003b493dd756989e6bb2a56ff3cd809d78529a7c041fd289fefb7a3da5bcf5,72e35fb6f14e223a7960d1fbda36e8655398b30f872c4d156017a374d9ee8c58,a643f62d82e2a28f903663acade174fee38dbb8daecccea9dfcca80068c57ba8,
final,lotka_volterra_n10000000,lotka_volterra,Lotka-Volterra,10000000,1.0,threshold_2000,prospective,2,2000.0,103,1,1024,2026-07-12T16:51:37.168682+00:00,0.0023943,0.2689794,True,False,1.0,0.0,12604423,22604423,True,False,1,4122,1,0,0.00015024810956077,0.9998497518904392,2.02e-05,0.26652210000000004,3.9e-06,0.002433199999999913,cd07e2186f26a4afd265b9d345dcbce9602ed4425ef0097084aed59e5c972bf6,4f72f312dfdac955a27e7287eb1f1424d9bdcea0c7e42c4e558e31569c9a74be,a643f62d82e2a28f903663acade174fee38dbb8daecccea9dfcca80068c57ba8,
final,lotka_volterra_n10000000,lotka_volterra,Lotka-Volterra,10000000,1.0,wallclock_timing,wallclock,0,,103,1,1025,2026-07-12T16:51:37.441060+00:00,0.002281,0.1026059,True,False,1.0,0.0,12602915,22602915,False,False,9360,6,6,0,0.9985571927912048,0.0014428072087952527,0.09699370000000065,0.0013495999999999998,5.8399999999999997e-05,0.004204199999999339,f8b24ef5377ab2c28c7263b82a79f3b8c744c6702085ed308cb33584b86423b3,f685f503c87092d878b9e3d88c666a686c28edb4d20157d6c33aeea08a16e58e,a643f62d82e2a28f903663acade174fee38dbb8daecccea9dfcca80068c57ba8,
final,lotka_volterra_n10000000,lotka_volterra,Lotka-Volterra,10000000,1.0,threshold_500,prospective,2,500.0,103,1,1026,2026-07-12T16:51:37.545679+00:00,0.0016987,0.0983799,True,False,1.0,0.0,12603596,22603596,False,False,9367,0,0,0,1.0,0.0,0.09390940000000111,0.0,0.0,0.004470499999998892,a2003b493dd756989e6bb2a56ff3cd809d78529a7c041fd289fefb7a3da5bcf5,72e35fb6f14e223a7960d1fbda36e8655398b30f872c4d156017a374d9ee8c58,a643f62d82e2a28f903663acade174fee38dbb8daecccea9dfcca80068c57ba8,
final,lotka_volterra_n10000000,lotka_volterra,Lotka-Volterra,10000000,1.0,threshold_100,prospective,2,100.0,103,1,1027,2026-07-12T16:51:37.646412+00:00,0.0016611,0.098914,True,False,1.0,0.0,12603596,22603596,False,False,9367,0,0,0,1.0,0.0,0.09441640000000028,0.0,0.0,0.004497599999999727,a2003b493dd756989e6bb2a56ff3cd809d78529a7c041fd289fefb7a3da5bcf5,72e35fb6f14e223a7960d1fbda36e8655398b30f872c4d156017a374d9ee8c58,a643f62d82e2a28f903663acade174fee38dbb8daecccea9dfcca80068c57ba8,
final,lotka_volterra_n10000000,lotka_volterra,Lotka-Volterra,10000000,1.0,threshold_250,prospective,2,250.0,103,1,1028,2026-07-12T16:51:37.747547+00:00,0.0017258,0.0979443,True,False,1.0,0.0,12603596,22603596,False,False,9367,0,0,0,1.0,0.0,0.09350890000000077,0.0,0.0,0.004435399999999229,a2003b493dd756989e6bb2a56ff3cd809d78529a7c041fd289fefb7a3da5bcf5,72e35fb6f14e223a7960d1fbda36e8655398b30f872c4d156017a374d9ee8c58,a643f62d82e2a28f903663acade174fee38dbb8daecccea9dfcca80068c57ba8,
final,shrinking_n2e6,shrinking,Shrinking,2000000,0.1,threshold_500,prospective,2,500.0,102,0,1029,2026-07-12T16:51:37.846625+00:00,0.0018046,0.0439344,True,False,0.1,0.0,86,2254718,True,False,1554,2059,1,6,0.00622076662310385,0.09377923337689616,0.011360600000000005,0.030397600000000018,3.8e-06,0.002172399999999977,d8e7c8aea1d8d689b97d2dde95aa6a1d9d3e6060da2c905d993ba60369a791f7,3cc6de57bd9e8676960b8ee0b5c0a366cabd4b751782e1f3b190ed9176fca428,a643f62d82e2a28f903663acade174fee38dbb8daecccea9dfcca80068c57ba8,
final,shrinking_n2e6,shrinking,Shrinking,2000000,0.1,threshold_1000,prospective,2,1000.0,102,0,1030,2026-07-12T16:51:37.893672+00:00,0.0021761,0.0602266,True,False,0.1,0.0,86,4000086,True,False,1,2817,1,0,5.686732884691339e-06,0.09999431326711532,1.99e-05,0.05845279999999991,2.5e-06,0.0017514000000000834,e03b3c6581b62afe6ac9ba671e07e2eb3ff07d8df887e13d3c15b5f45b036cc9,d6fd7b82e144e1af0ff83852e8546c9d016d074c154eadd9bd5c10f39631349d,a643f62d82e2a28f903663acade174fee38dbb8daecccea9dfcca80068c57ba8,
final,shrinking_n2e6,shrinking,Shrinking,2000000,0.1,threshold_2000,prospective,2,2000.0,102,0,1031,2026-07-12T16:51:37.956560+00:00,0.0021093,0.0468949,True,False,0.1,0.0,86,4000086,True,False,1,2817,1,0,5.686732884691339e-06,0.09999431326711532,1.79e-05,0.04541020000000002,2.3e-06,0.0014644999999999866,e03b3c6581b62afe6ac9ba671e07e2eb3ff07d8df887e13d3c15b5f45b036cc9,d6fd7b82e144e1af0ff83852e8546c9d016d074c154eadd9bd5c10f39631349d,a643f62d82e2a28f903663acade174fee38dbb8daecccea9dfcca80068c57ba8,
final,shrinking_n2e6,shrinking,Shrinking,2000000,0.1,threshold_250,prospective,2,250.0,102,0,1032,2026-07-12T16:51:38.005457+00:00,0.0025113,0.0412828,True,False,0.1,0.0,85,536157,True,False,3678,1021,1,21,0.020100456197728177,0.07989954380227182,0.029349400000000022,0.009026100000000004,3.3e-06,0.002903999999999976,021c509fabcb956e037e8df88103316975c5d7c4ced539b97d17b79ba6c9caad,95677ef654e727b4822756cbbec8ce2c3b4f9017e973d631d0323d7e0b75d770,a643f62d82e2a28f903663acade174fee38dbb8daecccea9dfcca80068c57ba8,
final,shrinking_n2e6,shrinking,Shrinking,2000000,0.1,threshold_100,prospective,2,100.0,102,0,1033,2026-07-12T16:51:38.050045+00:00,0.002118,0.0417156,True,False,0.1,0.0,79,94435,True,False,4938,400,1,39,0.03840937725243723,0.06159062274756277,0.03721619999999988,0.001377400000000002,4.4e-06,0.003117600000000116,bb08d0521eedfb05f540f8a55b820ee6d1d052269b42c251bf0a432d9fe08aec,e02e900c7afc79e17491701a062b2e77f4255eccafbcee8aeaf48cd0220673e2,a643f62d82e2a28f903663acade174fee38dbb8daecccea9dfcca80068c57ba8,
final,shrinking_n2e6,shrinking,Shrinking,2000000,0.1,wallclock_timing,wallclock,0,,102,0,1034,2026-07-12T16:51:38.094184+00:00,0.0023617,0.051977,True,False,0.1,0.0,100,314,False,False,5727,2,2,96,0.09998522408879199,1.4775911208013957e-05,0.04835840000000007,0.00011740000000000001,1.0800000000000002e-05,0.0034903999999999352,4786a16d5760082714baa2bb8e4c53f7bb8ad10fc81ebc131f2475bb70bf180d,63b1a32bfe2d28fda8f14568eb1ba5863450dd3ca54387c7b23e552b593dbc24,a643f62d82e2a28f903663acade174fee38dbb8daecccea9dfcca80068c57ba8,
final,brusselator_n2e4,brusselator,Order-3 Brusselator,20000,20.0,threshold_1000,prospective,2,1000.0,104,0,1035,2026-07-12T16:51:38.149534+00:00,0.0019908,0.1139916,True,False,20.0,0.0,187299,197299,True,False,1,5450,1,0,3.1484995567839084e-05,19.999968515004433,4.38e-05,0.10906689999999983,3.7e-06,0.004877200000000179,99c94266c51111e7b0f4be161c191e276decf175f1b4138f93e5d1b293616501,b2cf18bdb4f76921439f4911957af6e19a8ec125d9d4c13d2c10450119862630,a643f62d82e2a28f903663acade174fee38dbb8daecccea9dfcca80068c57ba8,
final,brusselator_n2e4,brusselator,Order-3 Brusselator,20000,20.0,threshold_500,prospective,2,500.0,104,0,1036,2026-07-12T16:51:38.265934+00:00,0.0027906,0.1000169,True,False,20.0,0.0,187299,197299,True,False,1,5450,1,0,3.1484995567839084e-05,19.999968515004433,6.49e-05,0.09524389999999988,5.6e-06,0.004702500000000123,99c94266c51111e7b0f4be161c191e276decf175f1b4138f93e5d1b293616501,b2cf18bdb4f76921439f4911957af6e19a8ec125d9d4c13d2c10450119862630,a643f62d82e2a28f903663acade174fee38dbb8daecccea9dfcca80068c57ba8,
final,brusselator_n2e4,brusselator,Order-3 Brusselator,20000,20.0,wallclock_timing,wallclock,0,,104,0,1037,2026-07-12T16:51:38.369111+00:00,0.0019876,0.1478303,True,False,20.0,0.0,186939,196939,True,False,256,5449,1,0,0.004723095021000242,19.995276904979,0.0102123,0.1325999999999995,6e-06,0.005012000000000488,91cceae9916f4649a939a07faba01f4e5b38ac34834544e55fd72692f9932c16,cb90688a519d42c0c7aed6f8b9a34d62d63f4b49ce5cec1b0319e10cad183c62,a643f62d82e2a28f903663acade174fee38dbb8daecccea9dfcca80068c57ba8,
final,brusselator_n2e4,brusselator,Order-3 Brusselator,20000,20.0,threshold_2000,prospective,2,2000.0,104,0,1038,2026-07-12T16:51:38.519099+00:00,0.0024705,0.1226049,True,False,20.0,0.0,187299,197299,True,False,1,5450,1,0,3.1484995567839084e-05,19.999968515004433,5.64e-05,0.11782040000000035,4.4e-06,0.00472369999999965,99c94266c51111e7b0f4be161c191e276decf175f1b4138f93e5d1b293616501,b2cf18bdb4f76921439f4911957af6e19a8ec125d9d4c13d2c10450119862630,a643f62d82e2a28f903663acade174fee38dbb8daecccea9dfcca80068c57ba8,
final,brusselator_n2e4,brusselator,Order-3 Brusselator,20000,20.0,threshold_100,prospective,2,100.0,104,0,1039,2026-07-12T16:51:38.644300+00:00,0.0018974,0.1066253,True,False,20.0,0.0,187299,197299,True,False,1,5450,1,0,3.1484995567839084e-05,19.999968515004433,3.85e-05,0.1024178000000003,3.4e-06,0.004165599999999714,99c94266c51111e7b0f4be161c191e276decf175f1b4138f93e5d1b293616501,b2cf18bdb4f76921439f4911957af6e19a8ec125d9d4c13d2c10450119862630,a643f62d82e2a28f903663acade174fee38dbb8daecccea9dfcca80068c57ba8,
final,brusselator_n2e4,brusselator,Order-3 Brusselator,20000,20.0,threshold_250,prospective,2,250.0,104,0,1040,2026-07-12T16:51:38.753526+00:00,0.0027922,0.1015682,True,False,20.0,0.0,187299,197299,True,False,1,5450,1,0,3.1484995567839084e-05,19.999968515004433,5.15e-05,0.09712280000000006,5.9e-06,0.004387999999999934,99c94266c51111e7b0f4be161c191e276decf175f1b4138f93e5d1b293616501,b2cf18bdb4f76921439f4911957af6e19a8ec125d9d4c13d2c10450119862630,a643f62d82e2a28f903663acade174fee38dbb8daecccea9dfcca80068c57ba8,
final,shrinking_n2e6,shrinking,Shrinking,2000000,0.1,threshold_100,prospective,2,100.0,103,0,1041,2026-07-12T16:51:38.858720+00:00,0.0019202,0.0488502,True,False,0.1,0.0,83,94229,True,False,5021,398,1,39,0.03846871542783041,0.061531284572169595,0.04366849999999999,0.0013546000000000018,3.1e-06,0.003824000000000008,0875b655356c077dd6b107928840bfb4f81c87700c0d5a01c786646bb5697417,a6cd6c0b9e307637bf4aa2d4ef406cce19303e39025e977c14cdde7930a4c432,a643f62d82e2a28f903663acade174fee38dbb8daecccea9dfcca80068c57ba8,
final,shrinking_n2e6,shrinking,Shrinking,2000000,0.1,threshold_2000,prospective,2,2000.0,103,0,1042,2026-07-12T16:51:38.909600+00:00,0.0019647,0.0619352,True,False,0.1,0.0,106,4000106,True,False,1,2820,1,0,4.49726715817712e-06,0.09999550273284183,2.4e-05,0.059983299999999885,3e-06,0.0019249000000001112,8aa9420dd470339973b5c6f395cc67111705760b087af26302a862eaa7988548,63b59ee447d58e1eaa1213a14c4dcfa8c177ac84510ce5a32338486586f99dc9,a643f62d82e2a28f903663acade174fee38dbb8daecccea9dfcca80068c57ba8,
final,shrinking_n2e6,shrinking,Shrinking,2000000,0.1,threshold_1000,prospective,2,1000.0,103,0,1043,2026-07-12T16:51:38.973910+00:00,0.0018961,0.0547988,True,False,0.1,0.0,106,4000106,True,False,1,2820,1,0,4.49726715817712e-06,0.09999550273284183,3.04e-05,0.052862099999999974,3.5e-06,0.0019028000000000309,8aa9420dd470339973b5c6f395cc67111705760b087af26302a862eaa7988548,63b59ee447d58e1eaa1213a14c4dcfa8c177ac84510ce5a32338486586f99dc9,a643f62d82e2a28f903663acade174fee38dbb8daecccea9dfcca80068c57ba8,
final,shrinking_n2e6,shrinking,Shrinking,2000000,0.1,threshold_250,prospective,2,250.0,103,0,1044,2026-07-12T16:51:39.030778+00:00,0.0019067,0.040705,True,False,0.1,0.0,83,588497,True,False,3737,1022,1,20,0.020102101354195125,0.07989789864580489,0.03047149999999978,0.007268200000000012,3.3e-06,0.0029620000000002075,16e733abeecb98ea39f8cebebb49554cd1b00b5e5540079e016a1c6978b79c30,cb2eb49a815fc7289d9ce61fb5b92547ea789369400cc3f6a705581242771cc6,a643f62d82e2a28f903663acade174fee38dbb8daecccea9dfcca80068c57ba8,
final,shrinking_n2e6,shrinking,Shrinking,2000000,0.1,threshold_500,prospective,2,500.0,103,0,1045,2026-07-12T16:51:39.073101+00:00,0.0020008,0.0429679,True,False,0.1,0.0,84,2252538,True,False,1592,2061,1,6,0.006239224925438483,0.09376077507456153,0.012569600000000012,0.028083600000000042,4.3e-06,0.0023103999999999486,cd20f9232fceecc6d3d3d7d3b6936d23bfd12916df96274be885896f218350eb,087fd9101955dcb69f8c21d8aeee33cb05ba603d69448c9996c7d6b6d2248d3c,a643f62d82e2a28f903663acade174fee38dbb8daecccea9dfcca80068c57ba8,
final,shrinking_n2e6,shrinking,Shrinking,2000000,0.1,wallclock_timing,wallclock,0,,103,0,1046,2026-07-12T16:51:39.118739+00:00,0.0019991,0.0558809,True,False,0.1,0.0,98,300,False,False,5794,2,2,96,0.09998525055770602,1.4749442293986365e-05,0.05207250000000003,0.0001001,1.33e-05,0.003694999999999969,329aebd4ad81eb86ccbbecc9e0c20201908e02827d21aa778cfda881ff346037,1ef120a77b9b752c623e2386299d5ccc5d4b4f0d21c34c25f7c631230d08d723,a643f62d82e2a28f903663acade174fee38dbb8daecccea9dfcca80068c57ba8,
final,shrinking_split_b_decay_n2e6,shrinking,Shrinking split B decay,2000000,0.1,threshold_1000,prospective,2,1000.0,102,1,1047,2026-07-12T16:51:39.177276+00:00,0.0023557,0.0629891,True,False,0.1,0.0,85,4000085,True,False,1,2820,1,0,5.686732884691339e-06,0.09999431326711532,2.34e-05,0.06112600000000014,3.6e-06,0.0018360999999998684,e5ed88b94d51384c3e7ebd93dd49c8537dbb1dee07f4724deb2190c0fb0c2b25,cb4b28debf36315ebfae2e421bfbee7e17a053336783ec9eec0a0ccfe73b034c,a643f62d82e2a28f903663acade174fee38dbb8daecccea9dfcca80068c57ba8,
final,shrinking_split_b_decay_n2e6,shrinking,Shrinking split B decay,2000000,0.1,threshold_2000,prospective,2,2000.0,102,1,1048,2026-07-12T16:51:39.243100+00:00,0.0021833,0.0718829,True,False,0.1,0.0,85,4000085,True,False,1,2820,1,0,5.686732884691339e-06,0.09999431326711532,2.28e-05,0.06992249999999986,3e-06,0.0019346000000001334,e5ed88b94d51384c3e7ebd93dd49c8537dbb1dee07f4724deb2190c0fb0c2b25,cb4b28debf36315ebfae2e421bfbee7e17a053336783ec9eec0a0ccfe73b034c,a643f62d82e2a28f903663acade174fee38dbb8daecccea9dfcca80068c57ba8,
final,shrinking_split_b_decay_n2e6,shrinking,Shrinking split B decay,2000000,0.1,threshold_500,prospective,2,500.0,102,1,1049,2026-07-12T16:51:39.317778+00:00,0.0019128,0.0404336,True,False,0.1,0.0,73,2253137,True,False,1564,2054,1,6,0.00623164386313527,0.09376835613686474,0.013168399999999936,0.02521050000000006,3.1e-06,0.0020516000000000076,a52adb6b1af9a79a7c78488a42935ed4b020794f4758ef2f8b3c3203fda50332,5195318b3a625b6625a98c7b0946008912af41b1b1f766d6ca5de0fd27d140cb,a643f62d82e2a28f903663acade174fee38dbb8daecccea9dfcca80068c57ba8,
final,shrinking_split_b_decay_n2e6,shrinking,Shrinking split B decay,2000000,0.1,wallclock_timing,wallclock,0,,102,1,1050,2026-07-12T16:51:39.354378+00:00,0.0016563,0.040057,True,False,0.1,0.0,91,287,False,False,5828,2,2,98,0.09998519217080684,1.4807829193167073e-05,0.03749929999999998,5.69e-05,5.1e-06,0.0024957000000000243,8f5d06a9ab0fa4444a3ac4e1476753da057f3129f8e4ac26d4c8f299f18ff5db,70ed4a0884a81e2bca4c10e2c5fc407d328e3f861275e5d34a674d86d827f76c,a643f62d82e2a28f903663acade174fee38dbb8daecccea9dfcca80068c57ba8,
final,shrinking_split_b_decay_n2e6,shrinking,Shrinking split B decay,2000000,0.1,threshold_250,prospective,2,250.0,102,1,1051,2026-07-12T16:51:39.402047+00:00,0.002039,0.0345214,True,False,0.1,0.0,85,589801,True,False,3714,1024,1,20,0.020115361845840132,0.07988463815415987,0.025558699999999976,0.006663199999999998,2.6e-06,0.0022969000000000322,7a7f42d6c8fd6cc75664220e54701334786ff77580d9d45ec1205ba839e122bb,a02a73f517aed5dc53f686f306b8ea2103c25fd4b4c3378087505b76450335ef,a643f62d82e2a28f903663acade174fee38dbb8daecccea9dfcca80068c57ba8,
final,shrinking_split_b_decay_n2e6,shrinking,Shrinking split B decay,2000000,0.1,threshold_100,prospective,2,100.0,102,1,1052,2026-07-12T16:51:39.438998+00:00,0.0018081,0.0381205,True,False,0.1,0.0,88,86364,True,False,5003,400,1,40,0.03841388215971376,0.061586117840286246,0.03436039999999987,0.0011127,3.1e-06,0.002644300000000134,65ad95a70fd8981c5e5530c3c5885652dd568f6a2298ab4a3823f098887c353d,0653cdc81610980b95f1ca81c6f61c789814e16e02c2aaaf36eefad4da743638,a643f62d82e2a28f903663acade174fee38dbb8daecccea9dfcca80068c57ba8,
final,oregonator_n1e5,oregonator,Oregonator,100000,1.0,threshold_250,prospective,2,250.0,104,1,1053,2026-07-12T16:51:39.478892+00:00,0.0021306,0.1700513,True,False,1.0,0.0,81315,133315,True,False,1,16562,1,0,4.512199254750979e-06,0.9999954878007452,2.01e-05,0.15698780000000054,2.9e-06,0.013040499999999455,fd6855e0c117819b02f08e7d893643ec074425f97f98149d40366fd3c48b05b6,8193d2c4bcfc390fe4e1e9851a270cdbc6b5fab22f9c36297df9293efb15ed4c,a643f62d82e2a28f903663acade174fee38dbb8daecccea9dfcca80068c57ba8,
final,oregonator_n1e5,oregonator,Oregonator,100000,1.0,threshold_2000,prospective,2,2000.0,104,1,1054,2026-07-12T16:51:39.651334+00:00,0.0023839,0.1840035,True,False,1.0,0.0,81315,133315,True,False,1,16562,1,0,4.512199254750979e-06,0.9999954878007452,2.82e-05,0.1704086000000018,4.3e-06,0.01356239999999817,fd6855e0c117819b02f08e7d893643ec074425f97f98149d40366fd3c48b05b6,8193d2c4bcfc390fe4e1e9851a270cdbc6b5fab22f9c36297df9293efb15ed4c,a643f62d82e2a28f903663acade174fee38dbb8daecccea9dfcca80068c57ba8,
final,oregonator_n1e5,oregonator,Oregonator,100000,1.0,threshold_500,prospective,2,500.0,104,1,1055,2026-07-12T16:51:39.838073+00:00,0.0022766,0.219155,True,False,1.0,0.0,81315,133315,True,False,1,16562,1,0,4.512199254750979e-06,0.9999954878007452,2.59e-05,0.20353960000000215,3.9e-06,0.01558559999999784,fd6855e0c117819b02f08e7d893643ec074425f97f98149d40366fd3c48b05b6,8193d2c4bcfc390fe4e1e9851a270cdbc6b5fab22f9c36297df9293efb15ed4c,a643f62d82e2a28f903663acade174fee38dbb8daecccea9dfcca80068c57ba8,
final,oregonator_n1e5,oregonator,Oregonator,100000,1.0,threshold_100,prospective,2,100.0,104,1,1056,2026-07-12T16:51:40.056394+00:00,0.0021923,0.1505818,True,False,1.0,0.0,81315,133315,True,False,1,16562,1,0,4.512199254750979e-06,0.9999954878007452,2.44e-05,0.13864389999999774,3.6e-06,0.01190990000000225,fd6855e0c117819b02f08e7d893643ec074425f97f98149d40366fd3c48b05b6,8193d2c4bcfc390fe4e1e9851a270cdbc6b5fab22f9c36297df9293efb15ed4c,a643f62d82e2a28f903663acade174fee38dbb8daecccea9dfcca80068c57ba8,
final,oregonator_n1e5,oregonator,Oregonator,100000,1.0,threshold_1000,prospective,2,1000.0,104,1,1057,2026-07-12T16:51:40.213169+00:00,0.0019124,0.151603,True,False,1.0,0.0,81315,133315,True,False,1,16562,1,0,4.512199254750979e-06,0.9999954878007452,2.09e-05,0.13979429999999865,3e-06,0.011784800000001344,fd6855e0c117819b02f08e7d893643ec074425f97f98149d40366fd3c48b05b6,8193d2c4bcfc390fe4e1e9851a270cdbc6b5fab22f9c36297df9293efb15ed4c,a643f62d82e2a28f903663acade174fee38dbb8daecccea9dfcca80068c57ba8,
final,oregonator_n1e5,oregonator,Oregonator,100000,1.0,wallclock_timing,wallclock,0,,104,1,1058,2026-07-12T16:51:40.366225+00:00,0.0019119,0.1734064,True,False,1.0,0.0,78687,130687,True,False,23,17888,9,0,4.3479714743514626e-05,0.9999565202852564,0.0005049999999999999,0.16051929999999945,0.00012660000000000001,0.01225550000000053,c8b59a03bfc80be1736b6f43f7022fac4e2ceeefa1741eb3cec53ffe28e788b4,a2784e9d21ca7a70cefb26db5e8a5838e8d239613ca96cdbde76020938453d77,a643f62d82e2a28f903663acade174fee38dbb8daecccea9dfcca80068c57ba8,
final,lotka_volterra_n1000000,lotka_volterra,Lotka-Volterra,1000000,1.0,threshold_100,prospective,2,100.0,104,0,1059,2026-07-12T16:51:40.542847+00:00,0.0016069,0.0291496,True,False,1.0,0.0,1259757,2259757,False,False,2945,0,0,0,1.0,0.0,0.027759600000000034,0.0,0.0,0.0013899999999999677,c7bda6197c46737ce756f2f092f7e35f81765f8c1194fca91b543c7eb4dae529,99420776a64852b7abc4f831e4dd8b86ca0454c36e63cfde5008a5d858194efe,a643f62d82e2a28f903663acade174fee38dbb8daecccea9dfcca80068c57ba8,
final,lotka_volterra_n1000000,lotka_volterra,Lotka-Volterra,1000000,1.0,threshold_1000,prospective,2,1000.0,104,0,1060,2026-07-12T16:51:40.573593+00:00,0.0017915,0.0255798,True,False,1.0,0.0,1260881,2260881,True,False,1,1304,1,0,0.0006280407404058532,0.9993719592595942,1.98e-05,0.024958900000000055,3.6e-06,0.0005974999999999453,26473e6c54ddfb507ddfa1f20f42921f31f537a01b5fea42d8ed4c404dcbe449,320bf13da07dc63f5be203bef8ce68e4ba501dff1b3f49182f8f52d2f5cea1dd,a643f62d82e2a28f903663acade174fee38dbb8daecccea9dfcca80068c57ba8,
final,lotka_volterra_n1000000,lotka_volterra,Lotka-Volterra,1000000,1.0,threshold_500,prospective,2,500.0,104,0,1061,2026-07-12T16:51:40.589654+00:00,0.0015095,0.0255269,True,False,1.0,0.0,1260881,2260881,True,False,1,1304,1,0,0.0006280407404058532,0.9993719592595942,1.68e-05,0.024881500000000046,2e-06,0.0006265999999999564,26473e6c54ddfb507ddfa1f20f42921f31f537a01b5fea42d8ed4c404dcbe449,320bf13da07dc63f5be203bef8ce68e4ba501dff1b3f49182f8f52d2f5cea1dd,a643f62d82e2a28f903663acade174fee38dbb8daecccea9dfcca80068c57ba8,
final,lotka_volterra_n1000000,lotka_volterra,Lotka-Volterra,1000000,1.0,threshold_250,prospective,2,250.0,104,0,1062,2026-07-12T16:51:40.626105+00:00,0.0015133,0.0290588,True,False,1.0,0.0,1259757,2259757,False,False,2945,0,0,0,1.0,0.0,0.027653099999999972,0.0,0.0,0.001405700000000027,c7bda6197c46737ce756f2f092f7e35f81765f8c1194fca91b543c7eb4dae529,99420776a64852b7abc4f831e4dd8b86ca0454c36e63cfde5008a5d858194efe,a643f62d82e2a28f903663acade174fee38dbb8daecccea9dfcca80068c57ba8,
final,lotka_volterra_n1000000,lotka_volterra,Lotka-Volterra,1000000,1.0,wallclock_timing,wallclock,0,,104,0,1063,2026-07-12T16:51:40.653418+00:00,0.001407,0.0291225,True,False,1.0,0.0,1259702,2259702,False,False,2944,5,4,0,0.9960313183703812,0.003968681629618859,0.02769589999999996,0.000193,1.57e-05,0.001217900000000039,19b2e61c3faa51a29310bb4134acff217c1d2c3d164a113a92a49cc5a03d038c,2444fb62285989f4a3ea783ef264998aafbf5c1cf215a5b418d79344e9bb1cd4,a643f62d82e2a28f903663acade174fee38dbb8daecccea9dfcca80068c57ba8,
final,lotka_volterra_n1000000,lotka_volterra,Lotka-Volterra,1000000,1.0,threshold_2000,prospective,2,2000.0,104,0,1064,2026-07-12T16:51:40.685379+00:00,0.0013749,0.0250734,True,False,1.0,0.0,1260881,2260881,True,False,1,1304,1,0,0.0006280407404058532,0.9993719592595942,2.35e-05,0.024454200000000054,1.9e-06,0.0005937999999999465,26473e6c54ddfb507ddfa1f20f42921f31f537a01b5fea42d8ed4c404dcbe449,320bf13da07dc63f5be203bef8ce68e4ba501dff1b3f49182f8f52d2f5cea1dd,a643f62d82e2a28f903663acade174fee38dbb8daecccea9dfcca80068c57ba8,
final,dimerization_n1e8,dimerization,Dimerization,100000000,0.5,threshold_100,prospective,2,100.0,101,0,1065,2026-07-12T16:51:40.701405+00:00,0.0014508,0.1722783,True,False,0.5,0.0,79427258,129427258,False,False,15673,0,0,0,0.5,0.0,0.16646150000000512,0.0,0.0,0.005816799999994876,f91343a116aa9c84f361d4ab16926266063d2b2d9ffa30c8141ebaf489057fdb,57a7422a2b35d3e23d769f061f1b1713fe22ec92f7a5606356ab9b3514e0044e,a643f62d82e2a28f903663acade174fee38dbb8daecccea9dfcca80068c57ba8,
final,dimerization_n1e8,dimerization,Dimerization,100000000,0.5,threshold_500,prospective,2,500.0,101,0,1066,2026-07-12T16:51:40.887380+00:00,0.0014878,0.1667069,True,False,0.5,0.0,79427258,129427258,False,False,15673,0,0,0,0.5,0.0,0.1610459000000002,0.0,0.0,0.005660999999999805,f91343a116aa9c84f361d4ab16926266063d2b2d9ffa30c8141ebaf489057fdb,57a7422a2b35d3e23d769f061f1b1713fe22ec92f7a5606356ab9b3514e0044e,a643f62d82e2a28f903663acade174fee38dbb8daecccea9dfcca80068c57ba8,
final,dimerization_n1e8,dimerization,Dimerization,100000000,0.5,threshold_1000,prospective,2,1000.0,101,0,1067,2026-07-12T16:51:41.047639+00:00,0.001476,0.172853,True,False,0.5,0.0,79427258,129427258,False,False,15673,0,0,0,0.5,0.0,0.16692699999999952,0.0,0.0,0.0059260000000004864,f91343a116aa9c84f361d4ab16926266063d2b2d9ffa30c8141ebaf489057fdb,57a7422a2b35d3e23d769f061f1b1713fe22ec92f7a5606356ab9b3514e0044e,a643f62d82e2a28f903663acade174fee38dbb8daecccea9dfcca80068c57ba8,
final,dimerization_n1e8,dimerization,Dimerization,100000000,0.5,wallclock_timing,wallclock,0,,101,0,1068,2026-07-12T16:51:41.234016+00:00,0.0016596,0.1728729,True,False,0.5,0.0,79432294,129432294,False,False,15630,4,4,0,0.49912850363672806,0.0008714963632718894,0.16627930000000204,0.0012915000000000001,2.29e-05,0.005279199999997958,f3b9e4dcbcff1c8030cc6891704b217141cecfc7b793fae0be41a4ac9a05a554,90b0d3344326974cc6c47afdf5c28fac62bde9a67b75f6ee166b815de6858fea,a643f62d82e2a28f903663acade174fee38dbb8daecccea9dfcca80068c57ba8,
final,dimerization_n1e8,dimerization,Dimerization,100000000,0.5,threshold_250,prospective,2,250.0,101,0,1069,2026-07-12T16:51:41.408658+00:00,0.0015995,0.1684412,True,False,0.5,0.0,79427258,129427258,False,False,15673,0,0,0,0.5,0.0,0.1627316000000007,0.0,0.0,0.005709599999999315,f91343a116aa9c84f361d4ab16926266063d2b2d9ffa30c8141ebaf489057fdb,57a7422a2b35d3e23d769f061f1b1713fe22ec92f7a5606356ab9b3514e0044e,a643f62d82e2a28f903663acade174fee38dbb8daecccea9dfcca80068c57ba8,
final,dimerization_n1e8,dimerization,Dimerization,100000000,0.5,threshold_2000,prospective,2,2000.0,101,0,1070,2026-07-12T16:51:41.578976+00:00,0.0016463,0.5982769,True,False,0.5,0.0,79434358,129434358,True,False,1,2192,1,0,1.800981704058498e-05,0.4999819901829594,1.86e-05,0.5970147999999998,2.3e-06,0.0012412000000001644,edd9b46d0d808fd7e60f41c2b120fb9ff69124a80e791c8564f2b4a640d1dc34,991f38df801c2a5cd6c74769f4c46d100d1f8058687fc2b66f0122dc26b3c577,a643f62d82e2a28f903663acade174fee38dbb8daecccea9dfcca80068c57ba8,
final,shrinking_n2e6,shrinking,Shrinking,2000000,0.1,threshold_100,prospective,2,100.0,101,0,1071,2026-07-12T16:51:42.179061+00:00,0.0020185,0.0386255,True,False,0.1,0.0,91,86345,True,False,5021,401,1,40,0.038397110199321315,0.06160288980067869,0.034702199999999996,0.0010058000000000016,2.4e-06,0.002915100000000004,e0a5d2359bafc7130caec9ebc6b82007dcdeaf41d79e7517ec1ac3d094a6a74e,04764dfc5d5151ffcadbfac2cbf191692d89583604b9d80a7da1bcefad5e2e30,a643f62d82e2a28f903663acade174fee38dbb8daecccea9dfcca80068c57ba8,
final,shrinking_n2e6,shrinking,Shrinking,2000000,0.1,threshold_250,prospective,2,250.0,101,0,1072,2026-07-12T16:51:42.220062+00:00,0.0017224,0.03091,True,False,0.1,0.0,94,537042,True,False,3698,1021,1,21,0.020089403379637983,0.07991059662036203,0.0235304000000001,0.0052134999999999985,2e-06,0.0021640999999999015,59e02fa701b23ef22dbedf0f9d08cc486e3a2a7969fdd84a37af3fc905c654d4,e5c186e570190591b9910466f39202663283a8bba96486f4b7c6d28b18249559,a643f62d82e2a28f903663acade174fee38dbb8daecccea9dfcca80068c57ba8,
final,shrinking_n2e6,shrinking,Shrinking,2000000,0.1,threshold_1000,prospective,2,1000.0,101,0,1073,2026-07-12T16:51:42.252600+00:00,0.001433,0.0382798,True,False,0.1,0.0,83,4000083,True,False,1,2818,1,0,2.19566552243387e-06,0.09999780433447757,1.19e-05,0.03698759999999989,1.7e-06,0.0012786000000001088,42d75f93e8909d1424df3784009ec1861c90246fda66ab67d9f3ba07205617f9,f7ab268597cbc2aae54dcb0e0bd5b29b76b8f67ddcbfb5992f71307e37705b34,a643f62d82e2a28f903663acade174fee38dbb8daecccea9dfcca80068c57ba8,
final,shrinking_n2e6,shrinking,Shrinking,2000000,0.1,threshold_2000,prospective,2,2000.0,101,0,1074,2026-07-12T16:51:42.292600+00:00,0.0014826,0.0403465,True,False,0.1,0.0,83,4000083,True,False,1,2818,1,0,2.19566552243387e-06,0.09999780433447757,1.31e-05,0.03904800000000004,2.1e-06,0.0012832999999999595,42d75f93e8909d1424df3784009ec1861c90246fda66ab67d9f3ba07205617f9,f7ab268597cbc2aae54dcb0e0bd5b29b76b8f67ddcbfb5992f71307e37705b34,a643f62d82e2a28f903663acade174fee38dbb8daecccea9dfcca80068c57ba8,
final,shrinking_n2e6,shrinking,Shrinking,2000000,0.1,threshold_500,prospective,2,500.0,101,0,1075,2026-07-12T16:51:42.334604+00:00,0.0015357,0.0323844,True,False,0.1,0.0,70,2254354,True,False,1566,2060,1,6,0.006226823117086736,0.09377317688291327,0.010319000000000054,0.020402300000000036,2.2e-06,0.0016608999999999097,e815cb3c63fe3c1d2b146eb353399de85fcec48b124ee30c98040670c67ae09d,8532c01bb498ddbe4415b61aa24d5c6db7ae52123c6d1cef431c44877f4039b7,a643f62d82e2a28f903663acade174fee38dbb8daecccea9dfcca80068c57ba8,
final,shrinking_n2e6,shrinking,Shrinking,2000000,0.1,wallclock_timing,wallclock,0,,101,0,1076,2026-07-12T16:51:42.369119+00:00,0.0015522,0.0397077,True,False,0.1,0.0,92,280,False,False,5790,2,2,97,0.09998523279366704,1.476720633295913e-05,0.03712679999999997,5.91e-05,7e-06,0.0025148000000000323,2c9c388d9210afe7c485e2dcb111cae93c40eac471d8f1c54a123beea885520e,dc571d2e8e0f1a56158fbf4c7b43db5a5435230672758c1402d921dc8a8f37f1,a643f62d82e2a28f903663acade174fee38dbb8daecccea9dfcca80068c57ba8,
final,rossler_n1e5,rossler,Rössler-Willamowski,100000,1.0,threshold_1000,prospective,2,1000.0,101,1,1077,2026-07-12T16:51:42.410586+00:00,0.0020697,3.2795521,True,False,1.0,0.0,3019874,6019874,True,False,12500,42319,3,0,0.04845642598438901,0.9515435740156111,0.15108160000000095,3.068083199999914,3.51e-05,0.06035220000008534,636e005d190ba749fe951e364295df911418d69303b97c7866b4bb503b57ac50,f7f0719ac3cc00219fd8cc6d062fe8f67c36b185c5f5b05fe42e6575925aeba2,a643f62d82e2a28f903663acade174fee38dbb8daecccea9dfcca80068c57ba8,
final,rossler_n1e5,rossler,Rössler-Willamowski,100000,1.0,threshold_100,prospective,2,100.0,101,1,1078,2026-07-12T16:51:45.691568+00:00,0.0030556,2.4298435,True,False,1.0,0.0,3017380,5805418,False,False,163654,118,2,25,0.9826454708603665,0.01735452913963354,2.229000299999922,0.0013808999999999998,2.2199999999999998e-05,0.19944010000007806,58d6693082da80a555ff60ce771e62d9db86a39571b6cf1442cde9656f2214c2,1c0f4a3ad4c7305aeee872336542c3054e5882d241b19619b7341b7a5a6b8538,a643f62d82e2a28f903663acade174fee38dbb8daecccea9dfcca80068c57ba8,
final,rossler_n1e5,rossler,Rössler-Willamowski,100000,1.0,threshold_500,prospective,2,500.0,101,1,1079,2026-07-12T16:51:48.125474+00:00,0.002212,2.1744601,True,False,1.0,0.0,3017049,6017049,True,False,87830,16722,5,0,0.4365914197948359,0.563408580205164,1.0595987000000902,1.001076699999996,4.86e-05,0.11373609999991396,35579c11aa089fa279c08f1033f44e1f268d681eb763ebaafa5c7125c84233cd,7a8f9d9e1277f720c835162a3c43c305e16cd34ae187d724338d1ed3dd693edb,a643f62d82e2a28f903663acade174fee38dbb8daecccea9dfcca80068c57ba8,
final,rossler_n1e5,rossler,Rössler-Willamowski,100000,1.0,wallclock_timing,wallclock,0,,101,1,1080,2026-07-12T16:51:50.302469+00:00,0.0022429,2.1708602,True,False,1.0,0.0,3027186,6027186,False,False,157890,525,66,19,0.9627445320994705,0.03725546790052945,1.9761473000002516,0.0251927,0.0007989000000000003,0.16872129999974828,723a38e6226e1630c3c130c8905b3156338222f7c4a3ac8d002b00f68e09cc0b,b7fecae531fb3ec9dd8b6c61f59b32c74131ff4ceec2a2a057f5d55a832241ec,a643f62d82e2a28f903663acade174fee38dbb8daecccea9dfcca80068c57ba8,
final,rossler_n1e5,rossler,Rössler-Willamowski,100000,1.0,threshold_2000,prospective,2,2000.0,101,1,1081,2026-07-12T16:51:52.466152+00:00,0.0023833,3.9907131,True,False,1.0,0.0,3026400,3226400,True,False,1,47579,1,0,2.6448815083487092e-05,0.9999735511849166,2.5e-05,3.9350390999999667,5.6e-06,0.05564340000003298,8cca9b645c8e2a7095d222979955fb1eaa402957400bbaf4ab8c36a7b9c269d7,886a274e923f4d04d21f42be41375577dd3a8f59a585f5e88b6a5bd81e0574a4,a643f62d82e2a28f903663acade174fee38dbb8daecccea9dfcca80068c57ba8,
final,rossler_n1e5,rossler,Rössler-Willamowski,100000,1.0,threshold_250,prospective,2,250.0,101,1,1082,2026-07-12T16:51:56.462067+00:00,0.0022818,2.0211744,True,False,1.0,0.0,3017985,5998675,False,False,157245,923,2,12,0.9179549504179793,0.08204504958202072,1.8388906999998935,0.018376599999999996,2.38e-05,0.16388330000010654,07ecd92faed52eb9bb4f6322ef4cade38598742d2ebc625c3c5416b4a46dfb7f,d757e289bf17174f5fb4ddcee71a56ba3ce5c97ba45c89e71382e2e866d7d7f0,a643f62d82e2a28f903663acade174fee38dbb8daecccea9dfcca80068c57ba8,
final,shrinking_n2e6,shrinking,Shrinking,2000000,0.1,wallclock_timing,wallclock,0,,103,1,1083,2026-07-12T16:51:58.478285+00:00,0.001899,0.0510537,True,False,0.1,0.0,98,300,False,False,5794,2,2,96,0.09998525055770602,1.4749442293986365e-05,0.04747630000000069,8.63e-05,9.5e-06,0.0034815999999993075,329aebd4ad81eb86ccbbecc9e0c20201908e02827d21aa778cfda881ff346037,1ef120a77b9b752c623e2386299d5ccc5d4b4f0d21c34c25f7c631230d08d723,a643f62d82e2a28f903663acade174fee38dbb8daecccea9dfcca80068c57ba8,
final,shrinking_n2e6,shrinking,Shrinking,2000000,0.1,threshold_500,prospective,2,500.0,103,1,1084,2026-07-12T16:51:58.541828+00:00,0.0016525,0.0405212,True,False,0.1,0.0,84,2252538,True,False,1592,2061,1,6,0.006239224925438483,0.09376077507456153,0.011984100000000025,0.026547700000000056,3.4e-06,0.0019859999999999184,cd20f9232fceecc6d3d3d7d3b6936d23bfd12916df96274be885896f218350eb,087fd9101955dcb69f8c21d8aeee33cb05ba603d69448c9996c7d6b6d2248d3c,a643f62d82e2a28f903663acade174fee38dbb8daecccea9dfcca80068c57ba8,
final,shrinking_n2e6,shrinking,Shrinking,2000000,0.1,threshold_2000,prospective,2,2000.0,103,1,1085,2026-07-12T16:51:58.573739+00:00,0.0019326,0.05173,True,False,0.1,0.0,106,4000106,True,False,1,2820,1,0,4.49726715817712e-06,0.09999550273284183,1.84e-05,0.05000939999999999,2.4e-06,0.0016998000000000082,8aa9420dd470339973b5c6f395cc67111705760b087af26302a862eaa7988548,63b59ee447d58e1eaa1213a14c4dcfa8c177ac84510ce5a32338486586f99dc9,a643f62d82e2a28f903663acade174fee38dbb8daecccea9dfcca80068c57ba8,
final,shrinking_n2e6,shrinking,Shrinking,2000000,0.1,threshold_100,prospective,2,100.0,103,1,1086,2026-07-12T16:51:58.637144+00:00,0.0019219,0.0446164,True,False,0.1,0.0,83,94229,True,False,5021,398,1,39,0.03846871542783041,0.061531284572169595,0.039844199999999615,0.001417100000000001,3e-06,0.0033521000000003853,0875b655356c077dd6b107928840bfb4f81c87700c0d5a01c786646bb5697417,a6cd6c0b9e307637bf4aa2d4ef406cce19303e39025e977c14cdde7930a4c432,a643f62d82e2a28f903663acade174fee38dbb8daecccea9dfcca80068c57ba8,
final,shrinking_n2e6,shrinking,Shrinking,2000000,0.1,threshold_1000,prospective,2,1000.0,103,1,1087,2026-07-12T16:51:58.685134+00:00,0.001821,0.0501126,True,False,0.1,0.0,106,4000106,True,False,1,2820,1,0,4.49726715817712e-06,0.09999550273284183,2.4e-05,0.048432699999999745,2.7e-06,0.0016532000000002503,8aa9420dd470339973b5c6f395cc67111705760b087af26302a862eaa7988548,63b59ee447d58e1eaa1213a14c4dcfa8c177ac84510ce5a32338486586f99dc9,a643f62d82e2a28f903663acade174fee38dbb8daecccea9dfcca80068c57ba8,
final,shrinking_n2e6,shrinking,Shrinking,2000000,0.1,threshold_250,prospective,2,250.0,103,1,1088,2026-07-12T16:51:58.742001+00:00,0.0018745,0.0392227,True,False,0.1,0.0,83,588497,True,False,3737,1022,1,20,0.020102101354195125,0.07989789864580489,0.03013909999999969,0.0063300000000000006,2.8e-06,0.00275080000000031,16e733abeecb98ea39f8cebebb49554cd1b00b5e5540079e016a1c6978b79c30,cb2eb49a815fc7289d9ce61fb5b92547ea789369400cc3f6a705581242771cc6,a643f62d82e2a28f903663acade174fee38dbb8daecccea9dfcca80068c57ba8,
final,lotka_volterra_n1000000,lotka_volterra,Lotka-Volterra,1000000,1.0,threshold_100,prospective,2,100.0,102,1,1089,2026-07-12T16:51:58.782957+00:00,0.0019193,0.0327273,True,False,1.0,0.0,1259716,2259716,False,False,2890,0,0,0,1.0,0.0,0.031192899999999756,0.0,0.0,0.0015344000000002446,ec9f1e21b97075ac886c54ff9e738157ab72bd8a0a9d78f107faf87189636ffd,23f554b7496f420fd5c418a658689e137ea89b87d15db3c163d1f60404c51ada,a643f62d82e2a28f903663acade174fee38dbb8daecccea9dfcca80068c57ba8,
final,lotka_volterra_n1000000,lotka_volterra,Lotka-Volterra,1000000,1.0,threshold_500,prospective,2,500.0,102,1,1090,2026-07-12T16:51:58.806978+00:00,0.001731,0.029463,True,False,1.0,0.0,1257888,2257888,True,False,1,1302,1,0,0.0006027752338752138,0.9993972247661248,1.69e-05,0.02875540000000002,2.5e-06,0.0006881999999999791,12cd9d4a0c6f2a6ea44a9f79a8671722595b3ea1e78ae04c91b473f0bfd2adde,6420595d26083036b2f701cec16967f309559745d2d111a4a7e279105c3142b8,a643f62d82e2a28f903663acade174fee38dbb8daecccea9dfcca80068c57ba8,
final,lotka_volterra_n1000000,lotka_volterra,Lotka-Volterra,1000000,1.0,threshold_2000,prospective,2,2000.0,102,1,1091,2026-07-12T16:51:58.844050+00:00,0.0017175,0.0313255,True,False,1.0,0.0,1257888,2257888,True,False,1,1302,1,0,0.0006027752338752138,0.9993972247661248,1.9e-05,0.030579500000000006,2.4e-06,0.0007245999999999919,12cd9d4a0c6f2a6ea44a9f79a8671722595b3ea1e78ae04c91b473f0bfd2adde,6420595d26083036b2f701cec16967f309559745d2d111a4a7e279105c3142b8,a643f62d82e2a28f903663acade174fee38dbb8daecccea9dfcca80068c57ba8,
final,lotka_volterra_n1000000,lotka_volterra,Lotka-Volterra,1000000,1.0,wallclock_timing,wallclock,0,,102,1,1092,2026-07-12T16:51:58.869820+00:00,0.0017052,0.0335491,True,False,1.0,0.0,1259859,2259859,False,False,2885,2,2,0,0.998402566185791,0.001597433814208904,0.03205579999999985,4.4999999999999996e-05,8.8e-06,0.001439500000000142,45fc7cd4bfdfc577679f1e7764e3e3fae37a645adc94445eccebcc0d62d2e2f1,6235c31dd9d25daa77e4e62f04282828f9f351c20cc625330f8e42c22f1681d3,a643f62d82e2a28f903663acade174fee38dbb8daecccea9dfcca80068c57ba8,
final,lotka_volterra_n1000000,lotka_volterra,Lotka-Volterra,1000000,1.0,threshold_250,prospective,2,250.0,102,1,1093,2026-07-12T16:51:58.917808+00:00,0.0018346,0.0337782,True,False,1.0,0.0,1259716,2259716,False,False,2890,0,0,0,1.0,0.0,0.032171899999999864,0.0,0.0,0.0016063000000001368,ec9f1e21b97075ac886c54ff9e738157ab72bd8a0a9d78f107faf87189636ffd,23f554b7496f420fd5c418a658689e137ea89b87d15db3c163d1f60404c51ada,a643f62d82e2a28f903663acade174fee38dbb8daecccea9dfcca80068c57ba8,
final,lotka_volterra_n1000000,lotka_volterra,Lotka-Volterra,1000000,1.0,threshold_1000,prospective,2,1000.0,102,1,1094,2026-07-12T16:51:58.949430+00:00,0.0016205,0.0254715,True,False,1.0,0.0,1257888,2257888,True,False,1,1302,1,0,0.0006027752338752138,0.9993972247661248,1.54e-05,0.02485790000000002,2.3e-06,0.0005958999999999826,12cd9d4a0c6f2a6ea44a9f79a8671722595b3ea1e78ae04c91b473f0bfd2adde,6420595d26083036b2f701cec16967f309559745d2d111a4a7e279105c3142b8,a643f62d82e2a28f903663acade174fee38dbb8daecccea9dfcca80068c57ba8,
final,brusselator_n2e4,brusselator,Order-3 Brusselator,20000,20.0,threshold_100,prospective,2,100.0,101,0,1095,2026-07-12T16:51:58.980795+00:00,0.0017095,0.0934717,True,False,20.0,0.0,187390,197390,True,False,1,5463,1,0,1.134798508506608e-05,19.999988652014917,3.25e-05,0.08926760000000002,2.9e-06,0.0041686999999999835,414bd899b42e55de0ade9c30d5305a30d54272c082324e4bff9833562a8ebd10,1e0821f3fd5a43162264cb04bde4b17ffe8fd7779df4b18e64704183ccf63951,a643f62d82e2a28f903663acade174fee38dbb8daecccea9dfcca80068c57ba8,
final,brusselator_n2e4,brusselator,Order-3 Brusselator,20000,20.0,wallclock_timing,wallclock,0,,101,0,1096,2026-07-12T16:51:59.077246+00:00,0.0019712,0.1058411,True,False,20.0,0.0,186995,196995,True,False,256,5462,1,0,0.004462261750151497,19.995537738249848,0.006768799999999998,0.09486539999999999,4.8e-06,0.004202100000000014,a7af9d1003b838827c073ed7419e7cf78667e9291b283b731178992df02fb1d8,95100fd63ae519112d3571880bbd0e66f772d04c2d6552530160a58c838130df,a643f62d82e2a28f903663acade174fee38dbb8daecccea9dfcca80068c57ba8,
final,brusselator_n2e4,brusselator,Order-3 Brusselator,20000,20.0,threshold_1000,prospective,2,1000.0,101,0,1097,2026-07-12T16:51:59.185570+00:00,0.0021568,0.1113324,True,False,20.0,0.0,187390,197390,True,False,1,5463,1,0,1.134798508506608e-05,19.999988652014917,4.5e-05,0.10657989999999985,4e-06,0.004703500000000138,414bd899b42e55de0ade9c30d5305a30d54272c082324e4bff9833562a8ebd10,1e0821f3fd5a43162264cb04bde4b17ffe8fd7779df4b18e64704183ccf63951,a643f62d82e2a28f903663acade174fee38dbb8daecccea9dfcca80068c57ba8,
final,brusselator_n2e4,brusselator,Order-3 Brusselator,20000,20.0,threshold_2000,prospective,2,2000.0,101,0,1098,2026-07-12T16:51:59.298902+00:00,0.002064,0.0994109,True,False,20.0,0.0,187390,197390,True,False,1,5463,1,0,1.134798508506608e-05,19.999988652014917,3.71e-05,0.09503900000000028,3.4e-06,0.004331399999999722,414bd899b42e55de0ade9c30d5305a30d54272c082324e4bff9833562a8ebd10,1e0821f3fd5a43162264cb04bde4b17ffe8fd7779df4b18e64704183ccf63951,a643f62d82e2a28f903663acade174fee38dbb8daecccea9dfcca80068c57ba8,
final,brusselator_n2e4,brusselator,Order-3 Brusselator,20000,20.0,threshold_500,prospective,2,500.0,101,0,1099,2026-07-12T16:51:59.400845+00:00,0.0022065,0.0998325,True,False,20.0,0.0,187390,197390,True,False,1,5463,1,0,1.134798508506608e-05,19.999988652014917,3.77e-05,0.09549640000000013,3.8e-06,0.004294599999999871,414bd899b42e55de0ade9c30d5305a30d54272c082324e4bff9833562a8ebd10,1e0821f3fd5a43162264cb04bde4b17ffe8fd7779df4b18e64704183ccf63951,a643f62d82e2a28f903663acade174fee38dbb8daecccea9dfcca80068c57ba8,
final,brusselator_n2e4,brusselator,Order-3 Brusselator,20000,20.0,threshold_250,prospective,2,250.0,101,0,1100,2026-07-12T16:51:59.502929+00:00,0.0021069,0.1048468,True,False,20.0,0.0,187390,197390,True,False,1,5463,1,0,1.134798508506608e-05,19.999988652014917,3.78e-05,0.10080249999999999,3.4e-06,0.004003100000000009,414bd899b42e55de0ade9c30d5305a30d54272c082324e4bff9833562a8ebd10,1e0821f3fd5a43162264cb04bde4b17ffe8fd7779df4b18e64704183ccf63951,a643f62d82e2a28f903663acade174fee38dbb8daecccea9dfcca80068c57ba8,
final,lotka_volterra_n100000,lotka_volterra,Lotka-Volterra,100000,1.0,threshold_250,prospective,2,250.0,106,0,1101,2026-07-12T16:51:59.610474+00:00,0.0015765,0.0030226,True,False,1.0,0.0,125956,225956,True,False,1,412,1,0,0.0020571623726540825,0.9979428376273459,1.68e-05,0.002803500000000001,2.1e-06,0.0002001999999999989,49ee835a5ba50fff31453db9fb8f9a394d1aaf0486b9938f9e494f2324a3c505,3ddfaef3353d6f11e999e258a3f8261edec6e8a77806fefdd9342f5fc90f1ca5,a643f62d82e2a28f903663acade174fee38dbb8daecccea9dfcca80068c57ba8,
final,lotka_volterra_n100000,lotka_volterra,Lotka-Volterra,100000,1.0,threshold_1000,prospective,2,1000.0,106,0,1102,2026-07-12T16:51:59.615478+00:00,0.0010892,0.0027479,True,False,1.0,0.0,125956,225956,True,False,1,412,1,0,0.0020571623726540825,0.9979428376273459,1.15e-05,0.0025518000000000003,1.3e-06,0.00018329999999999996,49ee835a5ba50fff31453db9fb8f9a394d1aaf0486b9938f9e494f2324a3c505,3ddfaef3353d6f11e999e258a3f8261edec6e8a77806fefdd9342f5fc90f1ca5,a643f62d82e2a28f903663acade174fee38dbb8daecccea9dfcca80068c57ba8,
final,lotka_volterra_n100000,lotka_volterra,Lotka-Volterra,100000,1.0,wallclock_timing,wallclock,0,,106,0,1103,2026-07-12T16:51:59.619473+00:00,0.001208,0.0054317,True,False,1.0,0.0,125871,225871,True,False,395,242,5,0,0.42384072775432824,0.5761592722456718,0.003603700000000003,0.0015350000000000001,1.19e-05,0.00028109999999999767,39c635abb4109bd18400c22d40bd94949ec251ef7a537910ee37e308a5df4057,f265fcea5676b7d501688a7592ec0422a405f7ef8c27b029ef05bad9a9d89bda,a643f62d82e2a28f903663acade174fee38dbb8daecccea9dfcca80068c57ba8,
final,lotka_volterra_n100000,lotka_volterra,Lotka-Volterra,100000,1.0,threshold_2000,prospective,2,2000.0,106,0,1104,2026-07-12T16:51:59.625473+00:00,0.0012624,0.0035562,True,False,1.0,0.0,125956,225956,True,False,1,412,1,0,0.0020571623726540825,0.9979428376273459,1.3e-05,0.003327500000000002,1.6e-06,0.00021409999999999789,49ee835a5ba50fff31453db9fb8f9a394d1aaf0486b9938f9e494f2324a3c505,3ddfaef3353d6f11e999e258a3f8261edec6e8a77806fefdd9342f5fc90f1ca5,a643f62d82e2a28f903663acade174fee38dbb8daecccea9dfcca80068c57ba8,
final,lotka_volterra_n100000,lotka_volterra,Lotka-Volterra,100000,1.0,threshold_500,prospective,2,500.0,106,0,1105,2026-07-12T16:51:59.630473+00:00,0.0015053,0.0050283,True,False,1.0,0.0,125956,225956,True,False,1,412,1,0,0.0020571623726540825,0.9979428376273459,1.7e-05,0.004734899999999995,2e-06,0.00027440000000000537,49ee835a5ba50fff31453db9fb8f9a394d1aaf0486b9938f9e494f2324a3c505,3ddfaef3353d6f11e999e258a3f8261edec6e8a77806fefdd9342f5fc90f1ca5,a643f62d82e2a28f903663acade174fee38dbb8daecccea9dfcca80068c57ba8,
final,lotka_volterra_n100000,lotka_volterra,Lotka-Volterra,100000,1.0,threshold_100,prospective,2,100.0,106,0,1106,2026-07-12T16:51:59.637473+00:00,0.0012754,0.0088897,True,False,1.0,0.0,125849,225849,False,False,958,0,0,0,1.0,0.0,0.008442200000000023,0.0,0.0,0.00044749999999997743,957b10741a9b176f7003fe3465da6be214096be21c25b01d70d04fb49b9f2317,c642c08bdaa129ac573cc0645a51c4edebaf28d4500b5b8ffeaacb66655b01dd,a643f62d82e2a28f903663acade174fee38dbb8daecccea9dfcca80068c57ba8,
final,shrinking_no_b_decay_n2e6,shrinking,Shrinking no B decay,2000000,0.1,threshold_2000,prospective,2,2000.0,103,0,1107,2026-07-12T16:51:59.647472+00:00,0.0011903,0.0203511,True,False,0.1,0.0,807304,4807304,True,False,1,1036,1,0,4.49726715817712e-06,0.09999550273284183,1.11e-05,0.019970600000000036,1.3e-06,0.000368099999999965,f946bfa7cc6b255b37d73d198b7d80f84871867ece5b21a18dc9c3d6ff7e073e,689d989e853b1ef9c7eb33f124da8f5d84227b28ab31d4a0a51403acb2b275f7,a643f62d82e2a28f903663acade174fee38dbb8daecccea9dfcca80068c57ba8,
final,shrinking_no_b_decay_n2e6,shrinking,Shrinking no B decay,2000000,0.1,threshold_1000,prospective,2,1000.0,103,0,1108,2026-07-12T16:51:59.670029+00:00,0.001216,0.0202554,True,False,0.1,0.0,807304,4807304,True,False,1,1036,1,0,4.49726715817712e-06,0.09999550273284183,1.29e-05,0.019850000000000086,1.5e-06,0.00039099999999991225,f946bfa7cc6b255b37d73d198b7d80f84871867ece5b21a18dc9c3d6ff7e073e,689d989e853b1ef9c7eb33f124da8f5d84227b28ab31d4a0a51403acb2b275f7,a643f62d82e2a28f903663acade174fee38dbb8daecccea9dfcca80068c57ba8,
final,shrinking_no_b_decay_n2e6,shrinking,Shrinking no B decay,2000000,0.1,wallclock_timing,wallclock,0,,103,0,1109,2026-07-12T16:51:59.691028+00:00,0.0011309,0.0548714,True,False,0.1,0.0,807224,2586364,True,False,8439,38,5,7,0.03932983510368088,0.06067016489631913,0.05131630000000032,0.0008213000000000001,2.16e-05,0.0027121999999996857,d4842adaad4afecbe15fca919c58ec8ee6d67b4d37d4a2858822abe5dd3b244e,d901e9f3ff18bf9454f4fc047bb8cadba87da479ff456f8dc80a5c00c6972004,a643f62d82e2a28f903663acade174fee38dbb8daecccea9dfcca80068c57ba8,
final,shrinking_no_b_decay_n2e6,shrinking,Shrinking no B decay,2000000,0.1,threshold_500,prospective,2,500.0,103,0,1110,2026-07-12T16:51:59.747390+00:00,0.0016316,0.0224223,True,False,0.1,0.0,807304,4807304,True,False,1,1036,1,0,4.49726715817712e-06,0.09999550273284183,1.83e-05,0.022001000000000014,2.1e-06,0.0004008999999999853,f946bfa7cc6b255b37d73d198b7d80f84871867ece5b21a18dc9c3d6ff7e073e,689d989e853b1ef9c7eb33f124da8f5d84227b28ab31d4a0a51403acb2b275f7,a643f62d82e2a28f903663acade174fee38dbb8daecccea9dfcca80068c57ba8,
final,shrinking_no_b_decay_n2e6,shrinking,Shrinking no B decay,2000000,0.1,threshold_250,prospective,2,250.0,103,0,1111,2026-07-12T16:51:59.771929+00:00,0.0014263,0.0227519,True,False,0.1,0.0,807106,3811292,True,False,1775,594,1,3,0.00658541451036639,0.09341458548963362,0.011225900000000082,0.010670499999999979,1.7e-06,0.0008537999999999393,610b12dbf4208601e91721d6de62eb6237687ab19bd4a73f83cd1554e9678325,194f49a82e707294c9e2f4cd852a0c8262b8e684285d0614125159c15ac73d55,a643f62d82e2a28f903663acade174fee38dbb8daecccea9dfcca80068c57ba8,
final,shrinking_no_b_decay_n2e6,shrinking,Shrinking no B decay,2000000,0.1,threshold_100,prospective,2,100.0,103,0,1112,2026-07-12T16:51:59.796968+00:00,0.0017245,0.0318276,True,False,0.1,0.0,807032,2857982,True,False,4228,223,1,7,0.017398306334134982,0.08260169366586502,0.026746799999999828,0.003512700000000001,2e-06,0.0015661000000001708,c2007a5cf804fbdcdb8dd99f1b9c9857d06435e4caaffeb694722d45902d186a,628a59ef20e6a28c534db807d749c99f9feebd9aeed55edb0f15f08aaa4bea2d,a643f62d82e2a28f903663acade174fee38dbb8daecccea9dfcca80068c57ba8,
final,shrinking_n2e6,shrinking,Shrinking,2000000,0.1,threshold_100,prospective,2,100.0,106,1,1113,2026-07-12T16:51:59.830927+00:00,0.0015017,0.034092,True,False,0.1,0.0,74,86350,True,False,4996,398,1,40,0.03841637987576629,0.06158362012423371,0.030715400000000177,0.0009541000000000012,1.7e-06,0.0024207999999998203,efaa68990589723f490eff8a1a3ce23abf409158e6a73cfb656f38d6c12fa221,f8bc08a9a9060917d9ba847da7a7818d33fa88d62ec3fe08e2f6fc388afddd69,a643f62d82e2a28f903663acade174fee38dbb8daecccea9dfcca80068c57ba8,
final,shrinking_n2e6,shrinking,Shrinking,2000000,0.1,wallclock_timing,wallclock,0,,106,1,1114,2026-07-12T16:51:59.866614+00:00,0.0013821,0.0386002,True,False,0.1,0.0,86,258,False,False,5809,2,2,98,0.09998525751698085,1.4742483019155477e-05,0.0360375999999999,4.8899999999999996e-05,4.8e-06,0.0025089000000001055,c0cb508a3c3061fd0167b02114ddba895f0f64989bdb0c7bd608ce4f8ba749d7,596e07a1b4b35a3a4447302b1d82d0a974e9da5a476e70722b5df4487125a236,a643f62d82e2a28f903663acade174fee38dbb8daecccea9dfcca80068c57ba8,
final,shrinking_n2e6,shrinking,Shrinking,2000000,0.1,threshold_250,prospective,2,250.0,106,1,1115,2026-07-12T16:51:59.906524+00:00,0.0016983,0.0438844,True,False,0.1,0.0,90,536452,True,False,3732,1022,1,21,0.020083012515066903,0.0799169874849331,0.031001200000000152,0.009693600000000004,3.2e-06,0.0031863999999998394,cd80c0967166d2311b48ad5f7aa0268d16a29399de513a3c42bfe7d1cb4bf1e6,d95e548dc0ea22020b5cb7a3ce19f62bdbde9770cc4aa02b29f1f8012421e881,a643f62d82e2a28f903663acade174fee38dbb8daecccea9dfcca80068c57ba8,
final,shrinking_n2e6,shrinking,Shrinking,2000000,0.1,threshold_2000,prospective,2,2000.0,106,1,1116,2026-07-12T16:51:59.952527+00:00,0.001821,0.0601813,True,False,0.1,0.0,100,4000100,True,False,1,2821,1,0,6.082396754594631e-06,0.09999391760324541,1.53e-05,0.058397000000000004,2.2e-06,0.001766799999999992,623d063f00ea4aa055bc860e300f6d1d8822facf1aea04ac4d497f448f1ef70d,476714e56b441c189f4f32950817227e4bc7556f25172c90330b11a89d681d5e,a643f62d82e2a28f903663acade174fee38dbb8daecccea9dfcca80068c57ba8,
final,shrinking_n2e6,shrinking,Shrinking,2000000,0.1,threshold_500,prospective,2,500.0,106,1,1117,2026-07-12T16:52:00.014449+00:00,0.0023179,0.0375066,True,False,0.1,0.0,92,2254476,True,False,1569,2057,1,6,0.006236494389487274,0.09376350561051273,0.012142500000000023,0.023436600000000002,2.6e-06,0.0019248999999999794,693b71d55cb9a06114e86f40f9283421693206aa702f9a93bdeae3a4f3f933f0,16ea693fecb030ee20982fa9ad6ba9ef26614ced1f47ba526edda05cb85c8b7f,a643f62d82e2a28f903663acade174fee38dbb8daecccea9dfcca80068c57ba8,
final,shrinking_n2e6,shrinking,Shrinking,2000000,0.1,threshold_1000,prospective,2,1000.0,106,1,1118,2026-07-12T16:52:00.055031+00:00,0.0016432,0.0584433,True,False,0.1,0.0,100,4000100,True,False,1,2821,1,0,6.082396754594631e-06,0.09999391760324541,2.14e-05,0.05647389999999977,2.5e-06,0.0019455000000002248,623d063f00ea4aa055bc860e300f6d1d8822facf1aea04ac4d497f448f1ef70d,476714e56b441c189f4f32950817227e4bc7556f25172c90330b11a89d681d5e,a643f62d82e2a28f903663acade174fee38dbb8daecccea9dfcca80068c57ba8,
final,dimerization_n1e8,dimerization,Dimerization,100000000,0.5,wallclock_timing,wallclock,0,,105,1,1119,2026-07-12T16:52:00.115049+00:00,0.0016512,0.1795528,True,False,0.5,0.0,79433969,129433969,False,False,15574,4,4,0,0.49912840329097463,0.0008715967090253598,0.17253170000000154,0.0013799,1.77e-05,0.005623499999998477,aedc3e01e52ae2ff476542b6757d7417020955471cc41d16b814b36ba9d3910c,a452c98c953283467b0a98d07c42ba69503d540e884141863a08f3f8b9bf5478,a643f62d82e2a28f903663acade174fee38dbb8daecccea9dfcca80068c57ba8,
final,dimerization_n1e8,dimerization,Dimerization,100000000,0.5,threshold_250,prospective,2,250.0,105,1,1120,2026-07-12T16:52:00.297175+00:00,0.0016203,0.1698889,True,False,0.5,0.0,79435760,129435760,False,False,15625,0,0,0,0.5,0.0,0.16401520000000075,0.0,0.0,0.00587369999999926,b0f6a40d5d923e6e004411623ead248dbd966271629aa256b1803f3e7afbb271,3c44dbbdbcd80c4adbaa4d9ad31b193c8cf539f5b4a38978bc52049987d005e2,a643f62d82e2a28f903663acade174fee38dbb8daecccea9dfcca80068c57ba8,
final,dimerization_n1e8,dimerization,Dimerization,100000000,0.5,threshold_100,prospective,2,100.0,105,1,1121,2026-07-12T16:52:00.468707+00:00,0.0014917,0.1709454,True,False,0.5,0.0,79435760,129435760,False,False,15625,0,0,0,0.5,0.0,0.16507090000000024,0.0,0.0,0.005874499999999755,b0f6a40d5d923e6e004411623ead248dbd966271629aa256b1803f3e7afbb271,3c44dbbdbcd80c4adbaa4d9ad31b193c8cf539f5b4a38978bc52049987d005e2,a643f62d82e2a28f903663acade174fee38dbb8daecccea9dfcca80068c57ba8,
final,dimerization_n1e8,dimerization,Dimerization,100000000,0.5,threshold_500,prospective,2,500.0,105,1,1122,2026-07-12T16:52:00.641472+00:00,0.001572,0.1731104,True,False,0.5,0.0,79435760,129435760,False,False,15625,0,0,0,0.5,0.0,0.16708600000000073,0.0,0.0,0.006024399999999264,b0f6a40d5d923e6e004411623ead248dbd966271629aa256b1803f3e7afbb271,3c44dbbdbcd80c4adbaa4d9ad31b193c8cf539f5b4a38978bc52049987d005e2,a643f62d82e2a28f903663acade174fee38dbb8daecccea9dfcca80068c57ba8,
final,dimerization_n1e8,dimerization,Dimerization,100000000,0.5,threshold_2000,prospective,2,2000.0,105,1,1123,2026-07-12T16:52:00.817005+00:00,0.0014629,0.5975748,True,False,0.5,0.0,79432104,129432104,True,False,1,2192,1,0,4.0213348427779e-05,0.4999597866515722,1.46e-05,0.5963503000000012,9.7e-06,0.0012001999999987634,d6adedb18ecd37a6fc39618fd2bc5173e101ca86580edd7c7111b75ceb12e06f,467bb7cde23f48907d20e35c6860e55a66ddb7835ae383d20498a7dc5d20acc5,a643f62d82e2a28f903663acade174fee38dbb8daecccea9dfcca80068c57ba8,
final,dimerization_n1e8,dimerization,Dimerization,100000000,0.5,threshold_1000,prospective,2,1000.0,105,1,1124,2026-07-12T16:52:01.416245+00:00,0.0015359,0.1697339,True,False,0.5,0.0,79435760,129435760,False,False,15625,0,0,0,0.5,0.0,0.16392609999999994,0.0,0.0,0.005807800000000057,b0f6a40d5d923e6e004411623ead248dbd966271629aa256b1803f3e7afbb271,3c44dbbdbcd80c4adbaa4d9ad31b193c8cf539f5b4a38978bc52049987d005e2,a643f62d82e2a28f903663acade174fee38dbb8daecccea9dfcca80068c57ba8,
final,shrinking_split_b_decay_n2e6,shrinking,Shrinking split B decay,2000000,0.1,threshold_2000,prospective,2,2000.0,105,1,1125,2026-07-12T16:52:01.587671+00:00,0.0019291,0.0447993,True,False,0.1,0.0,88,4000088,True,False,1,2820,1,0,4.881735625155798e-06,0.09999511826437485,1.68e-05,0.043521200000000065,3.3e-06,0.0012579999999999397,b1fef69eb2b2f2eba239efa1f79d6bbcd31dc0d74517c0164368e40c92ca0ae0,e0aaeab44a35a6dcfce66d6961dca6cf69ad68610d71bdddc4d0d35cf0e10a68,a643f62d82e2a28f903663acade174fee38dbb8daecccea9dfcca80068c57ba8,
final,shrinking_split_b_decay_n2e6,shrinking,Shrinking split B decay,2000000,0.1,wallclock_timing,wallclock,0,,105,1,1126,2026-07-12T16:52:01.634673+00:00,0.0015335,0.0392694,True,False,0.1,0.0,100,300,False,False,5800,2,2,97,0.0999852596104246,1.4740389575398157e-05,0.03680269999999997,5.989999999999999e-05,6.999999999999999e-06,0.0023998000000000283,51b1e0636032d270e215282b667a9314eeb52352f5dfd1b056ba03107c83ccfd,6de2be01218d045618f55e4356d6699cceb447ae6ae71473a0fda8eba4cb2596,a643f62d82e2a28f903663acade174fee38dbb8daecccea9dfcca80068c57ba8,
final,shrinking_split_b_decay_n2e6,shrinking,Shrinking split B decay,2000000,0.1,threshold_250,prospective,2,250.0,105,1,1127,2026-07-12T16:52:01.675207+00:00,0.0016009,0.0331128,True,False,0.1,0.0,92,536804,True,False,3741,1022,1,21,0.0200897363214397,0.07991026367856031,0.024837200000000056,0.006088800000000001,2.2e-06,0.0021845999999999394,769fd50211d8b768394a118ca132b819e9e5fa5d899f601cf306c9c2fd6d11f3,39dc20f8d655eca4153ddfaace6664fcb0712049b429d7112609c84544638cd3,a643f62d82e2a28f903663acade174fee38dbb8daecccea9dfcca80068c57ba8,
final,shrinking_split_b_decay_n2e6,shrinking,Shrinking split B decay,2000000,0.1,threshold_1000,prospective,2,1000.0,105,1,1128,2026-07-12T16:52:01.710736+00:00,0.0019104,0.0477916,True,False,0.1,0.0,88,4000088,True,False,1,2820,1,0,4.881735625155798e-06,0.09999511826437485,1.15e-05,0.04641980000000002,1.5e-06,0.0013587999999999795,b1fef69eb2b2f2eba239efa1f79d6bbcd31dc0d74517c0164368e40c92ca0ae0,e0aaeab44a35a6dcfce66d6961dca6cf69ad68610d71bdddc4d0d35cf0e10a68,a643f62d82e2a28f903663acade174fee38dbb8daecccea9dfcca80068c57ba8,
final,shrinking_split_b_decay_n2e6,shrinking,Shrinking split B decay,2000000,0.1,threshold_500,prospective,2,500.0,105,1,1129,2026-07-12T16:52:01.760773+00:00,0.0016221,0.035776,True,False,0.1,0.0,92,2254862,True,False,1588,2057,1,6,0.0062442510400629245,0.09375574895993707,0.010415100000000076,0.02373900000000005,1.9e-06,0.0016199999999998715,f9da206c0e34c10a114a8d26320f5c2ae0fda890087f723352ae98a3e565bbd3,659fc616a02120eef86a4fdd2edef26b9c0718df133a1c49ad2849f83e5733aa,a643f62d82e2a28f903663acade174fee38dbb8daecccea9dfcca80068c57ba8,
final,shrinking_split_b_decay_n2e6,shrinking,Shrinking split B decay,2000000,0.1,threshold_100,prospective,2,100.0,105,1,1130,2026-07-12T16:52:01.798286+00:00,0.0014914,0.035999,True,False,0.1,0.0,87,94411,True,False,5033,400,1,39,0.03834090773520997,0.061659092264790036,0.03230859999999994,0.0011192999999999982,2e-06,0.002569100000000067,d55fcb815bafe5bb0d426c6a0a123a0ad677ebb6109afbcca0abf0cd42ef91b4,c00ec3ad81c69acd79d1806acc29da9e68970d3e09ed3ae9b0124944a3f5804f,a643f62d82e2a28f903663acade174fee38dbb8daecccea9dfcca80068c57ba8,
final,lotka_volterra_n100000,lotka_volterra,Lotka-Volterra,100000,1.0,wallclock_timing,wallclock,0,,102,1,1131,2026-07-12T16:52:01.835835+00:00,0.0013887,0.0061487,True,False,1.0,0.0,125777,225777,True,False,505,187,5,0,0.5620052970554236,0.43799470294457643,0.004642300000000013,0.0012011000000000012,1.16e-05,0.00029369999999998616,c8a72b54fbec7034778502026209e874a46331fcd5e8c0458805c29f86a47aea,fbe388ed057801499acc62ddc5cdf6e92b79b9f8f2c78a282cf52cff7268f433,a643f62d82e2a28f903663acade174fee38dbb8daecccea9dfcca80068c57ba8,
final,lotka_volterra_n100000,lotka_volterra,Lotka-Volterra,100000,1.0,threshold_100,prospective,2,100.0,102,1,1132,2026-07-12T16:52:01.843835+00:00,0.001372,0.0086849,True,False,1.0,0.0,126122,226122,False,False,932,0,0,0,1.0,0.0,0.00824900000000003,0.0,0.0,0.00043589999999997,8c861242ba90e182e9e56b410325ba2978a50e6c1c2b11f8b86ca76e7465cd89,ffb95f5993a00659e9b4c503ec3bd2efc165fa71650b08449e416b116a81f3cb,a643f62d82e2a28f903663acade174fee38dbb8daecccea9dfcca80068c57ba8,
final,lotka_volterra_n100000,lotka_volterra,Lotka-Volterra,100000,1.0,threshold_2000,prospective,2,2000.0,102,1,1133,2026-07-12T16:52:01.853837+00:00,0.0014163,0.0027796,True,False,1.0,0.0,126090,226090,True,False,1,412,1,0,0.0018989730362988675,0.9981010269637012,1.28e-05,0.0025823000000000013,1.7e-06,0.00018279999999999902,1c9cc79083f51fe133746deaf99c1b4fe3bd5c0099b480db73b828e9383bf061,ad8849010a963ed971cd70690441aee67aa3976e9b9d2279067b4c1d349f0dbf,a643f62d82e2a28f903663acade174fee38dbb8daecccea9dfcca80068c57ba8,
final,lotka_volterra_n100000,lotka_volterra,Lotka-Volterra,100000,1.0,threshold_1000,prospective,2,1000.0,102,1,1134,2026-07-12T16:52:01.857837+00:00,0.0013455,0.0028681,True,False,1.0,0.0,126090,226090,True,False,1,412,1,0,0.0018989730362988675,0.9981010269637012,1.28e-05,0.0026699000000000007,1.7e-06,0.00018369999999999975,1c9cc79083f51fe133746deaf99c1b4fe3bd5c0099b480db73b828e9383bf061,ad8849010a963ed971cd70690441aee67aa3976e9b9d2279067b4c1d349f0dbf,a643f62d82e2a28f903663acade174fee38dbb8daecccea9dfcca80068c57ba8,
final,lotka_volterra_n100000,lotka_volterra,Lotka-Volterra,100000,1.0,threshold_250,prospective,2,250.0,102,1,1135,2026-07-12T16:52:01.861837+00:00,0.00119,0.0028299,True,False,1.0,0.0,126090,226090,True,False,1,412,1,0,0.0018989730362988675,0.9981010269637012,1.31e-05,0.002620700000000002,1.5e-06,0.00019459999999999833,1c9cc79083f51fe133746deaf99c1b4fe3bd5c0099b480db73b828e9383bf061,ad8849010a963ed971cd70690441aee67aa3976e9b9d2279067b4c1d349f0dbf,a643f62d82e2a28f903663acade174fee38dbb8daecccea9dfcca80068c57ba8,
final,lotka_volterra_n100000,lotka_volterra,Lotka-Volterra,100000,1.0,threshold_500,prospective,2,500.0,102,1,1136,2026-07-12T16:52:01.866348+00:00,0.0011933,0.0029171,True,False,1.0,0.0,126090,226090,True,False,1,412,1,0,0.0018989730362988675,0.9981010269637012,1.25e-05,0.002714900000000001,1.4e-06,0.00018829999999999932,1c9cc79083f51fe133746deaf99c1b4fe3bd5c0099b480db73b828e9383bf061,ad8849010a963ed971cd70690441aee67aa3976e9b9d2279067b4c1d349f0dbf,a643f62d82e2a28f903663acade174fee38dbb8daecccea9dfcca80068c57ba8,
final,dimerization_n1e8,dimerization,Dimerization,100000000,0.5,wallclock_timing,wallclock,0,,101,1,1137,2026-07-12T16:52:01.870347+00:00,0.0012434,0.1685019,True,False,0.5,0.0,79432294,129432294,False,False,15630,4,4,0,0.49912850363672806,0.0008714963632718894,0.16221150000000065,0.0011241,1.3e-05,0.005153299999999361,f3b9e4dcbcff1c8030cc6891704b217141cecfc7b793fae0be41a4ac9a05a554,90b0d3344326974cc6c47afdf5c28fac62bde9a67b75f6ee166b815de6858fea,a643f62d82e2a28f903663acade174fee38dbb8daecccea9dfcca80068c57ba8,
final,dimerization_n1e8,dimerization,Dimerization,100000000,0.5,threshold_500,prospective,2,500.0,101,1,1138,2026-07-12T16:52:02.040869+00:00,0.0016138,0.1677288,True,False,0.5,0.0,79427258,129427258,False,False,15673,0,0,0,0.5,0.0,0.1621392000000034,0.0,0.0,0.005589599999996614,f91343a116aa9c84f361d4ab16926266063d2b2d9ffa30c8141ebaf489057fdb,57a7422a2b35d3e23d769f061f1b1713fe22ec92f7a5606356ab9b3514e0044e,a643f62d82e2a28f903663acade174fee38dbb8daecccea9dfcca80068c57ba8,
final,dimerization_n1e8,dimerization,Dimerization,100000000,0.5,threshold_1000,prospective,2,1000.0,101,1,1139,2026-07-12T16:52:02.209915+00:00,0.0014297,0.1649156,True,False,0.5,0.0,79427258,129427258,False,False,15673,0,0,0,0.5,0.0,0.15930560000000035,0.0,0.0,0.005609999999999643,f91343a116aa9c84f361d4ab16926266063d2b2d9ffa30c8141ebaf489057fdb,57a7422a2b35d3e23d769f061f1b1713fe22ec92f7a5606356ab9b3514e0044e,a643f62d82e2a28f903663acade174fee38dbb8daecccea9dfcca80068c57ba8,
final,dimerization_n1e8,dimerization,Dimerization,100000000,0.5,threshold_100,prospective,2,100.0,101,1,1140,2026-07-12T16:52:02.376660+00:00,0.0015766,0.1674247,True,False,0.5,0.0,79427258,129427258,False,False,15673,0,0,0,0.5,0.0,0.16175150000000002,0.0,0.0,0.005673199999999989,f91343a116aa9c84f361d4ab16926266063d2b2d9ffa30c8141ebaf489057fdb,57a7422a2b35d3e23d769f061f1b1713fe22ec92f7a5606356ab9b3514e0044e,a643f62d82e2a28f903663acade174fee38dbb8daecccea9dfcca80068c57ba8,
final,dimerization_n1e8,dimerization,Dimerization,100000000,0.5,threshold_250,prospective,2,250.0,101,1,1141,2026-07-12T16:52:02.546177+00:00,0.0015379,0.1658406,True,False,0.5,0.0,79427258,129427258,False,False,15673,0,0,0,0.5,0.0,0.16023010000000043,0.0,0.0,0.005610499999999574,f91343a116aa9c84f361d4ab16926266063d2b2d9ffa30c8141ebaf489057fdb,57a7422a2b35d3e23d769f061f1b1713fe22ec92f7a5606356ab9b3514e0044e,a643f62d82e2a28f903663acade174fee38dbb8daecccea9dfcca80068c57ba8,
final,dimerization_n1e8,dimerization,Dimerization,100000000,0.5,threshold_2000,prospective,2,2000.0,101,1,1142,2026-07-12T16:52:02.714224+00:00,0.0016144,0.5724644,True,False,0.5,0.0,79434358,129434358,True,False,1,2192,1,0,1.800981704058498e-05,0.4999819901829594,1.5e-05,0.5713226000000008,2.1e-06,0.0011246999999992013,edd9b46d0d808fd7e60f41c2b120fb9ff69124a80e791c8564f2b4a640d1dc34,991f38df801c2a5cd6c74769f4c46d100d1f8058687fc2b66f0122dc26b3c577,a643f62d82e2a28f903663acade174fee38dbb8daecccea9dfcca80068c57ba8,
final,shrinking_no_b_decay_n2e6,shrinking,Shrinking no B decay,2000000,0.1,threshold_2000,prospective,2,2000.0,102,0,1143,2026-07-12T16:52:03.287652+00:00,0.0013553,0.0206788,True,False,0.1,0.0,807279,4807279,True,False,1,1037,1,0,5.686732884691339e-06,0.09999431326711532,4e-05,0.020247300000000003,1.7e-06,0.0003897999999999992,3257a4486375ae863a4cb532423cf161fe8bd66bd9b3795f3a485d84cc780958,a91659d1a0d9638908ef9a31e387a5a6ae53d00ba483d423be964b69e4f7afc6,a643f62d82e2a28f903663acade174fee38dbb8daecccea9dfcca80068c57ba8,
final,shrinking_no_b_decay_n2e6,shrinking,Shrinking no B decay,2000000,0.1,threshold_250,prospective,2,250.0,102,0,1144,2026-07-12T16:52:03.310647+00:00,0.0012388,0.0227831,True,False,0.1,0.0,807172,3811868,True,False,1743,593,1,3,0.006600935638792484,0.09339906436120751,0.01146030000000009,0.010374599999999989,1.6e-06,0.000946599999999919,5fde3c6442835cb050ab03658a9db37601fb4723022b4dc24c5d728b468abefb,76b29887f54e49dbcc934face5ad58aba80a1885eeae2ad9a927dd376db7d2dd,a643f62d82e2a28f903663acade174fee38dbb8daecccea9dfcca80068c57ba8,
final,shrinking_no_b_decay_n2e6,shrinking,Shrinking no B decay,2000000,0.1,threshold_100,prospective,2,100.0,102,0,1145,2026-07-12T16:52:03.334646+00:00,0.0013796,0.0312379,True,False,0.1,0.0,807123,2858087,True,False,4157,223,1,7,0.017409970159308532,0.08259002984069147,0.02614940000000011,0.0035456000000000025,1.4e-06,0.0015414999999998867,d42481b0e166b8ac555bf0e718ade5b8ce22e568256d295c832aa41eda50ea40,263aa1beecbf44aa0b4705f2b1d57d6af01d18ed26bb594b80d319d632eed724,a643f62d82e2a28f903663acade174fee38dbb8daecccea9dfcca80068c57ba8,
final,shrinking_no_b_decay_n2e6,shrinking,Shrinking no B decay,2000000,0.1,wallclock_timing,wallclock,0,,102,0,1146,2026-07-12T16:52:03.367181+00:00,0.001379,0.0546032,True,False,0.1,0.0,807250,2569014,True,False,8447,31,3,8,0.039056816037504376,0.06094318396249563,0.051305300000000345,0.0005028000000000002,7.4e-06,0.002787699999999657,3f79c46f674f8bcfdf330b93e4e2bd8f5779a3d4e728995b8fe9de7e5627b4aa,bd036b6061b070e2adecf1a1f3fd56adf654cff336da75f1816bd90eebcb2a4c,a643f62d82e2a28f903663acade174fee38dbb8daecccea9dfcca80068c57ba8,
final,shrinking_no_b_decay_n2e6,shrinking,Shrinking no B decay,2000000,0.1,threshold_1000,prospective,2,1000.0,102,0,1147,2026-07-12T16:52:03.423173+00:00,0.0014281,0.0204552,True,False,0.1,0.0,807279,4807279,True,False,1,1037,1,0,5.686732884691339e-06,0.09999431326711532,1.14e-05,0.020082800000000026,1.4e-06,0.00035959999999997383,3257a4486375ae863a4cb532423cf161fe8bd66bd9b3795f3a485d84cc780958,a91659d1a0d9638908ef9a31e387a5a6ae53d00ba483d423be964b69e4f7afc6,a643f62d82e2a28f903663acade174fee38dbb8daecccea9dfcca80068c57ba8,
final,shrinking_no_b_decay_n2e6,shrinking,Shrinking no B decay,2000000,0.1,threshold_500,prospective,2,500.0,102,0,1148,2026-07-12T16:52:03.445172+00:00,0.0013748,0.0204623,True,False,0.1,0.0,807279,4807279,True,False,1,1037,1,0,5.686732884691339e-06,0.09999431326711532,1.19e-05,0.020072900000000015,1.6e-06,0.0003758999999999846,3257a4486375ae863a4cb532423cf161fe8bd66bd9b3795f3a485d84cc780958,a91659d1a0d9638908ef9a31e387a5a6ae53d00ba483d423be964b69e4f7afc6,a643f62d82e2a28f903663acade174fee38dbb8daecccea9dfcca80068c57ba8,
final,dimerization_n1e8,dimerization,Dimerization,100000000,0.5,threshold_1000,prospective,2,1000.0,104,1,1149,2026-07-12T16:52:03.467680+00:00,0.001415,0.2038882,True,False,0.5,0.0,79432662,129432662,False,False,15455,0,0,0,0.5,0.0,0.1966246000000012,0.0,0.0,0.007263599999998788,864595aaa6fb8d7bddca322d2ea3852101b42a238908bbe66ef19be4baf0d858,290ef530941311f62036401528dae508b68e5ceb7d459e6b24f4181c9992f15f,a643f62d82e2a28f903663acade174fee38dbb8daecccea9dfcca80068c57ba8,
final,dimerization_n1e8,dimerization,Dimerization,100000000,0.5,threshold_500,prospective,2,500.0,104,1,1150,2026-07-12T16:52:03.673671+00:00,0.0022637,0.1838902,True,False,0.5,0.0,79432662,129432662,False,False,15455,0,0,0,0.5,0.0,0.17708570000000076,0.0,0.0,0.006804499999999242,864595aaa6fb8d7bddca322d2ea3852101b42a238908bbe66ef19be4baf0d858,290ef530941311f62036401528dae508b68e5ceb7d459e6b24f4181c9992f15f,a643f62d82e2a28f903663acade174fee38dbb8daecccea9dfcca80068c57ba8,
final,dimerization_n1e8,dimerization,Dimerization,100000000,0.5,wallclock_timing,wallclock,0,,104,1,1151,2026-07-12T16:52:03.860274+00:00,0.001807,0.2024293,True,False,0.5,0.0,79433915,129433915,False,False,15425,4,4,0,0.49912835095553953,0.0008716490444604756,0.19446070000000096,0.0014842000000000002,2.08e-05,0.00646359999999907,3a6976576df2e57b4c0b0052dbaceb68a60d19ce52c6ed02bc3b49556201f78f,0ae5de14c2034901e4335d94dd1e0987add4791e02817a2a5f28352c1d7c8152,a643f62d82e2a28f903663acade174fee38dbb8daecccea9dfcca80068c57ba8,
final,dimerization_n1e8,dimerization,Dimerization,100000000,0.5,threshold_250,prospective,2,250.0,104,1,1152,2026-07-12T16:52:04.064486+00:00,0.0025034,0.2107057,True,False,0.5,0.0,79432662,129432662,False,False,15455,0,0,0,0.5,0.0,0.20334779999999847,0.0,0.0,0.007357900000001527,864595aaa6fb8d7bddca322d2ea3852101b42a238908bbe66ef19be4baf0d858,290ef530941311f62036401528dae508b68e5ceb7d459e6b24f4181c9992f15f,a643f62d82e2a28f903663acade174fee38dbb8daecccea9dfcca80068c57ba8,
final,dimerization_n1e8,dimerization,Dimerization,100000000,0.5,threshold_100,prospective,2,100.0,104,1,1153,2026-07-12T16:52:04.278066+00:00,0.0017724,0.1967796,True,False,0.5,0.0,79432662,129432662,False,False,15455,0,0,0,0.5,0.0,0.18964069999999889,0.0,0.0,0.007138900000001114,864595aaa6fb8d7bddca322d2ea3852101b42a238908bbe66ef19be4baf0d858,290ef530941311f62036401528dae508b68e5ceb7d459e6b24f4181c9992f15f,a643f62d82e2a28f903663acade174fee38dbb8daecccea9dfcca80068c57ba8,
final,dimerization_n1e8,dimerization,Dimerization,100000000,0.5,threshold_2000,prospective,2,2000.0,104,1,1154,2026-07-12T16:52:04.477088+00:00,0.0018577,0.6958464,True,False,0.5,0.0,79435847,129435847,True,False,1,2192,1,0,4.781254924145649e-05,0.49995218745075853,2e-05,0.6941395000000019,2.1e-06,0.0016847999999980434,abe403a47c5bb1e1829245453db5171a4f45f7fde0a87f602b288e09ed32d531,872044faaf10b98db102cabb9dc1d189696e0070677a3fed42c86b043a210c9a,a643f62d82e2a28f903663acade174fee38dbb8daecccea9dfcca80068c57ba8,
final,dimerization_n1e8,dimerization,Dimerization,100000000,0.5,threshold_500,prospective,2,500.0,106,0,1155,2026-07-12T16:52:05.174529+00:00,0.0016601,0.2000174,True,False,0.5,0.0,79434177,129434177,False,False,15641,0,0,0,0.5,0.0,0.1930016000000082,0.0,0.0,0.007015799999991801,c815eea02c2f36b71e2b486fd9d17213155a1a9ebe962427e572468bacf42f32,3f5f1458298aa063cdba050d8f84d4776ac982e890c25055fed68dee73da7d16,a643f62d82e2a28f903663acade174fee38dbb8daecccea9dfcca80068c57ba8,
final,dimerization_n1e8,dimerization,Dimerization,100000000,0.5,threshold_1000,prospective,2,1000.0,106,0,1156,2026-07-12T16:52:05.376851+00:00,0.001885,0.2092407,True,False,0.5,0.0,79434177,129434177,False,False,15641,0,0,0,0.5,0.0,0.20171779999999628,0.0,0.0,0.007522900000003718,c815eea02c2f36b71e2b486fd9d17213155a1a9ebe962427e572468bacf42f32,3f5f1458298aa063cdba050d8f84d4776ac982e890c25055fed68dee73da7d16,a643f62d82e2a28f903663acade174fee38dbb8daecccea9dfcca80068c57ba8,
final,dimerization_n1e8,dimerization,Dimerization,100000000,0.5,threshold_100,prospective,2,100.0,106,0,1157,2026-07-12T16:52:05.588544+00:00,0.0019356,0.1934777,True,False,0.5,0.0,79434177,129434177,False,False,15641,0,0,0,0.5,0.0,0.18661310000000342,0.0,0.0,0.0068645999999965845,c815eea02c2f36b71e2b486fd9d17213155a1a9ebe962427e572468bacf42f32,3f5f1458298aa063cdba050d8f84d4776ac982e890c25055fed68dee73da7d16,a643f62d82e2a28f903663acade174fee38dbb8daecccea9dfcca80068c57ba8,
final,dimerization_n1e8,dimerization,Dimerization,100000000,0.5,wallclock_timing,wallclock,0,,106,0,1158,2026-07-12T16:52:05.783808+00:00,0.0014963,0.1931902,True,False,0.5,0.0,79436320,129436320,False,False,15604,4,4,0,0.49912870015162214,0.0008712998483778626,0.1858810000000024,0.0012187,1.5100000000000001e-05,0.006075399999997622,436d4e8e94ed5f76aee00daf70603d3de9bad3b500fa42bc2e2bae8e6d3f4ec2,d55e10df79b3c64227bd97500d9b341a852d0b512f28af50659fd358cc66d785,a643f62d82e2a28f903663acade174fee38dbb8daecccea9dfcca80068c57ba8,
final,dimerization_n1e8,dimerization,Dimerization,100000000,0.5,threshold_2000,prospective,2,2000.0,106,0,1159,2026-07-12T16:52:05.978994+00:00,0.0016092,0.6495081,True,False,0.5,0.0,79431141,129431141,True,False,1,2192,1,0,4.9522546815342604e-05,0.49995047745318466,1.51e-05,0.6480670999999987,1.9e-06,0.001424000000001313,89e72c51d2d0428519b040757ef85b55c39bcff4161ab221be063e307c4dd67f,1978162d20a01c972f4d21bfdb73cd67d292ba3cae50d7da7a7f1fea29b601b8,a643f62d82e2a28f903663acade174fee38dbb8daecccea9dfcca80068c57ba8,
final,dimerization_n1e8,dimerization,Dimerization,100000000,0.5,threshold_250,prospective,2,250.0,106,0,1160,2026-07-12T16:52:06.630631+00:00,0.0014648,0.170757,True,False,0.5,0.0,79434177,129434177,False,False,15641,0,0,0,0.5,0.0,0.16487630000000092,0.0,0.0,0.005880699999999073,c815eea02c2f36b71e2b486fd9d17213155a1a9ebe962427e572468bacf42f32,3f5f1458298aa063cdba050d8f84d4776ac982e890c25055fed68dee73da7d16,a643f62d82e2a28f903663acade174fee38dbb8daecccea9dfcca80068c57ba8,
final,lotka_volterra_n1000000,lotka_volterra,Lotka-Volterra,1000000,1.0,threshold_100,prospective,2,100.0,106,1,1161,2026-07-12T16:52:06.802682+00:00,0.0016079,0.0292856,True,False,1.0,0.0,1260053,2260053,False,False,2957,0,0,0,1.0,0.0,0.0278735999999999,0.0,0.0,0.0014120000000000972,6c64ff8adc31d4071d558571a827e3006be2132b35cf8edf7d506af791176c3a,d6bb84be1f94dcbb830237bd07cd23945b7537508d6ee3f85efe97633b5d10ee,a643f62d82e2a28f903663acade174fee38dbb8daecccea9dfcca80068c57ba8,
final,lotka_volterra_n1000000,lotka_volterra,Lotka-Volterra,1000000,1.0,wallclock_timing,wallclock,0,,106,1,1162,2026-07-12T16:52:06.834603+00:00,0.0014359,0.0296034,True,False,1.0,0.0,1261776,2261776,False,False,2955,2,2,0,0.9984020773686266,0.0015979226313733857,0.028282699999999963,4.1099999999999996e-05,6.300000000000001e-06,0.0012733000000000362,aab7aef06710978b87dd20076e39a4faa26463f4c1aab3ca37388d5b60810404,06c8b9109a88ab48118c561a3224ccf22c25e6266a09cc3a4795d8bd1d06beb3,a643f62d82e2a28f903663acade174fee38dbb8daecccea9dfcca80068c57ba8,
final,lotka_volterra_n1000000,lotka_volterra,Lotka-Volterra,1000000,1.0,threshold_2000,prospective,2,2000.0,106,1,1163,2026-07-12T16:52:06.864326+00:00,0.001873,0.041586,True,False,1.0,0.0,1259497,2259497,True,False,1,1303,1,0,0.0006466197918077099,0.9993533802081923,2.1e-05,0.04064039999999995,2.9e-06,0.0009217000000000461,e5d4ddeeb1575e2c013c46be3da59381908da649aedfebdde8a5130ee09b5d4c,edde9efc7ea0c1b70b4f5f9ee0768a87cf0195c14127dc65a2d1280cdea95c25,a643f62d82e2a28f903663acade174fee38dbb8daecccea9dfcca80068c57ba8,
final,lotka_volterra_n1000000,lotka_volterra,Lotka-Volterra,1000000,1.0,threshold_500,prospective,2,500.0,106,1,1164,2026-07-12T16:52:06.907889+00:00,0.0018561,0.0297003,True,False,1.0,0.0,1259497,2259497,True,False,1,1303,1,0,0.0006466197918077099,0.9993533802081923,1.98e-05,0.02895260000000006,2.5e-06,0.0007253999999999386,e5d4ddeeb1575e2c013c46be3da59381908da649aedfebdde8a5130ee09b5d4c,edde9efc7ea0c1b70b4f5f9ee0768a87cf0195c14127dc65a2d1280cdea95c25,a643f62d82e2a28f903663acade174fee38dbb8daecccea9dfcca80068c57ba8,
final,lotka_volterra_n1000000,lotka_volterra,Lotka-Volterra,1000000,1.0,threshold_1000,prospective,2,1000.0,106,1,1165,2026-07-12T16:52:06.940941+00:00,0.0017181,0.0364783,True,False,1.0,0.0,1259497,2259497,True,False,1,1303,1,0,0.0006466197918077099,0.9993533802081923,1.96e-05,0.035570399999999947,2.3e-06,0.0008860000000000534,e5d4ddeeb1575e2c013c46be3da59381908da649aedfebdde8a5130ee09b5d4c,edde9efc7ea0c1b70b4f5f9ee0768a87cf0195c14127dc65a2d1280cdea95c25,a643f62d82e2a28f903663acade174fee38dbb8daecccea9dfcca80068c57ba8,
final,lotka_volterra_n1000000,lotka_volterra,Lotka-Volterra,1000000,1.0,threshold_250,prospective,2,250.0,106,1,1166,2026-07-12T16:52:06.979907+00:00,0.0013937,0.0417658,True,False,1.0,0.0,1260053,2260053,False,False,2957,0,0,0,1.0,0.0,0.03953349999999986,0.0,0.0,0.0022323000000001383,6c64ff8adc31d4071d558571a827e3006be2132b35cf8edf7d506af791176c3a,d6bb84be1f94dcbb830237bd07cd23945b7537508d6ee3f85efe97633b5d10ee,a643f62d82e2a28f903663acade174fee38dbb8daecccea9dfcca80068c57ba8,
final,brusselator_n2e4,brusselator,Order-3 Brusselator,20000,20.0,threshold_1000,prospective,2,1000.0,106,0,1167,2026-07-12T16:52:07.014760+00:00,0.0027618,0.1135022,True,False,20.0,0.0,187790,197790,True,False,1,5443,1,0,3.210324438486341e-05,19.999967896755614,6.2e-05,0.10805509999999963,4.2e-06,0.005380900000000369,23c22ae10778a43fe46a75432b282c318547e8b61ea2d04f18b368ec93c02b4b,9460530642c672825cd29f234968eb654b72ff9e27e48b77f285096f28609cc0,a643f62d82e2a28f903663acade174fee38dbb8daecccea9dfcca80068c57ba8,
final,brusselator_n2e4,brusselator,Order-3 Brusselator,20000,20.0,threshold_250,prospective,2,250.0,106,0,1168,2026-07-12T16:52:07.140114+00:00,0.0023993,0.106527,True,False,20.0,0.0,187790,197790,True,False,1,5443,1,0,3.210324438486341e-05,19.999967896755614,4.58e-05,0.10178290000000029,3.4e-06,0.00469489999999971,23c22ae10778a43fe46a75432b282c318547e8b61ea2d04f18b368ec93c02b4b,9460530642c672825cd29f234968eb654b72ff9e27e48b77f285096f28609cc0,a643f62d82e2a28f903663acade174fee38dbb8daecccea9dfcca80068c57ba8,
final,brusselator_n2e4,brusselator,Order-3 Brusselator,20000,20.0,wallclock_timing,wallclock,0,,106,0,1169,2026-07-12T16:52:07.248653+00:00,0.0022777,0.1172242,True,False,20.0,0.0,187120,197120,True,False,256,5470,1,0,0.004260290811366558,19.995739709188634,0.0081475,0.10470129999999962,3.7e-06,0.004371700000000381,752fc0fd4d25e948ef62eb2981f0e20f2d568de26b362ce29c46caf12b5e1707,86ab6aa1ddc6243ac709e23c7765dafe44a1865e2b6f6b26609f8b79456ea672,a643f62d82e2a28f903663acade174fee38dbb8daecccea9dfcca80068c57ba8,
final,brusselator_n2e4,brusselator,Order-3 Brusselator,20000,20.0,threshold_100,prospective,2,100.0,106,0,1170,2026-07-12T16:52:07.369007+00:00,0.0020676,0.1001425,True,False,20.0,0.0,187790,197790,True,False,1,5443,1,0,3.210324438486341e-05,19.999967896755614,4.78e-05,0.09580969999999968,3.8e-06,0.004281200000000318,23c22ae10778a43fe46a75432b282c318547e8b61ea2d04f18b368ec93c02b4b,9460530642c672825cd29f234968eb654b72ff9e27e48b77f285096f28609cc0,a643f62d82e2a28f903663acade174fee38dbb8daecccea9dfcca80068c57ba8,
final,brusselator_n2e4,brusselator,Order-3 Brusselator,20000,20.0,threshold_500,prospective,2,500.0,106,0,1171,2026-07-12T16:52:07.470982+00:00,0.0018161,0.111586,True,False,20.0,0.0,187790,197790,True,False,1,5443,1,0,3.210324438486341e-05,19.999967896755614,3.84e-05,0.10720039999999956,3.2e-06,0.004344000000000459,23c22ae10778a43fe46a75432b282c318547e8b61ea2d04f18b368ec93c02b4b,9460530642c672825cd29f234968eb654b72ff9e27e48b77f285096f28609cc0,a643f62d82e2a28f903663acade174fee38dbb8daecccea9dfcca80068c57ba8,
final,brusselator_n2e4,brusselator,Order-3 Brusselator,20000,20.0,threshold_2000,prospective,2,2000.0,106,0,1172,2026-07-12T16:52:07.585037+00:00,0.0027846,0.1152746,True,False,20.0,0.0,187790,197790,True,False,1,5443,1,0,3.210324438486341e-05,19.999967896755614,5.05e-05,0.10990689999999995,6.7e-06,0.005310500000000065,23c22ae10778a43fe46a75432b282c318547e8b61ea2d04f18b368ec93c02b4b,9460530642c672825cd29f234968eb654b72ff9e27e48b77f285096f28609cc0,a643f62d82e2a28f903663acade174fee38dbb8daecccea9dfcca80068c57ba8,
final,lotka_volterra_n10000000,lotka_volterra,Lotka-Volterra,10000000,1.0,threshold_1000,prospective,2,1000.0,104,1,1173,2026-07-12T16:52:07.703564+00:00,0.001743,0.1313359,True,False,1.0,0.0,12595781,22595781,False,False,9256,0,0,0,1.0,0.0,0.12499630000000125,0.0,0.0,0.006339599999998752,ddfff43bc78fab5aebc956f5fb7fae057e97b78a752913bb93a95648afb89618,436159f0688d8c6de9ad12a83a90a9b0fe5cd3e2ad9a0fac6640e42c90580999,a643f62d82e2a28f903663acade174fee38dbb8daecccea9dfcca80068c57ba8,
final,lotka_volterra_n10000000,lotka_volterra,Lotka-Volterra,10000000,1.0,threshold_500,prospective,2,500.0,104,1,1174,2026-07-12T16:52:07.836593+00:00,0.0018619,0.117232,True,False,1.0,0.0,12595781,22595781,False,False,9256,0,0,0,1.0,0.0,0.11181960000000017,0.0,0.0,0.005412399999999831,ddfff43bc78fab5aebc956f5fb7fae057e97b78a752913bb93a95648afb89618,436159f0688d8c6de9ad12a83a90a9b0fe5cd3e2ad9a0fac6640e42c90580999,a643f62d82e2a28f903663acade174fee38dbb8daecccea9dfcca80068c57ba8,
final,lotka_volterra_n10000000,lotka_volterra,Lotka-Volterra,10000000,1.0,wallclock_timing,wallclock,0,,104,1,1175,2026-07-12T16:52:07.956313+00:00,0.001675,0.0987106,True,False,1.0,0.0,12598546,22598546,False,False,9246,4,4,0,0.999038034019986,0.0009619659800139749,0.09435490000000124,0.0002387,1.87e-05,0.004098299999998764,c3ea6cd53b4fed169388da1f031754618ccab67e7991c45f6329ec56edd3ef79,2dc6ffc55b0209821121ca9909a0401b3d5691f4c10cdecc9fbfb33148cb0913,a643f62d82e2a28f903663acade174fee38dbb8daecccea9dfcca80068c57ba8,
final,lotka_volterra_n10000000,lotka_volterra,Lotka-Volterra,10000000,1.0,threshold_2000,prospective,2,2000.0,104,1,1176,2026-07-12T16:52:08.056424+00:00,0.0015712,0.2530165,True,False,1.0,0.0,12599910,22599910,True,False,1,4121,1,0,0.0001971602756801299,0.9998028397243199,1.68e-05,0.2508795,1.5e-06,0.002118700000000029,532d9bb70ad470d4d37f5a2d166113e9948ad252da54c8383060a121f4f44c8e,0d2edfa94445314929f0c44e02ac2c7fdb04841266938cdde0f37b8133ac374d,a643f62d82e2a28f903663acade174fee38dbb8daecccea9dfcca80068c57ba8,
final,lotka_volterra_n10000000,lotka_volterra,Lotka-Volterra,10000000,1.0,threshold_100,prospective,2,100.0,104,1,1177,2026-07-12T16:52:08.312043+00:00,0.0016271,0.1270583,True,False,1.0,0.0,12595781,22595781,False,False,9256,0,0,0,1.0,0.0,0.12103299999999861,0.0,0.0,0.006025300000001399,ddfff43bc78fab5aebc956f5fb7fae057e97b78a752913bb93a95648afb89618,436159f0688d8c6de9ad12a83a90a9b0fe5cd3e2ad9a0fac6640e42c90580999,a643f62d82e2a28f903663acade174fee38dbb8daecccea9dfcca80068c57ba8,
final,lotka_volterra_n10000000,lotka_volterra,Lotka-Volterra,10000000,1.0,threshold_250,prospective,2,250.0,104,1,1178,2026-07-12T16:52:08.440544+00:00,0.0021151,0.1127886,True,False,1.0,0.0,12595781,22595781,False,False,9256,0,0,0,1.0,0.0,0.10758550000000251,0.0,0.0,0.00520309999999749,ddfff43bc78fab5aebc956f5fb7fae057e97b78a752913bb93a95648afb89618,436159f0688d8c6de9ad12a83a90a9b0fe5cd3e2ad9a0fac6640e42c90580999,a643f62d82e2a28f903663acade174fee38dbb8daecccea9dfcca80068c57ba8,
final,shrinking_split_b_decay_n2e6,shrinking,Shrinking split B decay,2000000,0.1,threshold_250,prospective,2,250.0,106,0,1179,2026-07-12T16:52:08.556101+00:00,0.0018011,0.0357641,True,False,0.1,0.0,93,589879,True,False,3787,1023,1,20,0.020040638917134975,0.07995936108286504,0.027239899999999994,0.006173500000000003,2.6e-06,0.0023481000000000057,ee689f0b79f2042ddbe7b188b689ad5c41bdb199e8b7ea7f854fd7a9341f7e05,dccaf7a82a8054deec18b32f6d6fb2dbcc0d70c1089360f33273fecb148576cc,a643f62d82e2a28f903663acade174fee38dbb8daecccea9dfcca80068c57ba8,
final,shrinking_split_b_decay_n2e6,shrinking,Shrinking split B decay,2000000,0.1,threshold_1000,prospective,2,1000.0,106,0,1180,2026-07-12T16:52:08.593633+00:00,0.0018285,0.0478903,True,False,0.1,0.0,87,4000087,True,False,1,2816,1,0,6.082396754594631e-06,0.09999391760324541,1.53e-05,0.04650309999999995,1.9e-06,0.0013700000000000448,cf503bc1bbae6d5606a629ba46712a8c66d8b0453349926683c0da8513bd523d,7f44c07d6ebe2892ca16f56aa5f19759e8fb550b28ba058147dfdcce6cf19eb2,a643f62d82e2a28f903663acade174fee38dbb8daecccea9dfcca80068c57ba8,
final,shrinking_split_b_decay_n2e6,shrinking,Shrinking split B decay,2000000,0.1,threshold_500,prospective,2,500.0,106,0,1181,2026-07-12T16:52:08.643637+00:00,0.0016462,0.0490443,True,False,0.1,0.0,88,2254364,True,False,1586,2057,1,6,0.0062370165064761065,0.0937629834935239,0.013159999999999937,0.03363869999999987,2.6e-06,0.0022430000000001962,8a3720bd069047eed91eb49143b4f223b3a86f960ba3b1841da3a87cd7ba254f,1c2801847cd0247f6431f3a00881656c3c15d769251f54df205b26b660dca2ab,a643f62d82e2a28f903663acade174fee38dbb8daecccea9dfcca80068c57ba8,
final,shrinking_split_b_decay_n2e6,shrinking,Shrinking split B decay,2000000,0.1,threshold_100,prospective,2,100.0,106,0,1182,2026-07-12T16:52:08.695219+00:00,0.0017812,0.0547283,True,False,0.1,0.0,86,86054,True,False,5089,398,1,40,0.038404385597411696,0.06159561440258831,0.04865659999999981,0.0020361000000000025,3.6e-06,0.004032000000000188,d69916f2eb03c93a6913485932d59e8d0bd9d27dc356228cb15702970af882b3,8dc3780c37945383ec61b2e0f8a73c23a0a89c7a25c1733ccb0bc8b3751e1975,a643f62d82e2a28f903663acade174fee38dbb8daecccea9dfcca80068c57ba8,
final,shrinking_split_b_decay_n2e6,shrinking,Shrinking split B decay,2000000,0.1,wallclock_timing,wallclock,0,,106,0,1183,2026-07-12T16:52:08.751340+00:00,0.0023298,0.0515551,True,False,0.1,0.0,107,325,False,False,5879,2,2,97,0.09998526159459609,1.473840540391002e-05,0.04806300000000032,0.0001188,1.21e-05,0.0033611999999996756,a2595b7daef597338664c8bbcf3fed2449370ae3e3f791b8d0fc216aa60f745d,2aae516d56132694f50a405fcc877d8ba2490d1c60e6613bd0705db0b41e8aab,a643f62d82e2a28f903663acade174fee38dbb8daecccea9dfcca80068c57ba8,
final,shrinking_split_b_decay_n2e6,shrinking,Shrinking split B decay,2000000,0.1,threshold_2000,prospective,2,2000.0,106,0,1184,2026-07-12T16:52:08.805784+00:00,0.0017307,0.0718429,True,False,0.1,0.0,87,4000087,True,False,1,2816,1,0,6.082396754594631e-06,0.09999391760324541,1.4e-05,0.06983520000000017,2.4e-06,0.001991299999999835,cf503bc1bbae6d5606a629ba46712a8c66d8b0453349926683c0da8513bd523d,7f44c07d6ebe2892ca16f56aa5f19759e8fb550b28ba058147dfdcce6cf19eb2,a643f62d82e2a28f903663acade174fee38dbb8daecccea9dfcca80068c57ba8,
final,oregonator_n1e5,oregonator,Oregonator,100000,1.0,threshold_100,prospective,2,100.0,101,1,1185,2026-07-12T16:52:08.880321+00:00,0.0026209,0.2090902,True,False,1.0,0.0,73336,125336,True,False,1,15549,1,0,1.6285913128937451e-06,0.9999983714086871,2.23e-05,0.19349250000000082,3.6e-06,0.015571799999999192,94144f9cbec99d6f7eb32e791054a81d05cfc4e809a11793c9fba7b75007664c,9e77501a15a3d1aa5c0933ea860cffbf58eb50903e89ce1ec673d3fa24a69376,a643f62d82e2a28f903663acade174fee38dbb8daecccea9dfcca80068c57ba8,
final,oregonator_n1e5,oregonator,Oregonator,100000,1.0,threshold_500,prospective,2,500.0,101,1,1186,2026-07-12T16:52:09.091779+00:00,0.0028764,0.1923569,True,False,1.0,0.0,73336,125336,True,False,1,15549,1,0,1.6285913128937451e-06,0.9999983714086871,2.25e-05,0.17773249999999796,3.7e-06,0.014598200000002032,94144f9cbec99d6f7eb32e791054a81d05cfc4e809a11793c9fba7b75007664c,9e77501a15a3d1aa5c0933ea860cffbf58eb50903e89ce1ec673d3fa24a69376,a643f62d82e2a28f903663acade174fee38dbb8daecccea9dfcca80068c57ba8,
final,oregonator_n1e5,oregonator,Oregonator,100000,1.0,threshold_250,prospective,2,250.0,101,1,1187,2026-07-12T16:52:09.287683+00:00,0.0026396,0.2012616,True,False,1.0,0.0,73336,125336,True,False,1,15549,1,0,1.6285913128937451e-06,0.9999983714086871,2.8e-05,0.1865859999999994,4.5e-06,0.01464310000000063,94144f9cbec99d6f7eb32e791054a81d05cfc4e809a11793c9fba7b75007664c,9e77501a15a3d1aa5c0933ea860cffbf58eb50903e89ce1ec673d3fa24a69376,a643f62d82e2a28f903663acade174fee38dbb8daecccea9dfcca80068c57ba8,
final,oregonator_n1e5,oregonator,Oregonator,100000,1.0,threshold_2000,prospective,2,2000.0,101,1,1188,2026-07-12T16:52:09.492343+00:00,0.0028459,0.2162895,True,False,1.0,0.0,73336,125336,True,False,1,15549,1,0,1.6285913128937451e-06,0.9999983714086871,2.26e-05,0.2003649999999987,3.7e-06,0.015898200000001278,94144f9cbec99d6f7eb32e791054a81d05cfc4e809a11793c9fba7b75007664c,9e77501a15a3d1aa5c0933ea860cffbf58eb50903e89ce1ec673d3fa24a69376,a643f62d82e2a28f903663acade174fee38dbb8daecccea9dfcca80068c57ba8,
final,oregonator_n1e5,oregonator,Oregonator,100000,1.0,wallclock_timing,wallclock,0,,101,1,1189,2026-07-12T16:52:09.710999+00:00,0.0025051,0.2153498,True,False,1.0,0.0,67153,119153,True,False,7,14028,7,0,1.4673735880851768e-05,0.9999853262641191,0.0005598999999999999,0.2009570999999988,0.0002013,0.013631500000001212,7d953c649f6c194e5a9ab8c3c2a1e9085eb4bbed421662cc686ed87c958ad6ee,2a52b0cd1ae345de1f21333fc0f55044f358ddfa0521b079efac22b362fa3b47,a643f62d82e2a28f903663acade174fee38dbb8daecccea9dfcca80068c57ba8,
final,oregonator_n1e5,oregonator,Oregonator,100000,1.0,threshold_1000,prospective,2,1000.0,101,1,1190,2026-07-12T16:52:09.928998+00:00,0.0027471,0.2098479,True,False,1.0,0.0,73336,125336,True,False,1,15549,1,0,1.6285913128937451e-06,0.9999983714086871,2.41e-05,0.19448249999999936,4.3e-06,0.015337000000000628,94144f9cbec99d6f7eb32e791054a81d05cfc4e809a11793c9fba7b75007664c,9e77501a15a3d1aa5c0933ea860cffbf58eb50903e89ce1ec673d3fa24a69376,a643f62d82e2a28f903663acade174fee38dbb8daecccea9dfcca80068c57ba8,
final,shrinking_n2e6,shrinking,Shrinking,2000000,0.1,threshold_250,prospective,2,250.0,105,0,1191,2026-07-12T16:52:10.142589+00:00,0.0021993,0.0505196,True,False,0.1,0.0,101,537451,True,False,3721,1024,1,21,0.020069115763500893,0.07993088423649912,0.03643670000000002,0.0102196,3.2e-06,0.0038600999999999705,55dfd67a7effa6b0d3b2ddc08621b86bb78aa2860d47cd815eb441acc72ddee7,d624901395bd4cbbaaf8436ce4e9d2ddc3b8df5bac41571e45934fccca06b2ca,a643f62d82e2a28f903663acade174fee38dbb8daecccea9dfcca80068c57ba8,
final,shrinking_n2e6,shrinking,Shrinking,2000000,0.1,wallclock_timing,wallclock,0,,105,0,1192,2026-07-12T16:52:10.195689+00:00,0.0022369,0.0512125,True,False,0.1,0.0,105,335,False,False,5897,2,2,96,0.09998522560292143,1.4774397078563773e-05,0.0477549999999996,6.09e-05,8.2e-06,0.0033884000000003953,fbe269ed656d681bd10d952ae83d563b9f505b0d35aeda0b80d8bf33c926df73,2b40925334f043e808bc788c1b7dfe2d57a99677c9670fa4aafe813b1ef916f6,a643f62d82e2a28f903663acade174fee38dbb8daecccea9dfcca80068c57ba8,
final,shrinking_n2e6,shrinking,Shrinking,2000000,0.1,threshold_500,prospective,2,500.0,105,0,1193,2026-07-12T16:52:10.248188+00:00,0.0021458,0.0444539,True,False,0.1,0.0,83,2254381,True,False,1550,2063,1,6,0.006243454483298136,0.09375654551670187,0.01168410000000001,0.030637200000000055,2.7e-06,0.0021298999999999346,7cfc156513b6db4d32253311eec41de31441aac56b7d7e79df0c77c07d671eec,0b2c05a2509bf04fefdf411f733c860958cc2804a63dd4a6f080a83550ca3a2e,a643f62d82e2a28f903663acade174fee38dbb8daecccea9dfcca80068c57ba8,
final,shrinking_n2e6,shrinking,Shrinking,2000000,0.1,threshold_1000,prospective,2,1000.0,105,0,1194,2026-07-12T16:52:10.295993+00:00,0.0017608,0.0745536,True,False,0.1,0.0,94,4000094,True,False,1,2818,1,0,4.881735625155798e-06,0.09999511826437485,1.73e-05,0.07238510000000015,2.3e-06,0.0021488999999998565,504b263a800e44a040ea47ab3de8209acb7df222e81aad6161a5d309def6cd96,4eed9fedd172e000e7e94f2a99947098563c868f35906b7f715f4b0a7cd0225a,a643f62d82e2a28f903663acade174fee38dbb8daecccea9dfcca80068c57ba8,
final,shrinking_n2e6,shrinking,Shrinking,2000000,0.1,threshold_100,prospective,2,100.0,105,0,1195,2026-07-12T16:52:10.371338+00:00,0.0018284,0.0449439,True,False,0.1,0.0,99,85881,True,False,5011,397,1,40,0.03859482845202572,0.061405171547974285,0.04040759999999963,0.0012155000000000002,6.5e-06,0.003314300000000374,36b6f429ffbf44492f8fdc4a9c22236694f447fb4ba5828aeca56970cebaf770,5b59eeb91ea78940f7efdd033d8364b737bd6570df84bd925a16a2e13bd1ca5c,a643f62d82e2a28f903663acade174fee38dbb8daecccea9dfcca80068c57ba8,
final,shrinking_n2e6,shrinking,Shrinking,2000000,0.1,threshold_2000,prospective,2,2000.0,105,0,1196,2026-07-12T16:52:10.420206+00:00,0.002535,0.0604392,True,False,0.1,0.0,94,4000094,True,False,1,2818,1,0,4.881735625155798e-06,0.09999511826437485,2.35e-05,0.058632199999999836,3.4e-06,0.0017801000000001593,504b263a800e44a040ea47ab3de8209acb7df222e81aad6161a5d309def6cd96,4eed9fedd172e000e7e94f2a99947098563c868f35906b7f715f4b0a7cd0225a,a643f62d82e2a28f903663acade174fee38dbb8daecccea9dfcca80068c57ba8,
final,lotka_volterra_n10000000,lotka_volterra,Lotka-Volterra,10000000,1.0,threshold_2000,prospective,2,2000.0,105,0,1197,2026-07-12T16:52:10.481533+00:00,0.0021384,0.3511239,True,False,1.0,0.0,12594806,22594806,True,False,1,4121,1,0,0.00016424352920226025,0.9998357564707977,2.16e-05,0.34799990000000064,2.5e-06,0.0030998999999993226,063ca1ebf9e08a6c421f2228ffa6e6e0252455787287d4c631351225e7847432,b578281e74103b835986ee06326b2c1d29fb2bc097f28d3d63249b33949b1e0c,a643f62d82e2a28f903663acade174fee38dbb8daecccea9dfcca80068c57ba8,
final,lotka_volterra_n10000000,lotka_volterra,Lotka-Volterra,10000000,1.0,threshold_250,prospective,2,250.0,105,0,1198,2026-07-12T16:52:10.825828+00:00,0.0018321,0.1237462,True,False,1.0,0.0,12598421,22598421,False,False,9337,0,0,0,1.0,0.0,0.11802670000000083,0.0,0.0,0.00571949999999917,a6a25592af6f95bfdabd9267713a7825f924891bffd1c64e717d38f9e7e7107c,d189589403cfb33068f689cc7a84ec588a57490d67ada923e0dba75e7a935c88,a643f62d82e2a28f903663acade174fee38dbb8daecccea9dfcca80068c57ba8,
final,lotka_volterra_n10000000,lotka_volterra,Lotka-Volterra,10000000,1.0,threshold_1000,prospective,2,1000.0,105,0,1199,2026-07-12T16:52:10.962507+00:00,0.0018828,0.128452,True,False,1.0,0.0,12598421,22598421,False,False,9337,0,0,0,1.0,0.0,0.12225780000000125,0.0,0.0,0.006194199999998762,a6a25592af6f95bfdabd9267713a7825f924891bffd1c64e717d38f9e7e7107c,d189589403cfb33068f689cc7a84ec588a57490d67ada923e0dba75e7a935c88,a643f62d82e2a28f903663acade174fee38dbb8daecccea9dfcca80068c57ba8,
final,lotka_volterra_n10000000,lotka_volterra,Lotka-Volterra,10000000,1.0,threshold_500,prospective,2,500.0,105,0,1200,2026-07-12T16:52:11.092405+00:00,0.0030805,0.1235045,True,False,1.0,0.0,12598421,22598421,False,False,9337,0,0,0,1.0,0.0,0.11770870000000129,0.0,0.0,0.005795799999998713,a6a25592af6f95bfdabd9267713a7825f924891bffd1c64e717d38f9e7e7107c,d189589403cfb33068f689cc7a84ec588a57490d67ada923e0dba75e7a935c88,a643f62d82e2a28f903663acade174fee38dbb8daecccea9dfcca80068c57ba8,
final,lotka_volterra_n10000000,lotka_volterra,Lotka-Volterra,10000000,1.0,wallclock_timing,wallclock,0,,105,0,1201,2026-07-12T16:52:11.220397+00:00,0.0016247,0.1272108,True,False,1.0,0.0,12606962,22606962,False,False,9309,4,4,0,0.9990377753377637,0.0009622246622362877,0.12147980000000214,0.00031459999999999995,2.29e-05,0.005393499999997872,54fe43d78f07069d6a87f1ad2f79f8adb6b4ff0474e83cc74719cf4d347b33e5,9977c415ae4342d493abfc2bb77e8ef8ee34a7baca6bf06a096810c7eda2f034,a643f62d82e2a28f903663acade174fee38dbb8daecccea9dfcca80068c57ba8,
final,lotka_volterra_n10000000,lotka_volterra,Lotka-Volterra,10000000,1.0,threshold_100,prospective,2,100.0,105,0,1202,2026-07-12T16:52:11.349280+00:00,0.0020194,0.1200302,True,False,1.0,0.0,12598421,22598421,False,False,9337,0,0,0,1.0,0.0,0.11427830000000104,0.0,0.0,0.005751899999998963,a6a25592af6f95bfdabd9267713a7825f924891bffd1c64e717d38f9e7e7107c,d189589403cfb33068f689cc7a84ec588a57490d67ada923e0dba75e7a935c88,a643f62d82e2a28f903663acade174fee38dbb8daecccea9dfcca80068c57ba8,
final,brusselator_n2e4,brusselator,Order-3 Brusselator,20000,20.0,threshold_2000,prospective,2,2000.0,103,0,1203,2026-07-12T16:52:11.471873+00:00,0.0023236,0.1166272,True,False,20.0,0.0,187327,197327,True,False,1,5464,1,0,2.4675152480086063e-05,19.99997532484752,4.35e-05,0.11136510000000013,4.7e-06,0.005213899999999869,ed786808308d063585c82c387f6d4a01f4a78bf03a6ad6eef5904492dbf42898,2fe0cc8d1d1112b9384c1be2c02c814395e2f890b82594b040570646f58d6c5c,a643f62d82e2a28f903663acade174fee38dbb8daecccea9dfcca80068c57ba8,
final,brusselator_n2e4,brusselator,Order-3 Brusselator,20000,20.0,threshold_100,prospective,2,100.0,103,0,1204,2026-07-12T16:52:11.590911+00:00,0.0025476,0.1103646,True,False,20.0,0.0,187327,197327,True,False,1,5464,1,0,2.4675152480086063e-05,19.99997532484752,5.61e-05,0.10543040000000013,4.2e-06,0.004873899999999862,ed786808308d063585c82c387f6d4a01f4a78bf03a6ad6eef5904492dbf42898,2fe0cc8d1d1112b9384c1be2c02c814395e2f890b82594b040570646f58d6c5c,a643f62d82e2a28f903663acade174fee38dbb8daecccea9dfcca80068c57ba8,
final,brusselator_n2e4,brusselator,Order-3 Brusselator,20000,20.0,threshold_500,prospective,2,500.0,103,0,1205,2026-07-12T16:52:11.704412+00:00,0.0020942,0.1292288,True,False,20.0,0.0,187327,197327,True,False,1,5464,1,0,2.4675152480086063e-05,19.99997532484752,4.25e-05,0.12395289999999996,3.4e-06,0.00523000000000004,ed786808308d063585c82c387f6d4a01f4a78bf03a6ad6eef5904492dbf42898,2fe0cc8d1d1112b9384c1be2c02c814395e2f890b82594b040570646f58d6c5c,a643f62d82e2a28f903663acade174fee38dbb8daecccea9dfcca80068c57ba8,
final,brusselator_n2e4,brusselator,Order-3 Brusselator,20000,20.0,threshold_250,prospective,2,250.0,103,0,1206,2026-07-12T16:52:11.836287+00:00,0.0022545,0.123777,True,False,20.0,0.0,187327,197327,True,False,1,5464,1,0,2.4675152480086063e-05,19.99997532484752,4.22e-05,0.11880889999999987,3.7e-06,0.0049222000000001265,ed786808308d063585c82c387f6d4a01f4a78bf03a6ad6eef5904492dbf42898,2fe0cc8d1d1112b9384c1be2c02c814395e2f890b82594b040570646f58d6c5c,a643f62d82e2a28f903663acade174fee38dbb8daecccea9dfcca80068c57ba8,
final,brusselator_n2e4,brusselator,Order-3 Brusselator,20000,20.0,wallclock_timing,wallclock,0,,103,0,1207,2026-07-12T16:52:11.963439+00:00,0.002607,0.1051883,True,False,20.0,0.0,185534,195534,True,False,256,5492,1,0,0.004459422850355674,19.995540577149644,0.009031200000000007,0.09185010000000035,4.1e-06,0.004302899999999638,787ab6475ca68266621375f390b2c2ddae1daa1f8ae2e5a523f034332e7a0262,69f34ebdedfccda72e59c3cedb9a3aadf232e08801354f88980ca084a38f836a,a643f62d82e2a28f903663acade174fee38dbb8daecccea9dfcca80068c57ba8,
final,brusselator_n2e4,brusselator,Order-3 Brusselator,20000,20.0,threshold_1000,prospective,2,1000.0,103,0,1208,2026-07-12T16:52:12.070955+00:00,0.003737,0.1315231,True,False,20.0,0.0,187327,197327,True,False,1,5464,1,0,2.4675152480086063e-05,19.99997532484752,6.45e-05,0.12582760000000054,4.5e-06,0.005626499999999479,ed786808308d063585c82c387f6d4a01f4a78bf03a6ad6eef5904492dbf42898,2fe0cc8d1d1112b9384c1be2c02c814395e2f890b82594b040570646f58d6c5c,a643f62d82e2a28f903663acade174fee38dbb8daecccea9dfcca80068c57ba8,
final,lotka_volterra_n1000000,lotka_volterra,Lotka-Volterra,1000000,1.0,threshold_100,prospective,2,100.0,101,0,1209,2026-07-12T16:52:12.207094+00:00,0.0017866,0.0347025,True,False,1.0,0.0,1259673,2259673,False,False,2954,0,0,0,1.0,0.0,0.033081599999999836,0.0,0.0,0.001620900000000161,c8c7a4282eade7f11e742efbecf899a9d2ae5811c708299f05ae30e8119144e3,925b72781822c2eb318d816120a1cab2f872c47db2338e35e1faddd46fcb6def,a643f62d82e2a28f903663acade174fee38dbb8daecccea9dfcca80068c57ba8,
final,lotka_volterra_n1000000,lotka_volterra,Lotka-Volterra,1000000,1.0,threshold_1000,prospective,2,1000.0,101,0,1210,2026-07-12T16:52:12.243872+00:00,0.0015836,0.0260282,True,False,1.0,0.0,1260733,2260733,True,False,1,1304,1,0,0.00023177383613606022,0.999768226163864,1.48e-05,0.025371600000000022,2.1e-06,0.0006396999999999792,f96acd7e51f991982a06909f16aeeb3bacd69f3835bbea9596643dc903b611fe,0ac8b10ae7d977e15369dcd66ecd6d0c981531d45af435ae38db7f506ef303bc,a643f62d82e2a28f903663acade174fee38dbb8daecccea9dfcca80068c57ba8,
final,lotka_volterra_n1000000,lotka_volterra,Lotka-Volterra,1000000,1.0,threshold_2000,prospective,2,2000.0,101,0,1211,2026-07-12T16:52:12.270875+00:00,0.0014782,0.0313092,True,False,1.0,0.0,1260733,2260733,True,False,1,1304,1,0,0.00023177383613606022,0.999768226163864,8.66e-05,0.03050089999999999,2.8e-06,0.0007189000000000119,f96acd7e51f991982a06909f16aeeb3bacd69f3835bbea9596643dc903b611fe,0ac8b10ae7d977e15369dcd66ecd6d0c981531d45af435ae38db7f506ef303bc,a643f62d82e2a28f903663acade174fee38dbb8daecccea9dfcca80068c57ba8,
final,lotka_volterra_n1000000,lotka_volterra,Lotka-Volterra,1000000,1.0,threshold_250,prospective,2,250.0,101,0,1212,2026-07-12T16:52:12.304508+00:00,0.0019818,0.032698,True,False,1.0,0.0,1259673,2259673,False,False,2954,0,0,0,1.0,0.0,0.030920299999999873,0.0,0.0,0.001777700000000125,c8c7a4282eade7f11e742efbecf899a9d2ae5811c708299f05ae30e8119144e3,925b72781822c2eb318d816120a1cab2f872c47db2338e35e1faddd46fcb6def,a643f62d82e2a28f903663acade174fee38dbb8daecccea9dfcca80068c57ba8,
final,lotka_volterra_n1000000,lotka_volterra,Lotka-Volterra,1000000,1.0,threshold_500,prospective,2,500.0,101,0,1213,2026-07-12T16:52:12.339022+00:00,0.0017536,0.0254969,True,False,1.0,0.0,1260733,2260733,True,False,1,1304,1,0,0.00023177383613606022,0.999768226163864,1.69e-05,0.02486630000000005,2.7e-06,0.0006109999999999484,f96acd7e51f991982a06909f16aeeb3bacd69f3835bbea9596643dc903b611fe,0ac8b10ae7d977e15369dcd66ecd6d0c981531d45af435ae38db7f506ef303bc,a643f62d82e2a28f903663acade174fee38dbb8daecccea9dfcca80068c57ba8,
final,lotka_volterra_n1000000,lotka_volterra,Lotka-Volterra,1000000,1.0,wallclock_timing,wallclock,0,,101,0,1214,2026-07-12T16:52:12.367019+00:00,0.0019279,0.0305294,True,False,1.0,0.0,1260913,2260913,False,False,2942,2,2,0,0.9984025638767478,0.0015974361232522216,0.02908949999999995,3.63e-05,7.2000000000000005e-06,0.0013964000000000545,5c638bcae20b281196be9f435d084494271ec8894e0282b8dde936846c662e56,b9488ca9cf84db54ce0c6d66fe85a599d0ba0e47a32cd876d6fac82cff47d5ee,a643f62d82e2a28f903663acade174fee38dbb8daecccea9dfcca80068c57ba8,
final,brusselator_n2e4,brusselator,Order-3 Brusselator,20000,20.0,threshold_2000,prospective,2,2000.0,105,1,1215,2026-07-12T16:52:12.399527+00:00,0.0018382,0.1223603,True,False,20.0,0.0,187448,197448,True,False,1,5455,1,0,2.4629967265270288e-05,19.999975370032736,3.47e-05,0.11768020000000025,2.9e-06,0.004642499999999758,a9287ca1fb5cdb31d52f9bb1729193455be689a4b428d228d6f67a0619c7fd8d,a3b39d3b3d872b0a539cb77ba85e55a447c2d071d8e754f9de4533bee9bf180d,a643f62d82e2a28f903663acade174fee38dbb8daecccea9dfcca80068c57ba8,
final,brusselator_n2e4,brusselator,Order-3 Brusselator,20000,20.0,threshold_1000,prospective,2,1000.0,105,1,1216,2026-07-12T16:52:12.524557+00:00,0.0033281,0.094425,True,False,20.0,0.0,187448,197448,True,False,1,5455,1,0,2.4629967265270288e-05,19.999975370032736,4.57e-05,0.09009890000000008,3.6e-06,0.004276799999999914,a9287ca1fb5cdb31d52f9bb1729193455be689a4b428d228d6f67a0619c7fd8d,a3b39d3b3d872b0a539cb77ba85e55a447c2d071d8e754f9de4533bee9bf180d,a643f62d82e2a28f903663acade174fee38dbb8daecccea9dfcca80068c57ba8,
final,brusselator_n2e4,brusselator,Order-3 Brusselator,20000,20.0,threshold_500,prospective,2,500.0,105,1,1217,2026-07-12T16:52:12.622109+00:00,0.0020879,0.1254871,True,False,20.0,0.0,187448,197448,True,False,1,5455,1,0,2.4629967265270288e-05,19.999975370032736,4.98e-05,0.1206964000000002,3.7e-06,0.004737199999999789,a9287ca1fb5cdb31d52f9bb1729193455be689a4b428d228d6f67a0619c7fd8d,a3b39d3b3d872b0a539cb77ba85e55a447c2d071d8e754f9de4533bee9bf180d,a643f62d82e2a28f903663acade174fee38dbb8daecccea9dfcca80068c57ba8,
final,brusselator_n2e4,brusselator,Order-3 Brusselator,20000,20.0,threshold_100,prospective,2,100.0,105,1,1218,2026-07-12T16:52:12.749636+00:00,0.0020137,0.143204,True,False,20.0,0.0,187448,197448,True,False,1,5455,1,0,2.4629967265270288e-05,19.999975370032736,4.8e-05,0.13757569999999994,3.5e-06,0.005576800000000076,a9287ca1fb5cdb31d52f9bb1729193455be689a4b428d228d6f67a0619c7fd8d,a3b39d3b3d872b0a539cb77ba85e55a447c2d071d8e754f9de4533bee9bf180d,a643f62d82e2a28f903663acade174fee38dbb8daecccea9dfcca80068c57ba8,
final,brusselator_n2e4,brusselator,Order-3 Brusselator,20000,20.0,wallclock_timing,wallclock,0,,105,1,1219,2026-07-12T16:52:12.895693+00:00,0.0023166,0.1217577,True,False,20.0,0.0,187414,197414,True,False,256,5468,1,0,0.004566204699297928,19.995433795300702,0.008402999999999999,0.1091351,4.1e-06,0.004215499999999997,cc7cbcd632c758d4f70a803c64250df17a332f3b32c7d5f7ee3f1588cdec71cf,696332214eccf0c1a8f3457a14174a4e9b956d26d77f38949e0ae642dc6229cb,a643f62d82e2a28f903663acade174fee38dbb8daecccea9dfcca80068c57ba8,
final,brusselator_n2e4,brusselator,Order-3 Brusselator,20000,20.0,threshold_250,prospective,2,250.0,105,1,1220,2026-07-12T16:52:13.020203+00:00,0.0023804,0.1045706,True,False,20.0,0.0,187448,197448,True,False,1,5455,1,0,2.4629967265270288e-05,19.999975370032736,4.56e-05,0.09973530000000003,3.4e-06,0.004786299999999966,a9287ca1fb5cdb31d52f9bb1729193455be689a4b428d228d6f67a0619c7fd8d,a3b39d3b3d872b0a539cb77ba85e55a447c2d071d8e754f9de4533bee9bf180d,a643f62d82e2a28f903663acade174fee38dbb8daecccea9dfcca80068c57ba8,
final,oregonator_n1e5,oregonator,Oregonator,100000,1.0,threshold_250,prospective,2,250.0,106,1,1221,2026-07-12T16:52:13.126800+00:00,0.0027416,0.266042,True,False,1.0,0.0,64229,116229,True,False,1,20861,1,0,4.605181595574793e-06,0.9999953948184045,2.52e-05,0.24601460000000167,4.6e-06,0.01999759999999834,d0963dc7350564c8b661d2cc90c3f32324044cb37daaff5e347ab21a47be75d5,999a61203baa2e7e8f6d29b2ee435c32c78bcbfe428be16f2b58c8e332c2c8ce,a643f62d82e2a28f903663acade174fee38dbb8daecccea9dfcca80068c57ba8,
final,oregonator_n1e5,oregonator,Oregonator,100000,1.0,wallclock_timing,wallclock,0,,106,1,1222,2026-07-12T16:52:13.396621+00:00,0.003348,0.2942545,True,False,1.0,0.0,61693,113693,True,False,536,20782,11,0,0.0011812071068722074,0.9988187928931278,0.008179499999999996,0.2670413000000008,0.00014629999999999998,0.018887399999999166,aa6bfa32756414376e4301bc1cca840f8a71917baaedb0c08a486fe799299e31,db7a14461cacaaddfceb079fba2d18bd705985aab21d2b39c5f987621458d71a,a643f62d82e2a28f903663acade174fee38dbb8daecccea9dfcca80068c57ba8,
final,oregonator_n1e5,oregonator,Oregonator,100000,1.0,threshold_500,prospective,2,500.0,106,1,1223,2026-07-12T16:52:13.694460+00:00,0.0031594,0.3281789,True,False,1.0,0.0,64229,116229,True,False,1,20861,1,0,4.605181595574793e-06,0.9999953948184045,2.9e-05,0.3052865000000026,5.4e-06,0.02285799999999738,d0963dc7350564c8b661d2cc90c3f32324044cb37daaff5e347ab21a47be75d5,999a61203baa2e7e8f6d29b2ee435c32c78bcbfe428be16f2b58c8e332c2c8ce,a643f62d82e2a28f903663acade174fee38dbb8daecccea9dfcca80068c57ba8,
final,oregonator_n1e5,oregonator,Oregonator,100000,1.0,threshold_2000,prospective,2,2000.0,106,1,1224,2026-07-12T16:52:14.023108+00:00,0.0023572,0.2783788,True,False,1.0,0.0,64229,116229,True,False,1,20861,1,0,4.605181595574793e-06,0.9999953948184045,2.81e-05,0.2582414000000008,4.8e-06,0.020104499999999192,d0963dc7350564c8b661d2cc90c3f32324044cb37daaff5e347ab21a47be75d5,999a61203baa2e7e8f6d29b2ee435c32c78bcbfe428be16f2b58c8e332c2c8ce,a643f62d82e2a28f903663acade174fee38dbb8daecccea9dfcca80068c57ba8,
final,oregonator_n1e5,oregonator,Oregonator,100000,1.0,threshold_1000,prospective,2,1000.0,106,1,1225,2026-07-12T16:52:14.307270+00:00,0.0024775,0.2992288,True,False,1.0,0.0,64229,116229,True,False,1,20861,1,0,4.605181595574793e-06,0.9999953948184045,2.4e-05,0.27781030000000123,3.4e-06,0.021391099999998775,d0963dc7350564c8b661d2cc90c3f32324044cb37daaff5e347ab21a47be75d5,999a61203baa2e7e8f6d29b2ee435c32c78bcbfe428be16f2b58c8e332c2c8ce,a643f62d82e2a28f903663acade174fee38dbb8daecccea9dfcca80068c57ba8,
final,oregonator_n1e5,oregonator,Oregonator,100000,1.0,threshold_100,prospective,2,100.0,106,1,1226,2026-07-12T16:52:14.609895+00:00,0.0021388,0.2804327,True,False,1.0,0.0,64229,116229,True,False,1,20861,1,0,4.605181595574793e-06,0.9999953948184045,2.35e-05,0.25983669999999587,3.8e-06,0.020568700000004103,d0963dc7350564c8b661d2cc90c3f32324044cb37daaff5e347ab21a47be75d5,999a61203baa2e7e8f6d29b2ee435c32c78bcbfe428be16f2b58c8e332c2c8ce,a643f62d82e2a28f903663acade174fee38dbb8daecccea9dfcca80068c57ba8,
final,lotka_volterra_n1000000,lotka_volterra,Lotka-Volterra,1000000,1.0,threshold_1000,prospective,2,1000.0,106,0,1227,2026-07-12T16:52:14.887628+00:00,0.001756,0.030149,True,False,1.0,0.0,1259497,2259497,True,False,1,1303,1,0,0.0006466197918077099,0.9993533802081923,1.94e-05,0.029389400000000017,2.7e-06,0.0007374999999999812,e5d4ddeeb1575e2c013c46be3da59381908da649aedfebdde8a5130ee09b5d4c,edde9efc7ea0c1b70b4f5f9ee0768a87cf0195c14127dc65a2d1280cdea95c25,a643f62d82e2a28f903663acade174fee38dbb8daecccea9dfcca80068c57ba8,
final,lotka_volterra_n1000000,lotka_volterra,Lotka-Volterra,1000000,1.0,threshold_250,prospective,2,250.0,106,0,1228,2026-07-12T16:52:14.919287+00:00,0.001751,0.0396522,True,False,1.0,0.0,1260053,2260053,False,False,2957,0,0,0,1.0,0.0,0.0376735999999998,0.0,0.0,0.0019786000000001983,6c64ff8adc31d4071d558571a827e3006be2132b35cf8edf7d506af791176c3a,d6bb84be1f94dcbb830237bd07cd23945b7537508d6ee3f85efe97633b5d10ee,a643f62d82e2a28f903663acade174fee38dbb8daecccea9dfcca80068c57ba8,
final,lotka_volterra_n1000000,lotka_volterra,Lotka-Volterra,1000000,1.0,threshold_500,prospective,2,500.0,106,0,1229,2026-07-12T16:52:14.966353+00:00,0.0025092,0.0334332,True,False,1.0,0.0,1259497,2259497,True,False,1,1303,1,0,0.0006466197918077099,0.9993533802081923,2.75e-05,0.03254990000000001,3.7e-06,0.0008520999999999945,e5d4ddeeb1575e2c013c46be3da59381908da649aedfebdde8a5130ee09b5d4c,edde9efc7ea0c1b70b4f5f9ee0768a87cf0195c14127dc65a2d1280cdea95c25,a643f62d82e2a28f903663acade174fee38dbb8daecccea9dfcca80068c57ba8,
final,lotka_volterra_n1000000,lotka_volterra,Lotka-Volterra,1000000,1.0,wallclock_timing,wallclock,0,,106,0,1230,2026-07-12T16:52:15.002814+00:00,0.0023519,0.0361894,True,False,1.0,0.0,1262051,2262051,False,False,2899,27,4,0,0.9795284843634605,0.020471515636539497,0.033710200000000065,0.0009129,2.42e-05,0.0015420999999999283,3841028af869fd09a989c7e4a60a8d316a275ac72f4d2918a082f2851f638168,bb6751b77a78eabea0db1813cc6c488f652b874279c746f859cb63efa6ddcc1b,a643f62d82e2a28f903663acade174fee38dbb8daecccea9dfcca80068c57ba8,
final,lotka_volterra_n1000000,lotka_volterra,Lotka-Volterra,1000000,1.0,threshold_100,prospective,2,100.0,106,0,1231,2026-07-12T16:52:15.035256+00:00,0.0024397,0.0377042,True,False,1.0,0.0,1260053,2260053,False,False,2957,0,0,0,1.0,0.0,0.03584810000000034,0.0,0.0,0.0018560999999996594,6c64ff8adc31d4071d558571a827e3006be2132b35cf8edf7d506af791176c3a,d6bb84be1f94dcbb830237bd07cd23945b7537508d6ee3f85efe97633b5d10ee,a643f62d82e2a28f903663acade174fee38dbb8daecccea9dfcca80068c57ba8,
final,lotka_volterra_n1000000,lotka_volterra,Lotka-Volterra,1000000,1.0,threshold_2000,prospective,2,2000.0,106,0,1232,2026-07-12T16:52:15.081445+00:00,0.001834,0.0315501,True,False,1.0,0.0,1259497,2259497,True,False,1,1303,1,0,0.0006466197918077099,0.9993533802081923,1.73e-05,0.030780300000000056,2.5e-06,0.0007499999999999417,e5d4ddeeb1575e2c013c46be3da59381908da649aedfebdde8a5130ee09b5d4c,edde9efc7ea0c1b70b4f5f9ee0768a87cf0195c14127dc65a2d1280cdea95c25,a643f62d82e2a28f903663acade174fee38dbb8daecccea9dfcca80068c57ba8,
final,shrinking_n2e6,shrinking,Shrinking,2000000,0.1,threshold_500,prospective,2,500.0,105,1,1233,2026-07-12T16:52:15.112042+00:00,0.0015336,0.0400545,True,False,0.1,0.0,83,2254381,True,False,1550,2063,1,6,0.006243454483298136,0.09375654551670187,0.0120875,0.02585370000000006,3e-06,0.00211029999999994,7cfc156513b6db4d32253311eec41de31441aac56b7d7e79df0c77c07d671eec,0b2c05a2509bf04fefdf411f733c860958cc2804a63dd4a6f080a83550ca3a2e,a643f62d82e2a28f903663acade174fee38dbb8daecccea9dfcca80068c57ba8,
final,shrinking_n2e6,shrinking,Shrinking,2000000,0.1,wallclock_timing,wallclock,0,,105,1,1234,2026-07-12T16:52:15.158009+00:00,0.0017025,0.0445953,True,False,0.1,0.0,105,335,False,False,5897,2,2,96,0.09998522560292143,1.4774397078563773e-05,0.041607600000000085,5.85e-05,6.2e-06,0.0029229999999999118,fbe269ed656d681bd10d952ae83d563b9f505b0d35aeda0b80d8bf33c926df73,2b40925334f043e808bc788c1b7dfe2d57a99677c9670fa4aafe813b1ef916f6,a643f62d82e2a28f903663acade174fee38dbb8daecccea9dfcca80068c57ba8,
final,shrinking_n2e6,shrinking,Shrinking,2000000,0.1,threshold_100,prospective,2,100.0,105,1,1235,2026-07-12T16:52:15.204431+00:00,0.0019024,0.0395435,True,False,0.1,0.0,99,85881,True,False,5011,397,1,40,0.03859482845202572,0.061405171547974285,0.03500599999999991,0.0015446,2.7e-06,0.0029902000000000886,36b6f429ffbf44492f8fdc4a9c22236694f447fb4ba5828aeca56970cebaf770,5b59eeb91ea78940f7efdd033d8364b737bd6570df84bd925a16a2e13bd1ca5c,a643f62d82e2a28f903663acade174fee38dbb8daecccea9dfcca80068c57ba8,
final,shrinking_n2e6,shrinking,Shrinking,2000000,0.1,threshold_1000,prospective,2,1000.0,105,1,1236,2026-07-12T16:52:15.237339+00:00,0.0016853,0.0519691,True,False,0.1,0.0,94,4000094,True,False,1,2818,1,0,4.881735625155798e-06,0.09999511826437485,1.67e-05,0.05045080000000002,2.1e-06,0.00149949999999998,504b263a800e44a040ea47ab3de8209acb7df222e81aad6161a5d309def6cd96,4eed9fedd172e000e7e94f2a99947098563c868f35906b7f715f4b0a7cd0225a,a643f62d82e2a28f903663acade174fee38dbb8daecccea9dfcca80068c57ba8,
final,shrinking_n2e6,shrinking,Shrinking,2000000,0.1,threshold_2000,prospective,2,2000.0,105,1,1237,2026-07-12T16:52:15.300672+00:00,0.0015793,0.0525706,True,False,0.1,0.0,94,4000094,True,False,1,2818,1,0,4.881735625155798e-06,0.09999511826437485,1.63e-05,0.05084380000000004,2.3e-06,0.0017081999999999653,504b263a800e44a040ea47ab3de8209acb7df222e81aad6161a5d309def6cd96,4eed9fedd172e000e7e94f2a99947098563c868f35906b7f715f4b0a7cd0225a,a643f62d82e2a28f903663acade174fee38dbb8daecccea9dfcca80068c57ba8,
final,shrinking_n2e6,shrinking,Shrinking,2000000,0.1,threshold_250,prospective,2,250.0,105,1,1238,2026-07-12T16:52:15.354017+00:00,0.0015862,0.0392046,True,False,0.1,0.0,101,537451,True,False,3721,1024,1,21,0.020069115763500893,0.07993088423649912,0.02977240000000002,0.0065500999999999945,4.3e-06,0.002877799999999986,55dfd67a7effa6b0d3b2ddc08621b86bb78aa2860d47cd815eb441acc72ddee7,d624901395bd4cbbaaf8436ce4e9d2ddc3b8df5bac41571e45934fccca06b2ca,a643f62d82e2a28f903663acade174fee38dbb8daecccea9dfcca80068c57ba8,
final,dimerization_n1e8,dimerization,Dimerization,100000000,0.5,threshold_2000,prospective,2,2000.0,102,0,1239,2026-07-12T16:52:15.391728+00:00,0.0014322,0.8113164,True,False,0.5,0.0,79428595,129428595,True,False,1,2192,1,0,4.643775745738835e-05,0.4999535622425426,4.18e-05,0.8087841000000013,1.7e-06,0.0024887999999987365,9cb378712388a623ef2316d50e1762c9117e1e07a9832510d16f0eeed1c845fa,5ac18ff1441c2d976542def84cb653b2af4aea5bad75ba6a0e05edb255327929,a643f62d82e2a28f903663acade174fee38dbb8daecccea9dfcca80068c57ba8,
final,dimerization_n1e8,dimerization,Dimerization,100000000,0.5,wallclock_timing,wallclock,0,,102,0,1240,2026-07-12T16:52:16.204431+00:00,0.00173,0.2321804,True,False,0.5,0.0,79428784,129428784,False,False,15552,4,4,0,0.4991284041669079,0.0008715958330920981,0.22325099999999753,0.0014626,1.8800000000000003e-05,0.007448000000002453,d66a20d26aa2c5e1fba7a3a197c7b43c0f52a69a82a8daecd493530b4ea93cbd,e2863cf0c28d774499e2a978e8100a109e865c5c76823a6b569000518300a726,a643f62d82e2a28f903663acade174fee38dbb8daecccea9dfcca80068c57ba8,
final,dimerization_n1e8,dimerization,Dimerization,100000000,0.5,threshold_1000,prospective,2,1000.0,102,0,1241,2026-07-12T16:52:16.438261+00:00,0.0017278,0.2263619,True,False,0.5,0.0,79429042,129429042,False,False,15571,0,0,0,0.5,0.0,0.21806910000000182,0.0,0.0,0.008292799999998185,061baef270e75b77979439badbd29b639b3e68a2dcd8737aa53b9b9939498d5d,5765ab6cdfb4e76fbb45e2f8c4cc28e2ad126383a58f32803dddb64b931bb818,a643f62d82e2a28f903663acade174fee38dbb8daecccea9dfcca80068c57ba8,
final,dimerization_n1e8,dimerization,Dimerization,100000000,0.5,threshold_250,prospective,2,250.0,102,0,1242,2026-07-12T16:52:16.671950+00:00,0.0018982,0.230456,True,False,0.5,0.0,79429042,129429042,False,False,15571,0,0,0,0.5,0.0,0.22181620000000268,0.0,0.0,0.00863979999999731,061baef270e75b77979439badbd29b639b3e68a2dcd8737aa53b9b9939498d5d,5765ab6cdfb4e76fbb45e2f8c4cc28e2ad126383a58f32803dddb64b931bb818,a643f62d82e2a28f903663acade174fee38dbb8daecccea9dfcca80068c57ba8,
final,dimerization_n1e8,dimerization,Dimerization,100000000,0.5,threshold_500,prospective,2,500.0,102,0,1243,2026-07-12T16:52:16.904390+00:00,0.0017735,0.2125505,True,False,0.5,0.0,79429042,129429042,False,False,15571,0,0,0,0.5,0.0,0.20492340000000292,0.0,0.0,0.0076270999999970834,061baef270e75b77979439badbd29b639b3e68a2dcd8737aa53b9b9939498d5d,5765ab6cdfb4e76fbb45e2f8c4cc28e2ad126383a58f32803dddb64b931bb818,a643f62d82e2a28f903663acade174fee38dbb8daecccea9dfcca80068c57ba8,
final,dimerization_n1e8,dimerization,Dimerization,100000000,0.5,threshold_100,prospective,2,100.0,102,0,1244,2026-07-12T16:52:17.108446+00:00,0.0021533,0.1834041,True,False,0.5,0.0,79429042,129429042,False,False,15571,0,0,0,0.5,0.0,0.17685929999999694,0.0,0.0,0.006544800000003043,061baef270e75b77979439badbd29b639b3e68a2dcd8737aa53b9b9939498d5d,5765ab6cdfb4e76fbb45e2f8c4cc28e2ad126383a58f32803dddb64b931bb818,a643f62d82e2a28f903663acade174fee38dbb8daecccea9dfcca80068c57ba8,
final,lotka_volterra_n10000000,lotka_volterra,Lotka-Volterra,10000000,1.0,threshold_1000,prospective,2,1000.0,101,1,1245,2026-07-12T16:52:17.304488+00:00,0.002123,0.1270741,True,False,1.0,0.0,12600980,22600980,False,False,9350,0,0,0,1.0,0.0,0.12095250000000125,0.0,0.0,0.006121599999998742,a29553f17054bd42b60639e361cc2e3d2eb00d84997054a29b71c2be16758c3c,f45287ee906ac12f71a618ac14761c5c9c3dd09c5cdf766f1b8c383d97b39714,a643f62d82e2a28f903663acade174fee38dbb8daecccea9dfcca80068c57ba8,
final,lotka_volterra_n10000000,lotka_volterra,Lotka-Volterra,10000000,1.0,threshold_250,prospective,2,250.0,101,1,1246,2026-07-12T16:52:17.427433+00:00,0.0020954,0.1277192,True,False,1.0,0.0,12600980,22600980,False,False,9350,0,0,0,1.0,0.0,0.12160110000000017,0.0,0.0,0.006118099999999835,a29553f17054bd42b60639e361cc2e3d2eb00d84997054a29b71c2be16758c3c,f45287ee906ac12f71a618ac14761c5c9c3dd09c5cdf766f1b8c383d97b39714,a643f62d82e2a28f903663acade174fee38dbb8daecccea9dfcca80068c57ba8,
final,lotka_volterra_n10000000,lotka_volterra,Lotka-Volterra,10000000,1.0,threshold_2000,prospective,2,2000.0,101,1,1247,2026-07-12T16:52:17.554386+00:00,0.0018177,0.3675307,True,False,1.0,0.0,12597236,22597236,True,False,1,4121,1,0,7.37699129418495e-05,0.9999262300870582,2.38e-05,0.36396810000000024,2.6e-06,0.003536199999999712,792a806ae6c81e61d936d99e7d8798a1738c2bf1718f8f94640ecf00b47b2c22,8a098dd5bce698b0eac52c7d187b9de1ea1f537f606a081eb797cb8975836784,a643f62d82e2a28f903663acade174fee38dbb8daecccea9dfcca80068c57ba8,
final,lotka_volterra_n10000000,lotka_volterra,Lotka-Volterra,10000000,1.0,wallclock_timing,wallclock,0,,101,1,1248,2026-07-12T16:52:17.932924+00:00,0.0015439,0.1197983,True,False,1.0,0.0,12600841,22600841,False,False,9325,4,4,0,0.9990375852200465,0.0009624147799535097,0.11447640000000014,0.0002585,2.1000000000000002e-05,0.005042399999999864,5404bc7daefd9f920c04212efccda65cace8ac5499fb83bfbd3a0ad3819041e7,7424ce3ff0467a8d3f39ee47325058d13527752d10b8e0ba09f7851ca97c13d2,a643f62d82e2a28f903663acade174fee38dbb8daecccea9dfcca80068c57ba8,
final,lotka_volterra_n10000000,lotka_volterra,Lotka-Volterra,10000000,1.0,threshold_500,prospective,2,500.0,101,1,1249,2026-07-12T16:52:18.055375+00:00,0.0024298,0.1356714,True,False,1.0,0.0,12600980,22600980,False,False,9350,0,0,0,1.0,0.0,0.12926730000000033,0.0,0.0,0.006404099999999663,a29553f17054bd42b60639e361cc2e3d2eb00d84997054a29b71c2be16758c3c,f45287ee906ac12f71a618ac14761c5c9c3dd09c5cdf766f1b8c383d97b39714,a643f62d82e2a28f903663acade174fee38dbb8daecccea9dfcca80068c57ba8,
final,lotka_volterra_n10000000,lotka_volterra,Lotka-Volterra,10000000,1.0,threshold_100,prospective,2,100.0,101,1,1250,2026-07-12T16:52:18.194361+00:00,0.0022229,0.1291004,True,False,1.0,0.0,12600980,22600980,False,False,9350,0,0,0,1.0,0.0,0.12283900000000199,0.0,0.0,0.006261399999998016,a29553f17054bd42b60639e361cc2e3d2eb00d84997054a29b71c2be16758c3c,f45287ee906ac12f71a618ac14761c5c9c3dd09c5cdf766f1b8c383d97b39714,a643f62d82e2a28f903663acade174fee38dbb8daecccea9dfcca80068c57ba8,
final,oregonator_n1e5,oregonator,Oregonator,100000,1.0,wallclock_timing,wallclock,0,,103,1,1251,2026-07-12T16:52:18.325963+00:00,0.0019274,0.1696301,True,False,1.0,0.0,62608,114608,True,False,10,12953,7,0,2.5433930805364377e-05,0.9999745660691947,0.0006531999999999999,0.15749409999999914,0.0001448,0.011338000000000875,847379a3d120897ccd2f5b3559a573d8a344ea52b9c4338923a9be2d3aba8982,50978eaec803238e9a948f549ba4939e0a074f7f2a3c0a6b9e395deec79e5cb5,a643f62d82e2a28f903663acade174fee38dbb8daecccea9dfcca80068c57ba8,
final,oregonator_n1e5,oregonator,Oregonator,100000,1.0,threshold_250,prospective,2,250.0,103,1,1252,2026-07-12T16:52:18.496707+00:00,0.0030819,0.1552659,True,False,1.0,0.0,52807,104807,True,False,1,11119,1,0,3.5275797584346464e-06,0.9999964724202416,2.9e-05,0.144243599999999,4.7e-06,0.010988600000001014,8faaef4e6097bfe15cf323c0af353f6f152bf71c24b1e765b94bd53697777413,3c42fb86c8fff661b49791e4dc7b0fdd310365f8fb00ea3deacba8d934143c5f,a643f62d82e2a28f903663acade174fee38dbb8daecccea9dfcca80068c57ba8,
final,oregonator_n1e5,oregonator,Oregonator,100000,1.0,threshold_1000,prospective,2,1000.0,103,1,1253,2026-07-12T16:52:18.656370+00:00,0.0025205,0.1567206,True,False,1.0,0.0,52807,104807,True,False,1,11119,1,0,3.5275797584346464e-06,0.9999964724202416,2.56e-05,0.14589669999999988,4e-06,0.010794300000000118,8faaef4e6097bfe15cf323c0af353f6f152bf71c24b1e765b94bd53697777413,3c42fb86c8fff661b49791e4dc7b0fdd310365f8fb00ea3deacba8d934143c5f,a643f62d82e2a28f903663acade174fee38dbb8daecccea9dfcca80068c57ba8,
final,oregonator_n1e5,oregonator,Oregonator,100000,1.0,threshold_500,prospective,2,500.0,103,1,1254,2026-07-12T16:52:18.816285+00:00,0.0026989,0.1698797,True,False,1.0,0.0,52807,104807,True,False,1,11119,1,0,3.5275797584346464e-06,0.9999964724202416,2.97e-05,0.1581074999999991,5e-06,0.0117375000000009,8faaef4e6097bfe15cf323c0af353f6f152bf71c24b1e765b94bd53697777413,3c42fb86c8fff661b49791e4dc7b0fdd310365f8fb00ea3deacba8d934143c5f,a643f62d82e2a28f903663acade174fee38dbb8daecccea9dfcca80068c57ba8,
final,oregonator_n1e5,oregonator,Oregonator,100000,1.0,threshold_2000,prospective,2,2000.0,103,1,1255,2026-07-12T16:52:18.989485+00:00,0.0029522,0.1417011,True,False,1.0,0.0,52807,104807,True,False,1,11119,1,0,3.5275797584346464e-06,0.9999964724202416,2.88e-05,0.13123080000000062,4.5e-06,0.010436999999999391,8faaef4e6097bfe15cf323c0af353f6f152bf71c24b1e765b94bd53697777413,3c42fb86c8fff661b49791e4dc7b0fdd310365f8fb00ea3deacba8d934143c5f,a643f62d82e2a28f903663acade174fee38dbb8daecccea9dfcca80068c57ba8,
final,oregonator_n1e5,oregonator,Oregonator,100000,1.0,threshold_100,prospective,2,100.0,103,1,1256,2026-07-12T16:52:19.133799+00:00,0.0022021,0.1393393,True,False,1.0,0.0,52807,104807,True,False,1,11119,1,0,3.5275797584346464e-06,0.9999964724202416,2.31e-05,0.12898949999999973,3.6e-06,0.01032310000000028,8faaef4e6097bfe15cf323c0af353f6f152bf71c24b1e765b94bd53697777413,3c42fb86c8fff661b49791e4dc7b0fdd310365f8fb00ea3deacba8d934143c5f,a643f62d82e2a28f903663acade174fee38dbb8daecccea9dfcca80068c57ba8,
final,shrinking_split_b_decay_n2e6,shrinking,Shrinking split B decay,2000000,0.1,threshold_2000,prospective,2,2000.0,101,1,1257,2026-07-12T16:52:19.275657+00:00,0.0019811,0.0652238,True,False,0.1,0.0,78,4000078,True,False,1,2814,1,0,2.19566552243387e-06,0.09999780433447757,1.9e-05,0.06345460000000021,2.7e-06,0.0017474999999997909,aa2c65d318bfe69554043998c77e726de23721b219c9e3b65501986da6fa388d,4665f0960d66169a5a0c21f1aeaa1b6efd70a2c04f57ea7e5561eaa9c2bc4664,a643f62d82e2a28f903663acade174fee38dbb8daecccea9dfcca80068c57ba8,
final,shrinking_split_b_decay_n2e6,shrinking,Shrinking split B decay,2000000,0.1,threshold_500,prospective,2,500.0,101,1,1258,2026-07-12T16:52:19.343236+00:00,0.0017472,0.0549816,True,False,0.1,0.0,86,2252420,True,False,1603,2059,1,6,0.006236102585179895,0.09376389741482011,0.012624399999999989,0.03996859999999999,3e-06,0.0023856000000000155,1d323ce5dc18b2a7ecdcff9361d6bed310e534cc123f56e25fd4c38400d25353,136909d5685ca08c4c50a82bc41a9e0fa18aef6cfe7ac370e680a631704c8ac3,a643f62d82e2a28f903663acade174fee38dbb8daecccea9dfcca80068c57ba8,
final,shrinking_split_b_decay_n2e6,shrinking,Shrinking split B decay,2000000,0.1,threshold_100,prospective,2,100.0,101,1,1259,2026-07-12T16:52:19.400741+00:00,0.0021709,0.0552102,True,False,0.1,0.0,78,86352,True,False,5077,399,1,40,0.038429417898518274,0.06157058210148173,0.04925890000000012,0.0018689000000000006,3.8e-06,0.004078599999999884,de7deefaaea86ec0db746d3bcccc3bf226684cdc86c628adfc65b2c9f0925482,56b2f1cdd74a3c02a842fa28e57af54ad596b4648199d5f94d98387168eaeea9,a643f62d82e2a28f903663acade174fee38dbb8daecccea9dfcca80068c57ba8,
final,shrinking_split_b_decay_n2e6,shrinking,Shrinking split B decay,2000000,0.1,wallclock_timing,wallclock,0,,101,1,1260,2026-07-12T16:52:19.457741+00:00,0.0019565,0.0530458,True,False,0.1,0.0,84,262,False,False,5782,2,2,96,0.0999852261793146,1.4773820685395878e-05,0.04953330000000025,8.7e-05,1.17e-05,0.003413799999999745,77f0795bce00b4d2a9aeb158a4d94fe6a179fc007ee6449407f40cc5e7107be1,07eaaaa6e47ea9e598d1ab3ac9bd9dece774be6624120edb577b348100925c2f,a643f62d82e2a28f903663acade174fee38dbb8daecccea9dfcca80068c57ba8,
final,shrinking_split_b_decay_n2e6,shrinking,Shrinking split B decay,2000000,0.1,threshold_1000,prospective,2,1000.0,101,1,1261,2026-07-12T16:52:19.513554+00:00,0.0022751,0.0800088,True,False,0.1,0.0,78,4000078,True,False,1,2814,1,0,2.19566552243387e-06,0.09999780433447757,2.2e-05,0.07784260000000034,3.1e-06,0.00214109999999966,aa2c65d318bfe69554043998c77e726de23721b219c9e3b65501986da6fa388d,4665f0960d66169a5a0c21f1aeaa1b6efd70a2c04f57ea7e5561eaa9c2bc4664,a643f62d82e2a28f903663acade174fee38dbb8daecccea9dfcca80068c57ba8,
final,shrinking_split_b_decay_n2e6,shrinking,Shrinking split B decay,2000000,0.1,threshold_250,prospective,2,250.0,101,1,1262,2026-07-12T16:52:19.596069+00:00,0.0019731,0.048224,True,False,0.1,0.0,94,536906,True,False,3741,1024,1,21,0.020071151833768824,0.07992884816623119,0.03470219999999992,0.010178000000000013,3.8e-06,0.003340000000000072,f0443c5b2d6f925764ba4b060d8d8a414817ea4521ccab90ac7fe107e85b3e98,3b8ce501f5911350ec95e44e8bf9849544142cb3597e73d18a5b4a1e97898689,a643f62d82e2a28f903663acade174fee38dbb8daecccea9dfcca80068c57ba8,
final,dimerization_n1e8,dimerization,Dimerization,100000000,0.5,threshold_1000,prospective,2,1000.0,104,0,1263,2026-07-12T16:52:19.647090+00:00,0.001614,0.2275648,True,False,0.5,0.0,79432662,129432662,False,False,15455,0,0,0,0.5,0.0,0.21899420000000208,0.0,0.0,0.00857059999999793,864595aaa6fb8d7bddca322d2ea3852101b42a238908bbe66ef19be4baf0d858,290ef530941311f62036401528dae508b68e5ceb7d459e6b24f4181c9992f15f,a643f62d82e2a28f903663acade174fee38dbb8daecccea9dfcca80068c57ba8,
final,dimerization_n1e8,dimerization,Dimerization,100000000,0.5,threshold_100,prospective,2,100.0,104,0,1264,2026-07-12T16:52:19.876628+00:00,0.0017681,0.2121686,True,False,0.5,0.0,79432662,129432662,False,False,15455,0,0,0,0.5,0.0,0.2044815000000042,0.0,0.0,0.007687099999995811,864595aaa6fb8d7bddca322d2ea3852101b42a238908bbe66ef19be4baf0d858,290ef530941311f62036401528dae508b68e5ceb7d459e6b24f4181c9992f15f,a643f62d82e2a28f903663acade174fee38dbb8daecccea9dfcca80068c57ba8,
final,dimerization_n1e8,dimerization,Dimerization,100000000,0.5,wallclock_timing,wallclock,0,,104,0,1265,2026-07-12T16:52:20.091017+00:00,0.0022507,0.2077862,True,False,0.5,0.0,79433915,129433915,False,False,15425,4,4,0,0.49912835095553953,0.0008716490444604756,0.19984130000000017,0.0013114000000000001,2.23e-05,0.006611199999999845,3a6976576df2e57b4c0b0052dbaceb68a60d19ce52c6ed02bc3b49556201f78f,0ae5de14c2034901e4335d94dd1e0987add4791e02817a2a5f28352c1d7c8152,a643f62d82e2a28f903663acade174fee38dbb8daecccea9dfcca80068c57ba8,
final,dimerization_n1e8,dimerization,Dimerization,100000000,0.5,threshold_500,prospective,2,500.0,104,0,1266,2026-07-12T16:52:20.301296+00:00,0.002241,0.2263094,True,False,0.5,0.0,79432662,129432662,False,False,15455,0,0,0,0.5,0.0,0.21793540000000042,0.0,0.0,0.008373999999999576,864595aaa6fb8d7bddca322d2ea3852101b42a238908bbe66ef19be4baf0d858,290ef530941311f62036401528dae508b68e5ceb7d459e6b24f4181c9992f15f,a643f62d82e2a28f903663acade174fee38dbb8daecccea9dfcca80068c57ba8,
final,dimerization_n1e8,dimerization,Dimerization,100000000,0.5,threshold_250,prospective,2,250.0,104,0,1267,2026-07-12T16:52:20.529360+00:00,0.0021706,0.2205285,True,False,0.5,0.0,79432662,129432662,False,False,15455,0,0,0,0.5,0.0,0.21229870000000048,0.0,0.0,0.00822979999999951,864595aaa6fb8d7bddca322d2ea3852101b42a238908bbe66ef19be4baf0d858,290ef530941311f62036401528dae508b68e5ceb7d459e6b24f4181c9992f15f,a643f62d82e2a28f903663acade174fee38dbb8daecccea9dfcca80068c57ba8,
final,dimerization_n1e8,dimerization,Dimerization,100000000,0.5,threshold_2000,prospective,2,2000.0,104,0,1268,2026-07-12T16:52:20.752355+00:00,0.0017082,0.7721843,True,False,0.5,0.0,79435847,129435847,True,False,1,2192,1,0,4.781254924145649e-05,0.49995218745075853,2.3e-05,0.7696211000000023,2.9e-06,0.002537299999997744,abe403a47c5bb1e1829245453db5171a4f45f7fde0a87f602b288e09ed32d531,872044faaf10b98db102cabb9dc1d189696e0070677a3fed42c86b043a210c9a,a643f62d82e2a28f903663acade174fee38dbb8daecccea9dfcca80068c57ba8,
final,shrinking_no_b_decay_n2e6,shrinking,Shrinking no B decay,2000000,0.1,threshold_500,prospective,2,500.0,101,0,1269,2026-07-12T16:52:21.525365+00:00,0.0018221,0.0338822,True,False,0.1,0.0,807414,4807414,True,False,1,1039,1,0,2.19566552243387e-06,0.09999780433447757,2.32e-05,0.033238999999999984,2.9e-06,0.0006171000000000162,4a993509c39dffbfb55179824d9f67b2303ab5d7a6b791577ec9361a19b6f246,0822896057fc4945a374a13ed33a1658bfe4061a4661e6dcb73fa6323ffd987a,a643f62d82e2a28f903663acade174fee38dbb8daecccea9dfcca80068c57ba8,
final,shrinking_no_b_decay_n2e6,shrinking,Shrinking no B decay,2000000,0.1,threshold_100,prospective,2,100.0,101,0,1270,2026-07-12T16:52:21.559309+00:00,0.0018533,0.041266,True,False,0.1,0.0,807080,2858874,True,False,4179,224,1,7,0.017361430807727684,0.08263856919227232,0.03328819999999975,0.005772899999999999,5.3e-06,0.0021996000000002527,e972220170e7b17001157a663b1fe6765aa50d136f9bc436b50f545c2a095b90,196e738a8902cbf3561f46a0eb690b7af119b2cc1d65b17b9ed6125996681617,a643f62d82e2a28f903663acade174fee38dbb8daecccea9dfcca80068c57ba8,
final,shrinking_no_b_decay_n2e6,shrinking,Shrinking no B decay,2000000,0.1,threshold_250,prospective,2,250.0,101,0,1271,2026-07-12T16:52:21.606025+00:00,0.0023226,0.0381412,True,False,0.1,0.0,807256,3811766,True,False,1761,594,1,3,0.006601770618413977,0.09339822938158603,0.01765600000000006,0.018918499999999974,2.9e-06,0.0015637999999999624,2ce249dfee2fe3158b7540b662e7d80da31cf5fade1e4ea8001d6dc9bf3bb4ea,d9c711a1de50ab81218f6f0c7e0f6d0490a70786c31d5dfd621fc8fd58af6fca,a643f62d82e2a28f903663acade174fee38dbb8daecccea9dfcca80068c57ba8,
final,shrinking_no_b_decay_n2e6,shrinking,Shrinking no B decay,2000000,0.1,wallclock_timing,wallclock,0,,101,0,1272,2026-07-12T16:52:21.642762+00:00,0.0016093,0.0681571,True,False,0.1,0.0,807205,2465847,True,False,8500,35,9,8,0.039289425599593385,0.06071057440040662,0.06334639999999923,0.0013243000000000003,7.16e-05,0.003414800000000759,5e443f4bddfd544e614699185188eb00bb09a12dc7ee8bb32f8f57110fcd8357,d4ea197103006a6f92bdef18875e5d6fc2e7920dce73d6f1ebd45734b9a60e96,a643f62d82e2a28f903663acade174fee38dbb8daecccea9dfcca80068c57ba8,
final,shrinking_no_b_decay_n2e6,shrinking,Shrinking no B decay,2000000,0.1,threshold_2000,prospective,2,2000.0,101,0,1273,2026-07-12T16:52:21.717458+00:00,0.0016335,0.0291258,True,False,0.1,0.0,807414,4807414,True,False,1,1039,1,0,2.19566552243387e-06,0.09999780433447757,2.22e-05,0.028496999999999988,1.9e-06,0.0006047000000000136,4a993509c39dffbfb55179824d9f67b2303ab5d7a6b791577ec9361a19b6f246,0822896057fc4945a374a13ed33a1658bfe4061a4661e6dcb73fa6323ffd987a,a643f62d82e2a28f903663acade174fee38dbb8daecccea9dfcca80068c57ba8,
final,shrinking_no_b_decay_n2e6,shrinking,Shrinking no B decay,2000000,0.1,threshold_1000,prospective,2,1000.0,101,0,1274,2026-07-12T16:52:21.742658+00:00,0.0017837,0.031424,True,False,0.1,0.0,807414,4807414,True,False,1,1039,1,0,2.19566552243387e-06,0.09999780433447757,2.22e-05,0.030819800000000036,2.5e-06,0.0005794999999999655,4a993509c39dffbfb55179824d9f67b2303ab5d7a6b791577ec9361a19b6f246,0822896057fc4945a374a13ed33a1658bfe4061a4661e6dcb73fa6323ffd987a,a643f62d82e2a28f903663acade174fee38dbb8daecccea9dfcca80068c57ba8,
final,shrinking_no_b_decay_n2e6,shrinking,Shrinking no B decay,2000000,0.1,wallclock_timing,wallclock,0,,105,0,1275,2026-07-12T16:52:21.781658+00:00,0.0016565,0.0302965,True,False,0.1,0.0,807025,4594619,True,False,425,916,3,0,0.0015038844885615428,0.09849611551143846,0.004359400000000001,0.02522610000000001,1.7500000000000002e-05,0.0006934999999999858,432f1e90da01493264b04ed1b8077b6bc1e5023266aae9470feb7e6732167d27,8452455ee9ca54b4877f2124904326effd86832689a978e8458b699d84375a81,a643f62d82e2a28f903663acade174fee38dbb8daecccea9dfcca80068c57ba8,
final,shrinking_no_b_decay_n2e6,shrinking,Shrinking no B decay,2000000,0.1,threshold_2000,prospective,2,2000.0,105,0,1276,2026-07-12T16:52:21.814303+00:00,0.0019208,0.0299233,True,False,0.1,0.0,807342,4807342,True,False,1,1038,1,0,4.881735625155798e-06,0.09999511826437485,2.09e-05,0.029322599999999956,2.5e-06,0.0005773000000000444,9a33dd9702fc8d6657d08086b3ab68bd51ea59e9e615943b2b3096469d656815,2338bb9ae092a2d569c2568ad425b2f0f76d26f6e21b9b0549b6c75438f74e7f,a643f62d82e2a28f903663acade174fee38dbb8daecccea9dfcca80068c57ba8,
final,shrinking_no_b_decay_n2e6,shrinking,Shrinking no B decay,2000000,0.1,threshold_100,prospective,2,100.0,105,0,1277,2026-07-12T16:52:21.845394+00:00,0.0018753,0.0485747,True,False,0.1,0.0,807312,2858502,True,False,4248,223,1,7,0.017417165153817978,0.08258283484618203,0.039839100000000065,0.006101100000000002,2.9e-06,0.0026315999999999284,9b5f8262f9366cc848843760ce9aa14b1059437ffa28def0f9a2e3d59766491f,bbd261e8051a3f902c89ffa024951b1a8fb84f429fa78caddc12c0ecc10f9d53,a643f62d82e2a28f903663acade174fee38dbb8daecccea9dfcca80068c57ba8,
final,shrinking_no_b_decay_n2e6,shrinking,Shrinking no B decay,2000000,0.1,threshold_250,prospective,2,250.0,105,0,1278,2026-07-12T16:52:21.893613+00:00,0.0021514,0.0269162,True,False,0.1,0.0,807235,3811719,True,False,1768,592,1,3,0.00659228607299022,0.09340771392700979,0.014948000000000015,0.0108851,2.8e-06,0.0010802999999999854,925552ea14cfe02bdcc1b3f6f84ab66eb66764ff40ed341e75566cbf0495ed53,43fcee076f0873bb9d4295a39510928e516b03b75ff3716d67f819f71847bb62,a643f62d82e2a28f903663acade174fee38dbb8daecccea9dfcca80068c57ba8,
final,shrinking_no_b_decay_n2e6,shrinking,Shrinking no B decay,2000000,0.1,threshold_1000,prospective,2,1000.0,105,0,1279,2026-07-12T16:52:21.926949+00:00,0.0016199,0.0223811,True,False,0.1,0.0,807342,4807342,True,False,1,1038,1,0,4.881735625155798e-06,0.09999511826437485,1.9e-05,0.021925899999999977,2.2e-06,0.0004340000000000212,9a33dd9702fc8d6657d08086b3ab68bd51ea59e9e615943b2b3096469d656815,2338bb9ae092a2d569c2568ad425b2f0f76d26f6e21b9b0549b6c75438f74e7f,a643f62d82e2a28f903663acade174fee38dbb8daecccea9dfcca80068c57ba8,
final,shrinking_no_b_decay_n2e6,shrinking,Shrinking no B decay,2000000,0.1,threshold_500,prospective,2,500.0,105,0,1280,2026-07-12T16:52:21.944746+00:00,0.0015907,0.0281706,True,False,0.1,0.0,807342,4807342,True,False,1,1038,1,0,4.881735625155798e-06,0.09999511826437485,1.69e-05,0.027639900000000026,2.1e-06,0.0005116999999999726,9a33dd9702fc8d6657d08086b3ab68bd51ea59e9e615943b2b3096469d656815,2338bb9ae092a2d569c2568ad425b2f0f76d26f6e21b9b0549b6c75438f74e7f,a643f62d82e2a28f903663acade174fee38dbb8daecccea9dfcca80068c57ba8,
final,shrinking_no_b_decay_n2e6,shrinking,Shrinking no B decay,2000000,0.1,threshold_1000,prospective,2,1000.0,102,1,1281,2026-07-12T16:52:21.980664+00:00,0.0017816,0.0325677,True,False,0.1,0.0,807279,4807279,True,False,1,1037,1,0,5.686732884691339e-06,0.09999431326711532,1.94e-05,0.031972200000000006,2.6e-06,0.0005734999999999907,3257a4486375ae863a4cb532423cf161fe8bd66bd9b3795f3a485d84cc780958,a91659d1a0d9638908ef9a31e387a5a6ae53d00ba483d423be964b69e4f7afc6,a643f62d82e2a28f903663acade174fee38dbb8daecccea9dfcca80068c57ba8,
final,shrinking_no_b_decay_n2e6,shrinking,Shrinking no B decay,2000000,0.1,threshold_100,prospective,2,100.0,102,1,1282,2026-07-12T16:52:22.015626+00:00,0.0014952,0.0353239,True,False,0.1,0.0,807123,2858087,True,False,4157,223,1,7,0.017409970159308532,0.08259002984069147,0.029312899999999822,0.004224300000000001,2.3e-06,0.001784400000000179,d42481b0e166b8ac555bf0e718ade5b8ce22e568256d295c832aa41eda50ea40,263aa1beecbf44aa0b4705f2b1d57d6af01d18ed26bb594b80d319d632eed724,a643f62d82e2a28f903663acade174fee38dbb8daecccea9dfcca80068c57ba8,
final,shrinking_no_b_decay_n2e6,shrinking,Shrinking no B decay,2000000,0.1,threshold_250,prospective,2,250.0,102,1,1283,2026-07-12T16:52:22.053169+00:00,0.0014743,0.023498,True,False,0.1,0.0,807172,3811868,True,False,1743,593,1,3,0.006600935638792484,0.09339906436120751,0.011746200000000146,0.01088840000000001,1.9e-06,0.000861499999999845,5fde3c6442835cb050ab03658a9db37601fb4723022b4dc24c5d728b468abefb,76b29887f54e49dbcc934face5ad58aba80a1885eeae2ad9a927dd376db7d2dd,a643f62d82e2a28f903663acade174fee38dbb8daecccea9dfcca80068c57ba8,
final,shrinking_no_b_decay_n2e6,shrinking,Shrinking no B decay,2000000,0.1,threshold_2000,prospective,2,2000.0,102,1,1284,2026-07-12T16:52:22.077973+00:00,0.0016505,0.0202994,True,False,0.1,0.0,807279,4807279,True,False,1,1037,1,0,5.686732884691339e-06,0.09999431326711532,1.51e-05,0.019923700000000034,1.8e-06,0.0003587999999999647,3257a4486375ae863a4cb532423cf161fe8bd66bd9b3795f3a485d84cc780958,a91659d1a0d9638908ef9a31e387a5a6ae53d00ba483d423be964b69e4f7afc6,a643f62d82e2a28f903663acade174fee38dbb8daecccea9dfcca80068c57ba8,
final,shrinking_no_b_decay_n2e6,shrinking,Shrinking no B decay,2000000,0.1,threshold_500,prospective,2,500.0,102,1,1285,2026-07-12T16:52:22.100867+00:00,0.001545,0.0203649,True,False,0.1,0.0,807279,4807279,True,False,1,1037,1,0,5.686732884691339e-06,0.09999431326711532,1.19e-05,0.01994620000000004,1.5e-06,0.00040529999999995917,3257a4486375ae863a4cb532423cf161fe8bd66bd9b3795f3a485d84cc780958,a91659d1a0d9638908ef9a31e387a5a6ae53d00ba483d423be964b69e4f7afc6,a643f62d82e2a28f903663acade174fee38dbb8daecccea9dfcca80068c57ba8,
final,shrinking_no_b_decay_n2e6,shrinking,Shrinking no B decay,2000000,0.1,wallclock_timing,wallclock,0,,102,1,1286,2026-07-12T16:52:22.122423+00:00,0.0016226,0.0297356,True,False,0.1,0.0,807234,3540526,True,False,2168,511,5,3,0.008333322677771409,0.09166667732222859,0.015842999999999986,0.012797499999999988,1.77e-05,0.0010774000000000304,0550e7c2056b1447e134aa334e47560dce7745a4285398182736ccea980ebb01,9c29aaeb6de4aa80451e06c5ade248c74fb22d3dd91664e7c4c06c65094c60c6,a643f62d82e2a28f903663acade174fee38dbb8daecccea9dfcca80068c57ba8,
final,brusselator_n2e4,brusselator,Order-3 Brusselator,20000,20.0,threshold_2000,prospective,2,2000.0,104,1,1287,2026-07-12T16:52:22.154706+00:00,0.0021644,0.1123047,True,False,20.0,0.0,187299,197299,True,False,1,5450,1,0,3.1484995567839084e-05,19.999968515004433,5.29e-05,0.10791460000000003,3.7e-06,0.004333499999999976,99c94266c51111e7b0f4be161c191e276decf175f1b4138f93e5d1b293616501,b2cf18bdb4f76921439f4911957af6e19a8ec125d9d4c13d2c10450119862630,a643f62d82e2a28f903663acade174fee38dbb8daecccea9dfcca80068c57ba8,
final,brusselator_n2e4,brusselator,Order-3 Brusselator,20000,20.0,threshold_1000,prospective,2,1000.0,104,1,1288,2026-07-12T16:52:22.268897+00:00,0.001948,0.1303923,True,False,20.0,0.0,187299,197299,True,False,1,5450,1,0,3.1484995567839084e-05,19.999968515004433,4.38e-05,0.12531039999999988,3.1e-06,0.005035000000000095,99c94266c51111e7b0f4be161c191e276decf175f1b4138f93e5d1b293616501,b2cf18bdb4f76921439f4911957af6e19a8ec125d9d4c13d2c10450119862630,a643f62d82e2a28f903663acade174fee38dbb8daecccea9dfcca80068c57ba8,
final,brusselator_n2e4,brusselator,Order-3 Brusselator,20000,20.0,threshold_500,prospective,2,500.0,104,1,1289,2026-07-12T16:52:22.400516+00:00,0.0019239,0.0994653,True,False,20.0,0.0,187299,197299,True,False,1,5450,1,0,3.1484995567839084e-05,19.999968515004433,4.38e-05,0.09486130000000016,3.1e-06,0.004557099999999842,99c94266c51111e7b0f4be161c191e276decf175f1b4138f93e5d1b293616501,b2cf18bdb4f76921439f4911957af6e19a8ec125d9d4c13d2c10450119862630,a643f62d82e2a28f903663acade174fee38dbb8daecccea9dfcca80068c57ba8,
final,brusselator_n2e4,brusselator,Order-3 Brusselator,20000,20.0,wallclock_timing,wallclock,0,,104,1,1290,2026-07-12T16:52:22.502167+00:00,0.002084,0.1286863,True,False,20.0,0.0,186939,196939,True,False,256,5449,1,0,0.004723095021000242,19.995276904979,0.010188900000000013,0.11390239999999985,3.8e-06,0.004591200000000142,91cceae9916f4649a939a07faba01f4e5b38ac34834544e55fd72692f9932c16,cb90688a519d42c0c7aed6f8b9a34d62d63f4b49ce5cec1b0319e10cad183c62,a643f62d82e2a28f903663acade174fee38dbb8daecccea9dfcca80068c57ba8,
final,brusselator_n2e4,brusselator,Order-3 Brusselator,20000,20.0,threshold_250,prospective,2,250.0,104,1,1291,2026-07-12T16:52:22.627651+00:00,0.0023153,0.1019519,True,False,20.0,0.0,187299,197299,True,False,1,5450,1,0,3.1484995567839084e-05,19.999968515004433,7.83e-05,0.09723220000000002,4.2e-06,0.00463719999999998,99c94266c51111e7b0f4be161c191e276decf175f1b4138f93e5d1b293616501,b2cf18bdb4f76921439f4911957af6e19a8ec125d9d4c13d2c10450119862630,a643f62d82e2a28f903663acade174fee38dbb8daecccea9dfcca80068c57ba8,
final,brusselator_n2e4,brusselator,Order-3 Brusselator,20000,20.0,threshold_100,prospective,2,100.0,104,1,1292,2026-07-12T16:52:22.739272+00:00,0.0024727,0.1421518,True,False,20.0,0.0,187299,197299,True,False,1,5450,1,0,3.1484995567839084e-05,19.999968515004433,5.72e-05,0.1363866000000002,4.2e-06,0.005703799999999787,99c94266c51111e7b0f4be161c191e276decf175f1b4138f93e5d1b293616501,b2cf18bdb4f76921439f4911957af6e19a8ec125d9d4c13d2c10450119862630,a643f62d82e2a28f903663acade174fee38dbb8daecccea9dfcca80068c57ba8,
final,lotka_volterra_n10000000,lotka_volterra,Lotka-Volterra,10000000,1.0,threshold_1000,prospective,2,1000.0,104,0,1293,2026-07-12T16:52:22.881197+00:00,0.0020839,0.1138782,True,False,1.0,0.0,12595781,22595781,False,False,9256,0,0,0,1.0,0.0,0.10837140000000246,0.0,0.0,0.005506799999997536,ddfff43bc78fab5aebc956f5fb7fae057e97b78a752913bb93a95648afb89618,436159f0688d8c6de9ad12a83a90a9b0fe5cd3e2ad9a0fac6640e42c90580999,a643f62d82e2a28f903663acade174fee38dbb8daecccea9dfcca80068c57ba8,
final,lotka_volterra_n10000000,lotka_volterra,Lotka-Volterra,10000000,1.0,threshold_500,prospective,2,500.0,104,0,1294,2026-07-12T16:52:22.994152+00:00,0.0017673,0.1331351,True,False,1.0,0.0,12595781,22595781,False,False,9256,0,0,0,1.0,0.0,0.126860900000001,0.0,0.0,0.006274199999999008,ddfff43bc78fab5aebc956f5fb7fae057e97b78a752913bb93a95648afb89618,436159f0688d8c6de9ad12a83a90a9b0fe5cd3e2ad9a0fac6640e42c90580999,a643f62d82e2a28f903663acade174fee38dbb8daecccea9dfcca80068c57ba8,
final,lotka_volterra_n10000000,lotka_volterra,Lotka-Volterra,10000000,1.0,threshold_100,prospective,2,100.0,104,0,1295,2026-07-12T16:52:23.135483+00:00,0.0020258,0.127277,True,False,1.0,0.0,12595781,22595781,False,False,9256,0,0,0,1.0,0.0,0.12123150000000152,0.0,0.0,0.006045499999998483,ddfff43bc78fab5aebc956f5fb7fae057e97b78a752913bb93a95648afb89618,436159f0688d8c6de9ad12a83a90a9b0fe5cd3e2ad9a0fac6640e42c90580999,a643f62d82e2a28f903663acade174fee38dbb8daecccea9dfcca80068c57ba8,
final,lotka_volterra_n10000000,lotka_volterra,Lotka-Volterra,10000000,1.0,threshold_2000,prospective,2,2000.0,104,0,1296,2026-07-12T16:52:23.265156+00:00,0.0017817,0.3792513,True,False,1.0,0.0,12599910,22599910,True,False,1,4121,1,0,0.0001971602756801299,0.9998028397243199,2e-05,0.3758335999999992,2.6e-06,0.0033951000000007614,532d9bb70ad470d4d37f5a2d166113e9948ad252da54c8383060a121f4f44c8e,0d2edfa94445314929f0c44e02ac2c7fdb04841266938cdde0f37b8133ac374d,a643f62d82e2a28f903663acade174fee38dbb8daecccea9dfcca80068c57ba8,
final,lotka_volterra_n10000000,lotka_volterra,Lotka-Volterra,10000000,1.0,wallclock_timing,wallclock,0,,104,0,1297,2026-07-12T16:52:23.646660+00:00,0.0021785,0.1335087,True,False,1.0,0.0,12598546,22598546,False,False,9246,4,4,0,0.999038034019986,0.0009619659800139749,0.12734700000000168,0.0004938,2.8899999999999998e-05,0.00563899999999834,c3ea6cd53b4fed169388da1f031754618ccab67e7991c45f6329ec56edd3ef79,2dc6ffc55b0209821121ca9909a0401b3d5691f4c10cdecc9fbfb33148cb0913,a643f62d82e2a28f903663acade174fee38dbb8daecccea9dfcca80068c57ba8,
final,lotka_volterra_n10000000,lotka_volterra,Lotka-Volterra,10000000,1.0,threshold_250,prospective,2,250.0,104,0,1298,2026-07-12T16:52:23.782884+00:00,0.0019187,0.1378765,True,False,1.0,0.0,12595781,22595781,False,False,9256,0,0,0,1.0,0.0,0.1311144000000006,0.0,0.0,0.00676209999999941,ddfff43bc78fab5aebc956f5fb7fae057e97b78a752913bb93a95648afb89618,436159f0688d8c6de9ad12a83a90a9b0fe5cd3e2ad9a0fac6640e42c90580999,a643f62d82e2a28f903663acade174fee38dbb8daecccea9dfcca80068c57ba8,
final,rossler_n1e5,rossler,Rössler-Willamowski,100000,1.0,threshold_500,prospective,2,500.0,103,1,1299,2026-07-12T16:52:23.923282+00:00,0.0031519,2.8426471,True,False,1.0,0.0,3029847,6029847,True,False,87775,16733,5,0,0.4365795182467677,0.5634204817532323,1.3331383000001185,1.3608861000000085,6.55e-05,0.14855719999987338,76115eb6fd5133ccf3f617c5b9a9fc9175e2663bf6f64181c6b43cdbab06da14,fea47be73985361165d017695edb35dfc02172e63d9c638ab8bfeb9fc472a945,a643f62d82e2a28f903663acade174fee38dbb8daecccea9dfcca80068c57ba8,
final,rossler_n1e5,rossler,Rössler-Willamowski,100000,1.0,threshold_2000,prospective,2,2000.0,103,1,1300,2026-07-12T16:52:26.768692+00:00,0.002598,3.3286428,True,False,1.0,0.0,3028203,3228203,True,False,1,47568,1,0,5.613458513716279e-05,0.9999438654148628,4.97e-05,3.2789976999999864,5e-06,0.0495904000000138,269c443ed52004636a6ae33ba353b7fb2977caa63e14adb3dce0ea22967cb148,becc1fc79ea499ea60bb11148b55311e694688b8d3f3c71c6d31af33b38eff63,a643f62d82e2a28f903663acade174fee38dbb8daecccea9dfcca80068c57ba8,
final,rossler_n1e5,rossler,Rössler-Willamowski,100000,1.0,wallclock_timing,wallclock,0,,103,1,1301,2026-07-12T16:52:30.100410+00:00,0.0018119,1.5751646,True,False,1.0,0.0,3018529,6018529,False,False,155954,954,74,22,0.9595475697083439,0.04045243029165618,1.406519499999932,0.04834930000000001,0.0008271000000000001,0.11946870000006804,219ff95d5d6f76374773eb692c4229352db732d26c62c66c8a5e6a87978a6020,cea1447111af12c6348c234e8cf4e6756591518f79c61b725086e2770191c0ae,a643f62d82e2a28f903663acade174fee38dbb8daecccea9dfcca80068c57ba8,
final,rossler_n1e5,rossler,Rössler-Willamowski,100000,1.0,threshold_250,prospective,2,250.0,103,1,1302,2026-07-12T16:52:31.677898+00:00,0.0014851,1.5916341,True,False,1.0,0.0,3027586,5996668,False,False,157444,923,2,12,0.9180163560416303,0.08198364395836971,1.4504055000000993,0.012847799999999987,2.0700000000000002e-05,0.1283600999999006,2f96ddaef1d12943736f1bf47394da8605a478f10eb873dc54ca53bcf4c52a3f,23258db322966814dc42f4a95116c8cc11b7717548e7bbd54503248623099316,a643f62d82e2a28f903663acade174fee38dbb8daecccea9dfcca80068c57ba8,
final,rossler_n1e5,rossler,Rössler-Willamowski,100000,1.0,threshold_100,prospective,2,100.0,103,1,1303,2026-07-12T16:52:33.270277+00:00,0.0016581,1.640264,True,False,1.0,0.0,3012962,5802292,False,False,164072,118,2,25,0.9826396388370606,0.017360361162939382,1.506877000000109,0.0011252999999999992,1.28e-05,0.13224889999989098,26cdd65b015e65298dca54fde63832187a7f56203f2f8f32fb6b83a127f13e81,aca63144617c5ae10279e93f7dd13c33045127d5d0ff1e096a428d2763aaa418,a643f62d82e2a28f903663acade174fee38dbb8daecccea9dfcca80068c57ba8,
final,rossler_n1e5,rossler,Rössler-Willamowski,100000,1.0,threshold_1000,prospective,2,1000.0,103,1,1304,2026-07-12T16:52:34.904126+00:00,0.0014834,3.0145516,True,False,1.0,0.0,3014692,6014692,True,False,12394,42346,3,0,0.048231669648107114,0.9517683303518929,0.10798850000000086,2.8528134999999843,3.15e-05,0.05371810000001487,195ffde8ceb33624b350b36a8efd930e862825e70e1757e3895554094f516a12,2478ad9dacb8ec830b81f88bc3d2df38574bbfbda96935e141ec16d7245aa216,a643f62d82e2a28f903663acade174fee38dbb8daecccea9dfcca80068c57ba8,
final,lotka_volterra_n1000000,lotka_volterra,Lotka-Volterra,1000000,1.0,wallclock_timing,wallclock,0,,103,0,1305,2026-07-12T16:52:37.923621+00:00,0.0018641,0.0305093,True,False,1.0,0.0,1259207,2259207,False,False,2912,4,4,0,0.9968185020990034,0.0031814979009966438,0.02907540000000007,0.0001048,1.7800000000000002e-05,0.001311299999999932,46402e05858bf38d13f32a5076b9a5a05b4dc52de99ab97c1040d8ec03e2e4ed,5771e9eb028c38c630a72743640b5a8be2ad83babcafc74969f0d0b3c3e08deb,a643f62d82e2a28f903663acade174fee38dbb8daecccea9dfcca80068c57ba8,
final,lotka_volterra_n1000000,lotka_volterra,Lotka-Volterra,1000000,1.0,threshold_2000,prospective,2,2000.0,103,0,1306,2026-07-12T16:52:37.955319+00:00,0.001726,0.0472539,True,False,1.0,0.0,1261206,2261206,True,False,1,1303,1,0,0.0004810295881355488,0.9995189704118645,1.87e-05,0.04619660000000001,2.8e-06,0.0010357999999999895,1a0ef1d6250a8670c124fd1bd08df67646c8426c7d6116ed05b6b017b3ae3db2,58321aac9d770cb0061546ca7a1a943becc3385bd3feb9ba94ab43a3ec3b2b1b,a643f62d82e2a28f903663acade174fee38dbb8daecccea9dfcca80068c57ba8,
final,lotka_volterra_n1000000,lotka_volterra,Lotka-Volterra,1000000,1.0,threshold_250,prospective,2,250.0,103,0,1307,2026-07-12T16:52:38.011394+00:00,0.0021095,0.0427499,True,False,1.0,0.0,1259722,2259722,False,False,2928,0,0,0,1.0,0.0,0.04055499999999999,0.0,0.0,0.0021949000000000135,e052609527d5b5f4cf38102154e1a88d8f968dc4a1c954a550cc44274341962f,314ac858a713da91fece410ffcdf987ede875d791388667eeb3f65afa9bb79de,a643f62d82e2a28f903663acade174fee38dbb8daecccea9dfcca80068c57ba8,
final,lotka_volterra_n1000000,lotka_volterra,Lotka-Volterra,1000000,1.0,threshold_500,prospective,2,500.0,103,0,1308,2026-07-12T16:52:38.056589+00:00,0.0024758,0.0384034,True,False,1.0,0.0,1261206,2261206,True,False,1,1303,1,0,0.0004810295881355488,0.9995189704118645,2.9e-05,0.03742120000000002,3.5e-06,0.000949699999999977,1a0ef1d6250a8670c124fd1bd08df67646c8426c7d6116ed05b6b017b3ae3db2,58321aac9d770cb0061546ca7a1a943becc3385bd3feb9ba94ab43a3ec3b2b1b,a643f62d82e2a28f903663acade174fee38dbb8daecccea9dfcca80068c57ba8,
final,lotka_volterra_n1000000,lotka_volterra,Lotka-Volterra,1000000,1.0,threshold_100,prospective,2,100.0,103,0,1309,2026-07-12T16:52:38.098045+00:00,0.0019255,0.0390459,True,False,1.0,0.0,1259722,2259722,False,False,2928,0,0,0,1.0,0.0,0.03712319999999975,0.0,0.0,0.0019227000000002492,e052609527d5b5f4cf38102154e1a88d8f968dc4a1c954a550cc44274341962f,314ac858a713da91fece410ffcdf987ede875d791388667eeb3f65afa9bb79de,a643f62d82e2a28f903663acade174fee38dbb8daecccea9dfcca80068c57ba8,
final,lotka_volterra_n1000000,lotka_volterra,Lotka-Volterra,1000000,1.0,threshold_1000,prospective,2,1000.0,103,0,1310,2026-07-12T16:52:38.139183+00:00,0.0022158,0.0355898,True,False,1.0,0.0,1261206,2261206,True,False,1,1303,1,0,0.0004810295881355488,0.9995189704118645,2.82e-05,0.03473039999999997,3.5e-06,0.0008277000000000354,1a0ef1d6250a8670c124fd1bd08df67646c8426c7d6116ed05b6b017b3ae3db2,58321aac9d770cb0061546ca7a1a943becc3385bd3feb9ba94ab43a3ec3b2b1b,a643f62d82e2a28f903663acade174fee38dbb8daecccea9dfcca80068c57ba8,
final,lotka_volterra_n100000,lotka_volterra,Lotka-Volterra,100000,1.0,threshold_2000,prospective,2,2000.0,103,1,1311,2026-07-12T16:52:38.177767+00:00,0.0017868,0.0032811,True,False,1.0,0.0,125532,225532,True,False,1,412,1,0,0.0015565264295474945,0.9984434735704525,1.95e-05,0.003039099999999999,2.5e-06,0.000220000000000001,58c12977a313975edb245b3b51d9ad5c966e16afb181d45033df0dd87f0e2f13,c030b36e83d439f61d2ab2991cd2a1d71bc5cabfba2a50cf779f77a5fba669d8,a643f62d82e2a28f903663acade174fee38dbb8daecccea9dfcca80068c57ba8,
final,lotka_volterra_n100000,lotka_volterra,Lotka-Volterra,100000,1.0,threshold_500,prospective,2,500.0,103,1,1312,2026-07-12T16:52:38.183025+00:00,0.0016614,0.0034642,True,False,1.0,0.0,125532,225532,True,False,1,412,1,0,0.0015565264295474945,0.9984434735704525,1.94e-05,0.003219099999999998,2.5e-06,0.00022320000000000196,58c12977a313975edb245b3b51d9ad5c966e16afb181d45033df0dd87f0e2f13,c030b36e83d439f61d2ab2991cd2a1d71bc5cabfba2a50cf779f77a5fba669d8,a643f62d82e2a28f903663acade174fee38dbb8daecccea9dfcca80068c57ba8,
final,lotka_volterra_n100000,lotka_volterra,Lotka-Volterra,100000,1.0,threshold_1000,prospective,2,1000.0,103,1,1313,2026-07-12T16:52:38.187860+00:00,0.0020427,0.0035249,True,False,1.0,0.0,125532,225532,True,False,1,412,1,0,0.0015565264295474945,0.9984434735704525,2.01e-05,0.003268199999999998,2.5e-06,0.00023410000000000228,58c12977a313975edb245b3b51d9ad5c966e16afb181d45033df0dd87f0e2f13,c030b36e83d439f61d2ab2991cd2a1d71bc5cabfba2a50cf779f77a5fba669d8,a643f62d82e2a28f903663acade174fee38dbb8daecccea9dfcca80068c57ba8,
final,lotka_volterra_n100000,lotka_volterra,Lotka-Volterra,100000,1.0,wallclock_timing,wallclock,0,,103,1,1314,2026-07-12T16:52:38.193882+00:00,0.0017494,0.009241,True,False,1.0,0.0,125379,225379,True,False,756,69,7,0,0.839726994039583,0.16027300596041705,0.008220799999999995,0.0005691000000000002,2.67e-05,0.00042440000000000533,3516a5e53ac7b4d952007639ec1dacd2923c1429fa5c4e79fa08f723feb46ebf,a2c8dc72682ca5cfce6e642f6d8f8dc0d513184961eab9426ea0157da8cb7b21,a643f62d82e2a28f903663acade174fee38dbb8daecccea9dfcca80068c57ba8,
final,lotka_volterra_n100000,lotka_volterra,Lotka-Volterra,100000,1.0,threshold_100,prospective,2,100.0,103,1,1315,2026-07-12T16:52:38.204574+00:00,0.001885,0.0100876,True,False,1.0,0.0,125696,225696,False,False,931,0,0,0,1.0,0.0,0.009577300000000033,0.0,0.0,0.000510299999999967,2154184914c33f275aefbd3d315505ee24e2d5cbb6925b58f731a3372df391ad,6ba3a134cdac9b3bb16857ef78402796921b0184651857730fbd7fdb087ebaf1,a643f62d82e2a28f903663acade174fee38dbb8daecccea9dfcca80068c57ba8,
final,lotka_volterra_n100000,lotka_volterra,Lotka-Volterra,100000,1.0,threshold_250,prospective,2,250.0,103,1,1316,2026-07-12T16:52:38.216720+00:00,0.0017145,0.0032145,True,False,1.0,0.0,125532,225532,True,False,1,412,1,0,0.0015565264295474945,0.9984434735704525,1.7e-05,0.0029658999999999987,2.7e-06,0.00022890000000000106,58c12977a313975edb245b3b51d9ad5c966e16afb181d45033df0dd87f0e2f13,c030b36e83d439f61d2ab2991cd2a1d71bc5cabfba2a50cf779f77a5fba669d8,a643f62d82e2a28f903663acade174fee38dbb8daecccea9dfcca80068c57ba8,
final,lotka_volterra_n10000000,lotka_volterra,Lotka-Volterra,10000000,1.0,threshold_250,prospective,2,250.0,106,1,1317,2026-07-12T16:52:38.222731+00:00,0.0015113,0.1206972,True,False,1.0,0.0,12595886,22595886,False,False,9346,0,0,0,1.0,0.0,0.11508230000000189,0.0,0.0,0.005614899999998119,bc74f24bbf7d84f5400283615291c818916cdcdd94ca03a4c9bedb5cd8cb0105,698f7e2dfcc1117a0681e5e552a7b45f32bc3516c99d7f936b4db474fcc771f0,a643f62d82e2a28f903663acade174fee38dbb8daecccea9dfcca80068c57ba8,
final,lotka_volterra_n10000000,lotka_volterra,Lotka-Volterra,10000000,1.0,wallclock_timing,wallclock,0,,106,1,1318,2026-07-12T16:52:38.345311+00:00,0.0019118,0.1126081,True,False,1.0,0.0,12598925,22598925,False,False,9333,4,4,0,0.999037375253805,0.0009626247461950281,0.10768400000000178,0.0002835,1.92e-05,0.004621399999998221,c1515e35adaf47d2632048626779193d3424fe69d5ca0bf0f6ee0aabcb62ddc5,d2ba315406552d247271213fdf081f463779550728813992bb00e886a1679113,a643f62d82e2a28f903663acade174fee38dbb8daecccea9dfcca80068c57ba8,
final,lotka_volterra_n10000000,lotka_volterra,Lotka-Volterra,10000000,1.0,threshold_500,prospective,2,500.0,106,1,1319,2026-07-12T16:52:38.455381+00:00,0.0020335,0.1108491,True,False,1.0,0.0,12595886,22595886,False,False,9346,0,0,0,1.0,0.0,0.10560890000000174,0.0,0.0,0.005240199999998266,bc74f24bbf7d84f5400283615291c818916cdcdd94ca03a4c9bedb5cd8cb0105,698f7e2dfcc1117a0681e5e552a7b45f32bc3516c99d7f936b4db474fcc771f0,a643f62d82e2a28f903663acade174fee38dbb8daecccea9dfcca80068c57ba8,
final,lotka_volterra_n10000000,lotka_volterra,Lotka-Volterra,10000000,1.0,threshold_1000,prospective,2,1000.0,106,1,1320,2026-07-12T16:52:38.572905+00:00,0.0016076,0.122982,True,False,1.0,0.0,12595886,22595886,False,False,9346,0,0,0,1.0,0.0,0.11711360000000041,0.0,0.0,0.0058683999999995795,bc74f24bbf7d84f5400283615291c818916cdcdd94ca03a4c9bedb5cd8cb0105,698f7e2dfcc1117a0681e5e552a7b45f32bc3516c99d7f936b4db474fcc771f0,a643f62d82e2a28f903663acade174fee38dbb8daecccea9dfcca80068c57ba8,
final,lotka_volterra_n10000000,lotka_volterra,Lotka-Volterra,10000000,1.0,threshold_100,prospective,2,100.0,106,1,1321,2026-07-12T16:52:38.698479+00:00,0.0021796,0.1230951,True,False,1.0,0.0,12595886,22595886,False,False,9346,0,0,0,1.0,0.0,0.1173696000000011,0.0,0.0,0.005725499999998898,bc74f24bbf7d84f5400283615291c818916cdcdd94ca03a4c9bedb5cd8cb0105,698f7e2dfcc1117a0681e5e552a7b45f32bc3516c99d7f936b4db474fcc771f0,a643f62d82e2a28f903663acade174fee38dbb8daecccea9dfcca80068c57ba8,
final,lotka_volterra_n10000000,lotka_volterra,Lotka-Volterra,10000000,1.0,threshold_2000,prospective,2,2000.0,106,1,1322,2026-07-12T16:52:38.822895+00:00,0.0015274,0.3389541,True,False,1.0,0.0,12601799,22601799,True,False,1,4121,1,0,0.00020378930853212515,0.9997962106914678,1.66e-05,0.33575550000000104,2.5e-06,0.003179499999998947,965599decf82ed6f09b634d5c2201894f25035fa136f46eb2ef28a1304546da4,4b7cc8b848c5551d78f69678f5bd4329f06f79f1d0e7f187f36ff27d9c3d22c9,a643f62d82e2a28f903663acade174fee38dbb8daecccea9dfcca80068c57ba8,
final,shrinking_split_b_decay_n2e6,shrinking,Shrinking split B decay,2000000,0.1,threshold_500,prospective,2,500.0,104,1,1323,2026-07-12T16:52:39.164619+00:00,0.0017217,0.0381013,True,False,0.1,0.0,83,2253449,True,False,1589,2061,1,6,0.006248177783805395,0.0937518222161946,0.01067870000000008,0.025679299999999964,2.3e-06,0.0017409999999999579,b83223f698c7f4e982e6333f25b3ab828313adfb4a45fe2b8e2ad5b7d31db575,ca19b5d7a5e39aa43d14f3879e47c28e8d1cd92c071263e2d2b84ea0abd13108,a643f62d82e2a28f903663acade174fee38dbb8daecccea9dfcca80068c57ba8,
final,shrinking_split_b_decay_n2e6,shrinking,Shrinking split B decay,2000000,0.1,threshold_100,prospective,2,100.0,104,1,1324,2026-07-12T16:52:39.204183+00:00,0.0016956,0.0366631,True,False,0.1,0.0,102,86466,True,False,5014,400,1,40,0.03838143706092442,0.06161856293907558,0.032879900000000004,0.0011848999999999994,2.4e-06,0.0025958999999999913,bcf191f423a176e2f4fe53a8213ffbe127e472bc1738edff7910faf8d7216be1,c29e1e40b2c7d8378c42131d57e1a58e5f920d2d953b63e835b36282c0e1a648,a643f62d82e2a28f903663acade174fee38dbb8daecccea9dfcca80068c57ba8,
final,shrinking_split_b_decay_n2e6,shrinking,Shrinking split B decay,2000000,0.1,wallclock_timing,wallclock,0,,104,1,1325,2026-07-12T16:52:39.243459+00:00,0.0034162,0.0396204,True,False,0.1,0.0,80,248,False,False,5861,2,2,96,0.0999852371506796,1.4762849320401963e-05,0.03705329999999986,6.19e-05,9.299999999999999e-06,0.002495900000000148,39d2cce12993601d94ad94b934b80038545f0747155b77da92d4ca8bc28b7fc3,45355c2b9a8679cf9d9bf8d34139d360a2397a86f6d7bda32dd7b799af482e98,a643f62d82e2a28f903663acade174fee38dbb8daecccea9dfcca80068c57ba8,
final,shrinking_split_b_decay_n2e6,shrinking,Shrinking split B decay,2000000,0.1,threshold_250,prospective,2,250.0,104,1,1326,2026-07-12T16:52:39.286464+00:00,0.0016534,0.0348941,True,False,0.1,0.0,108,537390,True,False,3714,1030,1,21,0.02011956639831999,0.07988043360168001,0.026461900000000083,0.006106299999999995,3.8e-06,0.0023220999999999242,854d6f9657d026e619d9c850344d96dca6b16804d7226e3b2cbcfb72d7813081,01a82e45fc7347e8d40dea0328bd47451b0570278a703ccd4404cef0b34a9fcb,a643f62d82e2a28f903663acade174fee38dbb8daecccea9dfcca80068c57ba8,
final,shrinking_split_b_decay_n2e6,shrinking,Shrinking split B decay,2000000,0.1,threshold_1000,prospective,2,1000.0,104,1,1327,2026-07-12T16:52:39.322979+00:00,0.0016939,0.0450495,True,False,0.1,0.0,113,4000113,True,False,1,2819,1,0,5.890874047444242e-06,0.09999410912595257,1.46e-05,0.04377749999999994,2e-06,0.0012554000000000592,ac7501800755d067ee0abe49b8035480c32b6f8544c411e7eca30e0ded864a36,6e964f3f5c0a541f2debf8cba767df4a7398b0c50fa74fa183a4baecfafdf73c,a643f62d82e2a28f903663acade174fee38dbb8daecccea9dfcca80068c57ba8,
final,shrinking_split_b_decay_n2e6,shrinking,Shrinking split B decay,2000000,0.1,threshold_2000,prospective,2,2000.0,104,1,1328,2026-07-12T16:52:39.369994+00:00,0.0016212,0.0460982,True,False,0.1,0.0,113,4000113,True,False,1,2819,1,0,5.890874047444242e-06,0.09999410912595257,1.43e-05,0.044769099999999847,2.1e-06,0.0013127000000001526,ac7501800755d067ee0abe49b8035480c32b6f8544c411e7eca30e0ded864a36,6e964f3f5c0a541f2debf8cba767df4a7398b0c50fa74fa183a4baecfafdf73c,a643f62d82e2a28f903663acade174fee38dbb8daecccea9dfcca80068c57ba8,
final,lotka_volterra_n100000,lotka_volterra,Lotka-Volterra,100000,1.0,threshold_500,prospective,2,500.0,105,0,1329,2026-07-12T16:52:39.418091+00:00,0.0016723,0.00279,True,False,1.0,0.0,126224,226224,True,False,1,413,1,0,0.001596271749814926,0.9984037282501851,1.65e-05,0.0025859,2.3e-06,0.00018530000000000022,5b8761928497e80948c99aa64c5d246324d5f0f3a01ba0992e984ffde7d99abd,1c9647673fd3f1c8b68c1add2dfef648ea87b5390b05368b2e26908fa636c7d7,a643f62d82e2a28f903663acade174fee38dbb8daecccea9dfcca80068c57ba8,
final,lotka_volterra_n100000,lotka_volterra,Lotka-Volterra,100000,1.0,threshold_2000,prospective,2,2000.0,105,0,1330,2026-07-12T16:52:39.423091+00:00,0.0016479,0.0037674,True,False,1.0,0.0,126224,226224,True,False,1,413,1,0,0.001596271749814926,0.9984037282501851,1.69e-05,0.003489399999999997,2.1e-06,0.00025900000000000315,5b8761928497e80948c99aa64c5d246324d5f0f3a01ba0992e984ffde7d99abd,1c9647673fd3f1c8b68c1add2dfef648ea87b5390b05368b2e26908fa636c7d7,a643f62d82e2a28f903663acade174fee38dbb8daecccea9dfcca80068c57ba8,
final,lotka_volterra_n100000,lotka_volterra,Lotka-Volterra,100000,1.0,threshold_1000,prospective,2,1000.0,105,0,1331,2026-07-12T16:52:39.429587+00:00,0.0018349,0.0028857,True,False,1.0,0.0,126224,226224,True,False,1,413,1,0,0.001596271749814926,0.9984037282501851,1.87e-05,0.002671700000000003,2.5e-06,0.00019279999999999731,5b8761928497e80948c99aa64c5d246324d5f0f3a01ba0992e984ffde7d99abd,1c9647673fd3f1c8b68c1add2dfef648ea87b5390b05368b2e26908fa636c7d7,a643f62d82e2a28f903663acade174fee38dbb8daecccea9dfcca80068c57ba8,
final,lotka_volterra_n100000,lotka_volterra,Lotka-Volterra,100000,1.0,wallclock_timing,wallclock,0,,105,0,1332,2026-07-12T16:52:39.434544+00:00,0.001599,0.0055993,True,False,1.0,0.0,125849,225849,True,False,371,248,11,0,0.4055948886733651,0.594405111326635,0.0036220000000000002,0.0016740000000000014,2.96e-05,0.0002736999999999974,b15cd7e833136206827659f5fbc151ee28a93bea62b7cdd6a623c003a8e04ecd,240cfd07d0b36cea0b174f2e08e79863adc0c88bc22d7f656ea75dc74e01082c,a643f62d82e2a28f903663acade174fee38dbb8daecccea9dfcca80068c57ba8,
final,lotka_volterra_n100000,lotka_volterra,Lotka-Volterra,100000,1.0,threshold_100,prospective,2,100.0,105,0,1333,2026-07-12T16:52:39.441560+00:00,0.0017025,0.0124097,True,False,1.0,0.0,125080,225080,False,False,928,0,0,0,1.0,0.0,0.01178159999999996,0.0,0.0,0.0006281000000000394,be8cfdce70c3de0dae87cd21b770ded14642cf365a1df91a631d0dd3b53cccc4,552445aecd3d601a3c4928cc825ddb2b76fce6532e4382ad501b6adb8ef7f95b,a643f62d82e2a28f903663acade174fee38dbb8daecccea9dfcca80068c57ba8,
final,lotka_volterra_n100000,lotka_volterra,Lotka-Volterra,100000,1.0,threshold_250,prospective,2,250.0,105,0,1334,2026-07-12T16:52:39.455561+00:00,0.001628,0.0051667,True,False,1.0,0.0,126224,226224,True,False,1,413,1,0,0.001596271749814926,0.9984037282501851,1.85e-05,0.004870699999999999,2.6e-06,0.00027490000000000066,5b8761928497e80948c99aa64c5d246324d5f0f3a01ba0992e984ffde7d99abd,1c9647673fd3f1c8b68c1add2dfef648ea87b5390b05368b2e26908fa636c7d7,a643f62d82e2a28f903663acade174fee38dbb8daecccea9dfcca80068c57ba8,
final,shrinking_no_b_decay_n2e6,shrinking,Shrinking no B decay,2000000,0.1,threshold_250,prospective,2,250.0,104,1,1335,2026-07-12T16:52:39.462559+00:00,0.0014049,0.0340765,True,False,0.1,0.0,807123,3811543,True,False,1740,594,1,3,0.006603038371013812,0.09339696162898618,0.01537449999999993,0.017443000000000004,1.9e-06,0.0012571000000000734,6040eaf98436287ac6ceae4bffac9028cf2bf4d6ce718e562c12874d2ded7a02,972e6884113c463ab06d7175510fc1311a11a20e47b78c1c464d6fe733d83e92,a643f62d82e2a28f903663acade174fee38dbb8daecccea9dfcca80068c57ba8,
final,shrinking_no_b_decay_n2e6,shrinking,Shrinking no B decay,2000000,0.1,threshold_500,prospective,2,500.0,104,1,1336,2026-07-12T16:52:39.498927+00:00,0.0017491,0.0255112,True,False,0.1,0.0,807267,4807267,True,False,1,1037,1,0,5.890874047444242e-06,0.09999410912595257,2.26e-05,0.02501669999999996,2.2e-06,0.00046970000000003814,e693c3d0ce145019ce759998eb08708ae86029fe79a1ca1f07e0a5c60db56ecd,6dc1195263410efefffd1d20e681f5ab89591192fd22484fb91f7676d0e2eef4,a643f62d82e2a28f903663acade174fee38dbb8daecccea9dfcca80068c57ba8,
final,shrinking_no_b_decay_n2e6,shrinking,Shrinking no B decay,2000000,0.1,threshold_100,prospective,2,100.0,104,1,1337,2026-07-12T16:52:39.526021+00:00,0.0015763,0.0409278,True,False,0.1,0.0,807148,2858276,True,False,4172,223,1,7,0.01741974882041364,0.08258025117958637,0.03447779999999965,0.004286299999999996,3.9e-06,0.0021598000000003503,e4f4e65e3291e5937cfe0b498e8484d60de6aa0543f97694c0f492dd40617788,c7241ec6b46d7c0539ad571beac3e4ca3d0a03b495cd16aef6d21e07756dcddb,a643f62d82e2a28f903663acade174fee38dbb8daecccea9dfcca80068c57ba8,
final,shrinking_no_b_decay_n2e6,shrinking,Shrinking no B decay,2000000,0.1,threshold_1000,prospective,2,1000.0,104,1,1338,2026-07-12T16:52:39.569027+00:00,0.0016474,0.0251981,True,False,0.1,0.0,807267,4807267,True,False,1,1037,1,0,5.890874047444242e-06,0.09999410912595257,1.8e-05,0.024707899999999977,2.2e-06,0.0004700000000000225,e693c3d0ce145019ce759998eb08708ae86029fe79a1ca1f07e0a5c60db56ecd,6dc1195263410efefffd1d20e681f5ab89591192fd22484fb91f7676d0e2eef4,a643f62d82e2a28f903663acade174fee38dbb8daecccea9dfcca80068c57ba8,
final,shrinking_no_b_decay_n2e6,shrinking,Shrinking no B decay,2000000,0.1,threshold_2000,prospective,2,2000.0,104,1,1339,2026-07-12T16:52:39.596539+00:00,0.0022785,0.0252812,True,False,0.1,0.0,807267,4807267,True,False,1,1037,1,0,5.890874047444242e-06,0.09999410912595257,2e-05,0.024792299999999965,2.6e-06,0.0004663000000000375,e693c3d0ce145019ce759998eb08708ae86029fe79a1ca1f07e0a5c60db56ecd,6dc1195263410efefffd1d20e681f5ab89591192fd22484fb91f7676d0e2eef4,a643f62d82e2a28f903663acade174fee38dbb8daecccea9dfcca80068c57ba8,
final,shrinking_no_b_decay_n2e6,shrinking,Shrinking no B decay,2000000,0.1,wallclock_timing,wallclock,0,,104,1,1340,2026-07-12T16:52:39.624600+00:00,0.0016474,0.0546882,True,False,0.1,0.0,807212,2568898,True,False,7082,58,3,8,0.03196438532452516,0.06803561467547485,0.0492719000000005,0.0026756999999999987,2.1e-05,0.002719599999999503,0988036b8fac4c06d895405a9ad83d2e7eaf5c65ddc4ccc30da3c84e054b2cf1,1d7c3dc6803c5d1e5ebc9614a42b71191db4dac1d64458b2eb69873c4d466158,a643f62d82e2a28f903663acade174fee38dbb8daecccea9dfcca80068c57ba8,
final,oregonator_n1e5,oregonator,Oregonator,100000,1.0,threshold_100,prospective,2,100.0,105,0,1341,2026-07-12T16:52:39.681015+00:00,0.0021791,0.1292876,True,False,1.0,0.0,52955,104955,True,False,1,10829,1,0,3.5345521016807525e-06,0.9999964654478983,2.01e-05,0.11995909999999982,1.3e-05,0.00929540000000019,707f58480bbe06d5182c17eb0642746d79949ea7ae4443c95317db786a8932c5,f1740999bf550580361877ed461a24b38d4136e10380dfc55e082bccca0e2f96,a643f62d82e2a28f903663acade174fee38dbb8daecccea9dfcca80068c57ba8,
final,oregonator_n1e5,oregonator,Oregonator,100000,1.0,threshold_250,prospective,2,250.0,105,0,1342,2026-07-12T16:52:39.813602+00:00,0.002513,0.1125549,True,False,1.0,0.0,52955,104955,True,False,1,10829,1,0,3.5345521016807525e-06,0.9999964654478983,2.28e-05,0.10380229999999943,3.6e-06,0.008726200000000559,707f58480bbe06d5182c17eb0642746d79949ea7ae4443c95317db786a8932c5,f1740999bf550580361877ed461a24b38d4136e10380dfc55e082bccca0e2f96,a643f62d82e2a28f903663acade174fee38dbb8daecccea9dfcca80068c57ba8,
final,oregonator_n1e5,oregonator,Oregonator,100000,1.0,threshold_2000,prospective,2,2000.0,105,0,1343,2026-07-12T16:52:39.929533+00:00,0.0027653,0.1222715,True,False,1.0,0.0,52955,104955,True,False,1,10829,1,0,3.5345521016807525e-06,0.9999964654478983,2.54e-05,0.11315999999999961,4.6e-06,0.009081500000000409,707f58480bbe06d5182c17eb0642746d79949ea7ae4443c95317db786a8932c5,f1740999bf550580361877ed461a24b38d4136e10380dfc55e082bccca0e2f96,a643f62d82e2a28f903663acade174fee38dbb8daecccea9dfcca80068c57ba8,
final,oregonator_n1e5,oregonator,Oregonator,100000,1.0,threshold_500,prospective,2,500.0,105,0,1344,2026-07-12T16:52:40.054867+00:00,0.0025934,0.144891,True,False,1.0,0.0,52955,104955,True,False,1,10829,1,0,3.5345521016807525e-06,0.9999964654478983,2.73e-05,0.13457129999999964,4.5e-06,0.01028790000000035,707f58480bbe06d5182c17eb0642746d79949ea7ae4443c95317db786a8932c5,f1740999bf550580361877ed461a24b38d4136e10380dfc55e082bccca0e2f96,a643f62d82e2a28f903663acade174fee38dbb8daecccea9dfcca80068c57ba8,
final,oregonator_n1e5,oregonator,Oregonator,100000,1.0,wallclock_timing,wallclock,0,,105,0,1345,2026-07-12T16:52:40.202837+00:00,0.0020545,0.1482972,True,False,1.0,0.0,61585,113585,True,False,14,12635,11,0,3.141133685348208e-05,0.9999685886631464,0.0003241000000000001,0.1377349000000016,0.00018740000000000003,0.010050799999998389,05e14b04d482a0581a28823a04975ed8ccc205265d81fd0aaf357254d16683f4,fc10fa89d9773aed7becda686afd74e2338063a7b8cc7e04139cded272e9c08b,a643f62d82e2a28f903663acade174fee38dbb8daecccea9dfcca80068c57ba8,
final,oregonator_n1e5,oregonator,Oregonator,100000,1.0,threshold_1000,prospective,2,1000.0,105,0,1346,2026-07-12T16:52:40.353717+00:00,0.0029692,0.1316013,True,False,1.0,0.0,52955,104955,True,False,1,10829,1,0,3.5345521016807525e-06,0.9999964654478983,2.5e-05,0.1220277000000001,4.5e-06,0.009544099999999903,707f58480bbe06d5182c17eb0642746d79949ea7ae4443c95317db786a8932c5,f1740999bf550580361877ed461a24b38d4136e10380dfc55e082bccca0e2f96,a643f62d82e2a28f903663acade174fee38dbb8daecccea9dfcca80068c57ba8,
final,lotka_volterra_n100000,lotka_volterra,Lotka-Volterra,100000,1.0,threshold_500,prospective,2,500.0,101,0,1347,2026-07-12T16:52:40.488485+00:00,0.0019784,0.0048345,True,False,1.0,0.0,125807,225807,True,False,1,413,1,0,0.000729983855589529,0.9992700161444105,2.46e-05,0.0045307,3.2e-06,0.0002760000000000002,c6224737bb625074fcb75da9d3f032769c72f42413b0252bc14b990f7bd3c2fa,743f19b15019cd8041104bb4f8a666955cc90fe4aece944f948178c27814159a,a643f62d82e2a28f903663acade174fee38dbb8daecccea9dfcca80068c57ba8,
final,lotka_volterra_n100000,lotka_volterra,Lotka-Volterra,100000,1.0,threshold_100,prospective,2,100.0,101,0,1348,2026-07-12T16:52:40.495816+00:00,0.0019407,0.0092634,True,False,1.0,0.0,125756,225756,False,False,930,0,0,0,1.0,0.0,0.008797400000000009,0.0,0.0,0.00046599999999999073,f7c901c18d33d99ce0466e04aeb469909494a8c156f4fbfde9077f50cd2862e1,4cc045eb889e704fc6fab1bfa060e90420a73aa4487234f9d53fd480855e44a7,a643f62d82e2a28f903663acade174fee38dbb8daecccea9dfcca80068c57ba8,
final,lotka_volterra_n100000,lotka_volterra,Lotka-Volterra,100000,1.0,wallclock_timing,wallclock,0,,101,0,1349,2026-07-12T16:52:40.506339+00:00,0.0027824,0.0096963,True,False,1.0,0.0,125996,225996,False,False,877,19,8,0,0.9528617141473471,0.047138285852652895,0.008975399999999994,0.0002336,3.86e-05,0.000448700000000005,a946d5671ec01a08c8b880aa73e37a5a385927319c2fed15fc51ec5b2f5f48af,cddbf8c97444b26ee14aea05af15e73f0f96f95ecc894092925c41f7aa3ef130,a643f62d82e2a28f903663acade174fee38dbb8daecccea9dfcca80068c57ba8,
final,lotka_volterra_n100000,lotka_volterra,Lotka-Volterra,100000,1.0,threshold_2000,prospective,2,2000.0,101,0,1350,2026-07-12T16:52:40.519981+00:00,0.0016355,0.0030503,True,False,1.0,0.0,125807,225807,True,False,1,413,1,0,0.000729983855589529,0.9992700161444105,1.58e-05,0.002833399999999998,2e-06,0.0001991000000000024,c6224737bb625074fcb75da9d3f032769c72f42413b0252bc14b990f7bd3c2fa,743f19b15019cd8041104bb4f8a666955cc90fe4aece944f948178c27814159a,a643f62d82e2a28f903663acade174fee38dbb8daecccea9dfcca80068c57ba8,
final,lotka_volterra_n100000,lotka_volterra,Lotka-Volterra,100000,1.0,threshold_1000,prospective,2,1000.0,101,0,1351,2026-07-12T16:52:40.524979+00:00,0.0018322,0.0031843,True,False,1.0,0.0,125807,225807,True,False,1,413,1,0,0.000729983855589529,0.9992700161444105,1.67e-05,0.0029525,2.2e-06,0.00021290000000000024,c6224737bb625074fcb75da9d3f032769c72f42413b0252bc14b990f7bd3c2fa,743f19b15019cd8041104bb4f8a666955cc90fe4aece944f948178c27814159a,a643f62d82e2a28f903663acade174fee38dbb8daecccea9dfcca80068c57ba8,
final,lotka_volterra_n100000,lotka_volterra,Lotka-Volterra,100000,1.0,threshold_250,prospective,2,250.0,101,0,1352,2026-07-12T16:52:40.530073+00:00,0.0014932,0.0029121,True,False,1.0,0.0,125807,225807,True,False,1,413,1,0,0.000729983855589529,0.9992700161444105,1.8e-05,0.0026943000000000006,2.2e-06,0.0001975999999999996,c6224737bb625074fcb75da9d3f032769c72f42413b0252bc14b990f7bd3c2fa,743f19b15019cd8041104bb4f8a666955cc90fe4aece944f948178c27814159a,a643f62d82e2a28f903663acade174fee38dbb8daecccea9dfcca80068c57ba8,
final,rossler_n1e5,rossler,Rössler-Willamowski,100000,1.0,wallclock_timing,wallclock,0,,101,0,1353,2026-07-12T16:52:40.534075+00:00,0.0018816,2.1483807,True,False,1.0,0.0,3018684,6018684,False,False,156508,1015,80,19,0.9590653680548601,0.04093463194513991,1.9125854000002345,0.07224589999999999,0.0007529999999999998,0.1627963999997657,100c76ac4c10a07293b5631024046a3b736fb07f953663878230d93f2ea09732,b3ec2835c77b641b254dafcc1cd8e094c606ffaa58af4cb394fbe47bcb743486,a643f62d82e2a28f903663acade174fee38dbb8daecccea9dfcca80068c57ba8,
final,rossler_n1e5,rossler,Rössler-Willamowski,100000,1.0,threshold_250,prospective,2,250.0,101,0,1354,2026-07-12T16:52:42.684938+00:00,0.0022508,2.2290328,True,False,1.0,0.0,3017985,5998675,False,False,157245,923,2,12,0.9179549504179793,0.08204504958202072,2.029814999999909,0.01677840000000002,2.33e-05,0.1824161000000908,07ecd92faed52eb9bb4f6322ef4cade38598742d2ebc625c3c5416b4a46dfb7f,d757e289bf17174f5fb4ddcee71a56ba3ce5c97ba45c89e71382e2e866d7d7f0,a643f62d82e2a28f903663acade174fee38dbb8daecccea9dfcca80068c57ba8,
final,rossler_n1e5,rossler,Rössler-Willamowski,100000,1.0,threshold_500,prospective,2,500.0,101,0,1355,2026-07-12T16:52:44.916007+00:00,0.0029254,2.7597845,True,False,1.0,0.0,3017049,6017049,True,False,87830,16722,5,0,0.4365914197948359,0.563408580205164,1.2963535000001314,1.319791200000006,8.77e-05,0.14355209999986274,35579c11aa089fa279c08f1033f44e1f268d681eb763ebaafa5c7125c84233cd,7a8f9d9e1277f720c835162a3c43c305e16cd34ae187d724338d1ed3dd693edb,a643f62d82e2a28f903663acade174fee38dbb8daecccea9dfcca80068c57ba8,
final,rossler_n1e5,rossler,Rössler-Willamowski,100000,1.0,threshold_1000,prospective,2,1000.0,101,0,1356,2026-07-12T16:52:47.679327+00:00,0.0032975,3.8259479,True,False,1.0,0.0,3019874,6019874,True,False,12500,42319,3,0,0.04845642598438901,0.9515435740156111,0.17148750000000093,3.583861199999934,3.76e-05,0.07056160000006484,636e005d190ba749fe951e364295df911418d69303b97c7866b4bb503b57ac50,f7f0719ac3cc00219fd8cc6d062fe8f67c36b185c5f5b05fe42e6575925aeba2,a643f62d82e2a28f903663acade174fee38dbb8daecccea9dfcca80068c57ba8,
final,rossler_n1e5,rossler,Rössler-Willamowski,100000,1.0,threshold_100,prospective,2,100.0,101,0,1357,2026-07-12T16:52:51.509491+00:00,0.003029,2.6413847,True,False,1.0,0.0,3017380,5805418,False,False,163654,118,2,25,0.9826454708603665,0.01735452913963354,2.4211669999999126,0.0017963000000000005,2.13e-05,0.2184001000000877,58d6693082da80a555ff60ce771e62d9db86a39571b6cf1442cde9656f2214c2,1c0f4a3ad4c7305aeee872336542c3054e5882d241b19619b7341b7a5a6b8538,a643f62d82e2a28f903663acade174fee38dbb8daecccea9dfcca80068c57ba8,
final,rossler_n1e5,rossler,Rössler-Willamowski,100000,1.0,threshold_2000,prospective,2,2000.0,101,0,1358,2026-07-12T16:52:54.153752+00:00,0.00197,4.0564076,True,False,1.0,0.0,3026400,3226400,True,False,1,47579,1,0,2.6448815083487092e-05,0.9999735511849166,1.98e-05,3.996451999999936,3.9e-06,0.05993190000006399,8cca9b645c8e2a7095d222979955fb1eaa402957400bbaf4ab8c36a7b9c269d7,886a274e923f4d04d21f42be41375577dd3a8f59a585f5e88b6a5bd81e0574a4,a643f62d82e2a28f903663acade174fee38dbb8daecccea9dfcca80068c57ba8,
final,brusselator_n2e4,brusselator,Order-3 Brusselator,20000,20.0,threshold_100,prospective,2,100.0,103,1,1359,2026-07-12T16:52:58.212751+00:00,0.0031658,0.1027193,True,False,20.0,0.0,187327,197327,True,False,1,5464,1,0,2.4675152480086063e-05,19.99997532484752,5.84e-05,0.09814140000000067,5.2e-06,0.004514299999999333,ed786808308d063585c82c387f6d4a01f4a78bf03a6ad6eef5904492dbf42898,2fe0cc8d1d1112b9384c1be2c02c814395e2f890b82594b040570646f58d6c5c,a643f62d82e2a28f903663acade174fee38dbb8daecccea9dfcca80068c57ba8,
final,brusselator_n2e4,brusselator,Order-3 Brusselator,20000,20.0,threshold_1000,prospective,2,1000.0,103,1,1360,2026-07-12T16:52:58.318921+00:00,0.0028845,0.1220117,True,False,20.0,0.0,187327,197327,True,False,1,5464,1,0,2.4675152480086063e-05,19.99997532484752,6.45e-05,0.11700550000000012,7.1e-06,0.004934599999999886,ed786808308d063585c82c387f6d4a01f4a78bf03a6ad6eef5904492dbf42898,2fe0cc8d1d1112b9384c1be2c02c814395e2f890b82594b040570646f58d6c5c,a643f62d82e2a28f903663acade174fee38dbb8daecccea9dfcca80068c57ba8,
final,brusselator_n2e4,brusselator,Order-3 Brusselator,20000,20.0,threshold_500,prospective,2,500.0,103,1,1361,2026-07-12T16:52:58.444503+00:00,0.0022184,0.1184623,True,False,20.0,0.0,187327,197327,True,False,1,5464,1,0,2.4675152480086063e-05,19.99997532484752,4.33e-05,0.11359700000000025,3.6e-06,0.004818399999999751,ed786808308d063585c82c387f6d4a01f4a78bf03a6ad6eef5904492dbf42898,2fe0cc8d1d1112b9384c1be2c02c814395e2f890b82594b040570646f58d6c5c,a643f62d82e2a28f903663acade174fee38dbb8daecccea9dfcca80068c57ba8,
final,brusselator_n2e4,brusselator,Order-3 Brusselator,20000,20.0,threshold_250,prospective,2,250.0,103,1,1362,2026-07-12T16:52:58.565536+00:00,0.0026342,0.1233973,True,False,20.0,0.0,187327,197327,True,False,1,5464,1,0,2.4675152480086063e-05,19.99997532484752,6.37e-05,0.11852399999999982,5e-06,0.004804600000000173,ed786808308d063585c82c387f6d4a01f4a78bf03a6ad6eef5904492dbf42898,2fe0cc8d1d1112b9384c1be2c02c814395e2f890b82594b040570646f58d6c5c,a643f62d82e2a28f903663acade174fee38dbb8daecccea9dfcca80068c57ba8,
final,brusselator_n2e4,brusselator,Order-3 Brusselator,20000,20.0,wallclock_timing,wallclock,0,,103,1,1363,2026-07-12T16:52:58.691900+00:00,0.0020795,0.1151223,True,False,20.0,0.0,185534,195534,True,False,256,5492,1,0,0.004459422850355674,19.995540577149644,0.008060300000000001,0.10261420000000034,3.9e-06,0.004443899999999654,787ab6475ca68266621375f390b2c2ddae1daa1f8ae2e5a523f034332e7a0262,69f34ebdedfccda72e59c3cedb9a3aadf232e08801354f88980ca084a38f836a,a643f62d82e2a28f903663acade174fee38dbb8daecccea9dfcca80068c57ba8,
final,brusselator_n2e4,brusselator,Order-3 Brusselator,20000,20.0,threshold_2000,prospective,2,2000.0,103,1,1364,2026-07-12T16:52:58.809519+00:00,0.0026723,0.1040948,True,False,20.0,0.0,187327,197327,True,False,1,5464,1,0,2.4675152480086063e-05,19.99997532484752,5.19e-05,0.09966030000000044,5.6e-06,0.004376999999999576,ed786808308d063585c82c387f6d4a01f4a78bf03a6ad6eef5904492dbf42898,2fe0cc8d1d1112b9384c1be2c02c814395e2f890b82594b040570646f58d6c5c,a643f62d82e2a28f903663acade174fee38dbb8daecccea9dfcca80068c57ba8,
final,rossler_n1e5,rossler,Rössler-Willamowski,100000,1.0,wallclock_timing,wallclock,0,,104,0,1365,2026-07-12T16:52:58.916684+00:00,0.002051,2.3976519,True,False,1.0,0.0,3023916,6023916,False,False,129887,7576,72,13,0.7785345367756614,0.22146546322433855,1.693333600000187,0.5507477999999997,0.0010990000000000002,0.15247149999981335,111dbb0444b7e1d4ee00e2224084cf2db0f9d959e28fbf753e7aaa103e78acd5,54d9549862698bfefc752e11a9f5e1c14421acad5a82c27accac6834001ed5a5,a643f62d82e2a28f903663acade174fee38dbb8daecccea9dfcca80068c57ba8,
final,rossler_n1e5,rossler,Rössler-Willamowski,100000,1.0,threshold_250,prospective,2,250.0,104,0,1366,2026-07-12T16:53:01.316955+00:00,0.0020062,2.2298746,True,False,1.0,0.0,3011726,5986340,False,False,157585,925,2,12,0.9178736214574925,0.08212637854250746,2.030670099999971,0.0162523,1.92e-05,0.18293300000002866,d288c0e4379b4ce0c946609892bed3db421c066c384fa4f2db915f8bb3df440b,080de8747b4dd24562975b2773278913482c670a369f15bc95c76683d4645cf5,a643f62d82e2a28f903663acade174fee38dbb8daecccea9dfcca80068c57ba8,
final,rossler_n1e5,rossler,Rössler-Willamowski,100000,1.0,threshold_1000,prospective,2,1000.0,104,0,1367,2026-07-12T16:53:03.549273+00:00,0.002477,3.9108717,True,False,1.0,0.0,3011069,6011069,True,False,12623,42280,3,0,0.04893871304894208,0.951061286951058,0.16494439999999894,3.6736700999999625,4.1500000000000006e-05,0.0722157000000383,d7d0140b198c881ad59124c9e7d44c462ac41164a2ed51a50fb079072f91187f,d4354de0623325fdc33ed7c7aff836e267380cae7f00ee63f1c3b17d3a8780c5,a643f62d82e2a28f903663acade174fee38dbb8daecccea9dfcca80068c57ba8,
final,rossler_n1e5,rossler,Rössler-Willamowski,100000,1.0,threshold_2000,prospective,2,2000.0,104,0,1368,2026-07-12T16:53:07.462281+00:00,0.003663,3.8725047,True,False,1.0,0.0,3023907,3223907,True,False,1,47616,1,0,7.27056793713323e-05,0.9999272943206287,5.24e-05,3.8156433999999075,1.05e-05,0.056798400000092286,531e767d2798cd7ccfc99569fabe5958fdd2be5e0c611161e5714c46f2da8af4,544bb29135a804cd83e088f2d6e69ec7b42b3de5e8c386227127f1ff39ea3854,a643f62d82e2a28f903663acade174fee38dbb8daecccea9dfcca80068c57ba8,
final,rossler_n1e5,rossler,Rössler-Willamowski,100000,1.0,threshold_100,prospective,2,100.0,104,0,1369,2026-07-12T16:53:11.338741+00:00,0.0024143,2.4828602,True,False,1.0,0.0,3023309,5805505,False,False,163582,118,2,25,0.9826547008003371,0.01734529919966297,2.277759999999966,0.0014164000000000004,1.4e-05,0.20366980000003387,74071135978cd87a95408f019c57846d95c1711b6a4c18e51f52c90ff29f8886,a8ad2de3b0dc9627700838cdc51955357e97629aac7046e7c4a53bbc78a54bef,a643f62d82e2a28f903663acade174fee38dbb8daecccea9dfcca80068c57ba8,
final,rossler_n1e5,rossler,Rössler-Willamowski,100000,1.0,threshold_500,prospective,2,500.0,104,0,1370,2026-07-12T16:53:13.824354+00:00,0.0035171,2.5117869,True,False,1.0,0.0,3018551,6018551,True,False,87836,16745,5,0,0.43659876541005344,0.5634012345899466,1.1473461000000729,1.237858900000014,5.66e-05,0.1265252999999129,031c204eff04443ab4b4132cbbc31cafccde478f37463c5f1d32e8f46fb8096a,2c2a99d449d2aa37a780351a0b4cac9b5f20bd154d5d5e077f267d219008da99,a643f62d82e2a28f903663acade174fee38dbb8daecccea9dfcca80068c57ba8,
final,oregonator_n1e5,oregonator,Oregonator,100000,1.0,threshold_100,prospective,2,100.0,105,1,1371,2026-07-12T16:53:16.340375+00:00,0.002642,0.1628954,True,False,1.0,0.0,52955,104955,True,False,1,10829,1,0,3.5345521016807525e-06,0.9999964654478983,5.11e-05,0.15141220000000027,3.8e-06,0.011428299999999725,707f58480bbe06d5182c17eb0642746d79949ea7ae4443c95317db786a8932c5,f1740999bf550580361877ed461a24b38d4136e10380dfc55e082bccca0e2f96,a643f62d82e2a28f903663acade174fee38dbb8daecccea9dfcca80068c57ba8,
final,oregonator_n1e5,oregonator,Oregonator,100000,1.0,threshold_250,prospective,2,250.0,105,1,1372,2026-07-12T16:53:16.505720+00:00,0.0031651,0.1474197,True,False,1.0,0.0,52955,104955,True,False,1,10829,1,0,3.5345521016807525e-06,0.9999964654478983,3.21e-05,0.1364991999999995,5.5e-06,0.0108829000000005,707f58480bbe06d5182c17eb0642746d79949ea7ae4443c95317db786a8932c5,f1740999bf550580361877ed461a24b38d4136e10380dfc55e082bccca0e2f96,a643f62d82e2a28f903663acade174fee38dbb8daecccea9dfcca80068c57ba8,
final,oregonator_n1e5,oregonator,Oregonator,100000,1.0,threshold_1000,prospective,2,1000.0,105,1,1373,2026-07-12T16:53:16.657264+00:00,0.00295,0.1474256,True,False,1.0,0.0,52955,104955,True,False,1,10829,1,0,3.5345521016807525e-06,0.9999964654478983,3.12e-05,0.13690469999999894,5.1e-06,0.010484600000001038,707f58480bbe06d5182c17eb0642746d79949ea7ae4443c95317db786a8932c5,f1740999bf550580361877ed461a24b38d4136e10380dfc55e082bccca0e2f96,a643f62d82e2a28f903663acade174fee38dbb8daecccea9dfcca80068c57ba8,
final,oregonator_n1e5,oregonator,Oregonator,100000,1.0,threshold_2000,prospective,2,2000.0,105,1,1374,2026-07-12T16:53:16.808209+00:00,0.002052,0.135189,True,False,1.0,0.0,52955,104955,True,False,1,10829,1,0,3.5345521016807525e-06,0.9999964654478983,2.09e-05,0.1252681999999995,3.4e-06,0.00989650000000053,707f58480bbe06d5182c17eb0642746d79949ea7ae4443c95317db786a8932c5,f1740999bf550580361877ed461a24b38d4136e10380dfc55e082bccca0e2f96,a643f62d82e2a28f903663acade174fee38dbb8daecccea9dfcca80068c57ba8,
final,oregonator_n1e5,oregonator,Oregonator,100000,1.0,wallclock_timing,wallclock,0,,105,1,1375,2026-07-12T16:53:16.945549+00:00,0.002575,0.1361821,True,False,1.0,0.0,52312,104312,True,False,186,10721,9,0,0.00034847377039033423,0.9996515262296096,0.002798400000000001,0.12404529999999993,9.549999999999999e-05,0.009242900000000082,08c6081f9c6cdf49008b92d263706d401ecf3015e23e421973caa84a46d3058b,1a90b7ebdbfd5596899a827b817d8576192454d2f189a9cb92dbe42aced8e1c0,a643f62d82e2a28f903663acade174fee38dbb8daecccea9dfcca80068c57ba8,
final,oregonator_n1e5,oregonator,Oregonator,100000,1.0,threshold_500,prospective,2,500.0,105,1,1376,2026-07-12T16:53:17.084149+00:00,0.0022898,0.1340136,True,False,1.0,0.0,52955,104955,True,False,1,10829,1,0,3.5345521016807525e-06,0.9999964654478983,2.45e-05,0.12409529999999946,4.1e-06,0.009889700000000543,707f58480bbe06d5182c17eb0642746d79949ea7ae4443c95317db786a8932c5,f1740999bf550580361877ed461a24b38d4136e10380dfc55e082bccca0e2f96,a643f62d82e2a28f903663acade174fee38dbb8daecccea9dfcca80068c57ba8,
final,brusselator_n2e4,brusselator,Order-3 Brusselator,20000,20.0,wallclock_timing,wallclock,0,,102,1,1377,2026-07-12T16:53:17.221329+00:00,0.0020499,0.1062758,True,False,20.0,0.0,185710,195710,True,False,256,5490,1,0,0.004461563284021767,19.995538436715975,0.009164299999999995,0.0927399999999998,4.4e-06,0.004367100000000207,7cbab01bb184f83b9aa95f446f543b139d9e786349bc43fdddcae4e7bcc1dea5,261fc531957c87a20f47769cf018e6458690426d0ae0a86380e050172f301b6d,a643f62d82e2a28f903663acade174fee38dbb8daecccea9dfcca80068c57ba8,
final,brusselator_n2e4,brusselator,Order-3 Brusselator,20000,20.0,threshold_250,prospective,2,250.0,102,1,1378,2026-07-12T16:53:17.329197+00:00,0.002143,0.1001972,True,False,20.0,0.0,187485,197485,True,False,1,5476,1,0,2.94993683400465e-05,19.99997050063166,5.44e-05,0.0953842000000003,3.8e-06,0.004754799999999712,d3d2bcc7675a0aa760d28a03737f07d5edb53431b5df5ec2032311813da1a6be,9ab39b4b9e370d5d273e11c43989da84d977a527b4ffc2bb596a4303f3c7bd75,a643f62d82e2a28f903663acade174fee38dbb8daecccea9dfcca80068c57ba8,
final,brusselator_n2e4,brusselator,Order-3 Brusselator,20000,20.0,threshold_100,prospective,2,100.0,102,1,1379,2026-07-12T16:53:17.432585+00:00,0.0024067,0.1164665,True,False,20.0,0.0,187485,197485,True,False,1,5476,1,0,2.94993683400465e-05,19.99997050063166,5.53e-05,0.11123079999999957,4.7e-06,0.0051757000000004355,d3d2bcc7675a0aa760d28a03737f07d5edb53431b5df5ec2032311813da1a6be,9ab39b4b9e370d5d273e11c43989da84d977a527b4ffc2bb596a4303f3c7bd75,a643f62d82e2a28f903663acade174fee38dbb8daecccea9dfcca80068c57ba8,
final,brusselator_n2e4,brusselator,Order-3 Brusselator,20000,20.0,threshold_500,prospective,2,500.0,102,1,1380,2026-07-12T16:53:17.551481+00:00,0.0020516,0.1208364,True,False,20.0,0.0,187485,197485,True,False,1,5476,1,0,2.94993683400465e-05,19.99997050063166,4.66e-05,0.11519289999999965,3.5e-06,0.005593400000000345,d3d2bcc7675a0aa760d28a03737f07d5edb53431b5df5ec2032311813da1a6be,9ab39b4b9e370d5d273e11c43989da84d977a527b4ffc2bb596a4303f3c7bd75,a643f62d82e2a28f903663acade174fee38dbb8daecccea9dfcca80068c57ba8,
final,brusselator_n2e4,brusselator,Order-3 Brusselator,20000,20.0,threshold_2000,prospective,2,2000.0,102,1,1381,2026-07-12T16:53:17.674540+00:00,0.0029328,0.1113254,True,False,20.0,0.0,187485,197485,True,False,1,5476,1,0,2.94993683400465e-05,19.99997050063166,6.71e-05,0.10638050000000009,5.6e-06,0.004872199999999924,d3d2bcc7675a0aa760d28a03737f07d5edb53431b5df5ec2032311813da1a6be,9ab39b4b9e370d5d273e11c43989da84d977a527b4ffc2bb596a4303f3c7bd75,a643f62d82e2a28f903663acade174fee38dbb8daecccea9dfcca80068c57ba8,
final,brusselator_n2e4,brusselator,Order-3 Brusselator,20000,20.0,threshold_1000,prospective,2,1000.0,102,1,1382,2026-07-12T16:53:17.788992+00:00,0.0022508,0.096384,True,False,20.0,0.0,187485,197485,True,False,1,5476,1,0,2.94993683400465e-05,19.99997050063166,5.36e-05,0.09179560000000048,3.9e-06,0.004530899999999519,d3d2bcc7675a0aa760d28a03737f07d5edb53431b5df5ec2032311813da1a6be,9ab39b4b9e370d5d273e11c43989da84d977a527b4ffc2bb596a4303f3c7bd75,a643f62d82e2a28f903663acade174fee38dbb8daecccea9dfcca80068c57ba8,
final,dimerization_n1e8,dimerization,Dimerization,100000000,0.5,threshold_500,prospective,2,500.0,102,1,1383,2026-07-12T16:53:17.888389+00:00,0.0016641,0.2097777,True,False,0.5,0.0,79429042,129429042,False,False,15571,0,0,0,0.5,0.0,0.20209110000000355,0.0,0.0,0.007686599999996463,061baef270e75b77979439badbd29b639b3e68a2dcd8737aa53b9b9939498d5d,5765ab6cdfb4e76fbb45e2f8c4cc28e2ad126383a58f32803dddb64b931bb818,a643f62d82e2a28f903663acade174fee38dbb8daecccea9dfcca80068c57ba8,
final,dimerization_n1e8,dimerization,Dimerization,100000000,0.5,threshold_2000,prospective,2,2000.0,102,1,1384,2026-07-12T16:53:18.099520+00:00,0.0016061,0.7349728,True,False,0.5,0.0,79428595,129428595,True,False,1,2192,1,0,4.643775745738835e-05,0.4999535622425426,1.65e-05,0.7328275000000024,2.5e-06,0.002126299999997583,9cb378712388a623ef2316d50e1762c9117e1e07a9832510d16f0eeed1c845fa,5ac18ff1441c2d976542def84cb653b2af4aea5bad75ba6a0e05edb255327929,a643f62d82e2a28f903663acade174fee38dbb8daecccea9dfcca80068c57ba8,
final,dimerization_n1e8,dimerization,Dimerization,100000000,0.5,threshold_100,prospective,2,100.0,102,1,1385,2026-07-12T16:53:18.835907+00:00,0.0015055,0.1848263,True,False,0.5,0.0,79429042,129429042,False,False,15571,0,0,0,0.5,0.0,0.1782835000000017,0.0,0.0,0.006542799999998294,061baef270e75b77979439badbd29b639b3e68a2dcd8737aa53b9b9939498d5d,5765ab6cdfb4e76fbb45e2f8c4cc28e2ad126383a58f32803dddb64b931bb818,a643f62d82e2a28f903663acade174fee38dbb8daecccea9dfcca80068c57ba8,
final,dimerization_n1e8,dimerization,Dimerization,100000000,0.5,wallclock_timing,wallclock,0,,102,1,1386,2026-07-12T16:53:19.023682+00:00,0.0017835,0.1966965,True,False,0.5,0.0,79428784,129428784,False,False,15552,4,4,0,0.4991284041669079,0.0008715958330920981,0.1891438999999982,0.0013417000000000001,1.76e-05,0.006193300000001789,d66a20d26aa2c5e1fba7a3a197c7b43c0f52a69a82a8daecd493530b4ea93cbd,e2863cf0c28d774499e2a978e8100a109e865c5c76823a6b569000518300a726,a643f62d82e2a28f903663acade174fee38dbb8daecccea9dfcca80068c57ba8,
final,dimerization_n1e8,dimerization,Dimerization,100000000,0.5,threshold_1000,prospective,2,1000.0,102,1,1387,2026-07-12T16:53:19.221880+00:00,0.0020224,0.1959949,True,False,0.5,0.0,79429042,129429042,False,False,15571,0,0,0,0.5,0.0,0.1887805999999981,0.0,0.0,0.007214300000001894,061baef270e75b77979439badbd29b639b3e68a2dcd8737aa53b9b9939498d5d,5765ab6cdfb4e76fbb45e2f8c4cc28e2ad126383a58f32803dddb64b931bb818,a643f62d82e2a28f903663acade174fee38dbb8daecccea9dfcca80068c57ba8,
final,dimerization_n1e8,dimerization,Dimerization,100000000,0.5,threshold_250,prospective,2,250.0,102,1,1388,2026-07-12T16:53:19.420157+00:00,0.0016644,0.2090665,True,False,0.5,0.0,79429042,129429042,False,False,15571,0,0,0,0.5,0.0,0.2015318000000015,0.0,0.0,0.007534699999998479,061baef270e75b77979439badbd29b639b3e68a2dcd8737aa53b9b9939498d5d,5765ab6cdfb4e76fbb45e2f8c4cc28e2ad126383a58f32803dddb64b931bb818,a643f62d82e2a28f903663acade174fee38dbb8daecccea9dfcca80068c57ba8,
final,rossler_n1e5,rossler,Rössler-Willamowski,100000,1.0,threshold_500,prospective,2,500.0,105,1,1389,2026-07-12T16:53:19.631591+00:00,0.0032782,2.6031961,True,False,1.0,0.0,3012213,6012213,True,False,87659,16735,5,0,0.43570603715230743,0.5642939628476926,1.1716225000001146,1.3009146000000016,6.29e-05,0.13059609999988364,258a8cdea3049d2f823b68edc1acbc8d9cc345ea8d862852292f929cfe394c45,13a6476990bca1880886435fb7850544eff59d431958551c2795d7abf90d9f93,a643f62d82e2a28f903663acade174fee38dbb8daecccea9dfcca80068c57ba8,
final,rossler_n1e5,rossler,Rössler-Willamowski,100000,1.0,threshold_1000,prospective,2,1000.0,105,1,1390,2026-07-12T16:53:22.238485+00:00,0.0028067,4.3119474,True,False,1.0,0.0,3021921,6021921,True,False,12630,42287,3,0,0.048791119114475485,0.9512088808855246,0.15678209999999845,4.079173800000003,3.7800000000000004e-05,0.07595369999999857,315f25adc7fc00ddf3e74bfaa6be7c6ebfdbd8033424cbb560be823fd5a62209,e909e82d50bad102a4b86889dc261b906a46fc653d157313b668aa8d3551c202,a643f62d82e2a28f903663acade174fee38dbb8daecccea9dfcca80068c57ba8,
final,rossler_n1e5,rossler,Rössler-Willamowski,100000,1.0,threshold_100,prospective,2,100.0,105,1,1391,2026-07-12T16:53:26.553412+00:00,0.0024584,2.6191837,True,False,1.0,0.0,3023848,5809196,False,False,163656,118,2,25,0.9826510443467042,0.01734895565329576,2.400646299999979,0.0023965999999999996,1.74e-05,0.21612340000002073,1215ec65247176b50ea30d2d68015af8b81099cbd45257d20d9a97daa7bfa1e2,5230f7e906ee27472ac4765c60ac406df0934d2f153ec740b98420544713b0fb,a643f62d82e2a28f903663acade174fee38dbb8daecccea9dfcca80068c57ba8,
final,rossler_n1e5,rossler,Rössler-Willamowski,100000,1.0,threshold_2000,prospective,2,2000.0,105,1,1392,2026-07-12T16:53:29.175074+00:00,0.0025245,5.0217251,True,False,1.0,0.0,3012411,3212411,True,False,1,47560,1,0,5.814888934103369e-05,0.999941851110659,6.4e-05,4.9451256000001305,5.2e-06,0.07653029999986938,08bc44b8dabe0c9205910aeed36c0d08dbbe288c7492a646d30498d52dd18446,da2515c914a144c50e15d45919bc17ebe23e3e2e9569994652217f16245f5741,a643f62d82e2a28f903663acade174fee38dbb8daecccea9dfcca80068c57ba8,
final,rossler_n1e5,rossler,Rössler-Willamowski,100000,1.0,wallclock_timing,wallclock,0,,105,1,1393,2026-07-12T16:53:34.199480+00:00,0.0024266,2.5585897,True,False,1.0,0.0,3019272,6019272,False,False,135731,6029,70,19,0.8226027898584363,0.17739721014156365,1.938046500000285,0.4457413999999994,0.0011058,0.17369599999971586,cea8151435b520e2fc1552ba3bf9357912a5ee775fc70bdc45da0dd8d4e1eebf,3ab9f0f4f5420150b5d081ec0f8a706574358565c8cbceb226dfa2c36647002f,a643f62d82e2a28f903663acade174fee38dbb8daecccea9dfcca80068c57ba8,
final,rossler_n1e5,rossler,Rössler-Willamowski,100000,1.0,threshold_250,prospective,2,250.0,105,1,1394,2026-07-12T16:53:36.761324+00:00,0.0022893,2.7368586,True,False,1.0,0.0,3024517,5992271,False,False,157596,922,2,12,0.9180775425310745,0.08192245746892554,2.4899874000001265,0.020014100000000003,1.95e-05,0.22683759999987352,d0730e25ecc465e53ffebd0c27b61fd40e086a0e064ef2bcdd9132d357d1c474,026538de70258a8ae8c9aa5ddc8d787bcdbb33933f2a3a61f60349ae0d65cd93,a643f62d82e2a28f903663acade174fee38dbb8daecccea9dfcca80068c57ba8,
final,shrinking_n2e6,shrinking,Shrinking,2000000,0.1,threshold_1000,prospective,2,1000.0,104,1,1395,2026-07-12T16:53:39.500002+00:00,0.0020686,0.0462523,True,False,0.1,0.0,80,4000080,True,False,1,2819,1,0,5.890874047444242e-06,0.09999410912595257,1.97e-05,0.04478920000000014,2.9e-06,0.0014404999999998655,975ef307e6c10c8ac0d0b0c777d851560e7dcd08d380e542811794ea61e53f2d,15592e84431577ef7b65de066486aa7ec0b708b23cd6eabb0f0ed4ba9a4e9ab1,a643f62d82e2a28f903663acade174fee38dbb8daecccea9dfcca80068c57ba8,
final,shrinking_n2e6,shrinking,Shrinking,2000000,0.1,threshold_500,prospective,2,500.0,104,1,1396,2026-07-12T16:53:39.549133+00:00,0.0015819,0.0368533,True,False,0.1,0.0,84,2254618,True,False,1567,2062,1,6,0.006227048584613179,0.09377295141538683,0.010476600000000044,0.024474599999999933,2.8e-06,0.0018993000000000274,4f3e4887c851bee90b2a4658f339d255204dda7237503cb1170ed4f6f7ba71ed,a68a48b2414312e2db6a75d7c8b54277e10ce33481a406ac7837f77f2d178d12,a643f62d82e2a28f903663acade174fee38dbb8daecccea9dfcca80068c57ba8,
final,shrinking_n2e6,shrinking,Shrinking,2000000,0.1,threshold_2000,prospective,2,2000.0,104,1,1397,2026-07-12T16:53:39.588198+00:00,0.0025805,0.0432799,True,False,0.1,0.0,80,4000080,True,False,1,2819,1,0,5.890874047444242e-06,0.09999410912595257,3.13e-05,0.04171430000000013,3.2e-06,0.0015310999999998756,975ef307e6c10c8ac0d0b0c777d851560e7dcd08d380e542811794ea61e53f2d,15592e84431577ef7b65de066486aa7ec0b708b23cd6eabb0f0ed4ba9a4e9ab1,a643f62d82e2a28f903663acade174fee38dbb8daecccea9dfcca80068c57ba8,
final,shrinking_n2e6,shrinking,Shrinking,2000000,0.1,wallclock_timing,wallclock,0,,104,1,1398,2026-07-12T16:53:39.634522+00:00,0.0023901,0.0496679,True,False,0.1,0.0,105,315,False,False,5801,2,2,97,0.09998519560037622,1.4804399623780237e-05,0.046238700000000334,8.93e-05,1.01e-05,0.0033297999999996677,ae2b7d759f49e807d26755f8b6076a0b359582b14f5a09276d512fdd54ff5e60,26c2d02ffc98321f63165653263834331eff1442d6c5282b5dca3c4d08542f85,a643f62d82e2a28f903663acade174fee38dbb8daecccea9dfcca80068c57ba8,
final,shrinking_n2e6,shrinking,Shrinking,2000000,0.1,threshold_250,prospective,2,250.0,104,1,1399,2026-07-12T16:53:39.686128+00:00,0.0023048,0.0441784,True,False,0.1,0.0,95,536961,True,False,3711,1025,1,21,0.020094879209095678,0.07990512079090432,0.033946400000000106,0.0068576999999999935,3e-06,0.0033712999999998966,3bb6d92f257d2a387b0069a09cc531ddecd6a747567977eeeb2268bdbe16fb43,732cfcccbdcf4ecef43446c9ad6f0c3364a97c779ad5a2d6f86d8f522a3a4668,a643f62d82e2a28f903663acade174fee38dbb8daecccea9dfcca80068c57ba8,
final,shrinking_n2e6,shrinking,Shrinking,2000000,0.1,threshold_100,prospective,2,100.0,104,1,1400,2026-07-12T16:53:39.732915+00:00,0.0019835,0.0532659,True,False,0.1,0.0,83,86283,True,False,5025,401,1,40,0.03843209261166071,0.061567907388339296,0.04799320000000029,0.0012389000000000005,2.4e-06,0.004031399999999706,c1bb9b6045fca11cecd590e5151db48ec1a331d957036ac497505434fdd30ee3,2b95ef30d2f1f67a1b97f5b706102a405e0d3a3cf48e27aa2fa23c224728a76c,a643f62d82e2a28f903663acade174fee38dbb8daecccea9dfcca80068c57ba8,
final,shrinking_no_b_decay_n2e6,shrinking,Shrinking no B decay,2000000,0.1,threshold_100,prospective,2,100.0,103,1,1401,2026-07-12T16:53:39.788884+00:00,0.0017587,0.0476053,True,False,0.1,0.0,807032,2857982,True,False,4228,223,1,7,0.017398306334134982,0.08260169366586502,0.03840459999999965,0.0067086,3e-06,0.002489100000000348,c2007a5cf804fbdcdb8dd99f1b9c9857d06435e4caaffeb694722d45902d186a,628a59ef20e6a28c534db807d749c99f9feebd9aeed55edb0f15f08aaa4bea2d,a643f62d82e2a28f903663acade174fee38dbb8daecccea9dfcca80068c57ba8,
final,shrinking_no_b_decay_n2e6,shrinking,Shrinking no B decay,2000000,0.1,threshold_500,prospective,2,500.0,103,1,1402,2026-07-12T16:53:39.838553+00:00,0.0019593,0.027495,True,False,0.1,0.0,807304,4807304,True,False,1,1036,1,0,4.49726715817712e-06,0.09999550273284183,2.31e-05,0.026951799999999956,2.8e-06,0.00051730000000004,f946bfa7cc6b255b37d73d198b7d80f84871867ece5b21a18dc9c3d6ff7e073e,689d989e853b1ef9c7eb33f124da8f5d84227b28ab31d4a0a51403acb2b275f7,a643f62d82e2a28f903663acade174fee38dbb8daecccea9dfcca80068c57ba8,
final,shrinking_no_b_decay_n2e6,shrinking,Shrinking no B decay,2000000,0.1,threshold_250,prospective,2,250.0,103,1,1403,2026-07-12T16:53:39.868583+00:00,0.0016682,0.0311322,True,False,0.1,0.0,807106,3811292,True,False,1775,594,1,3,0.00658541451036639,0.09341458548963362,0.013793000000000017,0.016211999999999994,2.5e-06,0.001124699999999989,610b12dbf4208601e91721d6de62eb6237687ab19bd4a73f83cd1554e9678325,194f49a82e707294c9e2f4cd852a0c8262b8e684285d0614125159c15ac73d55,a643f62d82e2a28f903663acade174fee38dbb8daecccea9dfcca80068c57ba8,
final,shrinking_no_b_decay_n2e6,shrinking,Shrinking no B decay,2000000,0.1,wallclock_timing,wallclock,0,,103,1,1404,2026-07-12T16:53:39.901317+00:00,0.001968,0.072996,True,False,0.1,0.0,807093,2464945,True,False,8508,32,7,8,0.03933978091168199,0.060660219088318014,0.06802569999999965,0.0010573,6.18e-05,0.00385120000000036,888b61d366e2ad048e8606bfcc2186ec6aa7d07cf9f3bb5dd021ccef2391b763,60e4a1b7689044f27234ae1365332444a643a6dfa38d05c02bd12b13df8525bc,a643f62d82e2a28f903663acade174fee38dbb8daecccea9dfcca80068c57ba8,
final,shrinking_no_b_decay_n2e6,shrinking,Shrinking no B decay,2000000,0.1,threshold_1000,prospective,2,1000.0,103,1,1405,2026-07-12T16:53:39.976641+00:00,0.0020416,0.0338961,True,False,0.1,0.0,807304,4807304,True,False,1,1036,1,0,4.49726715817712e-06,0.09999550273284183,1.88e-05,0.033238900000000036,2.2e-06,0.0006361999999999618,f946bfa7cc6b255b37d73d198b7d80f84871867ece5b21a18dc9c3d6ff7e073e,689d989e853b1ef9c7eb33f124da8f5d84227b28ab31d4a0a51403acb2b275f7,a643f62d82e2a28f903663acade174fee38dbb8daecccea9dfcca80068c57ba8,
final,shrinking_no_b_decay_n2e6,shrinking,Shrinking no B decay,2000000,0.1,threshold_2000,prospective,2,2000.0,103,1,1406,2026-07-12T16:53:40.012762+00:00,0.0020149,0.0270069,True,False,0.1,0.0,807304,4807304,True,False,1,1036,1,0,4.49726715817712e-06,0.09999550273284183,2.68e-05,0.02646829999999998,2.9e-06,0.0005089000000000204,f946bfa7cc6b255b37d73d198b7d80f84871867ece5b21a18dc9c3d6ff7e073e,689d989e853b1ef9c7eb33f124da8f5d84227b28ab31d4a0a51403acb2b275f7,a643f62d82e2a28f903663acade174fee38dbb8daecccea9dfcca80068c57ba8,
final,lotka_volterra_n100000,lotka_volterra,Lotka-Volterra,100000,1.0,wallclock_timing,wallclock,0,,101,1,1407,2026-07-12T16:53:40.042370+00:00,0.0020007,0.0101418,True,False,1.0,0.0,126129,226129,False,False,750,81,4,0,0.8005659843773044,0.19943401562269553,0.008689599999999966,0.0009201,1.85e-05,0.0005136000000000342,be81d357fcec6b2a80f7a25288dfa0c2edb7ed972d8f1d57c81ab8433b74080f,de934b954d794e26b73dff597038cda8590bed8106fd5dfcf1377383c264ef26,a643f62d82e2a28f903663acade174fee38dbb8daecccea9dfcca80068c57ba8,
final,lotka_volterra_n100000,lotka_volterra,Lotka-Volterra,100000,1.0,threshold_100,prospective,2,100.0,101,1,1408,2026-07-12T16:53:40.054579+00:00,0.0015724,0.0089154,True,False,1.0,0.0,125756,225756,False,False,930,0,0,0,1.0,0.0,0.00844920000000002,0.0,0.0,0.00046619999999998087,f7c901c18d33d99ce0466e04aeb469909494a8c156f4fbfde9077f50cd2862e1,4cc045eb889e704fc6fab1bfa060e90420a73aa4487234f9d53fd480855e44a7,a643f62d82e2a28f903663acade174fee38dbb8daecccea9dfcca80068c57ba8,
final,lotka_volterra_n100000,lotka_volterra,Lotka-Volterra,100000,1.0,threshold_500,prospective,2,500.0,101,1,1409,2026-07-12T16:53:40.065095+00:00,0.0018839,0.0038813,True,False,1.0,0.0,125807,225807,True,False,1,413,1,0,0.000729983855589529,0.9992700161444105,2.2e-05,0.003564600000000001,2.8e-06,0.000291899999999999,c6224737bb625074fcb75da9d3f032769c72f42413b0252bc14b990f7bd3c2fa,743f19b15019cd8041104bb4f8a666955cc90fe4aece944f948178c27814159a,a643f62d82e2a28f903663acade174fee38dbb8daecccea9dfcca80068c57ba8,
final,lotka_volterra_n100000,lotka_volterra,Lotka-Volterra,100000,1.0,threshold_1000,prospective,2,1000.0,101,1,1410,2026-07-12T16:53:40.071618+00:00,0.00165,0.0047402,True,False,1.0,0.0,125807,225807,True,False,1,413,1,0,0.000729983855589529,0.9992700161444105,2.22e-05,0.004419800000000003,2.5e-06,0.00029569999999999683,c6224737bb625074fcb75da9d3f032769c72f42413b0252bc14b990f7bd3c2fa,743f19b15019cd8041104bb4f8a666955cc90fe4aece944f948178c27814159a,a643f62d82e2a28f903663acade174fee38dbb8daecccea9dfcca80068c57ba8,
final,lotka_volterra_n100000,lotka_volterra,Lotka-Volterra,100000,1.0,threshold_2000,prospective,2,2000.0,101,1,1411,2026-07-12T16:53:40.078620+00:00,0.0020939,0.0045069,True,False,1.0,0.0,125807,225807,True,False,1,413,1,0,0.000729983855589529,0.9992700161444105,2.21e-05,0.004203900000000001,2.9e-06,0.0002779999999999996,c6224737bb625074fcb75da9d3f032769c72f42413b0252bc14b990f7bd3c2fa,743f19b15019cd8041104bb4f8a666955cc90fe4aece944f948178c27814159a,a643f62d82e2a28f903663acade174fee38dbb8daecccea9dfcca80068c57ba8,
final,lotka_volterra_n100000,lotka_volterra,Lotka-Volterra,100000,1.0,threshold_250,prospective,2,250.0,101,1,1412,2026-07-12T16:53:40.085141+00:00,0.0015638,0.002956,True,False,1.0,0.0,125807,225807,True,False,1,413,1,0,0.000729983855589529,0.9992700161444105,1.74e-05,0.002737500000000005,2.4e-06,0.0001986999999999948,c6224737bb625074fcb75da9d3f032769c72f42413b0252bc14b990f7bd3c2fa,743f19b15019cd8041104bb4f8a666955cc90fe4aece944f948178c27814159a,a643f62d82e2a28f903663acade174fee38dbb8daecccea9dfcca80068c57ba8,
final,lotka_volterra_n10000000,lotka_volterra,Lotka-Volterra,10000000,1.0,threshold_500,prospective,2,500.0,102,0,1413,2026-07-12T16:53:40.090507+00:00,0.0017876,0.1176159,True,False,1.0,0.0,12599105,22599105,False,False,9254,0,0,0,1.0,0.0,0.1116348999999999,0.0,0.0,0.005981000000000097,4a1271b4315e5e5f06f71bccbc145cf1702237f300f49dd39d663939acc65a96,642f4c7cb802c6a44a83206012dd35ca23630f6f572278274632c4997da475e1,a643f62d82e2a28f903663acade174fee38dbb8daecccea9dfcca80068c57ba8,
final,lotka_volterra_n10000000,lotka_volterra,Lotka-Volterra,10000000,1.0,threshold_1000,prospective,2,1000.0,102,0,1414,2026-07-12T16:53:40.209628+00:00,0.0018342,0.1316348,True,False,1.0,0.0,12599105,22599105,False,False,9254,0,0,0,1.0,0.0,0.12515510000000152,0.0,0.0,0.006479699999998478,4a1271b4315e5e5f06f71bccbc145cf1702237f300f49dd39d663939acc65a96,642f4c7cb802c6a44a83206012dd35ca23630f6f572278274632c4997da475e1,a643f62d82e2a28f903663acade174fee38dbb8daecccea9dfcca80068c57ba8,
final,lotka_volterra_n10000000,lotka_volterra,Lotka-Volterra,10000000,1.0,threshold_100,prospective,2,100.0,102,0,1415,2026-07-12T16:53:40.343598+00:00,0.0020795,0.1287323,True,False,1.0,0.0,12599105,22599105,False,False,9254,0,0,0,1.0,0.0,0.12240850000000175,0.0,0.0,0.006323799999998242,4a1271b4315e5e5f06f71bccbc145cf1702237f300f49dd39d663939acc65a96,642f4c7cb802c6a44a83206012dd35ca23630f6f572278274632c4997da475e1,a643f62d82e2a28f903663acade174fee38dbb8daecccea9dfcca80068c57ba8,
final,lotka_volterra_n10000000,lotka_volterra,Lotka-Volterra,10000000,1.0,threshold_2000,prospective,2,2000.0,102,0,1416,2026-07-12T16:53:40.474322+00:00,0.002192,0.3294294,True,False,1.0,0.0,12599660,22599660,True,False,1,4120,1,0,0.0001907063743614311,0.9998092936256385,2.25e-05,0.326544300000001,3.2e-06,0.0028593999999990127,1329649a514f9050e34a28bef56d95a845f5d2d1321ae920e8d8d15785f5fa18,5404c1dff02477ae641645475786505bd284db28417ee0449a2696240ec2bde4,a643f62d82e2a28f903663acade174fee38dbb8daecccea9dfcca80068c57ba8,
final,lotka_volterra_n10000000,lotka_volterra,Lotka-Volterra,10000000,1.0,threshold_250,prospective,2,250.0,102,0,1417,2026-07-12T16:53:40.806883+00:00,0.0016612,0.1125113,True,False,1.0,0.0,12599105,22599105,False,False,9254,0,0,0,1.0,0.0,0.10695680000000038,0.0,0.0,0.005554499999999615,4a1271b4315e5e5f06f71bccbc145cf1702237f300f49dd39d663939acc65a96,642f4c7cb802c6a44a83206012dd35ca23630f6f572278274632c4997da475e1,a643f62d82e2a28f903663acade174fee38dbb8daecccea9dfcca80068c57ba8,
final,lotka_volterra_n10000000,lotka_volterra,Lotka-Volterra,10000000,1.0,wallclock_timing,wallclock,0,,102,0,1418,2026-07-12T16:53:40.921220+00:00,0.0019578,0.1240204,True,False,1.0,0.0,12601767,22601767,False,False,9240,7,6,0,0.998313587170079,0.0016864128299209184,0.11753759999999928,0.0010794,5.17e-05,0.0053517000000007225,452bb797af2f3541f4a0cfabe0dd7004b9b98103f35df5bb258af2d9718e5399,420750c87790d324e53c080ca89d8822afbcd8d780d048a163868c540e45d009,a643f62d82e2a28f903663acade174fee38dbb8daecccea9dfcca80068c57ba8,
final,shrinking_split_b_decay_n2e6,shrinking,Shrinking split B decay,2000000,0.1,wallclock_timing,wallclock,0,,106,1,1419,2026-07-12T16:53:41.047526+00:00,0.0022277,0.0475472,True,False,0.1,0.0,107,325,False,False,5879,2,2,97,0.09998526159459609,1.473840540391002e-05,0.044434700000000285,5.77e-05,8.8e-06,0.0030459999999997087,a2595b7daef597338664c8bbcf3fed2449370ae3e3f791b8d0fc216aa60f745d,2aae516d56132694f50a405fcc877d8ba2490d1c60e6613bd0705db0b41e8aab,a643f62d82e2a28f903663acade174fee38dbb8daecccea9dfcca80068c57ba8,
final,shrinking_split_b_decay_n2e6,shrinking,Shrinking split B decay,2000000,0.1,threshold_100,prospective,2,100.0,106,1,1420,2026-07-12T16:53:41.097439+00:00,0.0021791,0.0518597,True,False,0.1,0.0,86,86054,True,False,5089,398,1,40,0.038404385597411696,0.06159561440258831,0.04608710000000031,0.0018694999999999994,3.4e-06,0.0038996999999996937,d69916f2eb03c93a6913485932d59e8d0bd9d27dc356228cb15702970af882b3,8dc3780c37945383ec61b2e0f8a73c23a0a89c7a25c1733ccb0bc8b3751e1975,a643f62d82e2a28f903663acade174fee38dbb8daecccea9dfcca80068c57ba8,
final,shrinking_split_b_decay_n2e6,shrinking,Shrinking split B decay,2000000,0.1,threshold_1000,prospective,2,1000.0,106,1,1421,2026-07-12T16:53:41.152099+00:00,0.0016384,0.0728726,True,False,0.1,0.0,87,4000087,True,False,1,2816,1,0,6.082396754594631e-06,0.09999391760324541,1.76e-05,0.07066550000000009,2.6e-06,0.0021868999999998945,cf503bc1bbae6d5606a629ba46712a8c66d8b0453349926683c0da8513bd523d,7f44c07d6ebe2892ca16f56aa5f19759e8fb550b28ba058147dfdcce6cf19eb2,a643f62d82e2a28f903663acade174fee38dbb8daecccea9dfcca80068c57ba8,
final,shrinking_split_b_decay_n2e6,shrinking,Shrinking split B decay,2000000,0.1,threshold_500,prospective,2,500.0,106,1,1422,2026-07-12T16:53:41.226809+00:00,0.0028687,0.0515982,True,False,0.1,0.0,88,2254364,True,False,1586,2057,1,6,0.0062370165064761065,0.0937629834935239,0.015972000000000017,0.03290320000000001,4.1e-06,0.0027188999999999755,8a3720bd069047eed91eb49143b4f223b3a86f960ba3b1841da3a87cd7ba254f,1c2801847cd0247f6431f3a00881656c3c15d769251f54df205b26b660dca2ab,a643f62d82e2a28f903663acade174fee38dbb8daecccea9dfcca80068c57ba8,
final,shrinking_split_b_decay_n2e6,shrinking,Shrinking split B decay,2000000,0.1,threshold_250,prospective,2,250.0,106,1,1423,2026-07-12T16:53:41.281503+00:00,0.0020973,0.050743,True,False,0.1,0.0,93,589879,True,False,3787,1023,1,20,0.020040638917134975,0.07995936108286504,0.03567579999999999,0.011418099999999997,3.7e-06,0.003645400000000021,ee689f0b79f2042ddbe7b188b689ad5c41bdb199e8b7ea7f854fd7a9341f7e05,dccaf7a82a8054deec18b32f6d6fb2dbcc0d70c1089360f33273fecb148576cc,a643f62d82e2a28f903663acade174fee38dbb8daecccea9dfcca80068c57ba8,
final,shrinking_split_b_decay_n2e6,shrinking,Shrinking split B decay,2000000,0.1,threshold_2000,prospective,2,2000.0,106,1,1424,2026-07-12T16:53:41.334627+00:00,0.0019504,0.0644894,True,False,0.1,0.0,87,4000087,True,False,1,2816,1,0,6.082396754594631e-06,0.09999391760324541,5.07e-05,0.06258339999999984,3.1e-06,0.001852200000000151,cf503bc1bbae6d5606a629ba46712a8c66d8b0453349926683c0da8513bd523d,7f44c07d6ebe2892ca16f56aa5f19759e8fb550b28ba058147dfdcce6cf19eb2,a643f62d82e2a28f903663acade174fee38dbb8daecccea9dfcca80068c57ba8,
final,rossler_n1e5,rossler,Rössler-Willamowski,100000,1.0,wallclock_timing,wallclock,0,,106,1,1425,2026-07-12T16:53:41.401517+00:00,0.0022897,2.5881699,True,False,1.0,0.0,3012426,6012426,False,False,154513,1409,64,20,0.9463994623415908,0.053600537658409164,2.2658049000000267,0.1217160000000001,0.0011986,0.19945039999997327,eac2f01f10b6d5ec49980834f65e0c288dfef7c52bebca86a6dad671c5c5ec89,2be87b2566122b427925ad217fd57555a5c85f34ed085fd6b7fcd2a7b36a4a60,a643f62d82e2a28f903663acade174fee38dbb8daecccea9dfcca80068c57ba8,
final,rossler_n1e5,rossler,Rössler-Willamowski,100000,1.0,threshold_1000,prospective,2,1000.0,106,1,1426,2026-07-12T16:53:43.991968+00:00,0.0029662,4.2648643,True,False,1.0,0.0,3026880,6026880,True,False,12751,42296,3,0,0.04913139827895618,0.9508686017210438,0.16320089999999998,4.025572799999954,2.71e-05,0.07606350000004714,ce95eab165edd933c1cd25e324587e5bca5b56b17b029c1ff100c6874309183f,58a2dba2587accafc9da92cdbccc9cd497395184e35ebb7355bbb3c89633682f,a643f62d82e2a28f903663acade174fee38dbb8daecccea9dfcca80068c57ba8,
final,rossler_n1e5,rossler,Rössler-Willamowski,100000,1.0,threshold_500,prospective,2,500.0,106,1,1427,2026-07-12T16:53:48.260666+00:00,0.0025022,2.7168394,True,False,1.0,0.0,3018106,6018106,True,False,87667,16755,5,0,0.4356689263237091,0.5643310736762909,1.2484857000001535,1.3278782999999963,4.96e-05,0.14042579999984994,efc36edf27464b9798ba66cecbb314148e87123976969048b2ee353d43a316ae,65e88ba66194d5c1d6c2838f21d469f51c6d3c9b7762e31ab2f8ca5286138550,a643f62d82e2a28f903663acade174fee38dbb8daecccea9dfcca80068c57ba8,
final,rossler_n1e5,rossler,Rössler-Willamowski,100000,1.0,threshold_2000,prospective,2,2000.0,106,1,1428,2026-07-12T16:53:50.980239+00:00,0.0022974,4.2649069,True,False,1.0,0.0,3021007,3221007,True,False,1,47617,1,0,7.453200064105037e-05,0.9999254679993589,2.9e-05,4.200712999999938,5e-06,0.06415990000006211,636db894e122e29a07c18a2e3420056be01ae272b17ebb046821d9baa38bb495,87355406e71728c5cf5503ced26911e8ce43acbdbe4fff453ccc9d2a71ac84cf,a643f62d82e2a28f903663acade174fee38dbb8daecccea9dfcca80068c57ba8,
final,rossler_n1e5,rossler,Rössler-Willamowski,100000,1.0,threshold_250,prospective,2,250.0,106,1,1429,2026-07-12T16:53:55.247581+00:00,0.0021421,2.6174842,True,False,1.0,0.0,3017416,5988336,False,False,157759,921,2,12,0.9181717867465157,0.08182821325348434,2.3739263000001096,0.027381799999999994,2.34e-05,0.21615269999989017,4bc448d6980889da7c4d60d5fd168ea5413616fd2e64c80f6a9777b2dd9e33be,ec5fb492691823559df32d2faf28ed65775b5edbcb84f4cd3a5494784aded536,a643f62d82e2a28f903663acade174fee38dbb8daecccea9dfcca80068c57ba8,
final,rossler_n1e5,rossler,Rössler-Willamowski,100000,1.0,threshold_100,prospective,2,100.0,106,1,1430,2026-07-12T16:53:57.867583+00:00,0.0027518,2.5495821,True,False,1.0,0.0,3025425,5810761,False,False,164041,118,2,25,0.9826445813011049,0.017355418698895165,2.3380642999998464,0.0016632999999999995,1.47e-05,0.20983980000015334,2599b10001a33eb60ad73b011bbcfb7a1afe5cce65728257d2c6ca6a6eb47915,5b71b0323478f8c84b71711799237cac36377703ddf7494b6f40212542e57eae,a643f62d82e2a28f903663acade174fee38dbb8daecccea9dfcca80068c57ba8,
final,rossler_n1e5,rossler,Rössler-Willamowski,100000,1.0,threshold_500,prospective,2,500.0,102,0,1431,2026-07-12T16:54:00.420079+00:00,0.0024795,2.6849952,True,False,1.0,0.0,3023298,6023298,True,False,87869,16713,5,0,0.4363588099095558,0.5636411900904442,1.3172414000000474,1.2221034999999985,5.0900000000000004e-05,0.14559939999995386,518d3f8d0598decad366ea54d39fba283a24761084cc5d93356beb0c3f28926c,3c10c9e92f5a57342d8519b929d2f0c9f1397952319f44cc08cfdaee7a151245,a643f62d82e2a28f903663acade174fee38dbb8daecccea9dfcca80068c57ba8,
final,rossler_n1e5,rossler,Rössler-Willamowski,100000,1.0,threshold_100,prospective,2,100.0,102,0,1432,2026-07-12T16:54:03.107847+00:00,0.0020523,2.6738978,True,False,1.0,0.0,3025673,5814205,False,False,163606,118,2,25,0.9826407590068111,0.01735924099318885,2.4496677999998737,0.0013935999999999996,1.32e-05,0.22282320000012623,b3294315ddfd9400f840a206b3b2870c81050925dc873848f1913b652e809913,0608bd43509a153b18fe6dab24e1943a4d7d4059e3a02cf9cc1271331607bb07,a643f62d82e2a28f903663acade174fee38dbb8daecccea9dfcca80068c57ba8,
final,rossler_n1e5,rossler,Rössler-Willamowski,100000,1.0,threshold_1000,prospective,2,1000.0,102,0,1433,2026-07-12T16:54:05.784892+00:00,0.0034222,4.2516564,True,False,1.0,0.0,3024022,6024022,True,False,12846,42300,3,0,0.04920831076826146,0.9507916892317385,0.16337130000000055,4.010610199999896,2.99e-05,0.07764500000010255,e8beeef882986176f72e110d1d31f3118a60e616867b20e3fae16bf9439232d0,0dc7ec8af23ce4d16854ce479b74dd67cdf00882832bf9e5a7cd75822511d419,a643f62d82e2a28f903663acade174fee38dbb8daecccea9dfcca80068c57ba8,
final,rossler_n1e5,rossler,Rössler-Willamowski,100000,1.0,threshold_2000,prospective,2,2000.0,102,0,1434,2026-07-12T16:54:10.040432+00:00,0.0018772,4.6751174,True,False,1.0,0.0,3015017,3215017,True,False,1,47643,1,0,6.900145001150988e-05,0.9999309985499885,2.34e-05,4.603343900000076,4.5e-06,0.07174559999992436,4886f6ae0b9c18eda73c6948f925d0609d4d78759edacc4c070812fac0ed41d2,3353dbd0616a15b7207f74e5a68adc2ff85ee18e200b59d2cbfd6e87be78edd2,a643f62d82e2a28f903663acade174fee38dbb8daecccea9dfcca80068c57ba8,
final,rossler_n1e5,rossler,Rössler-Willamowski,100000,1.0,threshold_250,prospective,2,250.0,102,0,1435,2026-07-12T16:54:14.717390+00:00,0.0027015,2.741576,True,False,1.0,0.0,3029874,5999550,False,False,157731,922,2,12,0.9180594806139407,0.08194051938605923,2.491475999999969,0.023062300000000008,2.09e-05,0.227016800000031,134269c053be171eb18fd98dd2c2370d332cb4af46f4d78ab7bf17d53b3eaf71,602d527c70c0738cfd545d4a055cd7cffc871995b1320d5134ab44d4eb0ce14e,a643f62d82e2a28f903663acade174fee38dbb8daecccea9dfcca80068c57ba8,
final,rossler_n1e5,rossler,Rössler-Willamowski,100000,1.0,wallclock_timing,wallclock,0,,102,0,1436,2026-07-12T16:54:17.462177+00:00,0.0029794,2.7646674,True,False,1.0,0.0,3013968,6013968,False,False,152087,2038,84,20,0.9273848878311567,0.07261511216884328,2.3747592000000997,0.18019160000000015,0.0014056000000000001,0.20831099999990021,aecbd3e5d4f2b00e73f2d0ff661163d9583d61d12482be09d72aa942ec7a7224,3ab35beb1cff3a764d11cf5c1fb8b85c315b765852bac6ed04fbeab66d41490d,a643f62d82e2a28f903663acade174fee38dbb8daecccea9dfcca80068c57ba8,
final,shrinking_no_b_decay_n2e6,shrinking,Shrinking no B decay,2000000,0.1,threshold_500,prospective,2,500.0,104,0,1437,2026-07-12T16:54:20.229522+00:00,0.0022376,0.0310176,True,False,0.1,0.0,807267,4807267,True,False,1,1037,1,0,5.890874047444242e-06,0.09999410912595257,2.72e-05,0.030318400000000013,3.2e-06,0.0006687999999999868,e693c3d0ce145019ce759998eb08708ae86029fe79a1ca1f07e0a5c60db56ecd,6dc1195263410efefffd1d20e681f5ab89591192fd22484fb91f7676d0e2eef4,a643f62d82e2a28f903663acade174fee38dbb8daecccea9dfcca80068c57ba8,
final,shrinking_no_b_decay_n2e6,shrinking,Shrinking no B decay,2000000,0.1,threshold_100,prospective,2,100.0,104,0,1438,2026-07-12T16:54:20.263717+00:00,0.0021187,0.0446728,True,False,0.1,0.0,807148,2858276,True,False,4172,223,1,7,0.01741974882041364,0.08258025117958637,0.03556670000000005,0.006672799999999996,3.5e-06,0.002429799999999961,e4f4e65e3291e5937cfe0b498e8484d60de6aa0543f97694c0f492dd40617788,c7241ec6b46d7c0539ad571beac3e4ca3d0a03b495cd16aef6d21e07756dcddb,a643f62d82e2a28f903663acade174fee38dbb8daecccea9dfcca80068c57ba8,
final,shrinking_no_b_decay_n2e6,shrinking,Shrinking no B decay,2000000,0.1,threshold_250,prospective,2,250.0,104,0,1439,2026-07-12T16:54:20.310656+00:00,0.0022619,0.0344125,True,False,0.1,0.0,807123,3811543,True,False,1740,594,1,3,0.006603038371013812,0.09339696162898618,0.015784600000000003,0.017159900000000002,3.2e-06,0.0014647999999999953,6040eaf98436287ac6ceae4bffac9028cf2bf4d6ce718e562c12874d2ded7a02,972e6884113c463ab06d7175510fc1311a11a20e47b78c1c464d6fe733d83e92,a643f62d82e2a28f903663acade174fee38dbb8daecccea9dfcca80068c57ba8,
final,shrinking_no_b_decay_n2e6,shrinking,Shrinking no B decay,2000000,0.1,wallclock_timing,wallclock,0,,104,0,1440,2026-07-12T16:54:20.347652+00:00,0.0023707,0.0823694,True,False,0.1,0.0,807208,2568894,True,False,8189,35,3,8,0.037845150007879406,0.062154849992120606,0.07703099999999977,0.0007526999999999997,1.33e-05,0.00457240000000024,ab17d49f6c4ba93acf848b1af6b834bf01c0f339bcaf96b835e7e3638a31a7b8,fce3eaa0b72d9679c254b1221f7a7f5d10b27cd8b2fa9a8186afc4194c5f2734,a643f62d82e2a28f903663acade174fee38dbb8daecccea9dfcca80068c57ba8,
final,shrinking_no_b_decay_n2e6,shrinking,Shrinking no B decay,2000000,0.1,threshold_2000,prospective,2,2000.0,104,0,1441,2026-07-12T16:54:20.432965+00:00,0.0021498,0.0283712,True,False,0.1,0.0,807267,4807267,True,False,1,1037,1,0,5.890874047444242e-06,0.09999410912595257,2.67e-05,0.027747200000000003,3e-06,0.0005942999999999955,e693c3d0ce145019ce759998eb08708ae86029fe79a1ca1f07e0a5c60db56ecd,6dc1195263410efefffd1d20e681f5ab89591192fd22484fb91f7676d0e2eef4,a643f62d82e2a28f903663acade174fee38dbb8daecccea9dfcca80068c57ba8,
final,shrinking_no_b_decay_n2e6,shrinking,Shrinking no B decay,2000000,0.1,threshold_1000,prospective,2,1000.0,104,0,1442,2026-07-12T16:54:20.463910+00:00,0.0021517,0.0303542,True,False,0.1,0.0,807267,4807267,True,False,1,1037,1,0,5.890874047444242e-06,0.09999410912595257,4.09e-05,0.02970180000000003,3.2e-06,0.0006082999999999714,e693c3d0ce145019ce759998eb08708ae86029fe79a1ca1f07e0a5c60db56ecd,6dc1195263410efefffd1d20e681f5ab89591192fd22484fb91f7676d0e2eef4,a643f62d82e2a28f903663acade174fee38dbb8daecccea9dfcca80068c57ba8,
final,shrinking_split_b_decay_n2e6,shrinking,Shrinking split B decay,2000000,0.1,threshold_500,prospective,2,500.0,104,0,1443,2026-07-12T16:54:20.496537+00:00,0.0018447,0.0517181,True,False,0.1,0.0,83,2253449,True,False,1589,2061,1,6,0.006248177783805395,0.0937518222161946,0.01367250000000003,0.03554419999999994,3.3e-06,0.002498100000000031,b83223f698c7f4e982e6333f25b3ab828313adfb4a45fe2b8e2ad5b7d31db575,ca19b5d7a5e39aa43d14f3879e47c28e8d1cd92c071263e2d2b84ea0abd13108,a643f62d82e2a28f903663acade174fee38dbb8daecccea9dfcca80068c57ba8,
final,shrinking_split_b_decay_n2e6,shrinking,Shrinking split B decay,2000000,0.1,threshold_2000,prospective,2,2000.0,104,0,1444,2026-07-12T16:54:20.550536+00:00,0.0022671,0.0720082,True,False,0.1,0.0,113,4000113,True,False,1,2819,1,0,5.890874047444242e-06,0.09999410912595257,5.58e-05,0.0698552000000002,3e-06,0.0020941999999997962,ac7501800755d067ee0abe49b8035480c32b6f8544c411e7eca30e0ded864a36,6e964f3f5c0a541f2debf8cba767df4a7398b0c50fa74fa183a4baecfafdf73c,a643f62d82e2a28f903663acade174fee38dbb8daecccea9dfcca80068c57ba8,
final,shrinking_split_b_decay_n2e6,shrinking,Shrinking split B decay,2000000,0.1,threshold_100,prospective,2,100.0,104,0,1445,2026-07-12T16:54:20.624605+00:00,0.0024701,0.0513847,True,False,0.1,0.0,102,86466,True,False,5014,400,1,40,0.03838143706092442,0.06161856293907558,0.04593009999999991,0.0015907,2.9e-06,0.0038610000000000866,bcf191f423a176e2f4fe53a8213ffbe127e472bc1738edff7910faf8d7216be1,c29e1e40b2c7d8378c42131d57e1a58e5f920d2d953b63e835b36282c0e1a648,a643f62d82e2a28f903663acade174fee38dbb8daecccea9dfcca80068c57ba8,
final,shrinking_split_b_decay_n2e6,shrinking,Shrinking split B decay,2000000,0.1,wallclock_timing,wallclock,0,,104,0,1446,2026-07-12T16:54:20.679163+00:00,0.0022034,0.0624744,True,False,0.1,0.0,80,248,False,False,5861,2,2,96,0.0999852371506796,1.4762849320401963e-05,0.05815450000000023,7.099999999999999e-05,1.14e-05,0.004237499999999769,39d2cce12993601d94ad94b934b80038545f0747155b77da92d4ca8bc28b7fc3,45355c2b9a8679cf9d9bf8d34139d360a2397a86f6d7bda32dd7b799af482e98,a643f62d82e2a28f903663acade174fee38dbb8daecccea9dfcca80068c57ba8,
final,shrinking_split_b_decay_n2e6,shrinking,Shrinking split B decay,2000000,0.1,threshold_250,prospective,2,250.0,104,0,1447,2026-07-12T16:54:20.743919+00:00,0.0020195,0.0444774,True,False,0.1,0.0,108,537390,True,False,3714,1030,1,21,0.02011956639831999,0.07988043360168001,0.03331729999999987,0.007958799999999972,3.4e-06,0.003197900000000156,854d6f9657d026e619d9c850344d96dca6b16804d7226e3b2cbcfb72d7813081,01a82e45fc7347e8d40dea0328bd47451b0570278a703ccd4404cef0b34a9fcb,a643f62d82e2a28f903663acade174fee38dbb8daecccea9dfcca80068c57ba8,
final,shrinking_split_b_decay_n2e6,shrinking,Shrinking split B decay,2000000,0.1,threshold_1000,prospective,2,1000.0,104,0,1448,2026-07-12T16:54:20.791545+00:00,0.0023098,0.0794909,True,False,0.1,0.0,113,4000113,True,False,1,2819,1,0,5.890874047444242e-06,0.09999410912595257,2.28e-05,0.07722000000000025,3e-06,0.00224509999999975,ac7501800755d067ee0abe49b8035480c32b6f8544c411e7eca30e0ded864a36,6e964f3f5c0a541f2debf8cba767df4a7398b0c50fa74fa183a4baecfafdf73c,a643f62d82e2a28f903663acade174fee38dbb8daecccea9dfcca80068c57ba8,
final,lotka_volterra_n100000,lotka_volterra,Lotka-Volterra,100000,1.0,threshold_500,prospective,2,500.0,106,1,1449,2026-07-12T16:54:20.873242+00:00,0.0020289,0.0038148,True,False,1.0,0.0,125956,225956,True,False,1,412,1,0,0.0020571623726540825,0.9979428376273459,1.88e-05,0.0035526000000000025,2.5e-06,0.0002408999999999979,49ee835a5ba50fff31453db9fb8f9a394d1aaf0486b9938f9e494f2324a3c505,3ddfaef3353d6f11e999e258a3f8261edec6e8a77806fefdd9342f5fc90f1ca5,a643f62d82e2a28f903663acade174fee38dbb8daecccea9dfcca80068c57ba8,
final,lotka_volterra_n100000,lotka_volterra,Lotka-Volterra,100000,1.0,threshold_100,prospective,2,100.0,106,1,1450,2026-07-12T16:54:20.879645+00:00,0.0032264,0.0117608,True,False,1.0,0.0,125849,225849,False,False,958,0,0,0,1.0,0.0,0.011096999999999984,0.0,0.0,0.0006638000000000165,957b10741a9b176f7003fe3465da6be214096be21c25b01d70d04fb49b9f2317,c642c08bdaa129ac573cc0645a51c4edebaf28d4500b5b8ffeaacb66655b01dd,a643f62d82e2a28f903663acade174fee38dbb8daecccea9dfcca80068c57ba8,
final,lotka_volterra_n100000,lotka_volterra,Lotka-Volterra,100000,1.0,threshold_2000,prospective,2,2000.0,106,1,1451,2026-07-12T16:54:20.894863+00:00,0.0022591,0.0031482,True,False,1.0,0.0,125956,225956,True,False,1,412,1,0,0.0020571623726540825,0.9979428376273459,2.36e-05,0.0029114000000000037,2.9e-06,0.00021029999999999617,49ee835a5ba50fff31453db9fb8f9a394d1aaf0486b9938f9e494f2324a3c505,3ddfaef3353d6f11e999e258a3f8261edec6e8a77806fefdd9342f5fc90f1ca5,a643f62d82e2a28f903663acade174fee38dbb8daecccea9dfcca80068c57ba8,
final,lotka_volterra_n100000,lotka_volterra,Lotka-Volterra,100000,1.0,threshold_250,prospective,2,250.0,106,1,1452,2026-07-12T16:54:20.900978+00:00,0.0020359,0.0047253,True,False,1.0,0.0,125956,225956,True,False,1,412,1,0,0.0020571623726540825,0.9979428376273459,2.39e-05,0.004382100000000006,3.3e-06,0.00031599999999999337,49ee835a5ba50fff31453db9fb8f9a394d1aaf0486b9938f9e494f2324a3c505,3ddfaef3353d6f11e999e258a3f8261edec6e8a77806fefdd9342f5fc90f1ca5,a643f62d82e2a28f903663acade174fee38dbb8daecccea9dfcca80068c57ba8,
final,lotka_volterra_n100000,lotka_volterra,Lotka-Volterra,100000,1.0,wallclock_timing,wallclock,0,,106,1,1453,2026-07-12T16:54:20.908048+00:00,0.0023322,0.009736,True,False,1.0,0.0,126026,226026,False,False,657,130,6,0,0.689379563248329,0.31062043675167095,0.0076965999999999745,0.0014636999999999999,4.0900000000000005e-05,0.0005348000000000262,f4fdf3713129557c3931e9a2cd49c60f48e82bb17031379ed021793e0cb9e83d,2a9d170368847020917e10bfe9c1554e7169d2ee1e9269eed8d7fbc4c79bbbc6,a643f62d82e2a28f903663acade174fee38dbb8daecccea9dfcca80068c57ba8,
final,lotka_volterra_n100000,lotka_volterra,Lotka-Volterra,100000,1.0,threshold_1000,prospective,2,1000.0,106,1,1454,2026-07-12T16:54:20.920032+00:00,0.0020243,0.0040555,True,False,1.0,0.0,125956,225956,True,False,1,412,1,0,0.0020571623726540825,0.9979428376273459,2.39e-05,0.003777,2.9e-06,0.0002517000000000001,49ee835a5ba50fff31453db9fb8f9a394d1aaf0486b9938f9e494f2324a3c505,3ddfaef3353d6f11e999e258a3f8261edec6e8a77806fefdd9342f5fc90f1ca5,a643f62d82e2a28f903663acade174fee38dbb8daecccea9dfcca80068c57ba8,
final,oregonator_n1e5,oregonator,Oregonator,100000,1.0,threshold_2000,prospective,2,2000.0,101,0,1455,2026-07-12T16:54:20.926040+00:00,0.0028878,0.214566,True,False,1.0,0.0,73336,125336,True,False,1,15549,1,0,1.6285913128937451e-06,0.9999983714086871,2.67e-05,0.19966179999999914,4.3e-06,0.014873200000000864,94144f9cbec99d6f7eb32e791054a81d05cfc4e809a11793c9fba7b75007664c,9e77501a15a3d1aa5c0933ea860cffbf58eb50903e89ce1ec673d3fa24a69376,a643f62d82e2a28f903663acade174fee38dbb8daecccea9dfcca80068c57ba8,
final,oregonator_n1e5,oregonator,Oregonator,100000,1.0,wallclock_timing,wallclock,0,,101,0,1456,2026-07-12T16:54:21.144369+00:00,0.0029984,0.192735,True,False,1.0,0.0,57409,109409,True,False,716,12852,5,0,0.0014352868948915047,0.9985647131051085,0.010620200000000002,0.16913320000000046,9.360000000000003e-05,0.012887999999999539,6875955d85876677646ed9d89e0f5606d8c37c10a92f17826300a25e1f40fabb,87c5cdf40137cbd00e1c111898844d83f9cde36080098263dac60adad152ee4d,a643f62d82e2a28f903663acade174fee38dbb8daecccea9dfcca80068c57ba8,
final,oregonator_n1e5,oregonator,Oregonator,100000,1.0,threshold_500,prospective,2,500.0,101,0,1457,2026-07-12T16:54:21.340478+00:00,0.0022317,0.2217477,True,False,1.0,0.0,73336,125336,True,False,1,15549,1,0,1.6285913128937451e-06,0.9999983714086871,2.65e-05,0.2055061000000019,4.4e-06,0.01621069999999808,94144f9cbec99d6f7eb32e791054a81d05cfc4e809a11793c9fba7b75007664c,9e77501a15a3d1aa5c0933ea860cffbf58eb50903e89ce1ec673d3fa24a69376,a643f62d82e2a28f903663acade174fee38dbb8daecccea9dfcca80068c57ba8,
final,oregonator_n1e5,oregonator,Oregonator,100000,1.0,threshold_100,prospective,2,100.0,101,0,1458,2026-07-12T16:54:21.564685+00:00,0.0019787,0.2063425,True,False,1.0,0.0,73336,125336,True,False,1,15549,1,0,1.6285913128937451e-06,0.9999983714086871,1.95e-05,0.1914081000000003,3.6e-06,0.014911299999999711,94144f9cbec99d6f7eb32e791054a81d05cfc4e809a11793c9fba7b75007664c,9e77501a15a3d1aa5c0933ea860cffbf58eb50903e89ce1ec673d3fa24a69376,a643f62d82e2a28f903663acade174fee38dbb8daecccea9dfcca80068c57ba8,
final,oregonator_n1e5,oregonator,Oregonator,100000,1.0,threshold_1000,prospective,2,1000.0,101,0,1459,2026-07-12T16:54:21.773659+00:00,0.0028807,0.2260159,True,False,1.0,0.0,73336,125336,True,False,1,15549,1,0,1.6285913128937451e-06,0.9999983714086871,3e-05,0.2100946999999984,5.4e-06,0.015885800000001588,94144f9cbec99d6f7eb32e791054a81d05cfc4e809a11793c9fba7b75007664c,9e77501a15a3d1aa5c0933ea860cffbf58eb50903e89ce1ec673d3fa24a69376,a643f62d82e2a28f903663acade174fee38dbb8daecccea9dfcca80068c57ba8,
final,oregonator_n1e5,oregonator,Oregonator,100000,1.0,threshold_250,prospective,2,250.0,101,0,1460,2026-07-12T16:54:22.002774+00:00,0.0025898,0.2098048,True,False,1.0,0.0,73336,125336,True,False,1,15549,1,0,1.6285913128937451e-06,0.9999983714086871,2.88e-05,0.1944409000000009,5e-06,0.015330099999999125,94144f9cbec99d6f7eb32e791054a81d05cfc4e809a11793c9fba7b75007664c,9e77501a15a3d1aa5c0933ea860cffbf58eb50903e89ce1ec673d3fa24a69376,a643f62d82e2a28f903663acade174fee38dbb8daecccea9dfcca80068c57ba8,
final,lotka_volterra_n100000,lotka_volterra,Lotka-Volterra,100000,1.0,wallclock_timing,wallclock,0,,105,1,1461,2026-07-12T16:54:22.215703+00:00,0.0018658,0.0080103,True,False,1.0,0.0,125646,225646,True,False,511,180,5,0,0.5753757680059333,0.42462423199406674,0.006023800000000001,0.0015679000000000003,2.49e-05,0.00039369999999999856,d6257669213cf83a94d87309fdc1f63e78305ca2bb1cc0b88d2137c7845b945d,9d063e11848aa2ad940f03b2b5a8c9b1c0449e318f04dd701c6926378cc3b0c2,a643f62d82e2a28f903663acade174fee38dbb8daecccea9dfcca80068c57ba8,
final,lotka_volterra_n100000,lotka_volterra,Lotka-Volterra,100000,1.0,threshold_100,prospective,2,100.0,105,1,1462,2026-07-12T16:54:22.225698+00:00,0.0020271,0.0137514,True,False,1.0,0.0,125080,225080,False,False,928,0,0,0,1.0,0.0,0.012988800000000043,0.0,0.0,0.0007625999999999571,be8cfdce70c3de0dae87cd21b770ded14642cf365a1df91a631d0dd3b53cccc4,552445aecd3d601a3c4928cc825ddb2b76fce6532e4382ad501b6adb8ef7f95b,a643f62d82e2a28f903663acade174fee38dbb8daecccea9dfcca80068c57ba8,
final,lotka_volterra_n100000,lotka_volterra,Lotka-Volterra,100000,1.0,threshold_1000,prospective,2,1000.0,105,1,1463,2026-07-12T16:54:22.241280+00:00,0.0022912,0.0059037,True,False,1.0,0.0,126224,226224,True,False,1,413,1,0,0.001596271749814926,0.9984037282501851,2.75e-05,0.0055331999999999985,3.6e-06,0.000339400000000001,5b8761928497e80948c99aa64c5d246324d5f0f3a01ba0992e984ffde7d99abd,1c9647673fd3f1c8b68c1add2dfef648ea87b5390b05368b2e26908fa636c7d7,a643f62d82e2a28f903663acade174fee38dbb8daecccea9dfcca80068c57ba8,
final,lotka_volterra_n100000,lotka_volterra,Lotka-Volterra,100000,1.0,threshold_250,prospective,2,250.0,105,1,1464,2026-07-12T16:54:22.250399+00:00,0.002162,0.0026239,True,False,1.0,0.0,126224,226224,True,False,1,413,1,0,0.001596271749814926,0.9984037282501851,1.61e-05,0.002420799999999995,2.2e-06,0.00018480000000000536,5b8761928497e80948c99aa64c5d246324d5f0f3a01ba0992e984ffde7d99abd,1c9647673fd3f1c8b68c1add2dfef648ea87b5390b05368b2e26908fa636c7d7,a643f62d82e2a28f903663acade174fee38dbb8daecccea9dfcca80068c57ba8,
final,lotka_volterra_n100000,lotka_volterra,Lotka-Volterra,100000,1.0,threshold_2000,prospective,2,2000.0,105,1,1465,2026-07-12T16:54:22.255395+00:00,0.0020869,0.0052533,True,False,1.0,0.0,126224,226224,True,False,1,413,1,0,0.001596271749814926,0.9984037282501851,2.1e-05,0.004915600000000004,3.1e-06,0.0003135999999999955,5b8761928497e80948c99aa64c5d246324d5f0f3a01ba0992e984ffde7d99abd,1c9647673fd3f1c8b68c1add2dfef648ea87b5390b05368b2e26908fa636c7d7,a643f62d82e2a28f903663acade174fee38dbb8daecccea9dfcca80068c57ba8,
final,lotka_volterra_n100000,lotka_volterra,Lotka-Volterra,100000,1.0,threshold_500,prospective,2,500.0,105,1,1466,2026-07-12T16:54:22.263400+00:00,0.0022782,0.0059842,True,False,1.0,0.0,126224,226224,True,False,1,413,1,0,0.001596271749814926,0.9984037282501851,2.64e-05,0.005595199999999998,3.4e-06,0.0003592000000000022,5b8761928497e80948c99aa64c5d246324d5f0f3a01ba0992e984ffde7d99abd,1c9647673fd3f1c8b68c1add2dfef648ea87b5390b05368b2e26908fa636c7d7,a643f62d82e2a28f903663acade174fee38dbb8daecccea9dfcca80068c57ba8,
final,dimerization_n1e8,dimerization,Dimerization,100000000,0.5,wallclock_timing,wallclock,0,,106,1,1467,2026-07-12T16:54:22.271919+00:00,0.0031838,0.2328443,True,False,0.5,0.0,79436320,129436320,False,False,15604,4,4,0,0.49912870015162214,0.0008712998483778626,0.22319780000000375,0.0020023,2.6099999999999997e-05,0.007618099999996242,436d4e8e94ed5f76aee00daf70603d3de9bad3b500fa42bc2e2bae8e6d3f4ec2,d55e10df79b3c64227bd97500d9b341a852d0b512f28af50659fd358cc66d785,a643f62d82e2a28f903663acade174fee38dbb8daecccea9dfcca80068c57ba8,
final,dimerization_n1e8,dimerization,Dimerization,100000000,0.5,threshold_2000,prospective,2,2000.0,106,1,1468,2026-07-12T16:54:22.507654+00:00,0.0020955,0.7934837,True,False,0.5,0.0,79431141,129431141,True,False,1,2192,1,0,4.9522546815342604e-05,0.49995047745318466,2.38e-05,0.7909415,3.2e-06,0.0025152000000000507,89e72c51d2d0428519b040757ef85b55c39bcff4161ab221be063e307c4dd67f,1978162d20a01c972f4d21bfdb73cd67d292ba3cae50d7da7a7f1fea29b601b8,a643f62d82e2a28f903663acade174fee38dbb8daecccea9dfcca80068c57ba8,
final,dimerization_n1e8,dimerization,Dimerization,100000000,0.5,threshold_250,prospective,2,250.0,106,1,1469,2026-07-12T16:54:23.303384+00:00,0.0019102,0.2279443,True,False,0.5,0.0,79434177,129434177,False,False,15641,0,0,0,0.5,0.0,0.21902920000000045,0.0,0.0,0.008915099999999537,c815eea02c2f36b71e2b486fd9d17213155a1a9ebe962427e572468bacf42f32,3f5f1458298aa063cdba050d8f84d4776ac982e890c25055fed68dee73da7d16,a643f62d82e2a28f903663acade174fee38dbb8daecccea9dfcca80068c57ba8,
final,dimerization_n1e8,dimerization,Dimerization,100000000,0.5,threshold_500,prospective,2,500.0,106,1,1470,2026-07-12T16:54:23.534076+00:00,0.0019307,0.2370849,True,False,0.5,0.0,79434177,129434177,False,False,15641,0,0,0,0.5,0.0,0.22767860000000234,0.0,0.0,0.009406299999997647,c815eea02c2f36b71e2b486fd9d17213155a1a9ebe962427e572468bacf42f32,3f5f1458298aa063cdba050d8f84d4776ac982e890c25055fed68dee73da7d16,a643f62d82e2a28f903663acade174fee38dbb8daecccea9dfcca80068c57ba8,
final,dimerization_n1e8,dimerization,Dimerization,100000000,0.5,threshold_100,prospective,2,100.0,106,1,1471,2026-07-12T16:54:23.773770+00:00,0.0018637,0.2376181,True,False,0.5,0.0,79434177,129434177,False,False,15641,0,0,0,0.5,0.0,0.22802470000000435,0.0,0.0,0.009593399999995644,c815eea02c2f36b71e2b486fd9d17213155a1a9ebe962427e572468bacf42f32,3f5f1458298aa063cdba050d8f84d4776ac982e890c25055fed68dee73da7d16,a643f62d82e2a28f903663acade174fee38dbb8daecccea9dfcca80068c57ba8,
final,dimerization_n1e8,dimerization,Dimerization,100000000,0.5,threshold_1000,prospective,2,1000.0,106,1,1472,2026-07-12T16:54:24.013416+00:00,0.0021825,0.2338441,True,False,0.5,0.0,79434177,129434177,False,False,15641,0,0,0,0.5,0.0,0.22409260000000158,0.0,0.0,0.009751499999998414,c815eea02c2f36b71e2b486fd9d17213155a1a9ebe962427e572468bacf42f32,3f5f1458298aa063cdba050d8f84d4776ac982e890c25055fed68dee73da7d16,a643f62d82e2a28f903663acade174fee38dbb8daecccea9dfcca80068c57ba8,
final,brusselator_n2e4,brusselator,Order-3 Brusselator,20000,20.0,threshold_250,prospective,2,250.0,101,1,1473,2026-07-12T16:54:24.249170+00:00,0.0025316,0.1323407,True,False,20.0,0.0,187390,197390,True,False,1,5463,1,0,1.134798508506608e-05,19.999988652014917,5.66e-05,0.12590400000000018,5.3e-06,0.0063747999999998195,414bd899b42e55de0ade9c30d5305a30d54272c082324e4bff9833562a8ebd10,1e0821f3fd5a43162264cb04bde4b17ffe8fd7779df4b18e64704183ccf63951,a643f62d82e2a28f903663acade174fee38dbb8daecccea9dfcca80068c57ba8,
final,brusselator_n2e4,brusselator,Order-3 Brusselator,20000,20.0,threshold_1000,prospective,2,1000.0,101,1,1474,2026-07-12T16:54:24.384856+00:00,0.0024125,0.117151,True,False,20.0,0.0,187390,197390,True,False,1,5463,1,0,1.134798508506608e-05,19.999988652014917,5.09e-05,0.11164279999999979,4.6e-06,0.005452700000000213,414bd899b42e55de0ade9c30d5305a30d54272c082324e4bff9833562a8ebd10,1e0821f3fd5a43162264cb04bde4b17ffe8fd7779df4b18e64704183ccf63951,a643f62d82e2a28f903663acade174fee38dbb8daecccea9dfcca80068c57ba8,
final,brusselator_n2e4,brusselator,Order-3 Brusselator,20000,20.0,threshold_500,prospective,2,500.0,101,1,1475,2026-07-12T16:54:24.504815+00:00,0.0020877,0.1162532,True,False,20.0,0.0,187390,197390,True,False,1,5463,1,0,1.134798508506608e-05,19.999988652014917,4.95e-05,0.11113630000000024,4.6e-06,0.00506279999999977,414bd899b42e55de0ade9c30d5305a30d54272c082324e4bff9833562a8ebd10,1e0821f3fd5a43162264cb04bde4b17ffe8fd7779df4b18e64704183ccf63951,a643f62d82e2a28f903663acade174fee38dbb8daecccea9dfcca80068c57ba8,
final,brusselator_n2e4,brusselator,Order-3 Brusselator,20000,20.0,threshold_2000,prospective,2,2000.0,101,1,1476,2026-07-12T16:54:24.623555+00:00,0.0022419,0.1193137,True,False,20.0,0.0,187390,197390,True,False,1,5463,1,0,1.134798508506608e-05,19.999988652014917,5.13e-05,0.11373189999999993,4.7e-06,0.005525800000000067,414bd899b42e55de0ade9c30d5305a30d54272c082324e4bff9833562a8ebd10,1e0821f3fd5a43162264cb04bde4b17ffe8fd7779df4b18e64704183ccf63951,a643f62d82e2a28f903663acade174fee38dbb8daecccea9dfcca80068c57ba8,
final,brusselator_n2e4,brusselator,Order-3 Brusselator,20000,20.0,threshold_100,prospective,2,100.0,101,1,1477,2026-07-12T16:54:24.745423+00:00,0.0028558,0.1361008,True,False,20.0,0.0,187390,197390,True,False,1,5463,1,0,1.134798508506608e-05,19.999988652014917,5.89e-05,0.13056610000000018,5e-06,0.005470799999999804,414bd899b42e55de0ade9c30d5305a30d54272c082324e4bff9833562a8ebd10,1e0821f3fd5a43162264cb04bde4b17ffe8fd7779df4b18e64704183ccf63951,a643f62d82e2a28f903663acade174fee38dbb8daecccea9dfcca80068c57ba8,
final,brusselator_n2e4,brusselator,Order-3 Brusselator,20000,20.0,wallclock_timing,wallclock,0,,101,1,1478,2026-07-12T16:54:24.885029+00:00,0.004073,0.1415639,True,False,20.0,0.0,185866,195866,True,False,264,5475,5,0,0.004552880748332355,19.99544711925167,0.009991,0.1265469,5.96e-05,0.00496640000000001,b9fd1b590ab95f5c7b4205a284f069155525103fce024bd6fb03ce23546fd6f2,3c29ccfca838a7267eb9734100389414d82555b671a0e8c47a806003a28feb29,a643f62d82e2a28f903663acade174fee38dbb8daecccea9dfcca80068c57ba8,
final,lotka_volterra_n100000,lotka_volterra,Lotka-Volterra,100000,1.0,threshold_1000,prospective,2,1000.0,104,1,1479,2026-07-12T16:54:25.031085+00:00,0.0016328,0.0050333,True,False,1.0,0.0,126815,226815,True,False,1,413,1,0,0.0020071949532309407,0.9979928050467691,2.18e-05,0.004700900000000002,4e-06,0.0003065999999999989,bec31aa202d6a832be7dcc800321d094e41d65f8e68066af93d6ecf8ff772064,f372b964ac9739ae2bee773a760f69bd707a4c4c673b488a65fe567001189d3e,a643f62d82e2a28f903663acade174fee38dbb8daecccea9dfcca80068c57ba8,
final,lotka_volterra_n100000,lotka_volterra,Lotka-Volterra,100000,1.0,threshold_250,prospective,2,250.0,104,1,1480,2026-07-12T16:54:25.038093+00:00,0.0021625,0.004857,True,False,1.0,0.0,126815,226815,True,False,1,413,1,0,0.0020071949532309407,0.9979928050467691,5.52e-05,0.004498699999999998,3.4e-06,0.00029970000000000257,bec31aa202d6a832be7dcc800321d094e41d65f8e68066af93d6ecf8ff772064,f372b964ac9739ae2bee773a760f69bd707a4c4c673b488a65fe567001189d3e,a643f62d82e2a28f903663acade174fee38dbb8daecccea9dfcca80068c57ba8,
final,lotka_volterra_n100000,lotka_volterra,Lotka-Volterra,100000,1.0,wallclock_timing,wallclock,0,,104,1,1481,2026-07-12T16:54:25.045601+00:00,0.0020124,0.0113913,True,False,1.0,0.0,126469,226469,False,False,837,35,8,0,0.9137909513657821,0.08620904863421786,0.010286300000000002,0.0004699,4.5e-05,0.0005900999999999979,aa0250af4323d62493f9e6746e61e0c474efcd75542b13b66163150e4d337fdd,d8f34fed0c2aa0f8599707524c0298a12ef702aa38fa83d4a79c263145eb5552,a643f62d82e2a28f903663acade174fee38dbb8daecccea9dfcca80068c57ba8,
final,lotka_volterra_n100000,lotka_volterra,Lotka-Volterra,100000,1.0,threshold_2000,prospective,2,2000.0,104,1,1482,2026-07-12T16:54:25.058694+00:00,0.0020896,0.0033022,True,False,1.0,0.0,126815,226815,True,False,1,413,1,0,0.0020071949532309407,0.9979928050467691,2.28e-05,0.0030594999999999984,2.7e-06,0.0002172000000000016,bec31aa202d6a832be7dcc800321d094e41d65f8e68066af93d6ecf8ff772064,f372b964ac9739ae2bee773a760f69bd707a4c4c673b488a65fe567001189d3e,a643f62d82e2a28f903663acade174fee38dbb8daecccea9dfcca80068c57ba8,
final,lotka_volterra_n100000,lotka_volterra,Lotka-Volterra,100000,1.0,threshold_500,prospective,2,500.0,104,1,1483,2026-07-12T16:54:25.065078+00:00,0.0017852,0.0038816,True,False,1.0,0.0,126815,226815,True,False,1,413,1,0,0.0020071949532309407,0.9979928050467691,2.03e-05,0.0036163999999999966,2.6e-06,0.00024230000000000302,bec31aa202d6a832be7dcc800321d094e41d65f8e68066af93d6ecf8ff772064,f372b964ac9739ae2bee773a760f69bd707a4c4c673b488a65fe567001189d3e,a643f62d82e2a28f903663acade174fee38dbb8daecccea9dfcca80068c57ba8,
final,lotka_volterra_n100000,lotka_volterra,Lotka-Volterra,100000,1.0,threshold_100,prospective,2,100.0,104,1,1484,2026-07-12T16:54:25.071043+00:00,0.0020231,0.0121948,True,False,1.0,0.0,125977,225977,False,False,920,0,0,0,1.0,0.0,0.011557400000000027,0.0,0.0,0.0006373999999999738,14e90a6377fbeb33230e64a2e52baa1f50616c7bdef9644b208e984247386014,b00a46be37a9feb62521416b6e5f929fd54f94dd1d9354736f71e11ae53fa16a,a643f62d82e2a28f903663acade174fee38dbb8daecccea9dfcca80068c57ba8,
final,rossler_n1e5,rossler,Rössler-Willamowski,100000,1.0,threshold_100,prospective,2,100.0,106,0,1485,2026-07-12T16:54:25.085438+00:00,0.002566,2.8486861,True,False,1.0,0.0,3025425,5810761,False,False,164041,118,2,25,0.9826445813011049,0.017355418698895165,2.610257199999896,0.0017261999999999993,1.8500000000000002e-05,0.23668420000010437,2599b10001a33eb60ad73b011bbcfb7a1afe5cce65728257d2c6ca6a6eb47915,5b71b0323478f8c84b71711799237cac36377703ddf7494b6f40212542e57eae,a643f62d82e2a28f903663acade174fee38dbb8daecccea9dfcca80068c57ba8,
final,rossler_n1e5,rossler,Rössler-Willamowski,100000,1.0,wallclock_timing,wallclock,0,,106,0,1486,2026-07-12T16:54:27.936150+00:00,0.003218,2.5877619,True,False,1.0,0.0,3006414,6006414,False,False,156238,749,62,21,0.9642656456058205,0.03573435439417953,2.309345800000159,0.07615070000000002,0.0009332999999999999,0.20133209999984114,e45d5953bc490ed7f89f7f604241d0d67108111535b6ae6c96d169e069d28371,5906fd49b0e004394a3ee9dabc9f0aadbbd7e099e273bba1dbba65a5d34e1ac1,a643f62d82e2a28f903663acade174fee38dbb8daecccea9dfcca80068c57ba8,
final,rossler_n1e5,rossler,Rössler-Willamowski,100000,1.0,threshold_500,prospective,2,500.0,106,0,1487,2026-07-12T16:54:30.527655+00:00,0.0020239,2.6406184,True,False,1.0,0.0,3018106,6018106,True,False,87667,16755,5,0,0.4356689263237091,0.5643310736762909,1.2148074000000508,1.289808399999998,4.8100000000000004e-05,0.13595449999995157,efc36edf27464b9798ba66cecbb314148e87123976969048b2ee353d43a316ae,65e88ba66194d5c1d6c2838f21d469f51c6d3c9b7762e31ab2f8ca5286138550,a643f62d82e2a28f903663acade174fee38dbb8daecccea9dfcca80068c57ba8,
final,rossler_n1e5,rossler,Rössler-Willamowski,100000,1.0,threshold_1000,prospective,2,1000.0,106,0,1488,2026-07-12T16:54:33.170603+00:00,0.0026995,4.2906404,True,False,1.0,0.0,3026880,6026880,True,False,12751,42296,3,0,0.04913139827895618,0.9508686017210438,0.16785090000000039,4.044628799999976,2.86e-05,0.07813210000002346,ce95eab165edd933c1cd25e324587e5bca5b56b17b029c1ff100c6874309183f,58a2dba2587accafc9da92cdbccc9cd497395184e35ebb7355bbb3c89633682f,a643f62d82e2a28f903663acade174fee38dbb8daecccea9dfcca80068c57ba8,
final,rossler_n1e5,rossler,Rössler-Willamowski,100000,1.0,threshold_2000,prospective,2,2000.0,106,0,1489,2026-07-12T16:54:37.464518+00:00,0.0024616,4.4114462,True,False,1.0,0.0,3021007,3221007,True,False,1,47617,1,0,7.453200064105037e-05,0.9999254679993589,2.6e-05,4.347282600000049,4.1e-06,0.06413349999995166,636db894e122e29a07c18a2e3420056be01ae272b17ebb046821d9baa38bb495,87355406e71728c5cf5503ced26911e8ce43acbdbe4fff453ccc9d2a71ac84cf,a643f62d82e2a28f903663acade174fee38dbb8daecccea9dfcca80068c57ba8,
final,rossler_n1e5,rossler,Rössler-Willamowski,100000,1.0,threshold_250,prospective,2,250.0,106,0,1490,2026-07-12T16:54:41.878791+00:00,0.0024676,2.5318651,True,False,1.0,0.0,3017416,5988336,False,False,157759,921,2,12,0.9181717867465157,0.08182821325348434,2.29443309999988,0.027167599999999997,2.5399999999999997e-05,0.21023900000011997,4bc448d6980889da7c4d60d5fd168ea5413616fd2e64c80f6a9777b2dd9e33be,ec5fb492691823559df32d2faf28ed65775b5edbcb84f4cd3a5494784aded536,a643f62d82e2a28f903663acade174fee38dbb8daecccea9dfcca80068c57ba8,
final,oregonator_n1e5,oregonator,Oregonator,100000,1.0,threshold_2000,prospective,2,2000.0,102,1,1491,2026-07-12T16:54:44.412703+00:00,0.0025857,0.1681146,True,False,1.0,0.0,67760,119760,True,False,1,13962,1,0,4.246174362640256e-06,0.9999957538256373,2.31e-05,0.15578489999999975,4.9e-06,0.012301700000000249,0684ed430248a0c85823f31e8a556df4ea9ef09568d9adbafecccbaacb3d0038,5c7f78c99355204ab6d24fb65d26f9bb6cba6645b19c43d4a5c6ece8e7b0c1e1,a643f62d82e2a28f903663acade174fee38dbb8daecccea9dfcca80068c57ba8,
final,oregonator_n1e5,oregonator,Oregonator,100000,1.0,wallclock_timing,wallclock,0,,102,1,1492,2026-07-12T16:54:44.583914+00:00,0.0029345,0.1338248,True,False,1.0,0.0,57972,109972,True,False,7,12134,7,0,1.395886740220549e-05,0.9999860411325978,0.00046669999999999996,0.12375470000000055,0.0001579,0.00944549999999944,6f4d299362ed02331204845a9ee07e3362d017456431e0f30408e82c2d4b27bf,9e19c09f0e3e5608abaf36f1e0de6051e302a4a2f0060cacbd51b22bc3beb957,a643f62d82e2a28f903663acade174fee38dbb8daecccea9dfcca80068c57ba8,
final,oregonator_n1e5,oregonator,Oregonator,100000,1.0,threshold_1000,prospective,2,1000.0,102,1,1493,2026-07-12T16:54:44.721171+00:00,0.0021259,0.1400929,True,False,1.0,0.0,67760,119760,True,False,1,13962,1,0,4.246174362640256e-06,0.9999957538256373,2.07e-05,0.12922309999999787,3.4e-06,0.010845700000002123,0684ed430248a0c85823f31e8a556df4ea9ef09568d9adbafecccbaacb3d0038,5c7f78c99355204ab6d24fb65d26f9bb6cba6645b19c43d4a5c6ece8e7b0c1e1,a643f62d82e2a28f903663acade174fee38dbb8daecccea9dfcca80068c57ba8,
final,oregonator_n1e5,oregonator,Oregonator,100000,1.0,threshold_250,prospective,2,250.0,102,1,1494,2026-07-12T16:54:44.863448+00:00,0.0020975,0.1703724,True,False,1.0,0.0,67760,119760,True,False,1,13962,1,0,4.246174362640256e-06,0.9999957538256373,2.03e-05,0.15807360000000012,2.9e-06,0.012275599999999887,0684ed430248a0c85823f31e8a556df4ea9ef09568d9adbafecccbaacb3d0038,5c7f78c99355204ab6d24fb65d26f9bb6cba6645b19c43d4a5c6ece8e7b0c1e1,a643f62d82e2a28f903663acade174fee38dbb8daecccea9dfcca80068c57ba8,
final,oregonator_n1e5,oregonator,Oregonator,100000,1.0,threshold_100,prospective,2,100.0,102,1,1495,2026-07-12T16:54:45.035935+00:00,0.0021754,0.186796,True,False,1.0,0.0,67760,119760,True,False,1,13962,1,0,4.246174362640256e-06,0.9999957538256373,2.39e-05,0.17364380000000038,3.9e-06,0.01312439999999962,0684ed430248a0c85823f31e8a556df4ea9ef09568d9adbafecccbaacb3d0038,5c7f78c99355204ab6d24fb65d26f9bb6cba6645b19c43d4a5c6ece8e7b0c1e1,a643f62d82e2a28f903663acade174fee38dbb8daecccea9dfcca80068c57ba8,
final,oregonator_n1e5,oregonator,Oregonator,100000,1.0,threshold_500,prospective,2,500.0,102,1,1496,2026-07-12T16:54:45.225422+00:00,0.0019689,0.1650533,True,False,1.0,0.0,67760,119760,True,False,1,13962,1,0,4.246174362640256e-06,0.9999957538256373,2.03e-05,0.15301229999999832,3.2e-06,0.012017500000001652,0684ed430248a0c85823f31e8a556df4ea9ef09568d9adbafecccbaacb3d0038,5c7f78c99355204ab6d24fb65d26f9bb6cba6645b19c43d4a5c6ece8e7b0c1e1,a643f62d82e2a28f903663acade174fee38dbb8daecccea9dfcca80068c57ba8,
final,shrinking_no_b_decay_n2e6,shrinking,Shrinking no B decay,2000000,0.1,threshold_500,prospective,2,500.0,106,0,1497,2026-07-12T16:54:45.392796+00:00,0.0018051,0.023709,True,False,0.1,0.0,807201,4807201,True,False,1,1038,1,0,6.082396754594631e-06,0.09999391760324541,1.9e-05,0.023259800000000008,2.5e-06,0.00042769999999999267,4e7093ac5546a2d5c415212c99876d2898418189dafa1301cb8b80988cbf4d91,7b87bacdaf38ae43bf8d9389694a4a6fe936a5d1fef80b067bfada59b353440c,a643f62d82e2a28f903663acade174fee38dbb8daecccea9dfcca80068c57ba8,
final,shrinking_no_b_decay_n2e6,shrinking,Shrinking no B decay,2000000,0.1,threshold_250,prospective,2,250.0,106,0,1498,2026-07-12T16:54:45.418806+00:00,0.0017949,0.02778,True,False,0.1,0.0,807143,3811273,True,False,1781,592,1,3,0.006592855026323628,0.09340714497367639,0.015884900000000025,0.010510099999999984,4.2e-06,0.001380799999999991,583850116dd9989f946cfcf4c1a09f5c16740ac669c4be2feef97376531cfedf,9f1723c521444ffb0319006c2f6cbaf09bce346646e9c6ae86e4399570f264fa,a643f62d82e2a28f903663acade174fee38dbb8daecccea9dfcca80068c57ba8,
final,shrinking_no_b_decay_n2e6,shrinking,Shrinking no B decay,2000000,0.1,threshold_1000,prospective,2,1000.0,106,0,1499,2026-07-12T16:54:45.448287+00:00,0.0016724,0.0243537,True,False,0.1,0.0,807201,4807201,True,False,1,1038,1,0,6.082396754594631e-06,0.09999391760324541,1.46e-05,0.023883199999999955,1.9e-06,0.00045400000000004465,4e7093ac5546a2d5c415212c99876d2898418189dafa1301cb8b80988cbf4d91,7b87bacdaf38ae43bf8d9389694a4a6fe936a5d1fef80b067bfada59b353440c,a643f62d82e2a28f903663acade174fee38dbb8daecccea9dfcca80068c57ba8,
final,shrinking_no_b_decay_n2e6,shrinking,Shrinking no B decay,2000000,0.1,wallclock_timing,wallclock,0,,106,0,1500,2026-07-12T16:54:45.475293+00:00,0.0017789,0.0603013,True,False,0.1,0.0,807266,2575006,True,False,8447,31,3,8,0.03934236497105344,0.06065763502894657,0.0567260000000009,0.00044940000000000003,9.800000000000001e-06,0.0031160999999991015,ca489567c868959c7dbb2cdf72de98d33795a9cde528ffb50237a62e7311c3c8,eedfc7d6837a4ff8dfd2a935e027040679dffaaf6e033c57a78c915cf8d48759,a643f62d82e2a28f903663acade174fee38dbb8daecccea9dfcca80068c57ba8,
final,shrinking_no_b_decay_n2e6,shrinking,Shrinking no B decay,2000000,0.1,threshold_100,prospective,2,100.0,106,0,1501,2026-07-12T16:54:45.536834+00:00,0.0015225,0.0446991,True,False,0.1,0.0,807241,2858461,True,False,4198,223,1,7,0.01737618242026113,0.08262381757973887,0.03667290000000027,0.005615099999999999,2.8e-06,0.0024082999999997315,461ae6c5995611e973390c62e82a08ec80a0edab0d5ec0fa94e6167fb8fa3b23,ddaf59b33711bbb45bc89e0588b666a1ecb13fecce8339ba30245e5460063ece,a643f62d82e2a28f903663acade174fee38dbb8daecccea9dfcca80068c57ba8,
final,shrinking_no_b_decay_n2e6,shrinking,Shrinking no B decay,2000000,0.1,threshold_2000,prospective,2,2000.0,106,0,1502,2026-07-12T16:54:45.584196+00:00,0.002212,0.0232921,True,False,0.1,0.0,807201,4807201,True,False,1,1038,1,0,6.082396754594631e-06,0.09999391760324541,1.88e-05,0.022822899999999997,2.5e-06,0.00044790000000000454,4e7093ac5546a2d5c415212c99876d2898418189dafa1301cb8b80988cbf4d91,7b87bacdaf38ae43bf8d9389694a4a6fe936a5d1fef80b067bfada59b353440c,a643f62d82e2a28f903663acade174fee38dbb8daecccea9dfcca80068c57ba8,
final,lotka_volterra_n10000000,lotka_volterra,Lotka-Volterra,10000000,1.0,threshold_100,prospective,2,100.0,103,0,1503,2026-07-12T16:54:45.609870+00:00,0.0019524,0.1183269,True,False,1.0,0.0,12603596,22603596,False,False,9367,0,0,0,1.0,0.0,0.11275349999999994,0.0,0.0,0.005573400000000062,a2003b493dd756989e6bb2a56ff3cd809d78529a7c041fd289fefb7a3da5bcf5,72e35fb6f14e223a7960d1fbda36e8655398b30f872c4d156017a374d9ee8c58,a643f62d82e2a28f903663acade174fee38dbb8daecccea9dfcca80068c57ba8,
final,lotka_volterra_n10000000,lotka_volterra,Lotka-Volterra,10000000,1.0,threshold_500,prospective,2,500.0,103,0,1504,2026-07-12T16:54:45.730036+00:00,0.0019926,0.1097114,True,False,1.0,0.0,12603596,22603596,False,False,9367,0,0,0,1.0,0.0,0.1045825999999999,0.0,0.0,0.0051288000000001,a2003b493dd756989e6bb2a56ff3cd809d78529a7c041fd289fefb7a3da5bcf5,72e35fb6f14e223a7960d1fbda36e8655398b30f872c4d156017a374d9ee8c58,a643f62d82e2a28f903663acade174fee38dbb8daecccea9dfcca80068c57ba8,
final,lotka_volterra_n10000000,lotka_volterra,Lotka-Volterra,10000000,1.0,threshold_250,prospective,2,250.0,103,0,1505,2026-07-12T16:54:45.841928+00:00,0.0019481,0.1105056,True,False,1.0,0.0,12603596,22603596,False,False,9367,0,0,0,1.0,0.0,0.10535060000000106,0.0,0.0,0.005154999999998938,a2003b493dd756989e6bb2a56ff3cd809d78529a7c041fd289fefb7a3da5bcf5,72e35fb6f14e223a7960d1fbda36e8655398b30f872c4d156017a374d9ee8c58,a643f62d82e2a28f903663acade174fee38dbb8daecccea9dfcca80068c57ba8,
final,lotka_volterra_n10000000,lotka_volterra,Lotka-Volterra,10000000,1.0,threshold_1000,prospective,2,1000.0,103,0,1506,2026-07-12T16:54:45.954648+00:00,0.0016865,0.1136168,True,False,1.0,0.0,12603596,22603596,False,False,9367,0,0,0,1.0,0.0,0.10829039999999993,0.0,0.0,0.005326400000000078,a2003b493dd756989e6bb2a56ff3cd809d78529a7c041fd289fefb7a3da5bcf5,72e35fb6f14e223a7960d1fbda36e8655398b30f872c4d156017a374d9ee8c58,a643f62d82e2a28f903663acade174fee38dbb8daecccea9dfcca80068c57ba8,
final,lotka_volterra_n10000000,lotka_volterra,Lotka-Volterra,10000000,1.0,threshold_2000,prospective,2,2000.0,103,0,1507,2026-07-12T16:54:46.070467+00:00,0.001966,0.3367841,True,False,1.0,0.0,12604423,22604423,True,False,1,4122,1,0,0.00015024810956077,0.9998497518904392,2.03e-05,0.3339822999999997,3.2e-06,0.0027783000000003444,cd07e2186f26a4afd265b9d345dcbce9602ed4425ef0097084aed59e5c972bf6,4f72f312dfdac955a27e7287eb1f1424d9bdcea0c7e42c4e558e31569c9a74be,a643f62d82e2a28f903663acade174fee38dbb8daecccea9dfcca80068c57ba8,
final,lotka_volterra_n10000000,lotka_volterra,Lotka-Volterra,10000000,1.0,wallclock_timing,wallclock,0,,103,0,1508,2026-07-12T16:54:46.409865+00:00,0.0021478,0.1124698,True,False,1.0,0.0,12602691,22602691,False,False,9360,4,4,0,0.9990370481545002,0.00096295184549983,0.10738760000000219,0.00035580000000000003,2.1300000000000003e-05,0.004705099999997797,d3536e9f5896f8bd9ac11c82e1e90d15b0fd8fa70454383e01110c7fe66880fe,90085f3d889d992b18751a3099ac518e97c635ec329a09251c3c1230fc672958,a643f62d82e2a28f903663acade174fee38dbb8daecccea9dfcca80068c57ba8,
final,rossler_n1e5,rossler,Rössler-Willamowski,100000,1.0,wallclock_timing,wallclock,0,,103,0,1509,2026-07-12T16:54:46.525360+00:00,0.001977,2.2708752,True,False,1.0,0.0,3016953,6016953,False,False,147281,3101,86,22,0.9015787926079565,0.09842120739204356,1.8815288000001573,0.22331629999999988,0.0011025999999999998,0.1649274999998429,b7471ebb1eeaaa9cad4b13073cf659f712f659c390716af4572d27fe1890548f,c78e5b7dff8918e769b2e343685bfcef9dac4b02d1721c9e65f751cde6831bdf,a643f62d82e2a28f903663acade174fee38dbb8daecccea9dfcca80068c57ba8,
final,rossler_n1e5,rossler,Rössler-Willamowski,100000,1.0,threshold_1000,prospective,2,1000.0,103,0,1510,2026-07-12T16:54:48.798307+00:00,0.0024179,4.1818344,True,False,1.0,0.0,3014692,6014692,True,False,12394,42346,3,0,0.048231669648107114,0.9517683303518929,0.15082400000000085,3.9542040999999544,3.21e-05,0.07677420000004442,195ffde8ceb33624b350b36a8efd930e862825e70e1757e3895554094f516a12,2478ad9dacb8ec830b81f88bc3d2df38574bbfbda96935e141ec16d7245aa216,a643f62d82e2a28f903663acade174fee38dbb8daecccea9dfcca80068c57ba8,
final,rossler_n1e5,rossler,Rössler-Willamowski,100000,1.0,threshold_250,prospective,2,250.0,103,0,1511,2026-07-12T16:54:52.982363+00:00,0.0023147,2.4049779,True,False,1.0,0.0,3027586,5996668,False,False,157444,923,2,12,0.9180163560416303,0.08198364395836971,2.187090999999987,0.020163000000000007,4.13e-05,0.19768260000001314,2f96ddaef1d12943736f1bf47394da8605a478f10eb873dc54ca53bcf4c52a3f,23258db322966814dc42f4a95116c8cc11b7717548e7bbd54503248623099316,a643f62d82e2a28f903663acade174fee38dbb8daecccea9dfcca80068c57ba8,
final,rossler_n1e5,rossler,Rössler-Willamowski,100000,1.0,threshold_500,prospective,2,500.0,103,0,1512,2026-07-12T16:54:55.390023+00:00,0.0022703,2.7418818,True,False,1.0,0.0,3029847,6029847,True,False,87775,16733,5,0,0.4365795182467677,0.5634204817532323,1.3096430000002142,1.2874715000000065,6.549999999999999e-05,0.14470179999977928,76115eb6fd5133ccf3f617c5b9a9fc9175e2663bf6f64181c6b43cdbab06da14,fea47be73985361165d017695edb35dfc02172e63d9c638ab8bfeb9fc472a945,a643f62d82e2a28f903663acade174fee38dbb8daecccea9dfcca80068c57ba8,
final,rossler_n1e5,rossler,Rössler-Willamowski,100000,1.0,threshold_2000,prospective,2,2000.0,103,0,1513,2026-07-12T16:54:58.134671+00:00,0.0030906,4.703501,True,False,1.0,0.0,3028203,3228203,True,False,1,47568,1,0,5.613458513716279e-05,0.9999438654148628,3.51e-05,4.635157299999962,6e-06,0.06830260000003818,269c443ed52004636a6ae33ba353b7fb2977caa63e14adb3dce0ea22967cb148,becc1fc79ea499ea60bb11148b55311e694688b8d3f3c71c6d31af33b38eff63,a643f62d82e2a28f903663acade174fee38dbb8daecccea9dfcca80068c57ba8,
final,rossler_n1e5,rossler,Rössler-Willamowski,100000,1.0,threshold_100,prospective,2,100.0,103,0,1514,2026-07-12T16:55:02.841786+00:00,0.0024594,2.6087263,True,False,1.0,0.0,3012962,5802292,False,False,164072,118,2,25,0.9826396388370606,0.017360361162939382,2.3902970999998576,0.002948299999999999,2.4500000000000003e-05,0.21545640000014243,26cdd65b015e65298dca54fde63832187a7f56203f2f8f32fb6b83a127f13e81,aca63144617c5ae10279e93f7dd13c33045127d5d0ff1e096a428d2763aaa418,a643f62d82e2a28f903663acade174fee38dbb8daecccea9dfcca80068c57ba8,
final,lotka_volterra_n1000000,lotka_volterra,Lotka-Volterra,1000000,1.0,wallclock_timing,wallclock,0,,105,0,1515,2026-07-12T16:55:05.453201+00:00,0.0016703,0.0354161,True,False,1.0,0.0,1262980,2262980,False,False,2589,145,4,0,0.8872874942639873,0.11271250573601262,0.029646599999999943,0.004213500000000003,5.6000000000000006e-05,0.00150000000000005,f9f210e506c98b48b73a0d47d8091784c5cb9fb1c7d06cffea446b1627d50a9d,bf682df26b0ee7ae2c3efbc22a00d27f02bef491e826b7a488c8a38a53f05c94,a643f62d82e2a28f903663acade174fee38dbb8daecccea9dfcca80068c57ba8,
final,lotka_volterra_n1000000,lotka_volterra,Lotka-Volterra,1000000,1.0,threshold_2000,prospective,2,2000.0,105,0,1516,2026-07-12T16:55:05.490268+00:00,0.0015782,0.0305784,True,False,1.0,0.0,1259971,2259971,True,False,1,1303,1,0,0.0005137558578821638,0.9994862441421178,1.56e-05,0.029842900000000026,2.2e-06,0.0007176999999999704,80775fd91c66a24da7c9346deca9232423acc614e923746b4d9f22d9ebe289ae,a6c0f9a078b8373b95c82b382a0f6977b02d1f6021a3a50101915cf921246430,a643f62d82e2a28f903663acade174fee38dbb8daecccea9dfcca80068c57ba8,
final,lotka_volterra_n1000000,lotka_volterra,Lotka-Volterra,1000000,1.0,threshold_500,prospective,2,500.0,105,0,1517,2026-07-12T16:55:05.522333+00:00,0.0016259,0.0256786,True,False,1.0,0.0,1259971,2259971,True,False,1,1303,1,0,0.0005137558578821638,0.9994862441421178,1.76e-05,0.025029100000000012,2.1e-06,0.0006297999999999859,80775fd91c66a24da7c9346deca9232423acc614e923746b4d9f22d9ebe289ae,a6c0f9a078b8373b95c82b382a0f6977b02d1f6021a3a50101915cf921246430,a643f62d82e2a28f903663acade174fee38dbb8daecccea9dfcca80068c57ba8,
final,lotka_volterra_n1000000,lotka_volterra,Lotka-Volterra,1000000,1.0,threshold_250,prospective,2,250.0,105,0,1518,2026-07-12T16:55:05.550369+00:00,0.0015681,0.0298264,True,False,1.0,0.0,1259423,2259423,False,False,2927,0,0,0,1.0,0.0,0.028395199999999853,0.0,0.0,0.0014312000000001462,7750fd1ed82f769488c28a7a4ac991ecdef344d184de041f2fd78180d5795dfb,30d46d0dfe0125ede59f535930f66243d193adf7f6f591059c70f60aeed3d5a0,a643f62d82e2a28f903663acade174fee38dbb8daecccea9dfcca80068c57ba8,
final,lotka_volterra_n1000000,lotka_volterra,Lotka-Volterra,1000000,1.0,threshold_100,prospective,2,100.0,105,0,1519,2026-07-12T16:55:05.581889+00:00,0.0035433,0.0329346,True,False,1.0,0.0,1259423,2259423,False,False,2927,0,0,0,1.0,0.0,0.031321499999999974,0.0,0.0,0.001613100000000027,7750fd1ed82f769488c28a7a4ac991ecdef344d184de041f2fd78180d5795dfb,30d46d0dfe0125ede59f535930f66243d193adf7f6f591059c70f60aeed3d5a0,a643f62d82e2a28f903663acade174fee38dbb8daecccea9dfcca80068c57ba8,
final,lotka_volterra_n1000000,lotka_volterra,Lotka-Volterra,1000000,1.0,threshold_1000,prospective,2,1000.0,105,0,1520,2026-07-12T16:55:05.618779+00:00,0.001559,0.0323711,True,False,1.0,0.0,1259971,2259971,True,False,1,1303,1,0,0.0005137558578821638,0.9994862441421178,1.87e-05,0.03157299999999998,3e-06,0.0007764000000000104,80775fd91c66a24da7c9346deca9232423acc614e923746b4d9f22d9ebe289ae,a6c0f9a078b8373b95c82b382a0f6977b02d1f6021a3a50101915cf921246430,a643f62d82e2a28f903663acade174fee38dbb8daecccea9dfcca80068c57ba8,
final,shrinking_n2e6,shrinking,Shrinking,2000000,0.1,threshold_250,prospective,2,250.0,102,1,1521,2026-07-12T16:55:05.653264+00:00,0.0023555,0.0362935,True,False,0.1,0.0,85,536157,True,False,3678,1021,1,21,0.020100456197728177,0.07989954380227182,0.026984900000000388,0.006678699999999996,3.1e-06,0.002626799999999617,021c509fabcb956e037e8df88103316975c5d7c4ced539b97d17b79ba6c9caad,95677ef654e727b4822756cbbec8ce2c3b4f9017e973d631d0323d7e0b75d770,a643f62d82e2a28f903663acade174fee38dbb8daecccea9dfcca80068c57ba8,
final,shrinking_n2e6,shrinking,Shrinking,2000000,0.1,threshold_100,prospective,2,100.0,102,1,1522,2026-07-12T16:55:05.691841+00:00,0.0014765,0.0392447,True,False,0.1,0.0,79,94435,True,False,4938,400,1,39,0.03840937725243723,0.06159062274756277,0.03527590000000004,0.0009766000000000006,2.4e-06,0.002989799999999959,bb08d0521eedfb05f540f8a55b820ee6d1d052269b42c251bf0a432d9fe08aec,e02e900c7afc79e17491701a062b2e77f4255eccafbcee8aeaf48cd0220673e2,a643f62d82e2a28f903663acade174fee38dbb8daecccea9dfcca80068c57ba8,
final,shrinking_n2e6,shrinking,Shrinking,2000000,0.1,threshold_1000,prospective,2,1000.0,102,1,1523,2026-07-12T16:55:05.732927+00:00,0.0017994,0.0562679,True,False,0.1,0.0,86,4000086,True,False,1,2817,1,0,5.686732884691339e-06,0.09999431326711532,1.6e-05,0.054569099999999954,2.2e-06,0.001680600000000046,e03b3c6581b62afe6ac9ba671e07e2eb3ff07d8df887e13d3c15b5f45b036cc9,d6fd7b82e144e1af0ff83852e8546c9d016d074c154eadd9bd5c10f39631349d,a643f62d82e2a28f903663acade174fee38dbb8daecccea9dfcca80068c57ba8,
final,shrinking_n2e6,shrinking,Shrinking,2000000,0.1,threshold_2000,prospective,2,2000.0,102,1,1524,2026-07-12T16:55:05.791530+00:00,0.0016175,0.0588426,True,False,0.1,0.0,86,4000086,True,False,1,2817,1,0,5.686732884691339e-06,0.09999431326711532,1.6e-05,0.05706929999999988,1.8e-06,0.001755500000000118,e03b3c6581b62afe6ac9ba671e07e2eb3ff07d8df887e13d3c15b5f45b036cc9,d6fd7b82e144e1af0ff83852e8546c9d016d074c154eadd9bd5c10f39631349d,a643f62d82e2a28f903663acade174fee38dbb8daecccea9dfcca80068c57ba8,
final,shrinking_n2e6,shrinking,Shrinking,2000000,0.1,threshold_500,prospective,2,500.0,102,1,1525,2026-07-12T16:55:05.852194+00:00,0.0016012,0.0322511,True,False,0.1,0.0,86,2254718,True,False,1554,2059,1,6,0.00622076662310385,0.09377923337689616,0.010098500000000054,0.020462200000000045,2.2e-06,0.0016881999999998967,d8e7c8aea1d8d689b97d2dde95aa6a1d9d3e6060da2c905d993ba60369a791f7,3cc6de57bd9e8676960b8ee0b5c0a366cabd4b751782e1f3b190ed9176fca428,a643f62d82e2a28f903663acade174fee38dbb8daecccea9dfcca80068c57ba8,
final,shrinking_n2e6,shrinking,Shrinking,2000000,0.1,wallclock_timing,wallclock,0,,102,1,1526,2026-07-12T16:55:05.886311+00:00,0.0021893,0.0382592,True,False,0.1,0.0,100,314,False,False,5727,2,2,96,0.09998522408879199,1.4775911208013957e-05,0.03579689999999999,4.92e-05,7.1e-06,0.0024060000000000054,4786a16d5760082714baa2bb8e4c53f7bb8ad10fc81ebc131f2475bb70bf180d,63b1a32bfe2d28fda8f14568eb1ba5863450dd3ca54387c7b23e552b593dbc24,a643f62d82e2a28f903663acade174fee38dbb8daecccea9dfcca80068c57ba8,
final,shrinking_n2e6,shrinking,Shrinking,2000000,0.1,wallclock_timing,wallclock,0,,104,0,1527,2026-07-12T16:55:05.927224+00:00,0.001705,0.042572,True,False,0.1,0.0,105,315,False,False,5801,2,2,97,0.09998519560037622,1.4804399623780237e-05,0.039566900000000044,6.46e-05,6.099999999999999e-06,0.002934399999999955,ae2b7d759f49e807d26755f8b6076a0b359582b14f5a09276d512fdd54ff5e60,26c2d02ffc98321f63165653263834331eff1442d6c5282b5dca3c4d08542f85,a643f62d82e2a28f903663acade174fee38dbb8daecccea9dfcca80068c57ba8,
final,shrinking_n2e6,shrinking,Shrinking,2000000,0.1,threshold_250,prospective,2,250.0,104,0,1528,2026-07-12T16:55:05.971477+00:00,0.0026486,0.0358349,True,False,0.1,0.0,95,536961,True,False,3711,1025,1,21,0.020094879209095678,0.07990512079090432,0.026249499999999933,0.006958000000000001,3.1e-06,0.0026243000000000724,3bb6d92f257d2a387b0069a09cc531ddecd6a747567977eeeb2268bdbe16fb43,732cfcccbdcf4ecef43446c9ad6f0c3364a97c779ad5a2d6f86d8f522a3a4668,a643f62d82e2a28f903663acade174fee38dbb8daecccea9dfcca80068c57ba8,
final,shrinking_n2e6,shrinking,Shrinking,2000000,0.1,threshold_100,prospective,2,100.0,104,0,1529,2026-07-12T16:55:06.010062+00:00,0.0020255,0.0382025,True,False,0.1,0.0,83,86283,True,False,5025,401,1,40,0.03843209261166071,0.061567907388339296,0.033744000000000225,0.0016053000000000007,3e-06,0.002850199999999768,c1bb9b6045fca11cecd590e5151db48ec1a331d957036ac497505434fdd30ee3,2b95ef30d2f1f67a1b97f5b706102a405e0d3a3cf48e27aa2fa23c224728a76c,a643f62d82e2a28f903663acade174fee38dbb8daecccea9dfcca80068c57ba8,
final,shrinking_n2e6,shrinking,Shrinking,2000000,0.1,threshold_1000,prospective,2,1000.0,104,0,1530,2026-07-12T16:55:06.051737+00:00,0.0016794,0.0493696,True,False,0.1,0.0,80,4000080,True,False,1,2819,1,0,5.890874047444242e-06,0.09999410912595257,1.66e-05,0.04767940000000006,2.3e-06,0.001671299999999945,975ef307e6c10c8ac0d0b0c777d851560e7dcd08d380e542811794ea61e53f2d,15592e84431577ef7b65de066486aa7ec0b708b23cd6eabb0f0ed4ba9a4e9ab1,a643f62d82e2a28f903663acade174fee38dbb8daecccea9dfcca80068c57ba8,
final,shrinking_n2e6,shrinking,Shrinking,2000000,0.1,threshold_500,prospective,2,500.0,104,0,1531,2026-07-12T16:55:06.102677+00:00,0.0018031,0.048098,True,False,0.1,0.0,84,2254618,True,False,1567,2062,1,6,0.006227048584613179,0.09377295141538683,0.012467599999999995,0.03325989999999995,2.9e-06,0.002367600000000053,4f3e4887c851bee90b2a4658f339d255204dda7237503cb1170ed4f6f7ba71ed,a68a48b2414312e2db6a75d7c8b54277e10ce33481a406ac7837f77f2d178d12,a643f62d82e2a28f903663acade174fee38dbb8daecccea9dfcca80068c57ba8,
final,shrinking_n2e6,shrinking,Shrinking,2000000,0.1,threshold_2000,prospective,2,2000.0,104,0,1532,2026-07-12T16:55:06.152768+00:00,0.0019306,0.0636815,True,False,0.1,0.0,80,4000080,True,False,1,2819,1,0,5.890874047444242e-06,0.09999410912595257,2.26e-05,0.061740299999999915,2.6e-06,0.0019160000000000912,975ef307e6c10c8ac0d0b0c777d851560e7dcd08d380e542811794ea61e53f2d,15592e84431577ef7b65de066486aa7ec0b708b23cd6eabb0f0ed4ba9a4e9ab1,a643f62d82e2a28f903663acade174fee38dbb8daecccea9dfcca80068c57ba8,
final,shrinking_no_b_decay_n2e6,shrinking,Shrinking no B decay,2000000,0.1,threshold_1000,prospective,2,1000.0,101,1,1533,2026-07-12T16:55:06.219255+00:00,0.0016924,0.023193,True,False,0.1,0.0,807414,4807414,True,False,1,1039,1,0,2.19566552243387e-06,0.09999780433447757,1.56e-05,0.022733099999999996,2.2e-06,0.0004421000000000008,4a993509c39dffbfb55179824d9f67b2303ab5d7a6b791577ec9361a19b6f246,0822896057fc4945a374a13ed33a1658bfe4061a4661e6dcb73fa6323ffd987a,a643f62d82e2a28f903663acade174fee38dbb8daecccea9dfcca80068c57ba8,
final,shrinking_no_b_decay_n2e6,shrinking,Shrinking no B decay,2000000,0.1,wallclock_timing,wallclock,0,,101,1,1534,2026-07-12T16:55:06.243989+00:00,0.0016455,0.0661356,True,False,0.1,0.0,807150,2574552,True,False,8447,32,3,8,0.03878199755336306,0.06121800244663694,0.06204740000000043,0.0006302,9.8e-06,0.0034481999999995683,bca7d1a2ad41b3d2a6c302b160550275a5b7308946f04d4dbc1b504c568c60e5,9dcb8e2a6bb3b325a4920552d7a645d63710ff19367403a17d46cc1feb305731,a643f62d82e2a28f903663acade174fee38dbb8daecccea9dfcca80068c57ba8,
final,shrinking_no_b_decay_n2e6,shrinking,Shrinking no B decay,2000000,0.1,threshold_100,prospective,2,100.0,101,1,1535,2026-07-12T16:55:06.312103+00:00,0.0018801,0.0427575,True,False,0.1,0.0,807080,2858874,True,False,4179,224,1,7,0.017361430807727684,0.08263856919227232,0.03467370000000009,0.005746500000000003,2.7e-06,0.002334599999999902,e972220170e7b17001157a663b1fe6765aa50d136f9bc436b50f545c2a095b90,196e738a8902cbf3561f46a0eb690b7af119b2cc1d65b17b9ed6125996681617,a643f62d82e2a28f903663acade174fee38dbb8daecccea9dfcca80068c57ba8,
final,shrinking_no_b_decay_n2e6,shrinking,Shrinking no B decay,2000000,0.1,threshold_2000,prospective,2,2000.0,101,1,1536,2026-07-12T16:55:06.357113+00:00,0.0019227,0.0241118,True,False,0.1,0.0,807414,4807414,True,False,1,1039,1,0,2.19566552243387e-06,0.09999780433447757,2.05e-05,0.02365699999999998,2.6e-06,0.00043170000000002096,4a993509c39dffbfb55179824d9f67b2303ab5d7a6b791577ec9361a19b6f246,0822896057fc4945a374a13ed33a1658bfe4061a4661e6dcb73fa6323ffd987a,a643f62d82e2a28f903663acade174fee38dbb8daecccea9dfcca80068c57ba8,
final,shrinking_no_b_decay_n2e6,shrinking,Shrinking no B decay,2000000,0.1,threshold_250,prospective,2,250.0,101,1,1537,2026-07-12T16:55:06.383195+00:00,0.0015489,0.0305086,True,False,0.1,0.0,807256,3811766,True,False,1761,594,1,3,0.006601770618413977,0.09339822938158603,0.01340369999999995,0.01592330000000002,2.4e-06,0.0011792000000000295,2ce249dfee2fe3158b7540b662e7d80da31cf5fade1e4ea8001d6dc9bf3bb4ea,d9c711a1de50ab81218f6f0c7e0f6d0490a70786c31d5dfd621fc8fd58af6fca,a643f62d82e2a28f903663acade174fee38dbb8daecccea9dfcca80068c57ba8,
final,shrinking_no_b_decay_n2e6,shrinking,Shrinking no B decay,2000000,0.1,threshold_500,prospective,2,500.0,101,1,1538,2026-07-12T16:55:06.416255+00:00,0.0015424,0.0277569,True,False,0.1,0.0,807414,4807414,True,False,1,1039,1,0,2.19566552243387e-06,0.09999780433447757,1.44e-05,0.02718189999999997,1.7e-06,0.0005589000000000288,4a993509c39dffbfb55179824d9f67b2303ab5d7a6b791577ec9361a19b6f246,0822896057fc4945a374a13ed33a1658bfe4061a4661e6dcb73fa6323ffd987a,a643f62d82e2a28f903663acade174fee38dbb8daecccea9dfcca80068c57ba8,
final,lotka_volterra_n100000,lotka_volterra,Lotka-Volterra,100000,1.0,threshold_500,prospective,2,500.0,104,0,1539,2026-07-12T16:55:06.445801+00:00,0.0019402,0.0047869,True,False,1.0,0.0,126815,226815,True,False,1,413,1,0,0.0020071949532309407,0.9979928050467691,2.27e-05,0.004483000000000002,2.5e-06,0.0002786999999999989,bec31aa202d6a832be7dcc800321d094e41d65f8e68066af93d6ecf8ff772064,f372b964ac9739ae2bee773a760f69bd707a4c4c673b488a65fe567001189d3e,a643f62d82e2a28f903663acade174fee38dbb8daecccea9dfcca80068c57ba8,
final,lotka_volterra_n100000,lotka_volterra,Lotka-Volterra,100000,1.0,threshold_2000,prospective,2,2000.0,104,0,1540,2026-07-12T16:55:06.453316+00:00,0.0019588,0.004794,True,False,1.0,0.0,126815,226815,True,False,1,413,1,0,0.0020071949532309407,0.9979928050467691,2.17e-05,0.004501700000000003,2.7e-06,0.00026789999999999713,bec31aa202d6a832be7dcc800321d094e41d65f8e68066af93d6ecf8ff772064,f372b964ac9739ae2bee773a760f69bd707a4c4c673b488a65fe567001189d3e,a643f62d82e2a28f903663acade174fee38dbb8daecccea9dfcca80068c57ba8,
final,lotka_volterra_n100000,lotka_volterra,Lotka-Volterra,100000,1.0,threshold_100,prospective,2,100.0,104,0,1541,2026-07-12T16:55:06.460528+00:00,0.0017618,0.0100425,True,False,1.0,0.0,125977,225977,False,False,920,0,0,0,1.0,0.0,0.009528900000000003,0.0,0.0,0.000513599999999996,14e90a6377fbeb33230e64a2e52baa1f50616c7bdef9644b208e984247386014,b00a46be37a9feb62521416b6e5f929fd54f94dd1d9354736f71e11ae53fa16a,a643f62d82e2a28f903663acade174fee38dbb8daecccea9dfcca80068c57ba8,
final,lotka_volterra_n100000,lotka_volterra,Lotka-Volterra,100000,1.0,wallclock_timing,wallclock,0,,104,0,1542,2026-07-12T16:55:06.472223+00:00,0.0014537,0.0056412,True,False,1.0,0.0,125270,225270,True,False,456,199,11,0,0.5258911672991138,0.4741088327008862,0.004085500000000007,0.0012551000000000012,2.38e-05,0.000276799999999992,66cecdfebc206a7d56acd7da749d3cb197b92315f2a5a55d4522d829a342c470,5560c521239941094ef869c562f616cca4f4417d7b0cdc65766b5fd9307ab083,a643f62d82e2a28f903663acade174fee38dbb8daecccea9dfcca80068c57ba8,
final,lotka_volterra_n100000,lotka_volterra,Lotka-Volterra,100000,1.0,threshold_1000,prospective,2,1000.0,104,0,1543,2026-07-12T16:55:06.480229+00:00,0.0013077,0.0028773,True,False,1.0,0.0,126815,226815,True,False,1,413,1,0,0.0020071949532309407,0.9979928050467691,1.49e-05,0.0026572000000000015,1.6e-06,0.00020359999999999866,bec31aa202d6a832be7dcc800321d094e41d65f8e68066af93d6ecf8ff772064,f372b964ac9739ae2bee773a760f69bd707a4c4c673b488a65fe567001189d3e,a643f62d82e2a28f903663acade174fee38dbb8daecccea9dfcca80068c57ba8,
final,lotka_volterra_n100000,lotka_volterra,Lotka-Volterra,100000,1.0,threshold_250,prospective,2,250.0,104,0,1544,2026-07-12T16:55:06.483753+00:00,0.0013952,0.0028256,True,False,1.0,0.0,126815,226815,True,False,1,413,1,0,0.0020071949532309407,0.9979928050467691,1.61e-05,0.002622700000000001,1.6e-06,0.00018519999999999951,bec31aa202d6a832be7dcc800321d094e41d65f8e68066af93d6ecf8ff772064,f372b964ac9739ae2bee773a760f69bd707a4c4c673b488a65fe567001189d3e,a643f62d82e2a28f903663acade174fee38dbb8daecccea9dfcca80068c57ba8,
final,shrinking_split_b_decay_n2e6,shrinking,Shrinking split B decay,2000000,0.1,threshold_2000,prospective,2,2000.0,101,0,1545,2026-07-12T16:55:06.488768+00:00,0.0013604,0.0518588,True,False,0.1,0.0,78,4000078,True,False,1,2814,1,0,2.19566552243387e-06,0.09999780433447757,1.46e-05,0.05036379999999999,2.61e-05,0.0014543000000000056,aa2c65d318bfe69554043998c77e726de23721b219c9e3b65501986da6fa388d,4665f0960d66169a5a0c21f1aeaa1b6efd70a2c04f57ea7e5561eaa9c2bc4664,a643f62d82e2a28f903663acade174fee38dbb8daecccea9dfcca80068c57ba8,
final,shrinking_split_b_decay_n2e6,shrinking,Shrinking split B decay,2000000,0.1,threshold_100,prospective,2,100.0,101,0,1546,2026-07-12T16:55:06.542418+00:00,0.0016764,0.0392566,True,False,0.1,0.0,78,86352,True,False,5077,399,1,40,0.038429417898518274,0.06157058210148173,0.03538260000000001,0.0011281999999999998,3.8e-06,0.0027419999999999944,de7deefaaea86ec0db746d3bcccc3bf226684cdc86c628adfc65b2c9f0925482,56b2f1cdd74a3c02a842fa28e57af54ad596b4648199d5f94d98387168eaeea9,a643f62d82e2a28f903663acade174fee38dbb8daecccea9dfcca80068c57ba8,
final,shrinking_split_b_decay_n2e6,shrinking,Shrinking split B decay,2000000,0.1,threshold_250,prospective,2,250.0,101,0,1547,2026-07-12T16:55:06.583067+00:00,0.0021691,0.037308,True,False,0.1,0.0,94,536906,True,False,3741,1024,1,21,0.020071151833768824,0.07992884816623119,0.027092799999999938,0.007605600000000001,3e-06,0.002606600000000056,f0443c5b2d6f925764ba4b060d8d8a414817ea4521ccab90ac7fe107e85b3e98,3b8ce501f5911350ec95e44e8bf9849544142cb3597e73d18a5b4a1e97898689,a643f62d82e2a28f903663acade174fee38dbb8daecccea9dfcca80068c57ba8,
final,shrinking_split_b_decay_n2e6,shrinking,Shrinking split B decay,2000000,0.1,threshold_500,prospective,2,500.0,101,0,1548,2026-07-12T16:55:06.623672+00:00,0.0025888,0.0426676,True,False,0.1,0.0,86,2252420,True,False,1603,2059,1,6,0.006236102585179895,0.09376389741482011,0.010739800000000091,0.030046200000000023,2.2e-06,0.0018793999999998853,1d323ce5dc18b2a7ecdcff9361d6bed310e534cc123f56e25fd4c38400d25353,136909d5685ca08c4c50a82bc41a9e0fa18aef6cfe7ac370e680a631704c8ac3,a643f62d82e2a28f903663acade174fee38dbb8daecccea9dfcca80068c57ba8,
final,shrinking_split_b_decay_n2e6,shrinking,Shrinking split B decay,2000000,0.1,wallclock_timing,wallclock,0,,101,0,1549,2026-07-12T16:55:06.668817+00:00,0.0019045,0.0445529,True,False,0.1,0.0,84,262,False,False,5782,2,2,96,0.0999852261793146,1.4773820685395878e-05,0.041586600000000376,8.37e-05,1.1e-05,0.0028715999999996272,77f0795bce00b4d2a9aeb158a4d94fe6a179fc007ee6449407f40cc5e7107be1,07eaaaa6e47ea9e598d1ab3ac9bd9dece774be6624120edb577b348100925c2f,a643f62d82e2a28f903663acade174fee38dbb8daecccea9dfcca80068c57ba8,
final,shrinking_split_b_decay_n2e6,shrinking,Shrinking split B decay,2000000,0.1,threshold_1000,prospective,2,1000.0,101,0,1550,2026-07-12T16:55:06.715909+00:00,0.0020526,0.0564079,True,False,0.1,0.0,78,4000078,True,False,1,2814,1,0,2.19566552243387e-06,0.09999780433447757,1.72e-05,0.05478539999999997,2.7e-06,0.0016026000000000235,aa2c65d318bfe69554043998c77e726de23721b219c9e3b65501986da6fa388d,4665f0960d66169a5a0c21f1aeaa1b6efd70a2c04f57ea7e5561eaa9c2bc4664,a643f62d82e2a28f903663acade174fee38dbb8daecccea9dfcca80068c57ba8,
final,oregonator_n1e5,oregonator,Oregonator,100000,1.0,threshold_2000,prospective,2,2000.0,106,0,1551,2026-07-12T16:55:06.774353+00:00,0.0028388,0.2225166,True,False,1.0,0.0,64229,116229,True,False,1,20861,1,0,4.605181595574793e-06,0.9999953948184045,2.61e-05,0.20544550000000153,3.6e-06,0.017041399999998486,d0963dc7350564c8b661d2cc90c3f32324044cb37daaff5e347ab21a47be75d5,999a61203baa2e7e8f6d29b2ee435c32c78bcbfe428be16f2b58c8e332c2c8ce,a643f62d82e2a28f903663acade174fee38dbb8daecccea9dfcca80068c57ba8,
final,oregonator_n1e5,oregonator,Oregonator,100000,1.0,wallclock_timing,wallclock,0,,106,0,1552,2026-07-12T16:55:06.999813+00:00,0.0018839,0.4123415,True,False,1.0,0.0,68671,120671,True,False,14467,17674,13,0,0.029465332568662808,0.9705346674313372,0.19128929999999936,0.194747500000001,0.0003049,0.025999799999999684,c5233fd0809081edda8b643ea63210e5e8540d9de7fac412e595bc2bb07b91a6,6693a75574ee01e50e8c4dffb7cad5b18d47cf248775abfe6b50d8431628e7e1,a643f62d82e2a28f903663acade174fee38dbb8daecccea9dfcca80068c57ba8,
final,oregonator_n1e5,oregonator,Oregonator,100000,1.0,threshold_500,prospective,2,500.0,106,0,1553,2026-07-12T16:55:07.414341+00:00,0.001985,0.2193139,True,False,1.0,0.0,64229,116229,True,False,1,20861,1,0,4.605181595574793e-06,0.9999953948184045,2.03e-05,0.20266910000000304,3.6e-06,0.01662089999999697,d0963dc7350564c8b661d2cc90c3f32324044cb37daaff5e347ab21a47be75d5,999a61203baa2e7e8f6d29b2ee435c32c78bcbfe428be16f2b58c8e332c2c8ce,a643f62d82e2a28f903663acade174fee38dbb8daecccea9dfcca80068c57ba8,
final,oregonator_n1e5,oregonator,Oregonator,100000,1.0,threshold_100,prospective,2,100.0,106,0,1554,2026-07-12T16:55:07.636830+00:00,0.0024406,0.246898,True,False,1.0,0.0,64229,116229,True,False,1,20861,1,0,4.605181595574793e-06,0.9999953948184045,2.15e-05,0.22895370000000417,3.7e-06,0.01791909999999583,d0963dc7350564c8b661d2cc90c3f32324044cb37daaff5e347ab21a47be75d5,999a61203baa2e7e8f6d29b2ee435c32c78bcbfe428be16f2b58c8e332c2c8ce,a643f62d82e2a28f903663acade174fee38dbb8daecccea9dfcca80068c57ba8,
final,oregonator_n1e5,oregonator,Oregonator,100000,1.0,threshold_1000,prospective,2,1000.0,106,0,1555,2026-07-12T16:55:07.886602+00:00,0.0025034,0.2516938,True,False,1.0,0.0,64229,116229,True,False,1,20861,1,0,4.605181595574793e-06,0.9999953948184045,2.53e-05,0.23314469999999762,4.1e-06,0.018519700000002387,d0963dc7350564c8b661d2cc90c3f32324044cb37daaff5e347ab21a47be75d5,999a61203baa2e7e8f6d29b2ee435c32c78bcbfe428be16f2b58c8e332c2c8ce,a643f62d82e2a28f903663acade174fee38dbb8daecccea9dfcca80068c57ba8,
final,oregonator_n1e5,oregonator,Oregonator,100000,1.0,threshold_250,prospective,2,250.0,106,0,1556,2026-07-12T16:55:08.140046+00:00,0.0025858,0.2812216,True,False,1.0,0.0,64229,116229,True,False,1,20861,1,0,4.605181595574793e-06,0.9999953948184045,2.75e-05,0.2606938000000018,4.3e-06,0.020495999999998182,d0963dc7350564c8b661d2cc90c3f32324044cb37daaff5e347ab21a47be75d5,999a61203baa2e7e8f6d29b2ee435c32c78bcbfe428be16f2b58c8e332c2c8ce,a643f62d82e2a28f903663acade174fee38dbb8daecccea9dfcca80068c57ba8,
final,lotka_volterra_n100000,lotka_volterra,Lotka-Volterra,100000,1.0,threshold_1000,prospective,2,1000.0,102,0,1557,2026-07-12T16:55:08.424427+00:00,0.0015317,0.0029011,True,False,1.0,0.0,126090,226090,True,False,1,412,1,0,0.0018989730362988675,0.9981010269637012,1.64e-05,0.0026874000000000004,2.2e-06,0.0001950999999999997,1c9cc79083f51fe133746deaf99c1b4fe3bd5c0099b480db73b828e9383bf061,ad8849010a963ed971cd70690441aee67aa3976e9b9d2279067b4c1d349f0dbf,a643f62d82e2a28f903663acade174fee38dbb8daecccea9dfcca80068c57ba8,
final,lotka_volterra_n100000,lotka_volterra,Lotka-Volterra,100000,1.0,threshold_100,prospective,2,100.0,102,0,1558,2026-07-12T16:55:08.429426+00:00,0.0014014,0.0091424,True,False,1.0,0.0,126122,226122,False,False,932,0,0,0,1.0,0.0,0.008675000000000014,0.0,0.0,0.0004673999999999859,8c861242ba90e182e9e56b410325ba2978a50e6c1c2b11f8b86ca76e7465cd89,ffb95f5993a00659e9b4c503ec3bd2efc165fa71650b08449e416b116a81f3cb,a643f62d82e2a28f903663acade174fee38dbb8daecccea9dfcca80068c57ba8,
final,lotka_volterra_n100000,lotka_volterra,Lotka-Volterra,100000,1.0,wallclock_timing,wallclock,0,,102,0,1559,2026-07-12T16:55:08.439946+00:00,0.0015503,0.0081938,True,False,1.0,0.0,125781,225781,False,False,710,100,8,0,0.7576703653433753,0.24232963465662472,0.006953400000000025,0.0008088999999999999,3.17e-05,0.0003997999999999745,b47240510c29f887d74aef700cc3fa5b7ebd26442dc3116d5db4cf75c5f50536,8c80b3c0b470451175a795e4557a5b872f3dc4814e3ca792cd1c3cbea1c25ea7,a643f62d82e2a28f903663acade174fee38dbb8daecccea9dfcca80068c57ba8,
final,lotka_volterra_n100000,lotka_volterra,Lotka-Volterra,100000,1.0,threshold_250,prospective,2,250.0,102,0,1560,2026-07-12T16:55:08.450464+00:00,0.0018498,0.0044389,True,False,1.0,0.0,126090,226090,True,False,1,412,1,0,0.0018989730362988675,0.9981010269637012,1.99e-05,0.004154999999999999,2.9e-06,0.0002611000000000011,1c9cc79083f51fe133746deaf99c1b4fe3bd5c0099b480db73b828e9383bf061,ad8849010a963ed971cd70690441aee67aa3976e9b9d2279067b4c1d349f0dbf,a643f62d82e2a28f903663acade174fee38dbb8daecccea9dfcca80068c57ba8,
final,lotka_volterra_n100000,lotka_volterra,Lotka-Volterra,100000,1.0,threshold_2000,prospective,2,2000.0,102,0,1561,2026-07-12T16:55:08.456989+00:00,0.0017279,0.0044059,True,False,1.0,0.0,126090,226090,True,False,1,412,1,0,0.0018989730362988675,0.9981010269637012,2.04e-05,0.004123300000000001,2.7e-06,0.0002594999999999993,1c9cc79083f51fe133746deaf99c1b4fe3bd5c0099b480db73b828e9383bf061,ad8849010a963ed971cd70690441aee67aa3976e9b9d2279067b4c1d349f0dbf,a643f62d82e2a28f903663acade174fee38dbb8daecccea9dfcca80068c57ba8,
final,lotka_volterra_n100000,lotka_volterra,Lotka-Volterra,100000,1.0,threshold_500,prospective,2,500.0,102,0,1562,2026-07-12T16:55:08.463509+00:00,0.0018298,0.0058162,True,False,1.0,0.0,126090,226090,True,False,1,412,1,0,0.0018989730362988675,0.9981010269637012,2.25e-05,0.005441100000000002,3.3e-06,0.0003492999999999977,1c9cc79083f51fe133746deaf99c1b4fe3bd5c0099b480db73b828e9383bf061,ad8849010a963ed971cd70690441aee67aa3976e9b9d2279067b4c1d349f0dbf,a643f62d82e2a28f903663acade174fee38dbb8daecccea9dfcca80068c57ba8,
final,dimerization_n1e8,dimerization,Dimerization,100000000,0.5,wallclock_timing,wallclock,0,,105,0,1563,2026-07-12T16:55:08.471618+00:00,0.0016506,0.2133482,True,False,0.5,0.0,79433969,129433969,False,False,15574,4,4,0,0.49912840329097463,0.0008715967090253598,0.2044824999999999,0.0017463000000000001,4.4699999999999996e-05,0.007074700000000073,aedc3e01e52ae2ff476542b6757d7417020955471cc41d16b814b36ba9d3910c,a452c98c953283467b0a98d07c42ba69503d540e884141863a08f3f8b9bf5478,a643f62d82e2a28f903663acade174fee38dbb8daecccea9dfcca80068c57ba8,
final,dimerization_n1e8,dimerization,Dimerization,100000000,0.5,threshold_500,prospective,2,500.0,105,0,1564,2026-07-12T16:55:08.687038+00:00,0.0017261,0.2227756,True,False,0.5,0.0,79435760,129435760,False,False,15625,0,0,0,0.5,0.0,0.21438850000000131,0.0,0.0,0.008387099999998676,b0f6a40d5d923e6e004411623ead248dbd966271629aa256b1803f3e7afbb271,3c44dbbdbcd80c4adbaa4d9ad31b193c8cf539f5b4a38978bc52049987d005e2,a643f62d82e2a28f903663acade174fee38dbb8daecccea9dfcca80068c57ba8,
final,dimerization_n1e8,dimerization,Dimerization,100000000,0.5,threshold_1000,prospective,2,1000.0,105,0,1565,2026-07-12T16:55:08.911556+00:00,0.0020122,0.2224358,True,False,0.5,0.0,79435760,129435760,False,False,15625,0,0,0,0.5,0.0,0.21393660000000342,0.0,0.0,0.00849919999999657,b0f6a40d5d923e6e004411623ead248dbd966271629aa256b1803f3e7afbb271,3c44dbbdbcd80c4adbaa4d9ad31b193c8cf539f5b4a38978bc52049987d005e2,a643f62d82e2a28f903663acade174fee38dbb8daecccea9dfcca80068c57ba8,
final,dimerization_n1e8,dimerization,Dimerization,100000000,0.5,threshold_2000,prospective,2,2000.0,105,0,1566,2026-07-12T16:55:09.136531+00:00,0.0016708,0.7423472,True,False,0.5,0.0,79432104,129432104,True,False,1,2192,1,0,4.0213348427779e-05,0.4999597866515722,1.85e-05,0.7394840999999989,2.2e-06,0.002842400000001133,d6adedb18ecd37a6fc39618fd2bc5173e101ca86580edd7c7111b75ceb12e06f,467bb7cde23f48907d20e35c6860e55a66ddb7835ae383d20498a7dc5d20acc5,a643f62d82e2a28f903663acade174fee38dbb8daecccea9dfcca80068c57ba8,
final,dimerization_n1e8,dimerization,Dimerization,100000000,0.5,threshold_100,prospective,2,100.0,105,0,1567,2026-07-12T16:55:09.880127+00:00,0.0018921,0.207026,True,False,0.5,0.0,79435760,129435760,False,False,15625,0,0,0,0.5,0.0,0.19916750000000463,0.0,0.0,0.007858499999995355,b0f6a40d5d923e6e004411623ead248dbd966271629aa256b1803f3e7afbb271,3c44dbbdbcd80c4adbaa4d9ad31b193c8cf539f5b4a38978bc52049987d005e2,a643f62d82e2a28f903663acade174fee38dbb8daecccea9dfcca80068c57ba8,
final,dimerization_n1e8,dimerization,Dimerization,100000000,0.5,threshold_250,prospective,2,250.0,105,0,1568,2026-07-12T16:55:10.089464+00:00,0.0015198,0.1998863,True,False,0.5,0.0,79435760,129435760,False,False,15625,0,0,0,0.5,0.0,0.19243850000000468,0.0,0.0,0.007447799999995314,b0f6a40d5d923e6e004411623ead248dbd966271629aa256b1803f3e7afbb271,3c44dbbdbcd80c4adbaa4d9ad31b193c8cf539f5b4a38978bc52049987d005e2,a643f62d82e2a28f903663acade174fee38dbb8daecccea9dfcca80068c57ba8,
final,brusselator_n2e4,brusselator,Order-3 Brusselator,20000,20.0,threshold_100,prospective,2,100.0,102,0,1569,2026-07-12T16:55:10.291713+00:00,0.002046,0.0886784,True,False,20.0,0.0,187485,197485,True,False,1,5476,1,0,2.94993683400465e-05,19.99997050063166,4.71e-05,0.08454409999999998,3.9e-06,0.004083300000000026,d3d2bcc7675a0aa760d28a03737f07d5edb53431b5df5ec2032311813da1a6be,9ab39b4b9e370d5d273e11c43989da84d977a527b4ffc2bb596a4303f3c7bd75,a643f62d82e2a28f903663acade174fee38dbb8daecccea9dfcca80068c57ba8,
final,brusselator_n2e4,brusselator,Order-3 Brusselator,20000,20.0,threshold_2000,prospective,2,2000.0,102,0,1570,2026-07-12T16:55:10.383305+00:00,0.0026651,0.1041087,True,False,20.0,0.0,187485,197485,True,False,1,5476,1,0,2.94993683400465e-05,19.99997050063166,5.17e-05,0.09959859999999977,4.3e-06,0.0044541000000002245,d3d2bcc7675a0aa760d28a03737f07d5edb53431b5df5ec2032311813da1a6be,9ab39b4b9e370d5d273e11c43989da84d977a527b4ffc2bb596a4303f3c7bd75,a643f62d82e2a28f903663acade174fee38dbb8daecccea9dfcca80068c57ba8,
final,brusselator_n2e4,brusselator,Order-3 Brusselator,20000,20.0,threshold_250,prospective,2,250.0,102,0,1571,2026-07-12T16:55:10.489697+00:00,0.0018099,0.1100816,True,False,20.0,0.0,187485,197485,True,False,1,5476,1,0,2.94993683400465e-05,19.99997050063166,3.87e-05,0.10565239999999992,3.4e-06,0.004387100000000074,d3d2bcc7675a0aa760d28a03737f07d5edb53431b5df5ec2032311813da1a6be,9ab39b4b9e370d5d273e11c43989da84d977a527b4ffc2bb596a4303f3c7bd75,a643f62d82e2a28f903663acade174fee38dbb8daecccea9dfcca80068c57ba8,
final,brusselator_n2e4,brusselator,Order-3 Brusselator,20000,20.0,threshold_500,prospective,2,500.0,102,0,1572,2026-07-12T16:55:10.602166+00:00,0.00273,0.1019021,True,False,20.0,0.0,187485,197485,True,False,1,5476,1,0,2.94993683400465e-05,19.99997050063166,5.81e-05,0.09757130000000018,5.7e-06,0.004266999999999813,d3d2bcc7675a0aa760d28a03737f07d5edb53431b5df5ec2032311813da1a6be,9ab39b4b9e370d5d273e11c43989da84d977a527b4ffc2bb596a4303f3c7bd75,a643f62d82e2a28f903663acade174fee38dbb8daecccea9dfcca80068c57ba8,
final,brusselator_n2e4,brusselator,Order-3 Brusselator,20000,20.0,wallclock_timing,wallclock,0,,102,0,1573,2026-07-12T16:55:10.707614+00:00,0.0017331,0.1172432,True,False,20.0,0.0,185710,195710,True,False,256,5490,1,0,0.004461563284021767,19.995538436715975,0.007985499999999996,0.10518959999999981,4.5e-06,0.004063600000000195,7cbab01bb184f83b9aa95f446f543b139d9e786349bc43fdddcae4e7bcc1dea5,261fc531957c87a20f47769cf018e6458690426d0ae0a86380e050172f301b6d,a643f62d82e2a28f903663acade174fee38dbb8daecccea9dfcca80068c57ba8,
final,brusselator_n2e4,brusselator,Order-3 Brusselator,20000,20.0,threshold_1000,prospective,2,1000.0,102,0,1574,2026-07-12T16:55:10.826114+00:00,0.0021523,0.1159609,True,False,20.0,0.0,187485,197485,True,False,1,5476,1,0,2.94993683400465e-05,19.99997050063166,4.88e-05,0.1107236,4e-06,0.005184499999999995,d3d2bcc7675a0aa760d28a03737f07d5edb53431b5df5ec2032311813da1a6be,9ab39b4b9e370d5d273e11c43989da84d977a527b4ffc2bb596a4303f3c7bd75,a643f62d82e2a28f903663acade174fee38dbb8daecccea9dfcca80068c57ba8,
final,shrinking_no_b_decay_n2e6,shrinking,Shrinking no B decay,2000000,0.1,threshold_100,prospective,2,100.0,105,1,1575,2026-07-12T16:55:10.945086+00:00,0.0017533,0.0393648,True,False,0.1,0.0,807312,2858502,True,False,4248,223,1,7,0.017417165153817978,0.08258283484618203,0.03251229999999961,0.004705700000000001,2.8e-06,0.0021440000000003887,9b5f8262f9366cc848843760ce9aa14b1059437ffa28def0f9a2e3d59766491f,bbd261e8051a3f902c89ffa024951b1a8fb84f429fa78caddc12c0ecc10f9d53,a643f62d82e2a28f903663acade174fee38dbb8daecccea9dfcca80068c57ba8,
final,shrinking_no_b_decay_n2e6,shrinking,Shrinking no B decay,2000000,0.1,threshold_500,prospective,2,500.0,105,1,1576,2026-07-12T16:55:10.986252+00:00,0.0018183,0.027624,True,False,0.1,0.0,807342,4807342,True,False,1,1038,1,0,4.881735625155798e-06,0.09999511826437485,1.98e-05,0.026981899999999996,2.7e-06,0.0006196000000000014,9a33dd9702fc8d6657d08086b3ab68bd51ea59e9e615943b2b3096469d656815,2338bb9ae092a2d569c2568ad425b2f0f76d26f6e21b9b0549b6c75438f74e7f,a643f62d82e2a28f903663acade174fee38dbb8daecccea9dfcca80068c57ba8,
final,shrinking_no_b_decay_n2e6,shrinking,Shrinking no B decay,2000000,0.1,threshold_250,prospective,2,250.0,105,1,1577,2026-07-12T16:55:11.015817+00:00,0.0017883,0.0264782,True,False,0.1,0.0,807235,3811719,True,False,1768,592,1,3,0.00659228607299022,0.09340771392700979,0.013721499999999973,0.011632099999999989,3.2e-06,0.0011214000000000397,925552ea14cfe02bdcc1b3f6f84ab66eb66764ff40ed341e75566cbf0495ed53,43fcee076f0873bb9d4295a39510928e516b03b75ff3716d67f819f71847bb62,a643f62d82e2a28f903663acade174fee38dbb8daecccea9dfcca80068c57ba8,
final,shrinking_no_b_decay_n2e6,shrinking,Shrinking no B decay,2000000,0.1,threshold_2000,prospective,2,2000.0,105,1,1578,2026-07-12T16:55:11.045378+00:00,0.0016454,0.0213015,True,False,0.1,0.0,807342,4807342,True,False,1,1038,1,0,4.881735625155798e-06,0.09999511826437485,1.77e-05,0.020853800000000013,2.2e-06,0.0004277999999999886,9a33dd9702fc8d6657d08086b3ab68bd51ea59e9e615943b2b3096469d656815,2338bb9ae092a2d569c2568ad425b2f0f76d26f6e21b9b0549b6c75438f74e7f,a643f62d82e2a28f903663acade174fee38dbb8daecccea9dfcca80068c57ba8,
final,shrinking_no_b_decay_n2e6,shrinking,Shrinking no B decay,2000000,0.1,wallclock_timing,wallclock,0,,105,1,1579,2026-07-12T16:55:11.068452+00:00,0.0016181,0.0273692,True,False,0.1,0.0,807107,3157603,True,False,2998,377,3,5,0.011685477510658161,0.08831452248934185,0.0197503000000001,0.006440399999999998,1.21e-05,0.0011663999999999008,72d4cf5eed78ea56e076f8f8897e6c81633efbe6e331113cd5dc637594795c85,9c32e7bb673b814d097bd81f521a0edecff7d1e63dccb938000b582d77ebc13b,a643f62d82e2a28f903663acade174fee38dbb8daecccea9dfcca80068c57ba8,
final,shrinking_no_b_decay_n2e6,shrinking,Shrinking no B decay,2000000,0.1,threshold_1000,prospective,2,1000.0,105,1,1580,2026-07-12T16:55:11.097529+00:00,0.0018992,0.0288099,True,False,0.1,0.0,807342,4807342,True,False,1,1038,1,0,4.881735625155798e-06,0.09999511826437485,1.58e-05,0.02819950000000002,3.4e-06,0.0005911999999999792,9a33dd9702fc8d6657d08086b3ab68bd51ea59e9e615943b2b3096469d656815,2338bb9ae092a2d569c2568ad425b2f0f76d26f6e21b9b0549b6c75438f74e7f,a643f62d82e2a28f903663acade174fee38dbb8daecccea9dfcca80068c57ba8,
final,dimerization_n1e8,dimerization,Dimerization,100000000,0.5,wallclock_timing,wallclock,0,,103,0,1581,2026-07-12T16:55:11.129101+00:00,0.002243,0.2009079,True,False,0.5,0.0,79431377,129431377,False,False,15575,4,4,0,0.4991286533868854,0.0008713466131146236,0.19259900000000785,0.0016602999999999998,2.67e-05,0.006621899999992159,ff3ab4f9966478daa54b60c1fb4a71b50cb1a0dcba4ada17aec33804883f4baa,5ae7a064b6241b7d3e8e898021f44f1537546876599c9f07cbcf061735c2f093,a643f62d82e2a28f903663acade174fee38dbb8daecccea9dfcca80068c57ba8,
final,dimerization_n1e8,dimerization,Dimerization,100000000,0.5,threshold_250,prospective,2,250.0,103,0,1582,2026-07-12T16:55:11.332591+00:00,0.0016979,0.1891461,True,False,0.5,0.0,79431235,129431235,False,False,15598,0,0,0,0.5,0.0,0.18218860000000398,0.0,0.0,0.006957499999996036,9cdf0339f4a617a2162fc00605218deb0e1c1b22b0854fed5973e7eb1fe44552,1fa117dc7cf2348818ab28465bd685815b49cd21edfc3064dee7cbb9279242d9,a643f62d82e2a28f903663acade174fee38dbb8daecccea9dfcca80068c57ba8,
final,dimerization_n1e8,dimerization,Dimerization,100000000,0.5,threshold_2000,prospective,2,2000.0,103,0,1583,2026-07-12T16:55:11.522917+00:00,0.0015756,0.6668987,True,False,0.5,0.0,79432297,129432297,True,False,1,2192,1,0,3.6347714090911344e-05,0.4999636522859091,1.73e-05,0.6650504000000014,2.2e-06,0.0018287999999986315,2fedb63db7d1b4adccf4b60386f48a196f81cf76e0355128d26ff9611d2e2371,a1afaeabf8dc67beb69ac857498e42952d3bf72a780785ac00f6c9628338363e,a643f62d82e2a28f903663acade174fee38dbb8daecccea9dfcca80068c57ba8,
final,dimerization_n1e8,dimerization,Dimerization,100000000,0.5,threshold_1000,prospective,2,1000.0,103,0,1584,2026-07-12T16:55:12.192442+00:00,0.0016173,0.1749322,True,False,0.5,0.0,79431235,129431235,False,False,15598,0,0,0,0.5,0.0,0.16877740000000488,0.0,0.0,0.006154799999995131,9cdf0339f4a617a2162fc00605218deb0e1c1b22b0854fed5973e7eb1fe44552,1fa117dc7cf2348818ab28465bd685815b49cd21edfc3064dee7cbb9279242d9,a643f62d82e2a28f903663acade174fee38dbb8daecccea9dfcca80068c57ba8,
final,dimerization_n1e8,dimerization,Dimerization,100000000,0.5,threshold_500,prospective,2,500.0,103,0,1585,2026-07-12T16:55:12.368951+00:00,0.0015992,0.1922435,True,False,0.5,0.0,79431235,129431235,False,False,15598,0,0,0,0.5,0.0,0.18503070000000008,0.0,0.0,0.007212799999999936,9cdf0339f4a617a2162fc00605218deb0e1c1b22b0854fed5973e7eb1fe44552,1fa117dc7cf2348818ab28465bd685815b49cd21edfc3064dee7cbb9279242d9,a643f62d82e2a28f903663acade174fee38dbb8daecccea9dfcca80068c57ba8,
final,dimerization_n1e8,dimerization,Dimerization,100000000,0.5,threshold_100,prospective,2,100.0,103,0,1586,2026-07-12T16:55:12.562960+00:00,0.0025124,0.1879846,True,False,0.5,0.0,79431235,129431235,False,False,15598,0,0,0,0.5,0.0,0.1809462000000066,0.0,0.0,0.007038399999993394,9cdf0339f4a617a2162fc00605218deb0e1c1b22b0854fed5973e7eb1fe44552,1fa117dc7cf2348818ab28465bd685815b49cd21edfc3064dee7cbb9279242d9,a643f62d82e2a28f903663acade174fee38dbb8daecccea9dfcca80068c57ba8,
final,lotka_volterra_n10000000,lotka_volterra,Lotka-Volterra,10000000,1.0,threshold_100,prospective,2,100.0,101,0,1587,2026-07-12T16:55:12.753576+00:00,0.0017282,0.1057142,True,False,1.0,0.0,12600980,22600980,False,False,9350,0,0,0,1.0,0.0,0.10066850000000173,0.0,0.0,0.0050456999999982655,a29553f17054bd42b60639e361cc2e3d2eb00d84997054a29b71c2be16758c3c,f45287ee906ac12f71a618ac14761c5c9c3dd09c5cdf766f1b8c383d97b39714,a643f62d82e2a28f903663acade174fee38dbb8daecccea9dfcca80068c57ba8,
final,lotka_volterra_n10000000,lotka_volterra,Lotka-Volterra,10000000,1.0,threshold_1000,prospective,2,1000.0,101,0,1588,2026-07-12T16:55:12.862070+00:00,0.001554,0.1118495,True,False,1.0,0.0,12600980,22600980,False,False,9350,0,0,0,1.0,0.0,0.10661000000000088,0.0,0.0,0.00523949999999912,a29553f17054bd42b60639e361cc2e3d2eb00d84997054a29b71c2be16758c3c,f45287ee906ac12f71a618ac14761c5c9c3dd09c5cdf766f1b8c383d97b39714,a643f62d82e2a28f903663acade174fee38dbb8daecccea9dfcca80068c57ba8,
final,lotka_volterra_n10000000,lotka_volterra,Lotka-Volterra,10000000,1.0,wallclock_timing,wallclock,0,,101,0,1589,2026-07-12T16:55:12.975166+00:00,0.0020424,0.1678782,True,False,1.0,0.0,12603593,22603593,False,False,6286,1325,4,0,0.6805413309712275,0.3194586690287725,0.0748913999999998,0.08893329999999983,4.26e-05,0.0040109000000003725,1cdfaa87862a1e2a847153bf9f56dbff838cd67e57d95384ca8db55299e6defe,c63efcdc5597b97bb35eb2af2744f226266a7d2145aebbaa90ca7e33b5f975be,a643f62d82e2a28f903663acade174fee38dbb8daecccea9dfcca80068c57ba8,
final,lotka_volterra_n10000000,lotka_volterra,Lotka-Volterra,10000000,1.0,threshold_2000,prospective,2,2000.0,101,0,1590,2026-07-12T16:55:13.145639+00:00,0.0017158,0.3383331,True,False,1.0,0.0,12597236,22597236,True,False,1,4121,1,0,7.37699129418495e-05,0.9999262300870582,1.98e-05,0.33521360000000017,2.9e-06,0.003096799999999844,792a806ae6c81e61d936d99e7d8798a1738c2bf1718f8f94640ecf00b47b2c22,8a098dd5bce698b0eac52c7d187b9de1ea1f537f606a081eb797cb8975836784,a643f62d82e2a28f903663acade174fee38dbb8daecccea9dfcca80068c57ba8,
final,lotka_volterra_n10000000,lotka_volterra,Lotka-Volterra,10000000,1.0,threshold_500,prospective,2,500.0,101,0,1591,2026-07-12T16:55:13.485824+00:00,0.0018833,0.1178031,True,False,1.0,0.0,12600980,22600980,False,False,9350,0,0,0,1.0,0.0,0.11207340000000228,0.0,0.0,0.005729699999997714,a29553f17054bd42b60639e361cc2e3d2eb00d84997054a29b71c2be16758c3c,f45287ee906ac12f71a618ac14761c5c9c3dd09c5cdf766f1b8c383d97b39714,a643f62d82e2a28f903663acade174fee38dbb8daecccea9dfcca80068c57ba8,
final,lotka_volterra_n10000000,lotka_volterra,Lotka-Volterra,10000000,1.0,threshold_250,prospective,2,250.0,101,0,1592,2026-07-12T16:55:13.605560+00:00,0.0015833,0.1183923,True,False,1.0,0.0,12600980,22600980,False,False,9350,0,0,0,1.0,0.0,0.11283510000000099,0.0,0.0,0.005557199999999013,a29553f17054bd42b60639e361cc2e3d2eb00d84997054a29b71c2be16758c3c,f45287ee906ac12f71a618ac14761c5c9c3dd09c5cdf766f1b8c383d97b39714,a643f62d82e2a28f903663acade174fee38dbb8daecccea9dfcca80068c57ba8,
final,oregonator_n1e5,oregonator,Oregonator,100000,1.0,threshold_100,prospective,2,100.0,102,0,1593,2026-07-12T16:55:13.726186+00:00,0.0028516,0.2207423,True,False,1.0,0.0,67760,119760,True,False,1,13962,1,0,4.246174362640256e-06,0.9999957538256373,3.09e-05,0.20533120000000057,5e-06,0.015375199999999423,0684ed430248a0c85823f31e8a556df4ea9ef09568d9adbafecccbaacb3d0038,5c7f78c99355204ab6d24fb65d26f9bb6cba6645b19c43d4a5c6ece8e7b0c1e1,a643f62d82e2a28f903663acade174fee38dbb8daecccea9dfcca80068c57ba8,
final,oregonator_n1e5,oregonator,Oregonator,100000,1.0,threshold_1000,prospective,2,1000.0,102,0,1594,2026-07-12T16:55:13.950245+00:00,0.0028294,0.1923374,True,False,1.0,0.0,67760,119760,True,False,1,13962,1,0,4.246174362640256e-06,0.9999957538256373,2.98e-05,0.1782479999999994,4.4e-06,0.0140552000000006,0684ed430248a0c85823f31e8a556df4ea9ef09568d9adbafecccbaacb3d0038,5c7f78c99355204ab6d24fb65d26f9bb6cba6645b19c43d4a5c6ece8e7b0c1e1,a643f62d82e2a28f903663acade174fee38dbb8daecccea9dfcca80068c57ba8,
final,oregonator_n1e5,oregonator,Oregonator,100000,1.0,threshold_250,prospective,2,250.0,102,0,1595,2026-07-12T16:55:14.146061+00:00,0.0024888,0.1673542,True,False,1.0,0.0,67760,119760,True,False,1,13962,1,0,4.246174362640256e-06,0.9999957538256373,2.81e-05,0.15527380000000204,5e-06,0.012047299999997957,0684ed430248a0c85823f31e8a556df4ea9ef09568d9adbafecccbaacb3d0038,5c7f78c99355204ab6d24fb65d26f9bb6cba6645b19c43d4a5c6ece8e7b0c1e1,a643f62d82e2a28f903663acade174fee38dbb8daecccea9dfcca80068c57ba8,
final,oregonator_n1e5,oregonator,Oregonator,100000,1.0,threshold_500,prospective,2,500.0,102,0,1596,2026-07-12T16:55:14.316489+00:00,0.0020578,0.1523904,True,False,1.0,0.0,67760,119760,True,False,1,13962,1,0,4.246174362640256e-06,0.9999957538256373,2.24e-05,0.14114169999999934,3.3e-06,0.011223000000000649,0684ed430248a0c85823f31e8a556df4ea9ef09568d9adbafecccbaacb3d0038,5c7f78c99355204ab6d24fb65d26f9bb6cba6645b19c43d4a5c6ece8e7b0c1e1,a643f62d82e2a28f903663acade174fee38dbb8daecccea9dfcca80068c57ba8,
final,oregonator_n1e5,oregonator,Oregonator,100000,1.0,threshold_2000,prospective,2,2000.0,102,0,1597,2026-07-12T16:55:14.471101+00:00,0.0026864,0.1637829,True,False,1.0,0.0,67760,119760,True,False,1,13962,1,0,4.246174362640256e-06,0.9999957538256373,2.81e-05,0.1517453999999998,4.3e-06,0.012005100000000185,0684ed430248a0c85823f31e8a556df4ea9ef09568d9adbafecccbaacb3d0038,5c7f78c99355204ab6d24fb65d26f9bb6cba6645b19c43d4a5c6ece8e7b0c1e1,a643f62d82e2a28f903663acade174fee38dbb8daecccea9dfcca80068c57ba8,
final,oregonator_n1e5,oregonator,Oregonator,100000,1.0,wallclock_timing,wallclock,0,,102,0,1598,2026-07-12T16:55:14.637318+00:00,0.0021352,0.1293703,True,False,1.0,0.0,54990,106990,True,False,11,12310,9,0,2.1552387788245488e-05,0.9999784476122118,0.0005942,0.11946029999999828,0.00019999999999999998,0.0091158000000017,268398e00c62e2790718203a6efb26cc4b3ab177ff71b716f1babd9173701e36,ed823a8e8c6643d0edcb27a780c590dbba84174117f47df3dc1a05a84a3203a5,a643f62d82e2a28f903663acade174fee38dbb8daecccea9dfcca80068c57ba8,
final,lotka_volterra_n1000000,lotka_volterra,Lotka-Volterra,1000000,1.0,threshold_100,prospective,2,100.0,104,1,1599,2026-07-12T16:55:14.769670+00:00,0.0018749,0.035271,True,False,1.0,0.0,1259757,2259757,False,False,2945,0,0,0,1.0,0.0,0.0334839000000002,0.0,0.0,0.0017870999999997986,c7bda6197c46737ce756f2f092f7e35f81765f8c1194fca91b543c7eb4dae529,99420776a64852b7abc4f831e4dd8b86ca0454c36e63cfde5008a5d858194efe,a643f62d82e2a28f903663acade174fee38dbb8daecccea9dfcca80068c57ba8,
final,lotka_volterra_n1000000,lotka_volterra,Lotka-Volterra,1000000,1.0,wallclock_timing,wallclock,0,,104,1,1600,2026-07-12T16:55:14.807150+00:00,0.0016879,0.0294385,True,False,1.0,0.0,1260780,2260780,False,False,2943,2,2,0,0.9984020733441391,0.0015979266558608651,0.02811129999999996,4.1099999999999996e-05,9e-06,0.0012771000000000414,bb7b7080c5e3a103af2b746c60d18126b631ca7aca80f1afb5d46cca6165a78d,d83db97489ef892c5d56fa25ab2cc36510360ab228427ed7adb3852921fbf68f,a643f62d82e2a28f903663acade174fee38dbb8daecccea9dfcca80068c57ba8,
final,lotka_volterra_n1000000,lotka_volterra,Lotka-Volterra,1000000,1.0,threshold_2000,prospective,2,2000.0,104,1,1601,2026-07-12T16:55:14.838699+00:00,0.001578,0.0399183,True,False,1.0,0.0,1260881,2260881,True,False,1,1304,1,0,0.0006280407404058532,0.9993719592595942,1.7e-05,0.03901980000000003,2.2e-06,0.0008792999999999648,26473e6c54ddfb507ddfa1f20f42921f31f537a01b5fea42d8ed4c404dcbe449,320bf13da07dc63f5be203bef8ce68e4ba501dff1b3f49182f8f52d2f5cea1dd,a643f62d82e2a28f903663acade174fee38dbb8daecccea9dfcca80068c57ba8,
final,lotka_volterra_n1000000,lotka_volterra,Lotka-Volterra,1000000,1.0,threshold_250,prospective,2,250.0,104,1,1602,2026-07-12T16:55:14.880039+00:00,0.0016791,0.0333872,True,False,1.0,0.0,1259757,2259757,False,False,2945,0,0,0,1.0,0.0,0.031811299999999716,0.0,0.0,0.0015759000000002826,c7bda6197c46737ce756f2f092f7e35f81765f8c1194fca91b543c7eb4dae529,99420776a64852b7abc4f831e4dd8b86ca0454c36e63cfde5008a5d858194efe,a643f62d82e2a28f903663acade174fee38dbb8daecccea9dfcca80068c57ba8,
final,lotka_volterra_n1000000,lotka_volterra,Lotka-Volterra,1000000,1.0,threshold_500,prospective,2,500.0,104,1,1603,2026-07-12T16:55:14.915540+00:00,0.0021495,0.0348849,True,False,1.0,0.0,1260881,2260881,True,False,1,1304,1,0,0.0006280407404058532,0.9993719592595942,1.99e-05,0.033996799999999966,2.6e-06,0.0008656000000000358,26473e6c54ddfb507ddfa1f20f42921f31f537a01b5fea42d8ed4c404dcbe449,320bf13da07dc63f5be203bef8ce68e4ba501dff1b3f49182f8f52d2f5cea1dd,a643f62d82e2a28f903663acade174fee38dbb8daecccea9dfcca80068c57ba8,
final,lotka_volterra_n1000000,lotka_volterra,Lotka-Volterra,1000000,1.0,threshold_1000,prospective,2,1000.0,104,1,1604,2026-07-12T16:55:14.953314+00:00,0.0020108,0.0258218,True,False,1.0,0.0,1260881,2260881,True,False,1,1304,1,0,0.0006280407404058532,0.9993719592595942,2.54e-05,0.02518290000000004,3e-06,0.0006104999999999618,26473e6c54ddfb507ddfa1f20f42921f31f537a01b5fea42d8ed4c404dcbe449,320bf13da07dc63f5be203bef8ce68e4ba501dff1b3f49182f8f52d2f5cea1dd,a643f62d82e2a28f903663acade174fee38dbb8daecccea9dfcca80068c57ba8,
final,lotka_volterra_n10000000,lotka_volterra,Lotka-Volterra,10000000,1.0,threshold_2000,prospective,2,2000.0,106,0,1605,2026-07-12T16:55:14.980869+00:00,0.0018339,0.2560733,True,False,1.0,0.0,12601799,22601799,True,False,1,4121,1,0,0.00020378930853212515,0.9997962106914678,2.1e-05,0.2538696999999995,2e-06,0.002180600000000532,965599decf82ed6f09b634d5c2201894f25035fa136f46eb2ef28a1304546da4,4b7cc8b848c5551d78f69678f5bd4329f06f79f1d0e7f187f36ff27d9c3d22c9,a643f62d82e2a28f903663acade174fee38dbb8daecccea9dfcca80068c57ba8,
final,lotka_volterra_n10000000,lotka_volterra,Lotka-Volterra,10000000,1.0,threshold_500,prospective,2,500.0,106,0,1606,2026-07-12T16:55:15.239696+00:00,0.0016595,0.1007172,True,False,1.0,0.0,12595886,22595886,False,False,9346,0,0,0,1.0,0.0,0.09599769999999978,0.0,0.0,0.0047195000000002235,bc74f24bbf7d84f5400283615291c818916cdcdd94ca03a4c9bedb5cd8cb0105,698f7e2dfcc1117a0681e5e552a7b45f32bc3516c99d7f936b4db474fcc771f0,a643f62d82e2a28f903663acade174fee38dbb8daecccea9dfcca80068c57ba8,
final,lotka_volterra_n10000000,lotka_volterra,Lotka-Volterra,10000000,1.0,threshold_1000,prospective,2,1000.0,106,0,1607,2026-07-12T16:55:15.342138+00:00,0.0017938,0.0998814,True,False,1.0,0.0,12595886,22595886,False,False,9346,0,0,0,1.0,0.0,0.09524860000000024,0.0,0.0,0.0046327999999997566,bc74f24bbf7d84f5400283615291c818916cdcdd94ca03a4c9bedb5cd8cb0105,698f7e2dfcc1117a0681e5e552a7b45f32bc3516c99d7f936b4db474fcc771f0,a643f62d82e2a28f903663acade174fee38dbb8daecccea9dfcca80068c57ba8,
final,lotka_volterra_n10000000,lotka_volterra,Lotka-Volterra,10000000,1.0,threshold_100,prospective,2,100.0,106,0,1608,2026-07-12T16:55:15.443937+00:00,0.0017532,0.1141956,True,False,1.0,0.0,12595886,22595886,False,False,9346,0,0,0,1.0,0.0,0.10884870000000076,0.0,0.0,0.005346899999999238,bc74f24bbf7d84f5400283615291c818916cdcdd94ca03a4c9bedb5cd8cb0105,698f7e2dfcc1117a0681e5e552a7b45f32bc3516c99d7f936b4db474fcc771f0,a643f62d82e2a28f903663acade174fee38dbb8daecccea9dfcca80068c57ba8,
final,lotka_volterra_n10000000,lotka_volterra,Lotka-Volterra,10000000,1.0,threshold_250,prospective,2,250.0,106,0,1609,2026-07-12T16:55:15.560448+00:00,0.0017156,0.1019102,True,False,1.0,0.0,12595886,22595886,False,False,9346,0,0,0,1.0,0.0,0.0972604,0.0,0.0,0.0046498000000000095,bc74f24bbf7d84f5400283615291c818916cdcdd94ca03a4c9bedb5cd8cb0105,698f7e2dfcc1117a0681e5e552a7b45f32bc3516c99d7f936b4db474fcc771f0,a643f62d82e2a28f903663acade174fee38dbb8daecccea9dfcca80068c57ba8,
final,lotka_volterra_n10000000,lotka_volterra,Lotka-Volterra,10000000,1.0,wallclock_timing,wallclock,0,,106,0,1610,2026-07-12T16:55:15.664272+00:00,0.0024853,0.0994773,True,False,1.0,0.0,12598925,22598925,False,False,9333,4,4,0,0.999037375253805,0.0009626247461950281,0.09500220000000116,0.0003223,1.87e-05,0.00413409999999885,c1515e35adaf47d2632048626779193d3424fe69d5ca0bf0f6ee0aabcb62ddc5,d2ba315406552d247271213fdf081f463779550728813992bb00e886a1679113,a643f62d82e2a28f903663acade174fee38dbb8daecccea9dfcca80068c57ba8,
final,shrinking_n2e6,shrinking,Shrinking,2000000,0.1,wallclock_timing,wallclock,0,,101,1,1611,2026-07-12T16:55:15.766170+00:00,0.001687,0.0382983,True,False,0.1,0.0,92,280,False,False,5790,2,2,97,0.09998523279366704,1.476720633295913e-05,0.03581950000000009,5.05e-05,5.7999999999999995e-06,0.002422499999999911,2c9c388d9210afe7c485e2dcb111cae93c40eac471d8f1c54a123beea885520e,dc571d2e8e0f1a56158fbf4c7b43db5a5435230672758c1402d921dc8a8f37f1,a643f62d82e2a28f903663acade174fee38dbb8daecccea9dfcca80068c57ba8,
final,shrinking_n2e6,shrinking,Shrinking,2000000,0.1,threshold_250,prospective,2,250.0,101,1,1612,2026-07-12T16:55:15.806757+00:00,0.001618,0.031121,True,False,0.1,0.0,94,537042,True,False,3698,1021,1,21,0.020089403379637983,0.07991059662036203,0.023620200000000074,0.005340799999999992,1.8e-06,0.002158199999999933,59e02fa701b23ef22dbedf0f9d08cc486e3a2a7969fdd84a37af3fc905c654d4,e5c186e570190591b9910466f39202663283a8bba96486f4b7c6d28b18249559,a643f62d82e2a28f903663acade174fee38dbb8daecccea9dfcca80068c57ba8,
final,shrinking_n2e6,shrinking,Shrinking,2000000,0.1,threshold_1000,prospective,2,1000.0,101,1,1613,2026-07-12T16:55:15.839304+00:00,0.0015,0.03906,True,False,0.1,0.0,83,4000083,True,False,1,2818,1,0,2.19566552243387e-06,0.09999780433447757,1.12e-05,0.03775179999999999,1.6e-06,0.001295400000000009,42d75f93e8909d1424df3784009ec1861c90246fda66ab67d9f3ba07205617f9,f7ab268597cbc2aae54dcb0e0bd5b29b76b8f67ddcbfb5992f71307e37705b34,a643f62d82e2a28f903663acade174fee38dbb8daecccea9dfcca80068c57ba8,
final,shrinking_n2e6,shrinking,Shrinking,2000000,0.1,threshold_500,prospective,2,500.0,101,1,1614,2026-07-12T16:55:15.880596+00:00,0.0015298,0.0339565,True,False,0.1,0.0,70,2254354,True,False,1566,2060,1,6,0.006226823117086736,0.09377317688291327,0.010227000000000052,0.02197170000000002,1.9e-06,0.0017558999999999284,e815cb3c63fe3c1d2b146eb353399de85fcec48b124ee30c98040670c67ae09d,8532c01bb498ddbe4415b61aa24d5c6db7ae52123c6d1cef431c44877f4039b7,a643f62d82e2a28f903663acade174fee38dbb8daecccea9dfcca80068c57ba8,
final,shrinking_n2e6,shrinking,Shrinking,2000000,0.1,threshold_100,prospective,2,100.0,101,1,1615,2026-07-12T16:55:15.916660+00:00,0.0016735,0.0434756,True,False,0.1,0.0,91,86345,True,False,5021,401,1,40,0.038397110199321315,0.06160288980067869,0.039079499999999656,0.0011676999999999987,2.6e-06,0.003225800000000348,e0a5d2359bafc7130caec9ebc6b82007dcdeaf41d79e7517ec1ac3d094a6a74e,04764dfc5d5151ffcadbfac2cbf191692d89583604b9d80a7da1bcefad5e2e30,a643f62d82e2a28f903663acade174fee38dbb8daecccea9dfcca80068c57ba8,
final,shrinking_n2e6,shrinking,Shrinking,2000000,0.1,threshold_2000,prospective,2,2000.0,101,1,1616,2026-07-12T16:55:15.961669+00:00,0.0018025,0.0422968,True,False,0.1,0.0,83,4000083,True,False,1,2818,1,0,2.19566552243387e-06,0.09999780433447757,1.57e-05,0.040915399999999894,2e-06,0.0013637000000001065,42d75f93e8909d1424df3784009ec1861c90246fda66ab67d9f3ba07205617f9,f7ab268597cbc2aae54dcb0e0bd5b29b76b8f67ddcbfb5992f71307e37705b34,a643f62d82e2a28f903663acade174fee38dbb8daecccea9dfcca80068c57ba8,
final,shrinking_no_b_decay_n2e6,shrinking,Shrinking no B decay,2000000,0.1,threshold_500,prospective,2,500.0,106,1,1617,2026-07-12T16:55:16.005916+00:00,0.0016005,0.0221979,True,False,0.1,0.0,807201,4807201,True,False,1,1038,1,0,6.082396754594631e-06,0.09999391760324541,1.49e-05,0.021774900000000003,2.1e-06,0.00040599999999999317,4e7093ac5546a2d5c415212c99876d2898418189dafa1301cb8b80988cbf4d91,7b87bacdaf38ae43bf8d9389694a4a6fe936a5d1fef80b067bfada59b353440c,a643f62d82e2a28f903663acade174fee38dbb8daecccea9dfcca80068c57ba8,
final,shrinking_no_b_decay_n2e6,shrinking,Shrinking no B decay,2000000,0.1,threshold_250,prospective,2,250.0,106,1,1618,2026-07-12T16:55:16.030081+00:00,0.0021823,0.0244615,True,False,0.1,0.0,807143,3811273,True,False,1781,592,1,3,0.006592855026323628,0.09340714497367639,0.01309920000000012,0.010370399999999995,3.8e-06,0.0009880999999998842,583850116dd9989f946cfcf4c1a09f5c16740ac669c4be2feef97376531cfedf,9f1723c521444ffb0319006c2f6cbaf09bce346646e9c6ae86e4399570f264fa,a643f62d82e2a28f903663acade174fee38dbb8daecccea9dfcca80068c57ba8,
final,shrinking_no_b_decay_n2e6,shrinking,Shrinking no B decay,2000000,0.1,threshold_1000,prospective,2,1000.0,106,1,1619,2026-07-12T16:55:16.056656+00:00,0.0016123,0.022629,True,False,0.1,0.0,807201,4807201,True,False,1,1038,1,0,6.082396754594631e-06,0.09999391760324541,1.54e-05,0.02215669999999998,2e-06,0.00045490000000002195,4e7093ac5546a2d5c415212c99876d2898418189dafa1301cb8b80988cbf4d91,7b87bacdaf38ae43bf8d9389694a4a6fe936a5d1fef80b067bfada59b353440c,a643f62d82e2a28f903663acade174fee38dbb8daecccea9dfcca80068c57ba8,
final,shrinking_no_b_decay_n2e6,shrinking,Shrinking no B decay,2000000,0.1,wallclock_timing,wallclock,0,,106,1,1620,2026-07-12T16:55:16.082017+00:00,0.0022729,0.029375,True,False,0.1,0.0,807214,3160234,True,False,3455,310,3,5,0.013887834251276982,0.08611216574872302,0.02253820000000003,0.0055195,8.5e-06,0.0013087999999999676,34cca15daf6e2b1a9805df0509845ce2b73ec8e46d6c127e81e89ab4fcff27f9,9910fe68128b76fc76b571ca1d0a526427819791a0d513b425e93237d8f6cd4e,a643f62d82e2a28f903663acade174fee38dbb8daecccea9dfcca80068c57ba8,
final,shrinking_no_b_decay_n2e6,shrinking,Shrinking no B decay,2000000,0.1,threshold_2000,prospective,2,2000.0,106,1,1621,2026-07-12T16:55:16.113991+00:00,0.001446,0.0211159,True,False,0.1,0.0,807201,4807201,True,False,1,1038,1,0,6.082396754594631e-06,0.09999391760324541,1.22e-05,0.020727700000000026,1.5e-06,0.0003744999999999721,4e7093ac5546a2d5c415212c99876d2898418189dafa1301cb8b80988cbf4d91,7b87bacdaf38ae43bf8d9389694a4a6fe936a5d1fef80b067bfada59b353440c,a643f62d82e2a28f903663acade174fee38dbb8daecccea9dfcca80068c57ba8,
final,shrinking_no_b_decay_n2e6,shrinking,Shrinking no B decay,2000000,0.1,threshold_100,prospective,2,100.0,106,1,1622,2026-07-12T16:55:16.136021+00:00,0.0014122,0.0336263,True,False,0.1,0.0,807241,2858461,True,False,4198,223,1,7,0.01737618242026113,0.08262381757973887,0.02830109999999998,0.003540999999999998,3.8e-06,0.0017804000000000222,461ae6c5995611e973390c62e82a08ec80a0edab0d5ec0fa94e6167fb8fa3b23,ddaf59b33711bbb45bc89e0588b666a1ecb13fecce8339ba30245e5460063ece,a643f62d82e2a28f903663acade174fee38dbb8daecccea9dfcca80068c57ba8,
final,brusselator_n2e4,brusselator,Order-3 Brusselator,20000,20.0,threshold_250,prospective,2,250.0,106,1,1623,2026-07-12T16:55:16.171892+00:00,0.0019084,0.0773665,True,False,20.0,0.0,187790,197790,True,False,1,5443,1,0,3.210324438486341e-05,19.999967896755614,3.59e-05,0.07370450000000063,3.2e-06,0.003622899999999374,23c22ae10778a43fe46a75432b282c318547e8b61ea2d04f18b368ec93c02b4b,9460530642c672825cd29f234968eb654b72ff9e27e48b77f285096f28609cc0,a643f62d82e2a28f903663acade174fee38dbb8daecccea9dfcca80068c57ba8,
final,brusselator_n2e4,brusselator,Order-3 Brusselator,20000,20.0,threshold_100,prospective,2,100.0,106,1,1624,2026-07-12T16:55:16.250636+00:00,0.001883,0.0803421,True,False,20.0,0.0,187790,197790,True,False,1,5443,1,0,3.210324438486341e-05,19.999967896755614,3.77e-05,0.07658040000000013,2.9e-06,0.003721099999999866,23c22ae10778a43fe46a75432b282c318547e8b61ea2d04f18b368ec93c02b4b,9460530642c672825cd29f234968eb654b72ff9e27e48b77f285096f28609cc0,a643f62d82e2a28f903663acade174fee38dbb8daecccea9dfcca80068c57ba8,
final,brusselator_n2e4,brusselator,Order-3 Brusselator,20000,20.0,threshold_2000,prospective,2,2000.0,106,1,1625,2026-07-12T16:55:16.333820+00:00,0.0020298,0.1042186,True,False,20.0,0.0,187790,197790,True,False,1,5443,1,0,3.210324438486341e-05,19.999967896755614,3.86e-05,0.10012809999999993,3e-06,0.0040489000000000636,23c22ae10778a43fe46a75432b282c318547e8b61ea2d04f18b368ec93c02b4b,9460530642c672825cd29f234968eb654b72ff9e27e48b77f285096f28609cc0,a643f62d82e2a28f903663acade174fee38dbb8daecccea9dfcca80068c57ba8,
final,brusselator_n2e4,brusselator,Order-3 Brusselator,20000,20.0,wallclock_timing,wallclock,0,,106,1,1626,2026-07-12T16:55:16.440553+00:00,0.0018391,0.1033204,True,False,20.0,0.0,187120,197120,True,False,256,5470,1,0,0.004260290811366558,19.995739709188634,0.006914999999999999,0.09279529999999994,3.6e-06,0.003606500000000054,752fc0fd4d25e948ef62eb2981f0e20f2d568de26b362ce29c46caf12b5e1707,86ab6aa1ddc6243ac709e23c7765dafe44a1865e2b6f6b26609f8b79456ea672,a643f62d82e2a28f903663acade174fee38dbb8daecccea9dfcca80068c57ba8,
final,brusselator_n2e4,brusselator,Order-3 Brusselator,20000,20.0,threshold_1000,prospective,2,1000.0,106,1,1627,2026-07-12T16:55:16.546220+00:00,0.0023452,0.0959018,True,False,20.0,0.0,187790,197790,True,False,1,5443,1,0,3.210324438486341e-05,19.999967896755614,3.93e-05,0.09199840000000034,3.5e-06,0.003860599999999645,23c22ae10778a43fe46a75432b282c318547e8b61ea2d04f18b368ec93c02b4b,9460530642c672825cd29f234968eb654b72ff9e27e48b77f285096f28609cc0,a643f62d82e2a28f903663acade174fee38dbb8daecccea9dfcca80068c57ba8,
final,brusselator_n2e4,brusselator,Order-3 Brusselator,20000,20.0,threshold_500,prospective,2,500.0,106,1,1628,2026-07-12T16:55:16.644935+00:00,0.002757,0.0987166,True,False,20.0,0.0,187790,197790,True,False,1,5443,1,0,3.210324438486341e-05,19.999967896755614,5.49e-05,0.09410359999999986,5e-06,0.004553100000000143,23c22ae10778a43fe46a75432b282c318547e8b61ea2d04f18b368ec93c02b4b,9460530642c672825cd29f234968eb654b72ff9e27e48b77f285096f28609cc0,a643f62d82e2a28f903663acade174fee38dbb8daecccea9dfcca80068c57ba8,
final,lotka_volterra_n10000000,lotka_volterra,Lotka-Volterra,10000000,1.0,threshold_2000,prospective,2,2000.0,105,1,1629,2026-07-12T16:55:16.746518+00:00,0.0024566,0.281612,True,False,1.0,0.0,12594806,22594806,True,False,1,4121,1,0,0.00016424352920226025,0.9998357564707977,3.14e-05,0.2789639999999997,4e-05,0.002576600000000262,063ca1ebf9e08a6c421f2228ffa6e6e0252455787287d4c631351225e7847432,b578281e74103b835986ee06326b2c1d29fb2bc097f28d3d63249b33949b1e0c,a643f62d82e2a28f903663acade174fee38dbb8daecccea9dfcca80068c57ba8,
final,lotka_volterra_n10000000,lotka_volterra,Lotka-Volterra,10000000,1.0,threshold_100,prospective,2,100.0,105,1,1630,2026-07-12T16:55:17.030547+00:00,0.0023493,0.0996474,True,False,1.0,0.0,12598421,22598421,False,False,9337,0,0,0,1.0,0.0,0.09510170000000055,0.0,0.0,0.004545699999999445,a6a25592af6f95bfdabd9267713a7825f924891bffd1c64e717d38f9e7e7107c,d189589403cfb33068f689cc7a84ec588a57490d67ada923e0dba75e7a935c88,a643f62d82e2a28f903663acade174fee38dbb8daecccea9dfcca80068c57ba8,
final,lotka_volterra_n10000000,lotka_volterra,Lotka-Volterra,10000000,1.0,threshold_500,prospective,2,500.0,105,1,1631,2026-07-12T16:55:17.133879+00:00,0.001735,0.0975953,True,False,1.0,0.0,12598421,22598421,False,False,9337,0,0,0,1.0,0.0,0.09311450000000081,0.0,0.0,0.004480799999999188,a6a25592af6f95bfdabd9267713a7825f924891bffd1c64e717d38f9e7e7107c,d189589403cfb33068f689cc7a84ec588a57490d67ada923e0dba75e7a935c88,a643f62d82e2a28f903663acade174fee38dbb8daecccea9dfcca80068c57ba8,
final,lotka_volterra_n10000000,lotka_volterra,Lotka-Volterra,10000000,1.0,threshold_1000,prospective,2,1000.0,105,1,1632,2026-07-12T16:55:17.232836+00:00,0.0017231,0.1006341,True,False,1.0,0.0,12598421,22598421,False,False,9337,0,0,0,1.0,0.0,0.0960523000000013,0.0,0.0,0.004581799999998706,a6a25592af6f95bfdabd9267713a7825f924891bffd1c64e717d38f9e7e7107c,d189589403cfb33068f689cc7a84ec588a57490d67ada923e0dba75e7a935c88,a643f62d82e2a28f903663acade174fee38dbb8daecccea9dfcca80068c57ba8,
final,lotka_volterra_n10000000,lotka_volterra,Lotka-Volterra,10000000,1.0,threshold_250,prospective,2,250.0,105,1,1633,2026-07-12T16:55:17.336247+00:00,0.002592,0.101205,True,False,1.0,0.0,12598421,22598421,False,False,9337,0,0,0,1.0,0.0,0.09650970000000132,0.0,0.0,0.004695299999998681,a6a25592af6f95bfdabd9267713a7825f924891bffd1c64e717d38f9e7e7107c,d189589403cfb33068f689cc7a84ec588a57490d67ada923e0dba75e7a935c88,a643f62d82e2a28f903663acade174fee38dbb8daecccea9dfcca80068c57ba8,
final,lotka_volterra_n10000000,lotka_volterra,Lotka-Volterra,10000000,1.0,wallclock_timing,wallclock,0,,105,1,1634,2026-07-12T16:55:17.439839+00:00,0.0020756,0.1481762,True,False,1.0,0.0,12603307,22603307,False,False,6323,1317,4,0,0.6782273020191725,0.3217726979808276,0.06623990000000014,0.07850950000000002,4.2e-05,0.0033847999999998546,dab237993b75dc677755e90ab0521d6a15fc7cce3655c28b68d0db4bba7ac141,7aec88f85a6ede35968a654fe37dac6b1862411013f17c05db2e9d4dcf7cb845,a643f62d82e2a28f903663acade174fee38dbb8daecccea9dfcca80068c57ba8,
final,lotka_volterra_n1000000,lotka_volterra,Lotka-Volterra,1000000,1.0,threshold_2000,prospective,2,2000.0,105,1,1635,2026-07-12T16:55:17.590728+00:00,0.0023175,0.0261032,True,False,1.0,0.0,1259971,2259971,True,False,1,1303,1,0,0.0005137558578821638,0.9994862441421178,1.77e-05,0.02544619999999999,3.2e-06,0.0006361000000000144,80775fd91c66a24da7c9346deca9232423acc614e923746b4d9f22d9ebe289ae,a6c0f9a078b8373b95c82b382a0f6977b02d1f6021a3a50101915cf921246430,a643f62d82e2a28f903663acade174fee38dbb8daecccea9dfcca80068c57ba8,
final,lotka_volterra_n1000000,lotka_volterra,Lotka-Volterra,1000000,1.0,threshold_1000,prospective,2,1000.0,105,1,1636,2026-07-12T16:55:17.619277+00:00,0.0015842,0.0257255,True,False,1.0,0.0,1259971,2259971,True,False,1,1303,1,0,0.0005137558578821638,0.9994862441421178,1.68e-05,0.025004400000000048,2.4e-06,0.0007018999999999498,80775fd91c66a24da7c9346deca9232423acc614e923746b4d9f22d9ebe289ae,a6c0f9a078b8373b95c82b382a0f6977b02d1f6021a3a50101915cf921246430,a643f62d82e2a28f903663acade174fee38dbb8daecccea9dfcca80068c57ba8,
final,lotka_volterra_n1000000,lotka_volterra,Lotka-Volterra,1000000,1.0,threshold_500,prospective,2,500.0,105,1,1637,2026-07-12T16:55:17.646854+00:00,0.0018717,0.0347228,True,False,1.0,0.0,1259971,2259971,True,False,1,1303,1,0,0.0005137558578821638,0.9994862441421178,2.31e-05,0.03384220000000002,2.7e-06,0.000854799999999982,80775fd91c66a24da7c9346deca9232423acc614e923746b4d9f22d9ebe289ae,a6c0f9a078b8373b95c82b382a0f6977b02d1f6021a3a50101915cf921246430,a643f62d82e2a28f903663acade174fee38dbb8daecccea9dfcca80068c57ba8,
final,lotka_volterra_n1000000,lotka_volterra,Lotka-Volterra,1000000,1.0,threshold_250,prospective,2,250.0,105,1,1638,2026-07-12T16:55:17.684081+00:00,0.0018518,0.0338397,True,False,1.0,0.0,1259423,2259423,False,False,2927,0,0,0,1.0,0.0,0.032206000000000075,0.0,0.0,0.0016336999999999255,7750fd1ed82f769488c28a7a4ac991ecdef344d184de041f2fd78180d5795dfb,30d46d0dfe0125ede59f535930f66243d193adf7f6f591059c70f60aeed3d5a0,a643f62d82e2a28f903663acade174fee38dbb8daecccea9dfcca80068c57ba8,
final,lotka_volterra_n1000000,lotka_volterra,Lotka-Volterra,1000000,1.0,wallclock_timing,wallclock,0,,105,1,1639,2026-07-12T16:55:17.719571+00:00,0.0016699,0.0300088,True,False,1.0,0.0,1263025,2263025,False,False,2912,2,2,0,0.9984020615992425,0.0015979384007575176,0.02866939999999996,4.54e-05,8.7e-06,0.0012853000000000378,e8dfd78d390d7fbe6b0eec265d0a84a27e3e26f74997f340da15e2ef133fdc4a,b693198bf6afe9daa88a65e58eedfcd5984262607584ae60eb8fac2bccf17af1,a643f62d82e2a28f903663acade174fee38dbb8daecccea9dfcca80068c57ba8,
final,lotka_volterra_n1000000,lotka_volterra,Lotka-Volterra,1000000,1.0,threshold_100,prospective,2,100.0,105,1,1640,2026-07-12T16:55:17.752140+00:00,0.0017648,0.0296659,True,False,1.0,0.0,1259423,2259423,False,False,2927,0,0,0,1.0,0.0,0.028279599999999978,0.0,0.0,0.0013863000000000208,7750fd1ed82f769488c28a7a4ac991ecdef344d184de041f2fd78180d5795dfb,30d46d0dfe0125ede59f535930f66243d193adf7f6f591059c70f60aeed3d5a0,a643f62d82e2a28f903663acade174fee38dbb8daecccea9dfcca80068c57ba8,
final,brusselator_n2e4,brusselator,Order-3 Brusselator,20000,20.0,wallclock_timing,wallclock,0,,105,0,1641,2026-07-12T16:55:17.783644+00:00,0.0024822,0.0948057,True,False,20.0,0.0,187414,197414,True,False,256,5468,1,0,0.004566204699297928,19.995433795300702,0.007181300000000008,0.08385250000000048,3.4e-06,0.0037684999999995222,cc7cbcd632c758d4f70a803c64250df17a332f3b32c7d5f7ee3f1588cdec71cf,696332214eccf0c1a8f3457a14174a4e9b956d26d77f38949e0ae642dc6229cb,a643f62d82e2a28f903663acade174fee38dbb8daecccea9dfcca80068c57ba8,
final,brusselator_n2e4,brusselator,Order-3 Brusselator,20000,20.0,threshold_500,prospective,2,500.0,105,0,1642,2026-07-12T16:55:17.881019+00:00,0.0019027,0.0822072,True,False,20.0,0.0,187448,197448,True,False,1,5455,1,0,2.4629967265270288e-05,19.999975370032736,3.86e-05,0.0782684000000004,2.8e-06,0.003897399999999593,a9287ca1fb5cdb31d52f9bb1729193455be689a4b428d228d6f67a0619c7fd8d,a3b39d3b3d872b0a539cb77ba85e55a447c2d071d8e754f9de4533bee9bf180d,a643f62d82e2a28f903663acade174fee38dbb8daecccea9dfcca80068c57ba8,
final,brusselator_n2e4,brusselator,Order-3 Brusselator,20000,20.0,threshold_250,prospective,2,250.0,105,0,1643,2026-07-12T16:55:17.965614+00:00,0.0018955,0.0817614,True,False,20.0,0.0,187448,197448,True,False,1,5455,1,0,2.4629967265270288e-05,19.999975370032736,3.78e-05,0.07787150000000014,2.9e-06,0.0038491999999998583,a9287ca1fb5cdb31d52f9bb1729193455be689a4b428d228d6f67a0619c7fd8d,a3b39d3b3d872b0a539cb77ba85e55a447c2d071d8e754f9de4533bee9bf180d,a643f62d82e2a28f903663acade174fee38dbb8daecccea9dfcca80068c57ba8,
final,brusselator_n2e4,brusselator,Order-3 Brusselator,20000,20.0,threshold_1000,prospective,2,1000.0,105,0,1644,2026-07-12T16:55:18.049292+00:00,0.0021716,0.1141856,True,False,20.0,0.0,187448,197448,True,False,1,5455,1,0,2.4629967265270288e-05,19.999975370032736,3.89e-05,0.1088874000000002,3.4e-06,0.0052558999999998,a9287ca1fb5cdb31d52f9bb1729193455be689a4b428d228d6f67a0619c7fd8d,a3b39d3b3d872b0a539cb77ba85e55a447c2d071d8e754f9de4533bee9bf180d,a643f62d82e2a28f903663acade174fee38dbb8daecccea9dfcca80068c57ba8,
final,brusselator_n2e4,brusselator,Order-3 Brusselator,20000,20.0,threshold_2000,prospective,2,2000.0,105,0,1645,2026-07-12T16:55:18.166454+00:00,0.0019232,0.108055,True,False,20.0,0.0,187448,197448,True,False,1,5455,1,0,2.4629967265270288e-05,19.999975370032736,4.08e-05,0.10322169999999967,3.4e-06,0.0047891000000003375,a9287ca1fb5cdb31d52f9bb1729193455be689a4b428d228d6f67a0619c7fd8d,a3b39d3b3d872b0a539cb77ba85e55a447c2d071d8e754f9de4533bee9bf180d,a643f62d82e2a28f903663acade174fee38dbb8daecccea9dfcca80068c57ba8,
final,brusselator_n2e4,brusselator,Order-3 Brusselator,20000,20.0,threshold_100,prospective,2,100.0,105,0,1646,2026-07-12T16:55:18.276109+00:00,0.0024299,0.1059235,True,False,20.0,0.0,187448,197448,True,False,1,5455,1,0,2.4629967265270288e-05,19.999975370032736,6.04e-05,0.1013027000000001,4e-06,0.004556399999999891,a9287ca1fb5cdb31d52f9bb1729193455be689a4b428d228d6f67a0619c7fd8d,a3b39d3b3d872b0a539cb77ba85e55a447c2d071d8e754f9de4533bee9bf180d,a643f62d82e2a28f903663acade174fee38dbb8daecccea9dfcca80068c57ba8,
final,oregonator_n1e5,oregonator,Oregonator,100000,1.0,threshold_500,prospective,2,500.0,103,0,1647,2026-07-12T16:55:18.385120+00:00,0.0021787,0.1272262,True,False,1.0,0.0,52807,104807,True,False,1,11119,1,0,3.5275797584346464e-06,0.9999964724202416,2.16e-05,0.11760079999999934,3.7e-06,0.00960010000000068,8faaef4e6097bfe15cf323c0af353f6f152bf71c24b1e765b94bd53697777413,3c42fb86c8fff661b49791e4dc7b0fdd310365f8fb00ea3deacba8d934143c5f,a643f62d82e2a28f903663acade174fee38dbb8daecccea9dfcca80068c57ba8,
final,oregonator_n1e5,oregonator,Oregonator,100000,1.0,threshold_2000,prospective,2,2000.0,103,0,1648,2026-07-12T16:55:18.515174+00:00,0.0025687,0.1264924,True,False,1.0,0.0,52807,104807,True,False,1,11119,1,0,3.5275797584346464e-06,0.9999964724202416,2.3e-05,0.11721049999999979,3.7e-06,0.009255200000000227,8faaef4e6097bfe15cf323c0af353f6f152bf71c24b1e765b94bd53697777413,3c42fb86c8fff661b49791e4dc7b0fdd310365f8fb00ea3deacba8d934143c5f,a643f62d82e2a28f903663acade174fee38dbb8daecccea9dfcca80068c57ba8,
final,oregonator_n1e5,oregonator,Oregonator,100000,1.0,threshold_250,prospective,2,250.0,103,0,1649,2026-07-12T16:55:18.644232+00:00,0.0019739,0.1229095,True,False,1.0,0.0,52807,104807,True,False,1,11119,1,0,3.5275797584346464e-06,0.9999964724202416,1.95e-05,0.1138201999999999,3.6e-06,0.009066200000000094,8faaef4e6097bfe15cf323c0af353f6f152bf71c24b1e765b94bd53697777413,3c42fb86c8fff661b49791e4dc7b0fdd310365f8fb00ea3deacba8d934143c5f,a643f62d82e2a28f903663acade174fee38dbb8daecccea9dfcca80068c57ba8,
final,oregonator_n1e5,oregonator,Oregonator,100000,1.0,threshold_1000,prospective,2,1000.0,103,0,1650,2026-07-12T16:55:18.769854+00:00,0.0023047,0.1519193,True,False,1.0,0.0,52807,104807,True,False,1,11119,1,0,3.5275797584346464e-06,0.9999964724202416,2.15e-05,0.1410073999999998,4e-06,0.010886400000000185,8faaef4e6097bfe15cf323c0af353f6f152bf71c24b1e765b94bd53697777413,3c42fb86c8fff661b49791e4dc7b0fdd310365f8fb00ea3deacba8d934143c5f,a643f62d82e2a28f903663acade174fee38dbb8daecccea9dfcca80068c57ba8,
final,oregonator_n1e5,oregonator,Oregonator,100000,1.0,threshold_100,prospective,2,100.0,103,0,1651,2026-07-12T16:55:18.923740+00:00,0.0022334,0.1376226,True,False,1.0,0.0,52807,104807,True,False,1,11119,1,0,3.5275797584346464e-06,0.9999964724202416,2.23e-05,0.12738129999999864,3.8e-06,0.010215200000001368,8faaef4e6097bfe15cf323c0af353f6f152bf71c24b1e765b94bd53697777413,3c42fb86c8fff661b49791e4dc7b0fdd310365f8fb00ea3deacba8d934143c5f,a643f62d82e2a28f903663acade174fee38dbb8daecccea9dfcca80068c57ba8,
final,oregonator_n1e5,oregonator,Oregonator,100000,1.0,wallclock_timing,wallclock,0,,103,0,1652,2026-07-12T16:55:19.064002+00:00,0.0029775,0.1735126,True,False,1.0,0.0,54971,106971,True,False,3074,11382,7,0,0.0067083960319752845,0.9932916039680247,0.04150750000000009,0.12013009999999878,0.00022370000000000002,0.011651300000001114,cd3ce6d78e67544c3c67d50bc585122e4af155313cd9579624dbb47c9b565e32,a2716a5e53be48bb00563b30f341082e6ec0dcb2f678a4a8282c6b7de7665f6c,a643f62d82e2a28f903663acade174fee38dbb8daecccea9dfcca80068c57ba8,
final,lotka_volterra_n1000000,lotka_volterra,Lotka-Volterra,1000000,1.0,wallclock_timing,wallclock,0,,102,0,1653,2026-07-12T16:55:19.240628+00:00,0.0019391,0.0336952,True,False,1.0,0.0,1259859,2259859,False,False,2885,2,2,0,0.998402566185791,0.001597433814208904,0.03209669999999998,3.9800000000000005e-05,9.299999999999999e-06,0.0015494000000000271,45fc7cd4bfdfc577679f1e7764e3e3fae37a645adc94445eccebcc0d62d2e2f1,6235c31dd9d25daa77e4e62f04282828f9f351c20cc625330f8e42c22f1681d3,a643f62d82e2a28f903663acade174fee38dbb8daecccea9dfcca80068c57ba8,
final,lotka_volterra_n1000000,lotka_volterra,Lotka-Volterra,1000000,1.0,threshold_2000,prospective,2,2000.0,102,0,1654,2026-07-12T16:55:19.276702+00:00,0.0021681,0.0281443,True,False,1.0,0.0,1257888,2257888,True,False,1,1302,1,0,0.0006027752338752138,0.9993972247661248,2.05e-05,0.027444700000000034,2.9e-06,0.0006761999999999671,12cd9d4a0c6f2a6ea44a9f79a8671722595b3ea1e78ae04c91b473f0bfd2adde,6420595d26083036b2f701cec16967f309559745d2d111a4a7e279105c3142b8,a643f62d82e2a28f903663acade174fee38dbb8daecccea9dfcca80068c57ba8,
final,lotka_volterra_n1000000,lotka_volterra,Lotka-Volterra,1000000,1.0,threshold_100,prospective,2,100.0,102,0,1655,2026-07-12T16:55:19.307445+00:00,0.0027083,0.0340287,True,False,1.0,0.0,1259716,2259716,False,False,2890,0,0,0,1.0,0.0,0.03237389999999997,0.0,0.0,0.0016548000000000326,ec9f1e21b97075ac886c54ff9e738157ab72bd8a0a9d78f107faf87189636ffd,23f554b7496f420fd5c418a658689e137ea89b87d15db3c163d1f60404c51ada,a643f62d82e2a28f903663acade174fee38dbb8daecccea9dfcca80068c57ba8,
final,lotka_volterra_n1000000,lotka_volterra,Lotka-Volterra,1000000,1.0,threshold_500,prospective,2,500.0,102,0,1656,2026-07-12T16:55:19.344523+00:00,0.0035333,0.0282954,True,False,1.0,0.0,1257888,2257888,True,False,1,1302,1,0,0.0006027752338752138,0.9993972247661248,8.03e-05,0.02751610000000006,8.9e-06,0.0006900999999999401,12cd9d4a0c6f2a6ea44a9f79a8671722595b3ea1e78ae04c91b473f0bfd2adde,6420595d26083036b2f701cec16967f309559745d2d111a4a7e279105c3142b8,a643f62d82e2a28f903663acade174fee38dbb8daecccea9dfcca80068c57ba8,
final,lotka_volterra_n1000000,lotka_volterra,Lotka-Volterra,1000000,1.0,threshold_250,prospective,2,250.0,102,0,1657,2026-07-12T16:55:19.377723+00:00,0.0029286,0.0321129,True,False,1.0,0.0,1259716,2259716,False,False,2890,0,0,0,1.0,0.0,0.030579099999999998,0.0,0.0,0.0015338000000000018,ec9f1e21b97075ac886c54ff9e738157ab72bd8a0a9d78f107faf87189636ffd,23f554b7496f420fd5c418a658689e137ea89b87d15db3c163d1f60404c51ada,a643f62d82e2a28f903663acade174fee38dbb8daecccea9dfcca80068c57ba8,
final,lotka_volterra_n1000000,lotka_volterra,Lotka-Volterra,1000000,1.0,threshold_1000,prospective,2,1000.0,102,0,1658,2026-07-12T16:55:19.413077+00:00,0.0031828,0.027465,True,False,1.0,0.0,1257888,2257888,True,False,1,1302,1,0,0.0006027752338752138,0.9993972247661248,2.36e-05,0.026787500000000037,3.9e-06,0.0006499999999999631,12cd9d4a0c6f2a6ea44a9f79a8671722595b3ea1e78ae04c91b473f0bfd2adde,6420595d26083036b2f701cec16967f309559745d2d111a4a7e279105c3142b8,a643f62d82e2a28f903663acade174fee38dbb8daecccea9dfcca80068c57ba8,
final,shrinking_split_b_decay_n2e6,shrinking,Shrinking split B decay,2000000,0.1,threshold_500,prospective,2,500.0,102,0,1659,2026-07-12T16:55:19.443656+00:00,0.0028186,0.0391899,True,False,0.1,0.0,73,2253137,True,False,1564,2054,1,6,0.00623164386313527,0.09376835613686474,0.011353700000000112,0.025946300000000002,4.9e-06,0.0018849999999998868,a52adb6b1af9a79a7c78488a42935ed4b020794f4758ef2f8b3c3203fda50332,5195318b3a625b6625a98c7b0946008912af41b1b1f766d6ca5de0fd27d140cb,a643f62d82e2a28f903663acade174fee38dbb8daecccea9dfcca80068c57ba8,
final,shrinking_split_b_decay_n2e6,shrinking,Shrinking split B decay,2000000,0.1,wallclock_timing,wallclock,0,,102,0,1660,2026-07-12T16:55:19.486616+00:00,0.002435,0.0435317,True,False,0.1,0.0,91,287,False,False,5828,2,2,98,0.09998519217080684,1.4807829193167073e-05,0.04076449999999986,5.88e-05,7.6e-06,0.002700800000000135,8f5d06a9ab0fa4444a3ac4e1476753da057f3129f8e4ac26d4c8f299f18ff5db,70ed4a0884a81e2bca4c10e2c5fc407d328e3f861275e5d34a674d86d827f76c,a643f62d82e2a28f903663acade174fee38dbb8daecccea9dfcca80068c57ba8,
final,shrinking_split_b_decay_n2e6,shrinking,Shrinking split B decay,2000000,0.1,threshold_250,prospective,2,250.0,102,0,1661,2026-07-12T16:55:19.533218+00:00,0.002765,0.0346624,True,False,0.1,0.0,85,589801,True,False,3714,1024,1,20,0.020115361845840132,0.07988463815415987,0.025461199999999913,0.006921000000000001,4.1e-06,0.0022761000000000864,7a7f42d6c8fd6cc75664220e54701334786ff77580d9d45ec1205ba839e122bb,a02a73f517aed5dc53f686f306b8ea2103c25fd4b4c3378087505b76450335ef,a643f62d82e2a28f903663acade174fee38dbb8daecccea9dfcca80068c57ba8,
final,shrinking_split_b_decay_n2e6,shrinking,Shrinking split B decay,2000000,0.1,threshold_2000,prospective,2,2000.0,102,0,1662,2026-07-12T16:55:19.570797+00:00,0.0026182,0.056693,True,False,0.1,0.0,85,4000085,True,False,1,2820,1,0,5.686732884691339e-06,0.09999431326711532,1.66e-05,0.05509049999999984,5e-06,0.0015809000000001627,e5ed88b94d51384c3e7ebd93dd49c8537dbb1dee07f4724deb2190c0fb0c2b25,cb4b28debf36315ebfae2e421bfbee7e17a053336783ec9eec0a0ccfe73b034c,a643f62d82e2a28f903663acade174fee38dbb8daecccea9dfcca80068c57ba8,
final,shrinking_split_b_decay_n2e6,shrinking,Shrinking split B decay,2000000,0.1,threshold_1000,prospective,2,1000.0,102,0,1663,2026-07-12T16:55:19.630084+00:00,0.0024373,0.0530904,True,False,0.1,0.0,85,4000085,True,False,1,2820,1,0,5.686732884691339e-06,0.09999431326711532,2.4e-05,0.05151999999999993,3.8e-06,0.0015426000000000745,e5ed88b94d51384c3e7ebd93dd49c8537dbb1dee07f4724deb2190c0fb0c2b25,cb4b28debf36315ebfae2e421bfbee7e17a053336783ec9eec0a0ccfe73b034c,a643f62d82e2a28f903663acade174fee38dbb8daecccea9dfcca80068c57ba8,
final,shrinking_split_b_decay_n2e6,shrinking,Shrinking split B decay,2000000,0.1,threshold_100,prospective,2,100.0,102,0,1664,2026-07-12T16:55:19.686495+00:00,0.0020616,0.0461309,True,False,0.1,0.0,88,86364,True,False,5003,400,1,40,0.03841388215971376,0.061586117840286246,0.04135209999999991,0.001404100000000001,3.1e-06,0.0033716000000000926,65ad95a70fd8981c5e5530c3c5885652dd568f6a2298ab4a3823f098887c353d,0653cdc81610980b95f1ca81c6f61c789814e16e02c2aaaf36eefad4da743638,a643f62d82e2a28f903663acade174fee38dbb8daecccea9dfcca80068c57ba8,
final,shrinking_split_b_decay_n2e6,shrinking,Shrinking split B decay,2000000,0.1,threshold_2000,prospective,2,2000.0,105,0,1665,2026-07-12T16:55:19.734534+00:00,0.0017377,0.0555217,True,False,0.1,0.0,88,4000088,True,False,1,2820,1,0,4.881735625155798e-06,0.09999511826437485,2.24e-05,0.05398120000000008,2.8e-06,0.0015152999999999209,b1fef69eb2b2f2eba239efa1f79d6bbcd31dc0d74517c0164368e40c92ca0ae0,e0aaeab44a35a6dcfce66d6961dca6cf69ad68610d71bdddc4d0d35cf0e10a68,a643f62d82e2a28f903663acade174fee38dbb8daecccea9dfcca80068c57ba8,
final,shrinking_split_b_decay_n2e6,shrinking,Shrinking split B decay,2000000,0.1,wallclock_timing,wallclock,0,,105,0,1666,2026-07-12T16:55:19.792653+00:00,0.0023114,0.0483236,True,False,0.1,0.0,100,300,False,False,5800,2,2,97,0.0999852596104246,1.4740389575398157e-05,0.045042300000000327,0.0001057,1.4999999999999999e-05,0.0031605999999996734,51b1e0636032d270e215282b667a9314eeb52352f5dfd1b056ba03107c83ccfd,6de2be01218d045618f55e4356d6699cceb447ae6ae71473a0fda8eba4cb2596,a643f62d82e2a28f903663acade174fee38dbb8daecccea9dfcca80068c57ba8,
final,shrinking_split_b_decay_n2e6,shrinking,Shrinking split B decay,2000000,0.1,threshold_100,prospective,2,100.0,105,0,1667,2026-07-12T16:55:19.843842+00:00,0.0020978,0.0432285,True,False,0.1,0.0,87,94411,True,False,5033,400,1,39,0.03834090773520997,0.061659092264790036,0.03902379999999993,0.0011642,2.6e-06,0.0030379000000000794,d55fcb815bafe5bb0d426c6a0a123a0ad677ebb6109afbcca0abf0cd42ef91b4,c00ec3ad81c69acd79d1806acc29da9e68970d3e09ed3ae9b0124944a3f5804f,a643f62d82e2a28f903663acade174fee38dbb8daecccea9dfcca80068c57ba8,
final,shrinking_split_b_decay_n2e6,shrinking,Shrinking split B decay,2000000,0.1,threshold_1000,prospective,2,1000.0,105,0,1668,2026-07-12T16:55:19.888760+00:00,0.0016906,0.0624059,True,False,0.1,0.0,88,4000088,True,False,1,2820,1,0,4.881735625155798e-06,0.09999511826437485,1.61e-05,0.0606659000000001,1.9e-06,0.0017219999999999042,b1fef69eb2b2f2eba239efa1f79d6bbcd31dc0d74517c0164368e40c92ca0ae0,e0aaeab44a35a6dcfce66d6961dca6cf69ad68610d71bdddc4d0d35cf0e10a68,a643f62d82e2a28f903663acade174fee38dbb8daecccea9dfcca80068c57ba8,
final,shrinking_split_b_decay_n2e6,shrinking,Shrinking split B decay,2000000,0.1,threshold_500,prospective,2,500.0,105,0,1669,2026-07-12T16:55:19.953997+00:00,0.0018015,0.044565,True,False,0.1,0.0,92,2254862,True,False,1588,2057,1,6,0.0062442510400629245,0.09375574895993707,0.01304049999999998,0.029448400000000003,2.5e-06,0.0020736000000000157,f9da206c0e34c10a114a8d26320f5c2ae0fda890087f723352ae98a3e565bbd3,659fc616a02120eef86a4fdd2edef26b9c0718df133a1c49ad2849f83e5733aa,a643f62d82e2a28f903663acade174fee38dbb8daecccea9dfcca80068c57ba8,
final,shrinking_split_b_decay_n2e6,shrinking,Shrinking split B decay,2000000,0.1,threshold_250,prospective,2,250.0,105,0,1670,2026-07-12T16:55:20.000163+00:00,0.0019224,0.0412221,True,False,0.1,0.0,92,536804,True,False,3741,1022,1,21,0.0200897363214397,0.07991026367856031,0.032084299999999934,0.006266600000000002,3.4e-06,0.002867800000000059,769fd50211d8b768394a118ca132b819e9e5fa5d899f601cf306c9c2fd6d11f3,39dc20f8d655eca4153ddfaace6664fcb0712049b429d7112609c84544638cd3,a643f62d82e2a28f903663acade174fee38dbb8daecccea9dfcca80068c57ba8,
final,lotka_volterra_n1000000,lotka_volterra,Lotka-Volterra,1000000,1.0,threshold_100,prospective,2,100.0,101,1,1671,2026-07-12T16:55:20.043746+00:00,0.0028597,0.0309423,True,False,1.0,0.0,1259673,2259673,False,False,2954,0,0,0,1.0,0.0,0.02945399999999991,0.0,0.0,0.0014883000000000882,c8c7a4282eade7f11e742efbecf899a9d2ae5811c708299f05ae30e8119144e3,925b72781822c2eb318d816120a1cab2f872c47db2338e35e1faddd46fcb6def,a643f62d82e2a28f903663acade174fee38dbb8daecccea9dfcca80068c57ba8,
final,lotka_volterra_n1000000,lotka_volterra,Lotka-Volterra,1000000,1.0,threshold_250,prospective,2,250.0,101,1,1672,2026-07-12T16:55:20.077557+00:00,0.0025975,0.0329984,True,False,1.0,0.0,1259673,2259673,False,False,2954,0,0,0,1.0,0.0,0.03131450000000003,0.0,0.0,0.0016838999999999674,c8c7a4282eade7f11e742efbecf899a9d2ae5811c708299f05ae30e8119144e3,925b72781822c2eb318d816120a1cab2f872c47db2338e35e1faddd46fcb6def,a643f62d82e2a28f903663acade174fee38dbb8daecccea9dfcca80068c57ba8,
final,lotka_volterra_n1000000,lotka_volterra,Lotka-Volterra,1000000,1.0,threshold_500,prospective,2,500.0,101,1,1673,2026-07-12T16:55:20.114076+00:00,0.0022336,0.0265668,True,False,1.0,0.0,1260733,2260733,True,False,1,1304,1,0,0.00023177383613606022,0.999768226163864,1.69e-05,0.025873200000000048,2.5e-06,0.0006741999999999547,f96acd7e51f991982a06909f16aeeb3bacd69f3835bbea9596643dc903b611fe,0ac8b10ae7d977e15369dcd66ecd6d0c981531d45af435ae38db7f506ef303bc,a643f62d82e2a28f903663acade174fee38dbb8daecccea9dfcca80068c57ba8,
final,lotka_volterra_n1000000,lotka_volterra,Lotka-Volterra,1000000,1.0,wallclock_timing,wallclock,0,,101,1,1674,2026-07-12T16:55:20.143635+00:00,0.0024321,0.033301,True,False,1.0,0.0,1260141,2260141,False,False,2936,4,4,0,0.9968965925318857,0.0031034074681143,0.03163259999999992,0.0001127,3.6099999999999997e-05,0.0015196000000000792,1474ce2b7d6a0762b199a5c4a6006648bdd2322e333ae06b63e158530ce1c6b8,b8c802d1982c46f879c5968bea42f75b059487097900a03bfa0b6b196b73de13,a643f62d82e2a28f903663acade174fee38dbb8daecccea9dfcca80068c57ba8,
final,lotka_volterra_n1000000,lotka_volterra,Lotka-Volterra,1000000,1.0,threshold_1000,prospective,2,1000.0,101,1,1675,2026-07-12T16:55:20.179192+00:00,0.0023872,0.0277635,True,False,1.0,0.0,1260733,2260733,True,False,1,1304,1,0,0.00023177383613606022,0.999768226163864,2.09e-05,0.027078800000000028,2.9e-06,0.0006608999999999712,f96acd7e51f991982a06909f16aeeb3bacd69f3835bbea9596643dc903b611fe,0ac8b10ae7d977e15369dcd66ecd6d0c981531d45af435ae38db7f506ef303bc,a643f62d82e2a28f903663acade174fee38dbb8daecccea9dfcca80068c57ba8,
final,lotka_volterra_n1000000,lotka_volterra,Lotka-Volterra,1000000,1.0,threshold_2000,prospective,2,2000.0,101,1,1676,2026-07-12T16:55:20.210054+00:00,0.0025371,0.0290441,True,False,1.0,0.0,1260733,2260733,True,False,1,1304,1,0,0.00023177383613606022,0.999768226163864,2.19e-05,0.02833340000000006,3.6e-06,0.0006851999999999414,f96acd7e51f991982a06909f16aeeb3bacd69f3835bbea9596643dc903b611fe,0ac8b10ae7d977e15369dcd66ecd6d0c981531d45af435ae38db7f506ef303bc,a643f62d82e2a28f903663acade174fee38dbb8daecccea9dfcca80068c57ba8,
final,oregonator_n1e5,oregonator,Oregonator,100000,1.0,threshold_500,prospective,2,500.0,104,0,1677,2026-07-12T16:55:20.242124+00:00,0.0030486,0.16472,True,False,1.0,0.0,81315,133315,True,False,1,16562,1,0,4.512199254750979e-06,0.9999954878007452,2.69e-05,0.15187489999999895,5.6e-06,0.012812600000001062,fd6855e0c117819b02f08e7d893643ec074425f97f98149d40366fd3c48b05b6,8193d2c4bcfc390fe4e1e9851a270cdbc6b5fab22f9c36297df9293efb15ed4c,a643f62d82e2a28f903663acade174fee38dbb8daecccea9dfcca80068c57ba8,
final,oregonator_n1e5,oregonator,Oregonator,100000,1.0,threshold_2000,prospective,2,2000.0,104,0,1678,2026-07-12T16:55:20.410370+00:00,0.002168,0.1515344,True,False,1.0,0.0,81315,133315,True,False,1,16562,1,0,4.512199254750979e-06,0.9999954878007452,2.29e-05,0.13962679999999797,3.3e-06,0.01188140000000204,fd6855e0c117819b02f08e7d893643ec074425f97f98149d40366fd3c48b05b6,8193d2c4bcfc390fe4e1e9851a270cdbc6b5fab22f9c36297df9293efb15ed4c,a643f62d82e2a28f903663acade174fee38dbb8daecccea9dfcca80068c57ba8,
final,oregonator_n1e5,oregonator,Oregonator,100000,1.0,threshold_100,prospective,2,100.0,104,0,1679,2026-07-12T16:55:20.564561+00:00,0.0025041,0.1592108,True,False,1.0,0.0,81315,133315,True,False,1,16562,1,0,4.512199254750979e-06,0.9999954878007452,2.62e-05,0.1469172999999983,6.2e-06,0.01226110000000169,fd6855e0c117819b02f08e7d893643ec074425f97f98149d40366fd3c48b05b6,8193d2c4bcfc390fe4e1e9851a270cdbc6b5fab22f9c36297df9293efb15ed4c,a643f62d82e2a28f903663acade174fee38dbb8daecccea9dfcca80068c57ba8,
final,oregonator_n1e5,oregonator,Oregonator,100000,1.0,wallclock_timing,wallclock,0,,104,0,1680,2026-07-12T16:55:20.726283+00:00,0.0021405,0.1647454,True,False,1.0,0.0,73977,125977,True,False,16,15230,9,0,3.0229680231767627e-05,0.9999697703197682,0.0002745,0.1532793,7.12e-05,0.011120399999999975,45b832dbf0db4cb4fde632e1a0e9e8e4e7a5259d4192c0c32259ffe21a86d838,1bc9ab25004998c3cfec8570f1fd1d7b8576d022835db4f768e1bbfad5131753,a643f62d82e2a28f903663acade174fee38dbb8daecccea9dfcca80068c57ba8,
final,oregonator_n1e5,oregonator,Oregonator,100000,1.0,threshold_250,prospective,2,250.0,104,0,1681,2026-07-12T16:55:20.893777+00:00,0.0022853,0.1578506,True,False,1.0,0.0,81315,133315,True,False,1,16562,1,0,4.512199254750979e-06,0.9999954878007452,2.15e-05,0.14543389999999828,3.4e-06,0.01239180000000173,fd6855e0c117819b02f08e7d893643ec074425f97f98149d40366fd3c48b05b6,8193d2c4bcfc390fe4e1e9851a270cdbc6b5fab22f9c36297df9293efb15ed4c,a643f62d82e2a28f903663acade174fee38dbb8daecccea9dfcca80068c57ba8,
final,oregonator_n1e5,oregonator,Oregonator,100000,1.0,threshold_1000,prospective,2,1000.0,104,0,1682,2026-07-12T16:55:21.054373+00:00,0.0021405,0.1642608,True,False,1.0,0.0,81315,133315,True,False,1,16562,1,0,4.512199254750979e-06,0.9999954878007452,2.56e-05,0.15149239999999847,4.2e-06,0.012738600000001543,fd6855e0c117819b02f08e7d893643ec074425f97f98149d40366fd3c48b05b6,8193d2c4bcfc390fe4e1e9851a270cdbc6b5fab22f9c36297df9293efb15ed4c,a643f62d82e2a28f903663acade174fee38dbb8daecccea9dfcca80068c57ba8,
final,lotka_volterra_n1000000,lotka_volterra,Lotka-Volterra,1000000,1.0,threshold_100,prospective,2,100.0,103,1,1683,2026-07-12T16:55:21.220714+00:00,0.0016676,0.0319988,True,False,1.0,0.0,1259722,2259722,False,False,2928,0,0,0,1.0,0.0,0.030431699999999815,0.0,0.0,0.0015671000000001857,e052609527d5b5f4cf38102154e1a88d8f968dc4a1c954a550cc44274341962f,314ac858a713da91fece410ffcdf987ede875d791388667eeb3f65afa9bb79de,a643f62d82e2a28f903663acade174fee38dbb8daecccea9dfcca80068c57ba8,
final,lotka_volterra_n1000000,lotka_volterra,Lotka-Volterra,1000000,1.0,threshold_2000,prospective,2,2000.0,103,1,1684,2026-07-12T16:55:21.254454+00:00,0.0024542,0.0269871,True,False,1.0,0.0,1261206,2261206,True,False,1,1303,1,0,0.0004810295881355488,0.9995189704118645,1.81e-05,0.026316599999999992,3.3e-06,0.0006491000000000066,1a0ef1d6250a8670c124fd1bd08df67646c8426c7d6116ed05b6b017b3ae3db2,58321aac9d770cb0061546ca7a1a943becc3385bd3feb9ba94ab43a3ec3b2b1b,a643f62d82e2a28f903663acade174fee38dbb8daecccea9dfcca80068c57ba8,
final,lotka_volterra_n1000000,lotka_volterra,Lotka-Volterra,1000000,1.0,threshold_250,prospective,2,250.0,103,1,1685,2026-07-12T16:55:21.284473+00:00,0.0016629,0.0330004,True,False,1.0,0.0,1259722,2259722,False,False,2928,0,0,0,1.0,0.0,0.031427499999999955,0.0,0.0,0.0015729000000000437,e052609527d5b5f4cf38102154e1a88d8f968dc4a1c954a550cc44274341962f,314ac858a713da91fece410ffcdf987ede875d791388667eeb3f65afa9bb79de,a643f62d82e2a28f903663acade174fee38dbb8daecccea9dfcca80068c57ba8,
final,lotka_volterra_n1000000,lotka_volterra,Lotka-Volterra,1000000,1.0,threshold_500,prospective,2,500.0,103,1,1686,2026-07-12T16:55:21.319549+00:00,0.0016094,0.026604,True,False,1.0,0.0,1261206,2261206,True,False,1,1303,1,0,0.0004810295881355488,0.9995189704118645,1.6e-05,0.02594559999999997,2.2e-06,0.0006402000000000282,1a0ef1d6250a8670c124fd1bd08df67646c8426c7d6116ed05b6b017b3ae3db2,58321aac9d770cb0061546ca7a1a943becc3385bd3feb9ba94ab43a3ec3b2b1b,a643f62d82e2a28f903663acade174fee38dbb8daecccea9dfcca80068c57ba8,
final,lotka_volterra_n1000000,lotka_volterra,Lotka-Volterra,1000000,1.0,threshold_1000,prospective,2,1000.0,103,1,1687,2026-07-12T16:55:21.348101+00:00,0.0015905,0.0263891,True,False,1.0,0.0,1261206,2261206,True,False,1,1303,1,0,0.0004810295881355488,0.9995189704118645,1.76e-05,0.02571510000000005,2e-06,0.0006543999999999509,1a0ef1d6250a8670c124fd1bd08df67646c8426c7d6116ed05b6b017b3ae3db2,58321aac9d770cb0061546ca7a1a943becc3385bd3feb9ba94ab43a3ec3b2b1b,a643f62d82e2a28f903663acade174fee38dbb8daecccea9dfcca80068c57ba8,
final,lotka_volterra_n1000000,lotka_volterra,Lotka-Volterra,1000000,1.0,wallclock_timing,wallclock,0,,103,1,1688,2026-07-12T16:55:21.376430+00:00,0.0015483,0.0295303,True,False,1.0,0.0,1260669,2260669,False,False,2925,2,2,0,0.9984017736485175,0.0015982263514825457,0.028179999999999924,8.99e-05,7.3e-06,0.0012531000000000764,950c4f894a3d5831927e5230b5b965758371f7a7a2c934efabcc61793a724cb9,3cb8e8937b8fa3533b0fdb1dcd0e0cf44d516086c1ffc6ee557868e11b6df611,a643f62d82e2a28f903663acade174fee38dbb8daecccea9dfcca80068c57ba8,
final,rossler_n1e5,rossler,Rössler-Willamowski,100000,1.0,wallclock_timing,wallclock,0,,105,0,1689,2026-07-12T16:55:21.407554+00:00,0.002158,2.1212965,True,False,1.0,0.0,3012195,6012195,False,False,129175,5678,74,22,0.7934900952183785,0.20650990478162148,1.5885869000004307,0.3919149999999999,0.0010212,0.13977339999956961,826d3f524c0cd13b089b8664c214407438e599a4c3aaa66964390ec1190c82b9,a8341ffb1d2faae5caf3785206826e64d9b8513e30fcab527c9765eaa9ee61cc,a643f62d82e2a28f903663acade174fee38dbb8daecccea9dfcca80068c57ba8,
final,rossler_n1e5,rossler,Rössler-Willamowski,100000,1.0,threshold_500,prospective,2,500.0,105,0,1690,2026-07-12T16:55:23.531802+00:00,0.0031356,2.7868267,True,False,1.0,0.0,3012213,6012213,True,False,87659,16735,5,0,0.43570603715230743,0.5642939628476926,1.3049409000001673,1.3367839999999986,5.9800000000000003e-05,0.14504199999983447,258a8cdea3049d2f823b68edc1acbc8d9cc345ea8d862852292f929cfe394c45,13a6476990bca1880886435fb7850544eff59d431958551c2795d7abf90d9f93,a643f62d82e2a28f903663acade174fee38dbb8daecccea9dfcca80068c57ba8,
final,rossler_n1e5,rossler,Rössler-Willamowski,100000,1.0,threshold_1000,prospective,2,1000.0,105,0,1691,2026-07-12T16:55:26.321480+00:00,0.0022817,4.2225754,True,False,1.0,0.0,3021921,6021921,True,False,12630,42287,3,0,0.048791119114475485,0.9512088808855246,0.17082750000000094,3.970856,3.69e-05,0.08085499999999968,315f25adc7fc00ddf3e74bfaa6be7c6ebfdbd8033424cbb560be823fd5a62209,e909e82d50bad102a4b86889dc261b906a46fc653d157313b668aa8d3551c202,a643f62d82e2a28f903663acade174fee38dbb8daecccea9dfcca80068c57ba8,
final,rossler_n1e5,rossler,Rössler-Willamowski,100000,1.0,threshold_2000,prospective,2,2000.0,105,0,1692,2026-07-12T16:55:30.547149+00:00,0.0033539,5.0539335,True,False,1.0,0.0,3012411,3212411,True,False,1,47560,1,0,5.814888934103369e-05,0.999941851110659,3.32e-05,4.978558699999965,6e-06,0.07533560000003536,08bc44b8dabe0c9205910aeed36c0d08dbbe288c7492a646d30498d52dd18446,da2515c914a144c50e15d45919bc17ebe23e3e2e9569994652217f16245f5741,a643f62d82e2a28f903663acade174fee38dbb8daecccea9dfcca80068c57ba8,
final,rossler_n1e5,rossler,Rössler-Willamowski,100000,1.0,threshold_250,prospective,2,250.0,105,0,1693,2026-07-12T16:55:35.603865+00:00,0.0031447,2.6142144,True,False,1.0,0.0,3024517,5992271,False,False,157596,922,2,12,0.9180775425310745,0.08192245746892554,2.3657346999999556,0.03161460000000003,2.73e-05,0.21683780000004393,d0730e25ecc465e53ffebd0c27b61fd40e086a0e064ef2bcdd9132d357d1c474,026538de70258a8ae8c9aa5ddc8d787bcdbb33933f2a3a61f60349ae0d65cd93,a643f62d82e2a28f903663acade174fee38dbb8daecccea9dfcca80068c57ba8,
final,rossler_n1e5,rossler,Rössler-Willamowski,100000,1.0,threshold_100,prospective,2,100.0,105,0,1694,2026-07-12T16:55:38.221399+00:00,0.0021185,2.6160471,True,False,1.0,0.0,3023848,5809196,False,False,163656,118,2,25,0.9826510443467042,0.01734895565329576,2.3980231999998836,0.0014718,1.15e-05,0.21654060000011643,1215ec65247176b50ea30d2d68015af8b81099cbd45257d20d9a97daa7bfa1e2,5230f7e906ee27472ac4765c60ac406df0934d2f153ec740b98420544713b0fb,a643f62d82e2a28f903663acade174fee38dbb8daecccea9dfcca80068c57ba8,
final,shrinking_n2e6,shrinking,Shrinking,2000000,0.1,threshold_2000,prospective,2,2000.0,106,0,1695,2026-07-12T16:55:40.840319+00:00,0.0017563,0.0575721,True,False,0.1,0.0,100,4000100,True,False,1,2821,1,0,6.082396754594631e-06,0.09999391760324541,1.49e-05,0.05551299999999988,2.4e-06,0.0020418000000001213,623d063f00ea4aa055bc860e300f6d1d8822facf1aea04ac4d497f448f1ef70d,476714e56b441c189f4f32950817227e4bc7556f25172c90330b11a89d681d5e,a643f62d82e2a28f903663acade174fee38dbb8daecccea9dfcca80068c57ba8,
final,shrinking_n2e6,shrinking,Shrinking,2000000,0.1,threshold_250,prospective,2,250.0,106,0,1696,2026-07-12T16:55:40.899505+00:00,0.0019431,0.0425408,True,False,0.1,0.0,90,536452,True,False,3732,1022,1,21,0.020083012515066903,0.0799169874849331,0.03114909999999983,0.00828779999999998,2.5e-06,0.0031014000000001846,cd80c0967166d2311b48ad5f7aa0268d16a29399de513a3c42bfe7d1cb4bf1e6,d95e548dc0ea22020b5cb7a3ce19f62bdbde9770cc4aa02b29f1f8012421e881,a643f62d82e2a28f903663acade174fee38dbb8daecccea9dfcca80068c57ba8,
final,shrinking_n2e6,shrinking,Shrinking,2000000,0.1,threshold_1000,prospective,2,1000.0,106,0,1697,2026-07-12T16:55:40.944569+00:00,0.0020282,0.0570485,True,False,0.1,0.0,100,4000100,True,False,1,2821,1,0,6.082396754594631e-06,0.09999391760324541,1.92e-05,0.05517670000000003,2.9e-06,0.001849699999999975,623d063f00ea4aa055bc860e300f6d1d8822facf1aea04ac4d497f448f1ef70d,476714e56b441c189f4f32950817227e4bc7556f25172c90330b11a89d681d5e,a643f62d82e2a28f903663acade174fee38dbb8daecccea9dfcca80068c57ba8,
final,shrinking_n2e6,shrinking,Shrinking,2000000,0.1,wallclock_timing,wallclock,0,,106,0,1698,2026-07-12T16:55:41.004561+00:00,0.0020934,0.0500305,True,False,0.1,0.0,86,258,False,False,5809,2,2,98,0.09998525751698085,1.4742483019155477e-05,0.04664090000000015,0.0001006,1.17e-05,0.0032772999999998442,c0cb508a3c3061fd0167b02114ddba895f0f64989bdb0c7bd608ce4f8ba749d7,596e07a1b4b35a3a4447302b1d82d0a974e9da5a476e70722b5df4487125a236,a643f62d82e2a28f903663acade174fee38dbb8daecccea9dfcca80068c57ba8,
final,shrinking_n2e6,shrinking,Shrinking,2000000,0.1,threshold_100,prospective,2,100.0,106,0,1699,2026-07-12T16:55:41.056844+00:00,0.0019726,0.0431638,True,False,0.1,0.0,74,86350,True,False,4996,398,1,40,0.03841637987576629,0.06158362012423371,0.03880680000000001,0.0011563,2.5e-06,0.0031981999999999913,efaa68990589723f490eff8a1a3ce23abf409158e6a73cfb656f38d6c12fa221,f8bc08a9a9060917d9ba847da7a7818d33fa88d62ec3fe08e2f6fc388afddd69,a643f62d82e2a28f903663acade174fee38dbb8daecccea9dfcca80068c57ba8,
final,shrinking_n2e6,shrinking,Shrinking,2000000,0.1,threshold_500,prospective,2,500.0,106,0,1700,2026-07-12T16:55:41.101325+00:00,0.0017428,0.0456834,True,False,0.1,0.0,92,2254476,True,False,1569,2057,1,6,0.006236494389487274,0.09376350561051273,0.014832300000000001,0.02845370000000003,3e-06,0.0023943999999999632,693b71d55cb9a06114e86f40f9283421693206aa702f9a93bdeae3a4f3f933f0,16ea693fecb030ee20982fa9ad6ba9ef26614ced1f47ba526edda05cb85c8b7f,a643f62d82e2a28f903663acade174fee38dbb8daecccea9dfcca80068c57ba8,
